TIMESTAMP,TA_F_MDS,TA_F_MDS_QC,TA_F_MDS_NIGHT,TA_F_MDS_NIGHT_SD,TA_F_MDS_NIGHT_QC,TA_F_MDS_DAY,TA_F_MDS_DAY_SD,TA_F_MDS_DAY_QC,TA_ERA,TA_ERA_NIGHT,TA_ERA_NIGHT_SD,TA_ERA_DAY,TA_ERA_DAY_SD,TA_F,TA_F_QC,TA_F_NIGHT,TA_F_NIGHT_SD,TA_F_NIGHT_QC,TA_F_DAY,TA_F_DAY_SD,TA_F_DAY_QC,SW_IN_POT,SW_IN_F_MDS,SW_IN_F_MDS_QC,SW_IN_ERA,SW_IN_F,SW_IN_F_QC,LW_IN_F_MDS,LW_IN_F_MDS_QC,LW_IN_ERA,LW_IN_F,LW_IN_F_QC,LW_IN_JSB,LW_IN_JSB_QC,LW_IN_JSB_ERA,LW_IN_JSB_F,LW_IN_JSB_F_QC,VPD_F_MDS,VPD_F_MDS_QC,VPD_ERA,VPD_F,VPD_F_QC,PA_ERA,PA_F,PA_F_QC,P_ERA,P_F,P_F_QC,WS_ERA,WS_F,WS_F_QC,USTAR,USTAR_QC,NETRAD,NETRAD_QC,PPFD_IN,PPFD_IN_QC,PPFD_OUT,PPFD_OUT_QC,SW_OUT,SW_OUT_QC,LW_OUT,LW_OUT_QC,CO2_F_MDS,CO2_F_MDS_QC,TS_F_MDS_1,TS_F_MDS_1_QC,SWC_F_MDS_1,SWC_F_MDS_1_QC,G_F_MDS,G_F_MDS_QC,LE_F_MDS,LE_F_MDS_QC,LE_CORR,LE_RANDUNC,H_F_MDS,H_F_MDS_QC,H_CORR,H_RANDUNC,EBC_CF_N,EBC_CF_METHOD,NIGHT_D,DAY_D,NIGHT_RANDUNC_N,DAY_RANDUNC_N,NEE_CUT_REF,NEE_VUT_REF,NEE_CUT_REF_QC,NEE_VUT_REF_QC,NEE_CUT_REF_RANDUNC,NEE_VUT_REF_RANDUNC,NEE_CUT_REF_JOINTUNC,NEE_VUT_REF_JOINTUNC,NEE_CUT_USTAR50,NEE_VUT_USTAR50,NEE_CUT_USTAR50_QC,NEE_VUT_USTAR50_QC,NEE_CUT_USTAR50_RANDUNC,NEE_VUT_USTAR50_RANDUNC,NEE_CUT_USTAR50_JOINTUNC,NEE_VUT_USTAR50_JOINTUNC,NEE_CUT_MEAN,NEE_VUT_MEAN,NEE_CUT_MEAN_QC,NEE_VUT_MEAN_QC,NEE_CUT_SE,NEE_VUT_SE,NEE_CUT_05,NEE_CUT_16,NEE_CUT_25,NEE_CUT_50,NEE_CUT_75,NEE_CUT_84,NEE_CUT_95,NEE_VUT_05,NEE_VUT_16,NEE_VUT_25,NEE_VUT_50,NEE_VUT_75,NEE_VUT_84,NEE_VUT_95,NEE_CUT_05_QC,NEE_CUT_16_QC,NEE_CUT_25_QC,NEE_CUT_50_QC,NEE_CUT_75_QC,NEE_CUT_84_QC,NEE_CUT_95_QC,NEE_VUT_05_QC,NEE_VUT_16_QC,NEE_VUT_25_QC,NEE_VUT_50_QC,NEE_VUT_75_QC,NEE_VUT_84_QC,NEE_VUT_95_QC,NEE_CUT_REF_NIGHT,NEE_VUT_REF_NIGHT,NEE_CUT_REF_NIGHT_SD,NEE_VUT_REF_NIGHT_SD,NEE_CUT_REF_NIGHT_QC,NEE_VUT_REF_NIGHT_QC,NEE_CUT_REF_NIGHT_RANDUNC,NEE_VUT_REF_NIGHT_RANDUNC,NEE_CUT_REF_NIGHT_JOINTUNC,NEE_VUT_REF_NIGHT_JOINTUNC,NEE_CUT_REF_DAY,NEE_VUT_REF_DAY,NEE_CUT_REF_DAY_SD,NEE_VUT_REF_DAY_SD,NEE_CUT_REF_DAY_QC,NEE_VUT_REF_DAY_QC,NEE_CUT_REF_DAY_RANDUNC,NEE_VUT_REF_DAY_RANDUNC,NEE_CUT_REF_DAY_JOINTUNC,NEE_VUT_REF_DAY_JOINTUNC,NEE_CUT_USTAR50_NIGHT,NEE_VUT_USTAR50_NIGHT,NEE_CUT_USTAR50_NIGHT_SD,NEE_VUT_USTAR50_NIGHT_SD,NEE_CUT_USTAR50_NIGHT_QC,NEE_VUT_USTAR50_NIGHT_QC,NEE_CUT_USTAR50_NIGHT_RANDUNC,NEE_VUT_USTAR50_NIGHT_RANDUNC,NEE_CUT_USTAR50_NIGHT_JOINTUNC,NEE_VUT_USTAR50_NIGHT_JOINTUNC,NEE_CUT_USTAR50_DAY,NEE_VUT_USTAR50_DAY,NEE_CUT_USTAR50_DAY_SD,NEE_VUT_USTAR50_DAY_SD,NEE_CUT_USTAR50_DAY_QC,NEE_VUT_USTAR50_DAY_QC,NEE_CUT_USTAR50_DAY_RANDUNC,NEE_VUT_USTAR50_DAY_RANDUNC,NEE_CUT_USTAR50_DAY_JOINTUNC,NEE_VUT_USTAR50_DAY_JOINTUNC,NEE_CUT_05_NIGHT,NEE_CUT_16_NIGHT,NEE_CUT_25_NIGHT,NEE_CUT_50_NIGHT,NEE_CUT_75_NIGHT,NEE_CUT_84_NIGHT,NEE_CUT_95_NIGHT,NEE_VUT_05_NIGHT,NEE_VUT_16_NIGHT,NEE_VUT_25_NIGHT,NEE_VUT_50_NIGHT,NEE_VUT_75_NIGHT,NEE_VUT_84_NIGHT,NEE_VUT_95_NIGHT,NEE_CUT_05_NIGHT_QC,NEE_CUT_16_NIGHT_QC,NEE_CUT_25_NIGHT_QC,NEE_CUT_50_NIGHT_QC,NEE_CUT_75_NIGHT_QC,NEE_CUT_84_NIGHT_QC,NEE_CUT_95_NIGHT_QC,NEE_VUT_05_NIGHT_QC,NEE_VUT_16_NIGHT_QC,NEE_VUT_25_NIGHT_QC,NEE_VUT_50_NIGHT_QC,NEE_VUT_75_NIGHT_QC,NEE_VUT_84_NIGHT_QC,NEE_VUT_95_NIGHT_QC,NEE_CUT_05_DAY,NEE_CUT_16_DAY,NEE_CUT_25_DAY,NEE_CUT_50_DAY,NEE_CUT_75_DAY,NEE_CUT_84_DAY,NEE_CUT_95_DAY,NEE_VUT_05_DAY,NEE_VUT_16_DAY,NEE_VUT_25_DAY,NEE_VUT_50_DAY,NEE_VUT_75_DAY,NEE_VUT_84_DAY,NEE_VUT_95_DAY,NEE_CUT_05_DAY_QC,NEE_CUT_16_DAY_QC,NEE_CUT_25_DAY_QC,NEE_CUT_50_DAY_QC,NEE_CUT_75_DAY_QC,NEE_CUT_84_DAY_QC,NEE_CUT_95_DAY_QC,NEE_VUT_05_DAY_QC,NEE_VUT_16_DAY_QC,NEE_VUT_25_DAY_QC,NEE_VUT_50_DAY_QC,NEE_VUT_75_DAY_QC,NEE_VUT_84_DAY_QC,NEE_VUT_95_DAY_QC,RECO_NT_VUT_REF,RECO_NT_VUT_USTAR50,RECO_NT_VUT_MEAN,RECO_NT_VUT_SE,RECO_NT_VUT_05,RECO_NT_VUT_16,RECO_NT_VUT_25,RECO_NT_VUT_50,RECO_NT_VUT_75,RECO_NT_VUT_84,RECO_NT_VUT_95,RECO_NT_CUT_REF,RECO_NT_CUT_USTAR50,RECO_NT_CUT_MEAN,RECO_NT_CUT_SE,RECO_NT_CUT_05,RECO_NT_CUT_16,RECO_NT_CUT_25,RECO_NT_CUT_50,RECO_NT_CUT_75,RECO_NT_CUT_84,RECO_NT_CUT_95,GPP_NT_VUT_REF,GPP_NT_VUT_USTAR50,GPP_NT_VUT_MEAN,GPP_NT_VUT_SE,GPP_NT_VUT_05,GPP_NT_VUT_16,GPP_NT_VUT_25,GPP_NT_VUT_50,GPP_NT_VUT_75,GPP_NT_VUT_84,GPP_NT_VUT_95,GPP_NT_CUT_REF,GPP_NT_CUT_USTAR50,GPP_NT_CUT_MEAN,GPP_NT_CUT_SE,GPP_NT_CUT_05,GPP_NT_CUT_16,GPP_NT_CUT_25,GPP_NT_CUT_50,GPP_NT_CUT_75,GPP_NT_CUT_84,GPP_NT_CUT_95,RECO_DT_VUT_REF,RECO_DT_VUT_USTAR50,RECO_DT_VUT_MEAN,RECO_DT_VUT_SE,RECO_DT_VUT_05,RECO_DT_VUT_16,RECO_DT_VUT_25,RECO_DT_VUT_50,RECO_DT_VUT_75,RECO_DT_VUT_84,RECO_DT_VUT_95,RECO_DT_CUT_REF,RECO_DT_CUT_USTAR50,RECO_DT_CUT_MEAN,RECO_DT_CUT_SE,RECO_DT_CUT_05,RECO_DT_CUT_16,RECO_DT_CUT_25,RECO_DT_CUT_50,RECO_DT_CUT_75,RECO_DT_CUT_84,RECO_DT_CUT_95,GPP_DT_VUT_REF,GPP_DT_VUT_USTAR50,GPP_DT_VUT_MEAN,GPP_DT_VUT_SE,GPP_DT_VUT_05,GPP_DT_VUT_16,GPP_DT_VUT_25,GPP_DT_VUT_50,GPP_DT_VUT_75,GPP_DT_VUT_84,GPP_DT_VUT_95,GPP_DT_CUT_REF,GPP_DT_CUT_USTAR50,GPP_DT_CUT_MEAN,GPP_DT_CUT_SE,GPP_DT_CUT_05,GPP_DT_CUT_16,GPP_DT_CUT_25,GPP_DT_CUT_50,GPP_DT_CUT_75,GPP_DT_CUT_84,GPP_DT_CUT_95,RECO_SR,RECO_SR_N
200401,-9999,-9999,-9999,-9999,-9999,-9999,-9999,-9999,7.029,5.448,2.77,9.208,2.177,7.029,0.0,5.448,2.77,0.0,9.208,2.177,0.0,187.375,-9999,-9999,24.8,24.8,0.0,-9999,-9999,290.611,290.611,0.0,-9999,-9999,286.765,286.765,0.0,-9999,-9999,6.275,6.275,0.0,98.558,98.558,0.0,0.08,0.08,0.0,2.38,2.38,0.0,-9999,-9999,-9999,-9999,-9999,-9999,-9999,-9999,-9999,-9999,-9999,-9999,-9999,-9999,-9999,-9999,-9999,-9999,-9999,-9999,119.328,0.0,163.953,-9999,35.0564,0.0,48.1666,-9999,2.0,3,27.8387,20.1613,0.0,0.0,-7.3408,-7.17851,0.0,0.0,-9999,-9999,-9999,-9999,-7.25291,-7.17851,0.0,0.0,-9999,-9999,-9999,-9999,-7.35466,-7.26596,0.0,0.0,0.0881509,0.0760984,-8.51284,-8.0799,-7.50638,-7.37557,-7.23562,-6.60926,-6.4366,-8.31948,-7.50638,-7.47053,-7.37557,-7.17851,-6.60926,-6.4366,0.0,0.0,0.0,0.0,0.0,0.0,0.0,0.0,0.0,0.0,0.0,0.0,0.0,0.0,5.0858,5.24538,6.29979,5.75122,0.0,0.0,-9999,-9999,-9999,-9999,-23.8644,-23.7168,6.48271,6.6016,0.0,0.0,-9999,-9999,-9999,-9999,5.17582,5.24538,5.46923,5.75122,0.0,0.0,-9999,-9999,-9999,-9999,-23.7922,-23.7168,6.57809,6.6016,0.0,0.0,-9999,-9999,-9999,-9999,4.1128,4.81043,4.91194,5.0858,5.23555,5.56425,6.09843,4.08983,4.14107,4.5928,5.08669,5.24538,5.56425,6.09543,0.0,0.0,0.0,0.0,0.0,0.0,0.0,0.0,0.0,0.0,0.0,0.0,0.0,0.0,-25.4915,-25.4915,-24.3313,-23.7922,-23.7168,-23.2609,-22.8533,-25.4915,-23.8644,-23.7922,-23.7168,-22.8533,-22.799,-22.7752,0.0,0.0,0.0,0.0,0.0,0.0,0.0,0.0,0.0,0.0,0.0,0.0,0.0,0.0,5.22778,5.22778,5.38696,0.200527,4.09386,4.1909,4.66726,5.18817,5.4022,6.85584,8.34561,5.33766,5.06937,5.63858,0.190012,4.53352,4.72727,4.85519,5.22778,5.5487,6.76373,8.34561,12.4063,12.4063,12.6529,0.156158,11.3784,11.6132,12.0573,12.4063,12.9173,13.7423,14.6742,12.7394,12.3223,12.9932,0.151896,12.0573,12.1748,12.2149,12.482,13.5228,14.4364,14.7813,5.94293,5.31623,6.00785,0.219324,4.7225,5.0025,5.23072,5.64376,6.21786,8.0411,8.05054,5.23571,5.23571,5.39016,0.157157,2.77659,4.97681,5.02982,5.26491,6.11621,6.17082,6.224,1.21838,1.19168,1.54949,0.0624573,1.14182,1.1534,1.18712,1.37355,1.93536,2.00746,2.05745,1.19063,1.14305,1.43981,0.053552,1.13847,1.14305,1.1534,1.30538,1.80937,1.91106,1.9929,-9999,-9999
200402,-9999,-9999,-9999,-9999,-9999,-9999,-9999,-9999,5.709,4.63,1.735,6.967,1.227,5.709,0.0,4.63,1.735,0.0,6.967,1.227,0.0,249.121,-9999,-9999,31.963,31.963,0.0,-9999,-9999,298.988,298.988,0.0,-9999,-9999,299.532,299.532,0.0,-9999,-9999,5.686,5.686,0.0,98.569,98.569,0.0,2.619,2.619,0.0,2.008,2.008,0.0,-9999,-9999,-9999,-9999,-9999,-9999,-9999,-9999,-9999,-9999,-9999,-9999,-9999,-9999,-9999,-9999,-9999,-9999,-9999,-9999,119.862,0.0,155.82,-9999,34.8922,0.0,45.3596,-9999,3.0,3,25.8621,22.1379,0.0,0.0,-7.35659,-7.19863,0.0,0.0,-9999,-9999,-9999,-9999,-7.26959,-7.19863,0.0,0.0,-9999,-9999,-9999,-9999,-7.37485,-7.2886,0.0,0.0,0.0876099,0.0757004,-8.51888,-8.10018,-7.52212,-7.39559,-7.25173,-6.63407,-6.4686,-8.33654,-7.52605,-7.50069,-7.39559,-7.19863,-6.63407,-6.4686,0.0,0.0,0.0,0.0,0.0,0.0,0.0,0.0,0.0,0.0,0.0,0.0,0.0,0.0,6.1373,6.19087,4.95085,4.62991,0.0,0.0,-9999,-9999,-9999,-9999,-22.5436,-22.2788,7.82698,8.03803,0.0,0.0,-9999,-9999,-9999,-9999,6.11236,6.19087,4.31724,4.62991,0.0,0.0,-9999,-9999,-9999,-9999,-22.3366,-22.2788,8.063,8.03803,0.0,0.0,-9999,-9999,-9999,-9999,4.82964,5.84084,5.84101,6.1373,6.27972,6.4897,7.09722,4.80197,4.8857,5.46083,6.09688,6.19087,6.4897,7.09351,0.0,0.0,0.0,0.0,0.0,0.0,0.0,0.0,0.0,0.0,0.0,0.0,0.0,0.0,-24.461,-24.2681,-22.9593,-22.3366,-22.2788,-21.8671,-21.4495,-24.4453,-22.5436,-22.3366,-22.2788,-21.4983,-21.2936,-21.2668,0.0,0.0,0.0,0.0,0.0,0.0,0.0,0.0,0.0,0.0,0.0,0.0,0.0,0.0,4.95304,4.95304,5.09193,0.193553,3.90847,4.02949,4.30931,4.87373,5.0446,6.6139,7.94383,5.06307,4.74251,5.28813,0.186811,4.29929,4.36374,4.46709,4.95304,5.2665,6.513,7.94383,12.1517,12.1517,12.3805,0.148021,11.2259,11.4834,11.7756,12.1255,12.6543,13.4135,14.3081,12.4844,12.0121,12.663,0.145666,11.7211,11.8506,11.8794,12.1991,13.161,13.9002,14.4124,5.81456,5.2014,5.85827,0.220302,4.62049,4.86931,5.11773,5.52185,6.08355,7.86741,7.87664,5.12261,5.12261,5.21921,0.168045,2.10554,4.73478,4.86931,5.15119,5.9841,6.01524,6.08955,1.5772,1.54257,2.01196,0.0822394,1.47702,1.492,1.53658,1.77637,2.51459,2.61539,2.68761,1.5408,1.47863,1.86683,0.0702938,1.4726,1.47863,1.492,1.68727,2.35137,2.48254,2.59754,-9999,-9999
200403,-9999,-9999,-9999,-9999,-9999,-9999,-9999,-9999,6.505,5.272,1.976,7.703,1.769,6.505,0.0,5.272,1.976,0.0,7.703,1.769,0.0,332.227,-9999,-9999,48.339,48.339,0.0,-9999,-9999,308.519,308.519,0.0,-9999,-9999,314.056,314.056,0.0,-9999,-9999,5.741,5.741,0.0,98.569,98.569,0.0,4.119,4.119,0.0,2.577,2.577,0.0,-9999,-9999,-9999,-9999,-9999,-9999,-9999,-9999,-9999,-9999,-9999,-9999,-9999,-9999,-9999,-9999,-9999,-9999,9.60088,0.0,119.328,0.0,142.723,-9999,35.0564,0.0,41.9295,-9999,3.0,3,23.4516,24.5484,0.0,0.0,-7.3408,-7.17851,0.0,0.0,-9999,-9999,-9999,-9999,-7.25291,-7.17851,0.0,0.0,-9999,-9999,-9999,-9999,-7.35466,-7.26596,0.0,0.0,0.0881509,0.0760984,-8.51284,-8.0799,-7.50638,-7.37557,-7.23562,-6.60926,-6.4366,-8.31948,-7.50638,-7.47053,-7.37557,-7.17851,-6.60926,-6.4366,0.0,0.0,0.0,0.0,0.0,0.0,0.0,0.0,0.0,0.0,0.0,0.0,0.0,0.0,7.2515,7.13276,2.6616,3.25549,0.0,0.0,-9999,-9999,-9999,-9999,-20.7644,-20.3484,9.47874,9.80584,0.0,0.0,-9999,-9999,-9999,-9999,7.01438,7.13276,2.88801,3.25549,0.0,0.0,-9999,-9999,-9999,-9999,-20.3759,-20.3484,9.86208,9.80584,0.0,0.0,-9999,-9999,-9999,-9999,5.45222,6.74977,6.85587,7.04848,7.37868,7.43356,8.29959,5.42491,5.52006,6.65169,7.02971,7.13276,7.43356,8.29959,0.0,0.0,0.0,0.0,0.0,0.0,0.0,0.0,0.0,0.0,0.0,0.0,0.0,0.0,-22.613,-22.0373,-21.1519,-20.3759,-20.3484,-20.1145,-19.5117,-22.5843,-20.7698,-20.3759,-20.3484,-19.7243,-19.2721,-19.2526,0.0,0.0,0.0,0.0,0.0,0.0,0.0,0.0,0.0,0.0,0.0,0.0,0.0,0.0,5.11959,5.11959,5.27062,0.197707,4.02085,4.12731,4.52182,5.06427,5.24984,6.76048,8.1874,5.22953,4.94051,5.50023,0.188639,4.46662,4.58164,4.68258,5.11959,5.43757,6.66493,8.1874,12.2981,12.2981,12.5366,0.152796,11.3072,11.5496,11.9182,12.2981,12.8059,13.5944,14.5175,12.6312,12.1934,12.8549,0.149077,11.9182,12.0406,12.0619,12.3628,13.3712,14.1987,14.624,5.89214,5.2708,5.94846,0.219789,4.68214,4.93428,5.18601,5.59552,6.16472,7.97238,7.98173,5.19096,5.19096,5.3219,0.161633,2.49461,4.91843,4.93445,5.21992,6.06394,6.0976,6.1708,2.33888,2.28799,2.94373,0.112983,2.19743,2.2197,2.27966,2.64547,3.66817,3.7693,3.82872,2.28802,2.19968,2.74887,0.0979285,2.19139,2.19968,2.2197,2.519,3.42694,3.62451,3.73648,-9999,-9999
200404,-9999,-9999,-9999,-9999,-9999,-9999,-9999,-9999,8.837,7.074,1.91,10.182,2.195,8.837,0.0,7.074,1.91,0.0,10.182,2.195,0.0,410.484,-9999,-9999,70.172,70.172,0.0,-9999,-9999,308.553,308.553,0.0,-9999,-9999,314.107,314.107,0.0,-9999,-9999,6.057,6.057,0.0,98.537,98.537,0.0,5.332,5.332,0.0,2.42,2.42,0.0,-9999,-9999,-9999,-9999,-9999,-9999,-9999,-9999,-9999,-9999,-9999,-9999,-9999,-9999,-9999,-9999,-9999,-9999,9.55973,0.0,119.586,0.0,143.138,-9999,34.9771,0.0,41.8659,-9999,3.0,3,20.8,27.2,0.0,0.0,-7.34843,-7.18824,0.0,0.0,-9999,-9999,-9999,-9999,-7.26098,-7.18824,0.0,0.0,-9999,-9999,-9999,-9999,-7.36442,-7.2769,0.0,0.0,0.0878885,0.0759046,-8.51576,-8.0897,-7.51399,-7.38524,-7.24341,-6.62126,-6.45207,-8.32772,-7.51399,-7.48511,-7.38524,-7.18824,-6.62126,-6.45207,0.0,0.0,0.0,0.0,0.0,0.0,0.0,0.0,0.0,0.0,0.0,0.0,0.0,0.0,7.89716,7.9041,1.51868,2.16419,0.0,0.0,-9999,-9999,-9999,-9999,-18.5512,-18.2828,11.4325,11.3761,0.0,0.0,-9999,-9999,-9999,-9999,7.79677,7.9041,1.5396,2.16419,0.0,0.0,-9999,-9999,-9999,-9999,-18.324,-18.2828,11.3927,11.3761,0.0,0.0,-9999,-9999,-9999,-9999,5.7789,7.52067,7.69169,7.83579,8.18602,8.32769,9.39367,5.7512,5.85707,7.46285,7.79677,7.9041,8.18934,9.39367,0.0,0.0,0.0,0.0,0.0,0.0,0.0,0.0,0.0,0.0,0.0,0.0,0.0,0.0,-20.6424,-19.7896,-18.9621,-18.324,-18.2828,-18.2073,-17.498,-20.3763,-18.7453,-18.324,-18.2828,-17.7362,-17.1402,-17.1171,0.0,0.0,0.0,0.0,0.0,0.0,0.0,0.0,0.0,0.0,0.0,0.0,0.0,0.0,5.59943,5.59943,5.78007,0.21166,4.35063,4.43711,5.12855,5.59943,5.89599,7.20277,8.89688,5.71043,5.49583,6.09446,0.197155,4.77508,5.18377,5.37763,5.59943,5.9325,7.12096,8.89688,12.7877,12.7877,13.057,0.168694,11.6442,11.8596,12.5138,12.7877,13.3116,14.2334,15.2368,13.1216,12.7568,13.4589,0.162624,12.3819,12.621,12.6978,12.8867,14.0248,15.1642,15.3358,6.13697,5.48981,6.22529,0.221566,4.87669,5.35319,5.4015,5.82803,6.42087,8.30364,8.31339,5.40665,5.40665,5.62328,0.151039,3.3932,5.1393,5.34416,5.43832,6.31591,6.42087,6.44211,3.35016,3.27772,4.17823,0.153324,3.15456,3.1865,3.26633,3.80036,5.19079,5.29376,5.34498,3.28036,3.15763,3.91861,0.134239,3.14641,3.15763,3.1865,3.62482,4.85033,5.13623,5.2765,-9999,-9999
200405,-9999,-9999,-9999,-9999,-9999,-9999,-9999,-9999,12.223,10.498,1.616,13.313,2.114,12.223,0.0,10.498,1.616,0.0,13.313,2.114,0.0,464.208,-9999,-9999,79.232,79.232,0.0,-9999,-9999,325.124,325.124,0.0,-9999,-9999,339.36,339.36,0.0,-9999,-9999,6.205,6.205,0.0,98.542,98.542,0.0,4.344,4.344,0.0,2.111,2.111,0.0,-9999,-9999,-9999,-9999,-9999,-9999,-9999,-9999,-9999,-9999,-9999,-9999,-9999,-9999,-9999,-9999,-9999,-9999,9.55071,0.0,119.354,0.0,127.049,-9999,34.9447,0.0,37.1976,-9999,1.0,2,18.7097,29.2903,0.0,0.0,-7.35047,-7.19496,0.0,0.0,-9999,-9999,-9999,-9999,-7.26364,-7.19496,0.0,0.0,-9999,-9999,-9999,-9999,-7.36945,-7.28212,0.0,0.0,0.0877944,0.0757903,-8.51722,-8.09762,-7.516,-7.39113,-7.24552,-6.62767,-6.46091,-8.33366,-7.51696,-7.48777,-7.39113,-7.19496,-6.62767,-6.46091,0.0,0.0,0.0,0.0,0.0,0.0,0.0,0.0,0.0,0.0,0.0,0.0,0.0,0.0,8.07719,7.96566,1.24415,1.75465,0.0,0.0,-9999,-9999,-9999,-9999,-16.7829,-16.4708,12.8159,12.8654,0.0,0.0,-9999,-9999,-9999,-9999,8.03236,7.96566,1.25285,1.75465,0.0,0.0,-9999,-9999,-9999,-9999,-16.6171,-16.4708,12.6601,12.8654,0.0,0.0,-9999,-9999,-9999,-9999,5.9372,7.71402,7.96566,8.07719,8.50935,8.97618,9.67382,5.93291,6.04985,7.65338,7.96566,8.39808,8.7401,9.67382,0.0,0.0,0.0,0.0,0.0,0.0,0.0,0.0,0.0,0.0,0.0,0.0,0.0,0.0,-19.0266,-18.0982,-17.2312,-16.6171,-16.4708,-16.4052,-15.9693,-18.7534,-17.0489,-16.6171,-16.4708,-16.0913,-15.6265,-15.5903,0.0,0.0,0.0,0.0,0.0,0.0,0.0,0.0,0.0,0.0,0.0,0.0,0.0,0.0,6.29863,6.29863,6.5286,0.233858,4.76685,4.87908,6.04953,6.29863,6.64733,7.82819,9.92307,6.40986,6.32064,6.97897,0.212449,5.21297,6.0907,6.23408,6.40986,6.86608,8.46632,9.92307,13.4936,13.4936,13.8107,0.194314,12.1145,12.3423,13.4005,13.5837,14.0385,15.1829,16.2626,13.8266,13.5843,14.3484,0.186049,12.8279,13.4796,13.5655,13.8266,14.9984,16.2626,16.4419,6.47418,5.79146,6.61533,0.222452,5.14466,5.64734,5.69877,6.19107,6.77369,8.75992,8.7702,5.70374,5.70374,6.06388,0.136675,5.05812,5.4217,5.69096,5.79146,6.66296,6.77369,6.92455,3.80398,3.72153,4.75736,0.177057,3.57887,3.61512,3.70838,4.31039,5.91634,6.04813,6.10662,3.72343,3.58243,4.45597,0.154612,3.5694,3.58243,3.61512,4.10853,5.52942,5.85317,6.01545,-9999,-9999
200406,18.64,0.700694,17.087,2.669,0.701852,19.514,3.002,0.7,20.128,17.907,1.916,21.399,2.482,19.295,0.700694,17.288,1.805,0.701852,20.442,2.533,0.7,485.865,274.814,0.573611,93.389,193.122,0.573611,369.234,0.572917,351.161,353.747,0.572917,363.242,0.573611,379.039,369.287,0.573611,9.701,0.700694,7.497,9.56,0.700694,98.559,98.881,0.566667,0.713,0.291,0.633333,2.078,2.232,0.566667,-9999,-9999,178.58210784313724,0.5666666666666667,544.3945433823528,0.5666666666666667,17.89338235294118,0.5666666666666667,35.432598039215684,0.5666666666666667,412.36887254901967,0.5666666666666667,365.525,0.566667,20.332,0.629167,18.927,0.572917,5.76256,0.572917,124.575,0.569444,132.606,1.44055,35.6311,0.569444,37.9282,0.719106,0.563194,1,17.5,30.5,6.63333,16.6,-6.32924,-6.12143,0.50625,0.554861,0.239118,0.241493,0.431455,0.476512,-6.17177,-6.13749,0.511806,0.555556,0.234289,0.245709,0.428797,0.478662,-6.32413,-6.35424,0.522899,0.539219,0.0568861,0.0594642,-7.10214,-6.78284,-6.45252,-6.33363,-6.15911,-6.06458,-5.71861,-7.02846,-6.86195,-6.72675,-6.33366,-6.13939,-6.04038,-5.71948,0.469444,0.480556,0.505556,0.542361,0.555556,0.564583,0.559028,0.470833,0.565972,0.565972,0.540278,0.554861,0.564583,0.559028,8.33638,8.17189,0.869171,0.975571,0.478431,0.579521,0.286306,0.334057,0.733475,1.29845,-14.4025,-13.9925,13.7335,13.7793,0.523369,0.540789,0.294522,0.295818,0.687581,0.442892,8.31891,8.171,0.863186,0.975789,0.478431,0.579521,0.286463,0.333906,0.733536,1.29842,-14.1543,-14.0159,13.6817,13.8041,0.532007,0.541864,0.294527,0.300885,0.687583,0.446292,6.75678,7.84855,8.11935,8.33638,8.73983,9.19912,9.21548,6.15818,6.23034,7.80482,8.1972,8.57623,8.73983,9.20227,0.583333,0.57963,0.579521,0.478431,0.47451,0.57963,0.57963,0.583333,0.583333,0.549346,0.579521,0.581481,0.47451,0.57963,-15.8459,-15.2586,-14.6049,-14.1543,-14.0378,-14.0159,-13.9279,-15.8147,-14.6049,-14.2567,-14.0328,-13.9782,-13.9457,-13.87,0.471362,0.493047,0.522294,0.532007,0.550502,0.541864,0.550502,0.473513,0.522294,0.529857,0.54509,0.555914,0.554839,0.551613,8.27907,8.27907,8.40147,0.215192,6.15895,6.27893,8.11879,8.61667,9.31485,9.49996,10.6867,8.44979,8.67358,9.13452,0.182162,6.66309,8.27907,8.58887,8.72748,9.50061,10.6827,10.7415,14.4166,14.4166,14.7557,0.181014,12.9444,13.0694,14.3741,14.8307,15.3943,16.2713,16.4501,14.8033,14.8454,15.4587,0.186568,13.2474,14.4185,14.8312,15.0567,16.2574,16.3666,16.5273,7.10322,6.62856,7.19172,0.119752,6.0552,6.40548,6.57332,7.15518,7.83287,8.01045,8.20278,6.58672,6.58672,7.18562,0.1622,6.04535,6.24519,6.55396,6.91374,7.57038,7.89321,8.20067,8.93832,8.87688,9.89116,0.165483,8.69815,8.74512,8.85974,9.63653,10.8495,11.0432,11.2837,8.95939,8.77811,9.74543,0.17312,8.69815,8.74512,8.77811,9.3746,10.7569,11.0362,11.4749,-9999,-9999
200407,21.545,1.0,19.716,1.544,1.0,22.672,2.35,1.0,22.102,20.164,1.666,23.302,2.211,21.545,1.0,19.716,1.544,1.0,22.672,2.35,1.0,473.253,248.331,0.99664,93.493,246.996,0.99664,379.795,1.0,362.296,379.795,1.0,392.959,0.99664,396.008,392.839,0.99664,11.524,1.0,7.425,11.524,1.0,98.553,98.83,1.0,0.199,2.292,1.0,2.026,2.491,1.0,0.31012737643617844,0.991263440860215,170.57190860215056,1.0,499.30442056451614,1.0,16.93548387096774,1.0,31.68212365591398,1.0,425.8756720430107,1.0,355.077,1.0,21.579,1.0,19.833,1.0,4.12432,1.0,123.949,0.995968,141.852,1.57989,21.3092,0.995968,24.3872,0.519337,0.992608,1,18.2581,29.7419,18.2581,29.7419,-4.39062,-4.3209,0.977823,0.987903,0.116818,0.12429,0.213988,0.518127,-4.22383,-4.33412,0.979167,0.987903,0.118358,0.123706,0.214832,0.517987,-4.45719,-4.57975,0.977369,0.984493,0.0350484,0.0603548,-5.07018,-4.63619,-4.5834,-4.42911,-4.3072,-4.27762,-4.2138,-5.44437,-5.29831,-4.64556,-4.47761,-4.3308,-4.29231,-4.22849,0.891129,0.952957,0.966398,0.989247,0.988575,0.987903,0.981183,0.997984,0.997312,0.967742,0.989919,0.988575,0.983871,0.981183,9.42682,9.42806,1.33075,1.73609,0.978345,1.0,0.143687,0.16771,0.341924,1.13846,-12.5883,-12.489,13.7936,13.7583,0.977145,0.980482,0.159825,0.163598,0.22058,0.218241,9.70885,9.4098,1.47453,1.7395,0.981835,1.0,0.148258,0.166389,0.34387,1.13826,-12.5051,-12.4987,13.8566,13.7422,0.977145,0.98052,0.159997,0.163035,0.220704,0.217818,8.55821,8.9654,9.07405,9.4098,9.50362,9.58594,9.69532,7.05264,7.24354,8.71362,9.39661,9.45799,9.49561,9.6941,1.0,1.0,1.0,1.0,0.976447,0.981835,0.98523,1.0,1.0,1.0,1.0,0.978345,0.976447,0.990512,-12.8225,-12.7728,-12.7305,-12.5296,-12.4799,-12.4688,-12.4445,-12.7914,-12.76,-12.7305,-12.5214,-12.4806,-12.4711,-12.4465,0.950562,0.972877,0.962258,0.977145,0.978258,0.979442,0.983785,0.9967,0.971836,0.962258,0.981632,0.981632,0.977217,0.980482,10.2592,10.2592,9.70851,0.172996,7.41259,7.60489,9.25129,10.2443,10.409,10.5041,10.6088,10.4245,10.4735,10.1863,0.0900526,8.93501,9.77174,10.1416,10.2914,10.4779,10.5462,10.7615,14.6076,14.5934,14.2883,0.119117,12.857,12.905,13.8603,14.5771,14.7326,14.8573,15.1177,14.6329,14.6973,14.6435,0.0741014,13.5618,14.2009,14.5739,14.6691,14.915,15.1005,15.2065,11.2862,10.344,10.0961,0.150788,8.20068,8.77321,9.69005,10.3418,10.5027,10.7445,11.4169,10.4065,10.3884,10.4176,0.110634,8.95674,10.0889,10.1285,10.3886,10.6603,11.0632,11.6564,14.9676,14.5268,14.4947,0.0837945,13.4431,13.7124,14.4211,14.6014,14.7424,14.94,15.1355,14.7582,14.7426,14.7184,0.0625333,13.7686,14.5136,14.5389,14.6693,14.8035,15.0266,15.4823,-9999,-9999
200408,21.275,1.0,19.407,2.037,1.0,22.605,2.794,1.0,24.267,22.429,1.945,25.575,2.156,21.275,1.0,19.407,2.037,1.0,22.605,2.794,1.0,427.963,223.371,1.0,82.561,223.371,1.0,361.737,1.0,372.143,361.737,1.0,404.146,1.0,411.014,404.146,1.0,7.418,1.0,7.951,7.418,1.0,98.542,99.013,1.0,0.499,4.856,1.0,2.158,2.545,1.0,0.3019713648388652,0.9327956989247312,143.7284946236559,1.0,436.54492016129035,1.0,15.327956989247312,1.0,27.397849462365592,1.0,413.09341397849465,1.0,360.138,0.998656,20.144,0.998656,23.215,1.0,1.83686,0.99664,106.155,0.985215,113.093,1.15216,24.8621,0.995296,26.4868,0.515526,0.971102,1,20.0,28.0,20.0,28.0,-3.31733,-3.36109,0.932796,0.948925,0.101844,0.104901,0.211823,0.348751,-3.21835,-3.36309,0.939516,0.949597,0.100188,0.104014,0.211032,0.348485,-3.39127,-3.46452,0.934526,0.948169,0.0268259,0.0406339,-3.70755,-3.57488,-3.51172,-3.34892,-3.27339,-3.20341,-3.18547,-4.05126,-3.91369,-3.58588,-3.36109,-3.29365,-3.24849,-3.18701,0.905914,0.923387,0.854167,0.948925,0.951613,0.945565,0.94422,0.984543,0.986559,0.967742,0.948925,0.93414,0.935484,0.942876,7.79189,7.42565,1.49118,1.67571,0.937477,0.952494,0.114194,0.130049,0.27283,1.06023,-10.9644,-10.7838,11.0997,11.0565,0.9289,0.946238,0.14489,0.146324,0.410187,0.379024,7.74979,7.42565,1.37979,1.67571,0.944183,0.952494,0.113945,0.129442,0.272726,1.06016,-10.7742,-10.787,11.0752,11.0535,0.935818,0.94735,0.144113,0.144862,0.409913,0.378462,6.67491,7.29632,7.40715,7.64605,7.76102,7.79189,7.84335,5.35989,5.67964,7.1701,7.42565,7.65653,7.78409,7.80324,0.956435,0.949099,0.954192,0.907256,0.929242,0.937477,0.939175,0.990137,0.993532,0.942307,0.952494,0.929242,0.945881,0.891095,-11.3892,-11.3178,-11.2017,-10.7838,-10.7154,-10.5503,-10.4825,-11.3979,-11.1664,-10.9318,-10.7502,-10.5023,-10.4671,-10.443,0.902824,0.906241,0.920701,0.946238,0.942696,0.960453,0.963872,0.903976,0.921856,0.931204,0.940514,0.971903,0.966137,0.980101,7.55609,7.55609,7.51405,0.148925,5.59149,5.89481,7.31748,7.55609,8.22791,8.41311,8.67245,8.18477,8.13856,7.97941,0.0953611,6.78274,7.46122,7.51336,8.18477,8.39136,8.5462,8.67245,10.9307,10.9192,10.9786,0.121864,9.64275,9.8085,10.5938,10.8996,11.6852,11.9209,12.0196,11.3882,11.3569,11.3707,0.0930048,10.3159,10.7329,10.8623,11.4052,11.9304,11.966,11.9961,6.31033,6.3102,6.18031,0.0859749,5.22298,5.52938,5.72753,6.31033,6.49614,6.75044,6.95844,6.07134,6.86549,6.36093,0.0769311,5.37038,5.83514,6.07134,6.33147,6.64543,6.90758,7.18386,10.4947,10.6306,10.5337,0.0663624,9.7724,10.0429,10.2974,10.4947,10.8055,10.9712,11.2116,10.5864,10.9611,10.7395,0.0542905,10.1908,10.362,10.4621,10.6921,10.9856,11.1811,11.2278,-9999,-9999
200409,21.05,1.0,18.896,2.156,1.0,22.944,3.347,1.0,20.693,19.094,1.896,22.117,1.864,21.05,1.0,18.896,2.156,1.0,22.944,3.347,1.0,357.872,231.033,1.0,52.445,231.033,1.0,335.703,1.0,364.319,335.703,1.0,383.144,1.0,399.092,383.144,1.0,9.202,1.0,6.724,9.202,1.0,98.562,99.197,1.0,1.57,0.88,1.0,2.002,2.645,1.0,0.30423115143431173,0.9215277777777777,132.7840277777778,1.0,442.43712374999996,1.0,16.535164141414143,0.9972222222222221,26.62916666666667,1.0,406.1229166666666,1.0,375.788,0.971528,18.878,1.0,17.247,1.0,0.64375,1.0,104.769,0.998611,113.887,1.13223,24.1723,0.999306,26.2761,0.670934,2.0,2,22.4333,25.5667,22.4333,25.5667,-2.53892,-2.40137,0.870139,0.903472,0.0854906,0.0837017,0.146464,0.127001,-2.40647,-2.26897,0.895139,0.908333,0.0833581,0.085853,0.145229,0.128429,-2.45813,-2.43666,0.885538,0.907326,0.0173601,0.0157392,-2.67785,-2.56747,-2.53863,-2.45329,-2.40137,-2.32962,-2.29223,-2.65217,-2.54168,-2.49618,-2.44114,-2.37238,-2.35065,-2.26426,0.820139,0.843056,0.858333,0.895139,0.903472,0.938889,0.923611,0.820833,0.964583,0.879861,0.966667,0.954167,0.90625,0.909722,5.85743,5.75388,1.21846,1.35124,0.875505,0.905556,0.116548,0.120207,0.250435,0.543091,-9.6909,-9.34737,8.52764,8.78851,0.869096,0.90476,0.109019,0.108659,0.403451,0.498924,5.8845,5.82206,1.41361,1.37177,0.905556,0.908333,0.118623,0.12476,0.251407,0.544117,-9.48156,-9.16975,8.62826,8.94544,0.88883,0.910743,0.109134,0.110191,0.403482,0.49926,5.31843,5.59219,5.74699,5.84921,6.0168,6.03552,6.11467,4.77292,4.9195,5.3569,5.78877,5.86394,5.97874,6.04573,0.944444,0.931944,0.909722,0.905556,0.86099,0.848128,0.852476,0.975,0.975,0.934722,0.908333,0.875505,0.86099,0.86099,-10.1557,-9.92448,-9.77633,-9.53566,-9.1622,-9.1476,-8.89238,-10.1092,-9.72697,-9.68574,-9.34045,-8.95311,-8.75307,-8.65051,0.801248,0.834529,0.856098,0.886265,0.917581,0.914803,0.940859,0.837094,0.857332,0.867814,0.907324,0.940859,0.95844,0.957051,6.23288,6.23288,6.168,0.0666268,5.39635,5.62659,5.79425,6.21414,6.53152,6.57942,6.75585,6.31594,6.38102,6.35783,0.0515242,5.75402,6.01887,6.15801,6.34467,6.57019,6.68006,6.84574,8.49715,8.50186,8.60466,0.0735169,7.85143,8.1072,8.25552,8.52819,9.05159,9.08933,9.24752,8.7435,8.7875,8.81596,0.0639384,8.08363,8.40663,8.50104,8.79182,9.08085,9.18059,9.49061,3.69636,4.45976,3.78862,0.0807429,3.04099,3.15708,3.40422,3.7709,3.95859,4.20557,4.64139,3.04288,3.03648,3.6493,0.09337,2.44832,3.04226,3.29775,3.5779,3.90781,4.16875,4.64175,7.2381,7.7972,7.37069,0.0590463,6.83879,6.89653,7.17783,7.29538,7.55257,7.8493,8.0172,6.77248,6.91697,7.32344,0.0621794,6.76969,6.8951,6.95284,7.2833,7.55257,7.66418,8.04479,-9999,-9999
200410,12.552,0.762769,11.385,1.42,0.774194,13.808,2.262,0.749267,16.649,14.733,2.331,18.717,1.956,12.985,0.762769,11.594,1.879,0.774194,14.506,2.428,0.749267,275.469,121.155,1.0,40.671,121.155,1.0,333.603,1.0,336.097,333.603,1.0,330.14,0.762769,356.082,333.394,0.762769,6.014,0.762769,6.979,6.202,0.762769,98.539,98.779,1.0,7.737,3.618,1.0,2.016,3.085,1.0,0.4346878483241329,0.637768817204301,62.202956989247305,1.0,228.1081366935484,1.0,10.219758064516126,1.0,13.680107526881722,1.0,378.15524193548396,1.0,372.478,0.0235215,12.63,0.763441,23.76,1.0,-0.880376,1.0,42.1228,0.995968,46.702,0.56026,14.4962,0.997312,16.072,0.778174,0.995968,1,24.9355,23.0645,4.19355,5.09677,0.690974,1.01725,0.0,0.0,0.187411,0.168357,0.247502,0.304055,0.787186,1.33511,0.0,0.0,0.17386,0.178959,0.237407,0.310052,0.853204,0.878628,0.000285618,0.00228495,0.0285332,0.0307299,0.65053,0.693925,0.712804,0.80648,0.887144,1.01725,1.25832,0.65053,0.700173,0.757868,0.831595,0.901392,1.20655,1.26277,0.0,0.0,0.0,0.0,0.0,0.0,0.0,0.0,0.0,0.0,0.0,0.0,0.0,0.0,5.42866,5.28095,0.457796,0.529962,0.0,0.0,0.244767,0.257125,0.525454,0.718459,-4.45766,-3.63486,5.99347,5.87751,0.0,0.0,0.210207,0.204891,0.689167,0.705719,5.41196,5.59966,0.819828,0.693674,0.0,0.0,0.267756,0.275971,0.536549,0.725417,-4.23726,-3.35019,5.83133,5.84669,0.0,0.0,0.211489,0.214689,0.689559,0.708626,4.49146,4.8358,5.29312,5.50838,5.71494,5.76573,5.86184,4.31051,4.3732,4.51031,5.37975,5.58961,5.71494,5.78318,0.0,0.0,0.0,0.0,0.0,0.0,0.0,0.0,0.0,0.0201613,0.0,0.0,0.0,0.0,-4.95316,-4.71849,-4.56889,-4.30813,-3.54095,-3.40584,-3.14617,-4.75242,-4.48667,-4.45198,-3.60603,-3.29235,-3.13603,-3.07318,0.0,0.0,0.0,0.0,0.0,0.0,0.00268817,0.0,0.0,0.0,0.0,0.00268817,0.00268817,0.00268817,4.90195,4.90195,4.94216,0.0736421,4.22521,4.43256,4.68828,4.92106,5.09264,5.1993,5.90926,5.05259,4.78399,4.85814,0.069714,4.15997,4.45859,4.68811,4.88584,5.05259,5.18402,5.56717,3.58966,3.56683,4.06353,0.0795167,3.38647,3.56872,3.66676,3.98174,4.33077,4.46508,5.10973,4.16292,3.99681,4.00494,0.0746565,3.07765,3.58966,3.67959,4.04288,4.26593,4.34392,4.86353,1.82809,3.1718,2.4165,0.204422,0.696592,0.943263,1.07382,2.49672,2.76797,2.88904,4.58072,0.936565,1.00917,2.08634,0.210133,0.451553,0.891977,0.93902,2.26032,2.54715,2.77958,4.19764,3.30022,4.42513,3.78082,0.101299,3.0973,3.25282,3.30022,3.66326,3.7547,4.45847,5.07528,3.24452,3.0973,3.65688,0.0959813,3.09543,3.21232,3.25287,3.40034,3.70322,4.08056,4.92327,-9999,-9999
200411,10.607,0.0,9.824,0.312,0.0,11.633,1.311,0.0,8.249,6.918,2.135,9.996,1.675,8.249,0.0,6.918,2.135,0.0,9.996,1.675,0.0,203.847,71.528,1.0,21.625,71.528,1.0,309.693,1.0,308.591,309.693,1.0,316.597,0.0,314.166,314.166,0.0,5.398,0.0,5.88,5.88,0.0,98.567,99.27,1.0,3.031,4.605,1.0,2.041,2.978,1.0,0.42300083570518354,0.5243055555555556,25.092361111111114,1.0,131.9971375,1.0,7.2006410256410245,0.99375,7.867952127659574,0.9993055555555554,347.5652777777778,1.0,382.494,0.0,9.294,0.895139,33.444,1.0,-4.3778,1.0,18.3515,0.925694,20.3465,-9999,8.21193,0.934722,9.10465,-9999,1.0,2,27.2667,20.7333,0.0,0.0,0.682803,0.809842,0.0,0.0,-9999,-9999,-9999,-9999,0.607683,0.993605,0.0,0.0,-9999,-9999,-9999,-9999,0.753886,0.813806,0.0,0.0,0.0240419,0.0205648,0.599428,0.634571,0.655768,0.714828,0.833194,0.949764,0.984484,0.61171,0.655768,0.686515,0.809842,0.922483,0.969349,0.980559,0.0,0.0,0.0,0.0,0.0,0.0,0.0,0.0,0.0,0.0,0.0,0.0,0.0,0.0,2.60494,2.56273,0.113208,0.125719,0.0,0.0,-9999,-9999,-9999,-9999,-1.82619,-1.5037,2.97381,3.0128,0.0,0.0,-9999,-9999,-9999,-9999,2.47313,2.82976,0.150582,0.293382,0.0,0.0,-9999,-9999,-9999,-9999,-1.8269,-1.43782,2.8926,3.05676,0.0,0.0,-9999,-9999,-9999,-9999,2.45817,2.53431,2.56273,2.61546,2.66491,2.68302,2.80711,2.42816,2.49577,2.52632,2.58031,2.65779,2.80054,2.82446,0.0,0.0,0.0,0.0,0.0,0.0,0.0,0.0,0.0,0.0,0.0,0.0,0.0,0.0,-1.97898,-1.91265,-1.84066,-1.80723,-1.46238,-1.40121,-1.2322,-1.93365,-1.8293,-1.82001,-1.49511,-1.36163,-1.2323,-1.17187,0.0,0.0,0.0,0.0,0.0,0.0,0.0,0.0,0.0,0.0,0.0,0.0,0.0,0.0,4.15992,4.15992,4.16967,0.0680146,3.48124,3.76549,3.92209,4.11709,4.25428,4.51941,5.18208,4.30084,3.93205,4.01095,0.0624359,3.39741,3.72511,3.85325,4.0188,4.1632,4.22681,4.50998,3.17543,3.16631,3.35587,0.0645959,2.75888,2.9015,3.15239,3.25666,3.55153,3.63753,4.22992,3.55153,3.32437,3.25706,0.0578176,2.57985,2.83626,3.14467,3.2443,3.39141,3.55153,3.87575,1.42801,2.48384,2.04045,0.16993,0.647106,0.780483,0.935153,2.12485,2.40004,2.63285,3.62323,0.772912,0.847167,1.75549,0.178226,0.381272,0.665255,0.775933,1.8085,2.19821,2.53249,3.28719,1.99137,2.74351,2.34958,0.0660402,1.93959,2.04577,2.114,2.22696,2.28939,2.80016,3.21066,2.10779,1.93959,2.28129,0.0617409,1.93959,2.04577,2.05152,2.15829,2.26262,2.49625,3.09926,-9999,-9999
200412,0.799,0.0,1.772,1.046,0.0,-0.606,4.678,0.0,6.025,5.1,1.685,7.365,1.252,6.025,0.0,5.1,1.685,0.0,7.365,1.252,0.0,170.007,85.484,0.990591,17.57,82.64,0.990591,257.017,1.0,306.898,257.017,1.0,258.563,0.0,311.586,311.586,0.0,0.762,0.0,5.684,5.684,0.0,98.563,99.192,1.0,11.492,0.735,1.0,3.182,3.498,1.0,0.5137940043745717,0.680779569892473,15.493951612903228,1.0,149.37779879032257,1.0,8.3877688172043,0.9959677419354839,10.492607526881722,1.0,317.74395161290323,1.0,391.852,0.192876,4.283,1.0,36.233,1.0,-5.12297,1.0,8.72828,0.987231,13.0376,0.462329,16.082,0.988575,24.022,1.77857,1.0,2,28.2581,19.7419,1.0,0.580645,0.219575,0.216888,0.173387,0.173387,0.0730831,0.0778821,0.0815924,0.0860149,0.215359,0.216888,0.173387,0.173387,0.0749012,0.0778821,0.0832248,0.0860149,0.234588,0.244632,0.173438,0.173891,0.00462745,0.00521124,0.212702,0.215359,0.215359,0.219575,0.233802,0.287918,0.288437,0.215259,0.215359,0.216888,0.222462,0.287918,0.288378,0.288437,0.173387,0.173387,0.173387,0.173387,0.173387,0.174731,0.174731,0.173387,0.173387,0.173387,0.173387,0.174731,0.174731,0.174731,1.09442,1.08793,0.0355788,0.035035,0.223582,0.223582,0.0860135,0.0912744,0.088394,0.0935211,-1.05244,-1.04945,1.56367,1.56211,0.0967742,0.0967742,0.127451,0.1305,0.139101,0.142111,1.08793,1.08793,0.035035,0.035035,0.223582,0.223582,0.08667,0.0912744,0.089033,0.0935211,-1.05304,-1.04945,1.56279,1.56211,0.0967742,0.0967742,0.127775,0.1305,0.139398,0.142111,1.08793,1.08793,1.08793,1.09442,1.09442,1.12869,1.12869,1.08793,1.08793,1.08793,1.09442,1.12869,1.12869,1.12869,0.223582,0.223582,0.223582,0.223582,0.223582,0.223582,0.223582,0.223582,0.223582,0.223582,0.223582,0.223582,0.223582,0.223582,-1.06845,-1.05304,-1.05304,-1.04945,-1.01902,-0.941588,-0.940387,-1.05327,-1.05304,-1.05244,-1.04512,-0.941588,-0.940518,-0.940387,0.0967742,0.0967742,0.0967742,0.0967742,0.0967742,0.10017,0.10017,0.0967742,0.0967742,0.0967742,0.0967742,0.10017,0.10017,0.10017,3.81191,3.81191,3.81184,0.0683034,3.23409,3.4723,3.52315,3.7305,3.90601,4.16762,4.81554,3.94734,3.54332,3.62582,0.0622394,2.94224,3.4086,3.46695,3.62514,3.78013,3.85867,4.03352,3.59503,3.59503,3.56721,0.0666829,2.94571,3.24396,3.25709,3.51209,3.67892,3.88461,4.52762,3.73199,3.32796,3.39124,0.0618433,2.70843,3.16452,3.23694,3.40993,3.56324,3.64178,3.80278,1.25322,2.18264,1.86694,0.154884,0.604366,0.70578,0.868657,1.96462,2.22426,2.50509,3.20043,0.697977,0.771894,1.60509,0.164068,0.348454,0.622013,0.701176,1.63551,2.03217,2.42475,2.88857,2.31194,3.19959,2.73694,0.0774924,2.26459,2.37531,2.46885,2.58887,2.66318,3.26173,3.75165,2.46163,2.26459,2.65778,0.0723666,2.26459,2.37531,2.3822,2.52242,2.63071,2.90544,3.62024,-9999,-9999
200501,-0.676,0.914651,-1.214,2.049,0.918799,0.052,2.373,0.908319,2.713,1.22,2.642,4.783,2.173,-0.172,0.914651,-0.804,2.147,0.918799,0.7,2.273,0.908319,187.375,64.808,1.0,27.673,64.808,1.0,280.343,1.0,279.179,280.343,1.0,254.854,0.914651,269.343,256.367,0.914651,1.232,0.914651,5.638,1.646,0.914651,98.598,99.524,1.0,0.458,4.898,1.0,2.038,2.919,1.0,0.46735461476029233,0.6868279569892474,28.395833333333336,1.0,116.33038911290322,1.0,8.259337108213224,0.9993279569892473,7.80779569892473,1.0,308.3709677419355,1.0,390.416,0.997984,3.422,1.0,37.13,1.0,-4.82677,1.0,8.04417,0.985215,12.0157,0.175263,13.8711,0.989247,20.7196,0.456602,0.971774,1,27.871,20.129,27.871,20.0645,-0.208818,-0.198822,0.988575,0.988575,0.0163295,0.0172973,0.0246804,0.0265547,-0.204118,-0.198405,0.988575,0.988575,0.0166126,0.0172897,0.0248686,0.0265497,-0.198774,-0.191934,0.988105,0.988542,0.00262087,0.00299861,-0.221065,-0.210416,-0.208818,-0.204118,-0.194908,-0.173405,-0.163866,-0.219135,-0.2101,-0.20834,-0.198435,-0.172878,-0.169803,-0.162372,0.987903,0.988575,0.988575,0.988575,0.988575,0.988575,0.991263,0.984543,0.988575,0.986559,0.988575,0.988575,0.991263,0.991263,0.458474,0.472984,0.412321,0.421585,0.994197,0.994197,0.0183562,0.0189864,0.0268458,0.0258671,-1.10068,-1.09698,1.34967,1.35853,0.981405,0.981405,0.0280696,0.029837,0.0358534,0.040905,0.465609,0.471518,0.416099,0.423698,0.994197,0.994197,0.0185793,0.0189926,0.0269989,0.0258717,-1.09941,-1.09418,1.35031,1.35697,0.981405,0.981405,0.0282259,0.0298059,0.0359759,0.0408823,0.436915,0.442558,0.45044,0.465609,0.473025,0.481737,0.488897,0.434264,0.45044,0.456847,0.472984,0.480837,0.485575,0.489055,0.994197,0.994197,0.994197,0.994197,0.994197,0.995392,0.995392,0.994197,0.994197,0.994197,0.994197,0.995392,0.995392,0.994197,-1.11229,-1.10376,-1.10068,-1.09424,-1.07494,-1.05915,-1.03887,-1.10687,-1.1013,-1.09941,-1.08344,-1.05355,-1.04534,-1.0296,0.953521,0.981405,0.981405,0.981405,0.976312,0.969767,0.986013,0.981405,0.981405,0.981405,0.981405,0.986013,0.982788,0.986013,0.619936,0.619936,0.587426,0.00982705,0.442212,0.491668,0.571438,0.621021,0.623415,0.62548,0.631354,0.621998,0.628192,0.60739,0.00626395,0.465758,0.571704,0.616944,0.621301,0.622786,0.625313,0.631354,0.818371,0.818341,0.77936,0.0117218,0.616268,0.662438,0.73487,0.818673,0.83037,0.832205,0.833515,0.825331,0.83231,0.806164,0.00776767,0.64556,0.763795,0.806079,0.824975,0.83037,0.83231,0.833698,0.443864,0.503226,0.477828,0.00995691,0.417046,0.438322,0.445101,0.463276,0.492955,0.503776,0.536106,0.440728,0.455946,0.487445,0.0181532,0.421433,0.438256,0.440728,0.458244,0.490988,0.494648,0.533705,0.660223,0.699713,0.680375,0.00629111,0.646311,0.655068,0.663055,0.674681,0.689566,0.695619,0.700332,0.663596,0.676458,0.692791,0.0111946,0.647019,0.661639,0.666236,0.676458,0.690034,0.697101,0.737834,-9999,-9999
200502,4.137,1.0,3.175,2.445,1.0,5.26,2.584,1.0,2.448,1.039,2.13,4.115,1.586,4.137,1.0,3.175,2.445,1.0,5.26,2.584,1.0,247.775,109.786,1.0,29.103,109.786,1.0,283.185,1.0,285.894,283.185,1.0,272.98,1.0,279.576,272.98,1.0,2.8,1.0,5.715,2.8,1.0,98.558,99.234,1.0,4.283,1.75,1.0,2.652,3.008,1.0,0.4276211461204287,0.8110119047619049,52.82142857142856,1.0,199.34345625,1.0,11.622767857142858,1.0,12.321428571428573,1.0,327.235119047619,1.0,389.312,0.998512,5.22,1.0,37.186,1.0,-0.889137,1.0,14.0416,0.997024,17.6113,0.247834,28.5604,0.998512,35.8211,0.743686,0.99628,1,25.8929,22.1071,25.8929,22.1071,-0.286319,-0.285145,0.993304,0.995536,0.0225063,0.0228593,0.0262189,0.0269661,-0.275621,-0.283174,0.995536,0.99628,0.0227515,0.022818,0.0264297,0.0269312,-0.275217,-0.274231,0.991555,0.993917,0.00199258,0.00193186,-0.289056,-0.286332,-0.284855,-0.279824,-0.270379,-0.259432,-0.252985,-0.289578,-0.28721,-0.285145,-0.278039,-0.264009,-0.2586,-0.254756,0.995536,0.994792,0.995536,0.990327,0.982143,0.997024,0.997024,0.997024,0.99628,0.995536,0.993304,0.997024,0.997024,0.997024,0.93991,0.930722,0.397532,0.421346,1.0,1.0,0.0249019,0.024319,0.0295849,0.0331222,-1.69703,-1.68418,1.82972,1.91231,0.985517,0.990394,0.0381515,0.0384224,0.0505251,0.0525863,0.932973,0.924372,0.410082,0.424374,1.0,1.0,0.0245559,0.0242776,0.0292943,0.0330918,-1.6669,-1.67213,1.89003,1.91676,0.990394,0.992095,0.0379325,0.0383509,0.0503599,0.0525341,0.897766,0.921224,0.925215,0.938211,0.950744,0.953171,0.962249,0.872201,0.902125,0.919136,0.929328,0.940591,0.947099,0.957063,1.0,1.0,0.988095,1.0,0.998677,1.0,1.0,1.0,1.0,1.0,1.0,1.0,1.0,1.0,-1.70544,-1.6972,-1.69174,-1.68524,-1.65224,-1.63095,-1.62208,-1.7015,-1.69373,-1.69128,-1.67798,-1.62866,-1.62192,-1.56671,0.978869,0.978869,0.990394,0.988694,0.942742,0.993648,0.993648,0.978869,0.978869,0.990394,0.993648,0.993648,0.993648,0.993648,1.01916,1.01916,1.01527,0.00515439,0.93881,0.98115,1.00933,1.01847,1.03006,1.0378,1.0578,1.02989,1.02565,1.03032,0.00388128,0.988618,1.01154,1.01844,1.02676,1.03976,1.05438,1.06382,1.30748,1.30233,1.2895,0.00605531,1.20182,1.25188,1.27178,1.30195,1.31166,1.31555,1.3359,1.31246,1.30127,1.30554,0.00438172,1.25823,1.27184,1.28647,1.31039,1.32319,1.32922,1.34185,0.5931,0.660672,0.679317,0.0191711,0.544952,0.5931,0.597083,0.629695,0.675581,0.824324,0.942434,0.59371,0.687298,0.659415,0.0145588,0.543616,0.592946,0.601779,0.629693,0.676143,0.694993,0.895662,1.05859,1.15204,1.13505,0.00830103,1.04176,1.05859,1.12629,1.14256,1.15338,1.1768,1.20602,1.14345,1.16876,1.13817,0.00808142,1.04043,1.05965,1.12666,1.14345,1.14709,1.16885,1.2213,-9999,-9999
200503,6.467,1.0,5.031,3.144,1.0,7.853,3.188,1.0,6.202,4.575,2.055,7.772,1.83,6.467,1.0,5.031,3.144,1.0,7.853,3.188,1.0,329.425,177.379,1.0,52.593,177.379,1.0,272.552,1.0,300.551,272.552,1.0,274.747,1.0,301.913,274.747,1.0,5.037,1.0,5.736,5.037,1.0,98.56,98.596,1.0,1.474,0.758,1.0,2.228,3.673,1.0,0.5302842303948451,0.9603494623655915,91.14314516129029,1.0,310.8686818548388,1.0,14.588709677419356,1.0,18.753360215053767,1.0,339.0604838709678,1.0,387.606,1.0,6.693,1.0,36.426,1.0,0.381477,1.0,17.8784,0.999328,20.5964,0.272731,60.785,0.998656,70.0259,0.843453,0.99664,1,23.5484,24.4516,23.5484,24.4516,-0.78418,-0.792997,0.99664,0.997312,0.0259764,0.0266171,0.0278027,0.0290311,-0.795653,-0.781175,0.997312,0.997312,0.0264197,0.0267014,0.0282173,0.0291084,-0.783373,-0.781345,0.996841,0.997261,0.00159823,0.00156018,-0.797444,-0.794796,-0.793285,-0.782335,-0.777559,-0.774975,-0.766359,-0.797444,-0.794622,-0.789113,-0.779991,-0.774996,-0.771441,-0.766764,0.997312,0.997312,0.997312,0.997312,0.997312,0.999328,0.997312,0.997312,0.997312,0.99664,0.99664,0.997312,0.999328,0.997312,1.20083,1.18458,0.485422,0.524793,1.0,1.0,0.0264693,0.0271609,0.0343596,0.0396406,-2.643,-2.64332,2.44805,2.46836,0.993436,0.994839,0.0431209,0.0430238,0.0497675,0.0521475,1.18715,1.20468,0.500176,0.534353,1.0,1.0,0.0263187,0.0274296,0.0342438,0.0398252,-2.65097,-2.64007,2.46226,2.4693,0.994839,0.994839,0.0430739,0.0430526,0.0497267,0.0521713,1.16752,1.18257,1.18737,1.19877,1.21035,1.22639,1.23148,1.0975,1.1513,1.17964,1.19173,1.2069,1.20905,1.23019,1.0,1.0,1.0,1.0,1.0,1.0,1.0,1.0,1.0,1.0,1.0,1.0,1.0,1.0,-2.70286,-2.66401,-2.65097,-2.64326,-2.63404,-2.61432,-2.595,-2.68443,-2.65096,-2.64443,-2.63624,-2.60955,-2.59203,-2.54594,0.988055,0.990802,0.994839,0.994839,0.993436,0.994839,0.994839,0.990802,0.994839,0.993436,0.990802,0.994839,0.994839,0.99871,1.35976,1.35759,1.33375,0.00554347,1.23458,1.31492,1.33032,1.33763,1.35548,1.36631,1.36955,1.33754,1.33221,1.34038,0.00319645,1.3145,1.32925,1.33225,1.33678,1.34853,1.36191,1.37008,2.13946,2.13876,2.11509,0.00536472,2.0204,2.08017,2.11398,2.12546,2.13173,2.1386,2.14603,2.13232,2.12787,2.12375,0.00298106,2.09268,2.11082,2.11921,2.12697,2.13215,2.13825,2.1458,1.07477,1.08091,1.08228,0.0127085,0.917627,0.999077,1.01618,1.08258,1.13086,1.17902,1.2102,1.08657,1.08094,1.11296,0.0103785,1.00787,1.06141,1.07606,1.09408,1.17895,1.19204,1.21994,1.69339,1.77083,1.76734,0.00535728,1.69339,1.74418,1.75009,1.77115,1.78273,1.78322,1.8016,1.78398,1.78316,1.76995,0.00691693,1.69169,1.70523,1.74862,1.77124,1.78318,1.80091,1.86259,-9999,-9999
200504,14.067,1.0,12.406,2.567,1.0,15.356,3.209,1.0,10.413,8.329,2.169,12.002,2.368,14.067,1.0,12.406,2.567,1.0,15.356,3.209,1.0,408.24,216.057,1.0,77.282,216.057,1.0,312.984,1.0,306.953,312.984,1.0,329.214,1.0,311.67,329.214,1.0,7.606,1.0,6.499,7.606,1.0,98.548,98.658,1.0,0.44,3.427,1.0,2.307,3.533,1.0,0.5056356825083268,0.9215277777777777,127.0548611111111,1.0,409.23305624999995,1.0,18.94549349881797,0.9993055555555554,24.55217592592593,0.9979166666666667,376.71319444444447,1.0,388.902,0.999306,13.443,1.0,34.113,0.993056,4.73409,1.0,40.5852,1.0,47.9684,0.505506,62.9082,1.0,74.3523,0.895696,1.0,1,20.8667,27.1333,20.8667,27.1,0.430815,0.479768,0.982639,0.994444,0.0347043,0.036339,0.0701204,0.0853299,0.500137,0.484399,0.990972,0.994444,0.035854,0.0363338,0.0706965,0.0853277,0.432254,0.416539,0.983819,0.988681,0.00817417,0.00996302,0.330527,0.36887,0.395706,0.441392,0.478839,0.490731,0.505161,0.310224,0.32469,0.36887,0.428293,0.46494,0.479101,0.497246,0.997222,0.972917,0.972222,0.994444,0.994444,0.994444,0.990972,0.997917,0.997222,0.972917,0.9625,0.994444,0.994444,0.990278,3.46769,3.40082,0.830968,0.941384,1.0,1.0,0.0475398,0.0482045,0.113575,0.212714,-1.91404,-1.77877,3.44581,3.55891,0.969088,0.990076,0.0487295,0.049639,0.103476,0.100767,3.47577,3.39177,0.908791,0.941739,1.0,1.0,0.0475233,0.0482585,0.113568,0.212726,-1.8014,-1.76376,3.56239,3.56722,0.983903,0.990076,0.0489981,0.0495968,0.103603,0.100747,3.06225,3.26788,3.33501,3.40643,3.46425,3.47418,3.50948,3.03479,3.05074,3.21963,3.38528,3.42089,3.4651,3.47577,1.0,1.0,1.0,0.910556,1.0,1.0,0.980952,1.0,1.0,1.0,0.998413,0.998413,1.0,1.0,-1.98016,-1.94014,-1.92899,-1.80636,-1.77868,-1.75758,-1.75097,-1.97884,-1.93259,-1.9075,-1.78577,-1.77228,-1.7572,-1.74137,0.953083,0.965385,0.951848,0.982669,0.990076,0.990076,0.991311,0.953083,0.951848,0.969088,0.996296,0.995062,0.990076,0.991311,3.61694,3.61694,3.60839,0.0341985,3.25406,3.28709,3.44405,3.6155,3.76658,3.80099,3.86105,3.75386,3.76645,3.71146,0.0297427,3.27462,3.51939,3.58356,3.76378,3.81431,3.86205,3.98006,3.12667,3.13254,3.19185,0.0294307,2.93864,2.95089,3.04869,3.13094,3.37008,3.41626,3.45996,3.2487,3.26631,3.2792,0.029443,2.95708,3.07297,3.1212,3.26631,3.42342,3.46221,3.51845,3.08197,2.93809,3.00778,0.0167631,2.88041,2.90964,2.93766,2.98495,3.05463,3.10081,3.1429,2.88041,2.94424,3.03678,0.021287,2.89384,2.92069,2.94422,2.98621,3.09119,3.12211,3.30529,2.80875,2.76014,2.79761,0.00853657,2.70453,2.7645,2.77873,2.79359,2.81077,2.82777,2.87099,2.77713,2.7826,2.82098,0.0103978,2.75891,2.77713,2.7826,2.80045,2.82602,2.86854,2.95875,-9999,-9999
200505,18.105,1.0,15.89,2.752,1.0,19.535,3.544,1.0,15.066,12.873,1.991,16.468,2.3,18.105,1.0,15.89,2.752,1.0,19.535,3.544,1.0,462.933,292.13,1.0,86.692,292.13,1.0,326.097,1.0,327.785,326.097,1.0,354.951,1.0,343.416,354.951,1.0,9.41,1.0,6.657,9.41,1.0,98.553,98.841,1.0,1.795,1.405,1.0,1.972,3.029,1.0,0.4000838602296733,0.9025537634408601,181.52688172043005,1.0,585.6509951612903,1.0,21.969407433380088,0.9986559139784947,40.63589567604667,0.9993279569892473,395.27688172043014,1.0,383.792,1.0,16.075,1.0,22.613,1.0,5.3881,1.0,85.0329,0.998656,106.878,0.820471,55.103,1.0,69.2594,0.755658,0.998656,1,18.7742,29.2258,18.7742,29.2258,-4.14888,-4.22211,0.974462,0.985887,0.0675133,0.0708314,0.0839892,0.16864,-4.15347,-4.22891,0.977823,0.985887,0.0691702,0.0725561,0.0853267,0.169371,-4.18664,-4.25275,0.970497,0.978864,0.0140818,0.0221108,-4.41533,-4.23821,-4.22516,-4.15691,-4.14684,-4.13829,-4.09425,-4.61814,-4.45297,-4.27852,-4.22975,-4.15529,-4.14689,-4.13225,0.99664,0.985887,0.985215,0.978495,0.975134,0.967742,0.952957,0.999328,0.997312,0.989247,0.985887,0.96707,0.975134,0.948925,5.14327,4.91837,1.15121,1.35993,0.974024,0.991766,0.0823774,0.0860924,0.204107,0.408714,-9.79322,-9.76908,8.65402,8.58043,0.974964,0.982531,0.0965019,0.0975119,0.109967,0.102852,5.13598,4.90558,1.16163,1.39269,0.975637,0.991766,0.0812873,0.0916356,0.203669,0.409917,-9.796,-9.77106,8.60412,8.57812,0.979342,0.982531,0.096218,0.0985976,0.109718,0.103882,4.42888,4.89937,4.92497,5.11956,5.18866,5.27286,5.35666,3.92806,4.35286,4.74917,4.92497,5.13661,5.15195,5.26425,1.0,0.991766,0.993463,0.974024,0.965063,0.936389,0.936389,1.0,1.0,0.995161,0.993463,0.975637,0.974024,0.947142,-9.97171,-9.86746,-9.82575,-9.78415,-9.76741,-9.76201,-9.75178,-9.96054,-9.82506,-9.79594,-9.77491,-9.76908,-9.75964,-9.75558,0.935426,0.954158,0.965176,0.981456,0.994393,0.981456,0.981456,0.945288,0.964063,0.979342,0.980417,0.982531,0.998888,0.981456,5.52796,5.53148,5.48968,0.0648899,4.46146,4.93503,5.39255,5.58425,5.7367,5.75275,5.8553,5.71022,5.73693,5.69803,0.0465544,4.99964,5.51922,5.56876,5.73507,5.82454,5.9906,6.07318,9.75771,9.7604,9.74243,0.0432599,9.08501,9.38801,9.68969,9.80692,9.88496,9.93612,9.99651,9.8576,9.89041,9.88467,0.0335652,9.41497,9.76174,9.79352,9.88206,9.99649,10.1473,10.1719,4.40624,4.46004,4.38798,0.086916,3.09004,3.72021,4.2257,4.44476,4.79959,4.82653,4.96504,4.82166,4.81479,4.64977,0.063774,3.78137,4.3057,4.42184,4.76488,4.82403,4.94802,5.2222,9.15761,9.18873,9.13999,0.0526577,8.34951,8.72679,9.07073,9.176,9.33981,9.36137,9.55623,9.35074,9.35239,9.29635,0.0395076,8.73435,9.10336,9.16926,9.33476,9.37302,9.5129,9.65628,-9999,-9999
200506,23.979,1.0,21.472,1.927,1.0,25.419,3.396,1.0,20.714,18.488,1.778,21.991,2.393,23.979,1.0,21.472,1.927,1.0,25.419,3.396,1.0,485.7,298.969,1.0,94.095,298.969,1.0,366.868,1.0,352.463,366.868,1.0,412.437,1.0,381.024,412.437,1.0,11.092,1.0,7.444,11.092,1.0,98.553,98.862,1.0,0.045,3.577,1.0,1.858,2.544,1.0,0.2927184684949424,0.961111111111111,198.02222222222218,1.0,613.4905587500001,1.0,20.600694444444443,1.0,39.997709810874696,0.9993055555555554,427.1472222222221,1.0,378.24,1.0,21.041,1.0,20.442,1.0,6.72253,1.0,119.052,1.0,156.025,1.18186,27.2288,1.0,35.6852,0.674178,0.972222,1,17.5333,30.4667,17.5333,30.4667,-5.34109,-5.07308,0.867361,0.916667,0.0920925,0.0937667,0.22367,0.270865,-5.33567,-5.09307,0.868056,0.919444,0.0924615,0.093398,0.223822,0.270738,-5.31062,-5.33495,0.875451,0.908733,0.0240995,0.0315608,-5.53638,-5.50975,-5.40746,-5.33166,-5.18169,-5.10209,-5.07988,-5.70717,-5.59823,-5.47015,-5.33166,-5.16872,-5.09,-5.07308,0.777778,0.7625,0.798611,0.866667,0.947222,0.920833,0.911806,0.990972,0.980556,0.796528,0.866667,0.964583,0.915278,0.916667,5.17774,5.64139,0.858976,0.943047,0.777451,0.873203,0.100319,0.10555,0.242102,0.616432,-11.0963,-10.9503,9.73814,10.0053,0.916559,0.940538,0.128847,0.128639,0.236484,0.178687,5.16591,5.61765,0.807684,0.964128,0.773529,0.873203,0.0981555,0.105465,0.241213,0.616417,-11.0784,-10.9666,9.71017,10.0312,0.92,0.944839,0.12851,0.128044,0.236301,0.178259,4.58693,5.16591,5.17706,5.31004,5.51652,5.60659,5.64011,3.85809,4.403,5.04011,5.24226,5.52177,5.61765,5.64854,0.992375,0.773529,0.777451,0.644336,0.669608,0.881373,0.873203,1.0,0.992375,0.978649,0.751961,0.667647,0.873203,0.873203,-11.4676,-11.3656,-11.2109,-11.0817,-11.0064,-10.969,-10.9503,-11.445,-11.1983,-11.1109,-11.0407,-10.9612,-10.9503,-10.8673,0.849857,0.86853,0.890143,0.91767,0.948172,0.940538,0.940538,0.849857,0.890179,0.912115,0.962222,0.947061,0.940538,1.0,5.70957,5.70957,5.51476,0.113346,4.01506,4.25754,5.4704,5.70957,5.77017,6.16911,6.37619,5.74335,5.71968,5.7711,0.0771154,4.5039,5.59907,5.67936,5.72613,6.03312,6.24031,6.40151,10.7991,10.8026,10.8497,0.0930656,9.75754,9.89727,10.7729,10.9327,11.0765,11.3112,11.7248,10.9975,11.0554,11.0817,0.0768058,9.87508,10.7879,10.8206,11.0151,11.5096,11.6769,11.7262,8.50469,9.1259,7.15537,0.264728,4.3056,5.20076,5.85791,6.92478,8.51053,8.93632,9.69477,6.81373,6.76657,7.54417,0.264559,4.58715,5.99752,6.63042,6.92478,8.82471,9.16535,10.4063,12.5205,12.9851,11.8089,0.14753,10.1915,10.7652,11.082,11.6874,12.5292,12.845,13.0158,11.5384,11.4953,12.0001,0.143902,10.3265,11.1801,11.5384,11.6764,12.7127,13.0137,13.4557,-9999,-9999
200507,26.296,1.0,23.529,2.198,1.0,27.995,3.709,1.0,23.108,21.186,1.745,24.291,2.03,26.296,1.0,23.529,2.198,1.0,27.995,3.709,1.0,474.191,284.602,1.0,92.692,284.602,1.0,380.392,1.0,365.714,380.392,1.0,424.072,1.0,401.216,424.072,1.0,16.192,1.0,7.531,16.192,1.0,98.547,98.941,1.0,0.509,0.623,1.0,2.058,2.594,1.0,0.32077686735386546,0.9610215053763441,183.34341397849465,1.0,587.3132201612902,1.0,19.823924731182796,1.0,37.406586021505376,1.0,443.4408602150539,1.0,371.931,1.0,23.405,1.0,13.349,1.0,4.63421,0.999328,88.6153,0.997312,99.7917,1.11673,70.0179,0.997312,78.8488,1.05196,0.986559,1,18.1935,29.8065,18.1935,29.8065,-2.67279,-2.64938,0.955645,0.963038,0.0860521,0.0889961,0.141472,0.139453,-2.72831,-2.62875,0.959677,0.96371,0.0901443,0.0888455,0.143998,0.139357,-2.69144,-2.67729,0.940692,0.956267,0.0203357,0.018919,-2.95365,-2.81312,-2.72593,-2.67203,-2.61823,-2.58854,-2.52694,-2.95262,-2.78327,-2.73998,-2.65548,-2.60814,-2.56854,-2.52746,0.842742,0.841398,0.962366,0.953629,0.96371,0.911962,0.972446,0.848118,0.993952,0.989247,0.953629,0.909946,0.962366,0.963038,4.01935,3.93172,0.952806,1.07852,0.943074,0.968641,0.0971448,0.101594,0.157748,0.273788,-6.53752,-6.44687,6.57949,6.71726,0.963544,0.959991,0.121663,0.123355,0.243901,0.194235,3.85194,3.97147,1.07744,1.05302,0.964846,0.970538,0.108417,0.100699,0.164929,0.273457,-6.5213,-6.43866,6.60604,6.74518,0.956941,0.959991,0.123247,0.123366,0.244695,0.194242,3.50817,3.83104,3.86193,3.9341,4.02408,4.07961,4.22432,3.06909,3.5241,3.67195,3.91476,3.98207,4.03258,4.21274,0.988115,0.959153,0.799061,0.970538,0.939678,0.965445,0.844003,1.0,0.988115,0.986218,0.982423,0.951563,0.963747,0.840407,-6.92757,-6.70016,-6.57541,-6.52444,-6.37289,-6.27738,-6.26285,-6.91351,-6.56292,-6.5393,-6.44687,-6.26742,-6.26285,-6.24181,0.917722,0.908972,0.946464,0.961319,0.95992,0.965338,0.969787,0.914422,0.947504,0.948617,0.959991,0.985683,0.969787,0.990061,4.63606,4.63606,4.25854,0.0622699,3.46772,3.73142,3.94421,4.31769,4.6393,4.68145,4.72321,4.64671,4.18685,4.39623,0.0480194,3.71939,4.15562,4.22476,4.35958,4.64985,4.69917,4.75997,7.26575,7.26481,6.93583,0.0556436,6.28577,6.42079,6.59755,6.96096,7.27032,7.30351,7.36831,7.33446,6.91516,7.08766,0.0444047,6.40718,6.85583,6.90667,7.17215,7.33407,7.35001,7.39672,3.88299,4.34023,3.7896,0.0783522,3.30012,3.34523,3.36946,3.56639,4.08646,4.40837,4.72827,3.33032,3.41573,3.71692,0.0731596,3.30208,3.32642,3.34683,3.51021,3.97997,4.29991,4.48424,6.54388,6.88624,6.5406,0.0485631,6.20846,6.26405,6.29083,6.41405,6.73728,6.88798,7.14911,6.21598,6.28053,6.52031,0.0474108,6.20588,6.26405,6.31224,6.35503,6.66756,6.88511,7.14365,-9999,-9999
200508,25.113,1.0,23.146,1.902,1.0,26.496,3.287,1.0,22.243,20.199,1.972,23.684,1.951,25.113,1.0,23.146,1.902,1.0,26.496,3.287,1.0,429.882,223.078,0.998656,84.252,222.965,0.998656,390.871,1.0,362.882,390.871,1.0,437.559,0.998656,396.901,437.506,0.998656,11.987,1.0,7.535,11.987,1.0,98.551,98.883,1.0,0.746,6.648,1.0,1.944,2.385,1.0,0.29481217777537194,0.7150537634408602,147.755376344086,1.0,460.19720806451613,1.0,16.704538725261024,0.9966397849462366,28.046594982078854,0.9979838709677419,437.4462365591398,1.0,377.705,1.0,23.363,1.0,22.725,1.0,3.89483,1.0,65.1039,0.977823,85.3686,0.842133,45.7239,0.975806,59.9562,1.05289,0.97379,1,19.9355,28.0645,19.9355,28.0323,-1.32416,-1.06998,0.851478,0.893145,0.0794346,0.0829604,0.176308,0.197814,-1.32959,-1.05291,0.870296,0.895161,0.0828962,0.0836292,0.177895,0.198095,-1.15104,-1.08238,0.870245,0.888575,0.024265,0.0308203,-1.39459,-1.32416,-1.25644,-1.19759,-1.01929,-1.00936,-0.919364,-1.37663,-1.30439,-1.23555,-1.05291,-1.00492,-0.945234,-0.716633,0.854167,0.851478,0.850134,0.846774,0.897849,0.899866,0.806452,0.850806,0.870296,0.874328,0.895161,0.895161,0.902554,0.922043,3.94346,4.25725,1.10343,1.23007,0.862176,0.897405,0.100938,0.103509,0.2007,0.235008,-5.0811,-4.88525,5.56824,5.76585,0.84416,0.890132,0.114242,0.115271,0.177226,0.244708,3.87577,4.28887,1.10355,1.25421,0.873721,0.900477,0.102638,0.105869,0.201561,0.236057,-5.04109,-4.88034,5.6554,5.77581,0.867638,0.891327,0.115572,0.115502,0.178086,0.244818,3.75224,3.91661,3.97429,4.14412,4.24694,4.26355,4.35452,3.7814,3.92409,3.98483,4.19453,4.28887,4.34605,4.51543,0.862176,0.873721,0.873721,0.860563,0.903711,0.902175,0.985367,0.862176,0.873721,0.873721,1.0,0.900477,0.903711,0.781959,-5.09076,-5.0531,-5.03083,-4.97846,-4.83322,-4.78212,-4.64802,-5.09076,-5.04152,-5.02986,-4.88077,-4.77885,-4.60981,-4.43973,0.864344,0.843047,0.839545,0.834971,0.896764,0.893552,0.926014,0.864344,0.867638,0.839545,0.891327,0.901295,0.924737,0.95201,5.16634,5.16787,5.00859,0.050206,4.26298,4.62828,4.88523,5.0339,5.12812,5.21649,5.48139,5.1336,5.09356,5.09443,0.0434612,4.48424,4.86692,4.96617,5.107,5.14976,5.42348,5.56914,6.2195,6.22078,6.09097,0.0735035,5.17319,5.47005,5.86745,6.04642,6.42354,6.54445,6.73403,6.38712,6.42315,6.24547,0.0605122,5.28842,5.86274,5.99388,6.29471,6.50672,6.66364,6.74764,4.00496,4.79514,4.19037,0.0669594,3.54231,3.75429,3.88689,4.12718,4.45272,4.60152,4.80675,3.8462,3.60609,4.03789,0.0806161,3.18101,3.54231,3.75429,3.96476,4.35737,4.60408,4.95232,5.1576,5.62486,5.24962,0.0371498,4.8343,5.03974,5.06965,5.19739,5.43493,5.46614,5.62393,5.17059,5.03925,5.16377,0.0467489,4.59682,4.8343,5.04824,5.17059,5.29111,5.47698,5.62393,-9999,-9999
200509,21.644,1.0,19.697,2.144,1.0,23.334,3.119,1.0,18.648,16.736,2.133,20.303,2.037,21.644,1.0,19.697,2.144,1.0,23.334,3.119,1.0,360.463,197.798,1.0,57.622,197.798,1.0,361.311,1.0,346.964,361.311,1.0,404.506,1.0,372.643,404.506,1.0,8.148,1.0,6.937,8.148,1.0,98.556,99.124,0.999306,2.689,4.79,1.0,2.01,2.401,0.999306,0.2508422933776235,0.7604166666666666,120.17863475177305,0.9993055555555556,390.0170247340426,0.9993055555555556,14.55190202994817,0.9930555555555556,24.143498817966904,0.9986111111111111,413.8853871158392,0.9993055555555556,383.344,0.999306,20.505,1.0,23.513,1.0,-0.557755,1.0,74.1536,0.947917,94.0352,0.794397,20.4628,0.954861,25.9491,0.475048,0.944444,1,22.3667,25.6333,22.3667,25.6333,-2.02971,-2.08278,0.854167,0.884722,0.0854245,0.0867792,0.109954,0.119055,-2.06961,-2.10372,0.86875,0.885417,0.0843297,0.0872999,0.109105,0.119435,-2.0233,-2.04196,0.866597,0.884861,0.012628,0.0127692,-2.13727,-2.0992,-2.08097,-2.03379,-1.99412,-1.96074,-1.89687,-2.21754,-2.13727,-2.09873,-2.03619,-1.99112,-1.97426,-1.91966,0.884028,0.936806,0.879167,0.791667,0.843056,0.838889,0.833333,0.94375,0.884028,0.9375,0.9,0.839583,0.783333,0.920833,4.88655,4.78828,1.05332,1.23541,0.877183,0.915061,0.109278,0.114391,0.193998,0.206804,-7.90015,-7.9098,7.24785,7.33703,0.835399,0.858488,0.119245,0.120658,0.150482,0.203177,4.83986,4.72955,1.04222,1.23433,0.882738,0.915061,0.108146,0.116421,0.193363,0.207934,-7.92759,-7.89683,7.38179,7.32292,0.857206,0.85977,0.119381,0.120402,0.150589,0.203025,4.60778,4.66052,4.72737,4.83986,4.95395,4.9811,5.17448,4.10752,4.60847,4.66657,4.75232,4.89018,4.95304,5.00316,0.916576,0.915061,0.948359,0.882738,0.794841,0.867063,0.854942,0.976389,0.916576,0.941035,0.948359,0.877183,0.874008,0.867063,-7.95207,-7.92996,-7.9201,-7.90115,-7.85648,-7.74638,-7.62886,-7.93965,-7.92013,-7.90613,-7.88229,-7.65164,-7.59319,-7.50113,0.788806,0.85844,0.817509,0.819979,0.855876,0.878811,0.887678,0.857099,0.857206,0.85977,0.811289,0.889174,0.896557,0.891049,5.38788,5.48182,5.21123,0.0643456,4.37511,4.88612,4.93611,5.11583,5.61645,5.66588,5.74754,5.61576,5.70309,5.3134,0.0549988,4.76288,4.90395,5.0193,5.29925,5.61645,5.70283,5.75097,7.52677,7.58554,7.25319,0.0636852,6.60407,6.87475,6.91655,7.25327,7.67111,7.73263,7.77296,7.70059,7.7727,7.3367,0.0585603,6.79668,6.92753,7.00193,7.31784,7.69393,7.73173,7.79184,5.56411,7.80112,5.92623,0.24299,3.1782,4.33459,4.56284,5.7028,7.07194,7.71542,8.41677,6.20703,5.532,6.48367,0.228493,3.98132,4.56284,5.36956,6.36123,7.4233,8.18305,8.52176,7.45243,8.28178,7.4967,0.116037,6.10496,6.7116,6.94904,7.45243,8.11119,8.26967,8.65283,7.93133,7.28169,7.75484,0.109044,6.50294,6.94816,7.25063,7.7797,8.24119,8.4536,8.72328,-9999,-9999
200510,13.767,1.0,12.224,2.198,1.0,15.41,2.9,1.0,15.047,13.611,1.984,16.587,1.666,13.767,1.0,12.224,2.198,1.0,15.41,2.9,1.0,278.149,155.072,1.0,37.169,155.072,1.0,314.287,1.0,340.562,314.287,1.0,335.003,1.0,362.887,335.003,1.0,5.285,1.0,6.231,5.285,1.0,98.56,99.199,1.0,1.06,2.473,1.0,1.782,2.713,1.0,0.2873288750022009,0.8077956989247312,77.61693548387096,1.0,290.9009685483871,1.0,12.461021505376342,1.0,19.638245692127626,0.9952956989247311,371.28494623655916,1.0,386.546,1.0,14.2,1.0,26.294,1.0,-4.69405,1.0,46.689,0.954301,51.3645,0.583196,27.2469,0.954973,29.9754,0.533538,0.953629,1,24.871,23.129,24.871,23.129,-0.793218,-0.874045,0.864247,0.891129,0.0490771,0.0509163,0.0874964,0.0890285,-0.871109,-0.85134,0.889785,0.897849,0.0492085,0.050847,0.0875702,0.0889889,-0.813216,-0.828612,0.878948,0.893128,0.01113,0.0151728,-0.904518,-0.885055,-0.869918,-0.833338,-0.751843,-0.740182,-0.70499,-1.07229,-0.885991,-0.871109,-0.837461,-0.755736,-0.739928,-0.709356,0.889785,0.890457,0.885081,0.897849,0.84207,0.901882,0.898522,0.950941,0.890457,0.889785,0.872984,0.899866,0.909274,0.898522,2.98637,2.87304,0.878014,0.92044,0.835806,0.880968,0.048331,0.0526858,0.158047,0.173826,-4.71785,-4.75974,4.6691,4.71315,0.893334,0.901457,0.0836783,0.0846101,0.107046,0.106091,2.83259,2.90937,0.901131,0.952906,0.885,0.891398,0.0479429,0.0525419,0.157929,0.173783,-4.71272,-4.75341,4.66261,4.71528,0.894678,0.904145,0.0838264,0.0845469,0.107162,0.10604,2.76652,2.81286,2.83451,2.8972,3.02864,3.11381,3.1618,2.34672,2.78252,2.83284,2.89455,3.05718,3.11381,3.16197,0.826183,0.883656,0.885,0.76962,0.906075,0.895376,0.892688,0.975806,0.826183,0.885,0.832849,0.896774,0.895376,0.892688,-4.76223,-4.75329,-4.74736,-4.71994,-4.66462,-4.61978,-4.594,-4.76965,-4.75585,-4.75326,-4.72002,-4.65566,-4.62785,-4.60205,0.91111,0.908177,0.904145,0.894678,0.894619,0.88936,0.886555,0.91111,0.904145,0.904145,0.894678,0.894736,0.926075,0.926075,3.29647,3.29647,3.32476,0.0409581,2.67362,3.14434,3.21957,3.32127,3.49718,3.57924,3.65457,3.21999,3.21817,3.36355,0.0292085,3.11612,3.20899,3.22937,3.34003,3.44701,3.58519,3.65316,4.14781,4.14781,4.15337,0.0271299,3.74591,3.97675,4.08989,4.15129,4.2761,4.30692,4.36393,4.10856,4.08928,4.17676,0.0202691,3.96352,4.08989,4.0999,4.16184,4.25988,4.32537,4.35815,2.7047,3.28395,2.77464,0.0474642,2.29569,2.47059,2.52689,2.76523,2.90179,3.1956,3.26489,2.7755,2.87254,2.83223,0.0401254,2.46879,2.65833,2.71578,2.81808,2.94419,3.15461,3.25193,3.49127,3.5653,3.33704,0.0298535,3.00017,3.12964,3.2114,3.32859,3.52588,3.55966,3.57656,3.21147,3.26189,3.36266,0.0268571,3.1391,3.21147,3.2368,3.32858,3.51702,3.54706,3.59872,-9999,-9999
200511,8.977,1.0,8.068,3.104,1.0,10.149,2.819,1.0,8.209,6.863,2.105,9.959,1.567,8.977,1.0,8.068,3.104,1.0,10.149,2.819,1.0,205.728,110.571,1.0,21.135,110.571,1.0,281.688,1.0,308.667,281.688,1.0,296.833,1.0,314.282,296.833,1.0,5.384,1.0,6.083,5.384,1.0,98.553,98.813,1.0,3.14,1.125,1.0,2.256,3.901,1.0,0.5047959763913528,0.9777777777777779,28.931944444444444,1.0,196.2908025,1.0,10.555555555555555,1.0,14.159494400527011,0.9958333333333332,348.10069444444446,1.0,386.731,0.999306,10.047,1.0,28.745,1.0,-4.54988,1.0,17.5045,1.0,19.2574,0.363384,29.4903,0.999306,32.4435,0.673781,1.0,2,27.2333,20.7667,27.2333,20.7667,0.785937,0.783848,0.984028,0.984722,0.024463,0.0252534,0.0272243,0.0330614,0.778213,0.777032,0.984722,0.984722,0.0249161,0.0251831,0.0276321,0.0330078,0.772762,0.760902,0.984722,0.987066,0.00286462,0.00556734,0.744273,0.760369,0.766961,0.776577,0.782295,0.784262,0.78808,0.654932,0.740748,0.756683,0.773614,0.780194,0.783424,0.78597,0.99375,0.981944,0.98125,0.982639,0.984722,0.984722,0.984722,0.998611,0.99375,0.989583,0.981944,0.985417,0.985417,0.984028,2.02064,2.01551,0.706185,0.735388,0.990168,0.990123,0.029114,0.029544,0.0398505,0.0668357,-0.888303,-0.887585,1.94663,1.9863,0.97632,0.977835,0.0400959,0.0407776,0.0451907,0.0481219,2.0245,2.00416,0.717918,0.746145,0.990168,0.990123,0.0292314,0.0294323,0.0399364,0.0667864,-0.91079,-0.888385,1.95022,1.98512,0.977835,0.977835,0.0401305,0.0407009,0.0452214,0.048057,1.92785,1.97007,1.98035,1.99945,2.01749,2.0245,2.02781,1.75746,1.9016,1.96069,1.99375,2.01158,2.0215,2.02516,1.0,0.985311,0.986593,0.990123,0.990168,0.990168,0.990168,1.0,1.0,0.996296,0.990123,0.988885,0.990168,0.990168,-0.910802,-0.9048,-0.898749,-0.888385,-0.873023,-0.86311,-0.853173,-0.910802,-0.904819,-0.898015,-0.882413,-0.86527,-0.853715,-0.831137,0.977835,0.977835,0.974805,0.977835,0.979423,0.9857,0.974726,0.977835,0.974805,0.974805,0.979423,0.979423,0.974726,0.99531,2.07042,2.07042,2.03125,0.0104608,1.86565,1.94446,2.0136,2.05223,2.07581,2.08445,2.08715,2.08479,2.08598,2.0579,0.00617758,1.98456,2.02245,2.04503,2.06569,2.08479,2.0871,2.09163,1.29339,1.29339,1.27035,0.00550129,1.19434,1.21072,1.25692,1.2734,1.2948,1.306,1.31371,1.29707,1.30777,1.28514,0.00442394,1.21784,1.25891,1.26826,1.29089,1.30609,1.30857,1.31854,1.90466,1.96269,1.94691,0.0140187,1.80515,1.84224,1.87039,1.95291,2.04368,2.04925,2.06154,2.04591,2.04238,1.97157,0.0119334,1.82433,1.8984,1.9097,1.95682,2.04733,2.05686,2.06206,1.27556,1.29052,1.30387,0.0062562,1.25627,1.26508,1.27451,1.28907,1.35649,1.35776,1.35957,1.35686,1.35736,1.31064,0.00646546,1.2495,1.26694,1.27701,1.29387,1.35736,1.35826,1.36006,-9999,-9999
200512,0.003,1.0,-0.636,2.144,1.0,0.913,1.988,1.0,4.918,3.647,2.201,6.738,1.673,0.003,1.0,-0.636,2.144,1.0,0.913,1.988,1.0,170.321,73.404,1.0,17.683,73.404,1.0,258.175,1.0,295.813,258.175,1.0,251.365,1.0,294.692,251.365,1.0,1.912,1.0,5.843,1.912,1.0,98.568,99.027,1.0,0.915,0.721,1.0,2.231,3.367,1.0,0.4302130375763047,0.9731182795698925,14.432795698924732,1.0,124.7762891129032,1.0,7.789650537634408,1.0,10.01478494623656,1.0,306.20967741935476,1.0,390.334,1.0,3.443,1.0,28.29,1.0,-6.28181,1.0,7.83856,1.0,9.9185,0.173092,24.7154,1.0,31.2735,0.611111,3.0,3,28.2581,19.7419,28.2581,19.7419,0.419037,0.39369,0.992608,0.99664,0.0212394,0.0214583,0.0534093,0.0437688,0.401327,0.392526,0.993952,0.99664,0.0214705,0.021459,0.0535016,0.0437692,0.417592,0.395524,0.992473,0.994909,0.00865626,0.00724785,0.350515,0.365234,0.38122,0.402874,0.436922,0.463243,0.513072,0.344884,0.350783,0.353531,0.392344,0.415067,0.427078,0.484403,0.998656,0.997984,0.99664,0.993952,0.991263,0.990591,0.978495,0.999328,0.999328,0.999328,0.99664,0.992608,0.992608,0.985215,0.93075,0.906142,0.482361,0.513475,0.995392,0.998848,0.0231113,0.0232726,0.0559751,0.0573922,-0.346811,-0.371592,1.18899,1.19669,0.98871,0.993548,0.037357,0.0376569,0.0528478,0.042731,0.914525,0.903706,0.501214,0.513219,0.995392,0.998848,0.0233319,0.023302,0.0560666,0.0574042,-0.365577,-0.370829,1.18966,1.19808,0.991935,0.993548,0.03762,0.0376219,0.053034,0.0427002,0.835155,0.869915,0.886808,0.915111,0.94174,0.971878,0.985465,0.815027,0.835252,0.851605,0.903425,0.933039,0.940176,0.980083,1.0,1.0,0.998848,0.995392,0.995392,0.993088,0.993088,1.0,1.0,1.0,0.998848,0.995392,0.993088,0.993088,-0.388991,-0.376823,-0.373149,-0.365973,-0.321194,-0.302061,-0.204001,-0.389051,-0.384069,-0.376815,-0.369442,-0.355968,-0.343677,-0.264429,0.996774,0.993548,0.98871,0.998387,0.98871,0.987097,0.957216,0.996774,0.993548,0.993548,0.993548,0.998387,0.98871,0.974109,0.970534,0.970892,0.952858,0.00924092,0.841595,0.874759,0.900621,0.970534,0.995457,0.999175,1.03008,0.981932,0.987332,0.981038,0.00749196,0.882787,0.92989,0.947748,0.987264,1.00941,1.02876,1.03286,0.57819,0.578365,0.557334,0.00467354,0.496711,0.507212,0.53988,0.567588,0.578268,0.583957,0.585997,0.585391,0.586004,0.563446,0.00434307,0.50307,0.529932,0.547658,0.57197,0.580428,0.585391,0.587974,0.580996,0.554885,0.589445,0.00797761,0.529997,0.536058,0.543301,0.583098,0.615794,0.639015,0.678803,0.536348,0.530014,0.595007,0.0097325,0.529921,0.537775,0.543301,0.581387,0.619884,0.670883,0.700575,0.470282,0.452362,0.462857,0.00425412,0.412913,0.444382,0.446658,0.457838,0.473224,0.477527,0.50888,0.459641,0.446072,0.464468,0.00479275,0.412913,0.44443,0.446564,0.457839,0.475155,0.49195,0.516854,-9999,-9999
200601,5.338,1.0,4.546,2.938,1.0,6.41,2.697,1.0,3.211,2.307,1.847,4.483,1.376,5.338,1.0,4.546,2.938,1.0,6.41,2.697,1.0,187.375,86.098,1.0,18.349,86.098,1.0,273.4,1.0,300.633,273.4,1.0,274.532,1.0,302.038,274.532,1.0,3.818,1.0,5.503,3.818,1.0,98.569,98.724,1.0,5.499,1.495,1.0,2.188,3.831,1.0,0.5103493547135686,0.9254032258064516,17.807795698924732,1.0,146.9054745967742,1.0,8.229166666666666,1.0,10.983377239021896,0.9892473118279569,329.72311827956986,1.0,390.161,0.995968,5.337,1.0,28.675,1.0,-2.47673,1.0,8.78519,0.190188,11.7814,0.250256,18.4372,0.195565,24.7253,0.749102,3.0,3,27.871,20.129,12.9032,8.67742,0.549591,0.517464,0.194892,0.195565,0.0271219,0.0262992,0.0611167,0.0685848,0.544142,0.516829,0.195565,0.195565,0.0269082,0.0262865,0.0610221,0.06858,0.540427,0.513733,0.191415,0.192927,0.00805569,0.00888414,0.445288,0.484456,0.503303,0.544953,0.585971,0.593995,0.610793,0.423275,0.444931,0.455058,0.515938,0.551365,0.571616,0.600193,0.192876,0.192876,0.189516,0.196237,0.191532,0.179435,0.178763,0.195565,0.192876,0.192876,0.195565,0.194892,0.19422,0.183468,1.09287,1.05502,0.165938,0.159775,0.206897,0.206897,0.0324045,0.0321897,0.0605016,0.0808702,-0.241513,-0.262862,1.02439,1.01054,0.17657,0.178268,0.0418531,0.041005,0.0666902,0.0580933,1.07729,1.05456,0.157749,0.159817,0.206897,0.206897,0.0329169,0.032186,0.0607775,0.0808687,-0.23245,-0.26366,1.01585,1.00906,0.178268,0.178268,0.041986,0.0409646,0.0667736,0.0580648,0.972901,1.02285,1.03555,1.07968,1.12164,1.12503,1.13865,0.95111,0.972319,0.985407,1.05326,1.09564,1.12069,1.13436,0.20356,0.20356,0.19911,0.206897,0.192436,0.206897,0.192436,0.208009,0.20356,0.20356,0.206897,0.206897,0.192436,0.192436,-0.317773,-0.293865,-0.268388,-0.241494,-0.20467,-0.190021,-0.142066,-0.335543,-0.314673,-0.30928,-0.263876,-0.240658,-0.232371,-0.183712,0.17657,0.17657,0.174873,0.17657,0.168081,0.169779,0.154499,0.17657,0.17657,0.17657,0.178268,0.17657,0.178268,0.169779,4.24985,4.24985,4.32615,0.0436862,3.85877,4.10882,4.14438,4.22334,4.55609,4.59165,4.77597,4.24985,4.19323,4.29134,0.0515231,3.73468,3.92413,4.12702,4.21939,4.57358,4.62398,4.7593,3.73391,3.73302,3.81241,0.0418485,3.31186,3.54866,3.64775,3.73391,4.05794,4.12536,4.17733,3.7113,3.64909,3.75092,0.0479456,3.25794,3.40092,3.60522,3.67375,4.0267,4.08245,4.16084,2.46332,2.89281,2.98695,0.102294,2.31277,2.45452,2.45538,2.89281,3.17612,3.21005,4.544,2.95011,2.94258,3.17675,0.115415,2.31277,2.45452,2.51695,2.95011,3.21005,4.46649,4.63409,4.8608,4.94213,4.94637,0.0112072,4.8608,4.86302,4.88475,4.94213,4.99509,5.00267,5.06692,4.95722,4.95203,4.96317,0.0111015,4.8608,4.8695,4.90508,4.95722,5.00186,5.01315,5.10486,-9999,-9999
200602,1.729,1.0,0.612,3.188,1.0,3.016,3.41,1.0,4.124,2.656,2.151,5.844,1.841,1.729,1.0,0.612,3.188,1.0,3.016,3.41,1.0,247.775,142.747,1.0,30.999,142.747,1.0,244.582,1.0,292.257,244.582,1.0,244.58,1.0,289.274,244.58,1.0,4.053,1.0,5.631,4.053,1.0,98.545,99.169,1.0,2.555,0.07,1.0,2.204,3.336,1.0,0.416925016144103,0.996279761904762,54.96726190476189,1.0,239.74868035714283,1.0,12.933779761904761,1.0,17.214285714285715,1.0,313.9441964285715,1.0,390.48,1.0,3.374,1.0,26.763,1.0,-3.83343,1.0,8.50609,0.0,10.8132,-9999,33.3605,0.0,42.409,-9999,3.0,3,25.8929,22.1071,0.0,0.0,0.0999261,0.0651925,0.0,0.0,-9999,-9999,-9999,-9999,0.091109,0.0626916,0.0,0.0,-9999,-9999,-9999,-9999,0.118383,0.084167,0.0,0.0,0.0142989,0.0119476,0.0212441,0.0437984,0.0541581,0.0931167,0.190432,0.215594,0.285376,0.00634267,0.0231675,0.0316988,0.061995,0.100114,0.112343,0.218699,0.0,0.0,0.0,0.0,0.0,0.0,0.0,0.0,0.0,0.0,0.0,0.0,0.0,0.0,0.940223,0.908952,0.206572,0.196992,0.0,0.0,-9999,-9999,-9999,-9999,-0.89642,-0.932256,1.36876,1.31886,0.0,0.0,-9999,-9999,-9999,-9999,0.922233,0.904953,0.193993,0.195421,0.0,0.0,-9999,-9999,-9999,-9999,-0.893548,-0.93273,1.36088,1.3184,0.0,0.0,-9999,-9999,-9999,-9999,0.8203,0.864256,0.880138,0.928357,0.952486,0.966906,0.996099,0.807794,0.823413,0.845283,0.903722,0.943156,0.950223,0.963002,0.0,0.0,0.0,0.0,0.0,0.0,0.0,0.0,0.0,0.0,0.0,0.0,0.0,0.0,-0.935864,-0.93279,-0.927665,-0.900179,-0.73886,-0.726012,-0.516385,-0.938856,-0.935618,-0.93279,-0.91979,-0.89628,-0.892308,-0.714291,0.0,0.0,0.0,0.0,0.0,0.0,0.0,0.0,0.0,0.0,0.0,0.0,0.0,0.0,3.73447,3.73447,3.83082,0.0493598,3.29172,3.57677,3.61251,3.70364,4.09142,4.13466,4.34731,3.73447,3.66876,3.79055,0.0546568,3.16554,3.38342,3.603,3.69906,4.0694,4.13043,4.31266,3.67248,3.67178,3.74666,0.0480202,3.1986,3.46431,3.57421,3.6458,4.03726,4.09519,4.20564,3.65285,3.57765,3.67217,0.0512702,3.11003,3.2708,3.51197,3.60371,3.99171,4.07105,4.12223,1.96869,2.36436,2.48552,0.107029,1.83007,1.95965,1.96145,2.36436,2.63898,2.6689,4.19223,2.41854,2.41237,2.68392,0.12231,1.83007,1.95965,2.01775,2.41854,2.6689,4.12072,4.22686,7.37952,7.48681,7.49515,0.0152309,7.37952,7.38162,7.4162,7.48681,7.56312,7.56826,7.65269,7.51147,7.50556,7.51888,0.0150645,7.37952,7.39128,7.44342,7.51147,7.56509,7.59323,7.70982,-9999,-9999
200603,8.17,1.0,7.084,2.985,1.0,9.219,3.059,1.0,9.556,7.712,2.535,11.326,2.316,8.17,1.0,7.084,2.985,1.0,9.219,3.059,1.0,329.425,154.372,1.0,55.019,154.372,1.0,290.356,1.0,301.556,290.356,1.0,297.151,1.0,303.445,297.151,1.0,4.753,1.0,6.624,4.753,1.0,98.544,99.016,1.0,0.287,2.355,1.0,2.629,3.896,1.0,0.5332658464596632,0.9159946236559141,81.34811827956989,1.0,272.3223072580645,1.0,13.333333333333334,1.0,17.23382209188661,0.9932795698924731,345.50537634408596,1.0,392.533,0.994624,7.935,1.0,28.606,1.0,0.864163,1.0,47.8885,0.0,62.7915,-9999,10.7851,0.0,14.1414,-9999,3.0,3,23.5484,24.4516,0.0,0.0,-1.8693,-1.82821,0.0,0.0,-9999,-9999,-9999,-9999,-1.84254,-1.82937,0.0,0.0,-9999,-9999,-9999,-9999,-1.8486,-1.86068,0.0,0.0,0.0149017,0.00779401,-2.00914,-1.90758,-1.87633,-1.85264,-1.80575,-1.78284,-1.74057,-1.98347,-1.89477,-1.88435,-1.8542,-1.82912,-1.82537,-1.78112,0.0,0.0,0.0,0.0,0.0,0.0,0.0,0.0,0.0,0.0,0.0,0.0,0.0,0.0,3.55639,3.47839,0.725292,0.713051,0.0,0.0,-9999,-9999,-9999,-9999,-6.86103,-6.71002,6.92256,6.85256,0.0,0.0,-9999,-9999,-9999,-9999,3.51768,3.47832,0.71991,0.713112,0.0,0.0,-9999,-9999,-9999,-9999,-6.77344,-6.71218,6.89359,6.84973,0.0,0.0,-9999,-9999,-9999,-9999,3.22645,3.38419,3.43169,3.5217,3.5726,3.83675,3.95072,3.25644,3.33636,3.40618,3.47839,3.55639,3.59113,3.85328,0.0,0.0,0.0,0.0,0.0,0.0,0.0,0.0,0.0,0.0,0.0,0.0,0.0,0.0,-7.00868,-6.9704,-6.91474,-6.79278,-6.71226,-6.70183,-6.68723,-7.02599,-6.91984,-6.86073,-6.74478,-6.71343,-6.71002,-6.70787,0.0,0.0,0.0,0.0,0.0,0.0,0.0,0.0,0.0,0.0,0.0,0.0,0.0,0.0,4.63963,4.63963,4.69671,0.0370738,4.23799,4.52376,4.55684,4.61885,4.90471,4.92677,5.05809,4.63963,4.59523,4.66826,0.0473436,4.19507,4.38284,4.53545,4.61576,4.90885,4.97955,5.06198,6.46924,6.469,6.55738,0.0329386,6.18117,6.41423,6.43423,6.4899,6.73528,6.77417,6.88261,6.44539,6.43777,6.51686,0.0398744,6.06592,6.23559,6.40949,6.46903,6.72023,6.76607,6.89666,3.00542,3.41232,3.48021,0.0890058,2.87243,2.99802,3.00026,3.41232,3.66905,3.70538,4.77595,3.46577,3.45692,3.6435,0.0992289,2.87243,2.9999,3.05526,3.46577,3.70538,4.69449,4.91087,7.76422,7.87407,7.88326,0.0157121,7.7624,7.76617,7.80291,7.87407,7.95161,7.95859,8.04445,7.90037,7.89452,7.90794,0.0155448,7.76422,7.77632,7.83087,7.90037,7.95466,7.98604,8.10456,-9999,-9999
200604,16.847,1.0,14.978,2.801,1.0,18.297,3.545,1.0,11.666,10.054,2.063,12.913,2.065,16.847,1.0,14.978,2.801,1.0,18.297,3.545,1.0,408.24,227.007,1.0,72.177,227.007,1.0,321.131,1.0,320.059,321.131,1.0,347.891,1.0,331.642,347.891,1.0,9.509,1.0,6.202,9.509,1.0,98.541,98.534,1.0,1.881,3.268,1.0,2.372,3.535,1.0,0.4892603111961438,0.9187499999999998,131.35208333333333,1.0,419.3223964583333,1.0,19.84722222222223,1.0,27.469461279461278,0.992361111111111,388.5520833333333,1.0,391.972,1.0,14.669,1.0,28.806,1.0,4.27743,1.0,85.2272,0.0,116.008,-9999,19.9863,0.0,27.2046,-9999,1.0,2,20.8667,27.1333,0.0,0.0,-3.69834,-3.70343,0.0,0.0,-9999,-9999,-9999,-9999,-3.71355,-3.71543,0.0,0.0,-9999,-9999,-9999,-9999,-3.71624,-3.73662,0.0,0.0,0.0277262,0.0166912,-4.01568,-3.80958,-3.76765,-3.70834,-3.69539,-3.52736,-3.45754,-3.977,-3.82318,-3.76906,-3.71189,-3.69834,-3.68888,-3.52934,0.0,0.0,0.0,0.0,0.0,0.0,0.0,0.0,0.0,0.0,0.0,0.0,0.0,0.0,5.45874,5.4237,0.600489,0.577512,0.0,0.0,-9999,-9999,-9999,-9999,-10.537,-10.5185,8.8814,8.81546,0.0,0.0,-9999,-9999,-9999,-9999,5.43195,5.40352,0.579026,0.579333,0.0,0.0,-9999,-9999,-9999,-9999,-10.5425,-10.5233,8.83413,8.80779,0.0,0.0,-9999,-9999,-9999,-9999,4.98035,5.19272,5.28161,5.43195,5.50393,5.87616,5.94664,5.03942,5.1699,5.28161,5.42341,5.45874,5.51227,5.87917,0.0,0.0,0.0,0.0,0.0,0.0,0.0,0.0,0.0,0.0,0.0,0.0,0.0,0.0,-10.708,-10.5845,-10.5688,-10.5351,-10.5227,-10.5186,-10.5021,-10.6878,-10.5822,-10.5585,-10.5343,-10.5192,-10.5185,-10.5141,0.0,0.0,0.0,0.0,0.0,0.0,0.0,0.0,0.0,0.0,0.0,0.0,0.0,0.0,5.80442,5.80442,5.80072,0.0257121,5.36062,5.75251,5.79971,5.82563,5.84738,5.85169,6.02278,5.80442,5.80192,5.79344,0.0417308,5.23642,5.75146,5.80049,5.80495,5.85158,5.93906,6.04602,9.52059,9.51985,9.53733,0.014511,9.33761,9.49383,9.50696,9.53752,9.59844,9.61859,9.62494,9.51985,9.51547,9.50968,0.0212803,9.20526,9.49373,9.49716,9.51985,9.57002,9.61428,9.6216,4.83346,5.10506,5.09244,0.039174,4.79185,4.82929,4.84232,5.10506,5.23983,5.28246,5.51319,5.1388,5.12569,5.15228,0.0409653,4.79256,4.83346,4.86135,5.1388,5.28166,5.39818,5.70864,9.49766,9.60306,9.59845,0.01266,9.49766,9.50328,9.52375,9.60306,9.65311,9.67039,9.74899,9.6258,9.61818,9.61292,0.0129055,9.49766,9.50765,9.54352,9.60779,9.66767,9.67875,9.7642,-9999,-9999
200605,18.394,1.0,16.482,2.097,1.0,19.615,3.057,1.0,15.108,13.42,1.698,16.191,2.116,18.394,1.0,16.482,2.097,1.0,19.615,3.057,1.0,462.933,241.802,1.0,83.427,241.802,1.0,341.702,1.0,339.951,341.702,1.0,377.823,1.0,361.957,377.823,1.0,7.909,1.0,6.607,7.909,1.0,98.556,98.368,1.0,2.789,2.632,1.0,2.384,3.062,1.0,0.3914275338578413,0.9798387096774194,152.244623655914,1.0,467.3297302419355,1.0,15.981182795698924,1.0,34.02217741935484,1.0,396.55846774193543,1.0,384.47,1.0,16.049,1.0,23.263,1.0,3.3372,1.0,87.2929,0.660618,118.82,0.918728,22.2636,0.66129,30.3044,0.592882,0.658602,1,18.7742,29.2258,17.1613,25.7419,-4.69022,-4.69087,0.65793,0.658602,0.0887672,0.0886969,0.248124,0.143211,-4.68465,-4.71999,0.65793,0.659274,0.0885484,0.0906847,0.248046,0.144451,-4.67205,-4.71368,0.659056,0.659173,0.0343851,0.0229163,-4.96564,-4.84663,-4.81324,-4.68871,-4.62137,-4.38322,-4.26172,-4.93216,-4.8508,-4.81634,-4.7023,-4.68323,-4.62593,-4.3819,0.662634,0.661962,0.659946,0.65793,0.65793,0.663306,0.656586,0.661962,0.662634,0.659946,0.659274,0.658602,0.65793,0.662634,5.23672,5.15859,0.915387,0.932517,0.662045,0.662045,0.0900955,0.0888683,0.499403,0.304368,-10.7767,-10.7252,9.57486,9.47923,0.655506,0.656581,0.128629,0.129594,0.139896,0.13568,5.17297,5.05935,0.927832,0.97798,0.662045,0.662045,0.0900899,0.0949193,0.499402,0.30619,-10.7256,-10.7106,9.50275,9.46296,0.655506,0.657657,0.128911,0.131225,0.140155,0.137237,4.64478,4.77416,4.86034,5.16634,5.32289,5.75658,5.91168,4.73192,4.75132,4.85366,5.07827,5.23672,5.33353,5.80935,0.663837,0.663837,0.662045,0.662045,0.662045,0.678834,0.677042,0.663837,0.663837,0.662045,0.662045,0.662045,0.662045,0.678834,-10.857,-10.7774,-10.7401,-10.7236,-10.7006,-10.6674,-10.5926,-10.8411,-10.7767,-10.7399,-10.7252,-10.703,-10.6963,-10.6654,0.661884,0.655506,0.661921,0.655506,0.657582,0.647979,0.643678,0.661884,0.655506,0.661921,0.656581,0.657582,0.657582,0.65228,5.69018,5.69018,5.72319,0.0271167,5.352,5.59679,5.69018,5.72883,5.77238,5.81728,5.99535,5.69018,5.77137,5.73376,0.040127,5.19718,5.61917,5.70544,5.73538,5.80977,5.98054,6.06714,10.412,10.4102,10.4369,0.0141346,10.2806,10.3871,10.412,10.4467,10.4951,10.5016,10.529,10.4102,10.456,10.4058,0.0193583,10.135,10.3447,10.3722,10.4296,10.4569,10.4938,10.5285,5.25888,5.30451,5.40148,0.044915,4.99035,5.06647,5.25888,5.37971,5.46174,5.62809,5.96432,5.38987,5.39746,5.47781,0.0510764,4.99153,5.13908,5.2843,5.38975,5.62804,5.90373,6.13102,10.7125,10.6965,10.7568,0.0165006,10.5539,10.6771,10.7158,10.7422,10.8009,10.8317,10.9374,10.7536,10.7517,10.779,0.0176701,10.5555,10.6881,10.7224,10.7536,10.8284,10.9091,10.9836,-9999,-9999
200606,23.476,1.0,21.308,2.187,1.0,24.723,3.165,1.0,18.715,16.564,1.688,19.952,2.212,23.476,1.0,21.308,2.187,1.0,24.723,3.165,1.0,485.7,286.357,1.0,88.828,286.357,1.0,364.1,1.0,345.904,364.1,1.0,409.043,1.0,371.028,409.043,1.0,11.137,1.0,6.951,11.137,1.0,98.556,98.437,1.0,0.254,1.93,1.0,2.178,2.515,1.0,0.3150233402777778,1.0,189.4472222222222,1.0,559.9619852083334,1.0,17.46597222222222,1.0,37.86132631822386,0.9979166666666667,422.60624999999993,1.0,380.877,1.0,20.538,1.0,27.413,1.0,3.8204,1.0,123.377,0.998611,156.825,1.12578,22.6812,1.0,28.83,0.608251,0.998611,1,17.5333,30.4667,17.5333,30.3333,-4.76208,-5.04399,0.926389,0.958333,0.0979487,0.102977,0.222699,0.178768,-4.79018,-5.02946,0.949306,0.964583,0.0997496,0.104115,0.223497,0.179426,-4.83848,-4.86439,0.937622,0.949983,0.0260691,0.0230223,-5.10205,-5.03778,-4.99066,-4.82972,-4.7612,-4.63778,-4.53352,-5.06908,-5.02774,-4.99366,-4.89443,-4.77333,-4.73548,-4.62998,0.99375,0.982639,0.977778,0.94375,0.909028,0.901389,0.884722,0.988194,0.965278,0.977778,0.970833,0.933333,0.922917,0.895833,5.89069,5.33674,1.89248,2.28087,0.933333,0.988889,0.146255,0.152119,0.449171,0.35884,-10.6153,-10.719,9.89763,9.76868,0.922939,0.940502,0.125665,0.129554,0.140678,0.134846,5.80855,5.32883,1.98727,2.32636,0.97037,0.988889,0.14594,0.155546,0.449069,0.360306,-10.6111,-10.6922,9.91787,9.76639,0.937168,0.950394,0.126065,0.130298,0.141035,0.13556,4.92712,5.24486,5.33606,5.73632,5.89069,6.09424,6.21161,5.15235,5.28945,5.33674,5.55244,5.85061,5.93945,6.13718,1.0,0.994444,0.988889,0.966667,0.933333,0.823638,0.891068,0.994444,0.994444,0.988889,0.988889,0.933333,0.92963,0.891068,-10.6922,-10.6619,-10.63,-10.6148,-10.5892,-10.5355,-10.4477,-10.7011,-10.6619,-10.6531,-10.6214,-10.6042,-10.5871,-10.5011,0.950394,0.975878,0.960323,0.976953,0.792366,0.889964,0.997778,0.940502,0.982437,0.975878,0.961505,0.909785,0.906523,0.987957,6.02964,6.02964,6.32793,0.0790613,5.621,5.83977,6.00593,6.18178,6.53779,6.62343,7.30291,6.02964,6.56076,6.42059,0.0977834,5.45007,5.81768,6.0106,6.32356,6.58894,7.30549,7.41663,11.0574,11.0591,11.1923,0.0576869,10.6129,10.8418,10.972,11.104,11.3457,11.3866,11.9514,11.0591,11.3509,11.2591,0.0738988,10.5521,10.8288,10.9682,11.2035,11.373,11.9329,12.0389,7.51041,9.11248,7.95421,0.137132,6.53482,6.96912,7.57146,7.82233,8.52162,8.90018,9.32336,8.76124,9.47026,7.97038,0.150744,6.20335,7.07384,7.58223,7.78855,8.63294,8.91221,9.42951,11.8446,12.7638,12.1223,0.0848569,11.218,11.5282,11.8725,12.0251,12.5022,12.6759,12.9215,12.5219,12.943,12.1356,0.0936932,11.0961,11.5496,11.8724,11.9872,12.5219,12.6985,13.1781,-9999,-9999
200607,26.948,1.0,24.383,2.118,1.0,28.528,3.39,1.0,24.448,22.13,2.032,25.865,2.579,26.948,1.0,24.383,2.118,1.0,28.528,3.39,1.0,474.191,276.508,1.0,93.854,276.508,1.0,388.886,1.0,368.478,388.886,1.0,435.871,1.0,405.43,435.871,1.0,15.427,1.0,8.023,15.427,1.0,98.555,98.418,1.0,0.026,1.316,1.0,1.995,2.291,1.0,0.3305616720430108,1.0,183.17943548387098,1.0,540.578331048387,1.0,17.131048387096776,1.0,35.48440934817423,0.9979838709677419,446.09408602150535,1.0,377.313,1.0,23.168,1.0,22.247,1.0,4.48993,1.0,87.2165,0.999328,108.601,0.905076,56.1207,0.999328,69.8806,0.754861,0.997312,1,18.1935,29.8065,18.1935,29.8065,-2.59697,-2.57326,0.965726,0.971774,0.0763533,0.0802073,0.1401,0.157517,-2.67692,-2.47267,0.971774,0.972446,0.0796452,0.0823216,0.141921,0.158604,-2.59901,-2.60209,0.956032,0.967658,0.0193013,0.0193668,-2.88267,-2.72817,-2.65792,-2.55137,-2.52062,-2.49324,-2.46869,-2.87418,-2.75735,-2.68094,-2.57326,-2.50469,-2.48622,-2.46931,0.993952,0.986559,0.96707,0.964382,0.83871,0.977151,0.973118,0.990591,0.986559,0.971774,0.971774,0.84879,0.977151,0.975806,4.72641,4.71195,1.16852,1.4202,0.989813,0.989813,0.101475,0.105229,0.360748,0.380506,-6.8506,-6.80022,6.83492,6.8899,0.951451,0.961175,0.10609,0.106616,0.124151,0.113769,4.51963,4.93567,1.35247,1.67644,0.989813,0.989813,0.103006,0.113303,0.361182,0.382818,-6.84665,-6.77688,6.83076,6.90609,0.961175,0.962144,0.10641,0.107411,0.124424,0.114514,3.88419,4.28369,4.51867,4.80104,4.93567,4.97605,5.16863,3.91254,4.20317,4.49984,4.73907,4.90373,4.9345,5.02871,1.0,0.998302,0.989813,0.991511,0.989813,0.936083,0.893283,1.0,0.998302,0.998302,0.989813,0.96135,0.989813,0.934186,-7.03081,-6.91078,-6.86787,-6.83025,-6.78516,-6.78181,-6.7701,-6.95221,-6.86121,-6.85393,-6.80756,-6.78553,-6.78181,-6.75609,0.875207,0.901039,0.95687,0.94937,0.979942,0.974165,0.975421,0.902261,0.953533,0.953533,0.985145,0.967634,0.974165,0.973124,5.09978,5.10469,4.89009,0.0652771,4.09761,4.43556,4.68182,4.94919,5.11321,5.27266,5.32603,5.10469,4.68823,4.96207,0.0690063,4.10422,4.49801,4.69423,5.01637,5.22253,5.32169,5.60232,7.57278,7.57736,7.49218,0.0498595,6.96315,7.19292,7.34694,7.46935,7.59112,7.82438,7.86958,7.57736,7.36515,7.56108,0.0534867,6.97726,7.22618,7.36097,7.5021,7.76399,7.86499,8.113,5.77218,5.71447,5.48183,0.0686645,4.44237,5.13552,5.29412,5.47891,5.74405,5.83584,6.23145,5.61609,5.35366,5.46651,0.0727813,4.25771,5.00139,5.22899,5.60955,5.74405,5.81193,6.03949,8.06149,8.03832,7.88335,0.0419712,7.20436,7.67883,7.72174,7.86332,8.04963,8.05764,8.24716,8.05543,7.82572,7.85838,0.0454498,7.11024,7.53299,7.7069,7.93864,8.01317,8.06055,8.24234,-9999,-9999
200608,25.815,1.0,23.483,1.916,1.0,27.459,3.373,1.0,22.352,20.565,1.888,23.625,1.944,25.815,1.0,23.483,1.916,1.0,27.459,3.373,1.0,429.882,227.128,1.0,81.534,227.128,1.0,388.246,1.0,366.59,388.246,1.0,441.482,1.0,402.552,441.482,1.0,13.285,1.0,7.489,13.285,1.0,98.541,98.368,1.0,0.734,3.032,1.0,2.228,2.475,1.0,0.3237491908602151,1.0,147.06787634408605,1.0,470.55864193548393,1.0,14.893817204301078,1.0,29.051312918809412,0.9966397849462366,439.5685483870967,1.0,378.683,1.0,23.313,1.0,24.952,1.0,1.77067,1.0,62.1458,0.994624,79.7424,0.838024,50.8882,0.999328,65.2972,0.794812,0.993952,1,19.9355,28.0645,19.9355,28.0645,-1.21193,-1.20262,0.963038,0.968414,0.0639637,0.0684003,0.105356,0.104452,-1.22629,-1.28329,0.96707,0.969758,0.0684808,0.0691894,0.108158,0.10497,-1.19768,-1.22587,0.961425,0.966566,0.0217207,0.0140188,-1.31608,-1.30083,-1.28329,-1.2225,-1.18733,-1.1334,-0.986944,-1.32209,-1.31288,-1.29374,-1.24611,-1.2043,-1.155,-1.10718,0.97043,0.969758,0.969758,0.975134,0.964382,0.959005,0.9375,0.971102,0.969758,0.975806,0.975134,0.964382,0.962366,0.952285,4.23897,4.17886,1.23302,1.31288,0.961205,0.964601,0.0874311,0.0892885,0.192855,0.180478,-5.02273,-4.96765,5.92197,5.91039,0.963547,0.970551,0.0925699,0.093201,0.107875,0.102372,4.18125,4.06954,1.25349,1.38461,0.962903,0.964601,0.0902376,0.0911191,0.194144,0.18139,-5.01038,-5.01998,5.91397,5.89388,0.969438,0.97294,0.0928998,0.0938867,0.108158,0.102997,3.85682,3.97962,4.00752,4.16511,4.25296,4.32341,4.59698,3.89677,3.97468,3.9947,4.09227,4.2279,4.28837,4.40179,0.966299,0.966299,0.964601,0.962903,0.961205,0.962903,0.942784,0.966299,0.966299,0.966299,0.966299,0.951512,0.962903,0.951512,-5.05779,-5.02273,-5.00874,-4.9829,-4.95749,-4.91196,-4.80284,-5.05779,-5.02995,-5.01734,-4.98574,-4.958,-4.94525,-4.86263,0.968326,0.963547,0.977472,0.966019,0.955431,0.932528,0.857634,0.968326,0.974053,0.977472,0.979736,0.984308,0.934835,0.984308,4.12435,4.12117,4.09083,0.022838,3.85937,3.91423,3.9479,4.10589,4.21246,4.23555,4.28187,4.12117,4.20775,4.13081,0.0299482,3.85247,3.91423,3.96009,4.16079,4.23226,4.26241,4.32362,5.40704,5.40445,5.3167,0.0174219,5.11828,5.16729,5.23546,5.34009,5.38853,5.43404,5.47337,5.40445,5.43404,5.32848,0.0180853,5.11392,5.16066,5.2358,5.35175,5.41258,5.45285,5.47371,4.3242,4.75406,4.62923,0.0511432,4.13567,4.19417,4.31936,4.69686,4.90182,4.95331,5.0746,4.73259,4.95331,4.6441,0.0553607,3.97943,4.25622,4.36534,4.70577,4.92735,4.93929,5.02918,5.6586,5.91992,5.84042,0.034719,5.48483,5.5912,5.61892,5.86379,6.0227,6.07769,6.14066,5.99326,6.07769,5.84785,0.0366577,5.415,5.59844,5.67026,5.89149,6.03278,6.09551,6.12267,-9999,-9999
200609,18.957,1.0,17.094,2.349,1.0,20.584,3.221,1.0,20.333,18.489,2.028,21.945,2.079,18.957,1.0,17.094,2.349,1.0,20.584,3.221,1.0,360.463,189.12,1.0,55.717,189.12,1.0,338.46,1.0,357.958,338.46,1.0,380.45,1.0,389.398,380.45,1.0,8.559,1.0,7.124,8.559,1.0,98.545,98.308,1.0,1.147,1.653,1.0,1.956,2.644,1.0,0.3351883315740741,0.9979166666666667,105.2340277777778,1.0,376.27817916666675,1.0,12.677083333333336,1.0,24.34046985815603,0.9993055555555554,397.1270833333334,1.0,380.623,0.997917,17.934,1.0,25.639,1.0,-2.22491,1.0,56.5073,0.991667,66.4655,0.722665,34.1893,1.0,40.2145,0.649248,0.991667,1,22.3667,25.6333,22.3667,25.6333,-2.29256,-2.32929,0.955556,0.965278,0.0649915,0.0701053,0.0764071,0.0796176,-2.32195,-2.31929,0.964583,0.965278,0.0699422,0.0703948,0.0806602,0.0798726,-2.31225,-2.31504,0.957656,0.961493,0.00683778,0.00574818,-2.37702,-2.34678,-2.33624,-2.32195,-2.2911,-2.26642,-2.25214,-2.37435,-2.34852,-2.34162,-2.32464,-2.29357,-2.27304,-2.24535,0.95625,0.963889,0.971528,0.964583,0.954167,0.947917,0.944444,0.961806,0.963889,0.963889,0.963194,0.963194,0.94375,0.954167,3.69718,3.65753,1.01533,1.11192,0.955934,0.955934,0.0820148,0.0820825,0.0961768,0.0950824,-7.33258,-7.36145,6.49403,6.44869,0.956078,0.97424,0.105247,0.104277,0.138457,0.13548,3.67137,3.67484,1.10698,1.11931,0.955934,0.955934,0.0815559,0.0817556,0.0957858,0.0948003,-7.35951,-7.35794,6.45181,6.44917,0.972851,0.97424,0.104234,0.105104,0.137689,0.136118,3.45042,3.57855,3.58939,3.66161,3.67137,3.67902,3.69527,3.5107,3.58098,3.61231,3.66361,3.67137,3.67697,3.69727,0.934722,0.940783,0.940783,0.954419,0.955934,0.955934,0.960227,0.933207,0.969318,0.969318,0.955934,0.955934,0.955934,0.955934,-7.39525,-7.37999,-7.37313,-7.32587,-7.2135,-7.20006,-7.18822,-7.39108,-7.38271,-7.37923,-7.35789,-7.31365,-7.20972,-7.19165,0.97018,0.971462,0.971462,0.974133,0.932811,0.95495,0.945501,0.971569,0.971462,0.971462,0.97424,0.954796,0.954796,0.949668,4.12198,4.12101,4.05586,0.0243717,3.59386,4.05243,4.06133,4.0976,4.12435,4.14082,4.16416,4.12101,4.10952,4.00472,0.0352127,3.49309,3.67435,4.05243,4.09388,4.11845,4.12719,4.16931,6.44043,6.4403,6.3709,0.0247453,5.8584,6.34797,6.38653,6.42224,6.43707,6.44509,6.47696,6.4403,6.43146,6.31697,0.0340906,5.82848,5.94727,6.32778,6.4187,6.43513,6.4403,6.45459,5.24119,5.49007,4.90418,0.0877739,3.65642,4.34988,4.64489,4.98906,5.23803,5.48954,5.63618,5.33557,4.7969,4.87698,0.0970652,3.41031,4.31606,4.5022,4.97256,5.21369,5.51278,5.73882,6.83419,6.95502,6.66992,0.0461292,6.01523,6.407,6.49598,6.72881,6.83094,6.95532,7.0149,6.8091,6.62732,6.66045,0.052218,5.82797,6.3455,6.45978,6.69431,6.83158,7.00105,7.09545,-9999,-9999
200610,12.47,1.0,11.006,2.831,1.0,14.006,2.967,1.0,18.177,16.823,1.917,19.636,1.494,12.47,1.0,11.006,2.831,1.0,14.006,2.967,1.0,278.149,138.43,1.0,40.989,138.43,1.0,308.029,1.0,345.65,308.029,1.0,326.236,1.0,370.641,326.236,1.0,6.415,1.0,7.152,6.415,1.0,98.547,98.34,1.0,0.581,2.385,1.0,2.101,2.969,1.0,0.40977574985933984,0.9932795698924731,62.94422043010751,1.0,265.68503306451606,1.0,10.856182795698924,1.0,17.778444018382025,0.9926075268817204,364.9287634408602,1.0,384.342,0.995296,13.02,1.0,27.039,1.0,-3.63441,1.0,21.6282,0.990591,25.9639,0.346758,33.5551,0.998656,40.2818,0.636591,0.989919,1,24.871,23.129,24.871,23.0645,0.269081,0.275328,0.97043,0.972446,0.031101,0.0310982,0.0653865,0.0629716,0.282331,0.274082,0.972446,0.972446,0.0310009,0.0311614,0.0653389,0.0630028,0.264067,0.25829,0.973437,0.975353,0.00789235,0.00764919,0.164312,0.187651,0.23432,0.275328,0.29906,0.302684,0.323397,0.164385,0.188034,0.228458,0.269081,0.284704,0.297548,0.308528,0.994624,0.982527,0.979167,0.972446,0.971102,0.97043,0.963038,0.990591,0.982527,0.979167,0.97043,0.971774,0.967742,0.97043,1.86409,1.85538,0.592967,0.595114,0.988387,0.988387,0.0315517,0.0315449,0.112323,0.105701,-1.42734,-1.40603,2.61051,2.58525,0.949934,0.954147,0.0524146,0.0521732,0.0568701,0.0544932,1.86049,1.84944,0.590832,0.596019,0.988387,0.988387,0.0314816,0.0316784,0.112303,0.105741,-1.39752,-1.40196,2.60382,2.59131,0.954147,0.954147,0.051985,0.0522303,0.0564744,0.0545479,1.60211,1.71993,1.78051,1.86049,1.91576,1.93553,1.9839,1.61588,1.70769,1.77993,1.84944,1.86563,1.90946,1.93989,1.0,0.989677,0.989677,0.988387,0.989677,0.989677,0.985645,0.99871,0.989677,0.989677,0.988387,0.988387,0.989677,0.989677,-1.45028,-1.4403,-1.42844,-1.41331,-1.39966,-1.39617,-1.3879,-1.43835,-1.42734,-1.4211,-1.40815,-1.39827,-1.39588,-1.39186,0.943097,0.945902,0.96703,0.96984,0.954147,0.965813,0.97399,0.971184,0.949934,0.951278,0.967094,0.952681,0.965813,0.989991,1.96604,1.96604,1.94823,0.0150853,1.74735,1.84819,1.8959,1.96348,1.99511,2.02559,2.0652,1.96604,1.99027,1.96578,0.0169317,1.71562,1.86611,1.89523,1.98921,2.03289,2.05852,2.1165,1.69131,1.69196,1.68994,0.00782732,1.59246,1.6583,1.66323,1.68815,1.72341,1.73495,1.76766,1.69196,1.70794,1.70172,0.00946566,1.56539,1.65921,1.66323,1.70499,1.73383,1.75915,1.78246,1.98044,2.06116,2.05452,0.0384126,1.62188,1.71148,1.95952,2.06072,2.24529,2.29977,2.42025,2.2952,2.11242,2.08447,0.0429998,1.51266,1.70048,1.97541,2.11242,2.24529,2.31064,2.5316,1.70443,1.70072,1.72709,0.0128436,1.58305,1.65154,1.68671,1.71971,1.76122,1.7826,1.89839,1.76049,1.72117,1.7394,0.0155914,1.54705,1.63121,1.6944,1.72552,1.78087,1.80121,1.91802,-9999,-9999
200611,8.761,1.0,7.799,2.744,1.0,10.03,3.031,1.0,11.643,10.481,2.005,13.185,1.675,8.761,1.0,7.799,2.744,1.0,10.03,3.031,1.0,205.728,95.072,1.0,20.879,95.072,1.0,292.143,1.0,329.501,292.143,1.0,305.725,1.0,346.032,305.725,1.0,4.172,1.0,5.931,4.172,1.0,98.574,98.576,1.0,6.276,1.523,1.0,2.211,2.744,1.0,0.40308436709770123,0.9666666666666667,27.86319444444444,1.0,167.17115062499997,1.0,8.456944444444444,1.0,12.177500000000002,0.9861111111111112,346.2784722222223,1.0,391.708,1.0,9.535,1.0,37.445,1.0,-4.0316,1.0,8.69848,0.998611,9.90025,0.217712,19.1549,0.998611,21.8013,0.594352,0.997222,1,27.2333,20.7667,27.2333,20.7667,0.246455,0.278702,0.98125,0.986111,0.0232659,0.0241523,0.0361203,0.0382101,0.264129,0.273271,0.985417,0.988889,0.0239788,0.0242566,0.0365835,0.0382761,0.264139,0.269347,0.981146,0.984497,0.00457697,0.00413445,0.230288,0.235621,0.23972,0.262846,0.280165,0.290879,0.313791,0.232383,0.239151,0.246455,0.271098,0.28191,0.298369,0.31628,0.954167,0.974306,0.955556,0.984028,0.990278,0.998611,0.993056,0.975,0.98125,0.98125,0.990278,0.990278,0.992361,0.995139,0.987186,1.0183,0.533032,0.559728,0.998718,0.998718,0.0242171,0.0245742,0.031226,0.0333578,-0.743769,-0.711974,1.60574,1.68118,0.958521,0.969885,0.0420255,0.0430751,0.0566385,0.0557532,1.00135,1.01744,0.543197,0.561008,0.998718,0.998718,0.0242,0.0247781,0.0312127,0.0335082,-0.722529,-0.723111,1.68378,1.66748,0.968218,0.976313,0.0429584,0.0431649,0.0573341,0.0558226,0.971816,0.983031,0.986865,1.00079,1.01809,1.02246,1.0395,0.97785,0.986226,0.989323,1.01244,1.01846,1.03134,1.04687,0.960256,0.973352,0.998718,0.998718,0.998718,0.998718,1.0,0.960256,0.998718,0.991209,0.998718,0.998718,1.0,1.0,-0.77019,-0.763671,-0.753219,-0.725032,-0.704771,-0.68773,-0.650779,-0.771464,-0.758524,-0.746329,-0.723638,-0.704579,-0.68773,-0.678003,0.955418,0.953831,0.958521,0.979488,0.979488,0.981154,0.98917,0.956934,0.952165,0.958521,0.979488,0.979488,0.981154,0.984408,1.07039,1.07062,1.0623,0.00376248,1.02983,1.03427,1.03891,1.06734,1.07208,1.08284,1.10643,1.07039,1.04877,1.05838,0.00343397,1.02515,1.0351,1.03772,1.05542,1.07115,1.07314,1.09122,0.797226,0.797351,0.792953,0.0014771,0.775428,0.782667,0.786896,0.793612,0.797226,0.799356,0.803647,0.797226,0.784638,0.794242,0.00208889,0.775196,0.781204,0.786457,0.793172,0.797586,0.803437,0.817655,1.22662,1.2829,1.2494,0.0162338,1.03847,1.18019,1.19707,1.24595,1.27584,1.35765,1.42234,1.37391,1.22681,1.2343,0.0188544,0.930718,1.18003,1.18631,1.24466,1.28316,1.33766,1.42127,0.893442,0.941164,0.923307,0.00765975,0.810745,0.887511,0.897776,0.921018,0.942834,0.968598,1.00458,0.897607,0.932392,0.91732,0.00859454,0.793865,0.881501,0.895372,0.913464,0.93974,0.983137,0.994897,-9999,-9999
200612,4.401,1.0,3.62,2.702,1.0,5.523,2.511,1.0,5.82,4.894,1.744,7.15,1.464,4.401,1.0,3.62,2.702,1.0,5.523,2.511,1.0,170.321,89.948,0.99664,16.224,88.267,0.99664,273.066,1.0,308.507,273.066,1.0,274.39,0.99664,314.037,274.873,0.99664,3.079,1.0,5.679,3.079,1.0,98.598,98.854,1.0,6.218,1.095,1.0,2.866,3.062,1.0,0.4070855650362319,0.9663978494623655,24.77356630824373,0.9979838709677419,149.84115947580645,1.0,13.543682795698926,1.0,13.768227472571196,0.9926075268817204,324.64521972884523,0.9986559139784947,393.217,0.997984,5.906,1.0,39.26,1.0,-4.9648,1.0,7.07223,0.99664,10.3453,0.205443,12.5348,0.997984,18.336,0.526241,0.994624,1,28.2581,19.7419,28.2581,19.7097,0.385402,0.374917,0.992608,0.99328,0.0208202,0.0211528,0.0264136,0.0253458,0.377588,0.37547,0.99328,0.99328,0.0212196,0.0210866,0.0267296,0.0252906,0.373259,0.372886,0.992893,0.993263,0.00237333,0.00195443,0.345625,0.35673,0.361718,0.37439,0.386734,0.389238,0.390715,0.351144,0.359173,0.362183,0.373897,0.38507,0.387099,0.390834,0.994624,0.99328,0.993952,0.99328,0.992608,0.992608,0.992608,0.994624,0.99328,0.993952,0.993952,0.992608,0.992608,0.991263,0.982353,0.964249,0.488065,0.503669,1.0,1.0,0.0230699,0.022908,0.0344407,0.0331968,-0.503437,-0.502142,1.27714,1.29706,0.982173,0.983871,0.0368804,0.0371792,0.0387135,0.0394618,0.967834,0.965142,0.500315,0.505728,1.0,1.0,0.0230095,0.0228109,0.0344003,0.0331298,-0.501029,-0.502112,1.29675,1.29709,0.983871,0.983871,0.0372597,0.0370952,0.039075,0.0393827,0.900114,0.93379,0.939027,0.963384,0.982353,0.984934,0.990001,0.911093,0.934695,0.938565,0.963384,0.975271,0.982747,0.988964,1.0,1.0,1.0,1.0,1.0,1.0,1.0,1.0,1.0,1.0,1.0,1.0,1.0,1.0,-0.509696,-0.505243,-0.502581,-0.499686,-0.49007,-0.4817,-0.477765,-0.509769,-0.509376,-0.5046,-0.501043,-0.490263,-0.482924,-0.477704,0.985484,0.985484,0.982173,0.982173,0.983871,0.975637,0.9691,0.983786,0.985484,0.982173,0.982173,0.983871,0.987012,0.985399,0.97047,0.97047,0.971262,0.00420492,0.91805,0.934923,0.961556,0.970833,0.990929,0.992449,1.01192,0.97047,0.978308,0.970846,0.00494726,0.911633,0.933199,0.957941,0.972562,0.990192,0.994857,1.01745,0.595,0.595,0.598376,0.00299704,0.565897,0.572407,0.584531,0.601729,0.609245,0.611479,0.626845,0.595,0.60072,0.597587,0.00319571,0.554627,0.570861,0.587216,0.600235,0.609072,0.611514,0.628558,0.642127,0.658214,0.670527,0.00584031,0.63531,0.643332,0.647667,0.651967,0.69719,0.706741,0.725596,0.650428,0.650035,0.677353,0.00689788,0.637244,0.646962,0.649198,0.658202,0.684123,0.711209,0.777673,0.509582,0.519179,0.512015,0.00130654,0.496221,0.503846,0.508593,0.510884,0.516599,0.51918,0.526322,0.517562,0.52025,0.51188,0.00183419,0.495305,0.500427,0.505904,0.510592,0.517255,0.522136,0.527344,-9999,-9999
200701,-0.166,1.0,-0.769,2.523,1.0,0.668,2.067,1.0,5.166,3.923,2.165,6.915,1.939,-0.166,1.0,-0.769,2.523,1.0,0.668,2.067,1.0,187.375,81.731,0.988575,23.97,81.492,0.988575,260.797,1.0,296.662,260.797,1.0,249.115,0.988575,295.986,249.96,0.988575,1.811,1.0,5.683,1.811,1.0,98.596,98.915,1.0,3.251,1.374,1.0,2.18,2.975,0.780242,0.5034955500091575,0.7728494623655914,27.478494623655916,1.0,163.7189697580645,1.0,12.946908602150536,1.0,12.166770657848215,0.9858870967741935,305.1176075268818,1.0,392.579,0.983871,3.462,1.0,39.187,1.0,-7.65194,1.0,9.34558,0.93414,11.1687,0.21387,16.4165,0.9375,19.619,0.61664,0.93414,1,27.871,20.129,27.871,20.129,-0.781893,-0.743058,0.910618,0.910618,0.0217683,0.0227602,0.0530012,0.0516222,-0.753267,-0.743179,0.910618,0.91129,0.0220401,0.0229991,0.0531134,0.051728,-0.760931,-0.748048,0.908938,0.910618,0.00990409,0.00751877,-0.877219,-0.818802,-0.807097,-0.753852,-0.732105,-0.722153,-0.673669,-0.825584,-0.805249,-0.781359,-0.743058,-0.726594,-0.712581,-0.6783,0.876344,0.906586,0.910618,0.910618,0.91129,0.91129,0.917339,0.906586,0.910618,0.910618,0.910618,0.91129,0.909274,0.917339,-0.107005,-0.0576417,0.371356,0.41834,0.928571,0.928571,0.0225822,0.0241079,0.0549989,0.0496854,-1.65255,-1.63108,1.19606,1.21383,0.885399,0.885399,0.0396029,0.0402641,0.0574578,0.0610897,-0.0732958,-0.0576417,0.390489,0.41834,0.928571,0.928571,0.0226272,0.0241144,0.0550174,0.0496886,-1.63339,-1.63084,1.21313,1.23867,0.885399,0.887012,0.0397932,0.0409672,0.0575892,0.0615554,-0.232803,-0.149827,-0.136792,-0.0733712,-0.0542859,-0.049529,-0.0236082,-0.158289,-0.134212,-0.107127,-0.0580176,-0.0531928,-0.0473227,-0.0314372,0.874464,0.921659,0.928571,0.928571,0.928571,0.928571,0.929724,0.921659,0.928571,0.928571,0.928571,0.928571,0.928571,0.929724,-1.69784,-1.67714,-1.66762,-1.63482,-1.60937,-1.59388,-1.51804,-1.68104,-1.66687,-1.65201,-1.63103,-1.59888,-1.57498,-1.51805,0.878947,0.885399,0.885399,0.885399,0.887012,0.887012,0.89983,0.885399,0.885399,0.885399,0.887012,0.887012,0.882173,0.89983,0.086546,0.0862496,0.0899501,0.00405928,0.0400307,0.0590734,0.0660325,0.0892646,0.105657,0.109935,0.129137,0.0862496,0.0890582,0.0823235,0.00475423,0.038463,0.049035,0.0577671,0.087713,0.105007,0.108025,0.131168,0.830041,0.829428,0.837998,0.00376952,0.803939,0.822067,0.830611,0.835008,0.847392,0.854742,0.865615,0.824734,0.842325,0.843255,0.00549861,0.786019,0.822067,0.830609,0.841957,0.858188,0.864864,0.888137,0.330312,0.282539,0.31672,0.0213508,0.166209,0.178558,0.271968,0.297645,0.344271,0.359888,0.61523,0.343872,0.345306,0.339334,0.0261156,0.164709,0.182611,0.26888,0.297645,0.343872,0.390891,0.679076,0.773965,0.761116,0.783329,0.011925,0.676639,0.719938,0.763251,0.770167,0.784677,0.805027,0.937594,0.782749,0.784677,0.792014,0.0138516,0.676883,0.716288,0.732268,0.769436,0.804944,0.837857,1.00341,-9999,-9999
200702,-1.42,1.0,-2.259,2.653,1.0,-0.432,2.718,1.0,7.7,6.178,2.114,9.46,1.863,-1.42,1.0,-2.259,2.653,1.0,-0.432,2.718,1.0,247.775,135.751,0.994048,33.438,134.047,0.994048,251.165,1.0,301.839,251.165,1.0,232.65,0.994048,303.876,233.284,0.994048,2.484,1.0,5.996,2.484,1.0,98.557,98.58,1.0,2.491,1.789,1.0,2.506,3.11,1.0,0.4547178292378918,0.9479166666666666,68.625,1.0,259.1036722470238,1.0,23.481398809523814,1.0,18.87404376523214,0.9880952380952381,300.203125,1.0,392.535,0.997024,0.946,1.0,37.679,1.0,-4.13399,1.0,11.3045,0.991071,15.4339,0.23688,40.2688,0.995536,54.9786,0.738403,0.990327,1,25.8929,22.1071,25.8929,22.0714,-1.0379,-1.00946,0.990327,0.991815,0.0226986,0.0227506,0.0507658,0.0393743,-1.02272,-1.00721,0.990327,0.991815,0.0225838,0.0227662,0.0507147,0.0393833,-1.02605,-1.01322,0.988132,0.990011,0.00894031,0.00670623,-1.15685,-1.07732,-1.04728,-1.02272,-1.00041,-0.986501,-0.948072,-1.10839,-1.04604,-1.03287,-1.00946,-0.994665,-0.981772,-0.948404,0.97247,0.982143,0.989583,0.990327,0.991815,0.99256,0.99256,0.97247,0.990327,0.990327,0.991815,0.99256,0.99256,0.993304,-0.0290204,-0.00913639,0.458722,0.462332,1.0,1.0,0.0239059,0.0240028,0.0444486,0.0402182,-2.13856,-2.10304,1.45155,1.45632,0.97896,0.982207,0.0381905,0.038431,0.0637377,0.0487736,-0.0133006,-0.00524582,0.461605,0.460156,1.0,1.0,0.0238133,0.0240361,0.0443989,0.040238,-2.12554,-2.10275,1.45551,1.45655,0.97896,0.982207,0.0381609,0.0384429,0.06372,0.048783,-0.146667,-0.0620784,-0.0441925,-0.0133006,-0.000503436,0.0128666,0.0474286,-0.0938199,-0.0438111,-0.0236556,-0.00913639,0.00823828,0.0207293,0.0470553,0.987739,0.997354,0.998677,1.0,1.0,1.0,1.0,0.986365,1.0,1.0,1.0,1.0,1.0,1.0,-2.25149,-2.18234,-2.14056,-2.12514,-2.09317,-2.08028,-2.04132,-2.21144,-2.13969,-2.13376,-2.10382,-2.09231,-2.07963,-2.04132,0.954892,0.964561,0.97896,0.97896,0.982207,0.98383,0.98383,0.956515,0.97896,0.974302,0.982207,0.98383,0.98383,0.98383,0.243832,0.243474,0.232681,0.00186968,0.202443,0.217305,0.231622,0.237565,0.239455,0.240814,0.241804,0.241804,0.236452,0.228213,0.00232216,0.19132,0.213667,0.217518,0.231974,0.239279,0.240978,0.241804,1.25104,1.25069,1.2459,0.00518177,1.18763,1.21317,1.23061,1.24703,1.25973,1.26449,1.28902,1.25127,1.25917,1.25427,0.00715785,1.18246,1.22574,1.23448,1.25483,1.26908,1.27946,1.32099,0.403938,0.369043,0.444089,0.0194783,0.33255,0.373513,0.380599,0.391138,0.438839,0.50585,0.741791,0.384633,0.384627,0.475154,0.0226505,0.33254,0.365989,0.383846,0.398949,0.599958,0.650416,0.775293,1.06958,1.0479,1.07646,0.0125001,0.967263,0.996874,1.05196,1.06538,1.07243,1.09443,1.28411,1.0682,1.06674,1.09128,0.0142698,0.967263,1.02333,1.05042,1.06638,1.10717,1.16122,1.28494,-9999,-9999
200703,11.898,1.0,10.716,2.776,1.0,13.038,3.044,1.0,7.352,5.662,2.455,8.988,2.214,11.898,1.0,10.716,2.776,1.0,13.038,3.044,1.0,329.425,155.448,1.0,53.804,155.448,1.0,310.347,1.0,293.441,310.347,1.0,330.265,1.0,291.077,330.265,1.0,5.505,1.0,6.335,5.505,1.0,98.56,98.589,1.0,3.017,1.844,1.0,2.863,3.437,1.0,0.483009321267817,0.9966397849462366,81.39045698924733,1.0,304.6796782258064,1.0,15.718413978494628,1.0,17.619131197384608,0.9952956989247312,365.989247311828,1.0,393.272,1.0,9.324,1.0,40.41,1.0,4.6414,1.0,20.4398,0.997312,25.618,0.469624,40.036,1.0,50.1787,0.75747,0.979839,1,23.5484,24.4516,23.5484,24.3548,0.293369,0.32721,0.992608,0.99328,0.0346553,0.0351196,0.042125,0.0423827,0.306108,0.330155,0.992608,0.99328,0.0351207,0.0352184,0.0425087,0.0424646,0.310975,0.318869,0.992994,0.993616,0.0038369,0.00363313,0.272161,0.287566,0.29084,0.305917,0.328818,0.335462,0.344912,0.272026,0.290494,0.298462,0.325185,0.33486,0.337945,0.356497,0.991263,0.99664,0.991935,0.992608,0.99328,0.995296,0.99664,0.987231,0.992608,0.991935,0.99328,0.995968,0.995296,0.995968,1.48718,1.48655,0.68274,0.718761,1.0,1.0,0.0398883,0.039749,0.0508663,0.0536283,-0.890422,-0.824168,2.00862,2.0685,0.985143,0.98654,0.0545519,0.0543664,0.0949878,0.0893096,1.48504,1.48888,0.704407,0.72379,1.0,1.0,0.0396783,0.0399461,0.0507018,0.0537746,-0.863832,-0.820826,2.0244,2.07033,0.985196,0.98654,0.0544002,0.0544608,0.0949007,0.089367,1.37178,1.44179,1.45549,1.4833,1.49518,1.50492,1.51862,1.41338,1.42757,1.44855,1.48151,1.48857,1.49957,1.50517,1.0,1.0,1.0,1.0,1.0,1.0,1.0,1.0,1.0,1.0,1.0,1.0,1.0,1.0,-0.941006,-0.922009,-0.910301,-0.864149,-0.804554,-0.766488,-0.703532,-0.938669,-0.907408,-0.890575,-0.821099,-0.769558,-0.765697,-0.70619,0.98245,0.98245,0.983852,0.985196,0.989287,0.990577,0.993212,0.98245,0.983852,0.985143,0.98654,0.989287,0.989287,0.993212,1.65611,1.66186,1.60663,0.0084683,1.50266,1.53582,1.58288,1.61998,1.63882,1.65462,1.66275,1.66332,1.63496,1.60863,0.010057,1.45804,1.53699,1.58517,1.62832,1.64663,1.66079,1.66373,1.3273,1.33171,1.28777,0.0109223,1.14566,1.20096,1.24455,1.29887,1.33548,1.34153,1.37269,1.33824,1.32885,1.29765,0.0119895,1.11313,1.23259,1.25142,1.32383,1.34199,1.36741,1.38061,1.49326,1.40882,1.41578,0.00964981,1.27993,1.35443,1.40433,1.41098,1.43076,1.46454,1.49502,1.40415,1.40512,1.42356,0.00909606,1.31658,1.35883,1.40415,1.41334,1.46328,1.46915,1.51897,1.26696,1.22411,1.22868,0.00546009,1.1748,1.18951,1.22148,1.227,1.23922,1.26089,1.26732,1.23,1.22184,1.23551,0.00613534,1.15444,1.20348,1.22108,1.23023,1.25809,1.26729,1.31068,-9999,-9999
200704,12.087,1.0,10.473,2.882,1.0,13.319,3.257,1.0,9.279,7.95,1.521,10.299,1.702,12.087,1.0,10.473,2.882,1.0,13.319,3.257,1.0,408.24,227.558,1.0,64.947,227.558,1.0,300.438,1.0,321.219,300.438,1.0,311.574,1.0,333.41,311.574,1.0,7.874,1.0,5.622,7.874,1.0,98.549,98.424,1.0,6.507,4.243,1.0,2.194,3.68,1.0,0.5278703067936201,0.992361111111111,131.76875,1.0,442.5162445833333,1.0,21.76388888888889,1.0,25.25224586288416,0.9993055555555556,370.47083333333325,1.0,388.431,0.997917,12.203,1.0,41.424,1.0,2.36499,1.0,29.998,0.997222,39.4466,0.50586,68.3229,0.999306,89.8428,0.878857,0.997222,1,20.8667,27.1333,20.8667,26.9667,0.271916,0.270394,0.976389,0.986806,0.0308559,0.0318564,0.0445745,0.0331739,0.273289,0.289244,0.986806,0.9875,0.0315997,0.0316925,0.0450925,0.0330166,0.258932,0.268823,0.982639,0.985069,0.00583938,0.00322608,0.164714,0.215429,0.262844,0.27139,0.276701,0.279766,0.287843,0.218982,0.263473,0.267181,0.272728,0.278812,0.281986,0.287451,0.993056,0.975,0.986111,0.986806,0.973611,0.975694,0.993056,0.975,0.986111,0.992361,0.986806,0.975694,0.9875,0.9875,2.00369,1.967,0.75719,0.715159,0.965159,0.986825,0.042683,0.0412322,0.0487287,0.0487321,-1.07965,-1.05602,2.29645,2.34333,0.984341,0.986722,0.0432874,0.0441185,0.0670752,0.0467738,1.97413,2.01024,0.719114,0.711104,0.986825,0.988492,0.0420159,0.0409073,0.0481454,0.0484576,-1.05638,-1.05661,2.34296,2.34763,0.986722,0.986722,0.0431332,0.0439545,0.0669758,0.046619,1.86636,1.96322,1.96818,1.98386,1.99742,2.01024,2.01617,1.93396,1.95452,1.967,1.98154,1.99697,2.00647,2.01191,0.957381,0.996825,0.996825,0.968571,0.966825,0.988492,0.968571,0.996825,0.996825,0.986825,0.975159,0.965159,0.988492,0.965159,-1.21862,-1.15764,-1.08078,-1.06436,-1.05648,-1.05516,-1.02831,-1.16347,-1.0808,-1.07383,-1.05729,-1.05602,-1.04973,-1.01348,0.972304,0.9783,0.984341,0.979535,0.986722,0.986722,0.990476,0.9783,0.984341,0.98315,0.986722,0.986722,0.990476,0.990476,2.14799,2.14799,2.10625,0.00373531,2.07689,2.08079,2.09493,2.10397,2.11047,2.13225,2.14896,2.12693,2.0977,2.1036,0.00618258,2.06861,2.08064,2.09139,2.10308,2.11546,2.13637,2.14896,1.85874,1.85874,1.83743,0.00510067,1.79808,1.80761,1.82405,1.82829,1.83931,1.86573,1.88561,1.85212,1.82441,1.84467,0.00832914,1.79494,1.80393,1.82146,1.82973,1.85874,1.87456,1.93008,1.63609,1.64532,1.62827,0.00434818,1.56467,1.60979,1.61218,1.62872,1.64145,1.64778,1.67403,1.61206,1.61011,1.63651,0.008472,1.56462,1.60953,1.61206,1.62892,1.64418,1.65811,1.66552,1.54881,1.55895,1.54476,0.00261475,1.51376,1.52589,1.53438,1.5444,1.55566,1.55927,1.56822,1.53436,1.53366,1.5494,0.00570088,1.5124,1.5239,1.53399,1.54223,1.5574,1.56223,1.57679,-9999,-9999
200705,20.749,1.0,18.883,2.001,1.0,21.942,3.001,1.0,15.538,13.526,1.988,16.832,2.374,20.749,1.0,18.883,2.001,1.0,21.942,3.001,1.0,462.933,236.939,1.0,89.641,236.939,1.0,360.412,1.0,326.255,360.412,1.0,398.589,1.0,341.085,398.589,1.0,8.613,1.0,7.155,8.613,1.0,98.542,98.528,1.0,0.994,2.308,1.0,2.312,2.533,1.0,0.35505753830645165,1.0,150.7983870967742,1.0,475.7243152553764,1.0,19.877688172043012,1.0,32.555779569892465,1.0,413.6377688172042,1.0,393.297,0.998656,18.277,1.0,36.943,1.0,5.38962,1.0,71.0402,0.998656,95.9372,0.854265,36.627,1.0,49.4634,0.704912,0.998656,1,18.7742,29.2258,18.7419,29.1935,-2.87992,-2.86221,0.986559,0.986559,0.0782588,0.0855053,0.0923125,0.0971696,-2.86676,-2.86977,0.985215,0.986559,0.083527,0.0857344,0.096819,0.0973712,-2.90143,-2.88598,0.984022,0.98624,0.010806,0.00830702,-3.09565,-2.95202,-2.92903,-2.89596,-2.86221,-2.8541,-2.82427,-3.00133,-2.93819,-2.90225,-2.87152,-2.85655,-2.84587,-2.82329,0.963038,0.987231,0.986559,0.988575,0.986559,0.987903,0.991263,0.968414,0.985215,0.986559,0.985215,0.985887,0.988575,0.995296,4.78151,4.68223,1.24599,1.51758,0.98472,0.988115,0.114872,0.117823,0.15743,0.140892,-7.52471,-7.43078,7.39053,7.46281,0.987722,0.985497,0.109681,0.112174,0.164052,0.139455,4.75059,4.65284,1.46012,1.52431,0.986418,0.988115,0.11317,0.117554,0.156192,0.140667,-7.48023,-7.42473,7.46234,7.44422,0.984385,0.985497,0.110403,0.112727,0.164536,0.1399,4.42052,4.63695,4.68223,4.74568,4.79755,4.85225,4.91876,4.46611,4.64938,4.66973,4.712,4.78943,4.80389,4.84003,1.0,0.986418,0.988115,0.981324,0.991511,0.976137,0.969251,1.0,0.996604,0.986418,0.988115,0.981324,0.981324,0.981324,-7.84689,-7.64876,-7.59383,-7.52074,-7.45041,-7.40477,-7.32126,-7.74306,-7.56702,-7.54906,-7.48874,-7.43078,-7.40132,-7.33268,0.96566,0.977748,0.984385,0.985497,0.985534,0.985534,0.992208,0.967848,0.987722,0.986609,0.984385,0.985497,0.985534,0.987759,5.0909,5.09272,5.01371,0.0203707,4.74735,4.93974,4.99311,5.03017,5.07982,5.10045,5.14588,5.10045,5.05024,4.98772,0.024438,4.66633,4.84094,4.95037,5.01768,5.07229,5.09999,5.1476,8.02259,7.96249,7.89969,0.0153934,7.74668,7.84578,7.87792,7.91799,7.94733,7.95596,7.99831,7.95596,7.917,7.88915,0.0201414,7.66464,7.76951,7.85665,7.91289,7.95504,7.9731,8.01911,4.36188,4.04571,4.71668,0.0527681,4.12041,4.33978,4.5252,4.71108,4.89553,5.1094,5.29158,4.64494,4.71508,4.82097,0.05128,4.12362,4.53467,4.62557,4.79243,5.11114,5.25431,5.31442,7.59784,7.37762,7.77404,0.0398585,7.42349,7.50299,7.57783,7.74314,7.93931,8.0764,8.24581,7.8662,7.85586,7.8631,0.0434102,7.42349,7.55178,7.64051,7.85627,8.02753,8.0818,8.2954,-9999,-9999
200706,23.259,1.0,21.522,1.732,1.0,24.258,2.703,1.0,19.471,17.388,1.78,20.676,2.089,23.259,1.0,21.522,1.732,1.0,24.258,2.703,1.0,485.7,262.593,1.0,89.156,262.593,1.0,376.102,1.0,348.925,376.102,1.0,419.006,1.0,375.632,419.006,1.0,9.555,1.0,7.333,9.555,1.0,98.542,98.329,1.0,1.716,3.032,1.0,2.181,2.441,1.0,0.33844212708333327,1.0,174.91875000000002,1.0,522.792159375,1.0,18.465277777777782,1.0,35.50763888888889,1.0,427.5965277777778,1.0,385.002,1.0,20.742,1.0,29.954,0.999306,5.59691,0.999306,101.585,1.0,134.573,1.05302,25.869,0.999306,34.2693,0.666232,0.922917,1,17.5333,30.4667,17.5,30.3667,-5.86418,-5.87611,0.957639,0.972917,0.0982346,0.101954,0.310302,0.183732,-5.86596,-5.92016,0.963194,0.972917,0.0980571,0.101677,0.310246,0.183579,-5.99396,-5.90455,0.963646,0.970694,0.0538376,0.0309121,-6.55852,-6.38199,-6.05383,-5.88153,-5.8502,-5.7933,-5.68215,-6.46457,-6.04483,-5.90831,-5.87027,-5.82657,-5.73913,-5.6768,0.919444,0.947917,0.959028,0.972917,0.963194,0.986111,0.999306,0.914583,0.959028,0.9625,0.970139,0.981944,0.989583,0.997917,4.84631,4.654,1.38299,1.50075,0.961438,0.977015,0.132565,0.144648,0.279089,0.198858,-11.7132,-11.6217,9.52567,9.55848,0.955197,0.97043,0.127191,0.130514,0.360591,0.274087,4.80033,4.55398,1.43435,1.51406,0.969172,0.977015,0.134261,0.143473,0.279899,0.198005,-11.6893,-11.6317,9.60341,9.52465,0.959534,0.97043,0.127274,0.130446,0.360621,0.274055,3.92303,4.24386,4.49576,4.58626,4.67547,4.73505,4.8383,4.15486,4.47413,4.5096,4.58626,4.67547,4.74705,4.82811,0.897603,0.883987,0.98878,0.977015,1.0,0.969172,0.961438,0.874292,0.98878,0.98878,0.977015,1.0,0.998148,0.961438,-12.3488,-12.0853,-11.871,-11.6916,-11.5185,-11.4105,-11.2886,-12.2466,-11.8675,-11.7489,-11.617,-11.5028,-11.3855,-11.3113,0.91172,0.941004,0.957312,0.959534,0.975842,0.984695,0.996738,0.930143,0.957312,0.956272,0.97043,0.976918,0.988029,0.996738,4.35435,4.36179,4.56151,0.0534178,4.17184,4.22607,4.35435,4.4682,4.72632,4.85414,4.94533,4.39361,4.48847,4.56908,0.060711,4.09546,4.19972,4.32215,4.48784,4.72632,4.85093,5.02496,10.2399,10.2819,10.4661,0.0656461,10.068,10.1227,10.2363,10.3473,10.5901,10.8086,10.8833,10.2962,10.3544,10.563,0.0922404,10.07,10.1997,10.2433,10.3544,10.6269,10.8102,10.8891,6.41079,7.93957,6.60532,0.112537,5.53355,5.76785,6.08685,6.47236,7.00247,7.3871,7.84419,7.44198,6.9214,6.55444,0.122078,4.88783,5.57029,6.18794,6.51186,7.06733,7.33082,7.83996,11.5388,12.3646,11.6509,0.0815589,10.6361,10.9192,11.4208,11.6615,12.0335,12.1299,12.3871,12.1659,11.9535,11.6596,0.0886158,10.6408,10.9137,11.3352,11.8073,12.0958,12.2061,12.3061,-9999,-9999
200707,24.959,1.0,22.594,1.881,1.0,26.41,3.107,1.0,22.01,19.957,1.744,23.268,2.045,24.959,1.0,22.594,1.881,1.0,26.41,3.107,1.0,474.191,293.225,1.0,91.271,293.225,1.0,376.91,1.0,361.227,376.91,1.0,420.779,1.0,394.379,420.779,1.0,11.779,1.0,7.374,11.779,1.0,98.551,98.595,1.0,0.052,0.702,1.0,2.175,2.346,1.0,0.2858946160632579,0.9993279569892473,193.32056451612897,1.0,551.3989892473118,1.0,19.879704301075268,1.0,38.37537176847403,0.9993279569892473,437.6888440860215,1.0,371.112,1.0,22.219,1.0,24.909,1.0,5.19348,1.0,99.1834,1.0,128.483,1.06904,46.0598,1.0,59.6664,0.741419,0.991263,1,18.1935,29.8065,18.1935,29.8065,-4.41019,-4.18132,0.869624,0.897849,0.0894108,0.0932044,0.211311,0.176768,-4.20005,-4.15153,0.883065,0.899866,0.0911248,0.0923853,0.212042,0.176337,-4.39233,-4.30927,0.900538,0.910467,0.0465762,0.0263198,-4.92944,-4.57375,-4.45955,-4.32277,-4.21044,-4.19082,-4.14667,-4.65975,-4.47618,-4.39144,-4.27357,-4.1979,-4.17578,-4.12702,0.836694,0.865591,0.997312,0.991935,0.884409,0.883737,0.902554,0.849462,0.858199,0.974462,0.959677,0.958333,0.901882,0.906586,5.1781,5.29343,0.800861,0.999061,0.819734,0.856387,0.0897564,0.0966299,0.314505,0.305087,-9.95997,-9.67392,7.8943,7.93589,0.904198,0.92684,0.130551,0.132067,0.368331,0.31463,5.34317,5.27104,0.973108,1.00983,0.824129,0.856387,0.0897953,0.0943114,0.314516,0.304361,-9.73035,-9.61345,7.91917,7.96879,0.923394,0.930068,0.130358,0.131303,0.368263,0.31431,3.96383,4.68092,4.80494,5.0732,5.21459,5.28377,5.30566,4.40636,4.71369,4.78142,5.13938,5.21459,5.29245,5.30566,1.0,0.982023,0.971837,0.817837,0.856387,0.824129,0.827924,0.991112,0.971837,0.975232,0.812544,0.856387,0.856387,0.827924,-10.494,-10.1381,-10.0036,-9.73756,-9.5035,-9.44922,-9.42219,-10.2949,-10.0182,-9.92982,-9.63979,-9.49722,-9.4471,-9.4375,0.888843,0.898421,0.894331,0.921169,0.951454,0.951382,0.970005,0.881235,0.893218,0.905239,0.927915,0.950341,0.96473,0.954719,5.382,5.47458,5.22003,0.0544259,4.61067,4.77097,4.92451,5.28813,5.42721,5.4791,5.78984,5.52952,5.85398,5.12406,0.0640645,4.40229,4.61192,4.79214,5.24187,5.38996,5.49443,5.77682,9.55778,9.62611,9.5293,0.0414822,9.18152,9.24681,9.31596,9.5426,9.64856,9.69005,10.0512,9.70791,10.054,9.51639,0.0550827,9.10028,9.18125,9.22579,9.5184,9.65807,9.77175,10.0863,3.89114,4.27399,4.29198,0.135666,2.77171,3.34235,3.75447,4.17428,4.81864,5.34339,5.66741,5.25258,3.07415,4.41764,0.134571,2.77171,3.50426,3.90896,4.20433,5.24988,5.34339,5.80855,8.76295,9.08477,9.08473,0.068575,8.37784,8.5679,8.76295,8.96175,9.43183,9.61939,9.77693,9.38918,8.58229,9.20768,0.0833054,8.34682,8.67584,8.77968,9.1608,9.55747,9.64734,10.1275,-9999,-9999
200708,27.991,1.0,25.648,2.282,1.0,29.644,3.672,1.0,22.0,20.325,1.729,23.183,1.815,27.991,1.0,25.648,2.282,1.0,29.644,3.672,1.0,429.882,252.612,1.0,75.922,252.612,1.0,401.36,1.0,371.767,401.36,1.0,449.415,1.0,410.441,449.415,1.0,16.949,1.0,7.141,16.949,1.0,98.542,98.378,1.0,2.639,0.644,1.0,2.498,2.507,1.0,0.35162474462365584,1.0,163.01008064516125,1.0,488.90974852150526,1.0,18.475134408602152,1.0,32.47989495157477,0.9952956989247312,457.8461021505376,1.0,378.62,1.0,24.418,1.0,16.489,1.0,5.08546,1.0,44.0274,0.999328,55.816,0.672465,80.3581,1.0,101.875,0.863064,0.999328,1,19.9355,28.0645,19.9355,28.0645,-0.00961078,-0.0998133,0.954301,0.983871,0.0586753,0.0603839,0.0827273,0.0725228,-0.0925676,-0.083151,0.980511,0.985887,0.0597645,0.0606783,0.0835033,0.0727681,-0.0816655,-0.0696259,0.967272,0.975538,0.0126979,0.00980949,-0.278565,-0.141845,-0.094417,-0.0628501,-0.0465203,-0.0252085,-0.00038375,-0.178981,-0.10351,-0.0901889,-0.0628501,-0.0356829,-0.0231769,-0.00725688,0.852151,0.939516,0.980511,0.948925,0.949597,0.991935,0.952957,0.932124,0.94086,0.985887,0.948925,0.991263,0.991263,0.991263,3.69454,3.49403,0.771138,1.00849,0.972108,0.990622,0.0676158,0.069651,0.141763,0.136063,-2.62121,-2.63591,4.19641,4.16702,0.941338,0.979322,0.0865325,0.0863534,0.132039,0.129661,3.5226,3.51043,1.00181,1.00268,0.987226,0.990622,0.0673216,0.0713513,0.141623,0.136941,-2.64514,-2.61792,4.14155,4.14409,0.975984,0.982823,0.0861147,0.0862134,0.131765,0.129568,3.2017,3.39466,3.446,3.49303,3.58599,3.64385,3.7039,3.22937,3.39466,3.44876,3.49088,3.55673,3.62842,3.68603,0.893302,1.0,0.99232,0.993856,0.982133,0.965971,0.967099,0.887804,1.0,1.0,0.988924,0.987226,0.953121,0.967099,-2.85549,-2.69194,-2.6509,-2.61025,-2.56428,-2.49248,-2.40841,-2.7661,-2.65058,-2.63591,-2.60381,-2.55242,-2.45714,-2.43413,0.923625,0.935655,0.975984,0.943645,0.98513,0.985213,0.989662,0.923994,0.97376,0.979322,0.957198,0.98513,0.985213,0.98513,3.50146,3.50858,3.54635,0.0262023,3.34912,3.42135,3.45605,3.47876,3.58645,3.80766,3.88042,3.48778,3.48705,3.58021,0.0307746,3.33371,3.44083,3.46777,3.49035,3.68775,3.81843,3.91748,3.58824,3.59173,3.61597,0.0263309,3.41329,3.44452,3.50998,3.56522,3.70156,3.8758,3.91668,3.57478,3.57961,3.66187,0.030271,3.38752,3.49751,3.52442,3.58445,3.87524,3.89265,3.92419,1.97919,2.1708,2.13687,0.0335093,1.79316,1.93401,2.00856,2.10665,2.25947,2.3112,2.44124,2.26903,1.92875,2.10685,0.028541,1.74976,1.95228,2.00072,2.11248,2.17741,2.26903,2.41886,2.82846,2.94666,2.89364,0.0182126,2.68923,2.79394,2.82846,2.90952,2.94916,3.00708,3.04433,2.90954,2.81272,2.88027,0.0155783,2.66154,2.78648,2.82513,2.90788,2.93417,2.97158,3.02222,-9999,-9999
200709,22.358,1.0,20.176,2.523,1.0,24.257,3.62,1.0,18.521,17.007,1.807,19.839,1.622,22.358,1.0,20.176,2.523,1.0,24.257,3.62,1.0,360.463,210.692,1.0,54.527,210.692,1.0,362.467,1.0,359.554,362.467,1.0,396.396,1.0,391.83,396.396,1.0,11.482,1.0,6.512,11.482,1.0,98.56,98.632,1.0,3.55,1.288,1.0,2.178,2.38,1.0,0.3573301645833334,1.0,121.61180555555555,1.0,398.7150163194444,1.0,16.64652777777778,1.0,27.03135521885522,0.9951388888888889,423.7555555555556,1.0,380.43,0.999306,20.577,1.0,16.381,1.0,0.472685,1.0,23.6258,0.999306,29.9288,0.46776,71.9845,1.0,91.1891,0.820504,0.999306,1,22.3333,25.6667,22.3333,25.6333,-0.00997518,0.00608932,0.9625,0.972222,0.0379785,0.0391794,0.0756622,0.0470311,0.0102724,-0.00796155,0.970833,0.972222,0.039147,0.0404526,0.0762554,0.0480969,-0.03624,-0.0182358,0.970312,0.974219,0.00939629,0.00750296,-0.187029,-0.124791,-0.0425371,-0.00997518,0.00123805,0.00608932,0.0147121,-0.140788,-0.0425371,-0.0250242,-0.00297807,0.00608932,0.0094974,0.0188911,0.947222,0.958333,0.988889,0.9625,0.967361,0.972222,0.977778,0.956944,0.988889,0.9875,0.972222,0.972222,0.970833,0.996528,2.07849,2.04712,0.584522,0.616066,0.959163,0.9671,0.0412787,0.0414297,0.0722205,0.0673075,-1.83764,-1.77905,2.68611,2.76065,0.962832,0.975178,0.0607572,0.0607326,0.122273,0.074708,2.05539,2.05192,0.605947,0.653404,0.9671,0.9671,0.0412229,0.0426053,0.0721886,0.0680374,-1.7786,-1.80784,2.76328,2.80725,0.9724,0.975178,0.0607714,0.0627943,0.12228,0.0763934,1.93095,1.95596,1.98764,2.04712,2.06795,2.07448,2.0847,1.95596,1.97273,1.98928,2.04712,2.06711,2.07882,2.08878,1.0,0.989322,0.949766,0.9671,0.959163,0.975036,0.973449,0.989322,0.998485,0.987734,0.9671,0.9671,0.962338,0.973449,-2.05615,-1.98768,-1.87375,-1.81037,-1.78055,-1.77546,-1.71432,-2.0136,-1.86561,-1.81357,-1.79317,-1.77927,-1.7786,-1.71937,0.94556,0.955021,0.961443,0.9724,0.988378,0.9724,0.993673,0.953787,0.961443,0.971166,0.975178,0.9724,0.9724,0.990895,2.22503,2.22444,2.17126,0.00834214,2.07519,2.09899,2.11851,2.19622,2.20872,2.22271,2.2269,2.21528,2.20318,2.16345,0.0106615,2.01934,2.08324,2.11346,2.19215,2.21551,2.22037,2.22575,2.2243,2.2324,2.1895,0.00831254,2.08345,2.11419,2.15697,2.19484,2.22243,2.23347,2.25195,2.21024,2.19291,2.19969,0.0107129,2.03707,2.12703,2.17744,2.21123,2.23618,2.25307,2.28471,1.64998,1.58214,1.64195,0.0131357,1.5071,1.5505,1.58534,1.64504,1.67392,1.69978,1.78872,1.66704,1.45965,1.66658,0.0171985,1.5071,1.56063,1.58763,1.6454,1.70702,1.76528,1.82989,1.92093,1.88676,1.90659,0.0106613,1.83041,1.84357,1.85464,1.90058,1.9209,1.94322,2.02575,1.90038,1.82957,1.93229,0.0143995,1.83747,1.85081,1.88572,1.90226,1.97403,1.99939,2.05617,-9999,-9999
200710,16.08,1.0,14.429,2.466,1.0,17.853,3.133,1.0,13.649,12.562,1.683,14.8,1.279,16.08,1.0,14.429,2.466,1.0,17.853,3.133,1.0,278.149,157.548,1.0,32.812,157.548,1.0,321.606,1.0,344.816,321.606,1.0,350.0,1.0,369.37,350.0,1.0,7.169,1.0,5.872,7.169,1.0,98.561,98.441,1.0,13.205,1.724,1.0,2.502,3.017,1.0,0.42428823924731185,1.0,70.0228494623656,1.0,292.90511895161285,1.0,14.030913978494622,1.0,20.88525985663082,0.9979838709677419,387.1948924731183,1.0,383.655,1.0,15.762,1.0,27.959,1.0,-3.5196,1.0,32.9983,0.999328,39.7342,0.447327,28.0018,1.0,33.7177,0.707749,0.999328,1,24.871,23.129,24.871,23.0645,-0.858981,-0.809894,0.987903,0.99328,0.0399658,0.0415395,0.0487357,0.0474981,-0.817646,-0.807565,0.990591,0.99328,0.0411411,0.0416205,0.0497041,0.047569,-0.857846,-0.844834,0.988239,0.991767,0.0101021,0.00555732,-0.993277,-0.879768,-0.866,-0.842829,-0.827974,-0.823986,-0.813449,-0.875209,-0.866,-0.860497,-0.839683,-0.827974,-0.819933,-0.813771,0.953629,0.967742,0.997312,0.994624,0.990591,0.991263,0.99328,0.967742,0.997312,0.997312,0.986559,0.990591,0.990591,0.99664,2.14441,2.13778,0.793104,0.874775,1.0,1.0,0.0482975,0.0496103,0.0685738,0.0631471,-4.006,-3.90316,3.34391,3.44503,0.975504,0.986501,0.0629383,0.0637136,0.0889448,0.0839641,2.12749,2.14114,0.862074,0.880955,1.0,1.0,0.0492765,0.0496407,0.0692668,0.063171,-3.90767,-3.90211,3.41919,3.44611,0.98088,0.986501,0.0629736,0.063898,0.0889698,0.0841041,1.96037,2.06469,2.0958,2.12481,2.14953,2.16205,2.20583,2.021,2.07161,2.09749,2.12481,2.13778,2.14974,2.17378,0.957043,1.0,1.0,1.0,1.0,1.0,1.0,1.0,1.0,1.0,1.0,1.0,1.0,0.975806,-4.08158,-4.0423,-4.02229,-3.94115,-3.92485,-3.9166,-3.90211,-4.06841,-4.02121,-3.97422,-3.93342,-3.92267,-3.91184,-3.90256,0.949536,0.971471,0.972815,0.994624,0.99328,0.989247,0.986501,0.959189,0.975504,0.978192,0.989247,0.995968,0.99328,0.986501,2.25993,2.25993,2.2933,0.0117906,2.21872,2.22664,2.24553,2.27235,2.31542,2.35915,2.44925,2.26686,2.27823,2.31965,0.0161436,2.17327,2.23363,2.25258,2.28072,2.36241,2.4492,2.49534,3.08974,3.06749,3.13814,0.0145564,3.06084,3.08275,3.08778,3.09368,3.15676,3.21495,3.31259,3.07318,3.09587,3.1775,0.0226654,3.04324,3.08237,3.08823,3.10432,3.22274,3.29745,3.38574,1.60531,1.88262,1.66696,0.0250559,1.397,1.48094,1.53549,1.6423,1.79826,1.83092,1.92002,1.75237,1.89606,1.64785,0.0237694,1.397,1.48139,1.52022,1.63163,1.73359,1.83126,1.89282,2.60913,2.74431,2.63564,0.0106699,2.54426,2.56596,2.57863,2.61697,2.68301,2.72152,2.74923,2.65899,2.74215,2.62687,0.0105768,2.54038,2.56024,2.57266,2.60885,2.67416,2.7025,2.74611,-9999,-9999
200711,7.918,1.0,6.794,2.952,1.0,9.374,2.901,1.0,7.692,6.285,2.271,9.513,1.703,7.918,1.0,6.794,2.952,1.0,9.374,2.901,1.0,205.728,113.391,1.0,25.446,113.391,1.0,278.433,1.0,304.104,278.433,1.0,285.733,1.0,307.328,285.733,1.0,4.989,1.0,5.844,4.989,1.0,98.563,98.772,1.0,0.997,0.928,1.0,1.941,2.795,1.0,0.3811471160756501,0.9993055555555554,30.32638888888889,1.0,200.07191375000002,1.0,11.496527777777779,1.0,15.843480066445181,0.9916666666666667,344.5187500000001,1.0,391.231,1.0,9.373,1.0,28.274,1.0,-6.08437,1.0,11.4123,0.999306,13.7419,0.269383,25.2864,0.999306,30.4481,0.668592,1.0,2,27.2333,20.7667,27.2333,20.7667,0.0300965,0.0256208,0.990972,0.991667,0.0219027,0.0220223,0.0286765,0.0271419,0.0306342,0.0282315,0.991667,0.991667,0.0219637,0.0219142,0.0287231,0.0270542,0.0322479,0.036656,0.990156,0.991354,0.00289732,0.00283086,0.0035969,0.0149006,0.0224896,0.0300965,0.0359811,0.0519201,0.068017,0.00724975,0.0228759,0.0256208,0.0312797,0.0413566,0.054606,0.0688607,0.956944,0.989583,0.992361,0.990972,0.989583,0.991667,0.991667,0.98125,0.992361,0.991667,0.989583,0.996528,0.995139,0.993056,1.05925,1.05347,0.361866,0.377366,0.998765,0.998765,0.0221011,0.0223498,0.0269765,0.0259467,-1.29993,-1.30189,1.63335,1.64516,0.98145,0.983038,0.0390964,0.0393324,0.0674754,0.0518097,1.06119,1.05293,0.374753,0.377369,0.998765,0.998765,0.0223953,0.0221852,0.0272181,0.0258051,-1.30035,-1.29569,1.63961,1.63837,0.983038,0.983038,0.0391248,0.0391928,0.0674919,0.0517038,0.990081,1.04964,1.05147,1.06119,1.07379,1.08058,1.08398,1.0192,1.04986,1.05153,1.05997,1.0727,1.07622,1.08169,0.997531,0.998765,0.998765,0.998765,0.998765,0.998765,0.998765,0.998765,0.998765,0.998765,0.998765,0.998765,0.998765,0.998765,-1.40245,-1.35292,-1.30962,-1.30144,-1.28681,-1.24293,-1.19145,-1.401,-1.30959,-1.30351,-1.29649,-1.28594,-1.24214,-1.19292,0.958658,0.975014,0.978196,0.983038,0.983038,0.983038,0.986068,0.971912,0.978196,0.984625,0.98145,0.983038,0.983038,0.986068,0.976532,0.973836,1.03225,0.00289866,0.976532,1.02605,1.02954,1.03548,1.0424,1.04454,1.05045,0.972261,1.03443,1.02909,0.00334692,0.971285,1.01515,1.02729,1.03331,1.03948,1.04116,1.0495,0.943494,0.945605,0.995596,0.00357923,0.943494,0.969081,0.993538,1.00263,1.00726,1.00852,1.02309,0.947643,1.00379,0.996841,0.00383762,0.936222,0.969081,0.994493,1.00255,1.00909,1.01155,1.02527,0.757894,0.713393,0.755318,0.00772912,0.685908,0.710537,0.724843,0.741284,0.789514,0.807957,0.831169,0.772972,0.765837,0.772762,0.00991885,0.688352,0.711976,0.724613,0.766603,0.813083,0.831169,0.864313,0.994329,0.965989,0.98706,0.00449462,0.956154,0.965283,0.969802,0.976977,0.993648,1.01261,1.05856,0.966085,0.984865,0.996929,0.00627555,0.948565,0.964648,0.969865,0.984213,1.01289,1.0509,1.06317,-9999,-9999
200712,1.024,1.0,0.567,2.549,1.0,1.691,2.2,1.0,5.367,4.226,2.188,7.002,1.858,1.024,1.0,0.567,2.549,1.0,1.691,2.2,1.0,170.321,59.763,0.984543,18.024,58.693,0.984543,280.779,0.986559,296.883,280.273,0.986559,261.519,0.984543,296.323,261.305,0.984543,1.558,1.0,5.752,1.558,1.0,98.592,98.774,0.972446,2.965,1.853,0.966398,2.455,2.926,0.721102,0.43944887815878225,0.6357526881720431,17.741224747474746,0.9650537634408601,109.70224028240743,0.9657258064516129,13.914675925925925,0.9657258064516129,10.143485632168565,0.9469086021505375,313.0837752525252,0.9650537634408601,391.591,0.985887,4.343,1.0,38.104,0.99664,-7.64093,0.99664,8.84358,0.958333,11.1075,0.1708,-0.899576,0.96707,-1.12986,0.551462,1.0,3,28.2581,19.7419,28.2581,19.7097,-0.0927668,-0.101286,0.90121,0.903226,0.0189722,0.0191506,0.0232089,0.0226497,-0.105576,-0.105887,0.903226,0.903226,0.0192758,0.0192088,0.0234578,0.0226989,-0.0962503,-0.0952957,0.901747,0.903175,0.00306388,0.00263845,-0.130149,-0.111281,-0.106852,-0.097552,-0.0861294,-0.0845449,-0.0747767,-0.124894,-0.107739,-0.104837,-0.0960748,-0.0858351,-0.0835511,-0.0765943,0.888441,0.903226,0.90457,0.900538,0.90121,0.90121,0.907258,0.883737,0.90457,0.903226,0.90121,0.90457,0.90457,0.907258,0.378065,0.363977,0.382211,0.387447,0.930876,0.930876,0.0220495,0.0218234,0.0264574,0.025763,-0.761259,-0.761403,1.14457,1.13429,0.859677,0.864516,0.0324726,0.0322208,0.0454279,0.0366853,0.368519,0.357002,0.38883,0.397592,0.930876,0.930876,0.0219417,0.0219454,0.0263677,0.0258665,-0.778107,-0.762192,1.13736,1.13334,0.864516,0.864516,0.0324656,0.032241,0.0454229,0.036703,0.357018,0.361909,0.365724,0.371986,0.382776,0.391154,0.402605,0.356259,0.361549,0.365007,0.37188,0.378533,0.388933,0.401339,0.930876,0.930876,0.930876,0.930876,0.929763,0.930876,0.93318,0.930876,0.930876,0.930876,0.930876,0.930876,0.929763,0.93318,-0.849184,-0.812599,-0.778317,-0.763529,-0.752063,-0.749063,-0.733672,-0.821612,-0.7782,-0.768569,-0.762577,-0.749878,-0.743121,-0.734051,0.838625,0.849915,0.864516,0.858065,0.867742,0.867742,0.867742,0.83854,0.864516,0.858065,0.864516,0.867742,0.867742,0.867742,0.358914,0.359355,0.388428,0.00292249,0.358914,0.372934,0.375372,0.383315,0.399307,0.402418,0.425508,0.356204,0.381279,0.393847,0.00336304,0.359355,0.373548,0.379014,0.384981,0.414045,0.423057,0.426363,0.466653,0.465242,0.483724,0.00326749,0.461462,0.467913,0.469424,0.479012,0.485764,0.512888,0.520834,0.461462,0.486855,0.490097,0.00439189,0.450039,0.468434,0.471553,0.482683,0.511656,0.521527,0.539008,0.45651,0.503294,0.454228,0.0130121,0.320766,0.330538,0.424103,0.456636,0.476807,0.534507,0.59559,0.47023,0.600111,0.457316,0.0128574,0.319567,0.344139,0.40602,0.456001,0.493666,0.542132,0.596371,0.416564,0.456625,0.423494,0.00585746,0.372668,0.389666,0.405643,0.414141,0.428652,0.453955,0.498526,0.409575,0.536605,0.427123,0.00683773,0.365184,0.390262,0.400478,0.414277,0.439461,0.457998,0.50113,-9999,-9999
200801,-0.181,1.0,-1.111,3.439,1.0,1.099,3.04,1.0,5.522,4.066,2.528,7.517,2.175,-0.181,1.0,-1.111,3.439,1.0,1.099,3.04,1.0,187.375,97.624,0.997984,22.6,96.674,0.997984,247.005,1.0,294.601,247.005,1.0,241.171,0.997984,292.846,241.453,0.997984,2.714,1.0,5.617,2.714,1.0,98.588,98.736,1.0,1.24,1.542,1.0,1.945,3.58,1.0,0.5345181200718917,0.9979838709677419,21.353494623655912,1.0,172.83089643817206,1.0,11.036290322580646,1.0,13.410909429905622,0.9892473118279569,309.32526881720435,1.0,392.113,0.999328,2.588,1.0,40.572,1.0,-6.42456,1.0,8.80317,1.0,11.2389,0.173155,20.0518,0.999328,25.5998,0.65796,1.0,2,27.8387,20.1613,27.8387,20.1613,-0.583408,-0.568884,0.997984,0.997984,0.017468,0.0175383,0.0360077,0.0260394,-0.569664,-0.568334,0.997984,0.997984,0.0174476,0.0175531,0.0359978,0.0260493,-0.575474,-0.571857,0.997715,0.997833,0.00469039,0.00336929,-0.642733,-0.610547,-0.592672,-0.569363,-0.557833,-0.547573,-0.537389,-0.610566,-0.592672,-0.588076,-0.568818,-0.559615,-0.554178,-0.546296,0.995296,0.99664,0.997984,0.997984,0.997984,0.997984,0.997984,0.99664,0.997984,0.997984,0.997984,0.997984,0.997984,0.997984,0.125634,0.141906,0.460131,0.466996,1.0,1.0,0.0191926,0.0190512,0.0358587,0.0274982,-1.50885,-1.497,1.24391,1.25246,0.995315,0.995315,0.0301873,0.0304473,0.043202,0.0349111,0.140766,0.142498,0.467214,0.466959,1.0,1.0,0.0190811,0.0190908,0.0357992,0.0275256,-1.49727,-1.49657,1.25225,1.25279,0.995315,0.995315,0.0301357,0.0304449,0.0431659,0.034909,0.0728194,0.100201,0.119839,0.141282,0.156568,0.160782,0.171995,0.095665,0.119839,0.123833,0.14202,0.153622,0.159498,0.162979,1.0,1.0,1.0,1.0,1.0,1.0,1.0,1.0,1.0,1.0,1.0,1.0,1.0,1.0,-1.57281,-1.53599,-1.52217,-1.49727,-1.49138,-1.47418,-1.46516,-1.53612,-1.52217,-1.51726,-1.497,-1.49203,-1.48801,-1.47412,0.989171,0.993779,0.995315,0.995315,0.995315,0.995315,0.995315,0.993779,0.995315,0.995315,0.995315,0.995315,0.995315,0.995315,0.229375,0.229357,0.228169,0.00135114,0.207337,0.221646,0.224268,0.229442,0.233393,0.234385,0.238076,0.229405,0.230437,0.226403,0.00199955,0.195186,0.213076,0.221646,0.229405,0.233336,0.234848,0.239838,0.797709,0.797691,0.800027,0.00211641,0.776464,0.787802,0.791191,0.797709,0.808851,0.814694,0.819559,0.795594,0.8001,0.801877,0.00277727,0.771128,0.781967,0.789962,0.799071,0.814318,0.819559,0.824387,0.227298,0.219608,0.269846,0.0100458,0.155662,0.218089,0.22402,0.237523,0.31559,0.358168,0.364686,0.219417,0.21839,0.270599,0.011246,0.144524,0.218057,0.219417,0.235784,0.335575,0.361824,0.366982,0.725805,0.722638,0.749365,0.00405145,0.722622,0.722896,0.725805,0.740417,0.761078,0.780054,0.796447,0.721813,0.722891,0.751941,0.00430938,0.721813,0.723244,0.728382,0.740535,0.775705,0.780109,0.800231,-9999,-9999
200802,-0.631,1.0,-1.506,2.672,1.0,0.411,2.185,1.0,5.908,4.844,1.909,7.163,1.58,-0.631,1.0,-1.506,2.672,1.0,0.411,2.185,1.0,249.121,112.963,1.0,30.591,112.963,1.0,265.877,1.0,310.352,265.877,1.0,247.135,1.0,316.849,247.135,1.0,1.871,1.0,5.43,1.871,1.0,98.599,98.701,1.0,2.008,3.579,1.0,2.083,3.419,1.0,0.5657447726130975,0.7004310344827587,55.79885057471263,1.0,207.86563584770118,1.0,14.189655172413794,1.0,14.425093628964834,0.992816091954023,308.1386494252874,1.0,391.724,0.697557,2.3,1.0,42.156,1.0,-4.11704,0.998563,11.887,0.989943,15.1759,0.219315,34.7551,0.991379,44.3712,0.831544,0.987069,1,25.8621,22.1379,25.8621,22.1379,-0.337403,-0.336253,0.686063,0.686782,0.017964,0.0181584,0.0226014,0.0188053,-0.334523,-0.334906,0.686782,0.688218,0.0180904,0.0181451,0.022702,0.0187924,-0.340154,-0.337368,0.688003,0.68838,0.00288741,0.00161444,-0.373826,-0.357788,-0.340149,-0.335113,-0.3324,-0.330357,-0.323554,-0.362056,-0.34011,-0.337403,-0.335113,-0.3324,-0.33033,-0.327184,0.6875,0.688218,0.689655,0.688218,0.690374,0.691092,0.696839,0.688218,0.686782,0.686063,0.688218,0.690374,0.691092,0.689655,0.236256,0.242394,0.31231,0.311406,0.729284,0.727958,0.0211133,0.0212912,0.026204,0.022171,-0.985036,-0.989911,1.04754,1.03962,0.636636,0.639771,0.0285251,0.0286496,0.0321193,0.0306819,0.245464,0.244167,0.313681,0.312219,0.727958,0.727958,0.0211978,0.0212754,0.0262721,0.0221558,-0.989785,-0.989191,1.03976,1.03661,0.639771,0.642906,0.0285563,0.0286287,0.0321471,0.0306624,0.181734,0.212822,0.228177,0.23511,0.24088,0.243863,0.245426,0.203698,0.231495,0.232182,0.236256,0.242394,0.243863,0.245426,0.724028,0.728007,0.733263,0.733263,0.73061,0.727958,0.727958,0.728007,0.731936,0.731936,0.729284,0.727958,0.727958,0.727958,-1.0007,-0.998285,-0.989819,-0.988102,-0.969324,-0.968757,-0.95448,-0.998644,-0.990719,-0.989785,-0.987997,-0.969463,-0.968757,-0.968592,0.645891,0.642906,0.639771,0.642906,0.642906,0.642906,0.649175,0.642906,0.639771,0.639771,0.642906,0.642906,0.642906,0.642906,0.204634,0.204638,0.201932,0.000448287,0.195344,0.199721,0.201442,0.202693,0.20311,0.204509,0.204627,0.204627,0.20285,0.200536,0.00118365,0.189179,0.195516,0.200437,0.202703,0.203109,0.20447,0.204627,0.539541,0.539545,0.5393,0.00133402,0.526906,0.531882,0.532687,0.538922,0.540482,0.542351,0.55647,0.539534,0.537373,0.54069,0.0020868,0.525796,0.530339,0.532687,0.538033,0.542351,0.555879,0.558582,0.215813,0.198537,0.205851,0.00335969,0.160736,0.190647,0.194712,0.215712,0.221514,0.223849,0.23378,0.196765,0.195194,0.206171,0.00396941,0.160699,0.182749,0.193894,0.213014,0.22159,0.223376,0.233896,0.631626,0.642791,0.639439,0.00242779,0.614642,0.629935,0.63121,0.641679,0.643299,0.66063,0.66127,0.641679,0.643242,0.638175,0.00279309,0.604865,0.615701,0.630298,0.641002,0.643745,0.66063,0.661945,-9999,-9999
200803,6.478,1.0,5.238,3.081,1.0,7.675,3.149,1.0,8.495,6.52,2.645,10.382,2.344,6.478,1.0,5.238,3.081,1.0,7.675,3.149,1.0,332.227,156.682,0.993952,55.734,156.036,0.993952,287.228,1.0,296.227,287.228,1.0,285.697,0.993952,295.323,285.593,0.993952,4.058,1.0,6.409,4.058,1.0,98.543,98.462,1.0,0.634,4.176,1.0,2.799,3.347,1.0,0.47455261363246387,0.9979838709677419,83.78158602150538,1.0,294.6713319892473,1.0,17.15994623655914,1.0,18.099913935993882,0.9932795698924732,341.1565860215054,1.0,394.762,0.997312,6.456,1.0,43.466,1.0,1.29243,0.999328,19.6792,0.995296,23.8782,0.332795,47.9766,1.0,58.2136,0.783448,0.987231,1,23.4516,24.5484,23.4516,24.3871,-0.146611,-0.136845,0.982527,0.984543,0.0287866,0.0287456,0.0298009,0.0292815,-0.140029,-0.140232,0.984543,0.985887,0.0287437,0.030913,0.0297594,0.0314119,-0.135853,-0.137586,0.983317,0.984022,0.00151015,0.00106863,-0.146611,-0.143208,-0.141805,-0.13845,-0.133195,-0.127791,-0.119698,-0.147987,-0.142306,-0.141654,-0.140029,-0.136087,-0.131153,-0.126832,0.982527,0.981183,0.979839,0.984543,0.985887,0.987903,0.97379,0.982527,0.983871,0.981183,0.984543,0.987903,0.985887,0.980511,0.90135,0.907037,0.539586,0.538241,0.991697,0.991697,0.0260688,0.02616,0.0298391,0.027543,-1.14429,-1.13197,1.82888,1.82485,0.974243,0.978114,0.0480789,0.0481648,0.0500341,0.0493439,0.904032,0.897318,0.537568,0.531679,0.991697,0.991697,0.0261904,0.0261481,0.0299454,0.0275317,-1.13511,-1.12928,1.82683,1.82666,0.978114,0.980695,0.0481453,0.0527489,0.050098,0.0538277,0.873506,0.89693,0.90135,0.904032,0.914166,0.925967,0.956758,0.890815,0.89693,0.90135,0.90335,0.908237,0.914166,0.945781,0.991697,0.991697,0.991697,0.991697,0.990295,0.990295,0.990295,0.991697,0.991697,0.991697,0.991697,0.991697,0.990295,0.997307,-1.15685,-1.14977,-1.14504,-1.13322,-1.12693,-1.12207,-1.10941,-1.15008,-1.14591,-1.1417,-1.133,-1.12693,-1.12446,-1.11626,0.96134,0.969082,0.971663,0.980695,0.980695,0.980695,0.984566,0.971663,0.971663,0.974243,0.980695,0.980695,0.980695,0.984566,0.957822,0.957064,0.9521,0.00226241,0.930865,0.934128,0.941143,0.953021,0.962741,0.964459,0.974406,0.959465,0.953021,0.946692,0.00364696,0.919513,0.931651,0.93556,0.945403,0.961601,0.963016,0.97367,1.09829,1.0973,1.08969,0.00230531,1.06028,1.07626,1.08052,1.09305,1.10001,1.10194,1.10582,1.09989,1.09305,1.08255,0.00364661,1.03921,1.06133,1.07626,1.08379,1.099,1.10117,1.10668,0.695947,0.657621,0.710485,0.0075956,0.644043,0.660605,0.672679,0.703641,0.737297,0.748558,0.771327,0.703646,0.702462,0.707461,0.00783263,0.633265,0.658732,0.670564,0.70274,0.730206,0.749006,0.769385,1.00984,0.988446,1.02162,0.00429126,0.989017,0.992686,0.995431,1.01566,1.03164,1.04135,1.07882,0.992504,1.01363,1.02165,0.00434433,0.98525,0.992504,0.995431,1.01576,1.0318,1.04135,1.07351,-9999,-9999
200804,11.904,1.0,10.612,3.166,1.0,12.881,3.263,1.0,11.466,9.32,2.233,13.105,2.383,11.904,1.0,10.612,3.166,1.0,12.881,3.263,1.0,410.484,193.653,0.998611,76.299,193.217,0.998611,313.132,1.0,307.822,313.132,1.0,323.552,0.998611,312.994,323.562,0.998611,6.303,1.0,6.812,6.303,1.0,98.537,98.272,1.0,0.489,3.323,1.0,2.545,3.529,1.0,0.53074117775076,0.9930555555555555,115.11180555555553,1.0,375.3615775,1.0,20.784722222222225,1.0,21.534415374677007,0.9965277777777779,369.6979166666667,1.0,388.47,0.999306,11.538,1.0,44.592,1.0,3.75312,1.0,32.1285,0.991667,41.5826,0.499888,53.4498,0.997917,69.1778,0.879713,0.989583,1,20.8,27.2,20.8,27.1,0.141117,0.142095,0.978472,0.98125,0.037876,0.0379835,0.0404942,0.0402121,0.139995,0.152854,0.98125,0.985417,0.0379202,0.0379777,0.0405356,0.0402066,0.156447,0.154999,0.982448,0.983194,0.0024778,0.00204106,0.137614,0.140042,0.143759,0.152854,0.163836,0.168691,0.187814,0.138079,0.140346,0.144956,0.152394,0.161853,0.166748,0.17406,0.98125,0.98125,0.989583,0.985417,0.9875,0.988194,0.991667,0.978472,0.98125,0.9875,0.985417,0.9875,0.988194,0.989583,1.66171,1.68377,0.85932,0.872596,0.986667,0.986667,0.0527852,0.052884,0.0555227,0.0547544,-1.01439,-1.02901,2.06407,2.08121,0.972131,0.976893,0.0501033,0.0503792,0.0526215,0.0527232,1.67892,1.69632,0.863211,0.879744,0.986667,0.996667,0.0528084,0.052893,0.0555446,0.054763,-1.02903,-1.02022,2.08293,2.0829,0.976893,0.976893,0.0502875,0.0503609,0.0527969,0.0527057,1.63762,1.65726,1.67207,1.6796,1.68835,1.6917,1.70218,1.65604,1.66332,1.67403,1.68182,1.68909,1.6917,1.69632,1.0,0.986667,0.986667,0.986667,1.0,1.0,0.996667,1.0,0.986667,0.986667,0.986667,1.0,1.0,0.996667,-1.02946,-1.02037,-1.01983,-1.00608,-0.994694,-0.988199,-0.935624,-1.02903,-1.02101,-1.02018,-1.01214,-0.997881,-0.989916,-0.979915,0.976893,0.978127,0.978127,0.975702,0.98893,0.964856,0.954053,0.976893,0.976893,0.978127,0.97094,0.97094,0.979362,0.985314,2.09581,2.09586,2.06783,0.00426505,2.00936,2.03445,2.0565,2.07536,2.08646,2.09238,2.09683,2.1085,2.07929,2.05712,0.00763485,1.96612,2.00961,2.04898,2.0692,2.08417,2.09089,2.09637,1.94295,1.94301,1.91284,0.00515787,1.83592,1.8858,1.90402,1.92039,1.93561,1.93936,1.94295,1.93936,1.93929,1.90067,0.00798379,1.78997,1.86277,1.88854,1.91661,1.93118,1.93746,1.94285,1.81102,1.86741,1.81729,0.00511837,1.7639,1.78546,1.79388,1.81102,1.8408,1.84954,1.86741,1.83667,1.84954,1.82487,0.00799044,1.7639,1.78546,1.79605,1.81488,1.8428,1.85798,1.88101,1.62162,1.64552,1.6206,0.00290349,1.58877,1.60314,1.60696,1.61606,1.63646,1.64383,1.64806,1.6431,1.63844,1.62213,0.00578295,1.57097,1.60278,1.60704,1.61507,1.64065,1.64532,1.65324,-9999,-9999
200805,17.486,1.0,15.86,2.261,1.0,18.52,3.136,1.0,13.101,11.411,1.631,14.183,1.804,17.486,1.0,15.86,2.261,1.0,18.52,3.136,1.0,464.208,217.744,0.99664,74.118,217.483,0.99664,344.071,1.0,333.878,344.071,1.0,374.467,0.99664,352.701,374.552,0.99664,7.3,1.0,6.119,7.3,1.0,98.529,97.932,1.0,5.238,4.503,1.0,2.127,3.204,1.0,0.463889848373995,0.9959677419354839,136.95362903225808,1.0,426.6156444892473,1.0,20.28158602150538,1.0,30.11393750476626,0.9952956989247311,395.22379032258067,1.0,389.738,1.0,15.561,1.0,44.806,1.0,4.42417,1.0,60.8661,0.99664,80.7202,0.684029,38.9878,0.999328,51.7054,0.793619,0.995968,1,18.7097,29.2903,18.7097,29.2581,-1.7982,-1.7945,0.99328,0.99328,0.0607101,0.0619454,0.0701895,0.0692736,-1.78902,-1.77979,0.99328,0.99328,0.0619398,0.0626275,0.0712558,0.0698843,-1.75227,-1.76297,0.993347,0.993666,0.00592396,0.00496094,-1.79541,-1.79013,-1.78321,-1.76782,-1.72734,-1.71968,-1.67745,-1.7945,-1.79052,-1.78902,-1.77642,-1.74451,-1.7285,-1.71706,0.99328,0.99328,0.99328,0.99328,0.995968,0.997312,0.989919,0.99328,0.99328,0.99328,0.992608,0.994624,0.995968,0.99664,3.72967,3.69921,1.27489,1.3356,1.0,1.0,0.0717829,0.0722884,0.0809342,0.0801196,-5.14441,-5.11861,5.97113,5.98874,0.988794,0.988794,0.0862966,0.0862602,0.105058,0.0967229,3.70135,3.71992,1.33499,1.36559,1.0,1.0,0.0721344,0.0738615,0.0812461,0.0815417,-5.11123,-5.10832,5.99624,5.97504,0.988794,0.988794,0.0863029,0.086942,0.105063,0.0973314,3.6823,3.69356,3.70853,3.72331,3.76286,3.76833,3.78021,3.68383,3.69921,3.70853,3.71932,3.72967,3.7683,3.77013,1.0,1.0,1.0,1.0,1.0,1.0,1.0,1.0,1.0,1.0,1.0,1.0,1.0,1.0,-5.13568,-5.12673,-5.12309,-5.10851,-5.03921,-5.0069,-4.98131,-5.13518,-5.12672,-5.12309,-5.11042,-5.05739,-5.03921,-5.00503,0.987642,0.988794,0.988794,0.988794,0.993323,0.994399,0.983227,0.988794,0.988794,0.988794,0.988794,0.991099,0.993323,0.993323,4.30265,4.30829,4.31746,0.00828189,4.23325,4.2756,4.28717,4.30236,4.33917,4.36703,4.41274,4.3011,4.29909,4.31901,0.0146341,4.14481,4.24966,4.28717,4.30951,4.36508,4.41105,4.43639,6.0834,6.08808,6.08043,0.0098536,5.94951,5.99569,6.04706,6.0834,6.11566,6.13556,6.17731,6.08481,6.08811,6.07128,0.0157105,5.86068,5.96402,6.0198,6.08659,6.13273,6.14521,6.17731,3.82132,3.68385,3.70347,0.0117652,3.52604,3.63625,3.66966,3.70364,3.74181,3.77724,3.82132,3.73081,3.70226,3.69815,0.0137849,3.51045,3.63255,3.65273,3.69151,3.75351,3.78363,3.82169,5.69678,5.59175,5.61067,0.00693027,5.50644,5.57478,5.59009,5.60774,5.63548,5.65451,5.68405,5.61079,5.60772,5.6087,0.0088794,5.49404,5.55546,5.58247,5.6081,5.63127,5.65222,5.68425,-9999,-9999
200806,23.656,1.0,21.68,2.043,1.0,24.783,2.81,1.0,18.35,16.427,1.69,19.447,2.08,23.656,1.0,21.68,2.043,1.0,24.783,2.81,1.0,485.865,262.743,1.0,90.683,262.743,1.0,375.065,1.0,346.113,375.065,1.0,421.406,1.0,371.347,421.406,1.0,9.579,1.0,6.998,9.579,1.0,98.552,98.177,1.0,1.889,4.307,1.0,2.054,2.616,1.0,0.4101677128353659,0.9881944444444445,176.0566214470284,0.9965277777777778,519.5565482913437,0.9965277777777778,18.569751291989665,0.9965277777777778,34.97263169091687,0.9937499999999999,427.4642118863049,0.9965277777777778,383.027,1.0,20.881,1.0,43.512,1.0,4.88477,1.0,111.705,0.999306,156.622,1.36495,9.75594,1.0,13.6788,0.67049,0.993056,1,17.5,30.5,17.5,30.4667,-4.60468,-4.51364,0.966667,0.970833,0.0892635,0.0939979,0.38957,0.289453,-4.51147,-4.51317,0.970139,0.970833,0.0938473,0.0942961,0.390646,0.28955,-4.67859,-4.60068,0.966892,0.969792,0.0584736,0.0430597,-5.57811,-5.13415,-4.92793,-4.51925,-4.45021,-4.37574,-4.34597,-5.22367,-4.92786,-4.63737,-4.51402,-4.42512,-4.38033,-4.36041,0.91875,0.944444,0.948611,0.970139,0.979167,0.985417,0.985417,0.940278,0.948611,0.963194,0.970139,0.993056,0.984028,0.991667,5.58078,5.52835,1.92939,1.97042,0.963181,0.965142,0.12233,0.126043,0.506109,0.319407,-10.1786,-10.0102,9.26626,9.28639,0.968746,0.974122,0.122526,0.122866,0.33869,0.287617,5.53407,5.5056,1.97091,1.96835,0.965142,0.965142,0.125278,0.125951,0.506829,0.31937,-10.0102,-9.99702,9.28658,9.28668,0.973047,0.974122,0.122859,0.123422,0.338811,0.287855,4.10605,4.62866,5.0095,5.4218,5.56653,5.61087,5.62476,4.59526,5.00991,5.32272,5.49678,5.53407,5.59688,5.61738,0.897277,0.920806,0.920806,0.986383,0.984423,0.982462,0.982462,0.918845,0.920806,0.992266,0.965142,0.965142,0.982462,0.965142,-10.8154,-10.4398,-10.3425,-10.0201,-9.84139,-9.80827,-9.74912,-10.5557,-10.343,-10.16,-9.99718,-9.87497,-9.82292,-9.7609,0.930681,0.957921,0.964373,0.970896,0.98491,0.98276,0.990323,0.952545,0.964373,0.968746,0.974122,0.985986,0.990323,0.990323,6.19494,6.20339,6.16558,0.0274762,5.71027,6.06644,6.09328,6.19492,6.24514,6.28089,6.411,6.20213,6.24591,6.13861,0.0369918,5.61324,5.91713,6.08969,6.20211,6.24514,6.29073,6.41089,10.7116,10.7166,10.7663,0.0554548,10.1032,10.4468,10.4877,10.7252,10.9674,11.1307,11.3344,10.7129,10.7574,10.8172,0.0716584,10.0082,10.3779,10.4658,10.765,11.1283,11.3177,11.4659,5.78724,5.26326,5.13644,0.087958,4.24325,4.35545,4.73016,5.26275,5.46978,5.67286,6.00038,5.20164,5.345,5.03145,0.0969995,3.99263,4.31313,4.42929,5.16711,5.45625,5.66421,6.00114,10.5621,10.0575,10.0752,0.0509845,9.41997,9.72091,9.9136,10.076,10.1876,10.5344,10.6578,9.95615,10.095,10.0396,0.0581699,9.35143,9.59132,9.73181,10.0749,10.1892,10.4207,10.6278,-9999,-9999
200807,24.982,1.0,23.061,1.882,1.0,26.161,2.834,1.0,22.349,20.258,1.698,23.627,1.997,24.982,1.0,23.061,1.882,1.0,26.161,2.834,1.0,473.253,261.362,1.0,87.66,261.362,1.0,390.001,1.0,367.385,390.001,1.0,435.025,1.0,403.764,435.025,1.0,9.274,1.0,7.29,9.274,1.0,98.548,98.341,1.0,0.984,8.139,1.0,2.267,2.254,1.0,0.3189402768817205,1.0,181.54838709677423,1.0,514.9912485215054,1.0,18.241935483870968,1.0,33.367130071717746,0.9979838709677418,435.891129032258,1.0,381.548,1.0,22.699,1.0,41.15,1.0,6.90559,1.0,115.563,0.999328,159.12,1.14686,11.2651,1.0,15.5111,0.516694,0.997984,1,18.2581,29.7419,18.2581,29.7097,-4.56568,-4.44756,0.973118,0.977151,0.0957233,0.0998179,0.176855,0.172052,-4.42756,-4.53364,0.977151,0.979839,0.0997963,0.102118,0.179092,0.173397,-4.42486,-4.4231,0.972547,0.977722,0.0218697,0.0202838,-4.66604,-4.56568,-4.54843,-4.44653,-4.29256,-4.26827,-4.2461,-4.58449,-4.54714,-4.54424,-4.44756,-4.31429,-4.26687,-4.24082,0.919355,0.973118,0.977151,0.977151,0.946909,0.988575,0.989919,0.950269,0.960349,0.973118,0.977151,0.997312,0.988575,0.989919,4.89342,4.96134,1.8408,1.99807,0.964158,0.965855,0.132313,0.132703,0.253983,0.24551,-10.0932,-9.95261,9.12267,9.12378,0.979261,0.98468,0.130785,0.132166,0.178102,0.177533,4.95343,4.74877,2.01161,2.12498,0.965855,0.965855,0.132503,0.138484,0.254082,0.248682,-9.91557,-9.95744,9.14069,9.05316,0.98468,0.989129,0.132203,0.134165,0.179146,0.179026,4.73714,4.85121,4.89342,5.00792,5.23813,5.2848,5.44697,4.74877,4.84009,4.90732,4.99276,5.13074,5.2532,5.29005,0.965855,0.964158,0.964158,0.982928,0.989813,0.982928,0.927045,0.965855,0.964158,0.935534,0.982928,0.993209,0.982928,0.989813,-10.1912,-10.0932,-10.0778,-9.95643,-9.85552,-9.8514,-9.81428,-10.1385,-10.0904,-10.0711,-9.95261,-9.86211,-9.85333,-9.83279,0.933984,0.979261,0.939583,0.981486,0.994547,0.994547,0.998888,0.968284,0.974812,0.979261,0.98468,0.994547,0.994547,0.995659,5.96719,5.96718,6.06842,0.0319648,5.74577,5.88644,5.9297,6.01635,6.20704,6.28051,6.44679,5.93621,6.22456,6.07412,0.054702,5.50945,5.84404,5.92757,6.02016,6.24937,6.37622,6.48041,10.5008,10.5008,10.4915,0.0424946,10.0601,10.2014,10.2695,10.5008,10.6475,10.8146,10.9248,10.4732,10.6521,10.499,0.0612227,9.80397,10.133,10.259,10.5407,10.654,10.8339,11.0071,5.37248,5.35284,5.93155,0.120307,5.00512,5.21285,5.35284,5.69396,6.66596,6.9594,7.32146,6.56825,6.67007,5.9333,0.145059,4.91491,5.14063,5.29345,5.47839,6.56084,7.07348,7.51638,9.50941,9.67873,9.98958,0.0807347,9.2854,9.45086,9.54414,9.74764,10.3603,10.6941,10.8021,10.3274,10.3603,10.0062,0.094522,9.20308,9.41385,9.4628,9.90495,10.3678,10.7438,10.9339,-9999,-9999
200808,23.032,1.0,20.883,1.758,1.0,24.578,2.788,1.0,24.066,22.585,1.404,25.118,1.311,23.032,1.0,20.883,1.758,1.0,24.578,2.788,1.0,427.963,248.629,1.0,93.252,248.629,1.0,372.9,1.0,373.868,372.9,1.0,419.633,1.0,413.644,419.633,1.0,7.269,1.0,7.86,7.269,1.0,98.544,98.455,1.0,0.948,2.019,1.0,2.439,2.143,1.0,0.2510999543010753,0.9993279569892473,164.27523332649173,0.9939516129032258,480.2667427204129,0.9939516129032258,17.529411680862953,0.9939516129032258,30.664422287742916,0.9932795698924731,426.961638673189,0.9939516129032258,377.15,1.0,21.776,1.0,35.45,1.0,1.98,1.0,96.609,1.0,129.305,0.999643,24.197,0.999328,32.3861,0.548694,0.991263,1,20.0,28.0,20.0,28.0,-2.83309,-2.67922,0.952957,0.966398,0.100158,0.100209,0.190293,0.178167,-2.64562,-2.67614,0.96707,0.964382,0.100336,0.100679,0.190387,0.178432,-2.71616,-2.68821,0.948152,0.960097,0.021319,0.0204626,-2.94947,-2.86668,-2.83309,-2.72005,-2.63208,-2.54308,-2.50959,-2.90665,-2.83558,-2.80464,-2.7023,-2.56223,-2.54095,-2.50959,0.828629,0.998656,0.952957,0.956989,0.966398,0.985887,0.981183,0.90121,0.950941,0.825941,0.966398,0.987231,0.983871,0.981183,5.60183,5.56311,1.50201,1.3768,0.978495,0.99232,0.116462,0.115124,0.273032,0.193276,-8.65552,-8.37537,7.56992,7.67786,0.936479,0.948754,0.144125,0.143674,0.317567,0.286971,5.61918,5.53959,1.39382,1.39228,0.99232,0.99232,0.115127,0.115697,0.272466,0.193619,-8.35998,-8.35517,7.6944,7.69208,0.949949,0.945252,0.143914,0.144333,0.317472,0.287302,4.8732,5.2125,5.41375,5.56853,5.6709,5.7064,5.99053,5.04428,5.37121,5.49092,5.56451,5.65269,5.68171,5.73868,1.0,1.0,0.998387,0.998387,0.978495,0.976797,0.827537,1.0,0.998387,0.758934,0.99232,0.99232,0.976797,0.868385,-8.812,-8.71733,-8.66386,-8.37508,-8.2129,-8.15137,-8.13962,-8.76498,-8.65329,-8.61888,-8.36279,-8.20867,-8.15646,-8.14506,0.912878,0.912796,0.936479,0.948754,0.987435,0.974869,0.97248,0.924124,0.936479,0.934336,0.948836,0.981708,0.990814,0.979483,5.83753,5.80189,5.80885,0.0447725,5.17694,5.44647,5.7552,5.86971,5.91056,5.92338,6.05674,5.86044,5.86971,5.79459,0.0592185,5.15882,5.39452,5.57719,5.86044,5.91431,5.97739,6.52888,8.50159,8.47803,8.49706,0.0394655,8.01039,8.24729,8.38681,8.47051,8.54273,8.67523,8.96339,8.53177,8.51533,8.51074,0.05372,8.00319,8.19916,8.30784,8.48986,8.59964,8.7416,9.10664,6.3058,5.42218,5.86653,0.127693,4.89355,4.99738,5.22351,5.82018,6.27826,6.46495,7.44279,4.83692,4.9133,5.86793,0.151969,4.71913,4.88929,5.12526,5.90318,6.32547,6.73243,7.61054,8.62189,8.18506,8.57613,0.0719196,7.9288,8.08624,8.29497,8.55173,8.69043,8.76738,9.47304,7.89665,7.94977,8.57841,0.105989,7.79407,7.98465,8.1863,8.54822,8.78041,9.0865,9.79259,-9999,-9999
200809,19.32,1.0,17.725,1.917,1.0,20.74,2.717,1.0,19.275,17.759,1.84,20.589,1.665,19.32,1.0,17.725,1.917,1.0,20.74,2.717,1.0,357.872,181.891,1.0,51.257,181.891,1.0,360.23,1.0,360.165,360.23,1.0,393.375,1.0,392.761,393.375,1.0,4.889,1.0,7.001,4.889,1.0,98.548,98.783,1.0,6.647,8.472,1.0,2.15,2.306,1.0,0.2939638156412529,0.9972222222222221,114.08541666666666,1.0,348.0385061111111,1.0,13.838194444444442,1.0,21.715223063973063,0.9951388888888888,405.60347222222225,1.0,382.086,1.0,18.715,1.0,44.026,1.0,-2.24951,0.967361,63.8101,0.999306,90.1211,0.847286,19.0952,1.0,26.9687,0.484131,0.60625,1,22.4333,25.5667,22.4333,25.5667,-2.55751,-2.57456,0.919444,0.945139,0.0701151,0.0694146,0.168083,0.156711,-2.57108,-2.54032,0.944444,0.945139,0.0693546,0.0700183,0.167767,0.156979,-2.52367,-2.51322,0.918785,0.930694,0.0222175,0.0203436,-2.69283,-2.67841,-2.63929,-2.55306,-2.41163,-2.37289,-2.29929,-2.7011,-2.65413,-2.60306,-2.54032,-2.41208,-2.37313,-2.3231,0.850694,0.853472,0.90625,0.919444,0.961111,0.953472,0.951389,0.915972,0.911806,0.933333,0.945139,0.960417,0.951389,0.951389,3.36158,3.28792,0.865278,0.866027,0.8915,0.944839,0.05832,0.0575993,0.119228,0.115084,-7.57522,-7.54698,6.44485,6.45404,0.943196,0.945867,0.113963,0.114966,0.269189,0.248072,3.31128,3.28361,0.874645,0.866549,0.944839,0.944839,0.0581388,0.0584558,0.11914,0.115515,-7.56095,-7.48311,6.44917,6.44734,0.944585,0.945914,0.114638,0.115828,0.269475,0.248472,3.08703,3.16232,3.19084,3.26836,3.3179,3.3703,3.46696,3.10048,3.16232,3.19402,3.26836,3.31607,3.36158,3.45672,0.963003,0.959757,0.975955,0.920589,0.988384,0.8915,0.952096,0.965842,0.959757,0.884573,0.920589,0.944839,0.8915,0.952096,-7.80165,-7.64599,-7.6053,-7.57371,-7.1795,-7.15824,-7.12849,-7.72491,-7.61136,-7.59028,-7.50769,-7.1915,-7.17172,-7.13463,0.908066,0.937969,0.935405,0.943196,0.966668,0.95505,0.955098,0.910488,0.935405,0.927396,0.945867,0.95232,0.961223,0.95232,4.05676,4.05649,4.27172,0.0737219,3.74183,3.81673,3.96202,4.10736,4.43758,5.0747,5.13723,4.08289,4.10736,4.32166,0.0869588,3.69638,3.79952,3.85658,4.11012,5.06916,5.1286,5.17399,6.59708,6.59681,6.78493,0.0856298,6.17966,6.26684,6.37756,6.58765,7.00484,7.7078,7.79307,6.55992,6.67844,6.84533,0.100422,6.05485,6.22032,6.27126,6.59752,7.66595,7.7751,7.79561,4.18711,5.36057,5.22544,0.150866,4.15982,4.24835,4.37968,5.12412,5.85181,6.29891,6.96472,5.5738,5.01646,5.39145,0.160886,4.16601,4.21261,4.37078,5.36055,6.23963,6.66436,6.96472,5.47637,6.17144,6.09047,0.0908089,5.47734,5.50217,5.56621,6.00119,6.38581,6.76354,7.12986,6.22304,5.9873,6.17492,0.0977406,5.45004,5.48848,5.55019,6.17129,6.74196,6.93757,7.13182,-9999,-9999
200810,13.509,1.0,11.861,2.555,1.0,15.278,3.162,1.0,14.118,12.949,1.766,15.369,1.3,13.509,1.0,11.861,2.555,1.0,15.278,3.162,1.0,275.469,160.515,1.0,34.338,160.515,1.0,312.128,1.0,345.192,312.128,1.0,330.625,1.0,369.943,330.625,1.0,5.016,1.0,5.884,5.016,1.0,98.558,98.89,1.0,10.01,1.215,1.0,2.69,2.715,1.0,0.36439065188172043,1.0,77.88911290322581,1.0,298.86065450268825,1.0,13.388440860215056,1.0,19.736036540623097,0.9919354838709677,374.1202956989247,1.0,388.123,1.0,13.691,1.0,42.943,1.0,-5.38669,0.969758,44.8413,0.999328,54.6268,0.588995,20.6428,1.0,25.1476,0.574928,0.514113,1,24.9355,23.0645,24.9355,23.0323,-0.551441,-0.562546,0.989919,0.992608,0.0473479,0.0475601,0.0512655,0.0502201,-0.548141,-0.554985,0.992608,0.992608,0.0475506,0.0478072,0.0514527,0.0504542,-0.556018,-0.550622,0.985803,0.988525,0.00502472,0.00394221,-0.636424,-0.571758,-0.563369,-0.552921,-0.543169,-0.532448,-0.516223,-0.616542,-0.565181,-0.556369,-0.550006,-0.540041,-0.532926,-0.516192,0.960349,0.995296,0.99328,0.971102,0.99328,0.992608,0.973118,0.962366,0.99328,0.99328,0.973118,0.977151,0.992608,0.986559,2.58379,2.54262,1.0015,1.01868,1.0,1.0,0.0551009,0.0556951,0.0841637,0.0823908,-3.81187,-3.79383,3.66612,3.68669,0.979477,0.985034,0.0734231,0.073992,0.0878472,0.084131,2.5687,2.55437,0.995729,1.01773,1.0,1.0,0.0557702,0.0562103,0.0846034,0.0827399,-3.79212,-3.79136,3.68827,3.68733,0.985034,0.985034,0.0739012,0.0741767,0.0882472,0.0842935,2.40245,2.46346,2.50156,2.55532,2.58597,2.5907,2.63601,2.44901,2.47114,2.50593,2.55844,2.58577,2.59257,2.63692,1.0,1.0,1.0,1.0,1.0,1.0,0.99871,1.0,1.0,1.0,1.0,1.0,1.0,0.99871,-3.86629,-3.81773,-3.80723,-3.79189,-3.75706,-3.72127,-3.66408,-3.83641,-3.80658,-3.80424,-3.79136,-3.75842,-3.7265,-3.70109,0.949668,0.974101,0.967264,0.980822,0.986437,0.986437,0.990469,0.939962,0.979477,0.974101,0.985034,0.986437,0.986437,0.986437,2.61921,2.61927,2.6365,0.0138597,2.49373,2.53935,2.55824,2.62668,2.69738,2.75333,2.78591,2.62214,2.64891,2.63641,0.0181753,2.43624,2.50301,2.55824,2.62943,2.7226,2.77223,2.79457,3.17419,3.17426,3.18712,0.0132439,3.0583,3.10264,3.11917,3.17419,3.23815,3.28967,3.3019,3.17301,3.19705,3.19242,0.0173202,3.00238,3.05682,3.11187,3.18372,3.28599,3.29507,3.36467,1.92649,1.77246,1.87326,0.0213477,1.66899,1.73003,1.77246,1.85745,1.96586,2.0027,2.10127,1.74594,1.85745,1.89192,0.0244966,1.67151,1.7361,1.7541,1.88282,1.98978,2.0481,2.1709,2.80263,2.74589,2.83104,0.0180529,2.72203,2.74459,2.75453,2.78743,2.86097,2.89789,3.09517,2.73725,2.78217,2.8629,0.0238029,2.69387,2.73111,2.7542,2.79285,2.94441,3.02044,3.16548,-9999,-9999
200811,6.631,1.0,5.74,2.58,1.0,7.799,2.579,1.0,7.146,5.812,2.179,8.887,1.81,6.631,1.0,5.74,2.58,1.0,7.799,2.579,1.0,203.847,98.355,0.990278,24.263,94.982,0.990278,286.383,0.989583,301.423,286.301,0.989583,285.332,0.990278,303.242,284.769,0.990278,3.82,1.0,5.91,3.82,1.0,98.552,98.532,0.997222,4.389,1.109,0.998611,2.451,3.144,0.997222,0.45569275132575765,0.9972222222222221,28.653735632183903,0.9666666666666667,178.1238370689655,0.9666666666666667,9.785919540229886,0.9666666666666667,12.417509114072356,0.9590277777777778,340.38793103448273,0.9666666666666667,391.282,1.0,8.567,1.0,46.252,0.989583,-6.52158,0.986806,12.5498,0.99375,15.2885,0.260301,22.2953,0.998611,27.1607,0.617291,1.0,2,27.2667,20.7333,27.2667,20.7333,0.510665,0.538126,0.989583,0.991667,0.0242715,0.0246704,0.0345916,0.0329449,0.530811,0.535575,0.990972,0.991667,0.0247058,0.0246716,0.0348977,0.0329458,0.531057,0.534476,0.989792,0.99059,0.00339478,0.0029709,0.490648,0.506333,0.510665,0.531311,0.55326,0.555627,0.556572,0.501142,0.511016,0.517154,0.538126,0.551858,0.554685,0.556559,0.979167,0.985417,0.989583,0.989583,0.99375,0.993056,0.993056,0.980556,0.989583,0.986111,0.991667,0.993056,0.993056,0.993056,1.10591,1.11254,0.579148,0.59303,0.997619,1.0,0.0286221,0.0285885,0.0349325,0.0343551,-0.335396,-0.281951,1.29088,1.32944,0.979632,0.981299,0.0402853,0.0401956,0.0496973,0.0479313,1.10901,1.10829,0.592265,0.591359,1.0,1.0,0.0286047,0.0285943,0.0349183,0.0343599,-0.293756,-0.282285,1.32292,1.32896,0.979632,0.981299,0.0402839,0.0401922,0.0496962,0.0479284,1.09043,1.10168,1.10562,1.11254,1.1355,1.14174,1.14628,1.09368,1.10569,1.10606,1.1177,1.13962,1.14379,1.14798,0.989286,0.997619,0.997619,1.0,1.0,1.0,1.0,0.989286,0.997619,1.0,1.0,1.0,1.0,1.0,-0.356502,-0.340155,-0.332393,-0.3007,-0.285187,-0.281951,-0.266509,-0.339681,-0.332614,-0.327681,-0.292442,-0.281951,-0.280395,-0.277909,0.966681,0.978045,0.971378,0.987734,0.986068,0.981299,0.987734,0.978045,0.969863,0.978117,0.986068,0.981299,0.984553,0.982886,1.18141,1.18142,1.19143,0.00302328,1.15134,1.17454,1.17677,1.18686,1.21076,1.21501,1.21864,1.1877,1.18015,1.18692,0.00327662,1.14567,1.17062,1.17364,1.18527,1.20222,1.21491,1.21943,0.645834,0.645843,0.656951,0.00140685,0.64489,0.646667,0.647834,0.657477,0.663558,0.664164,0.672098,0.64242,0.649339,0.655865,0.00197194,0.625514,0.6453,0.647887,0.660384,0.663807,0.664991,0.66837,1.05182,0.992189,0.999635,0.010602,0.886284,0.950267,0.956858,0.984575,1.05078,1.08172,1.12427,0.86468,0.962213,0.984978,0.0125292,0.869959,0.897429,0.914432,0.974387,1.04858,1.069,1.12552,0.661602,0.638096,0.645413,0.00377729,0.60811,0.622909,0.627079,0.638096,0.661491,0.673763,0.689944,0.628524,0.62941,0.640688,0.00458411,0.587516,0.609777,0.622909,0.632471,0.66122,0.670214,0.692768,-9999,-9999
200812,-0.655,1.0,-1.449,3.799,1.0,0.493,2.627,1.0,4.041,2.928,1.966,5.618,1.648,-0.655,1.0,-1.449,3.799,1.0,0.493,2.627,1.0,170.007,75.855,0.995296,16.98,76.194,0.995296,261.999,0.994624,293.651,261.963,0.994624,246.977,0.995296,291.399,246.996,0.995296,1.969,1.0,5.649,1.969,1.0,98.558,98.632,0.973118,1.5,1.969,1.0,2.343,3.594,0.99664,0.5713941800774074,0.9314516129032258,17.68948924731183,0.9845430107526882,143.25163851881723,0.9845430107526882,9.192849462365592,0.9845430107526882,10.867362927206305,0.973790322580645,308.84532258064513,0.9845430107526882,391.169,1.0,2.808,1.0,47.392,0.994624,-7.7918,0.948253,12.1722,0.989247,15.2882,0.22055,11.2796,0.99664,14.1672,0.554624,1.0,3,28.2581,19.7419,28.2581,19.7419,-0.457949,-0.447004,0.992608,0.992608,0.0197333,0.0195916,0.045185,0.0357674,-0.448087,-0.443583,0.992608,0.992608,0.01964,0.0195887,0.0451443,0.0357658,-0.443528,-0.440752,0.99254,0.99291,0.00594473,0.00445238,-0.502008,-0.479912,-0.466918,-0.448087,-0.415464,-0.398616,-0.383826,-0.488054,-0.469869,-0.461628,-0.44359,-0.419294,-0.41002,-0.396232,0.989247,0.991263,0.992608,0.992608,0.993952,0.993952,0.993952,0.989919,0.992608,0.992608,0.992608,0.993952,0.993952,0.993952,0.0190734,0.0305021,0.525824,0.531188,1.0,1.0,0.0227362,0.0226461,0.0544186,0.042631,-1.10421,-1.09501,0.999935,0.998386,0.982003,0.982003,0.0326065,0.0325013,0.0411259,0.0373659,0.0287773,0.0356564,0.528849,0.532636,1.0,1.0,0.0227039,0.0226109,0.0544052,0.0426123,-1.09508,-1.09433,0.998684,0.998554,0.982003,0.982003,0.032579,0.0325418,0.0411041,0.0374012,-0.0264822,-0.00365325,0.0069438,0.0287773,0.0731338,0.0952295,0.11364,-0.0115043,0.0069438,0.014297,0.0356514,0.0701961,0.079181,0.0991277,0.998848,1.0,1.0,1.0,1.0,1.0,1.0,1.0,1.0,1.0,1.0,1.0,1.0,1.0,-1.14286,-1.12419,-1.108,-1.09508,-1.08175,-1.07407,-1.0654,-1.13138,-1.11451,-1.10598,-1.09434,-1.08649,-1.07764,-1.07397,0.975382,0.978778,0.982003,0.982003,0.985229,0.985229,0.985229,0.975382,0.982003,0.982003,0.982003,0.985229,0.985229,0.985229,0.197578,0.197581,0.201322,0.00219334,0.164265,0.189227,0.194791,0.20236,0.208882,0.218439,0.219597,0.198516,0.202365,0.197446,0.00284739,0.16014,0.181528,0.189126,0.197868,0.211811,0.216277,0.219336,0.641161,0.641164,0.642075,0.00253138,0.609294,0.623161,0.63048,0.641543,0.653196,0.658939,0.661125,0.63996,0.650452,0.640975,0.00384768,0.59132,0.612043,0.630573,0.650464,0.654986,0.659654,0.662148,0.26247,0.223956,0.411881,0.0370012,0.219348,0.223956,0.248601,0.285479,0.512276,0.779767,0.805908,0.230741,0.222501,0.44762,0.0399409,0.205871,0.223956,0.254298,0.308996,0.741169,0.803243,0.822867,0.482266,0.474607,0.542972,0.0147124,0.470176,0.473335,0.47852,0.489432,0.661078,0.682822,0.692908,0.470305,0.474461,0.556658,0.0159559,0.46822,0.470996,0.474461,0.494339,0.665825,0.691799,0.69966,-9999,-9999
200901,-2.525,1.0,-3.365,3.128,1.0,-1.348,2.916,1.0,4.288,3.145,2.084,5.86,1.451,-2.525,1.0,-3.365,3.128,1.0,-1.348,2.916,1.0,187.375,104.297,1.0,21.288,104.297,1.0,245.169,1.0,293.32,245.169,1.0,225.991,1.0,290.894,225.991,1.0,2.169,1.0,5.769,2.169,1.0,98.544,98.563,0.989247,2.465,0.148,1.0,2.839,3.215,1.0,0.44639018809101655,0.9670698924731184,33.93346774193548,1.0,187.4172370967742,1.0,12.068548387096774,1.0,14.457109067006188,0.9959677419354839,300.2668010752689,1.0,388.213,0.995296,0.882,1.0,46.761,0.998656,-6.10215,0.997984,7.12813,0.997984,8.20092,0.145586,30.715,1.0,35.3377,0.639673,1.0,2,27.871,20.129,27.871,20.129,-0.46262,-0.452441,0.991263,0.99664,0.0195443,0.0193861,0.0294414,0.0263531,-0.455261,-0.449842,0.995968,0.99664,0.0195123,0.0193659,0.0294202,0.0263382,-0.457254,-0.451073,0.993901,0.995161,0.00401314,0.00314314,-0.514094,-0.484379,-0.472338,-0.455163,-0.442495,-0.440341,-0.418833,-0.49051,-0.472338,-0.46262,-0.44973,-0.441244,-0.436636,-0.41919,0.985215,0.986559,0.991263,0.995968,0.997312,0.997312,0.997984,0.987903,0.991263,0.991263,0.99664,0.997312,0.997312,0.997984,0.0674932,0.0812903,0.404006,0.40609,0.991637,1.0,0.0210893,0.0208306,0.0346269,0.0320806,-1.15683,-1.15269,1.09271,1.10367,0.990783,0.99232,0.0341237,0.0339505,0.0367447,0.0346854,0.0768566,0.082881,0.406029,0.406015,1.0,1.0,0.021037,0.0206844,0.0345951,0.0319858,-1.15276,-1.14869,1.1024,1.11045,0.990783,0.99232,0.0340879,0.0340607,0.0367114,0.0347933,0.0220326,0.0433165,0.0545581,0.0768694,0.0958999,0.0982441,0.126609,0.0345839,0.0545581,0.0655692,0.0825235,0.097172,0.103354,0.127677,0.984633,0.989412,0.991637,1.0,1.0,1.0,1.0,0.985828,0.991637,0.991637,1.0,1.0,1.0,1.0,-1.21094,-1.17449,-1.16142,-1.15274,-1.14782,-1.14723,-1.13865,-1.17461,-1.16142,-1.15683,-1.15012,-1.14762,-1.14722,-1.14109,0.985852,0.990622,0.990783,0.990783,0.99232,0.993856,0.995392,0.990622,0.990783,0.990783,0.993856,0.993856,0.993856,0.995392,0.167486,0.166147,0.163358,0.00263972,0.124945,0.146205,0.152076,0.166525,0.172186,0.179161,0.189707,0.165978,0.161861,0.158286,0.00305257,0.120439,0.134047,0.147021,0.161323,0.169706,0.172379,0.191022,0.616786,0.615989,0.614431,0.000839822,0.601997,0.609018,0.611538,0.614435,0.617587,0.6195,0.621858,0.616386,0.617121,0.61554,0.00141746,0.602484,0.60874,0.611157,0.614605,0.617594,0.620979,0.62502,0.314386,0.295597,0.359771,0.0118135,0.286841,0.296414,0.300613,0.322761,0.413434,0.454444,0.509863,0.337728,0.338087,0.36838,0.0118296,0.295794,0.300613,0.311064,0.334505,0.426388,0.479064,0.501086,0.572224,0.55823,0.619369,0.00862864,0.556674,0.559842,0.573447,0.608694,0.644082,0.648036,0.737936,0.60189,0.608767,0.624767,0.00808345,0.557029,0.569205,0.59726,0.615525,0.643907,0.648547,0.741513,-9999,-9999
200902,3.01,1.0,2.025,3.296,1.0,4.168,3.056,1.0,4.675,3.202,2.301,6.391,1.856,3.01,1.0,2.025,3.296,1.0,4.168,3.056,1.0,247.775,131.844,1.0,32.119,131.844,1.0,261.815,1.0,290.318,261.815,1.0,258.995,1.0,286.319,258.995,1.0,3.153,1.0,5.794,3.153,1.0,98.547,98.668,1.0,0.868,2.086,1.0,2.273,3.562,1.0,0.5014249918154762,1.0,50.823486575481255,0.9992559523809523,238.92218363095245,1.0,13.086309523809522,1.0,16.336063567227615,0.994047619047619,325.58757598784194,0.9992559523809523,388.17,1.0,2.824,1.0,44.876,1.0,-1.48352,1.0,9.86006,0.997024,11.344,0.220718,35.3145,0.998512,40.6294,0.76637,0.993304,1,25.8929,22.1071,25.8929,22.1071,-0.254079,-0.252869,0.985863,0.99256,0.0171279,0.0171749,0.0178323,0.0178919,-0.248213,-0.253576,0.991815,0.99256,0.0171396,0.0171133,0.0178436,0.0178329,-0.255601,-0.253459,0.988467,0.990253,0.0017157,0.000995861,-0.28681,-0.258162,-0.256646,-0.254194,-0.248857,-0.248237,-0.245914,-0.266328,-0.257336,-0.256268,-0.254171,-0.249123,-0.247307,-0.245662,0.974702,0.99256,0.997768,0.99256,0.985119,0.989583,0.985119,0.979167,0.99256,0.994048,0.993304,0.985863,0.989583,0.985119,0.438064,0.451214,0.338366,0.349072,0.991429,0.995714,0.0167653,0.0168792,0.0217124,0.0202566,-1.05163,-1.06503,1.14172,1.13888,0.979377,0.988912,0.0300407,0.0300083,0.0335412,0.0335409,0.455682,0.450037,0.34668,0.35002,0.995714,0.995714,0.016758,0.0167522,0.0217068,0.0201509,-1.06035,-1.06505,1.14663,1.13887,0.987359,0.988912,0.0300132,0.0299519,0.0335165,0.0334904,0.381419,0.423001,0.428196,0.439313,0.448975,0.450595,0.454651,0.40512,0.428196,0.432289,0.441625,0.448281,0.450595,0.454215,0.991429,0.991429,0.991429,0.995714,0.995714,0.995714,0.995714,0.991429,0.991429,1.0,0.995714,0.995714,0.995714,0.995714,-1.06788,-1.06514,-1.06503,-1.05761,-1.03708,-1.0353,-1.03314,-1.06792,-1.06527,-1.06506,-1.05803,-1.03861,-1.0353,-1.03314,0.988912,0.990465,0.988912,0.98263,0.964817,0.977824,0.9745,0.988912,0.990465,0.988912,0.98263,0.967993,0.977824,0.9745,0.42803,0.429416,0.419397,0.0031574,0.357157,0.39935,0.418484,0.42755,0.430026,0.430442,0.432352,0.427592,0.428171,0.411241,0.00467833,0.334577,0.379527,0.39935,0.425444,0.429373,0.429698,0.431833,0.682435,0.682992,0.672857,0.00279501,0.627907,0.651685,0.665098,0.677885,0.686004,0.687176,0.687889,0.681549,0.676384,0.666841,0.00347004,0.621387,0.63382,0.651685,0.67587,0.683567,0.686004,0.687805,0.500655,0.489948,0.482056,0.0029557,0.449811,0.455803,0.467223,0.486065,0.494355,0.497503,0.509988,0.482363,0.488695,0.478955,0.00296302,0.449155,0.454925,0.462948,0.482197,0.49207,0.495739,0.50866,0.790021,0.784899,0.773924,0.00267312,0.73868,0.755218,0.761048,0.776527,0.787131,0.789712,0.792017,0.779702,0.786263,0.773726,0.00220906,0.747992,0.760294,0.76269,0.770407,0.785977,0.788164,0.79001,-9999,-9999
200903,8.563,1.0,7.302,3.397,1.0,9.787,3.362,1.0,6.976,5.246,2.468,8.633,2.172,8.563,1.0,7.302,3.397,1.0,9.787,3.362,1.0,329.425,182.474,1.0,53.585,182.474,1.0,292.346,1.0,296.866,292.346,1.0,295.043,1.0,296.297,295.043,1.0,5.352,1.0,5.997,5.352,1.0,98.551,98.473,1.0,3.203,2.944,1.0,2.399,3.557,1.0,0.5124316720430108,1.0,99.45497311827958,1.0,344.91519865591397,1.0,17.868951612903224,1.0,20.90368906455863,0.9899193548387095,353.73588709677426,1.0,395.687,0.998656,7.539,1.0,45.897,1.0,2.13454,1.0,21.9595,0.99328,29.2653,0.377229,50.2833,0.999328,67.0124,0.825259,0.989247,1,23.5484,24.4516,23.5484,24.4194,-0.149512,-0.145219,0.987231,0.988575,0.0189879,0.0189935,0.0267815,0.0247201,-0.144508,-0.146431,0.988575,0.989247,0.0189787,0.018957,0.026775,0.0246921,-0.154974,-0.147686,0.987718,0.98871,0.00396421,0.00304143,-0.202798,-0.178197,-0.169514,-0.146001,-0.143976,-0.140423,-0.118095,-0.18081,-0.166102,-0.158041,-0.145689,-0.140742,-0.134458,-0.118095,0.978495,0.985215,0.985887,0.987231,0.989919,0.989919,0.989919,0.985887,0.985887,0.993952,0.988575,0.99328,0.991263,0.989919,0.86078,0.86139,0.370025,0.379007,1.0,1.0,0.0215547,0.0214915,0.0261108,0.0272521,-1.10556,-1.09762,1.46938,1.46974,0.974995,0.977576,0.0294844,0.0293787,0.0378419,0.034932,0.862978,0.856665,0.37652,0.378836,1.0,1.0,0.0214133,0.0214363,0.0259943,0.0272085,-1.098,-1.09549,1.46916,1.47193,0.977576,0.97892,0.0293976,0.0293317,0.0377743,0.0348924,0.766697,0.835184,0.843743,0.858696,0.862978,0.864658,0.907847,0.814881,0.840036,0.852863,0.86035,0.865195,0.87355,0.907847,1.0,1.0,1.0,1.0,1.0,1.0,1.0,1.0,1.0,1.0,1.0,1.0,1.0,1.0,-1.15862,-1.13842,-1.12818,-1.09808,-1.09232,-1.09098,-1.08994,-1.14401,-1.12875,-1.10638,-1.09545,-1.09215,-1.09096,-1.08959,0.95806,0.971017,0.973651,0.977576,0.980323,0.980323,0.982957,0.972361,0.972361,0.974995,0.97892,0.980323,0.980323,0.982957,0.842711,0.842914,0.857084,0.0053778,0.806015,0.82376,0.836702,0.846306,0.878971,0.890791,0.919462,0.851884,0.846306,0.845357,0.00567694,0.780697,0.813516,0.82376,0.842462,0.861374,0.878971,0.906602,0.989015,0.989344,1.00477,0.00288315,0.985154,0.988056,0.989862,0.997336,1.01805,1.0276,1.03756,0.997104,0.990814,1.00033,0.00286433,0.977509,0.987181,0.988359,0.991713,1.00865,1.02282,1.03132,0.727529,0.763016,0.735558,0.00431276,0.698688,0.701917,0.708563,0.727911,0.759363,0.772477,0.776771,0.702889,0.699343,0.738281,0.00475283,0.698159,0.701917,0.708563,0.734644,0.760318,0.773879,0.777257,0.994287,1.00876,0.996972,0.00191826,0.978212,0.983545,0.985196,0.994517,1.00914,1.01304,1.01375,0.983315,0.983545,0.998836,0.00212106,0.98253,0.984547,0.987519,0.998541,1.00569,1.01289,1.01375,-9999,-9999
200904,12.208,1.0,10.908,2.784,1.0,13.202,3.008,1.0,9.212,7.459,2.043,10.55,2.145,12.208,1.0,10.908,2.784,1.0,13.202,3.008,1.0,408.24,184.75,1.0,74.332,184.75,1.0,315.61,1.0,306.159,315.61,1.0,327.113,1.0,310.459,327.113,1.0,6.056,1.0,6.237,6.056,1.0,98.54,98.157,1.0,2.966,4.273,1.0,2.271,3.649,1.0,0.5330989369694595,0.9930555555555555,107.23055555555557,1.0,356.266438611111,1.0,18.55625,1.0,20.418722559945966,0.9930555555555556,372.10486111111106,1.0,396.345,1.0,10.897,1.0,46.886,1.0,4.02925,1.0,31.3918,0.998611,39.6855,0.512858,50.1623,0.998611,63.4153,0.846816,0.970833,1,20.8667,27.1333,20.8333,27.1,0.908721,0.895322,0.984028,0.988194,0.0303121,0.0317504,0.0346689,0.0373861,0.888942,0.895879,0.9875,0.988889,0.0311214,0.0316445,0.0353786,0.0372962,0.878798,0.882371,0.984913,0.986701,0.00517993,0.00424006,0.796396,0.864154,0.871396,0.889602,0.895322,0.897805,0.910249,0.798778,0.862331,0.869787,0.890104,0.89627,0.901809,0.912802,0.990972,0.976389,0.984028,0.9875,0.988194,0.988889,0.986806,0.990972,0.981944,0.981944,0.988889,0.989583,0.989583,0.984028,2.57023,2.5567,1.15977,1.14341,1.0,1.0,0.0479247,0.0487771,0.0770589,0.082145,-0.42308,-0.433797,1.93227,1.986,0.971958,0.979277,0.0379817,0.0390245,0.0495624,0.0498333,2.54213,2.55069,1.15861,1.14397,1.0,1.0,0.0480851,0.0488936,0.0771587,0.0822143,-0.434002,-0.428056,1.98048,1.97953,0.978042,0.980467,0.0380436,0.0386875,0.0496099,0.0495698,2.30908,2.43363,2.49701,2.52708,2.55013,2.55431,2.57429,2.32208,2.42212,2.47855,2.5124,2.54413,2.55431,2.57499,1.0,0.967893,1.0,1.0,0.995455,1.0,1.0,1.0,1.0,1.0,1.0,1.0,1.0,1.0,-0.469573,-0.455042,-0.43902,-0.427895,-0.407708,-0.39136,-0.368864,-0.461705,-0.443756,-0.432837,-0.419476,-0.404399,-0.381774,-0.357711,0.959649,0.968162,0.966972,0.971958,0.980467,0.981658,0.981658,0.966972,0.968162,0.978042,0.971958,0.981658,0.981658,0.981658,2.76884,2.77502,2.70902,0.00933616,2.56442,2.64614,2.67482,2.71872,2.74783,2.76195,2.76884,2.77494,2.73347,2.70736,0.0118766,2.5495,2.65145,2.68697,2.73265,2.74728,2.75517,2.77103,1.87874,1.87914,1.82665,0.00644449,1.75316,1.76593,1.80387,1.84098,1.85464,1.85793,1.87492,1.87962,1.84453,1.82856,0.00762281,1.7531,1.77562,1.80925,1.84495,1.85692,1.85844,1.87492,2.19704,2.4423,2.37113,0.0270663,2.14876,2.18256,2.20637,2.39481,2.49777,2.58645,2.61747,2.49777,2.41647,2.40881,0.0277602,2.10353,2.19755,2.2413,2.43802,2.57263,2.60639,2.6162,1.56749,1.7085,1.65297,0.0156956,1.51504,1.52941,1.56749,1.6836,1.72569,1.75368,1.79608,1.70163,1.69466,1.67016,0.0153751,1.48789,1.55647,1.57315,1.70163,1.73758,1.75524,1.7945,-9999,-9999
200905,18.128,1.0,16.211,2.137,1.0,19.355,3.235,1.0,15.009,13.066,1.904,16.264,2.208,18.128,1.0,16.211,2.137,1.0,19.355,3.235,1.0,462.933,247.241,1.0,87.131,247.241,1.0,345.454,1.0,328.44,345.454,1.0,373.927,1.0,344.415,373.927,1.0,7.509,1.0,6.749,7.509,1.0,98.557,98.313,1.0,0.221,2.806,1.0,2.048,2.483,1.0,0.35226069869097704,0.9986559139784947,156.96975806451616,1.0,472.85871801075274,1.0,19.827956989247312,1.0,34.44257233943083,0.9973118279569892,400.7271505376343,1.0,395.693,1.0,16.008,1.0,45.894,1.0,4.17225,0.983199,75.6952,0.997984,100.461,0.885501,39.7224,0.997984,52.7188,0.683537,0.893817,1,18.7742,29.2258,18.7742,29.2258,-2.60761,-2.59914,0.964382,0.977151,0.0820568,0.0823473,0.14417,0.150146,-2.58387,-2.54113,0.972446,0.975806,0.0825238,0.0826964,0.144436,0.150338,-2.63977,-2.64914,0.969674,0.974983,0.0151494,0.0163334,-2.81205,-2.77849,-2.72569,-2.61941,-2.55228,-2.54141,-2.53536,-2.81943,-2.79261,-2.76622,-2.60639,-2.55026,-2.54151,-2.53561,0.994624,0.985887,0.946909,0.972446,0.975134,0.980511,0.975806,0.986559,0.994624,0.985887,0.964382,0.961694,0.953629,0.961694,4.64137,4.60898,1.19186,1.32576,0.959725,0.982928,0.108686,0.10833,0.312004,0.331471,-7.03643,-6.9995,6.62871,6.761,0.966796,0.973439,0.110653,0.110195,0.126998,0.121263,4.5387,4.69625,1.36762,1.34622,0.974061,0.981136,0.109202,0.111698,0.312184,0.332587,-6.93153,-6.96324,6.71775,6.76129,0.971211,0.972363,0.110171,0.10946,0.126578,0.120596,3.90657,4.12383,4.22611,4.5692,4.64895,4.70875,4.76476,4.00047,4.08221,4.1886,4.51994,4.67542,4.70875,4.74813,0.991511,0.987927,0.987927,0.945388,0.959725,0.981136,0.94718,0.991511,0.991511,0.987927,0.941803,0.959725,0.981136,0.954348,-7.07568,-7.03643,-7.01906,-6.98875,-6.96228,-6.91178,-6.88876,-7.06833,-7.01479,-7.01052,-6.98423,-6.93864,-6.91356,-6.88837,0.943501,0.966796,0.984533,0.962458,0.980118,0.970062,0.990023,0.946838,0.985685,0.984533,0.960191,0.971211,0.9967,0.9967,5.37281,5.35515,5.11863,0.057333,4.50324,4.6527,4.75416,5.29276,5.40099,5.42526,5.50213,5.3945,5.35547,5.14547,0.0569411,4.36353,4.75497,4.80526,5.31726,5.40099,5.43292,5.50213,7.90817,7.89628,7.76776,0.0428581,7.29585,7.44646,7.49998,7.89383,7.98261,8.01314,8.04364,7.9914,7.93934,7.78524,0.0445024,7.17558,7.45362,7.57954,7.8966,7.9914,8.02599,8.04364,3.95275,5.41652,4.44589,0.0857903,3.65087,3.94932,4.04391,4.44448,4.82952,5.06125,5.20072,5.12674,5.06125,4.36093,0.097134,2.92197,3.63058,3.97746,4.36189,4.82116,4.98087,5.14758,6.40245,7.21376,6.68022,0.0479869,6.257,6.38329,6.43,6.68448,6.8809,7.03373,7.10245,6.78051,7.03373,6.63211,0.0543567,5.90014,6.21188,6.32915,6.67237,6.86287,7.00446,7.09209,-9999,-9999
200906,23.4,1.0,21.238,1.855,1.0,24.632,2.956,1.0,20.416,18.092,1.8,21.753,2.321,23.4,1.0,21.238,1.855,1.0,24.632,2.956,1.0,485.7,276.112,1.0,93.125,276.112,1.0,380.102,1.0,351.491,380.102,1.0,423.836,1.0,379.542,423.836,1.0,8.298,1.0,7.582,8.298,1.0,98.547,97.829,1.0,0.293,3.597,1.0,2.126,2.536,1.0,0.3374864180555555,1.0,188.30277777777778,1.0,531.7567444444444,1.0,18.69722222222222,1.0,37.494285769349375,0.9965277777777778,429.95694444444445,1.0,390.493,1.0,20.856,1.0,38.935,0.978472,8.72212,0.897222,113.873,1.0,151.13,1.05084,15.8013,1.0,20.9711,0.596409,1.0,2,17.5333,30.4667,17.5,30.4333,-4.46145,-4.41685,0.984722,0.990972,0.123926,0.117729,0.346812,0.182806,-4.53785,-4.39053,0.988194,0.992361,0.11938,0.11922,0.345214,0.18377,-4.59544,-4.53587,0.982552,0.987361,0.0457863,0.040355,-5.30731,-5.06367,-4.67647,-4.4581,-4.43083,-4.41584,-4.38601,-5.13369,-4.67647,-4.51084,-4.45417,-4.41944,-4.39677,-4.37752,0.957639,0.960417,0.976389,0.983333,0.995833,0.992361,0.997222,0.961111,0.976389,0.9875,0.995139,0.992361,0.993056,0.993056,6.74816,6.67507,2.15881,2.18217,0.992157,0.998039,0.188334,0.18779,0.58524,0.422116,-10.6339,-10.5232,9.6551,9.68829,0.980502,0.987025,0.146616,0.142366,0.294728,0.271053,6.53694,6.6716,2.18234,2.16341,0.996078,0.998039,0.187271,0.190708,0.584899,0.423422,-10.6285,-10.4816,9.62565,9.6566,0.983728,0.989176,0.14572,0.143932,0.294284,0.271879,5.4852,5.65094,6.10658,6.47904,6.73239,6.75915,6.80107,5.4852,5.99445,6.16232,6.51384,6.66042,6.75054,6.78728,0.972549,0.970697,1.0,1.0,0.990196,0.992157,0.91939,0.972549,1.0,0.97854,1.0,0.998039,0.998039,0.992157,-11.2051,-10.9208,-10.8011,-10.6076,-10.4556,-10.4095,-10.2035,-11.0005,-10.8011,-10.6339,-10.5194,-10.4461,-10.3398,-10.2099,0.94914,0.954516,0.971828,0.982652,0.994588,0.993513,0.997814,0.950179,0.971828,0.980502,0.989176,0.995663,0.997814,0.997814,7.661,7.71124,7.27044,0.0625361,6.38877,6.73573,7.08256,7.30562,7.55337,7.61648,7.71775,7.71879,7.47936,7.2618,0.0739481,6.38621,6.63174,7.08262,7.45483,7.60416,7.66022,7.7555,12.0768,12.1018,11.8063,0.0542352,11.0812,11.4827,11.6472,11.7975,12.0181,12.1302,12.1948,12.1312,12.0172,11.8572,0.0648934,11.0184,11.5199,11.678,11.9936,12.1297,12.1819,12.3165,7.15029,6.57944,7.03783,0.109412,5.79263,6.44266,6.61838,6.98261,7.28067,7.81844,8.27513,7.65897,6.39688,7.03029,0.125801,5.42725,6.31249,6.54803,7.00635,7.48556,7.82239,8.3222,11.404,11.1776,11.3711,0.0510881,10.8919,11.0616,11.1786,11.2847,11.5337,11.7261,12.0019,12.1641,11.1635,11.4147,0.0655391,10.7265,11.0519,11.1826,11.344,11.5446,11.7596,12.0792,-9999,-9999
200907,22.59,1.0,20.648,1.73,1.0,23.774,2.667,1.0,23.452,21.373,1.632,24.727,2.001,22.59,1.0,20.648,1.73,1.0,23.774,2.667,1.0,474.191,253.303,1.0,91.221,253.303,1.0,375.286,1.0,370.281,375.286,1.0,416.956,1.0,408.176,416.956,1.0,7.391,1.0,7.553,7.391,1.0,98.552,98.326,1.0,2.438,5.832,1.0,2.16,2.28,1.0,0.27895299905627996,0.9993279569892473,170.6935483870967,1.0,483.30060107526884,1.0,16.77016129032258,1.0,33.02901223976207,0.9993279569892473,424.20362903225805,1.0,380.376,1.0,21.548,1.0,40.075,1.0,3.76473,0.795027,111.886,1.0,141.851,1.19113,18.5368,0.999328,23.5012,0.565076,1.0,2,18.1935,29.8065,18.1935,29.7742,-4.4027,-4.38155,0.96371,0.973118,0.0930734,0.0944152,0.230942,0.247011,-4.41114,-4.34724,0.967742,0.973118,0.0949353,0.0965629,0.231699,0.24784,-4.34182,-4.28222,0.962164,0.970279,0.0329718,0.0307659,-4.70469,-4.53097,-4.49465,-4.40069,-4.17254,-4.10826,-4.00628,-4.58356,-4.49685,-4.43194,-4.35272,-4.11442,-4.04035,-4.01598,0.938844,0.950941,0.958333,0.966398,1.0,0.981183,0.994624,0.935484,0.94422,0.947581,0.971102,0.983199,0.987903,0.994624,6.14572,5.8471,1.17017,1.35396,0.996604,1.0,0.118373,0.119356,0.211781,0.188952,-10.6125,-10.3934,9.23585,9.21386,0.943056,0.956261,0.125686,0.127146,0.387341,0.413242,5.94504,5.85958,1.312,1.38414,1.0,1.0,0.119473,0.11972,0.212398,0.189182,-10.5018,-10.3494,9.19407,9.21746,0.947434,0.956261,0.128035,0.130851,0.38811,0.414398,5.82257,5.85937,5.94504,6.06902,6.1444,6.21059,6.3539,5.83696,5.86744,5.95697,6.08276,6.12776,6.1604,6.21839,1.0,1.0,1.0,1.0,0.996405,0.896235,0.989614,1.0,1.0,1.0,1.0,1.0,1.0,0.989614,-10.9454,-10.8112,-10.7864,-10.508,-10.2057,-10.0784,-9.88578,-10.8562,-10.7941,-10.6768,-10.3679,-10.132,-10.0077,-9.85446,0.917794,0.914457,0.920953,0.947434,0.966057,0.978184,0.991245,0.926443,0.926586,0.936597,0.964944,0.972622,0.980265,0.990132,6.15584,6.15582,6.2472,0.0226618,5.99613,6.09699,6.14249,6.24837,6.34294,6.38337,6.4618,6.1159,6.06941,6.20108,0.0336485,5.84718,6.0222,6.10049,6.21207,6.34294,6.42234,6.45484,10.5022,10.5031,10.5294,0.0390579,10.0697,10.2907,10.3569,10.4846,10.6794,10.8151,10.9475,10.4961,10.4805,10.5429,0.0439411,9.9614,10.3319,10.4161,10.4986,10.7274,10.8121,10.9231,6.04777,5.09167,5.82318,0.11258,4.62104,4.93891,5.12061,5.95151,6.25486,6.65494,6.83735,5.85042,5.93644,5.70941,0.12906,4.41325,4.68308,5.05818,5.87158,6.308,6.63004,6.70463,10.0755,9.84356,10.0684,0.054068,9.47342,9.71876,9.78324,10.0554,10.3098,10.4963,10.6618,10.1993,10.129,10.0496,0.0639641,9.37554,9.62431,9.77299,10.0429,10.3102,10.5545,10.6685,-9999,-9999
200908,22.148,1.0,20.29,1.84,1.0,23.469,2.786,1.0,23.587,21.581,2.009,25.022,2.118,22.148,1.0,20.29,1.84,1.0,23.469,2.786,1.0,429.882,220.175,0.971102,82.341,210.287,0.971102,372.196,1.0,370.307,372.196,1.0,420.604,0.971102,408.217,418.25,0.971102,6.877,1.0,7.693,6.877,1.0,98.552,98.446,1.0,0.745,2.435,1.0,2.04,2.393,1.0,0.31630281720430103,1.0,144.63776881720426,1.0,441.8255239247312,1.0,15.767473118279568,1.0,29.551075268817204,1.0,422.6135752688172,1.0,380.221,1.0,21.471,1.0,33.111,1.0,1.83602,1.0,95.9973,0.999328,121.707,0.974069,16.6153,1.0,21.0651,0.53409,0.999328,1,19.9355,28.0645,19.9355,28.0323,-3.38038,-3.40829,0.966398,0.976478,0.101598,0.105452,0.125642,0.126177,-3.41954,-3.37909,0.969758,0.979839,0.105049,0.104635,0.128449,0.125495,-3.41926,-3.39823,0.964348,0.974563,0.0134568,0.0111026,-3.51865,-3.49269,-3.47327,-3.42093,-3.35779,-3.34486,-3.31939,-3.51865,-3.47119,-3.44788,-3.40643,-3.34318,-3.33262,-3.30816,0.905914,0.994624,0.913306,0.974462,0.993952,0.964382,0.991935,0.905914,0.964382,0.96371,0.97379,0.983199,0.985215,0.988575,4.95984,4.8243,1.46918,1.63332,0.975422,0.984639,0.150114,0.153349,0.25883,0.323336,-9.08548,-9.03333,7.93192,7.89939,0.960905,0.970998,0.132737,0.135436,0.278731,0.241848,4.84625,4.78162,1.63892,1.77513,0.975422,0.987711,0.153363,0.151577,0.260728,0.3225,-9.06956,-8.95081,7.89528,7.96051,0.966466,0.974335,0.134574,0.13472,0.27961,0.241448,4.12486,4.53664,4.70372,4.84433,4.91008,4.95835,5.04054,4.13441,4.38903,4.66811,4.80727,4.89002,4.95835,4.9815,0.998464,0.998464,0.99232,0.975422,0.910906,0.975422,0.969116,1.0,0.998464,0.998464,0.975422,0.984639,0.975422,0.96758,-9.40661,-9.24235,-9.15498,-9.07534,-8.81942,-8.75215,-8.70602,-9.32282,-9.14686,-9.13378,-9.00015,-8.77132,-8.74612,-8.68652,0.908461,0.932272,0.955013,0.966466,0.980226,0.990567,0.994069,0.910768,0.957567,0.960905,0.973223,0.988342,0.990567,0.994069,5.21025,5.15772,5.08975,0.0639283,4.3984,4.4727,4.76127,5.08862,5.38256,5.54622,5.60539,5.25752,5.35507,5.11272,0.0634477,4.39265,4.59504,4.77774,5.15856,5.40432,5.53417,5.59069,8.55343,8.53681,8.48798,0.0622967,7.88171,7.93153,8.12756,8.4725,8.83735,8.92592,9.05261,8.6753,8.77461,8.53198,0.0623177,7.87664,8.05653,8.14202,8.5533,8.85293,8.96328,9.05218,4.79634,4.82087,4.96104,0.129956,3.82948,4.31481,4.42723,4.66176,5.69168,5.82646,6.29701,5.45109,4.60556,5.0984,0.132953,3.75347,4.29849,4.49666,4.79118,5.73431,6.00064,6.33652,7.74537,7.83955,7.93108,0.0763088,7.29064,7.43331,7.59742,7.76813,8.37918,8.4241,8.77292,8.34935,7.80464,8.02173,0.0786137,7.296,7.41091,7.6359,7.79478,8.40368,8.48495,8.79551,-9999,-9999
200909,18.728,1.0,16.987,1.781,1.0,20.231,2.968,1.0,18.687,17.283,1.707,19.904,1.684,18.728,1.0,16.987,1.781,1.0,20.231,2.968,1.0,360.463,185.371,1.0,49.75,185.371,1.0,354.726,1.0,361.329,354.726,1.0,390.988,1.0,394.535,390.988,1.0,5.219,1.0,6.684,5.219,1.0,98.556,98.563,1.0,9.817,2.997,1.0,2.217,2.585,1.0,0.29576671527777776,1.0,112.1923611111111,1.0,346.6372708333334,1.0,12.959722222222222,1.0,22.81180555555556,1.0,404.4458333333333,1.0,388.02,1.0,18.873,1.0,31.885,1.0,-0.780208,1.0,62.6553,1.0,80.2792,0.738505,25.3023,0.998611,32.4195,0.545665,0.998611,1,22.3667,25.6333,22.3667,25.6,-1.90691,-1.85206,0.976389,0.98125,0.0569315,0.0594707,0.150574,0.149279,-1.85366,-1.84224,0.98125,0.982639,0.0585133,0.0603239,0.151179,0.149621,-1.73039,-1.73372,0.957031,0.972517,0.022238,0.0220758,-1.91589,-1.85544,-1.842,-1.77087,-1.59551,-1.57664,-1.51185,-1.91799,-1.85366,-1.842,-1.77091,-1.6274,-1.57982,-1.5168,0.980556,0.98125,0.984722,0.99375,0.847222,0.870833,0.901389,0.975694,0.98125,0.984722,0.985417,0.832639,0.863194,0.996528,3.34063,3.46732,0.953789,0.93873,0.984199,0.984199,0.0596737,0.0628105,0.277549,0.196408,-6.3476,-6.35355,5.65924,5.60861,0.968803,0.977991,0.0909912,0.0922971,0.118075,0.125953,3.48714,3.48271,0.942621,0.936249,0.984199,0.984199,0.061062,0.0639254,0.27785,0.196768,-6.37527,-6.34937,5.63629,5.59607,0.977991,0.980615,0.0911912,0.0935101,0.11823,0.126844,3.33071,3.36197,3.46992,3.55901,3.77159,3.90409,4.05372,3.32635,3.40679,3.4762,3.55697,3.63333,3.77898,4.03338,0.984199,0.984199,1.0,1.0,1.0,0.777056,0.86811,0.984199,1.0,0.984199,0.998485,1.0,1.0,0.860173,-6.38765,-6.35866,-6.35005,-6.31313,-6.23314,-6.20817,-6.01468,-6.38765,-6.35948,-6.35005,-6.31124,-6.22477,-6.18807,-5.96782,0.962441,0.977991,0.977991,0.985601,0.991928,0.954748,0.993162,0.962441,0.962441,0.977991,0.985601,0.953359,0.991928,0.993162,3.8786,3.9027,3.98532,0.0742152,3.31557,3.67589,3.80219,3.91836,3.99506,4.1441,5.09804,3.96216,3.98866,4.01521,0.0781813,3.31894,3.50731,3.8129,3.9216,3.9962,4.42583,5.07651,5.71663,5.74493,5.71905,0.067088,5.2296,5.30481,5.52648,5.63199,5.81182,5.84232,6.80908,5.81729,5.84232,5.7456,0.0700795,5.22401,5.28224,5.51348,5.63405,5.81963,6.00936,6.81316,3.00535,2.74188,3.33942,0.0886738,2.71167,2.82772,2.8802,3.12389,3.47776,3.902,4.54693,2.75627,2.71167,3.36618,0.110995,2.69144,2.81586,2.86318,3.06808,3.53643,3.90863,4.86469,5.35604,5.15146,5.44877,0.0430892,5.11844,5.20561,5.26814,5.36491,5.53558,5.76489,5.98447,5.16443,5.11844,5.46019,0.0539577,5.13166,5.19699,5.22254,5.31979,5.4973,5.84955,6.12797,-9999,-9999
200910,10.265,1.0,9.356,2.206,1.0,11.212,2.121,1.0,15.94,14.428,2.136,17.562,1.804,10.265,1.0,9.356,2.206,1.0,11.212,2.121,1.0,278.149,105.0,1.0,39.262,105.0,1.0,321.075,1.0,343.273,321.075,1.0,329.56,1.0,367.018,329.56,1.0,2.911,1.0,6.286,2.911,1.0,98.555,98.252,1.0,1.593,8.819,1.0,1.792,2.964,1.0,0.44743310860059066,0.9926075268817205,52.5880376344086,1.0,195.09403655913977,1.0,8.59475806451613,1.0,12.684236744343128,0.993279569892473,360.13172043010746,1.0,391.109,1.0,12.178,0.99664,50.025,1.0,-5.0937,0.981855,34.166,0.992608,43.0992,0.606342,11.3538,1.0,14.3224,0.74349,0.886425,1,24.871,23.129,24.8387,23.0323,-0.0206868,-0.0555555,0.992608,0.99328,0.0637062,0.0671359,0.0812564,0.0840991,-0.0122934,-0.0662837,0.992608,0.99328,0.0649955,0.0679066,0.0822711,0.0847156,-0.0609224,-0.0651527,0.990726,0.991532,0.00724188,0.00665128,-0.135068,-0.120063,-0.110732,-0.0558074,-0.0250915,-0.0191842,-0.0160539,-0.127069,-0.121987,-0.114998,-0.0611503,-0.0241763,-0.0206868,-0.0175761,0.988575,0.991263,0.993952,0.99328,0.992608,0.985215,0.992608,0.988575,0.991263,0.99328,0.99328,0.991263,0.992608,0.988575,1.82978,1.76233,1.5423,1.63052,0.993747,0.993747,0.0914214,0.0954712,0.131106,0.135382,-1.95929,-1.95533,3.31181,3.34203,0.99151,0.993035,0.0842623,0.0864882,0.0856431,0.0874597,1.82246,1.74751,1.62707,1.63176,0.993747,0.993747,0.0920288,0.096536,0.13153,0.136135,-1.93406,-1.96146,3.30621,3.34428,0.991569,0.993035,0.0842397,0.087521,0.0856209,0.0884811,1.59876,1.63547,1.64661,1.77764,1.81605,1.82342,1.83258,1.62354,1.63049,1.64232,1.75781,1.81069,1.82246,1.82978,0.983871,0.988834,0.993747,0.989876,0.993747,0.993747,0.989876,0.983871,0.993747,0.995037,0.993747,0.993747,0.993747,0.993747,-1.99528,-1.96876,-1.96176,-1.95431,-1.94459,-1.93813,-1.91868,-1.96876,-1.96373,-1.96038,-1.94788,-1.94353,-1.93773,-1.9259,0.980147,0.993035,0.99151,0.987112,0.994624,0.993035,0.994624,0.993035,0.993035,0.993035,0.991691,0.994624,0.993035,0.978558,1.75547,1.75596,1.76525,0.00634457,1.70423,1.73348,1.73995,1.7558,1.79443,1.81279,1.82191,1.76147,1.82328,1.75643,0.0111903,1.59366,1.71597,1.73993,1.75825,1.79588,1.81392,1.82328,1.82569,1.82225,1.8304,0.00553787,1.7674,1.78585,1.82342,1.84005,1.85012,1.85416,1.86699,1.8295,1.83558,1.81735,0.0084297,1.66566,1.78317,1.79931,1.83556,1.84748,1.85023,1.86446,1.61394,1.79805,1.73005,0.0227256,1.50344,1.56671,1.57762,1.76102,1.84736,1.85497,1.95226,1.91217,1.85088,1.74628,0.0236776,1.51705,1.56995,1.58924,1.77772,1.84786,1.88539,1.95193,1.83864,1.93186,1.9144,0.0132925,1.77948,1.82072,1.824,1.92,1.98158,2.01161,2.04793,2.01624,1.97656,1.92329,0.0135179,1.78899,1.82296,1.83748,1.93468,1.98442,2.00784,2.04821,-9999,-9999
200911,10.392,1.0,9.448,2.362,1.0,11.619,2.724,1.0,12.746,11.395,2.14,14.509,1.626,10.392,1.0,9.448,2.362,1.0,11.619,2.724,1.0,205.728,99.315,1.0,27.609,99.315,1.0,303.324,1.0,313.209,303.324,1.0,316.46,1.0,321.202,316.46,1.0,4.707,1.0,6.928,4.707,1.0,98.555,98.503,1.0,1.453,1.532,1.0,2.756,2.997,1.0,0.42604645782279316,0.9902777777777778,29.373611111111117,1.0,179.09485916666668,1.0,9.929166666666665,1.0,11.929861111111109,1.0,360.3659722222222,1.0,397.491,1.0,11.028,1.0,50.142,1.0,-2.51717,1.0,11.9172,1.0,15.0332,0.317302,19.9095,0.999306,25.1152,0.697803,1.0,2,27.2333,20.7667,27.2333,20.6333,0.755759,0.769936,0.994444,0.995833,0.0276957,0.0280769,0.034848,0.0297222,0.771142,0.770501,0.995833,0.995833,0.0280472,0.0280309,0.035128,0.0296789,0.757692,0.761556,0.994757,0.995556,0.00305034,0.00237091,0.711152,0.72955,0.75214,0.764805,0.770032,0.77185,0.777429,0.722317,0.75214,0.756027,0.766337,0.770093,0.771644,0.774213,0.991667,0.983333,0.996528,0.994444,0.995833,0.995139,0.995139,0.989583,0.996528,0.997917,0.99375,0.994444,0.997917,0.996528,1.21214,1.22944,0.622617,0.643626,1.0,1.0,0.0299429,0.029907,0.0337161,0.0331369,0.0934734,0.102768,1.80585,1.85222,0.98759,0.990765,0.0484104,0.0488009,0.0667528,0.0508117,1.22659,1.23145,0.644742,0.644741,1.0,1.0,0.0299608,0.029872,0.033732,0.0331053,0.10912,0.101346,1.85172,1.84913,0.990765,0.990765,0.0486579,0.0487063,0.0669325,0.0507208,1.14949,1.20644,1.21001,1.22622,1.22976,1.23744,1.24403,1.19245,1.20915,1.21354,1.2265,1.23176,1.23769,1.24366,1.0,1.0,1.0,1.0,1.0,1.0,1.0,1.0,1.0,1.0,1.0,1.0,1.0,1.0,0.00348691,0.0207442,0.0884118,0.0950248,0.10909,0.112665,0.123609,0.0124065,0.0843856,0.092069,0.0943557,0.10912,0.112691,0.118688,0.981306,0.98456,0.992352,0.98759,0.990765,0.989177,0.989177,0.986075,0.992352,0.989177,0.992352,0.990765,0.989177,0.995382,1.41801,1.42333,1.42417,0.00656728,1.34285,1.37837,1.40057,1.42567,1.43552,1.46939,1.48728,1.42573,1.43227,1.42843,0.00762928,1.33726,1.38714,1.40877,1.42573,1.46638,1.47207,1.49195,0.645585,0.652826,0.662615,0.00743344,0.586824,0.61139,0.641659,0.6555,0.680021,0.70934,0.759002,0.65699,0.661128,0.670734,0.00860903,0.584524,0.626952,0.640913,0.657394,0.701572,0.741193,0.759216,1.46569,1.47323,1.34947,0.0211911,1.1329,1.15139,1.17912,1.37639,1.46895,1.47666,1.5003,1.40907,1.49915,1.37414,0.0270275,1.12929,1.14909,1.28266,1.37764,1.47159,1.48156,1.5003,0.596774,0.59093,0.559297,0.00757868,0.457735,0.483299,0.503593,0.571894,0.593874,0.599854,0.611966,0.542229,0.598643,0.573654,0.0104549,0.457025,0.49393,0.551813,0.582105,0.598693,0.605816,0.611966,-9999,-9999
200912,-0.876,1.0,-1.229,2.529,1.0,-0.38,1.855,1.0,6.667,5.534,2.253,8.278,1.646,-0.876,1.0,-1.229,2.529,1.0,-0.38,1.855,1.0,170.321,64.066,1.0,16.931,64.066,1.0,266.398,1.0,306.528,266.398,1.0,251.083,1.0,311.022,251.083,1.0,1.417,1.0,5.872,1.417,1.0,98.524,98.395,1.0,8.136,2.268,1.0,2.826,3.328,1.0,0.4855607609293693,0.9825268817204302,13.185483870967742,1.0,113.21366774193547,1.0,7.745967741935484,1.0,8.915662586595264,0.9946236559139786,307.62029569892474,1.0,397.626,1.0,4.047,1.0,49.247,1.0,-7.47964,1.0,7.95487,0.998656,9.99129,0.173448,11.496,1.0,14.4389,0.574353,1.0,2,28.2581,19.7419,28.2581,19.7419,0.0810665,0.0784041,0.997984,0.997984,0.0177014,0.0178248,0.0180932,0.017998,0.077538,0.0793142,0.997984,0.997984,0.017827,0.0178603,0.0182161,0.0180331,0.0742507,0.0774169,0.997581,0.998219,0.00228499,0.00106291,0.0367256,0.0734501,0.0756826,0.0779213,0.0800958,0.0809398,0.0821358,0.060252,0.0756649,0.0772535,0.0785264,0.0800958,0.0806455,0.0814964,0.991935,0.997984,0.997984,0.998656,0.997984,0.997312,0.999328,0.993952,0.999328,0.997312,0.998656,0.997984,1.0,0.999328,0.380331,0.370323,0.419759,0.43029,1.0,1.0,0.019731,0.0200939,0.0239318,0.0230172,-0.353953,-0.34587,0.893004,0.89209,0.995161,0.995161,0.0302539,0.0302809,0.035722,0.0346917,0.369997,0.371897,0.423684,0.43272,1.0,1.0,0.0199993,0.020144,0.0241535,0.023061,-0.347523,-0.345969,0.891902,0.891892,0.995161,0.995161,0.030416,0.0303274,0.0358594,0.0347323,0.350045,0.353245,0.363746,0.369417,0.376188,0.380331,0.382727,0.353312,0.355538,0.359336,0.367031,0.374358,0.37799,0.382635,1.0,1.0,1.0,1.0,0.995551,1.0,1.0,1.0,0.995551,1.0,1.0,1.0,1.0,1.0,-0.418771,-0.365696,-0.361068,-0.347618,-0.337208,-0.327708,-0.321561,-0.386408,-0.360917,-0.35725,-0.345817,-0.328209,-0.327059,-0.319977,0.987097,0.993548,0.993548,0.995161,0.996774,0.998387,1.0,0.991935,0.993548,0.993548,0.995161,0.998387,0.998387,1.0,0.436273,0.437018,0.436221,0.00298478,0.402814,0.410995,0.42109,0.435687,0.454995,0.456637,0.462617,0.437381,0.44755,0.436848,0.00352966,0.396516,0.410215,0.428676,0.437381,0.456208,0.460213,0.462672,0.357137,0.357704,0.358804,0.0031026,0.321791,0.333249,0.344297,0.357833,0.377824,0.38071,0.383383,0.358874,0.370012,0.362597,0.00318584,0.318472,0.335867,0.351918,0.363879,0.379696,0.381544,0.384444,0.53045,0.496666,0.521756,0.00788201,0.4282,0.459479,0.502136,0.518012,0.557496,0.580342,0.608563,0.460811,0.506914,0.534985,0.00858784,0.458044,0.461233,0.500206,0.527122,0.56939,0.589617,0.621662,0.325579,0.312917,0.32589,0.00357894,0.283253,0.299145,0.314845,0.323928,0.340234,0.350045,0.365891,0.35264,0.322248,0.333328,0.00391187,0.298197,0.306102,0.31418,0.330965,0.349907,0.356244,0.376801,-9999,-9999
201001,-4.361,1.0,-5.052,2.131,1.0,-3.385,2.052,1.0,4.298,3.288,1.826,5.695,1.412,-4.361,1.0,-5.052,2.131,1.0,-3.385,2.052,1.0,187.375,81.888,0.998656,20.352,81.814,0.998656,257.677,1.0,297.559,257.677,1.0,232.696,0.998656,297.354,232.8,0.998656,0.836,1.0,5.681,0.836,1.0,98.539,98.79,1.0,5.617,1.555,1.0,2.945,2.972,1.0,0.42264023993459726,0.9892473118279569,34.31384408602151,1.0,147.04230154569893,1.0,12.026881720430108,1.0,11.449129266012157,0.9973118279569891,293.3837365591398,1.0,399.33,1.0,1.704,1.0,48.758,1.0,-5.30813,1.0,7.29747,0.991935,9.16559,0.160446,23.5253,0.999328,29.5477,0.589282,0.991263,1,27.871,20.129,27.871,20.129,-0.177805,-0.185462,0.994624,0.99664,0.0268992,0.0282877,0.030164,0.0305826,-0.174428,-0.177329,0.995296,0.99664,0.0281772,0.0282598,0.031309,0.0305568,-0.184314,-0.181376,0.993548,0.996102,0.00422533,0.0021886,-0.250012,-0.196887,-0.189774,-0.178359,-0.174442,-0.169588,-0.156498,-0.203332,-0.194237,-0.191987,-0.181245,-0.174937,-0.17099,-0.158562,0.969086,0.99664,0.99664,0.992608,0.995296,0.994624,0.99328,0.99664,0.99664,0.99664,0.994624,0.99664,0.994624,0.99328,0.140195,0.125738,0.521021,0.543267,1.0,1.0,0.0265819,0.0265238,0.029247,0.029978,-0.605025,-0.601846,1.42528,1.42403,0.987012,0.991935,0.0523496,0.0536345,0.0545039,0.0556776,0.134644,0.129243,0.535286,0.549431,1.0,1.0,0.0266336,0.0264895,0.029294,0.0299475,-0.589136,-0.587947,1.43837,1.44251,0.988625,0.991935,0.0532213,0.0535893,0.0553417,0.0556341,0.0711844,0.11758,0.121514,0.131819,0.140175,0.141976,0.151232,0.11426,0.11829,0.121706,0.131342,0.140737,0.146231,0.157992,0.967742,1.0,1.0,1.0,1.0,1.0,1.0,1.0,1.0,1.0,1.0,1.0,1.0,1.0,-0.66381,-0.617713,-0.614712,-0.601308,-0.58919,-0.587369,-0.573815,-0.63017,-0.619148,-0.614514,-0.60542,-0.597509,-0.58926,-0.580568,0.943532,0.991935,0.991935,0.991935,0.988625,0.987012,0.983786,0.991935,0.991935,0.998387,0.991935,0.998387,0.988625,0.983786,0.166299,0.166248,0.167616,0.00172007,0.151829,0.155674,0.158396,0.166011,0.177376,0.178612,0.185918,0.159206,0.161905,0.161944,0.00173728,0.147327,0.15183,0.155874,0.160446,0.16608,0.168864,0.177376,0.350427,0.343577,0.348992,0.0027341,0.321854,0.328064,0.334752,0.350427,0.355666,0.371705,0.373983,0.337767,0.336333,0.346258,0.00397012,0.313525,0.325462,0.329902,0.341738,0.354118,0.368824,0.378906,0.72241,0.648527,0.590143,0.0134091,0.456567,0.48172,0.517829,0.570267,0.654467,0.664303,0.725341,0.53287,0.45084,0.556706,0.0134307,0.450014,0.468083,0.492254,0.53287,0.622832,0.663677,0.70917,0.423525,0.363047,0.364196,0.00569187,0.310354,0.317421,0.327439,0.361475,0.389946,0.397392,0.420162,0.328757,0.323135,0.343552,0.00576269,0.283608,0.310354,0.31706,0.335655,0.363047,0.387265,0.409623,-9999,-9999
201002,-2.458,1.0,-3.394,2.287,1.0,-1.383,2.361,1.0,5.045,3.942,1.972,6.336,1.525,-2.458,1.0,-3.394,2.287,1.0,-1.383,2.361,1.0,247.775,123.33,1.0,26.178,123.33,1.0,254.842,1.0,297.798,254.842,1.0,233.669,1.0,297.717,233.669,1.0,1.411,1.0,5.845,1.411,1.0,98.511,98.525,1.0,2.482,1.932,1.0,2.5,3.005,1.0,0.42613739152725744,0.9933035714285714,60.08556547619048,1.0,221.8724333333334,1.0,16.998511904761905,1.0,16.40913120567376,0.9992559523809523,300.8787202380953,1.0,397.834,1.0,1.476,1.0,52.61,1.0,-4.0386,1.0,10.2532,1.0,13.5702,0.231821,38.197,1.0,50.554,0.705531,1.0,1,25.8929,22.1071,25.8929,22.0714,0.124034,0.112535,0.985863,0.987351,0.0194603,0.0199011,0.0235744,0.0209562,0.128543,0.118811,0.986607,0.987351,0.0195126,0.0199524,0.0236176,0.0210049,0.126097,0.125134,0.986403,0.990234,0.00241419,0.00147329,0.109607,0.117813,0.119407,0.1233,0.130403,0.144425,0.150625,0.112535,0.118701,0.11928,0.123551,0.128815,0.131833,0.14599,0.986607,0.986607,0.991815,0.99256,0.99628,0.985119,0.984375,0.987351,0.986607,0.991815,0.997024,0.986607,0.985119,0.985119,0.359819,0.330264,0.357589,0.382445,0.984725,0.986154,0.0215773,0.0221439,0.0315428,0.0254088,-0.157004,-0.1463,0.938467,0.951266,0.987063,0.988764,0.0320722,0.0325884,0.0327173,0.0329115,0.357836,0.337241,0.355088,0.383447,0.984725,0.986154,0.0215808,0.022244,0.0315453,0.0254961,-0.145284,-0.141345,0.934332,0.952946,0.988764,0.988764,0.0320741,0.0326321,0.0327191,0.0329549,0.330264,0.337737,0.340903,0.347733,0.36225,0.383754,0.385965,0.330264,0.337241,0.338269,0.344071,0.359819,0.362162,0.383623,0.986154,0.994505,0.984725,0.994505,0.984725,0.984725,0.983403,0.986154,0.986154,0.994505,1.0,0.984725,0.984725,0.983403,-0.200235,-0.150849,-0.147924,-0.144929,-0.140466,-0.13792,-0.132172,-0.156283,-0.148542,-0.146573,-0.14339,-0.140466,-0.139341,-0.130729,0.964091,0.978785,0.988764,0.993641,0.988764,0.988764,0.985363,0.987063,0.987063,0.988764,0.993641,0.988764,0.993641,0.985363,0.331105,0.33137,0.350176,0.00275028,0.325301,0.329143,0.332337,0.347731,0.366602,0.370605,0.374436,0.345921,0.329169,0.344248,0.00287318,0.314131,0.327128,0.332714,0.344298,0.354862,0.361026,0.370651,0.211891,0.21256,0.225041,0.00274288,0.199056,0.204883,0.212492,0.221279,0.242199,0.246686,0.249345,0.228108,0.200626,0.218151,0.00224528,0.196578,0.202353,0.210902,0.216601,0.22244,0.228108,0.246369,0.706088,0.739407,0.662069,0.0140579,0.44307,0.605284,0.624738,0.64716,0.706088,0.754276,0.777277,0.600123,0.607022,0.649778,0.0119599,0.417429,0.605284,0.618081,0.642165,0.684413,0.727804,0.739407,0.382916,0.389637,0.368212,0.00559108,0.271287,0.347693,0.356903,0.371368,0.382916,0.396486,0.407587,0.349618,0.346279,0.370003,0.00457448,0.321526,0.350202,0.357127,0.369699,0.382028,0.39585,0.418682,-9999,-9999
201003,7.995,1.0,6.687,2.645,1.0,9.264,3.033,1.0,6.044,4.593,1.898,7.43,1.678,7.995,1.0,6.687,2.645,1.0,9.264,3.033,1.0,329.425,152.39,1.0,47.88,152.39,1.0,294.513,1.0,303.411,294.513,1.0,296.137,1.0,306.272,296.137,1.0,4.518,1.0,5.825,4.518,1.0,98.558,98.083,0.997984,2.454,2.274,1.0,2.157,3.142,1.0,0.4464505075431796,0.9529569892473119,80.65188172043011,1.0,286.1381047043011,1.0,14.73991935483871,1.0,16.781437787203956,0.9939516129032258,348.788306451613,1.0,402.799,1.0,6.492,1.0,52.835,1.0,2.05945,1.0,16.2281,0.994624,22.8729,0.313632,39.1208,1.0,55.1395,0.722213,0.992608,1,23.5484,24.4516,23.5484,24.4516,0.692377,0.678004,0.978495,0.988575,0.0254681,0.0254562,0.0305861,0.0397149,0.684044,0.675568,0.985215,0.988575,0.0253337,0.0254494,0.0304742,0.0397105,0.679559,0.665433,0.982745,0.986173,0.00353826,0.00439257,0.625613,0.661524,0.674867,0.681793,0.692377,0.695399,0.698963,0.600925,0.630764,0.648852,0.675592,0.682146,0.691731,0.694934,0.992608,0.988575,0.988575,0.985215,0.978495,0.97379,0.977151,0.992608,0.992608,0.991935,0.988575,0.985215,0.974462,0.978495,1.25367,1.20608,0.473042,0.493746,0.974755,0.993163,0.0292646,0.0291234,0.0584276,0.0696358,0.116506,0.135169,1.2462,1.26447,0.981608,0.984189,0.0388735,0.0391444,0.0438141,0.0436429,1.22966,1.19822,0.4768,0.497397,0.987436,0.993163,0.0290486,0.0291022,0.0583197,0.0696269,0.124088,0.137881,1.24917,1.26651,0.982899,0.984189,0.0389108,0.0391431,0.0438471,0.0436417,1.12431,1.17347,1.20117,1.22527,1.26718,1.27461,1.28372,1.08667,1.13454,1.16694,1.19826,1.24851,1.26105,1.2743,0.995968,0.993163,0.993163,0.987436,0.974755,0.973352,0.973464,0.995968,0.995968,0.994565,0.993163,0.974813,0.974755,0.973352,0.0892937,0.0944225,0.0986818,0.119557,0.134373,0.134846,0.136281,0.0910351,0.0961809,0.106176,0.121237,0.133684,0.134777,0.135395,0.973696,0.981608,0.976388,0.981608,0.984189,0.984189,0.984189,0.981608,0.977791,0.989462,0.981608,0.984189,0.984189,0.984301,1.36464,1.36805,1.35484,0.0111698,1.2026,1.27049,1.30673,1.36806,1.41528,1.42715,1.43859,1.38856,1.4004,1.39221,0.00926159,1.25871,1.33306,1.36792,1.39612,1.4298,1.43669,1.45618,0.691337,0.692486,0.689405,0.00696671,0.601376,0.639724,0.669144,0.692467,0.720342,0.736963,0.747413,0.714904,0.71636,0.712652,0.00601651,0.633093,0.671534,0.691217,0.717293,0.742344,0.744554,0.758156,0.959455,1.01521,1.03233,0.0136533,0.916828,0.923089,0.927093,1.02644,1.09931,1.12819,1.16573,1.08872,1.10464,1.08213,0.0134169,0.916342,0.995353,1.02605,1.08872,1.13806,1.15527,1.18418,0.487104,0.525461,0.532436,0.00808572,0.472293,0.477828,0.484338,0.522507,0.55142,0.609048,0.622701,0.560531,0.549067,0.561164,0.00846778,0.474775,0.508625,0.521166,0.54889,0.610666,0.616494,0.631383,-9999,-9999
201004,17.066,1.0,15.212,2.968,1.0,18.501,3.585,1.0,9.647,7.997,1.901,10.911,1.964,17.066,1.0,15.212,2.968,1.0,18.501,3.585,1.0,408.24,218.307,1.0,69.457,218.307,1.0,324.604,1.0,315.436,324.604,1.0,348.17,1.0,324.597,348.17,1.0,9.794,1.0,5.989,9.794,1.0,98.557,97.931,1.0,1.806,5.003,1.0,1.866,3.075,1.0,0.5102055816784871,0.9993055555555554,122.07638888888889,1.0,411.97079770833335,1.0,20.507638888888895,1.0,27.59971926713948,0.99375,392.44930555555555,1.0,400.459,1.0,13.854,1.0,51.872,1.0,4.50634,1.0,39.2613,0.984028,49.9788,0.539446,52.5213,0.998611,66.8584,0.894633,0.984028,1,20.8667,27.1333,20.8667,27.0333,0.908108,0.938111,0.963194,0.980556,0.0691207,0.0696595,0.0899409,0.0821733,0.889794,0.91366,0.969444,0.980556,0.0688323,0.0700579,0.0897194,0.0825112,0.923486,0.906285,0.964896,0.975868,0.010794,0.00708624,0.834369,0.882522,0.889511,0.905896,0.937599,0.997617,1.05128,0.834502,0.859446,0.883092,0.905481,0.929594,0.946624,0.956806,0.974306,0.958333,0.969444,0.958333,0.980556,0.952083,0.934028,0.988889,0.988194,0.984028,0.960417,0.980556,0.9875,0.9875,3.32485,3.15489,1.46638,1.54961,0.980952,1.0,0.102655,0.101821,0.226571,0.174863,-0.950111,-0.77128,3.9298,4.05246,0.949556,0.965517,0.086654,0.0892753,0.147088,0.139548,3.2292,3.12929,1.53318,1.54944,0.992063,1.0,0.102762,0.102308,0.226619,0.175147,-0.909294,-0.792987,3.97031,4.04262,0.952069,0.965469,0.0867259,0.0898502,0.147131,0.139916,3.09548,3.12929,3.13945,3.24396,3.39524,3.53325,3.70406,3.03238,3.1062,3.12688,3.2292,3.28715,3.39052,3.4392,1.0,1.0,1.0,1.0,0.979365,0.977778,0.952381,1.0,1.0,1.0,0.992063,1.0,0.977778,0.979365,-1.0653,-1.04181,-0.971076,-0.92204,-0.821098,-0.804103,-0.779261,-1.05815,-1.00751,-0.943004,-0.852688,-0.817323,-0.792999,-0.779261,0.940914,0.942148,0.923762,0.952069,0.977863,0.982801,0.967986,0.935975,0.945852,0.949556,0.980332,0.982801,0.965469,0.967986,3.61491,3.61748,3.67537,0.029623,3.33653,3.55253,3.56531,3.6304,3.83116,3.90824,3.93986,3.65947,3.79934,3.79092,0.0370077,3.55253,3.56531,3.61748,3.79916,3.92022,4.0441,4.08906,2.70236,2.70382,2.76909,0.0280841,2.50202,2.62915,2.64255,2.70236,2.94027,3.00669,3.03247,2.8251,2.90954,2.86743,0.0307551,2.62915,2.65815,2.67521,2.90965,3.00982,3.03427,3.06264,2.97716,3.12036,3.27835,0.0446231,2.96522,3.00384,3.03825,3.20485,3.44743,3.46334,3.86894,3.49425,3.32093,3.43888,0.0598204,3.00384,3.07593,3.10697,3.34352,3.49629,3.86715,4.1733,2.05317,2.13044,2.34389,0.0429299,2.04945,2.05612,2.08457,2.27351,2.52167,2.58845,2.85797,2.53569,2.42867,2.48518,0.0536765,2.05416,2.09639,2.13044,2.47012,2.67713,2.87223,3.04601,-9999,-9999
201005,18.6,1.0,16.937,2.05,1.0,19.666,2.752,1.0,13.752,11.854,1.868,14.961,2.137,18.6,1.0,16.937,2.05,1.0,19.666,2.752,1.0,462.933,232.504,1.0,88.003,232.504,1.0,351.403,1.0,321.191,351.403,1.0,381.556,1.0,333.366,381.556,1.0,6.852,1.0,6.93,6.852,1.0,98.542,98.183,1.0,6.788,2.908,1.0,2.227,2.663,1.0,0.3786560965168154,0.9986559139784946,150.92271505376345,1.0,438.8793918010753,1.0,15.516801075268816,1.0,31.764027110501033,0.9993279569892473,400.78158602150535,1.0,392.246,1.0,16.295,1.0,48.94,1.0,3.98219,1.0,80.9497,0.997312,107.666,0.874893,29.4135,0.999328,39.1208,0.665397,0.99664,1,18.7742,29.2258,18.7742,29.0323,-3.82743,-3.77066,0.980511,0.981855,0.106764,0.11919,0.15016,0.127305,-3.79089,-3.82189,0.981183,0.982527,0.112164,0.121997,0.154047,0.129937,-3.86038,-3.81974,0.979183,0.98377,0.0174696,0.0117943,-4.09802,-3.99666,-3.89207,-3.82466,-3.8079,-3.78548,-3.75014,-4.037,-3.85767,-3.83376,-3.81262,-3.7838,-3.76822,-3.73182,0.959677,0.969086,0.971102,0.981183,0.986559,0.988575,0.987231,0.971102,0.981183,0.981183,0.983871,0.984543,0.994624,0.985887,4.06173,4.15118,2.47752,2.75241,0.980475,0.980475,0.167343,0.186494,0.225339,0.209496,-8.62518,-8.59367,8.53721,8.67042,0.980349,0.982536,0.137208,0.145693,0.175452,0.160241,4.13076,4.02246,2.69974,2.8806,0.980475,0.980475,0.174099,0.19066,0.2304,0.213213,-8.61149,-8.59336,8.5839,8.67581,0.981424,0.983648,0.13785,0.149249,0.175954,0.163481,3.69243,3.83602,3.98804,4.05838,4.1214,4.13784,4.18957,3.80983,3.94696,3.9901,4.05838,4.12433,4.13784,4.1539,0.969723,0.998302,0.989436,0.980475,0.980475,0.982267,0.980475,0.969723,0.982267,0.989436,0.980475,0.982267,0.982267,0.98406,-8.87054,-8.81764,-8.68594,-8.63174,-8.60948,-8.59894,-8.48796,-8.78932,-8.65349,-8.6429,-8.62022,-8.58855,-8.52006,-8.47357,0.96633,0.971746,0.942298,0.984724,0.981424,0.981424,0.990174,0.971746,0.976047,0.981424,0.987987,0.987987,0.9934,0.989099,5.29925,5.18517,5.06172,0.0863783,4.51504,4.63752,4.74564,4.87814,5.10204,5.29925,6.41409,5.0396,5.11893,5.11947,0.0820153,4.64004,4.74559,4.86403,4.93512,5.10933,5.3126,6.39879,9.11187,9.00706,8.88145,0.0858654,8.33441,8.39079,8.54649,8.73403,8.9044,9.11614,10.1867,8.89727,8.90982,8.97985,0.0789619,8.39018,8.57801,8.73331,8.87833,8.95398,9.11469,10.2074,4.69385,4.92456,4.56926,0.0644145,4.10074,4.20734,4.25622,4.41122,4.90088,5.10121,5.19492,4.24336,4.28094,4.64141,0.0622924,4.14986,4.21142,4.27447,4.55966,4.92456,5.06772,5.30884,8.36994,8.61144,8.38289,0.0415051,8.04338,8.12053,8.18554,8.32656,8.57414,8.7652,8.7986,8.26701,8.28535,8.47251,0.0397956,8.10624,8.2339,8.267,8.41119,8.69388,8.76977,8.84886,-9999,-9999
201006,25.118,1.0,23.331,1.863,1.0,26.139,2.928,1.0,18.275,16.251,1.688,19.438,2.156,25.118,1.0,23.331,1.863,1.0,26.139,2.928,1.0,485.7,274.825,1.0,90.05,274.825,1.0,388.112,1.0,344.605,388.112,1.0,435.701,1.0,369.048,435.701,1.0,8.987,1.0,7.203,8.987,1.0,98.541,98.202,1.0,1.753,3.957,1.0,1.898,2.311,1.0,0.3306983861111111,1.0,190.05833333333334,1.0,531.1634310416666,1.0,16.5875,1.0,35.41587714564703,0.9958333333333333,436.98750000000007,1.0,391.535,1.0,22.823,1.0,48.027,1.0,6.00972,1.0,118.113,0.999306,162.087,1.24279,15.9214,0.998611,21.849,0.542472,0.997917,1,17.5333,30.4667,17.5333,30.4667,-4.31456,-4.24993,0.975694,0.990972,0.116393,0.127839,0.202183,0.186785,-4.17531,-4.22733,0.984028,0.991667,0.121876,0.126683,0.205388,0.185996,-4.30321,-4.24961,0.980208,0.987135,0.0254487,0.0199853,-4.63344,-4.51212,-4.41946,-4.25454,-4.19902,-4.18148,-4.10049,-4.54114,-4.4109,-4.30301,-4.22138,-4.17441,-4.13854,-4.10765,0.959722,0.965278,0.969444,0.992361,0.9875,0.994444,0.995833,0.970833,0.971528,0.974306,0.992361,0.995139,0.995139,0.995833,5.65677,5.30151,2.39169,2.61674,0.972876,0.990414,0.193582,0.208013,0.267193,0.273877,-9.80806,-9.50456,9.17272,9.18762,0.977025,0.991147,0.143312,0.152772,0.303927,0.334266,5.65732,5.27965,2.43493,2.61127,0.986492,0.990414,0.195575,0.204616,0.26864,0.271306,-9.59271,-9.4578,9.18413,9.23504,0.982401,0.992258,0.146866,0.15207,0.305619,0.333946,5.02457,5.23152,5.30151,5.41989,5.56437,5.59986,5.67025,4.98469,5.20806,5.24132,5.34616,5.54401,5.56437,5.66153,1.0,0.990414,0.990414,0.978431,0.972876,0.978758,0.986492,1.0,0.992266,0.990414,0.992266,0.968954,0.972876,0.972876,-10.0009,-9.94657,-9.91193,-9.58389,-9.47114,-9.41053,-9.29854,-9.98703,-9.90757,-9.79322,-9.46905,-9.38037,-9.31294,-9.29647,0.935484,0.96828,0.943047,0.983477,0.993369,0.993369,0.997814,0.961649,0.970466,0.974803,0.992258,0.996738,0.997814,0.997849,5.38791,5.44367,5.49015,0.0336481,4.98976,5.33696,5.37672,5.52576,5.59497,5.65111,5.72303,5.59773,5.58591,5.62071,0.062183,5.10458,5.34453,5.39827,5.56205,5.6634,5.75483,6.19857,9.63125,9.67099,9.73976,0.0313747,9.5309,9.58681,9.62923,9.73707,9.77581,9.80906,9.89187,9.79675,9.76122,9.92392,0.0658291,9.56825,9.6026,9.70285,9.78795,9.88545,10.2669,10.7589,5.19746,4.42839,4.92006,0.0732048,4.1577,4.30622,4.45339,5.00775,5.30907,5.33535,5.57762,4.31843,4.46724,4.82381,0.0762389,4.18851,4.28738,4.3519,4.79304,5.16634,5.44618,5.51391,9.63402,9.32523,9.55992,0.0319609,9.18123,9.293,9.36994,9.61122,9.69712,9.73399,9.81139,9.55813,9.4157,9.5598,0.0480861,9.20383,9.27442,9.32523,9.57362,9.73759,9.80934,9.99866,-9999,-9999
201007,25.986,1.0,24.061,1.517,1.0,27.159,2.718,1.0,23.407,21.495,1.714,24.566,2.132,25.986,1.0,24.061,1.517,1.0,27.159,2.718,1.0,474.191,251.331,1.0,93.658,251.331,1.0,401.703,1.0,369.41,401.703,1.0,453.285,1.0,406.849,453.285,1.0,8.232,1.0,7.563,8.232,1.0,98.552,98.316,1.0,0.293,5.221,1.0,2.036,2.103,1.0,0.28804014784946247,1.0,179.0127688172043,1.0,498.98901061827956,1.0,15.46774193548387,1.0,30.776545865189703,0.995967741935484,442.8245967741935,1.0,391.233,1.0,24.06,1.0,41.097,1.0,3.95901,1.0,110.733,1.0,151.261,1.22108,17.4178,1.0,23.7927,0.5348,1.0,1,18.1935,29.8065,17.9677,29.7742,-2.66536,-2.97785,0.924059,0.985887,0.11652,0.119086,0.419712,0.423041,-2.69132,-3.01763,0.947581,0.991263,0.116693,0.118057,0.41976,0.422752,-2.71853,-2.9735,0.953192,0.972698,0.069565,0.0547948,-3.41525,-3.15356,-3.03938,-2.70174,-2.50827,-2.34714,-2.20542,-3.50253,-3.33908,-3.24503,-3.04619,-2.68212,-2.52722,-2.47729,0.999328,0.99664,0.991935,0.947581,0.921371,0.919355,0.916667,0.999328,0.999328,0.99664,0.991935,0.924059,0.923387,0.921371,6.1087,5.85628,2.56288,2.30826,0.882353,1.0,0.213563,0.207576,0.777801,0.684759,-7.85224,-8.18259,8.65247,8.81717,0.945643,0.977576,0.12794,0.134506,0.259456,0.268651,6.22442,5.73858,2.58195,2.21907,0.925996,1.0,0.21063,0.20573,0.777001,0.684202,-7.96044,-8.17663,8.77282,8.76448,0.958917,0.985901,0.127889,0.133375,0.259431,0.268087,4.94864,5.49147,5.71891,6.1087,6.41038,6.98729,7.3496,4.70593,5.07089,5.32088,5.67052,6.15949,6.37597,6.53157,1.0,1.0,1.0,0.882353,0.882353,0.88425,0.90413,1.0,1.0,1.0,1.0,0.986717,0.882353,0.882353,-8.32448,-8.26585,-8.21282,-7.96073,-7.87238,-7.81441,-7.79687,-8.32912,-8.30016,-8.28629,-8.18259,-7.93487,-7.83505,-7.80541,0.998888,0.994656,0.987013,0.936782,0.946756,0.941194,0.941194,0.995731,0.997847,0.998888,0.977576,0.970364,0.941194,0.944531,5.58031,5.64081,5.86491,0.0814865,5.10133,5.31432,5.51564,5.68166,6.04209,6.57723,6.74008,6.02771,6.02636,6.07405,0.0752947,5.32718,5.59881,5.68166,5.98704,6.57703,6.68288,6.80238,8.6265,8.65844,8.8384,0.0435391,8.42099,8.60264,8.6265,8.75187,9.12108,9.2044,9.28196,8.79795,8.71768,8.79259,0.0697739,7.79261,8.4929,8.61615,8.79795,9.14372,9.24259,9.28601,4.50098,4.29693,5.12059,0.122438,4.29577,4.4438,4.50881,4.84207,5.39573,6.13097,6.32735,4.96681,4.89087,5.5308,0.186059,4.34988,4.47582,4.56577,5.23676,5.77833,6.34014,7.93076,8.15578,8.09872,8.49054,0.0656021,8.07683,8.15322,8.19075,8.31834,8.67053,8.97136,9.09375,8.60296,8.39674,8.71268,0.0979367,8.09872,8.13693,8.18237,8.52142,8.97136,9.20866,9.92979,-9999,-9999
201008,26.167,1.0,23.967,1.959,1.0,27.727,3.032,1.0,23.544,22.246,1.309,24.471,1.162,26.167,1.0,23.967,1.959,1.0,27.727,3.032,1.0,429.882,270.07,1.0,92.337,270.07,1.0,388.474,1.0,375.641,388.474,1.0,441.571,1.0,416.345,441.571,1.0,10.482,1.0,7.584,10.482,1.0,98.549,98.157,0.997984,2.802,4.334,1.0,2.349,2.267,1.0,0.2845211793010753,0.9979838709677419,183.87634408602148,1.0,529.8095360887097,1.0,16.05846774193548,1.0,31.78763440860215,1.0,442.1081989247312,1.0,390.631,1.0,24.662,1.0,37.578,0.983199,2.51373,0.983199,115.747,1.0,160.134,1.24451,18.6261,1.0,25.7688,0.459205,0.814516,1,19.9355,28.0645,19.9355,28.0645,-2.52192,-2.18604,0.949597,0.97043,0.100381,0.0980086,0.186155,0.208321,-2.11274,-2.24032,0.964382,0.971774,0.09664,0.0981089,0.184165,0.208369,-2.29868,-2.36497,0.947715,0.965995,0.0224626,0.0235928,-2.57304,-2.46426,-2.4064,-2.29621,-2.21499,-2.15072,-2.08863,-2.59041,-2.55369,-2.50928,-2.37033,-2.26303,-2.18604,-2.1458,0.983871,0.981183,0.976478,0.972446,0.97043,0.969086,0.900538,0.988575,0.987231,0.950941,0.976478,0.97379,0.97043,0.958333,4.58332,5.24328,1.99885,2.21623,0.98343,0.995315,0.151896,0.157462,0.331868,0.324414,-7.42518,-7.31985,6.68143,7.0076,0.925073,0.952224,0.113195,0.116544,0.155002,0.150881,5.22678,5.11242,2.1875,2.19772,0.995315,0.996928,0.15706,0.156315,0.334263,0.323859,-7.18785,-7.32089,6.99054,7.03008,0.9418,0.953336,0.113678,0.117548,0.155355,0.151658,4.56179,4.63612,4.82165,5.05917,5.14894,5.22625,5.36168,4.53063,4.5818,4.62134,4.93233,5.10678,5.14908,5.25445,1.0,0.98343,1.0,0.998464,0.993779,0.995315,0.926756,1.0,0.98343,1.0,0.928293,0.966452,0.993779,0.995315,-7.49108,-7.45924,-7.41914,-7.3241,-7.28347,-7.24746,-7.22145,-7.53162,-7.47816,-7.45825,-7.41683,-7.31705,-7.28651,-7.23451,0.971949,0.967258,0.922848,0.952224,0.932737,0.882362,0.939576,0.982451,0.970796,0.967258,0.926185,0.949916,0.879933,0.939576,5.91275,5.97584,5.66345,0.0562822,5.09026,5.26311,5.35416,5.63618,5.93357,6.08376,6.19745,6.14436,6.19226,5.79504,0.0527952,5.27067,5.46768,5.51136,5.78425,6.03284,6.15674,6.19745,8.15638,8.21615,8.02842,0.0368072,7.63195,7.75199,7.79527,8.02969,8.21154,8.29787,8.32103,8.32954,8.305,8.09373,0.0351804,7.68067,7.78991,7.91898,8.0936,8.26327,8.30745,8.34172,6.72102,5.53559,6.32933,0.15065,5.38309,5.47141,5.63416,5.99773,6.71271,7.56549,8.27899,6.68203,5.44151,6.64218,0.173664,5.3777,5.51951,5.65372,6.25319,7.63647,7.93412,8.54201,8.46791,7.77914,8.2388,0.0849946,7.56256,7.78891,7.85852,8.02241,8.45619,8.92904,9.27233,8.06413,7.79153,8.41842,0.0964069,7.77312,7.8115,7.90545,8.23669,8.96153,9.1118,9.48166,-9999,-9999
201009,20.419,1.0,18.834,2.02,1.0,21.807,2.857,1.0,19.774,17.822,2.081,21.484,1.856,20.419,1.0,18.834,2.02,1.0,21.807,2.857,1.0,360.463,195.589,1.0,56.289,195.589,1.0,356.808,1.0,355.064,356.808,1.0,396.726,1.0,384.988,396.726,1.0,6.814,1.0,7.182,6.814,1.0,98.548,98.333,1.0,1.694,4.352,1.0,1.919,2.566,1.0,0.3459683212400756,0.976388888888889,120.01111111111113,1.0,375.17157333333324,1.0,12.034722222222223,1.0,22.78949275362319,0.9972222222222221,408.85069444444434,1.0,393.425,1.0,20.007,1.0,50.272,1.0,-1.35208,1.0,76.8277,0.997222,101.8,0.884053,14.7077,0.998611,19.4883,0.520995,0.997222,1,22.3667,25.6333,22.3667,25.6333,-1.57943,-1.50481,0.970833,0.977778,0.0919584,0.0924744,0.112226,0.113321,-1.50503,-1.49743,0.975,0.976389,0.0904227,0.0930493,0.110971,0.113791,-1.56937,-1.55166,0.969809,0.978229,0.00900866,0.00884039,-1.68011,-1.63768,-1.62521,-1.56167,-1.53182,-1.50902,-1.49425,-1.65237,-1.62943,-1.60998,-1.5367,-1.50695,-1.49843,-1.49413,0.958333,0.943056,0.972222,0.922917,0.986806,0.982639,0.975,0.965278,0.95625,0.970833,0.990278,0.975694,0.977778,0.991667,3.57274,3.62408,1.68249,1.71738,0.968813,0.973106,0.128168,0.132877,0.145106,0.14771,-5.95079,-5.85863,5.67871,5.94319,0.972946,0.981731,0.121052,0.12001,0.147929,0.148862,3.651,3.62888,1.66966,1.83928,0.970328,0.973106,0.128515,0.135103,0.145412,0.149715,-5.88518,-5.84963,5.84295,5.93825,0.979321,0.978953,0.118527,0.119564,0.14587,0.148503,3.4486,3.49281,3.52241,3.55634,3.60942,3.62888,3.64388,3.45882,3.50609,3.53582,3.57255,3.618,3.63511,3.65685,0.947222,0.96149,0.962879,0.970328,0.973106,0.973106,0.931445,0.98952,0.968813,0.970328,0.968813,0.973106,0.990909,0.984975,-6.03756,-6.02521,-5.97823,-5.8953,-5.85987,-5.85516,-5.84791,-6.03755,-6.02523,-5.9475,-5.86833,-5.8519,-5.84907,-5.84283,0.966429,0.956553,0.972946,0.946344,0.98312,0.977671,0.981624,0.967711,0.974181,0.972946,0.979321,0.988141,0.977671,0.977671,3.62881,3.61805,3.71269,0.0160638,3.56628,3.61091,3.62728,3.68346,3.77452,3.84704,3.88009,3.61862,3.72108,3.68145,0.0149655,3.5551,3.61091,3.61805,3.65973,3.70116,3.77418,3.86075,5.11913,5.11548,5.26435,0.0148012,5.0895,5.15373,5.19088,5.27533,5.32669,5.37788,5.39112,5.1544,5.22611,5.25081,0.0152821,5.11548,5.15285,5.16898,5.23801,5.30275,5.33146,5.41681,2.98452,4.27149,3.78479,0.0735898,3.16298,3.28396,3.41261,3.61552,4.06592,4.33859,4.63319,4.22819,3.84815,3.89495,0.0718152,3.24021,3.37371,3.51788,3.89179,4.24717,4.32566,4.75659,4.92989,5.54281,5.31642,0.0353677,4.98134,5.08841,5.13458,5.23194,5.4699,5.5608,5.69639,5.48856,5.37756,5.39236,0.034259,5.06576,5.09486,5.20673,5.38074,5.54281,5.64816,5.72274,-9999,-9999
201010,15.917,1.0,14.258,2.923,1.0,17.687,3.821,1.0,13.712,12.117,2.138,15.436,1.725,15.917,1.0,14.258,2.923,1.0,17.687,3.821,1.0,278.149,180.667,1.0,39.409,180.667,1.0,304.694,1.0,328.814,304.694,1.0,334.367,1.0,344.984,334.367,1.0,8.901,1.0,6.43,8.901,1.0,98.534,98.403,1.0,3.613,0.285,1.0,2.209,2.753,1.0,0.3500048830645161,1.0,81.1646505376344,1.0,330.70641135752686,1.0,12.676747311827958,1.0,21.43237150156334,0.9966397849462365,381.55241935483866,1.0,398.195,1.0,14.687,1.0,35.624,1.0,-3.07006,1.0,44.8214,0.997984,48.2831,0.641249,33.0309,0.998656,35.582,0.691423,0.99664,1,24.871,23.129,24.871,23.129,0.432707,0.359878,0.945565,0.960349,0.0577381,0.0577775,0.0792958,0.128337,0.4282,0.36194,0.950269,0.963038,0.0583239,0.0578371,0.0797233,0.128364,0.382714,0.336852,0.950034,0.964583,0.0136844,0.0158786,0.178986,0.330991,0.3572,0.402758,0.431596,0.439695,0.458931,0.12664,0.203591,0.243503,0.359878,0.415867,0.432783,0.445143,0.858871,0.965726,0.979167,0.94422,0.926075,0.948253,0.919355,0.995296,0.985887,0.985887,0.960349,0.94422,0.945565,0.941532,2.75085,2.61353,1.08721,1.13033,0.97457,0.977258,0.0575309,0.0617499,0.117341,0.216404,-2.01802,-2.01765,3.32945,3.38936,0.915307,0.942481,0.0964696,0.0945631,0.098834,0.0973976,2.74136,2.60826,1.04528,1.1325,0.975914,0.977258,0.0609181,0.0619966,0.119039,0.216475,-2.0166,-2.00859,3.41923,3.39057,0.923605,0.947915,0.0965084,0.0945222,0.0988719,0.0973578,2.33107,2.5472,2.58753,2.69974,2.74589,2.75174,2.79628,2.10593,2.33107,2.40874,2.60826,2.7186,2.74589,2.77299,0.997312,0.979946,0.99328,0.975914,0.975914,0.947366,0.97457,1.0,0.997312,0.995968,0.977258,0.975914,0.975914,0.943387,-2.04913,-2.03524,-2.02278,-2.01723,-2.00114,-1.99226,-1.98436,-2.04595,-2.03856,-2.03291,-2.01765,-2.00007,-1.99191,-1.95709,0.915307,0.915307,0.92904,0.927637,0.90584,0.946513,0.894619,0.975381,0.97807,0.975381,0.942481,0.911216,0.905898,0.987478,2.97967,2.98003,3.01033,0.0523343,2.30305,2.65966,2.75638,2.97589,3.35971,3.37713,3.38717,3.21092,3.20134,3.17672,0.0467901,2.65966,2.90955,2.97014,3.1991,3.38363,3.46392,3.58829,2.61773,2.61809,2.67348,0.0374268,2.20543,2.46969,2.51288,2.61773,2.92315,2.94423,2.95902,2.80998,2.77314,2.79401,0.0360051,2.46074,2.57713,2.60449,2.7837,2.94628,3.02529,3.15482,2.13322,2.36596,2.27973,0.0451862,1.8524,1.9543,2.05507,2.28932,2.41718,2.49884,2.74285,2.42617,2.34624,2.4472,0.059238,1.94545,2.1386,2.23143,2.39472,2.5025,2.59676,3.17687,2.21342,2.354,2.30228,0.0219935,2.08283,2.12933,2.1711,2.32663,2.35652,2.41111,2.54891,2.38177,2.34984,2.38654,0.0278133,2.14139,2.23503,2.2977,2.35615,2.41774,2.53948,2.66917,-9999,-9999
201011,8.685,1.0,7.604,3.131,1.0,10.099,3.056,1.0,8.59,7.179,2.115,10.42,1.84,8.685,1.0,7.604,3.131,1.0,10.099,3.056,1.0,205.728,94.804,0.653472,21.675,77.55,0.653472,291.309,0.651389,305.53,291.493,0.651389,301.782,0.653472,309.501,300.658,0.653472,5.086,1.0,6.33,5.086,1.0,98.528,98.213,0.993056,1.804,1.558,1.0,2.61,3.185,0.973611,0.4532230125453278,0.9708333333333333,29.733599290780138,0.6326388888888889,202.56998097471072,0.6326388888888889,9.641540686823442,0.6326388888888889,14.74794090916468,0.6298611111111111,353.8438083240015,0.6326388888888889,399.84,0.968056,9.622,1.0,38.39,0.651389,-4.42521,0.651389,11.4493,0.920139,12.5126,0.198984,20.2259,0.977083,22.1042,0.62201,2.0,2,27.2333,20.7667,27.2333,20.7333,0.590449,0.592426,0.834722,0.869444,0.0234473,0.0242374,0.0330105,0.0333268,0.587211,0.590424,0.850694,0.872222,0.0235716,0.0241804,0.0330989,0.0332853,0.597411,0.579809,0.853247,0.875312,0.00560004,0.00375747,0.549772,0.568563,0.586615,0.590945,0.600228,0.615035,0.653271,0.540297,0.549228,0.561542,0.586615,0.592556,0.594977,0.613966,0.90625,0.895139,0.850694,0.860417,0.833333,0.829167,0.802083,0.925,0.906944,0.897917,0.850694,0.846528,0.833333,0.829861,1.22812,1.20864,0.534896,0.542566,0.794577,0.839859,0.0227241,0.0238111,0.0490303,0.0658342,-0.280245,-0.249223,1.50674,1.54866,0.891111,0.910635,0.0430389,0.0440881,0.0482016,0.0580392,1.23578,1.2072,0.53861,0.544571,0.816005,0.841049,0.0227674,0.0237137,0.0490504,0.0657991,-0.297358,-0.251884,1.50137,1.54476,0.899206,0.915397,0.0432115,0.0440232,0.0483558,0.0579899,1.11481,1.1742,1.2072,1.23361,1.24025,1.26109,1.2753,1.08699,1.1174,1.14267,1.20445,1.23471,1.24016,1.24591,0.927381,0.879365,0.841049,0.812434,0.820811,0.775397,0.762169,0.941667,0.925,0.909347,0.852998,0.812434,0.793386,0.778968,-0.297394,-0.286779,-0.282717,-0.260161,-0.249542,-0.243372,-0.195618,-0.297124,-0.286068,-0.279738,-0.257752,-0.243711,-0.210575,-0.19567,0.899206,0.899206,0.896032,0.918651,0.874762,0.881429,0.933571,0.902381,0.889444,0.891111,0.917063,0.868095,0.918889,0.933571,1.23517,1.23348,1.22864,0.00755452,1.13663,1.1642,1.19269,1.23656,1.26758,1.2763,1.28336,1.26127,1.27721,1.25062,0.00633089,1.16262,1.2183,1.23474,1.26123,1.26985,1.2781,1.29295,0.646538,0.643056,0.648829,0.00467506,0.588604,0.609756,0.62167,0.652389,0.671019,0.673788,0.688557,0.670323,0.689995,0.653207,0.00482828,0.577707,0.615353,0.643056,0.66083,0.673733,0.679997,0.686356,1.4227,1.42238,1.44528,0.0143318,1.11959,1.41067,1.42204,1.44676,1.50368,1.52779,1.5382,1.4968,1.49351,1.47441,0.0124531,1.37561,1.41965,1.42488,1.49294,1.52796,1.53734,1.54705,0.542188,0.545585,0.55055,0.00429849,0.452314,0.541354,0.542647,0.551503,0.565771,0.572643,0.581264,0.565364,0.569421,0.559204,0.00369589,0.51627,0.543814,0.545697,0.564063,0.57274,0.577468,0.584258,-9999,-9999
201012,-0.857,1.0,-1.511,2.62,1.0,0.085,2.246,1.0,4.551,3.392,2.03,6.218,1.694,-0.857,1.0,-1.511,2.62,1.0,0.085,2.246,1.0,170.321,80.509,0.860215,18.649,65.857,0.860215,250.802,0.858871,295.666,262.897,0.858871,246.792,0.860215,294.469,249.211,0.860215,1.68,1.0,5.73,1.68,1.0,98.536,98.484,0.990591,1.318,1.302,1.0,2.227,3.012,0.988575,0.4147735387373928,0.965725806451613,19.322115384615383,0.8387096774193549,133.60455504807695,0.8387096774193549,9.358974358974358,0.8387096774193549,11.4775641025641,0.8387096774193549,301.01041666666663,0.8387096774193549,404.931,0.94086,3.439,1.0,52.371,0.858871,-7.2623,0.858871,5.73443,0.94422,6.35661,0.109293,14.6972,0.984543,16.2918,0.466351,0.774866,1,28.2581,19.7419,28.2581,19.7419,0.329213,0.336667,0.918683,0.926075,0.0194476,0.0195858,0.0238389,0.0212838,0.33459,0.340489,0.922715,0.926747,0.0195687,0.0195183,0.0239378,0.0212217,0.327489,0.332844,0.921421,0.928965,0.00223539,0.00126664,0.291386,0.312656,0.323004,0.329531,0.334971,0.34023,0.342759,0.317993,0.324752,0.327484,0.332542,0.340032,0.341413,0.344802,0.90121,0.905242,0.912634,0.925403,0.922715,0.926747,0.928763,0.909946,0.914651,0.939516,0.935484,0.945565,0.928763,0.928763,0.5508,0.560014,0.431622,0.449071,0.917647,0.927697,0.0232903,0.0230503,0.0285234,0.025164,-0.0119454,-0.007825,0.863886,0.879658,0.920798,0.924109,0.0319751,0.0318941,0.0329834,0.0329213,0.556147,0.564981,0.436206,0.448638,0.923208,0.92881,0.0231029,0.0229408,0.0283706,0.0250638,-0.0067285,-0.00607799,0.867118,0.879706,0.922411,0.924109,0.0317585,0.0318287,0.0327735,0.0328579,0.503822,0.530599,0.545727,0.5508,0.556539,0.563532,0.565986,0.539504,0.544743,0.546295,0.554303,0.560026,0.564933,0.57063,0.904219,0.906483,0.910973,0.917647,0.958843,0.927697,0.949944,0.945495,0.932147,0.910973,0.926585,0.927697,0.951057,0.957731,-0.0342974,-0.0216829,-0.019474,-0.0114979,-0.00608981,-0.00549655,-0.00146271,-0.0238618,-0.0184679,-0.0121544,-0.00698591,-0.00495303,-0.00214889,0.000344355,0.897623,0.90416,0.917402,0.922411,0.924109,0.929202,0.939134,0.909253,0.912564,0.920798,0.925806,0.929202,0.939134,0.934041,0.638976,0.638595,0.620343,0.00274375,0.595038,0.605694,0.608819,0.618338,0.633767,0.638821,0.645894,0.62641,0.646373,0.613311,0.00438178,0.548527,0.582072,0.601287,0.61752,0.63381,0.638595,0.645903,0.298737,0.298106,0.287499,0.00228428,0.261034,0.270657,0.277045,0.284289,0.298708,0.301372,0.308381,0.295248,0.311784,0.285823,0.00271608,0.253964,0.263369,0.276942,0.287068,0.298106,0.300811,0.308381,0.567625,0.575007,0.585631,0.00229018,0.56244,0.571396,0.576444,0.584296,0.59558,0.599478,0.613656,0.565037,0.577416,0.587444,0.00250474,0.565909,0.571396,0.575007,0.584447,0.596746,0.601091,0.616921,0.206833,0.214824,0.21681,0.00131156,0.204153,0.206727,0.210021,0.21596,0.220862,0.225579,0.228742,0.213884,0.215935,0.219375,0.00120504,0.206727,0.212913,0.214023,0.217025,0.224062,0.226983,0.233459,-9999,-9999
201101,-3.352,1.0,-3.859,2.337,1.0,-2.641,2.212,1.0,4.53,3.375,2.084,6.152,1.651,-3.352,1.0,-3.859,2.337,1.0,-2.641,2.212,1.0,187.375,93.011,0.813844,20.981,71.351,0.813844,251.78,0.80914,298.93,261.918,0.80914,230.22,0.813844,299.443,243.651,0.813844,1.431,1.0,5.685,1.431,1.0,98.564,98.452,0.985215,2.145,0.137,1.0,2.075,3.016,0.994624,0.4097452633268762,0.9038978494623655,33.48731884057971,0.7419354838709677,164.78322817028985,0.7419354838709677,16.240942028985504,0.7419354838709677,15.376811594202897,0.7419354838709677,293.90942028985506,0.7419354838709677,404.79,1.0,1.991,1.0,52.39,0.80914,-5.12474,0.903898,5.57551,0.965054,7.20199,0.109383,23.1235,0.99328,29.869,0.43347,0.735215,1,27.871,20.129,27.871,20.0323,0.10214,0.114375,0.960349,0.969758,0.0178387,0.0183571,0.0242361,0.0289315,0.101393,0.130614,0.964382,0.969758,0.0180081,0.0183141,0.0243611,0.0289042,0.115868,0.128255,0.961593,0.966331,0.00259117,0.00303914,0.0985426,0.10214,0.104592,0.107633,0.123992,0.134953,0.148341,0.101847,0.104418,0.107344,0.130614,0.147726,0.149142,0.155467,0.961022,0.960349,0.957661,0.967742,0.946237,0.905914,0.972446,0.961694,0.956989,0.957661,0.969758,0.97043,0.972446,0.977151,0.253626,0.279769,0.469308,0.492988,0.962963,0.974169,0.0222902,0.0227558,0.0246815,0.0256901,-0.116495,-0.123525,0.966681,0.984085,0.958792,0.965337,0.027839,0.0280545,0.0354559,0.0476391,0.255083,0.274097,0.472387,0.495889,0.965188,0.974169,0.0221905,0.0227435,0.0245915,0.0256793,-0.119581,-0.0800973,0.982236,1.0236,0.965337,0.965337,0.027728,0.0279263,0.0353688,0.0475638,0.251935,0.254831,0.255392,0.263566,0.27427,0.276027,0.28111,0.253626,0.255923,0.263926,0.273828,0.277152,0.279769,0.281191,0.962963,0.965188,0.962963,0.9663,0.974169,0.975281,0.975281,0.962963,0.962963,0.970832,0.962963,0.975281,0.974169,0.975281,-0.127053,-0.123929,-0.11944,-0.114166,-0.0860498,-0.0800148,-0.0440848,-0.123911,-0.119262,-0.11894,-0.0800276,-0.0485653,-0.0422571,-0.0304115,0.960405,0.965337,0.965337,0.952486,0.927185,0.965337,0.965337,0.965337,0.965337,0.965337,0.965337,0.965337,0.968732,0.968656,0.318377,0.316902,0.316772,0.00212257,0.292434,0.302641,0.306637,0.317986,0.328393,0.330154,0.336109,0.305341,0.293713,0.312017,0.00230122,0.292042,0.293193,0.301775,0.309393,0.319281,0.331568,0.335653,0.186131,0.186288,0.188517,0.00255559,0.15115,0.173504,0.181517,0.189317,0.198668,0.203611,0.211889,0.198668,0.192321,0.196149,0.0020191,0.169606,0.185128,0.1898,0.195983,0.200693,0.20801,0.214443,0.509482,0.487603,0.549936,0.0105176,0.46685,0.487603,0.496421,0.525967,0.591711,0.633338,0.651889,0.505963,0.575692,0.54265,0.00964441,0.483719,0.494438,0.497674,0.524615,0.572651,0.579994,0.640414,0.166127,0.172048,0.183539,0.00379216,0.14261,0.151383,0.167343,0.183711,0.200556,0.212368,0.216015,0.155233,0.214378,0.190967,0.00415014,0.151383,0.167211,0.177335,0.188868,0.203327,0.211433,0.215739,-9999,-9999
201102,1.192,1.0,0.312,3.06,1.0,2.223,2.899,1.0,5.748,3.986,2.557,7.826,2.291,1.192,1.0,0.312,3.06,1.0,2.223,2.899,1.0,247.775,114.699,0.883185,33.145,100.389,0.883185,278.002,0.87872,287.379,282.271,0.87872,253.732,0.883185,281.84,263.245,0.883185,2.711,1.0,6.123,2.711,1.0,98.567,98.391,0.999256,0.602,2.045,1.0,2.26,3.219,0.991815,0.4948083938232557,0.8973214285714286,58.545289855072475,0.8214285714285714,218.83093913043479,0.8214285714285714,18.23822463768116,0.8214285714285714,17.41213768115942,0.8214285714285714,320.23731884057975,0.8214285714285714,402.94,1.0,3.358,1.0,54.531,0.87872,-1.99852,0.87872,8.0447,0.979911,10.3915,0.160794,21.3242,0.995536,27.5448,0.768248,1.0,2,25.8929,22.1071,25.8929,22.1071,0.457755,0.484948,0.944196,0.962054,0.018882,0.0194084,0.0214131,0.0225193,0.468904,0.48191,0.945685,0.962054,0.0187361,0.0193791,0.0212846,0.0224941,0.470395,0.473906,0.950818,0.959077,0.00176679,0.00165115,0.45115,0.459332,0.462044,0.468513,0.476258,0.47953,0.49091,0.454159,0.462106,0.467534,0.473313,0.480785,0.484948,0.493162,0.943452,0.944196,0.943452,0.947173,0.941964,0.955357,0.938988,0.944196,0.942708,0.966518,0.967262,0.981399,0.962054,0.969494,0.673439,0.696206,0.445573,0.472674,0.957418,0.967033,0.0233938,0.0243418,0.0263559,0.0279373,0.178535,0.207762,0.934316,0.964923,0.928746,0.95713,0.0282983,0.0289172,0.0322763,0.0466059,0.687432,0.689727,0.443696,0.479629,0.958791,0.967033,0.0232868,0.024311,0.0262609,0.0279104,0.185022,0.208812,0.92321,0.962913,0.930299,0.95713,0.0281582,0.0288669,0.0321535,0.0465747,0.661803,0.667406,0.673439,0.683585,0.687435,0.691684,0.701731,0.652244,0.66372,0.665358,0.680653,0.687435,0.691141,0.696206,0.956044,0.927033,0.957418,0.961538,0.96978,0.946264,0.949011,0.995879,0.972527,0.972527,0.956044,0.96978,0.967033,0.967033,0.173778,0.176341,0.178327,0.185013,0.202607,0.207387,0.253164,0.173562,0.178366,0.185013,0.201255,0.209728,0.251466,0.257031,0.928746,0.928746,0.928746,0.930299,0.95713,0.919366,0.965247,0.955577,0.928746,0.930299,0.95713,0.960377,0.965247,0.965247,0.779209,0.787002,0.77406,0.00435824,0.735623,0.743214,0.748853,0.778117,0.785613,0.793236,0.824508,0.772906,0.781201,0.786335,0.00378052,0.745438,0.7695,0.777408,0.781481,0.788678,0.812593,0.826812,0.303153,0.305092,0.300154,0.00499697,0.247515,0.254838,0.275541,0.303153,0.320541,0.328763,0.349573,0.296171,0.312297,0.31594,0.00390578,0.252064,0.291618,0.303551,0.31892,0.329491,0.335903,0.349995,0.672643,0.737239,0.74779,0.0138816,0.672643,0.676166,0.682512,0.73936,0.781856,0.805632,0.864624,0.686456,0.692797,0.777971,0.0143983,0.675423,0.686456,0.702059,0.775818,0.78565,0.806674,0.92775,0.231814,0.265746,0.27525,0.00743684,0.224276,0.23033,0.232331,0.267117,0.29904,0.310449,0.327471,0.285432,0.265181,0.294716,0.00649018,0.228161,0.260771,0.266665,0.293633,0.306808,0.315201,0.347513,-9999,-9999
201103,4.012,0.459677,3.183,1.856,0.468443,4.817,2.153,0.451613,7.051,5.818,1.758,8.236,1.513,7.224,0.459677,6.049,2.41,0.468443,8.349,2.343,0.451613,329.425,101.354,0.331989,50.003,75.232,0.331989,288.578,0.331317,307.297,303.866,0.331317,284.451,0.331989,312.194,305.979,0.331989,2.22,0.459677,5.828,4.766,0.459677,98.563,98.137,0.990591,4.533,4.181,0.459005,2.657,3.378,0.990591,0.49618594458539533,0.9677419354838711,-9999,-9999,-9999,-9999,-9999,-9999,-9999,-9999,-9999,-9999,397.667,0.965726,5.733,0.459677,56.037,0.331317,-2.39303,0.331317,18.2913,0.902554,23.9941,0.225503,36.6021,0.987231,48.0137,1.12998,6.0,3,23.5484,24.4516,17.5806,17.9355,0.278069,0.265107,0.802419,0.834677,0.0209852,0.0219744,0.0221531,0.0240821,0.281106,0.264169,0.8125,0.838038,0.0211126,0.022218,0.0222739,0.0243046,0.271654,0.267325,0.813256,0.836005,0.00138922,0.00143944,0.25059,0.264344,0.266575,0.274199,0.278112,0.27854,0.280285,0.249148,0.257364,0.263903,0.266737,0.275527,0.277069,0.278112,0.745296,0.837366,0.832661,0.814516,0.811828,0.794355,0.799731,0.893145,0.882392,0.841398,0.850806,0.78629,0.803091,0.811828,1.01663,0.981368,0.574246,0.602785,0.717665,0.780549,0.0235,0.0256131,0.0349078,0.0420323,-0.442139,-0.433878,1.45513,1.45771,0.880241,0.884112,0.0329397,0.0335603,0.0362263,0.0386878,1.02333,0.979724,0.583802,0.604798,0.737188,0.787387,0.023615,0.0260895,0.0349853,0.0423243,-0.442748,-0.433964,1.45562,1.45768,0.881531,0.884112,0.0329739,0.0337914,0.0362573,0.0388884,0.944213,0.975974,0.985665,1.01587,1.02398,1.0276,1.03076,0.938772,0.952899,0.958815,0.979934,1.01479,1.01955,1.03143,0.848864,0.795802,0.776342,0.739993,0.718731,0.710549,0.685879,0.854474,0.836417,0.833612,0.794399,0.718955,0.742798,0.701131,-0.471831,-0.46012,-0.451377,-0.44524,-0.434154,-0.429966,-0.416628,-0.461729,-0.451226,-0.446012,-0.433878,-0.422119,-0.412732,-0.409357,0.840358,0.86504,0.871321,0.880241,0.884112,0.885456,0.894542,0.854717,0.871321,0.880241,0.884112,0.911585,0.898574,0.903843,0.891403,0.897958,0.934085,0.0121659,0.865574,0.871537,0.87379,0.89196,0.990359,0.992216,0.999403,0.991319,0.991411,0.975632,0.0126394,0.872116,0.890481,0.901007,0.990309,0.99245,0.995,1.10243,0.6275,0.633789,0.666761,0.0116206,0.604066,0.608848,0.614173,0.6275,0.713526,0.715308,0.733908,0.713094,0.710305,0.703978,0.0122976,0.612052,0.624186,0.636593,0.712424,0.715637,0.721648,0.83145,0.906774,0.946338,0.990667,0.0211046,0.89685,0.909557,0.917047,0.940628,0.984305,0.986179,1.30582,0.982658,0.966971,1.02924,0.0213505,0.918247,0.940218,0.950313,0.982658,1.02594,1.19588,1.29584,0.508088,0.519523,0.509755,0.00238434,0.494706,0.496447,0.499117,0.505771,0.518875,0.521468,0.526612,0.495449,0.500224,0.508688,0.00276247,0.49438,0.494836,0.495899,0.502964,0.516685,0.521486,0.530329,-9999,-9999
201104,13.368,0.140278,10.859,2.359,0.129365,15.345,3.79,0.148325,11.497,9.953,1.88,12.691,1.96,12.099,0.140278,10.501,2.018,0.129365,13.334,2.26,0.148325,408.24,85.599,0.0,74.067,74.067,0.0,290.667,0.0,319.117,319.117,0.0,349.51,0.0,330.206,330.206,0.0,6.891,0.140278,6.16,6.613,0.140278,98.55,97.11,0.989583,3.779,3.725,0.00902778,2.218,3.642,0.9875,0.5450670605774872,0.9875000000000002,-9999,-9999,-9999,-9999,-9999,-9999,-9999,-9999,-9999,-9999,393.695,0.896528,13.862,0.0694444,56.481,0.0,-3.02613,0.0,29.0181,0.859722,37.492,-9999,45.2854,0.985417,58.5097,-9999,6.0,3,20.8667,27.1333,0.0,0.0,1.21858,1.21527,0.738194,0.797222,-9999,-9999,-9999,-9999,1.22174,1.19206,0.756944,0.799306,-9999,-9999,-9999,-9999,1.22749,1.20368,0.75092,0.782917,0.00773831,0.00807354,1.15295,1.18913,1.20563,1.21728,1.23187,1.27465,1.33999,1.11051,1.17162,1.18057,1.19551,1.2179,1.22468,1.28274,0.8375,0.800694,0.797917,0.786111,0.752778,0.686806,0.628472,0.864583,0.83125,0.822222,0.806944,0.775694,0.715972,0.700694,2.5998,2.51883,1.22858,1.14331,0.610527,0.709805,-9999,-9999,-9999,-9999,0.0963067,0.149994,2.2461,2.26552,0.837447,0.865717,-9999,-9999,-9999,-9999,2.55089,2.51883,1.21576,1.14331,0.636183,0.709805,-9999,-9999,-9999,-9999,0.137036,0.111653,2.28282,2.30317,0.850987,0.869288,-9999,-9999,-9999,-9999,2.4519,2.50856,2.51922,2.54979,2.62433,2.75903,2.88675,2.3606,2.46254,2.4787,2.51883,2.55089,2.60783,2.78245,0.775274,0.648665,0.706631,0.636183,0.586746,0.556472,0.448817,0.823153,0.764293,0.753175,0.709805,0.636183,0.594473,0.529524,0.0522301,0.0724408,0.0809637,0.111485,0.135565,0.141418,0.148431,0.0545004,0.0840425,0.0955706,0.111653,0.134063,0.137036,0.149072,0.808303,0.83026,0.768637,0.871853,0.84847,0.860823,0.864527,0.807021,0.762369,0.78858,0.869288,0.866907,0.850987,0.863292,2.52365,2.54918,2.5815,0.0216132,2.43072,2.43997,2.44512,2.52472,2.69321,2.73023,2.75277,2.64879,2.68662,2.66229,0.019794,2.44309,2.51481,2.55519,2.69029,2.7184,2.7384,2.77977,1.33452,1.35712,1.37782,0.0153603,1.25015,1.26748,1.31359,1.33505,1.46862,1.47724,1.50555,1.44764,1.46487,1.4348,0.0141495,1.26782,1.33389,1.34459,1.45792,1.48185,1.48735,1.52732,1.08384,1.12667,1.28484,0.0526442,1.06231,1.10438,1.10972,1.13278,1.30147,1.33312,2.12613,1.30279,1.22121,1.39354,0.0582808,1.10438,1.12655,1.12744,1.25881,1.41313,1.79113,2.19129,0.557865,0.562103,0.570284,0.00325541,0.556423,0.558086,0.560036,0.561418,0.568965,0.571493,0.629391,0.568633,0.567587,0.576993,0.00349189,0.560307,0.561253,0.562103,0.568916,0.573903,0.585329,0.629922,-9999,-9999
201105,17.531,1.0,16.049,2.11,1.0,18.494,2.903,1.0,15.255,13.444,1.821,16.411,2.128,17.531,1.0,16.049,2.11,1.0,18.494,2.903,1.0,462.933,84.606,0.0,84.975,84.975,0.0,291.107,0.0,334.058,334.058,0.0,398.396,0.0,352.976,352.976,0.0,6.462,1.0,6.695,6.462,1.0,98.56,97.406,0.957661,1.246,4.775,0.875,2.074,2.819,0.957661,0.4493994855196949,0.9455645161290323,-9999,-9999,-9999,-9999,-9999,-9999,-9999,-9999,-9999,-9999,394.955,0.940188,16.507,0.959005,56.487,0.0,-3.01014,0.0,64.7443,0.815188,83.3532,-9999,23.2716,0.958333,29.9604,-9999,6.0,3,18.7742,29.2258,0.0,0.0,-2.44356,-2.43881,0.652554,0.706989,-9999,-9999,-9999,-9999,-2.45619,-2.45156,0.668683,0.715054,-9999,-9999,-9999,-9999,-2.44865,-2.3998,0.670867,0.71045,0.0102401,0.0132971,-2.54064,-2.50913,-2.49129,-2.45678,-2.43881,-2.41307,-2.31892,-2.51608,-2.48424,-2.45983,-2.43881,-2.32694,-2.3096,-2.27916,0.506048,0.598118,0.635081,0.670699,0.706989,0.557124,0.735887,0.6875,0.625672,0.715054,0.706989,0.75672,0.761425,0.808468,4.10408,3.97538,1.46927,1.69431,0.458829,0.518025,-9999,-9999,-9999,-9999,-6.44495,-6.35956,6.69485,6.79108,0.777004,0.828603,-9999,-9999,-9999,-9999,4.02192,3.88611,1.41228,1.76852,0.477995,0.528589,-9999,-9999,-9999,-9999,-6.41451,-6.3213,6.67135,6.76784,0.791287,0.835243,-9999,-9999,-9999,-9999,3.82007,3.93478,4.00615,4.05212,4.11477,4.15455,4.30655,3.71176,3.80521,3.83104,3.97538,4.04443,4.11477,4.2382,0.576731,0.628551,0.495359,0.471005,0.453452,0.434201,0.385493,0.696793,0.586918,0.621477,0.518025,0.476203,0.453452,0.406348,-6.75663,-6.56855,-6.53159,-6.44495,-6.40605,-6.32081,-6.07302,-6.75663,-6.53811,-6.45383,-6.33574,-6.07317,-6.04782,-5.95988,0.708327,0.753162,0.805641,0.777004,0.792362,0.835243,0.866487,0.708327,0.760689,0.779268,0.835243,0.866487,0.874088,0.892862,4.23366,4.24194,4.21969,0.0213854,4.03206,4.08256,4.09259,4.23366,4.30573,4.31798,4.4057,4.23594,4.2735,4.29271,0.018404,4.0934,4.21324,4.25232,4.29461,4.31791,4.35473,4.4896,6.68466,6.6935,6.6195,0.0332801,6.30489,6.36944,6.40611,6.68466,6.7503,6.82158,6.89408,6.69321,6.72969,6.74135,0.0266142,6.36942,6.57695,6.71264,6.74813,6.8092,6.85291,6.99168,1.39838,1.46848,1.76587,0.100224,1.36157,1.43022,1.44347,1.49099,1.79551,1.84966,3.25986,1.79826,1.63669,1.96722,0.115493,1.43022,1.46827,1.47458,1.68861,1.95907,2.55606,3.50965,0.640505,0.645353,0.654821,0.00374943,0.638845,0.640754,0.643063,0.644579,0.653247,0.656238,0.722501,0.652962,0.651677,0.662554,0.00401928,0.643325,0.644378,0.645353,0.653189,0.659421,0.67212,0.723554,-9999,-9999
201106,24.654,0.982639,23.044,1.999,0.985185,25.579,2.984,0.981111,18.915,16.879,1.569,20.086,2.065,24.505,0.982639,22.9,2.16,0.985185,25.427,3.091,0.981111,485.7,85.599,0.0,90.876,90.876,0.0,290.667,0.0,351.386,351.386,0.0,464.059,0.0,379.382,379.382,0.0,9.616,0.982639,6.969,9.563,0.982639,98.555,97.447,1.0,1.06,2.567,0.999306,1.999,2.789,1.0,0.3965886944444445,1.0,-9999,-9999,-9999,-9999,-9999,-9999,-9999,-9999,-9999,-9999,390.548,0.998611,23.466,0.727778,56.481,0.0,-3.10669,0.0,104.951,0.941667,138.159,-9999,10.5229,0.995833,13.8524,-9999,6.0,3,17.5333,30.4667,0.0,0.0,-4.84661,-4.93529,0.690972,0.8125,-9999,-9999,-9999,-9999,-4.82908,-4.91374,0.725694,0.824306,-9999,-9999,-9999,-9999,-4.9293,-4.92456,0.727066,0.795399,0.0118576,0.00658476,-5.03227,-4.98188,-4.96604,-4.9298,-4.88387,-4.85914,-4.84049,-4.99915,-4.97281,-4.95084,-4.91985,-4.90191,-4.88266,-4.857,0.778472,0.747917,0.627083,0.909722,0.684722,0.715278,0.697917,0.772222,0.970139,0.798611,0.885417,0.844444,0.7125,0.676389,5.83939,5.11052,2.76324,3.22333,0.480174,0.644444,-9999,-9999,-9999,-9999,-10.7161,-10.4303,9.05834,9.28567,0.813047,0.909176,-9999,-9999,-9999,-9999,5.6791,5.12476,3.00172,3.39869,0.529739,0.659368,-9999,-9999,-9999,-9999,-10.6014,-10.4084,9.09773,9.21095,0.839211,0.919068,-9999,-9999,-9999,-9999,4.93622,5.13603,5.25094,5.62704,5.81377,5.84935,6.10553,4.87325,5.02159,5.04045,5.1378,5.62704,5.82335,6.05764,0.805229,0.67658,0.612309,0.525926,0.420806,0.478322,0.344227,0.883551,0.771569,0.729412,0.702614,0.525926,0.396078,0.365359,-10.9971,-10.9281,-10.8058,-10.6642,-10.5801,-10.4209,-10.378,-10.9803,-10.822,-10.6824,-10.4336,-10.3771,-10.3332,-10.3155,0.698566,0.728423,0.797634,0.884982,0.840287,0.946559,0.956272,0.754839,0.789892,0.88276,0.949821,0.937849,0.964014,0.978208,5.09382,5.09587,5.23374,0.038912,4.89388,5.02026,5.07988,5.13966,5.41232,5.54779,5.6444,5.31436,5.45266,5.3787,0.034298,4.97415,5.12318,5.19754,5.42734,5.55601,5.56893,5.65459,10.0052,10.0096,10.1583,0.0376008,9.84019,9.92089,9.99732,10.0626,10.2899,10.433,10.5827,10.2962,10.2817,10.308,0.0346372,9.90395,10.0441,10.1546,10.2962,10.457,10.5043,10.5667,1.80864,1.91547,2.40678,0.167432,1.75124,1.85563,1.87971,1.96061,2.45099,2.53779,4.80448,2.45571,2.18389,2.73745,0.197735,1.85563,1.91514,1.92926,2.25481,2.6843,3.57965,5.32541,0.676616,0.681698,0.691871,0.00398918,0.674852,0.676867,0.679462,0.681114,0.69007,0.693427,0.762957,0.689983,0.688439,0.700114,0.00427031,0.679622,0.680669,0.681698,0.690015,0.699059,0.710196,0.765079,-9999,-9999
201107,28.338,0.990591,26.291,1.89,0.991511,29.593,3.14,0.989989,22.542,20.743,1.423,23.628,1.846,28.284,0.990591,26.241,1.966,0.991511,29.536,3.219,0.989989,474.191,85.268,0.0,88.109,88.109,0.0,290.847,0.0,370.15,370.15,0.0,501.583,0.0,407.977,407.977,0.0,12.144,0.990591,7.502,12.13,0.990591,98.537,97.665,1.0,0.328,1.042,0.997312,2.323,2.069,1.0,0.28630551209677424,1.0,-9999,-9999,-9999,-9999,-9999,-9999,-9999,-9999,-9999,-9999,389.119,0.977151,26.504,0.834005,56.487,0.0,-9999,-9999,109.775,0.94086,144.629,-9999,27.7677,0.995296,36.584,-9999,6.0,3,18.1935,29.8065,0.0,0.0,-4.16626,-3.99486,0.556452,0.674731,-9999,-9999,-9999,-9999,-4.07004,-3.97226,0.600806,0.681452,-9999,-9999,-9999,-9999,-4.048,-3.96462,0.592305,0.68167,0.0272948,0.0249419,-4.38735,-4.2096,-4.14639,-4.02628,-3.91874,-3.88281,-3.85734,-4.32188,-4.17361,-4.08101,-3.92628,-3.8475,-3.81122,-3.77968,0.358199,0.545699,0.517473,0.604839,0.663306,0.62836,0.641801,0.390457,0.553763,0.599462,0.721102,0.644489,0.476478,0.804435,4.60536,4.88205,2.16294,2.77704,0.259024,0.420415,-9999,-9999,-9999,-9999,-9.23159,-9.13542,7.31021,7.50052,0.740696,0.832869,-9999,-9999,-9999,-9999,4.73798,4.93618,2.34025,2.80064,0.304665,0.432299,-9999,-9999,-9999,-9999,-9.16163,-9.13465,7.49915,7.49901,0.784828,0.835991,-9999,-9999,-9999,-9999,4.41333,4.65537,4.69731,4.9381,5.07391,5.10532,5.30196,4.46588,4.62139,4.7181,4.91954,5.04046,5.05373,5.19289,0.974772,0.282694,0.692339,0.107322,0.124699,0.211187,0.168242,0.974772,0.742673,0.10053,0.33153,0.410028,0.541835,0.129792,-9.75015,-9.62434,-9.37189,-9.15604,-9.08486,-9.06945,-8.89782,-9.64639,-9.3262,-9.19688,-9.1085,-8.99668,-8.86345,-8.68765,0.513099,0.615002,0.654544,0.788165,0.851128,0.800148,0.916468,0.603125,0.716011,0.791393,0.843557,0.905918,0.923895,0.974991,4.93968,5.06163,5.05216,0.0451947,4.66276,4.76962,4.88781,5.01767,5.08987,5.1493,5.52223,5.05454,4.82245,5.12733,0.0500611,4.61259,4.90359,4.92508,5.05454,5.37523,5.44781,5.77147,8.94186,9.03388,9.01678,0.057524,8.51374,8.64071,8.86955,8.94632,9.03798,9.30678,9.82264,9.02003,8.89249,9.17533,0.0572242,8.57001,8.92211,8.93389,9.00455,9.45945,9.66933,9.76574,2.04349,2.17377,2.80314,0.216646,1.97293,2.1,2.13133,2.23444,2.84967,2.96219,5.83202,2.85578,2.50823,3.22661,0.260286,2.1,2.17336,2.19289,2.59069,3.1273,4.22085,6.57659,0.672914,0.678025,0.687896,0.0039268,0.671174,0.67318,0.675538,0.677199,0.686303,0.689359,0.759178,0.68591,0.684642,0.695987,0.0042123,0.675861,0.676999,0.678025,0.686244,0.692259,0.706049,0.759845,-9999,-9999
201108,25.672,0.944892,23.784,2.026,0.953917,27.025,3.278,0.937873,23.657,21.659,1.843,25.082,1.948,25.51,0.944892,23.638,1.971,0.953917,26.851,3.205,0.937873,429.882,118.153,0.0,83.651,83.651,0.0,248.662,0.0,371.463,371.463,0.0,473.134,0.0,409.978,409.978,0.0,10.699,0.944892,7.556,10.493,0.944892,98.544,97.648,0.943548,0.768,2.125,0.943548,2.086,2.309,0.943548,0.29242196623563216,0.9354838709677419,-9999,-9999,-9999,-9999,-9999,-9999,-9999,-9999,-9999,-9999,385.189,0.939516,25.732,0.829973,41.47,0.0,-9999,-9999,76.5916,0.897849,99.6987,-9999,41.1859,0.942876,53.6114,-9999,6.0,3,19.9355,28.0645,0.0,0.0,-2.4043,-2.38464,0.479839,0.571909,-9999,-9999,-9999,-9999,-2.37257,-2.4077,0.511425,0.579973,-9999,-9999,-9999,-9999,-2.45854,-2.46682,0.513491,0.582796,0.0233875,0.0196048,-2.81678,-2.56475,-2.51784,-2.4043,-2.36258,-2.34862,-2.33287,-2.81678,-2.54001,-2.50651,-2.44112,-2.38493,-2.37937,-2.34044,0.366263,0.674059,0.594086,0.479839,0.541667,0.558468,0.506048,0.366263,0.697581,0.59207,0.703629,0.464382,0.569892,0.508737,4.21031,3.9768,1.68491,2.07123,0.190986,0.308275,-9999,-9999,-9999,-9999,-6.93668,-6.74201,5.5706,5.85363,0.683162,0.757305,-9999,-9999,-9999,-9999,3.9939,3.92975,1.77817,2.21504,0.225329,0.316432,-9999,-9999,-9999,-9999,-6.73489,-6.74971,5.80327,5.83175,0.712981,0.765296,-9999,-9999,-9999,-9999,3.73183,3.86261,3.91761,4.01877,4.11944,4.19186,4.27096,3.80006,3.84112,3.88398,3.94893,4.05509,4.08243,4.19085,0.817677,0.233495,0.324113,0.403582,0.296552,0.184441,0.149216,0.385068,0.0892392,0.702009,0.1008,0.220236,0.150752,0.187675,-7.39201,-7.1845,-7.04685,-6.83593,-6.73917,-6.71007,-6.66584,-7.38067,-7.04691,-6.89906,-6.82717,-6.76071,-6.73932,-6.68919,0.584509,0.615278,0.659149,0.795365,0.886651,0.752734,0.725381,0.49323,0.657955,0.779298,0.853489,0.765296,0.886651,0.724186,4.01641,3.99812,4.12066,0.0311677,3.87175,3.9179,4.00146,4.08181,4.14642,4.43133,4.49135,3.89673,4.44584,4.20908,0.0391125,3.84239,3.93135,4.01342,4.13316,4.45389,4.50537,4.58656,6.50163,6.40582,6.58747,0.0344617,6.27337,6.37769,6.44134,6.5209,6.78015,6.86371,6.94819,6.25437,6.81841,6.66762,0.0447004,6.23659,6.30865,6.42917,6.59679,6.90968,6.93466,7.06018,1.87061,1.98355,2.51047,0.180093,1.80979,1.92008,1.94604,2.0327,2.55543,2.64886,5.07121,2.5605,2.26911,2.86508,0.21378,1.92008,1.9832,1.99872,2.34305,2.80029,3.74708,5.64923,0.603689,0.608228,0.617287,0.0035569,0.602116,0.603914,0.60621,0.607677,0.615693,0.618664,0.680763,0.61559,0.614235,0.624638,0.00380775,0.606373,0.60731,0.608228,0.615637,0.623663,0.633626,0.68254,-9999,-9999
201109,18.31,0.988889,16.538,2.239,0.987879,19.855,3.383,0.989744,21.095,19.2,1.974,22.733,1.836,18.405,0.988889,16.621,2.241,0.987879,19.96,3.294,0.989744,360.463,123.726,0.0,58.068,58.068,0.0,240.621,0.0,358.851,358.851,0.0,399.58,0.0,390.759,390.759,0.0,8.305,0.988889,7.344,8.377,0.988889,98.558,97.918,0.9875,0.773,1.523,1.0,2.011,2.726,0.9875,0.3530252259643289,0.9875,-9999,-9999,-9999,-9999,-9999,-9999,-9999,-9999,-9999,-9999,388.899,0.986111,19.467,0.951389,38.584,0.0,-9999,-9999,52.8675,0.89375,65.9607,-9999,41.9995,0.993056,52.4011,-9999,6.0,3,22.3333,25.6667,0.0,0.0,-1.78096,-1.72118,0.583333,0.689583,-9999,-9999,-9999,-9999,-1.72927,-1.76205,0.61875,0.693056,-9999,-9999,-9999,-9999,-1.8322,-1.8397,0.618976,0.684983,0.0193618,0.0170812,-2.15296,-2.02069,-1.85409,-1.78696,-1.75784,-1.74714,-1.72118,-2.04686,-1.94667,-1.88001,-1.81509,-1.77035,-1.75026,-1.72118,0.448611,0.521528,0.80625,0.569444,0.699306,0.628472,0.689583,0.483333,0.858333,0.799306,0.741667,0.673611,0.627778,0.689583,3.67191,3.39166,1.56533,1.71687,0.351323,0.491097,-9999,-9999,-9999,-9999,-6.4202,-6.07085,5.00091,5.16543,0.78617,0.863804,-9999,-9999,-9999,-9999,3.68775,3.32698,1.72718,1.7142,0.399122,0.495517,-9999,-9999,-9999,-9999,-6.34163,-6.08873,5.07598,5.22688,0.810798,0.866475,-9999,-9999,-9999,-9999,2.82252,3.26881,3.36317,3.44721,3.66095,3.68137,3.70359,2.49037,2.83067,2.98303,3.32506,3.42937,3.6316,3.68754,0.673748,0.170455,0.506123,0.441649,0.35549,0.31413,0.335161,0.754716,0.667687,0.620026,0.520703,0.243506,0.406566,0.396092,-6.82789,-6.56995,-6.4907,-6.33909,-6.12349,-6.08294,-5.95865,-6.69746,-6.51174,-6.39365,-6.08746,-5.98461,-5.91025,-5.69355,0.610951,0.734612,0.782217,0.810798,0.84831,0.861288,0.897565,0.693155,0.761701,0.800435,0.874168,0.888586,0.906646,0.948141,3.20859,3.20513,3.24445,0.0571266,2.6404,2.84333,2.96512,3.23873,3.43106,3.65249,3.83474,3.41347,3.53157,3.47354,0.0514704,2.84586,3.22345,3.26525,3.46194,3.71558,3.81226,3.87319,4.98357,4.96718,5.08415,0.0581614,4.58707,4.72334,4.82431,4.99091,5.25063,5.48246,5.82363,5.16373,5.26084,5.30574,0.0576601,4.69995,4.98851,5.00996,5.25298,5.51707,5.76927,5.87633,1.44588,1.51973,1.83494,0.106261,1.40698,1.4793,1.49359,1.54434,1.86679,1.92392,3.41348,1.86972,1.6978,2.04821,0.122674,1.4793,1.51951,1.52653,1.75179,2.0376,2.6641,3.68433,0.474828,0.478489,0.485217,0.00273314,0.473614,0.475031,0.476481,0.477901,0.484283,0.48617,0.536076,0.483713,0.483074,0.490822,0.00294193,0.47686,0.477523,0.478489,0.484246,0.488497,0.497959,0.535665,-9999,-9999
201110,15.252,0.988575,13.683,2.699,0.985806,16.915,3.656,0.991585,16.037,14.403,2.132,17.758,1.754,15.336,0.988575,13.776,2.662,0.985806,16.989,3.583,0.991585,278.149,123.755,0.0,38.32,38.32,0.0,240.358,0.0,340.47,340.47,0.0,355.907,0.0,362.748,362.748,0.0,9.0,0.988575,6.724,9.032,0.988575,98.567,97.945,0.999328,4.404,1.1,0.989247,2.05,2.673,0.999328,0.39782686037234044,0.9993279569892473,-9999,-9999,-9999,-9999,-9999,-9999,-9999,-9999,-9999,-9999,392.79,1.0,14.343,0.752016,38.584,0.0,-13.6215,0.0,18.6121,0.944892,22.7788,-9999,42.5473,1.0,52.0723,-9999,4.0,3,24.871,23.129,0.0,0.0,0.60367,0.486464,0.629704,0.716398,-9999,-9999,-9999,-9999,0.582922,0.494516,0.655242,0.727823,-9999,-9999,-9999,-9999,0.583316,0.535055,0.657796,0.715591,0.0129313,0.0134478,0.449051,0.480882,0.500875,0.585388,0.63404,0.660209,0.702182,0.444287,0.468352,0.4711,0.486464,0.594222,0.616854,0.682283,0.81586,0.752016,0.700269,0.665995,0.614247,0.579301,0.518145,0.822581,0.766129,0.780914,0.716398,0.652554,0.62164,0.551747,1.83907,1.61858,0.728935,0.843642,0.443449,0.5694,-9999,-9999,-9999,-9999,-0.740999,-0.741691,1.89616,1.97189,0.826411,0.870973,-9999,-9999,-9999,-9999,1.81998,1.60957,0.796988,0.853804,0.484483,0.582577,-9999,-9999,-9999,-9999,-0.760302,-0.71446,1.90757,1.99611,0.83489,0.880993,-9999,-9999,-9999,-9999,1.44216,1.59517,1.64925,1.81309,1.8952,1.97259,2.06484,1.40495,1.45097,1.48576,1.60415,1.82344,1.86161,2.00573,0.705893,0.589194,0.547328,0.45373,0.4216,0.34591,0.316969,0.807217,0.774859,0.692978,0.582577,0.482002,0.434467,0.334024,-0.780034,-0.759604,-0.745243,-0.739025,-0.717482,-0.711346,-0.630213,-0.761875,-0.741691,-0.73778,-0.717493,-0.639238,-0.620318,-0.599392,0.804311,0.799976,0.861267,0.818166,0.892096,0.838981,0.93228,0.78306,0.870973,0.81951,0.847226,0.908342,0.915179,0.948946,1.81644,1.81566,1.84583,0.0254013,1.60283,1.67631,1.72399,1.8158,1.96445,2.00919,2.10177,1.92998,1.96339,1.94309,0.0221084,1.66005,1.80246,1.84463,1.96027,2.02597,2.08002,2.15487,1.33483,1.32115,1.31077,0.0130531,1.145,1.2115,1.25341,1.32798,1.37023,1.39234,1.42266,1.34459,1.38046,1.35978,0.0100881,1.211,1.31467,1.33535,1.37023,1.39827,1.41023,1.43353,1.27122,1.33018,1.56957,0.0802454,1.24065,1.29845,1.30846,1.34593,1.59451,1.63938,2.79261,1.59667,1.46815,1.73223,0.09122,1.29845,1.33001,1.33399,1.51425,1.73684,2.24367,2.96293,0.334832,0.337463,0.341988,0.00189362,0.333989,0.334989,0.335816,0.337043,0.341507,0.34259,0.378363,0.340836,0.34062,0.345842,0.00205008,0.336221,0.336602,0.337463,0.340941,0.344489,0.350915,0.378011,-9999,-9999
201111,9.302,1.0,8.402,2.425,1.0,10.472,2.585,1.0,10.899,9.964,1.623,12.111,1.231,9.302,1.0,8.402,2.425,1.0,10.472,2.585,1.0,205.728,123.726,0.0,18.918,18.918,0.0,240.621,0.0,331.383,331.383,0.0,288.977,0.0,348.899,348.899,0.0,4.667,1.0,5.72,4.667,1.0,98.556,97.828,0.986806,7.352,3.367,1.0,2.557,3.335,0.984722,0.5265225924085616,0.9847222222222223,-9999,-9999,-9999,-9999,-9999,-9999,-9999,-9999,-9999,-9999,397.807,0.947917,11.258,0.911111,38.584,0.0,-13.6816,0.0,11.8922,0.811111,13.4119,-9999,14.5113,0.963194,16.3656,-9999,4.0,3,27.2333,20.7667,0.0,0.0,1.00631,0.998863,0.727083,0.778472,-9999,-9999,-9999,-9999,0.989211,0.998496,0.740278,0.786806,-9999,-9999,-9999,-9999,1.00847,0.996064,0.737517,0.772083,0.00529746,0.00526854,0.95584,0.98706,0.990221,0.99512,1.01865,1.04198,1.07191,0.943876,0.957628,0.973938,0.992906,1.00575,1.0096,1.05682,0.833333,0.767361,0.743056,0.772222,0.711111,0.684722,0.625,0.844444,0.854167,0.822222,0.811806,0.790278,0.717361,0.6625,1.22738,1.20397,0.731151,0.781209,0.668054,0.723274,-9999,-9999,-9999,-9999,0.629763,0.642948,1.12993,1.16263,0.803925,0.850924,-9999,-9999,-9999,-9999,1.20235,1.19611,0.739494,0.784891,0.687685,0.729494,-9999,-9999,-9999,-9999,0.624243,0.652175,1.12751,1.16618,0.808846,0.862273,-9999,-9999,-9999,-9999,1.12482,1.184,1.18654,1.19744,1.24939,1.27871,1.34675,1.10559,1.12755,1.14896,1.18579,1.20526,1.22953,1.32596,0.791809,0.706122,0.739194,0.713441,0.650797,0.610389,0.537495,0.807906,0.786871,0.774478,0.708503,0.68645,0.668054,0.590802,0.614112,0.624497,0.629763,0.637775,0.648134,0.652262,0.667647,0.624497,0.629818,0.638261,0.650466,0.657351,0.660886,0.667647,0.755238,0.808846,0.803925,0.786284,0.823608,0.873312,0.867035,0.808846,0.768571,0.815354,0.892359,0.870209,0.884423,0.867035,1.24687,1.24746,1.25864,0.00859726,1.17319,1.20626,1.22578,1.24735,1.28518,1.303,1.37274,1.26044,1.28307,1.28587,0.00818224,1.20428,1.23818,1.25471,1.27759,1.30932,1.33905,1.37421,0.241121,0.248962,0.262579,0.00401085,0.220008,0.239513,0.240944,0.25428,0.289828,0.293398,0.298196,0.265352,0.293857,0.277405,0.00366862,0.233325,0.24844,0.262417,0.284125,0.294656,0.295135,0.311277,0.946966,0.98077,1.10286,0.0409234,0.930427,0.963592,0.96671,0.982697,1.11188,1.13697,1.76669,1.11284,1.05295,1.18739,0.0451288,0.963592,0.979976,0.981356,1.08504,1.20551,1.51526,1.80417,0.214242,0.216031,0.218469,0.00115158,0.21373,0.214242,0.214759,0.215752,0.218528,0.218701,0.240613,0.217533,0.217889,0.220734,0.00128033,0.213862,0.215309,0.216029,0.217994,0.220458,0.22406,0.240973,-9999,-9999
201112,3.993,1.0,3.604,2.646,1.0,4.569,2.449,1.0,6.626,5.224,2.32,8.629,2.041,3.993,1.0,3.604,2.646,1.0,4.569,2.449,1.0,170.321,123.635,0.000672043,20.856,20.856,0.000672043,242.002,0.000672043,296.554,296.545,0.000672043,242.349,0.000672043,295.822,295.805,0.000672043,2.783,1.0,5.885,2.783,1.0,98.595,98.32,0.975806,1.71,2.497,1.0,2.237,2.878,0.942876,0.3839402146305639,0.9341397849462365,-9999,-9999,-9999,-9999,-9999,-9999,-9999,-9999,-9999,-9999,399.358,0.960349,6.731,0.790995,38.611,0.000672043,-13.3815,0.000672043,9.22413,0.797043,11.2756,0.280317,12.7946,0.920027,15.6401,0.995215,1.0,2,28.2581,19.7419,12.4516,8.32258,0.711057,0.652507,0.53293,0.639785,0.0292571,0.0293488,0.0498487,0.0516532,0.690455,0.637293,0.561156,0.649194,0.0291484,0.0293066,0.049785,0.0516292,0.684151,0.65864,0.570144,0.634442,0.00561109,0.0061182,0.615163,0.633093,0.663712,0.686539,0.710195,0.713812,0.727045,0.610673,0.623054,0.625968,0.640159,0.690947,0.708065,0.720918,0.758065,0.69086,0.627688,0.573253,0.488575,0.505376,0.450269,0.761425,0.798387,0.729839,0.655242,0.559812,0.509409,0.493952,0.857444,0.781621,0.806631,0.747414,0.391904,0.524194,0.0342714,0.0343217,0.0666496,0.0742269,0.44156,0.413106,1.02762,1.05463,0.735993,0.805942,0.0478205,0.0484449,0.0519358,0.050941,0.835657,0.756892,0.775433,0.740895,0.418282,0.537939,0.0342714,0.0343508,0.0666496,0.0742403,0.424646,0.412604,1.02078,1.0557,0.766808,0.809168,0.0478205,0.0482504,0.0519358,0.050756,0.723307,0.756147,0.791739,0.831412,0.862899,0.870473,0.91738,0.715902,0.729005,0.742436,0.767018,0.835253,0.860635,0.908705,0.698713,0.55375,0.508184,0.421699,0.381654,0.332512,0.310702,0.704473,0.67003,0.656205,0.544653,0.418282,0.366836,0.290362,0.358701,0.393987,0.409255,0.420138,0.430386,0.43451,0.44156,0.364089,0.397034,0.407146,0.412892,0.42316,0.428535,0.4372,0.626825,0.651358,0.843888,0.791341,0.760357,0.753905,0.735993,0.868081,0.817402,0.8191,0.824109,0.840492,0.856791,0.698132,0.834372,0.82866,0.857382,0.0121368,0.763019,0.784227,0.80451,0.834372,0.890843,0.89855,1.0356,0.877024,0.888478,0.894533,0.0114237,0.779747,0.8221,0.8601,0.889734,0.89971,0.917275,1.05199,0.194214,0.191367,0.198742,0.00721993,0.140836,0.169782,0.174766,0.19127,0.199962,0.208608,0.324681,0.199421,0.198023,0.210383,0.00762986,0.164583,0.183941,0.18652,0.195993,0.20435,0.214503,0.325821,0.686747,0.703022,0.752237,0.0172981,0.679913,0.69243,0.695805,0.702988,0.747664,0.759753,1.03106,0.747884,0.731281,0.788026,0.0185656,0.695805,0.702988,0.705378,0.747664,0.806273,0.981815,1.04354,0.240248,0.242313,0.244808,0.00126672,0.239689,0.240248,0.240581,0.241995,0.244971,0.245064,0.268985,0.243637,0.244306,0.247251,0.00142827,0.239834,0.241482,0.242311,0.244588,0.24724,0.250999,0.269566,-9999,-9999
201201,2.802,1.0,2.026,3.173,1.0,3.891,2.897,1.0,4.935,3.501,2.484,6.915,2.133,2.802,1.0,2.026,3.173,1.0,3.891,2.897,1.0,187.375,96.206,1.0,23.016,96.206,1.0,268.827,1.0,290.664,268.827,1.0,254.512,1.0,286.847,254.512,1.0,3.572,1.0,5.662,3.572,1.0,98.595,98.585,1.0,2.835,0.413,1.0,2.003,3.542,1.0,0.48315952956989244,1.0,23.950983896724463,1.0,183.57582812365587,1.0,14.233307239732529,1.0,12.877802327352152,1.0,326.80184500665325,1.0,400.52,0.99328,3.608,1.0,37.854,1.0,-6.66115,1.0,5.29293,0.994624,6.47006,0.150471,19.5643,1.0,23.9154,0.633169,0.994624,1,27.8387,20.1613,27.8387,20.1613,0.573777,0.542824,0.993952,0.995968,0.0196746,0.0198571,0.0378501,0.0447161,0.552541,0.541047,0.995296,0.995968,0.0197971,0.0199106,0.037914,0.0447398,0.560419,0.549013,0.994338,0.995514,0.00638304,0.00607842,0.506903,0.52522,0.536088,0.54942,0.581542,0.58989,0.62502,0.489371,0.507604,0.524747,0.539987,0.575308,0.587734,0.60505,0.998656,0.997312,0.995968,0.995296,0.993952,0.99328,0.986559,0.998656,0.998656,0.997312,0.995968,0.993952,0.99328,0.986559,0.697216,0.681649,0.398025,0.404137,0.997736,0.997736,0.0214393,0.0213459,0.0332721,0.0370824,0.356318,0.306037,0.992187,1.01562,0.988532,0.993294,0.0344334,0.0347379,0.0527295,0.0587421,0.686492,0.680447,0.402384,0.404772,0.997736,0.997736,0.0214393,0.0214095,0.0332721,0.0371191,0.32243,0.303402,1.00978,1.01673,0.991758,0.993294,0.0344468,0.0348242,0.0527383,0.0587931,0.637895,0.65771,0.674941,0.685354,0.702158,0.708597,0.726919,0.616778,0.645765,0.657661,0.679295,0.69962,0.70641,0.717508,0.998848,0.998848,0.998848,0.997736,0.997736,0.997736,0.986612,0.998848,0.998848,0.998848,0.997736,0.997736,0.997736,0.986612,0.27329,0.297272,0.30128,0.316477,0.367133,0.377141,0.43284,0.272563,0.280517,0.296285,0.305426,0.3564,0.375257,0.400259,0.998387,0.994992,0.993294,0.991758,0.988532,0.986919,0.986919,0.998387,0.998387,0.994992,0.994992,0.988532,0.986919,0.986919,0.766008,0.768151,0.75827,0.00684321,0.656547,0.712445,0.728072,0.766008,0.79006,0.793442,0.804859,0.76934,0.773084,0.772225,0.00615708,0.706253,0.744943,0.762236,0.771827,0.791315,0.800023,0.820567,0.22602,0.227105,0.209257,0.0027001,0.167175,0.190721,0.199809,0.210432,0.222407,0.225482,0.226917,0.225993,0.220543,0.211806,0.00244386,0.176035,0.198863,0.205272,0.213033,0.222832,0.225888,0.226731,0.81025,0.898603,0.854324,0.0131642,0.73731,0.785035,0.80579,0.820998,0.89506,0.982432,0.998344,0.819873,0.848869,0.87917,0.0137237,0.75914,0.792511,0.811181,0.836774,0.981594,0.986057,1.0298,0.285241,0.310425,0.284823,0.00479975,0.242722,0.253083,0.26663,0.279744,0.310209,0.324972,0.327538,0.274009,0.282376,0.290183,0.00497517,0.234223,0.266474,0.268424,0.279597,0.322593,0.325122,0.326779,-9999,-9999
201202,5.035,0.948994,4.118,2.564,0.965517,6.092,2.854,0.931034,1.714,0.016,2.573,3.677,2.071,4.822,0.948994,3.976,2.615,0.965517,5.803,2.79,0.931034,249.121,129.542,0.950431,34.022,119.425,0.950431,288.394,0.948994,269.172,287.459,0.948994,272.521,0.948994,254.094,272.351,0.948994,3.976,0.948994,5.893,3.853,0.948994,98.582,98.735,0.936063,0.714,1.821,0.931034,2.541,3.064,0.918822,0.4096931427706553,0.910919540229885,60.608702951560794,0.9238505747126438,244.3422136837232,0.9238505747126438,19.218962186489563,0.9238505747126438,15.472605498559616,0.9238505747126438,338.00356261938754,0.9238505747126438,399.025,0.946839,4.754,0.948994,40.194,0.948994,-2.21706,0.948994,10.6834,0.943247,14.732,0.239874,35.9913,0.948994,49.6307,0.810592,0.91954,1,25.8621,22.1379,25.8621,22.1379,0.496063,0.462143,0.943966,0.946839,0.0252751,0.0253996,0.0971029,0.107665,0.479115,0.460025,0.945402,0.946839,0.0253334,0.0252787,0.0971181,0.107637,0.485051,0.455202,0.944666,0.945384,0.0141638,0.0149466,0.337327,0.392133,0.423652,0.47704,0.541675,0.579645,0.617763,0.306616,0.353085,0.373,0.44019,0.502246,0.562338,0.605189,0.946839,0.946839,0.946839,0.946839,0.943247,0.942529,0.94181,0.947557,0.946839,0.946839,0.946839,0.943966,0.943247,0.94181,0.976679,0.936214,0.407878,0.409337,0.962963,0.965517,0.0256524,0.0255558,0.0892194,0.098388,-0.11223,-0.136625,1.46214,1.45767,0.923259,0.926394,0.0436394,0.043876,0.109309,0.11475,0.947017,0.937292,0.410999,0.409581,0.962963,0.965517,0.0256731,0.0253334,0.0892254,0.0983305,-0.113432,-0.142143,1.46767,1.45577,0.926394,0.926394,0.0436146,0.043747,0.109299,0.114701,0.79418,0.869353,0.904234,0.949907,0.99269,1.04026,1.0657,0.749603,0.811793,0.842185,0.913658,0.979064,1.00181,1.05101,0.965517,0.965517,0.965517,0.965517,0.962963,0.962963,0.962963,0.965517,0.965517,0.965517,0.965517,0.962963,0.962963,0.962963,-0.232953,-0.20589,-0.182575,-0.121179,-0.0322269,-0.00544998,0.0424465,-0.244842,-0.220366,-0.214156,-0.156085,-0.102054,-0.00830569,0.0325447,0.926394,0.926394,0.926394,0.926394,0.921617,0.921617,0.918408,0.927893,0.926394,0.926394,0.926394,0.923259,0.92005,0.918408,0.96756,0.97448,0.955125,0.0139996,0.777738,0.844663,0.887788,0.96756,1.00657,1.03556,1.07841,0.977568,0.99154,0.986041,0.0124349,0.825972,0.910494,0.964331,0.997111,1.02864,1.06888,1.08951,0.52737,0.514455,0.499923,0.0038119,0.453201,0.472666,0.475641,0.508263,0.515524,0.522906,0.531888,0.509658,0.512426,0.500991,0.00427223,0.441609,0.47175,0.476635,0.509658,0.517129,0.526066,0.538566,0.965358,1.28324,1.18061,0.0279332,0.880803,0.910378,0.97602,1.24836,1.32503,1.35584,1.36314,1.37871,1.35879,1.24728,0.0220093,0.900434,1.12094,1.20278,1.26415,1.35108,1.36183,1.38415,0.531263,0.655581,0.606438,0.00949685,0.494939,0.515231,0.535623,0.62604,0.650952,0.657037,0.672497,0.649139,0.638797,0.626492,0.00706958,0.526537,0.574704,0.605359,0.638815,0.652963,0.658513,0.675475,-9999,-9999
201203,15.477,1.0,14.166,2.963,1.0,16.71,3.369,1.0,8.214,6.841,2.028,9.531,1.383,15.477,1.0,14.166,2.963,1.0,16.71,3.369,1.0,332.227,174.07,1.0,65.437,174.07,1.0,334.371,1.0,291.587,334.371,1.0,350.243,1.0,288.252,350.243,1.0,7.492,1.0,6.348,7.492,1.0,98.591,98.388,1.0,2.903,3.399,0.989247,2.397,3.388,0.999328,0.4869783002888355,0.9993279569892473,94.48365042198309,0.9993279569892474,341.4705064240591,1.0,20.914801549738577,1.0,20.044188552335708,0.9993279569892474,392.8921530648521,1.0,399.523,0.999328,11.587,0.988575,43.348,1.0,7.09153,1.0,24.9541,0.993952,32.4539,0.519263,41.9008,1.0,54.4939,0.855214,0.99328,1,23.4516,24.5484,23.4516,24.5161,1.70138,1.65072,0.988575,0.988575,0.0362252,0.0371442,0.0817939,0.099446,1.67454,1.62879,0.988575,0.988575,0.0366728,0.037907,0.0819931,0.0997335,1.66992,1.64387,0.988676,0.990255,0.0127951,0.0128197,1.52679,1.59515,1.60625,1.66849,1.72613,1.74182,1.78306,1.53772,1.54609,1.58399,1.62609,1.71013,1.73059,1.7749,0.993952,0.99328,0.991935,0.988575,0.988575,0.989247,0.983871,0.993952,0.993952,0.991935,0.991263,0.988575,0.988575,0.984543,2.50249,2.43452,0.792478,0.843529,1.0,1.0,0.0440727,0.0447122,0.0940455,0.1275,0.831091,0.799659,1.69988,1.74257,0.977361,0.977361,0.0550319,0.0554424,0.0816277,0.0790585,2.45721,2.405,0.836168,0.87718,1.0,1.0,0.0440425,0.046501,0.0940314,0.128138,0.82376,0.78604,1.72035,1.73029,0.977361,0.977361,0.0548276,0.0559303,0.0814901,0.0794014,2.2501,2.36267,2.37774,2.45721,2.5202,2.52883,2.59895,2.21028,2.28255,2.35386,2.39962,2.50743,2.52136,2.58178,1.0,1.0,1.0,1.0,1.0,1.0,1.0,1.0,1.0,1.0,1.0,1.0,1.0,1.0,0.746021,0.758664,0.783164,0.8156,0.866094,0.879239,0.898189,0.742451,0.753375,0.75836,0.799659,0.834798,0.866094,0.890611,0.988172,0.984081,0.984081,0.977361,0.977361,0.968378,0.969507,0.988172,0.988172,0.984081,0.977361,0.977361,0.977361,0.978705,2.66504,2.67673,2.68507,0.0174845,2.49579,2.56655,2.61575,2.66985,2.77562,2.79226,2.82664,2.70976,2.71902,2.71803,0.0169501,2.54538,2.63516,2.64479,2.71898,2.78593,2.79391,2.88754,1.04717,1.04795,1.04119,0.005551,0.953352,1.01454,1.0355,1.0421,1.05202,1.06482,1.08255,1.04802,1.04448,1.04811,0.00510567,1.01859,1.03176,1.04014,1.04667,1.06332,1.07495,1.08514,2.41998,2.29652,2.30292,0.0151998,2.05601,2.20683,2.25698,2.32174,2.36129,2.40077,2.4198,2.32429,2.41099,2.28487,0.0162552,2.05453,2.16151,2.21901,2.31208,2.35403,2.39036,2.40783,0.925844,0.857287,0.858381,0.00880204,0.729505,0.806919,0.845931,0.869836,0.887,0.915293,0.925844,0.866683,0.900205,0.846184,0.00970076,0.721212,0.755164,0.808475,0.866683,0.885643,0.894923,0.918531,-9999,-9999
201204,15.103,1.0,13.933,2.638,1.0,15.999,3.176,1.0,10.627,8.647,1.978,12.137,2.028,15.103,1.0,13.933,2.638,1.0,15.999,3.176,1.0,410.484,208.099,1.0,74.937,208.099,1.0,332.262,1.0,307.719,332.262,1.0,344.454,1.0,312.836,344.454,1.0,7.137,1.0,6.584,7.137,1.0,98.515,98.363,1.0,0.958,3.223,1.0,2.494,2.96,1.0,0.43012904097222227,1.0,119.17360757067787,0.9993055555555554,408.4902366854167,1.0,21.289982235992362,1.0,29.21549955415139,1.0,390.4519365554861,1.0,400.881,1.0,14.256,0.995139,42.876,1.0,2.03455,1.0,51.4623,0.981944,60.9931,0.750437,46.6216,1.0,55.2559,0.956877,0.98125,1,20.8,27.2,20.8,27.1667,-0.953482,-0.92022,0.978472,0.979167,0.0645852,0.0644165,0.0705478,0.071142,-0.91873,-0.914007,0.979167,0.979167,0.0641282,0.065212,0.0701297,0.0718631,-0.942082,-0.941989,0.975764,0.978681,0.00511516,0.00441784,-1.00306,-0.970581,-0.959757,-0.94016,-0.921245,-0.91381,-0.904653,-1.0052,-0.977758,-0.958987,-0.937525,-0.922234,-0.91737,-0.905775,0.95625,0.964583,0.969444,0.981944,0.979167,0.979167,0.979167,0.95625,0.968056,0.970139,0.980556,0.981944,0.982639,0.979167,3.80771,3.8447,1.24754,1.32796,0.987302,0.987302,0.0755584,0.0757674,0.0885243,0.0908543,-4.47327,-4.44483,5.54524,5.55501,0.971958,0.973192,0.0928207,0.092991,0.0972466,0.0981166,3.85283,3.84098,1.28234,1.35943,0.987302,0.987302,0.0753157,0.0784346,0.0883173,0.0930902,-4.44833,-4.43172,5.55829,5.55756,0.973192,0.973192,0.0926286,0.0932992,0.0970632,0.0984088,3.645,3.76472,3.79407,3.81584,3.84602,3.85697,3.86859,3.64098,3.75274,3.78498,3.8169,3.84078,3.85301,3.86585,0.957143,0.971429,0.987302,0.990476,0.998413,0.987302,0.949351,0.957143,1.0,0.987302,0.990476,0.995238,0.987302,0.990476,-4.50068,-4.48403,-4.47312,-4.4527,-4.43377,-4.42602,-4.41441,-4.49217,-4.48117,-4.47223,-4.4527,-4.43195,-4.41857,-4.39551,0.965829,0.965873,0.980379,0.973192,0.956078,0.95114,0.976852,0.965873,0.967063,0.971958,0.973192,0.981614,0.976852,0.953609,4.19466,4.19081,4.14999,0.0168269,3.91089,4.01096,4.10795,4.19346,4.20824,4.22985,4.23954,4.2431,4.21661,4.1477,0.0182098,3.91958,4.00108,4.10805,4.19386,4.20814,4.23595,4.24321,5.12576,5.10482,5.09198,0.0140204,4.88206,4.97942,5.08623,5.12576,5.15237,5.15962,5.16349,5.15855,5.13534,5.08979,0.0157336,4.80065,4.95821,5.08305,5.12625,5.15598,5.16018,5.16275,3.27757,3.40476,3.33556,0.0169882,3.22957,3.25363,3.26615,3.30932,3.37651,3.41894,3.5136,3.2745,3.28377,3.35042,0.0204366,3.23868,3.25783,3.27445,3.3143,3.38423,3.40295,3.5136,4.21405,4.30749,4.27574,0.0136002,4.1877,4.20547,4.21405,4.25011,4.31202,4.33462,4.43242,4.22485,4.23626,4.29344,0.0149737,4.19263,4.22313,4.23186,4.27854,4.31803,4.36244,4.46822,-9999,-9999
201205,21.755,1.0,19.889,2.362,1.0,22.945,3.426,1.0,15.861,13.56,2.008,17.329,2.395,21.755,1.0,19.889,2.362,1.0,22.945,3.426,1.0,464.208,284.349,1.0,92.817,284.349,1.0,362.644,1.0,327.272,362.644,1.0,391.392,1.0,342.634,391.392,1.0,10.953,1.0,7.301,10.953,1.0,98.551,98.312,1.0,0.432,0.99,1.0,2.216,2.745,0.739247,0.36368747690813913,0.6767473118279569,180.6045297742399,0.9993279569892473,561.4702584153225,1.0,23.899121123876338,1.0,39.82808193027285,1.0,425.2847794786962,1.0,395.716,0.999328,18.204,1.0,36.062,1.0,6.20232,1.0,103.595,0.938172,129.899,1.06264,34.6734,0.93078,43.4773,0.824142,0.923387,1,18.7097,29.2903,18.7097,29.2903,-4.84051,-4.90202,0.875672,0.882392,0.075218,0.0777637,0.097037,0.119292,-4.91034,-4.92213,0.88172,0.884409,0.0778486,0.0780898,0.09909,0.119505,-4.90504,-4.91711,0.871841,0.881384,0.0133909,0.0141506,-5.13733,-4.95873,-4.93512,-4.89975,-4.84953,-4.83611,-4.8164,-5.11099,-5.02899,-4.94353,-4.90306,-4.85423,-4.84807,-4.83596,0.760081,0.790323,0.885081,0.88172,0.876344,0.90793,0.864247,0.922715,0.77957,0.909946,0.903898,0.87836,0.870296,0.908602,4.92109,4.72266,1.32911,1.41114,0.870185,0.880721,0.0978221,0.0998714,0.188591,0.241786,-10.8173,-10.7908,8.25947,8.33662,0.880778,0.88519,0.103219,0.104933,0.109095,0.113104,4.71236,4.65719,1.43436,1.43825,0.880466,0.884116,0.0999412,0.10165,0.189698,0.242526,-10.7963,-10.7812,8.33368,8.33614,0.884078,0.886302,0.105063,0.10484,0.110842,0.113018,4.31969,4.62995,4.65719,4.7482,4.88801,4.95242,5.00761,4.09166,4.46809,4.61823,4.73216,4.80451,4.90848,4.99425,0.916374,0.884116,0.884116,0.880721,0.871977,0.864827,0.812007,0.918166,0.916374,0.914676,0.914676,0.914676,0.866789,0.866789,-10.8654,-10.851,-10.8392,-10.805,-10.7905,-10.7804,-10.7655,-10.875,-10.8544,-10.8391,-10.7969,-10.7756,-10.7699,-10.744,0.843665,0.856714,0.849039,0.884115,0.88519,0.893977,0.902728,0.877475,0.935802,0.849039,0.911515,0.90054,0.896239,0.906065,4.92212,4.91666,4.84624,0.0675039,4.14307,4.19178,4.47224,4.94962,5.09848,5.23543,5.30913,5.01982,5.0789,4.92643,0.0574116,4.11278,4.5343,4.77601,4.9691,5.19034,5.23466,5.31773,9.85541,9.83879,9.76336,0.0560575,9.11833,9.24795,9.50123,9.80809,10.0019,10.0878,10.1558,9.92353,9.98924,9.83146,0.0468139,9.15146,9.51763,9.65213,9.85515,10.0463,10.1023,10.1478,4.19425,4.46932,4.53671,0.0788201,4.12576,4.15708,4.17877,4.49987,4.66031,5.04741,5.34407,4.46701,4.50006,4.59709,0.0840635,3.9942,4.14916,4.18613,4.5,5.04966,5.24968,5.36054,9.39116,9.57279,9.5951,0.0386483,9.33041,9.36854,9.39311,9.57598,9.64021,9.84098,10.0374,9.84505,9.60079,9.64733,0.0382675,9.35995,9.39318,9.42962,9.60002,9.83868,9.97891,10.0115,-9999,-9999
201206,25.159,0.979167,22.737,2.482,1.0,26.545,4.178,0.967742,21.697,19.405,1.845,23.014,2.266,25.091,0.979167,22.737,2.482,1.0,26.44,4.113,0.967742,485.865,309.916,0.970139,96.373,298.667,0.970139,378.451,0.96875,353.899,377.881,0.96875,411.574,0.96875,383.212,411.189,0.96875,16.33,0.979167,7.918,15.828,0.979167,98.544,98.294,0.972222,0.228,0.98,0.965278,2.211,2.853,0.970833,0.3915860873313343,0.9638888888888889,193.9380055872079,0.9430555555555554,613.5327954197455,0.9472222222222222,30.329396775151462,0.9472222222222222,42.4817531301111,0.9472222222222222,446.6992197346633,0.9472222222222222,389.641,0.979167,21.145,0.979167,24.335,0.979167,5.86116,0.979167,78.4984,0.975,102.841,0.874848,67.1865,0.976389,88.0216,0.891725,0.936111,1,17.5,30.5,17.5,30.5,-3.43788,-3.54773,0.926389,0.940278,0.0643067,0.0676116,0.0804312,0.0941172,-3.51434,-3.54246,0.939583,0.942361,0.0667065,0.06766,0.0823626,0.094152,-3.50254,-3.51021,0.933403,0.939288,0.0099349,0.0106448,-3.62184,-3.54246,-3.53536,-3.5105,-3.45646,-3.44584,-3.42726,-3.6537,-3.56957,-3.54041,-3.50982,-3.46069,-3.43862,-3.42453,0.965972,0.942361,0.939583,0.946528,0.9125,0.934028,0.913889,0.973611,0.961806,0.94375,0.946528,0.911111,0.926389,0.910417,3.91794,3.80243,1.02342,1.1639,0.955991,0.97756,0.0829677,0.0832377,0.122972,0.143691,-7.50158,-7.60257,6.6625,6.65309,0.909606,0.919534,0.0883279,0.0907352,0.119626,0.118135,3.83049,3.7924,1.13841,1.17129,0.97756,0.97756,0.0833384,0.0832851,0.123223,0.143719,-7.56818,-7.58886,6.61171,6.63771,0.918459,0.92276,0.0891502,0.0908039,0.120235,0.118188,3.29569,3.68698,3.70856,3.7924,3.83217,3.86851,3.91014,3.10286,3.62487,3.66792,3.73483,3.81053,3.85913,3.9092,0.998148,0.987037,0.97756,0.97756,0.97756,0.940741,0.950109,1.0,0.988889,0.988889,0.987037,0.926035,0.97756,0.950109,-7.59666,-7.58488,-7.56934,-7.50529,-7.44265,-7.42353,-7.41708,-7.59338,-7.57015,-7.53777,-7.49605,-7.43049,-7.41884,-7.40178,0.921685,0.918459,0.917384,0.928244,0.899749,0.906308,0.910824,0.922796,0.916272,0.90853,0.930466,0.942401,0.947921,0.951254,4.06669,4.03191,3.99627,0.0277393,3.52979,3.8406,3.92796,4.03894,4.08688,4.10626,4.20403,4.03894,4.05845,4.04147,0.0237718,3.67837,3.96528,4.0263,4.05662,4.09424,4.1461,4.241,7.63803,7.57436,7.50648,0.019856,7.18348,7.36042,7.42592,7.55529,7.57933,7.60757,7.63853,7.58666,7.57279,7.54401,0.0161077,7.30021,7.46299,7.52786,7.56844,7.58936,7.62976,7.64515,4.22408,4.10964,4.33138,0.0595772,3.81953,3.90507,4.01893,4.17288,4.69376,4.73481,4.84977,3.67384,3.74585,4.01875,0.0530343,3.54451,3.62115,3.67384,3.97987,4.31193,4.39085,4.42823,7.54506,7.56008,7.56558,0.0217729,7.37985,7.39661,7.46575,7.53895,7.6573,7.72828,7.756,7.63822,7.41892,7.46028,0.0238876,7.24955,7.26705,7.30512,7.4555,7.58025,7.62524,7.65633,-9999,-9999
201207,29.813,0.980511,27.49,2.509,1.0,31.233,4.201,0.967742,22.617,20.761,1.613,23.758,1.899,29.683,0.980511,27.49,2.509,1.0,31.018,4.081,0.967742,473.253,290.906,0.981855,93.988,284.62,0.981855,414.249,0.980511,365.473,413.293,0.980511,456.791,0.980511,400.85,455.792,0.980511,22.447,0.980511,7.49,22.084,0.980511,98.548,98.41,0.971774,0.18,0.942,0.966398,2.318,2.427,0.971774,0.3679525098128019,0.9663978494623655,190.24727862048488,0.9616935483870966,592.5376796812501,0.9623655913978494,30.238609759086675,0.9623655913978494,39.08455087273847,0.9623655913978494,476.88092617688875,0.9623655913978494,388.723,0.980511,25.159,0.980511,21.862,0.980511,6.06607,0.980511,38.9878,0.973118,49.3629,0.677244,103.924,0.979839,131.579,0.995844,0.94086,1,18.2581,29.7419,18.2258,29.6774,0.416314,0.470117,0.906586,0.9375,0.0510328,0.0549214,0.101401,0.104825,0.532244,0.468201,0.906586,0.935484,0.0544862,0.055547,0.103182,0.105154,0.424319,0.405912,0.91418,0.924681,0.0132404,0.0144683,0.297236,0.320548,0.365997,0.435152,0.485526,0.495794,0.544076,0.200151,0.308589,0.343657,0.415453,0.461586,0.487159,0.544776,0.971102,0.84879,0.959677,0.94422,0.939516,0.93414,0.906586,0.971774,0.967742,0.861559,0.900538,0.897849,0.939516,0.906586,3.04423,3.21035,1.2203,1.49005,0.884156,0.956057,0.0795825,0.0814595,0.295859,0.302748,-1.19214,-1.203,3.47514,3.55531,0.916862,0.924253,0.0669922,0.0692543,0.0920832,0.101482,3.32964,3.19933,1.40816,1.51226,0.891547,0.956057,0.0794252,0.0829969,0.295816,0.303165,-1.17994,-1.19963,3.55959,3.55695,0.912413,0.920987,0.0693068,0.0697702,0.0937806,0.101835,2.61945,2.71203,2.96102,3.06749,3.26285,3.28194,3.33315,2.5834,2.69931,2.94467,3.06693,3.22355,3.28247,3.33315,0.791976,0.710315,0.877565,0.876966,0.884156,0.952662,0.889849,1.0,0.791976,0.871872,0.88136,0.96155,0.956057,0.889849,-1.29822,-1.26061,-1.2291,-1.19561,-1.15414,-1.13426,-1.09121,-1.31211,-1.28398,-1.26686,-1.21174,-1.16144,-1.13562,-1.10281,0.931789,0.932902,0.919912,0.913812,0.911516,0.906169,0.90416,0.948976,0.931789,0.936095,0.924218,0.913525,0.909506,0.897629,3.92786,3.68853,3.55365,0.0498587,2.93762,3.19833,3.24397,3.63516,3.71727,3.92786,4.02928,3.71727,3.69974,3.57702,0.0501915,2.81149,3.20468,3.45444,3.63929,3.70806,3.92663,4.0427,3.46106,3.22033,3.14774,0.0387022,2.73746,2.80903,2.94338,3.1801,3.28504,3.44883,3.54212,3.24715,3.1675,3.1527,0.0415354,2.6057,2.84971,3.04062,3.17477,3.24715,3.49192,3.56285,2.68717,3.20672,3.09305,0.0793178,2.35164,2.62112,2.70942,3.00503,3.50697,3.56032,4.08555,2.81087,2.78942,2.66822,0.0344977,2.30101,2.42016,2.51547,2.64857,2.81087,2.84301,3.03246,2.32224,2.72784,2.48947,0.0442521,2.02254,2.20356,2.28468,2.43388,2.68249,2.77199,2.93402,2.56441,2.52592,2.47441,0.019594,2.28444,2.30243,2.38464,2.47025,2.56736,2.5909,2.66631,-9999,-9999
201208,25.899,0.981183,23.606,2.602,1.0,27.541,3.928,0.967742,24.608,22.515,1.862,26.093,2.016,25.891,0.981183,23.606,2.602,1.0,27.527,3.892,0.967742,427.963,228.733,0.982527,83.562,223.839,0.982527,391.169,0.981183,374.695,390.808,0.981183,429.401,0.981183,414.903,429.059,0.981183,17.242,0.981183,7.73,17.029,0.981183,98.547,98.378,0.969086,1.234,1.818,0.965726,2.155,2.278,0.969086,0.3117637610119047,0.9637096774193549,137.72597856819377,0.9623655913978495,456.17005650388893,0.9623655913978495,22.148576945952502,0.9623655913978495,30.828091311545144,0.9623655913978495,452.424216421125,0.9623655913978495,385.577,0.981183,23.086,0.981183,20.663,0.981183,2.43764,0.981183,25.2403,0.979167,30.4654,0.477249,86.0383,0.981183,103.849,0.955758,0.960349,1,20.0,28.0,19.9677,27.8387,0.866673,0.802487,0.889113,0.90793,0.0419593,0.0418118,0.0649942,0.0688636,0.821553,0.815934,0.905242,0.909274,0.0417307,0.0425,0.0648468,0.0692836,0.832154,0.826421,0.905091,0.918313,0.00760279,0.00793449,0.736358,0.774189,0.809048,0.835088,0.85938,0.87346,0.894239,0.722457,0.767138,0.790451,0.833415,0.859232,0.876572,0.879112,0.790323,0.872984,0.866263,0.941532,0.880376,0.957661,0.927419,0.979839,0.872984,0.872312,0.943548,0.879704,0.891129,0.927419,2.28813,2.13248,1.08807,1.03427,0.900404,0.915038,0.0583533,0.0578244,0.101432,0.12268,-0.185409,-0.186436,2.45017,2.48862,0.881847,0.903064,0.0544109,0.0553656,0.0585459,0.0620809,2.16348,2.20345,1.03858,1.07481,0.915038,0.915361,0.0584755,0.0593791,0.101502,0.123421,-0.176872,-0.211799,2.46429,2.50151,0.89845,0.905371,0.0548613,0.0559524,0.0589648,0.0626049,1.97381,2.12623,2.14898,2.20345,2.27949,2.29216,2.34689,1.96288,2.07228,2.13271,2.1938,2.26599,2.28867,2.34504,0.739672,0.915199,0.915038,0.915361,0.902341,0.902102,0.921505,0.998387,0.989983,0.983192,0.967831,0.902102,0.900404,0.921505,-0.25771,-0.211818,-0.204406,-0.182627,-0.174565,-0.168594,-0.153174,-0.261335,-0.211799,-0.192505,-0.178855,-0.159171,-0.155632,-0.143856,0.871467,0.904176,0.870312,0.903064,0.93973,0.897255,0.924775,0.872536,0.905371,0.874926,0.945622,0.900839,0.911098,0.938535,2.30646,2.26038,2.39908,0.0297212,2.17267,2.25542,2.27666,2.38341,2.45764,2.48877,2.51423,2.25985,2.29675,2.41502,0.0366914,2.08234,2.27983,2.28474,2.39506,2.47681,2.50124,3.07269,1.46742,1.44445,1.57266,0.0266391,1.42336,1.46742,1.47508,1.54891,1.58258,1.63272,1.6949,1.4408,1.47519,1.58286,0.0336628,1.39554,1.4595,1.47508,1.54735,1.62323,1.6613,2.22264,2.25463,2.369,2.24794,0.0470934,1.69549,1.93332,2.05712,2.21702,2.44049,2.56578,2.66902,2.74197,2.66259,2.37303,0.0426928,1.96224,2.02423,2.10791,2.38208,2.59987,2.63886,2.74197,1.54716,1.7039,1.59333,0.0248389,1.33221,1.39143,1.46712,1.58118,1.70918,1.72319,1.82678,1.77633,1.79565,1.65624,0.0225579,1.41097,1.46997,1.52262,1.67043,1.77633,1.79317,1.8637,-9999,-9999
201209,19.813,1.0,18.217,2.342,1.0,21.214,3.376,1.0,19.977,18.104,1.974,21.609,1.92,19.813,1.0,18.217,2.342,1.0,21.214,3.376,1.0,357.872,188.6,1.0,56.435,188.6,1.0,360.827,1.0,352.571,360.827,1.0,388.951,1.0,381.187,388.951,1.0,8.198,1.0,7.437,8.198,1.0,98.546,98.563,1.0,2.755,1.257,1.0,2.046,2.34,1.0,0.30383282847222226,1.0,109.29437206893748,1.0,372.95186055625004,1.0,20.13027397245139,1.0,24.224659702004864,1.0,415.0114822634029,1.0,394.827,0.998611,19.136,1.0,28.502,1.0,-1.97539,1.0,40.4906,0.996528,51.1196,0.543682,47.4202,1.0,59.8683,0.69236,0.996528,1,22.4333,25.5667,22.4,25.5333,-0.603905,-0.510871,0.959722,0.980556,0.0552846,0.0573295,0.0951427,0.113317,-0.546335,-0.549713,0.967361,0.98125,0.0567082,0.0580489,0.095977,0.113683,-0.60682,-0.628875,0.956823,0.965451,0.0124748,0.0123591,-0.777042,-0.692415,-0.63502,-0.603383,-0.554674,-0.53755,-0.520824,-0.774935,-0.734074,-0.692415,-0.610629,-0.577114,-0.538583,-0.522481,0.860417,0.986111,0.93125,0.982639,0.961111,0.98125,0.98125,0.831944,0.989583,0.986111,0.9375,0.98125,0.980556,0.980556,3.02831,3.12729,1.31484,1.24731,0.974336,0.992754,0.0660357,0.0675804,0.152246,0.207997,-3.76152,-3.67424,4.13188,4.23855,0.94691,0.96897,0.083258,0.0850977,0.0976578,0.0977151,3.15126,3.08503,1.27284,1.26926,0.978442,0.994203,0.0681857,0.0700259,0.15319,0.208804,-3.76003,-3.70712,4.24302,4.23955,0.957432,0.96897,0.0833424,0.0851717,0.0977298,0.0977796,2.72045,2.84041,2.9528,3.06671,3.10234,3.11477,3.12729,2.68421,2.72424,2.81421,2.99767,3.08599,3.11767,3.12537,0.994203,0.994203,0.944494,0.944284,0.994203,0.972821,0.992754,0.994203,1.0,0.994203,0.994203,0.971437,0.972821,0.992754,-3.84421,-3.8025,-3.78226,-3.75295,-3.71111,-3.70042,-3.68546,-3.83491,-3.79316,-3.78224,-3.73115,-3.70009,-3.69711,-3.67424,0.8931,0.901061,0.908659,0.950808,0.973137,0.967637,0.96897,0.936175,0.975701,0.976983,0.984996,0.969026,0.959996,0.96897,3.06203,2.9987,2.94924,0.00877134,2.85242,2.89642,2.91763,2.94953,2.97438,2.99562,3.03032,2.99671,3.00294,2.96557,0.0147203,2.85405,2.89642,2.93259,2.95478,2.99671,3.01117,3.06058,3.56533,3.54841,3.57812,0.0126445,3.48657,3.50758,3.53186,3.55821,3.58108,3.65297,3.71989,3.50943,3.54928,3.57239,0.0133043,3.4985,3.50381,3.51651,3.54992,3.58141,3.66743,3.73493,2.52899,2.83175,3.02816,0.101151,2.18086,2.2925,2.52899,2.82873,3.54148,3.79519,4.24215,3.70622,3.72023,3.24572,0.09814,2.12243,2.64241,2.77576,3.25464,3.66566,3.82,4.33391,3.52389,3.56828,3.73369,0.0555457,3.21807,3.26984,3.48134,3.60842,4.0482,4.11743,4.34529,4.14217,4.14405,3.86077,0.0536103,3.18155,3.53235,3.57423,3.92519,4.11513,4.14276,4.37858,-9999,-9999
201210,12.854,1.0,11.544,2.655,1.0,14.257,3.232,1.0,15.516,13.822,2.44,17.344,1.934,12.854,1.0,11.544,2.655,1.0,14.257,3.232,1.0,275.469,136.525,1.0,39.497,136.525,1.0,323.516,1.0,335.833,323.516,1.0,333.496,1.0,355.68,333.496,1.0,5.946,1.0,6.612,5.946,1.0,98.532,98.461,1.0,5.041,2.371,1.0,2.031,2.832,1.0,0.4018648978494624,1.0,63.6034143558824,1.0,263.7709558185484,1.0,18.409834677607524,1.0,17.58104931096304,1.0,377.69745118098115,1.0,398.028,1.0,13.591,1.0,27.423,1.0,-5.02608,1.0,20.0978,0.99664,24.7342,0.347188,35.4908,0.999328,43.6783,0.560493,0.995968,1,24.9355,23.0645,24.9355,23.0323,0.297178,0.345207,0.986559,0.987231,0.0331244,0.0341297,0.0451481,0.0512904,0.349428,0.356323,0.987231,0.989919,0.0341799,0.0342743,0.045928,0.0513868,0.32485,0.313396,0.979704,0.983854,0.00730381,0.00657615,0.254464,0.293169,0.303224,0.317019,0.349428,0.354525,0.385126,0.239675,0.272854,0.29568,0.31153,0.331896,0.349428,0.354525,0.991935,0.982527,0.97379,0.990591,0.987231,0.987231,0.938844,0.995296,0.984543,0.981183,0.991935,0.991935,0.987231,0.987231,1.91622,1.97482,0.603484,0.642717,0.997312,0.997312,0.0366725,0.0364696,0.0669443,0.0741389,-1.41988,-1.38468,2.35547,2.38683,0.975036,0.976439,0.055982,0.0559708,0.0623128,0.0620794,1.98603,1.99926,0.642908,0.636741,0.997312,1.0,0.0367881,0.0366654,0.0670077,0.0742354,-1.388,-1.3877,2.38419,2.38378,0.976439,0.979244,0.0558497,0.0561763,0.062194,0.0622647,1.78042,1.88297,1.90678,1.95072,1.98525,1.99498,2.02855,1.73815,1.85693,1.88185,1.93214,1.95596,1.98603,2.00355,1.0,0.99328,0.99328,1.0,1.0,0.958023,0.94055,1.0,0.99328,0.99328,0.997312,1.0,0.997312,1.0,-1.43186,-1.41988,-1.41336,-1.39389,-1.37999,-1.36515,-1.35725,-1.43186,-1.41921,-1.41348,-1.39485,-1.37784,-1.3655,-1.33866,0.975095,0.975036,0.981932,0.942906,0.938756,0.983271,0.927334,0.975095,0.971062,0.981932,0.942906,0.954572,0.983271,0.990113,2.06914,2.07124,2.0332,0.0200838,1.84691,1.94114,1.97512,2.01756,2.0674,2.07916,2.11598,2.07696,2.06092,2.05717,0.0220361,1.91188,1.97428,1.98595,2.0453,2.07696,2.08892,2.45049,1.71536,1.71491,1.7198,0.0148093,1.60723,1.64803,1.67187,1.71119,1.72983,1.73613,1.81703,1.73001,1.71149,1.73232,0.0176861,1.6047,1.65741,1.67919,1.7122,1.73001,1.74655,2.06071,1.6703,2.11304,1.96297,0.0277733,1.6703,1.70769,1.79074,1.97088,2.0915,2.12998,2.21318,2.03815,2.00074,2.00742,0.0261837,1.68744,1.7981,1.94685,2.00161,2.12322,2.14687,2.23849,1.61492,1.76884,1.73353,0.0131493,1.55444,1.64294,1.66188,1.73062,1.79309,1.82329,1.82905,1.83094,1.76893,1.75764,0.0116132,1.62447,1.67209,1.70409,1.76661,1.80362,1.83094,1.85142,-9999,-9999
201211,8.306,1.0,7.274,3.254,1.0,9.664,3.643,1.0,10.075,9.173,1.64,11.263,1.331,8.306,1.0,7.274,3.254,1.0,9.664,3.643,1.0,203.847,112.17,1.0,19.451,112.17,1.0,290.209,1.0,326.578,290.209,1.0,293.209,1.0,341.577,293.209,1.0,5.069,1.0,5.843,5.069,1.0,98.539,98.992,1.0,8.176,0.743,1.0,2.659,2.905,1.0,0.3681092305555555,1.0,33.6366761121,1.0,211.95728283263892,1.0,17.386999915423402,1.0,14.477528369797225,1.0,352.7998659499307,1.0,402.307,0.996528,9.183,1.0,33.009,1.0,-6.28737,1.0,9.28586,0.997222,10.7968,0.184796,28.8384,1.0,33.5307,0.763685,2.0,2,27.2667,20.7333,27.2667,20.7333,0.652409,0.616783,0.968056,0.969444,0.0260825,0.0273432,0.0363231,0.0361137,0.635058,0.610525,0.969444,0.96875,0.0270403,0.0277333,0.0370169,0.0364099,0.6269,0.622085,0.968785,0.97276,0.00334913,0.00325098,0.596685,0.601849,0.608781,0.63076,0.64299,0.652409,0.656675,0.596852,0.601513,0.603076,0.61489,0.637847,0.648695,0.654352,0.972222,0.983333,0.971528,0.995833,0.969444,0.968056,0.968056,0.972917,0.984028,0.984028,0.957639,0.994444,0.970833,0.968056,1.14355,1.11878,0.51207,0.541272,0.980403,0.980403,0.0278256,0.0286826,0.0334968,0.0415898,-0.0405935,-0.0864808,1.39348,1.42365,0.951811,0.954913,0.046662,0.0479406,0.0566688,0.0572534,1.13383,1.11301,0.530166,0.543675,0.980403,0.980403,0.028419,0.0290648,0.0339914,0.0418544,-0.0662302,-0.09249,1.39782,1.41249,0.954913,0.953247,0.0473534,0.0486525,0.0572395,0.0578508,1.04368,1.10198,1.11054,1.11878,1.13489,1.13928,1.14613,1.05733,1.07904,1.09976,1.11218,1.13294,1.13928,1.14599,0.997436,0.992674,0.982784,0.980403,0.980403,0.980403,0.980403,1.0,0.997436,0.967857,0.982784,0.980403,0.980403,0.980403,-0.116902,-0.102716,-0.0927133,-0.0662302,-0.0449023,-0.0384035,-0.0240356,-0.111781,-0.102016,-0.0942733,-0.0661989,-0.0491982,-0.0394176,-0.0240356,0.956573,0.964444,0.953247,0.954913,0.949603,0.95627,0.957937,0.953319,0.962778,0.919574,0.954913,0.914582,0.951811,0.957937,1.2389,1.24027,1.23725,0.00677258,1.14594,1.19073,1.20763,1.23992,1.25726,1.26309,1.27624,1.23992,1.25575,1.24951,0.0068187,1.17017,1.22752,1.23343,1.25048,1.26414,1.27112,1.32919,0.628989,0.629741,0.61516,0.0056241,0.536683,0.589215,0.603306,0.619212,0.630689,0.634544,0.644507,0.621689,0.620695,0.622612,0.00570594,0.581779,0.599471,0.606418,0.622055,0.631812,0.638471,0.69621,0.886813,0.951184,0.902138,0.0121641,0.741411,0.795796,0.855131,0.902383,0.947352,0.967405,0.994663,0.936051,0.943334,0.924469,0.0126944,0.777725,0.853271,0.880532,0.939258,0.957262,0.972676,1.00863,0.509028,0.520734,0.495285,0.00572758,0.432547,0.457062,0.472723,0.4908,0.51839,0.529423,0.556543,0.494117,0.488802,0.49899,0.00566539,0.429218,0.463379,0.475498,0.494117,0.521608,0.528193,0.558403,-9999,-9999
201212,4.276,1.0,3.726,2.616,1.0,5.056,2.356,1.0,6.809,5.508,2.358,8.671,2.003,4.276,1.0,3.726,2.616,1.0,5.056,2.356,1.0,170.007,70.615,1.0,18.629,70.615,1.0,289.635,1.0,295.959,289.635,1.0,281.241,1.0,294.916,281.241,1.0,2.915,1.0,5.889,2.915,1.0,98.572,98.455,1.0,0.533,1.048,1.0,2.184,3.01,0.998656,0.3892895141577061,0.9979838709677419,15.032551524181452,1.0,133.96143736021503,1.0,12.354813312261422,1.0,9.674579167850135,1.0,334.4419770483199,1.0,397.873,1.0,6.562,1.0,34.946,1.0,-6.61937,1.0,6.57158,0.998656,7.1941,0.129703,12.9631,0.999328,14.191,0.482863,0.997984,1,28.2581,19.7419,28.2581,19.7419,0.566092,0.571367,0.997984,0.997984,0.0206023,0.021871,0.0242066,0.0268155,0.571615,0.57296,0.997984,0.998656,0.0218396,0.0217979,0.0252681,0.026756,0.562669,0.556788,0.996069,0.997009,0.0024782,0.00241115,0.53171,0.548326,0.550844,0.565891,0.571911,0.573743,0.580699,0.533264,0.540925,0.545611,0.557844,0.569373,0.571956,0.574588,0.998656,0.998656,0.998656,0.998656,0.997984,0.997984,0.99328,0.998656,0.998656,0.998656,0.99664,0.997984,0.997984,0.99328,0.832122,0.818229,0.438329,0.470016,1.0,1.0,0.0262209,0.0264941,0.0298361,0.0297151,0.140601,0.172774,0.934359,0.961597,0.995161,0.995161,0.0337408,0.0344636,0.0379994,0.0397096,0.81659,0.823935,0.458613,0.472781,1.0,1.0,0.0265734,0.0264127,0.0301463,0.0296426,0.175508,0.16838,0.947121,0.963858,0.995161,0.996774,0.0342285,0.0343371,0.038433,0.0395999,0.787962,0.803651,0.809993,0.819137,0.823285,0.832122,0.853711,0.788974,0.797646,0.805232,0.814881,0.821624,0.824557,0.844433,1.0,1.0,1.0,1.0,1.0,1.0,1.0,1.0,1.0,1.0,1.0,1.0,1.0,1.0,0.126712,0.134843,0.139923,0.147154,0.167435,0.169801,0.175825,0.125686,0.127791,0.129043,0.142351,0.156451,0.167243,0.172774,0.996774,0.996774,0.996774,0.996774,0.995161,0.995161,0.995161,0.996774,0.996774,0.996774,0.990323,0.98871,0.995161,0.995161,0.825762,0.827625,0.83358,0.00503637,0.787799,0.815012,0.816674,0.827234,0.837683,0.858172,0.894743,0.823385,0.820369,0.840647,0.00552847,0.80746,0.815708,0.821036,0.828476,0.855284,0.886731,0.902176,0.258364,0.254665,0.276792,0.00385145,0.242364,0.253207,0.258364,0.273514,0.289824,0.296178,0.325897,0.25099,0.248754,0.277978,0.00433123,0.239646,0.251174,0.25571,0.275365,0.294088,0.303859,0.332533,0.836396,0.725457,0.751277,0.0127818,0.626041,0.648777,0.691952,0.736849,0.823275,0.836396,0.864306,0.887636,0.835194,0.759498,0.0138643,0.638874,0.657539,0.684156,0.734549,0.830943,0.840385,0.916426,0.320179,0.265768,0.283925,0.00555891,0.225418,0.240891,0.25885,0.280674,0.313443,0.324395,0.334676,0.298097,0.322627,0.284577,0.00565056,0.233657,0.241383,0.254059,0.27956,0.31888,0.32785,0.3414,-9999,-9999
201301,1.15,0.986559,0.668,3.239,0.998888,1.817,2.966,0.967742,6.746,5.222,2.648,8.846,2.281,1.249,0.986559,0.671,3.252,0.998888,2.063,2.849,0.967742,187.375,95.219,0.987903,23.944,91.456,0.987903,278.059,0.986559,287.199,279.201,0.986559,249.308,0.986559,281.565,251.047,0.986559,2.727,0.986559,6.368,2.773,0.986559,98.559,98.959,0.973118,0.307,1.789,0.971774,3.099,3.15,0.950269,0.4214366837407711,0.9287634408602151,39.276817304788665,0.961021505376344,179.59492211737927,0.961021505376344,18.313153477026102,0.961021505376344,13.051616120748879,0.961021505376344,320.7403963029788,0.961021505376344,399.564,0.961022,3.151,0.986559,36.908,0.986559,-5.57366,0.986559,6.49108,0.976478,10.3587,0.146948,20.6011,0.984543,32.8759,0.65179,0.952285,1,27.871,20.129,27.8387,20.0968,0.398404,0.402967,0.945565,0.946237,0.0171717,0.0173693,0.0229645,0.0241036,0.401873,0.400736,0.946237,0.945565,0.0172105,0.017188,0.0229935,0.0239733,0.407694,0.408968,0.949378,0.948891,0.00230569,0.00248889,0.391302,0.395384,0.397603,0.401873,0.416872,0.42588,0.429365,0.39209,0.393988,0.39612,0.403912,0.422426,0.427412,0.428705,0.944892,0.946237,0.949597,0.946237,0.954301,0.936156,0.960349,0.94422,0.945565,0.942876,0.946237,0.962366,0.959005,0.960349,0.593426,0.597685,0.370183,0.387152,0.961893,0.961893,0.0196405,0.0197543,0.0224737,0.0219228,0.101651,0.106865,0.89651,0.899955,0.920713,0.922411,0.0289397,0.0290707,0.0387567,0.0390904,0.59295,0.593438,0.388358,0.389102,0.961893,0.960781,0.0195351,0.0195079,0.0223817,0.021701,0.110402,0.107188,0.903165,0.905266,0.922411,0.922411,0.028855,0.0288195,0.0386935,0.038904,0.556616,0.583347,0.589385,0.59295,0.598442,0.605194,0.612315,0.583136,0.588999,0.58981,0.593317,0.599956,0.608012,0.611525,0.95609,0.964365,0.961893,0.961893,0.961893,0.961893,0.973542,0.960781,0.961893,0.961893,0.961893,0.961893,0.97243,0.973542,0.0926199,0.0983389,0.103686,0.11512,0.144684,0.149898,0.156925,0.0913632,0.0973127,0.100644,0.114914,0.145323,0.149579,0.154054,0.917402,0.922411,0.914177,0.932173,0.938625,0.938625,0.897793,0.917402,0.9191,0.914177,0.932173,0.940238,0.940238,0.940238,0.570502,0.57036,0.603353,0.0037683,0.571032,0.577975,0.581786,0.603965,0.621516,0.633526,0.640915,0.615591,0.580026,0.597539,0.00375092,0.566986,0.571705,0.579953,0.591351,0.613569,0.623296,0.636499,0.169102,0.169624,0.194385,0.00464323,0.149509,0.155436,0.17526,0.191498,0.213128,0.22788,0.229426,0.212389,0.178153,0.189844,0.00463269,0.148482,0.153234,0.161143,0.193748,0.212577,0.222884,0.227759,0.514505,0.580296,0.660608,0.0498388,0.514505,0.56527,0.583324,0.609915,0.652923,0.671499,0.690294,0.616517,0.61603,0.630609,0.00677598,0.553486,0.605781,0.609538,0.620752,0.651365,0.673153,0.703502,0.265255,0.306189,0.313268,0.0211849,0.173735,0.176621,0.285056,0.317386,0.330633,0.333182,0.346025,0.246584,0.244427,0.230453,0.00548741,0.168321,0.174953,0.208635,0.240439,0.247148,0.259442,0.28266,-9999,-9999
201302,1.318,1.0,0.464,2.532,1.0,2.341,2.583,1.0,5.707,4.185,2.173,7.508,1.797,1.318,1.0,0.464,2.532,1.0,2.341,2.583,1.0,247.775,120.832,1.0,33.542,120.832,1.0,272.037,1.0,285.144,272.037,1.0,248.648,1.0,278.434,248.648,1.0,2.717,1.0,6.439,2.717,1.0,98.547,98.502,1.0,1.992,2.036,1.0,3.126,3.426,0.966518,0.46679494686568757,0.9501488095238095,54.11281755155581,1.0,227.7611748361518,1.0,20.180361333815476,1.0,16.189980941006695,1.0,321.53165298102675,1.0,406.206,0.997024,3.408,1.0,37.714,1.0,-5.48825,1.0,7.93286,0.99628,12.3131,0.174624,30.3369,0.998512,47.0877,0.651595,0.994792,1,25.8929,22.1071,25.8929,22.1071,0.261962,0.262596,0.99628,0.99628,0.0215275,0.0212729,0.0224738,0.0223221,0.264722,0.262459,0.99628,0.99628,0.0213281,0.0212688,0.0222829,0.0223183,0.265489,0.266115,0.996708,0.996689,0.00107596,0.000914174,0.250679,0.260247,0.262473,0.264638,0.271117,0.273153,0.275192,0.25674,0.259793,0.262473,0.264722,0.271113,0.27332,0.275063,0.995536,0.99628,0.99628,0.99628,0.997024,0.998512,0.998512,0.995536,0.995536,0.99628,0.99628,0.997024,0.997024,0.997024,0.569753,0.572159,0.389551,0.402545,1.0,1.0,0.0262606,0.0262192,0.0275968,0.0276033,-0.121246,-0.122358,0.932745,0.931763,0.991876,0.991876,0.0322948,0.0322188,0.0326589,0.0325368,0.57322,0.571078,0.403902,0.403922,1.0,1.0,0.0262628,0.0261869,0.0275989,0.0275726,-0.11908,-0.121317,0.932825,0.93145,0.991876,0.991876,0.0323297,0.0322431,0.0326934,0.0325609,0.558831,0.567944,0.570087,0.572734,0.577638,0.584911,0.590281,0.564095,0.567649,0.569991,0.572784,0.58081,0.584911,0.588987,1.0,1.0,1.0,1.0,1.0,1.0,1.0,1.0,1.0,1.0,1.0,1.0,1.0,1.0,-0.157241,-0.123436,-0.121993,-0.11974,-0.116074,-0.11371,-0.10047,-0.140104,-0.124027,-0.122358,-0.11974,-0.11665,-0.114952,-0.100597,0.988552,0.991876,0.990253,0.991876,0.993577,0.991876,0.996824,0.990253,0.991876,0.991876,0.991876,0.991876,0.993577,0.996824,0.558703,0.558641,0.582841,0.00255484,0.55605,0.565338,0.569489,0.585096,0.58949,0.602228,0.607352,0.584297,0.565301,0.578935,0.00221989,0.553734,0.56015,0.569286,0.579289,0.587179,0.588673,0.602914,0.296229,0.296182,0.316726,0.00264988,0.296229,0.298771,0.302208,0.313751,0.324065,0.337031,0.340474,0.323061,0.300579,0.313445,0.00245127,0.290916,0.297055,0.300677,0.311599,0.319821,0.334277,0.338782,0.831192,0.782839,0.785541,0.00479511,0.74325,0.748826,0.754255,0.784673,0.805066,0.820116,0.82758,0.783612,0.793499,0.77734,0.00585786,0.714755,0.742934,0.750427,0.781902,0.799407,0.819954,0.826496,0.467983,0.45177,0.44949,0.00185325,0.425344,0.432827,0.443663,0.45235,0.455335,0.461414,0.466645,0.451723,0.456678,0.443421,0.00289705,0.418013,0.424475,0.429811,0.45014,0.456164,0.458938,0.46356,-9999,-9999
201303,3.804,1.0,2.864,2.745,1.0,4.711,2.804,1.0,9.008,7.382,2.081,10.551,1.948,3.804,1.0,2.864,2.745,1.0,4.711,2.804,1.0,329.425,150.898,1.0,46.899,150.898,1.0,290.736,1.0,306.639,290.736,1.0,273.505,1.0,311.19,273.505,1.0,3.309,1.0,6.41,3.309,1.0,98.505,98.673,1.0,1.876,1.958,1.0,2.788,3.347,0.992608,0.45959937455673755,0.9926075268817204,86.5806976315289,1.0,291.59161301256654,1.0,28.692580363872317,1.0,20.732345829151217,1.0,333.47041452043004,1.0,406.321,1.0,3.896,1.0,40.996,1.0,-2.0025,1.0,14.9343,0.99664,21.8049,0.269033,38.9202,1.0,56.8254,0.645098,2.0,2,23.5484,24.4516,23.5484,24.4516,0.150582,0.155169,0.991263,0.991263,0.0212739,0.0212227,0.0238513,0.0232701,0.165775,0.16672,0.991263,0.991263,0.0216305,0.0214964,0.0241698,0.02352,0.157512,0.156473,0.987433,0.988105,0.00176444,0.00141252,0.14328,0.146547,0.148861,0.155193,0.165991,0.168116,0.172773,0.145504,0.147632,0.149185,0.154485,0.164437,0.16672,0.168992,0.991263,0.991263,0.991263,0.991263,0.991263,0.979167,0.921371,0.991263,0.990591,0.991263,0.990591,0.991263,0.991263,0.991263,0.78857,0.793238,0.467639,0.463345,0.986424,0.986424,0.0239562,0.0238029,0.029939,0.0302201,-0.463239,-0.458629,1.14278,1.14611,0.996017,0.996017,0.0330914,0.0329589,0.0364224,0.0364977,0.804961,0.807665,0.470569,0.466896,0.986424,0.986424,0.0243336,0.0240667,0.0302418,0.0304283,-0.449942,-0.450777,1.16096,1.16062,0.996017,0.996017,0.0335429,0.0334127,0.036833,0.036908,0.755855,0.771752,0.7787,0.78857,0.805057,0.807665,0.83399,0.758916,0.771678,0.774489,0.78857,0.802271,0.808917,0.833111,0.987826,0.986424,0.986424,0.986424,0.986424,0.986424,0.968191,0.987826,0.987826,0.986424,0.986424,0.986424,0.979411,0.968191,-0.470409,-0.467941,-0.464549,-0.453456,-0.445382,-0.437508,-0.43318,-0.47249,-0.469761,-0.46523,-0.4568,-0.449823,-0.438405,-0.4372,0.994614,0.994614,0.996017,0.996017,0.973749,0.996017,0.994502,0.989399,0.994614,0.996017,0.976384,0.996017,0.995905,0.994502,0.86473,0.86462,0.877215,0.00482718,0.840631,0.849022,0.853188,0.867957,0.891016,0.912969,0.933838,0.893411,0.867309,0.874117,0.00512481,0.828125,0.841988,0.853465,0.86473,0.886086,0.907163,0.939271,0.69801,0.6979,0.720742,0.00406657,0.685036,0.694659,0.702905,0.71621,0.731382,0.754238,0.766759,0.724223,0.701535,0.716606,0.00407084,0.675494,0.689924,0.697735,0.715228,0.724223,0.746897,0.766617,0.688671,0.700092,0.700447,0.00474718,0.637107,0.675622,0.685793,0.69758,0.72274,0.729697,0.74249,0.708828,0.74114,0.705744,0.00430342,0.64912,0.685877,0.688245,0.700092,0.722446,0.736191,0.756269,0.64422,0.657101,0.650539,0.00239533,0.618078,0.637855,0.643139,0.650111,0.65918,0.663478,0.676484,0.669978,0.675895,0.653288,0.00225884,0.628401,0.643139,0.644031,0.650246,0.659072,0.668964,0.681045,-9999,-9999
201304,11.834,1.0,10.797,3.336,1.0,12.634,3.385,1.0,9.882,8.086,2.04,11.284,1.924,11.834,1.0,10.797,3.336,1.0,12.634,3.385,1.0,408.24,189.094,0.998611,70.807,188.6,0.998611,324.465,1.0,312.244,324.465,1.0,325.26,0.998611,319.733,325.316,0.998611,6.156,1.0,6.344,6.156,1.0,98.543,98.412,1.0,5.007,5.28,1.0,2.614,3.344,0.965972,0.48210407371794867,0.9652777777777778,116.51724031508125,1.0,366.29367771798815,1.0,22.134185158107638,1.0,21.497228754080556,1.0,375.16926229625,1.0,404.562,0.999306,9.785,1.0,42.977,1.0,4.54724,1.0,25.9236,0.995139,35.462,0.377944,55.6838,0.997917,76.1722,1.00915,0.99375,1,20.8667,27.1333,20.8667,27.0333,1.14809,1.15931,0.973611,0.973611,0.0402356,0.0401585,0.0848105,0.0813001,1.17805,1.17773,0.978472,0.977778,0.0397009,0.0397807,0.0845581,0.0811141,1.11534,1.11727,0.970382,0.969774,0.012604,0.0110595,0.969479,1.0268,1.04213,1.13853,1.15957,1.17611,1.21454,0.999147,1.032,1.03593,1.14217,1.15243,1.17338,1.21809,0.993056,0.988194,0.9875,0.984722,0.972917,0.978472,0.922222,0.990972,0.988889,0.988194,0.939583,0.972917,0.978472,0.920139,2.01071,2.03027,0.962092,0.967212,0.996825,0.996825,0.0673588,0.0674343,0.0741396,0.073188,0.398416,0.401471,1.87266,1.87501,0.954972,0.954972,0.0444613,0.0446364,0.10663,0.106839,2.02302,2.02302,0.972681,0.972681,0.996825,0.996825,0.0669601,0.0669595,0.0737776,0.0727507,0.438,0.437484,1.91294,1.91278,0.963668,0.962478,0.0438617,0.0440725,0.106382,0.106605,1.8779,1.96777,1.9829,2.0142,2.02241,2.02972,2.1263,1.93641,1.97283,1.98292,2.01158,2.02302,2.02972,2.12196,0.998413,0.998413,0.998413,0.998413,0.972583,0.996825,0.920462,0.998413,0.998413,0.998413,0.931674,0.996825,0.996825,0.920462,0.196899,0.225638,0.241459,0.381908,0.404361,0.419475,0.437945,0.198343,0.225121,0.231491,0.382086,0.403223,0.419257,0.436847,0.988746,0.979864,0.978673,0.943573,0.95369,0.962386,0.963668,0.981054,0.981054,0.981054,0.943573,0.95369,0.962386,0.963668,2.16849,2.16832,2.207,0.011384,2.08188,2.13019,2.15081,2.19659,2.2556,2.28991,2.324,2.22158,2.18042,2.19388,0.0132597,2.04714,2.11612,2.12996,2.19675,2.2488,2.27956,2.31706,0.990761,0.990587,1.08974,0.00692417,1.00715,1.03736,1.05192,1.09095,1.12027,1.14333,1.14742,1.07862,1.00237,1.07855,0.00706737,0.990761,1.03695,1.05139,1.08275,1.09836,1.12807,1.14349,1.89341,1.75164,1.89175,0.0234866,1.66424,1.70524,1.7377,1.89341,2.01435,2.04921,2.11536,1.71053,1.74438,1.87682,0.0243087,1.68076,1.71053,1.72412,1.86363,1.99579,2.03538,2.11536,0.989367,0.921758,1.01862,0.0124046,0.913577,0.921926,0.951671,0.989318,1.08814,1.10601,1.14198,0.937392,0.946438,1.00911,0.0122183,0.911329,0.922914,0.948463,0.981225,1.0738,1.10547,1.14227,-9999,-9999
201305,18.226,1.0,16.563,2.303,1.0,19.293,3.079,1.0,12.802,10.7,1.918,14.156,2.092,18.226,1.0,16.563,2.303,1.0,19.293,3.079,1.0,462.933,215.39,0.766129,86.0,169.496,0.766129,368.69,0.761425,320.313,361.224,0.761425,385.889,0.766129,332.029,385.179,0.766129,7.081,1.0,6.652,7.081,1.0,98.541,98.329,1.0,0.756,5.119,1.0,2.133,2.944,0.981183,0.46128195645579845,0.980510752688172,132.9339199906172,0.7298387096774194,394.67772622921336,0.7325268817204302,18.88130569407925,0.7325268817204302,27.26285861070461,0.7325268817204302,408.85636088031225,0.7325268817204302,405.105,0.998656,14.928,1.0,42.45,1.0,6.83592,1.0,54.7108,0.94422,80.1298,0.644892,38.6843,0.999328,56.6572,0.794658,0.696237,1,18.7742,29.2258,18.7742,29.1935,-1.11056,-1.15904,0.875672,0.876344,0.0831572,0.082708,0.132494,0.130478,-1.18024,-1.17227,0.87164,0.87164,0.0820981,0.0826589,0.131831,0.130447,-1.17744,-1.16724,0.875353,0.873958,0.015134,0.0138083,-1.35859,-1.26914,-1.25164,-1.18014,-1.09881,-1.06284,-1.05671,-1.32835,-1.26296,-1.25288,-1.17745,-1.09086,-1.06113,-1.05499,0.90121,0.884409,0.892473,0.877688,0.87164,0.860215,0.852151,0.895161,0.884409,0.88172,0.877688,0.832661,0.854167,0.859543,4.49913,4.41479,1.6584,1.72345,0.775891,0.775891,0.110075,0.109666,0.297656,0.29648,-4.57369,-4.598,5.88834,5.86946,0.941795,0.942907,0.110537,0.110344,0.117715,0.116513,4.37594,4.36805,1.7344,1.72575,0.779287,0.779287,0.110092,0.109984,0.297662,0.296598,-4.60613,-4.58885,5.86374,5.86285,0.932539,0.932539,0.109019,0.110121,0.11629,0.116301,3.9412,4.15342,4.20088,4.3614,4.60355,4.70653,4.8093,3.98661,4.17754,4.20005,4.36805,4.6614,4.72845,4.8093,0.820468,0.816138,0.803065,0.779287,0.770798,0.764007,0.755518,0.811979,0.816138,0.79967,0.779287,0.764007,0.760611,0.755518,-4.7116,-4.66818,-4.63549,-4.60526,-4.59136,-4.58723,-4.58324,-4.72919,-4.66216,-4.63549,-4.60404,-4.59136,-4.58734,-4.57579,0.902614,0.933887,0.937981,0.954749,0.943625,0.932539,0.95455,0.879551,0.914932,0.937981,0.932539,0.943625,0.933691,0.959198,4.81947,4.81937,4.87166,0.0369983,4.4983,4.61286,4.65295,4.83337,5.09645,5.14774,5.19175,4.8457,4.84465,4.8484,0.039757,4.43007,4.58267,4.65295,4.83151,5.07568,5.14539,5.18552,5.99174,5.99164,6.03891,0.0237135,5.79582,5.86123,5.92209,6.02356,6.17231,6.2087,6.24846,6.02438,6.02489,6.02584,0.0250364,5.76709,5.84323,5.92209,6.01165,6.16968,6.20264,6.24861,4.25241,4.21293,4.35464,0.0238662,4.15318,4.19766,4.25543,4.31844,4.38473,4.51893,4.65198,4.27226,4.15636,4.34186,0.0233491,4.08466,4.19109,4.24179,4.32483,4.40069,4.48827,4.61519,5.45034,5.45387,5.50907,0.0117124,5.41458,5.44542,5.45387,5.49229,5.51861,5.55383,5.67443,5.51247,5.43388,5.50137,0.0115736,5.37819,5.42578,5.45388,5.49037,5.52185,5.56531,5.64564,-9999,-9999
201306,23.126,1.0,21.236,1.757,1.0,24.206,2.976,1.0,18.03,15.732,1.782,19.358,2.198,23.126,1.0,21.236,1.757,1.0,24.206,2.976,1.0,485.7,266.667,0.995139,95.172,267.21,0.995139,382.355,0.994444,336.859,382.366,0.994444,422.74,0.995139,357.244,422.664,0.995139,8.844,1.0,7.433,8.844,1.0,98.557,98.288,1.0,0.378,1.7,1.0,2.08,2.978,1.0,0.3774352534722221,1.0,177.8873354315464,0.9902777777777777,535.8206322314799,0.9930555555555555,22.78186479079045,0.9930555555555555,35.347366402409754,0.9930555555555555,434.27474704746345,0.9930555555555555,399.588,1.0,19.418,1.0,39.739,1.0,7.91373,1.0,96.3373,0.997917,132.05,0.930667,27.9448,0.998611,38.3041,0.70416,0.988194,1,17.5333,30.4667,17.5333,30.4667,-5.15195,-5.09215,0.985417,0.986111,0.0913898,0.0891977,0.250816,0.246091,-5.02719,-5.0623,0.985417,0.986111,0.0904259,0.0902235,0.250466,0.246464,-5.20037,-5.20104,0.983333,0.982847,0.0370272,0.0374638,-5.79325,-5.49005,-5.29461,-5.09799,-5.03488,-5.02291,-5.00805,-5.77759,-5.47063,-5.31148,-5.09215,-5.02876,-5.01192,-4.98063,0.953472,0.96875,0.984028,0.986111,0.986111,0.993056,0.994444,0.955556,0.967361,0.984028,0.986111,0.985417,0.991667,0.99375,5.005,5.07861,1.66,1.78117,0.996078,0.996078,0.122131,0.122077,0.292969,0.278838,-10.7048,-10.6558,9.25169,9.25487,0.979283,0.980358,0.11609,0.115773,0.24052,0.240735,5.09607,5.10127,1.83839,1.84058,0.996078,0.996078,0.125038,0.124859,0.294192,0.280067,-10.5667,-10.6228,9.28427,9.24479,0.979319,0.980394,0.116917,0.116619,0.24092,0.241144,4.21996,4.59277,4.80164,5.04281,5.08332,5.12536,5.17189,4.22263,4.64268,4.8092,5.04742,5.10812,5.14407,5.21646,0.935294,0.972549,1.0,0.996078,0.996078,0.996078,0.996078,0.937255,0.972549,0.996078,0.998148,0.996078,0.996078,0.996078,-11.2243,-10.9866,-10.8149,-10.6232,-10.5751,-10.5653,-10.5575,-11.1599,-10.9862,-10.8445,-10.6519,-10.57,-10.564,-10.5575,0.940143,0.966308,0.979247,0.980394,0.980394,0.982545,0.980394,0.954373,0.964086,0.979247,0.995627,0.980394,0.993441,0.980394,6.02368,6.02376,5.74842,0.0317019,5.28197,5.48626,5.63739,5.81869,5.87719,5.91931,5.97133,5.87241,5.99035,5.73831,0.0357952,5.21559,5.45837,5.63332,5.83283,5.88536,5.93404,5.97684,11.0815,11.0861,10.9495,0.0136883,10.8102,10.8272,10.9029,10.967,11.007,11.0337,11.0675,10.9173,11.0175,10.9387,0.0204934,10.6317,10.8496,10.8937,10.9556,11.0088,11.0283,11.0655,5.09135,5.0849,5.41195,0.0826102,4.81478,5.01736,5.05523,5.21811,5.56918,6.04143,6.26155,5.05147,5.22071,5.35467,0.0733133,4.83468,4.99163,5.04309,5.18829,5.43928,5.79853,6.27444,10.1901,10.1518,10.4189,0.0564321,10.0762,10.1643,10.186,10.2606,10.4812,10.8446,10.9382,10.2872,10.2131,10.3757,0.0529088,10.0143,10.1338,10.1706,10.2374,10.4674,10.7603,10.9355,-9999,-9999
201307,24.264,1.0,22.353,1.805,1.0,25.421,3.057,1.0,23.016,20.822,2.02,24.358,2.261,24.264,1.0,22.353,1.805,1.0,25.421,3.057,1.0,474.191,264.817,1.0,97.051,264.817,1.0,387.955,1.0,358.706,387.955,1.0,429.836,1.0,390.537,429.836,1.0,9.94,1.0,7.825,9.94,1.0,98.556,98.619,1.0,0.336,1.616,1.0,1.919,2.133,1.0,0.2778930153425989,0.9993279569892473,177.23873428341062,1.0,533.213607498748,1.0,23.00705112681136,1.0,34.39716746957258,1.0,440.7472539972447,1.0,391.749,1.0,21.44,1.0,27.04,1.0,4.71593,1.0,91.5842,1.0,127.359,0.960159,32.4774,1.0,45.1637,0.572509,1.0,1,18.1935,29.8065,18.1935,29.7419,-3.97343,-3.96953,0.932796,0.943548,0.0861973,0.0856873,0.161594,0.157796,-3.95846,-3.95462,0.944892,0.944892,0.0856292,0.0856524,0.161292,0.157777,-4.10516,-4.11601,0.942759,0.940894,0.0222647,0.0200014,-4.27022,-4.22782,-4.21822,-4.14785,-3.98679,-3.95445,-3.91084,-4.283,-4.22684,-4.21784,-4.17577,-3.98293,-3.96183,-3.91235,0.895833,0.96371,0.893817,0.885081,0.9375,0.943548,0.926075,0.894489,0.897849,0.96371,0.888441,0.932124,0.944892,0.926075,5.2781,5.32508,1.17912,1.29452,0.915976,0.940034,0.103245,0.103998,0.268965,0.274208,-9.36687,-9.38809,8.67926,8.69061,0.941697,0.944928,0.11668,0.116893,0.147698,0.152436,5.37896,5.3889,1.32653,1.32133,0.940034,0.940034,0.105177,0.103689,0.269713,0.274091,-9.40324,-9.40317,8.72487,8.69283,0.947116,0.947153,0.116394,0.116934,0.147472,0.152468,4.71714,4.87675,4.94271,5.05643,5.26005,5.37347,5.42934,4.72025,4.84287,4.90793,5.05643,5.25339,5.35031,5.41822,0.848064,1.0,0.827896,0.985641,0.980148,0.940034,0.915976,0.846167,1.0,0.987433,0.985641,0.915976,0.915976,0.915976,-9.60969,-9.55387,-9.51637,-9.48471,-9.40523,-9.37276,-9.35143,-9.62461,-9.56255,-9.54152,-9.48989,-9.40301,-9.36687,-9.349,0.961968,0.949269,0.946003,0.947044,0.94604,0.937535,0.936423,0.951387,0.965234,0.921209,0.933158,0.947116,0.941697,0.940657,5.35592,5.37586,5.12182,0.0445538,4.77198,4.82859,4.97388,5.119,5.34144,5.36473,5.47694,5.25504,5.36541,5.13484,0.0489123,4.53786,4.85708,5.01994,5.16716,5.35592,5.3729,5.47771,9.32671,9.33048,9.23784,0.0388877,8.79955,9.07879,9.1983,9.31042,9.35144,9.37864,9.41387,9.33979,9.32387,9.24,0.046349,8.99395,9.0437,9.21014,9.31772,9.35747,9.40218,9.413,4.70957,5.29213,5.18786,0.0981074,4.38246,4.5418,4.59748,5.25175,5.517,5.68894,6.04001,5.29941,5.27558,5.24146,0.128549,4.37025,4.51675,4.67898,5.24625,5.36058,5.62413,6.19549,9.28042,9.52429,9.51005,0.0583843,9.02589,9.08629,9.16826,9.53187,9.66852,9.8779,9.99401,9.53159,9.5401,9.52177,0.0736669,8.99441,9.03268,9.21467,9.52808,9.5873,9.83594,10.0924,-9999,-9999
201308,24.485,1.0,22.629,1.902,1.0,25.831,3.168,1.0,22.704,20.855,1.898,23.996,1.858,24.485,1.0,22.629,1.902,1.0,25.831,3.168,1.0,429.882,229.508,1.0,80.054,229.508,1.0,390.863,1.0,370.8,390.863,1.0,436.136,1.0,408.968,436.136,1.0,9.788,1.0,7.27,9.788,1.0,98.552,98.676,1.0,1.721,1.342,1.0,1.991,2.003,1.0,0.2577927237903226,1.0,148.04406154396185,0.9993279569892473,456.91610394250216,1.0,20.166490664112235,1.0,29.214329450939516,1.0,441.97419655651885,1.0,388.742,1.0,21.54,1.0,24.147,1.0,4.2549,1.0,67.099,0.997984,84.7863,0.838589,46.7482,0.997312,59.071,0.644588,0.995296,1,19.9355,28.0645,19.9355,27.9355,-2.21667,-2.27731,0.825269,0.831317,0.118722,0.110976,0.177993,0.186085,-2.39128,-2.36988,0.885081,0.856183,0.107018,0.109121,0.17041,0.184985,-2.32905,-2.34312,0.861055,0.860904,0.0292841,0.0319483,-2.60468,-2.47061,-2.41483,-2.34327,-2.22899,-2.20538,-2.12073,-2.675,-2.50412,-2.42819,-2.34862,-2.24987,-2.20538,-2.12332,0.980511,0.967742,0.934812,0.855511,0.924731,0.932124,0.895161,0.981855,0.953629,0.9375,0.884409,0.8125,0.932124,0.778226,5.46014,5.2759,1.8864,1.8893,0.689898,0.703731,0.179046,0.183618,0.408978,0.406608,-7.48895,-7.45948,7.38005,7.37014,0.927962,0.92788,0.128289,0.128115,0.145603,0.159794,5.05782,5.17407,1.8189,1.78284,0.821897,0.761626,0.171114,0.177382,0.405568,0.403831,-7.49583,-7.5378,7.29505,7.31664,0.933231,0.92652,0.127747,0.128243,0.145125,0.159897,4.46838,4.828,5.1099,5.25455,5.46014,5.56341,5.7824,4.37122,4.828,5.1099,5.25094,5.43857,5.55358,5.65407,0.988277,0.706201,0.823434,0.586547,0.689898,0.894971,0.709758,0.988277,0.706201,0.823434,0.709552,0.918098,0.911792,0.832812,-7.72582,-7.55034,-7.54251,-7.49621,-7.45948,-7.41262,-7.38801,-7.73795,-7.63185,-7.564,-7.5021,-7.45948,-7.44085,-7.41491,0.945418,0.919971,0.946778,0.93541,0.92788,0.893569,1.0,0.944306,0.947726,0.912806,0.944306,0.92788,0.959588,0.901768,3.9124,3.91237,4.10888,0.115996,2.70255,3.17137,3.56253,4.13157,4.7175,4.8443,5.05453,4.13263,3.98481,4.13072,0.118349,2.75423,3.17136,3.6083,4.13157,4.7565,4.89929,5.13681,6.27663,6.28225,6.45199,0.111042,5.04942,5.44685,5.88561,6.49279,7.10087,7.18624,7.27713,6.49861,6.37609,6.45977,0.115226,5.07802,5.39735,5.92219,6.48854,7.10058,7.17525,7.50396,4.98298,5.7392,6.20078,0.196794,4.73224,4.95496,5.21207,5.79483,7.01024,7.73751,8.42884,6.06129,5.6568,6.0181,0.198488,4.48633,4.7593,5.07289,5.72001,6.58542,7.34664,8.51684,7.58843,7.86368,8.17353,0.0999517,7.3523,7.54277,7.74428,7.98244,8.55629,8.79722,9.48485,7.9695,7.79011,8.05076,0.103938,7.16972,7.47069,7.61927,7.9695,8.24785,8.63345,9.36924,-9999,-9999
201309,21.892,0.983333,20.136,2.427,1.0,23.435,3.599,0.966667,20.617,18.792,2.05,22.217,1.828,21.886,0.983333,20.136,2.427,1.0,23.423,3.554,0.966667,360.463,209.782,0.969444,53.774,198.419,0.969444,367.974,0.966667,361.195,367.992,0.966667,403.948,0.968056,394.33,403.779,0.968056,9.741,0.983333,6.988,9.71,0.983333,98.553,98.523,0.966667,0.583,2.333,0.975,1.849,2.206,0.966667,0.28775687558777424,0.9638888888888889,124.96617733012799,0.9277777777777777,414.6538008490449,0.9277777777777777,19.852451566968007,0.9277777777777777,27.255183094179465,0.9277777777777777,426.8823042591072,0.9277777777777777,398.576,0.983333,20.413,0.986806,23.035,0.986806,0.253052,0.986806,50.1454,0.969444,65.6236,0.69886,41.7032,0.983333,54.5756,0.774516,0.921528,1,22.3667,25.6333,22.3,25.5333,-1.63425,-1.62457,0.845833,0.854861,0.0670968,0.0679319,0.151515,0.163405,-1.49623,-1.64318,0.86875,0.868056,0.0677305,0.0677214,0.151797,0.163317,-1.63523,-1.62686,0.863576,0.859375,0.0191622,0.0189325,-1.87595,-1.77407,-1.74003,-1.60681,-1.55197,-1.50237,-1.48635,-1.8146,-1.78806,-1.74953,-1.61234,-1.53568,-1.49083,-1.47302,0.771528,0.779167,0.756944,0.856944,0.872917,0.914583,0.931944,0.777778,0.720833,0.805556,0.95625,0.868056,0.914583,0.925,3.70587,3.65525,1.05701,1.04925,0.826749,0.838112,0.0637791,0.0638002,0.166561,0.169558,-6.21379,-6.15482,5.59208,5.54845,0.857119,0.863541,0.109319,0.109352,0.164332,0.168454,3.93814,3.65086,1.40748,1.04412,0.85956,0.85956,0.0644027,0.0638068,0.166801,0.169561,-6.16498,-6.18459,5.61884,5.59579,0.87134,0.870058,0.108566,0.108922,0.163832,0.168175,3.32345,3.53432,3.57115,3.70542,3.8094,3.84206,3.89386,3.48933,3.53812,3.57814,3.70587,3.81412,3.85232,3.90632,0.998485,0.734715,0.775594,0.832052,0.915404,0.925902,0.953319,0.732479,0.698424,0.964214,0.826749,0.951804,0.951804,0.925902,-6.3974,-6.33046,-6.28407,-6.15987,-6.10368,-6.08507,-6.04442,-6.3974,-6.3363,-6.3265,-6.15993,-6.08536,-6.08003,-6.04372,0.826279,0.803526,0.83925,0.859695,0.903095,0.901813,0.910688,0.826279,0.830406,0.813201,0.870058,0.915876,0.901813,0.922298,3.93344,3.68964,3.78969,0.0293241,3.45886,3.57,3.65049,3.81383,3.87344,3.96674,4.12053,3.84944,3.90123,3.75839,0.0355346,3.40374,3.56656,3.64115,3.81996,3.86379,3.89819,4.09868,5.40701,5.33282,5.41655,0.0330729,5.10674,5.21838,5.30834,5.39947,5.43198,5.48642,5.91479,5.40638,5.39747,5.39362,0.0327814,5.14306,5.18758,5.3194,5.39249,5.42951,5.45443,5.87275,3.98847,4.10227,3.87882,0.0706695,3.0625,3.10993,3.49204,4.02197,4.17969,4.28113,4.3507,4.18724,4.20575,3.92056,0.0598911,3.06965,3.32755,3.77574,4.04168,4.1784,4.20337,4.2803,5.29192,5.39431,5.27938,0.0363849,4.86077,4.91546,5.12694,5.30508,5.42488,5.4925,5.53626,5.40424,5.41971,5.28593,0.0307137,4.86102,5.03159,5.24287,5.32066,5.42037,5.42967,5.51901,-9999,-9999
201310,13.705,0.983871,12.285,2.802,1.0,15.223,3.342,0.967742,18.016,16.458,2.313,19.699,1.842,13.67,0.983871,12.285,2.802,1.0,15.154,3.244,0.967742,278.149,152.784,0.97043,38.664,142.144,0.97043,325.563,0.967742,351.471,326.536,0.967742,341.001,0.969086,379.512,341.917,0.969086,5.272,0.983871,6.698,5.195,0.983871,98.555,98.578,0.950269,0.87,2.382,0.971102,1.893,2.732,0.950269,0.37348081752873563,0.9354838709677419,74.10432922042459,0.9354838709677419,287.23398268493673,0.9354838709677419,16.25304085671286,0.9354838709677419,19.56630177045618,0.9354838709677419,380.3297562051723,0.9354838709677419,400.793,0.984543,14.133,0.983871,21.051,0.983871,-3.8154,0.983871,29.4706,0.954973,37.4158,0.389128,32.5348,0.963038,41.3062,0.652025,0.918683,1,24.871,23.129,24.871,23.129,-0.760118,-0.755753,0.950269,0.950269,0.0591285,0.0591476,0.0705625,0.0707497,-0.766156,-0.767284,0.951613,0.951613,0.0594574,0.0594607,0.0708383,0.0710117,-0.787671,-0.785922,0.950185,0.950202,0.00503957,0.00510889,-0.845646,-0.835524,-0.815959,-0.776267,-0.764177,-0.758507,-0.753748,-0.844523,-0.836919,-0.81589,-0.773573,-0.761082,-0.759277,-0.754124,0.946909,0.917339,0.948253,0.954973,0.951613,0.951613,0.956317,0.946909,0.942876,0.948253,0.954973,0.928763,0.953629,0.950269,2.05543,2.06911,0.776214,0.774614,0.996278,0.996278,0.0443926,0.0448527,0.0667708,0.0639066,-3.66754,-3.67295,3.76926,3.77462,0.90347,0.90347,0.107744,0.108008,0.145708,0.145178,2.03219,2.03143,0.814819,0.814872,0.996278,0.996278,0.0448158,0.0448275,0.0670528,0.0638889,-3.65562,-3.65708,3.75406,3.75165,0.906281,0.906281,0.108704,0.108705,0.146419,0.145698,1.89865,1.95752,1.97048,2.01299,2.04405,2.05728,2.07034,1.95198,1.96438,1.96699,2.01678,2.04294,2.05543,2.06911,0.996278,0.996278,0.996278,0.996278,0.996278,0.996278,0.996278,0.996278,0.996278,0.996278,0.996278,0.996278,0.996278,0.996278,-3.80796,-3.78532,-3.7479,-3.65846,-3.60075,-3.58914,-3.5659,-3.79854,-3.78316,-3.75464,-3.66435,-3.59952,-3.58914,-3.57233,0.892351,0.89675,0.899438,0.906281,0.913001,0.913001,0.915934,0.898216,0.89675,0.899438,0.90347,0.913001,0.913001,0.913001,2.14861,2.14853,2.19228,0.0144061,2.06681,2.10483,2.1148,2.16702,2.2375,2.28164,2.31685,2.16954,2.15481,2.18182,0.0156936,2.03469,2.09138,2.10976,2.16848,2.2362,2.27517,2.31674,2.91311,2.91581,2.97821,0.0177334,2.82469,2.87835,2.8896,2.93989,3.04124,3.1197,3.15994,2.92805,2.92096,2.96949,0.0186165,2.82496,2.86559,2.88706,2.93777,3.03709,3.11658,3.16787,2.17962,2.18702,2.22369,0.0261772,2.04243,2.13002,2.15898,2.18431,2.25662,2.29557,2.34788,2.21716,2.19843,2.19689,0.0254156,1.92214,2.05433,2.13731,2.18029,2.22624,2.27371,2.41054,2.68899,2.70746,2.73418,0.0148663,2.66965,2.68123,2.68899,2.71319,2.72598,2.73288,2.85931,2.72441,2.71057,2.71939,0.0143072,2.55946,2.67808,2.68809,2.70412,2.72441,2.73194,2.88806,-9999,-9999
201311,6.027,1.0,5.178,2.85,1.0,7.138,2.814,1.0,9.773,8.234,2.373,11.784,1.854,6.027,1.0,5.178,2.85,1.0,7.138,2.814,1.0,205.728,104.351,0.986111,23.374,100.01,0.986111,286.285,0.984722,305.477,286.895,0.984722,281.174,0.986111,309.421,281.973,0.986111,3.915,1.0,6.73,3.915,1.0,98.553,99.14,1.0,2.881,1.03,1.0,2.886,3.028,1.0,0.3900553729166666,1.0,32.64080736993463,0.9666666666666667,192.66616375462138,0.9666666666666667,13.187155259663074,0.9666666666666667,12.76610817346839,0.9666666666666667,342.206429435704,0.9666666666666667,406.414,1.0,8.516,1.0,29.195,1.0,-8.28417,1.0,12.2398,0.96875,15.1703,0.242512,20.8314,0.973611,25.819,0.617739,0.942361,1,27.2333,20.7667,27.2333,20.7667,0.990887,0.988941,0.948611,0.947222,0.0283958,0.0284353,0.0296362,0.0300211,0.986568,0.985146,0.947222,0.947222,0.0289317,0.028539,0.03015,0.0301194,0.989468,0.993126,0.950955,0.950538,0.00233912,0.00153377,0.952744,0.983257,0.98792,0.992586,0.998102,1.00023,1.00217,0.976257,0.983257,0.988941,0.993492,1.00015,1.00251,1.00395,0.972917,0.947222,0.956944,0.966667,0.931944,0.956944,0.955556,0.932639,0.947222,0.947222,0.955556,0.95625,0.923611,0.944444,1.19257,1.19991,0.448156,0.465174,0.94208,0.939791,0.0278604,0.0277696,0.0310005,0.0296046,0.6475,0.634373,1.55254,1.55337,0.956717,0.956717,0.052105,0.0518192,0.0543782,0.054204,1.20116,1.19768,0.468259,0.466344,0.939791,0.939791,0.0277168,0.0278123,0.0308715,0.0296446,0.627455,0.628745,1.57496,1.55195,0.956717,0.956717,0.0532124,0.0520624,0.0554402,0.0544365,1.14093,1.18194,1.18917,1.19702,1.20543,1.20913,1.21244,1.16519,1.18663,1.18973,1.19703,1.20578,1.20715,1.21141,0.965432,0.965432,0.943315,0.938553,0.952886,0.939791,0.938553,0.965432,0.94208,0.94208,0.939791,0.939791,0.952886,0.952886,0.608419,0.626739,0.632053,0.643825,0.653438,0.657856,0.666351,0.62592,0.632002,0.640247,0.646917,0.6574,0.663804,0.669663,0.976255,0.95513,0.98254,0.96013,0.95816,0.970051,0.95816,0.961797,0.95513,0.97474,0.956717,0.956494,0.951804,0.948629,1.21868,1.21432,1.2358,0.00342392,1.20236,1.21868,1.2219,1.23364,1.24924,1.2569,1.26522,1.26579,1.22817,1.22993,0.00451918,1.16183,1.21202,1.21942,1.22932,1.24429,1.25174,1.26579,0.229067,0.229177,0.242671,0.00260662,0.220201,0.228117,0.230852,0.243596,0.253459,0.258966,0.264557,0.269472,0.241607,0.240463,0.00286811,0.209083,0.22725,0.228691,0.240047,0.249574,0.260865,0.269472,1.2968,1.0997,1.22578,0.0148853,1.1137,1.11894,1.13757,1.20094,1.30142,1.35283,1.3817,1.12162,1.14215,1.21838,0.0145579,1.11009,1.11864,1.13362,1.18331,1.298,1.34842,1.38204,0.398585,0.327524,0.367832,0.00540869,0.331873,0.335211,0.338163,0.35425,0.401186,0.406552,0.424708,0.333147,0.341787,0.365612,0.00531439,0.331873,0.335037,0.338829,0.346796,0.397418,0.404481,0.426227,-9999,-9999
201312,-0.324,0.991263,-0.821,3.121,0.989989,0.377,2.873,0.993209,5.382,4.094,2.31,7.228,1.852,-0.287,0.991263,-0.748,3.229,0.989989,0.361,2.842,0.993209,170.321,72.607,0.977151,17.151,71.115,0.977151,275.559,0.974462,299.511,275.657,0.974462,251.718,0.975134,300.329,252.644,0.975134,1.947,0.991263,5.651,1.978,0.991263,98.591,98.887,0.969086,6.147,1.349,0.94086,2.25,2.624,0.80914,0.3682130314999529,0.8037634408602151,24.132047528634356,0.9475806451612904,138.1252191866033,0.9475806451612904,11.947013501795139,0.9475806451612904,9.922731323872823,0.9475806451612904,314.0928046958426,0.9475806451612904,410.047,0.985887,2.889,0.946909,31.707,0.946909,-8.33569,0.946909,5.56275,0.926075,8.47947,0.115671,13.1559,0.93414,20.054,0.556915,0.797043,1,28.2581,19.7419,28.2581,19.6129,0.317351,0.309209,0.883737,0.895833,0.0184091,0.0181067,0.0265801,0.029746,0.310033,0.305895,0.892473,0.892473,0.0182264,0.0181345,0.0264539,0.0297629,0.309645,0.309017,0.897513,0.896993,0.00529229,0.00411992,0.263869,0.295864,0.299974,0.310142,0.33172,0.33421,0.337016,0.266063,0.287125,0.299298,0.31008,0.331581,0.334326,0.33622,0.866935,0.88172,0.882392,0.892473,0.924731,0.932796,0.928763,0.865591,0.865591,0.882392,0.892473,0.924731,0.928763,0.928763,0.453853,0.434771,0.383092,0.399215,0.885746,0.897267,0.0212835,0.0212448,0.0258394,0.0264704,0.0945151,0.102474,1.08801,1.06688,0.879881,0.892784,0.0296925,0.0296109,0.0448723,0.044765,0.441972,0.435696,0.394462,0.392354,0.891506,0.891506,0.0214373,0.0212609,0.0259663,0.0264833,0.0944539,0.0936806,1.07466,1.07488,0.892784,0.892784,0.0297291,0.0296809,0.0448964,0.0448113,0.383819,0.419134,0.429451,0.438898,0.445603,0.448438,0.453853,0.379795,0.41821,0.433797,0.438705,0.44676,0.449791,0.458179,0.868624,0.869776,0.931829,0.885746,0.941046,0.936437,0.885746,0.864174,0.932981,0.885746,0.885746,0.941046,0.941046,0.936437,0.062616,0.0748709,0.0785828,0.0962947,0.132423,0.142157,0.156567,0.0648951,0.0749026,0.0785543,0.0952199,0.134089,0.142047,0.145597,0.854754,0.863073,0.859762,0.892784,0.907725,0.911121,0.909338,0.864601,0.876486,0.859762,0.892784,0.907725,0.911121,0.911121,0.433295,0.433261,0.439191,0.00413157,0.424999,0.426652,0.427864,0.435456,0.454641,0.460349,0.463712,0.456417,0.440599,0.437148,0.00450115,0.419521,0.426835,0.428924,0.441635,0.453383,0.455125,0.458465,0.127317,0.127366,0.130174,0.00222049,0.111357,0.117605,0.121103,0.127011,0.138516,0.143632,0.158839,0.136021,0.130566,0.127502,0.00231976,0.108451,0.117219,0.12071,0.127098,0.136021,0.139885,0.146478,0.368161,0.396289,0.416653,0.0142053,0.327659,0.350708,0.354883,0.378998,0.442067,0.513871,0.59217,0.367047,0.400955,0.41999,0.0150059,0.334385,0.348854,0.354883,0.384131,0.43828,0.497905,0.594128,0.0772628,0.0937166,0.12396,0.0110288,0.073318,0.0789808,0.0824,0.0909738,0.126493,0.195482,0.277993,0.0926351,0.0944354,0.122316,0.0114239,0.0747795,0.0771832,0.0828461,0.09064,0.126402,0.146201,0.288878,-9999,-9999
201401,-3.066,1.0,-3.988,3.779,1.0,-1.788,2.883,1.0,6.798,5.498,2.329,8.601,1.894,-3.066,1.0,-3.988,3.779,1.0,-1.788,2.883,1.0,187.375,102.435,1.0,21.849,102.435,1.0,249.455,1.0,299.489,249.455,1.0,220.013,1.0,300.295,220.013,1.0,2.583,1.0,6.003,2.583,1.0,98.541,98.699,0.999328,0.669,0.219,1.0,2.482,3.767,0.999328,0.5449501873999085,0.9993279569892473,34.801453616849685,0.9993279569892473,190.65637301407,0.9993279569892473,16.289887803148595,0.9993279569892473,13.87151442112789,0.9993279569892473,302.07250449117765,0.9993279569892473,410.248,1.0,1.456,1.0,34.539,1.0,-6.92895,1.0,4.12731,0.999328,5.5126,0.097404,27.1074,1.0,36.2056,0.691763,0.989247,1,27.871,20.129,27.871,20.129,0.354997,0.354431,0.999328,0.999328,0.0256413,0.0255682,0.0257859,0.0264305,0.350376,0.354586,0.999328,0.999328,0.0252863,0.0254848,0.0254329,0.0263499,0.351698,0.349923,0.99916,0.999042,0.000892843,0.0018725,0.332464,0.349784,0.350636,0.352602,0.354767,0.355238,0.357113,0.332893,0.342502,0.35062,0.352131,0.355115,0.355895,0.356744,0.997984,0.999328,0.999328,0.999328,0.999328,0.999328,0.999328,0.997984,0.997984,0.999328,0.999328,0.998656,0.999328,0.999328,0.473343,0.472399,0.679642,0.679128,1.0,1.0,0.0299873,0.0302504,0.0307669,0.0342875,0.161983,0.162044,1.01662,1.0166,0.998464,0.998464,0.0409081,0.0412026,0.0426762,0.0432264,0.468674,0.472886,0.686443,0.679578,1.0,1.0,0.0298684,0.0301484,0.0306511,0.0341975,0.157748,0.161667,1.02073,1.01673,0.998464,0.998464,0.0408165,0.0410729,0.0425884,0.0431029,0.439897,0.467122,0.468943,0.472462,0.47895,0.480887,0.482831,0.433717,0.448653,0.468891,0.472347,0.478888,0.480935,0.483406,1.0,1.0,1.0,1.0,1.0,1.0,1.0,1.0,1.0,1.0,1.0,1.0,1.0,1.0,0.141348,0.142614,0.144793,0.157383,0.162054,0.166928,0.17121,0.141331,0.142568,0.145303,0.158133,0.165773,0.168711,0.171233,0.998464,0.998464,0.998464,0.998464,0.998464,0.998464,0.996766,0.998464,0.998464,0.998464,0.995068,0.998464,0.995068,0.998464,0.450727,0.449794,0.464598,0.00327746,0.430042,0.447905,0.449261,0.467171,0.4802,0.48434,0.491053,0.46938,0.458684,0.468498,0.00267452,0.433995,0.449785,0.456889,0.468581,0.482061,0.487975,0.492312,0.0959378,0.0952078,0.114675,0.00250207,0.0927271,0.0944867,0.0972617,0.113393,0.12958,0.132427,0.136583,0.113353,0.108308,0.116801,0.0025477,0.0934977,0.095021,0.103743,0.113814,0.131428,0.135091,0.140044,0.42664,0.398087,0.421263,0.00273559,0.392427,0.397998,0.405213,0.424102,0.42962,0.435097,0.442185,0.415718,0.417321,0.419647,0.00320783,0.389871,0.397998,0.405213,0.423453,0.429675,0.432732,0.442304,0.137511,0.125523,0.137634,0.00143682,0.124769,0.126498,0.130545,0.137865,0.141234,0.144616,0.151436,0.13112,0.13569,0.135962,0.0014312,0.124946,0.127681,0.130628,0.137511,0.140425,0.142448,0.1486,-9999,-9999
201402,-3.277,1.0,-3.993,3.169,1.0,-2.453,3.143,1.0,7.329,5.557,2.57,9.393,2.029,-3.277,1.0,-3.993,3.169,1.0,-2.453,3.143,1.0,247.775,122.21,1.0,30.729,122.21,1.0,262.642,1.0,297.554,262.642,1.0,226.034,1.0,297.346,226.034,1.0,2.352,1.0,6.326,2.352,1.0,98.547,98.837,1.0,0.368,0.682,1.0,2.694,2.875,0.837798,0.39377552511188735,0.8311011904761905,64.52484117410714,1.0,232.71886788988098,1.0,24.837094040922615,1.0,17.688475468750003,1.0,301.6212329494048,1.0,410.609,1.0,1.109,1.0,34.833,1.0,-5.25648,1.0,5.70305,0.993304,7.61645,0.117892,35.0865,0.994792,46.8581,0.696606,2.0,2,25.8929,22.1071,25.8929,22.1071,0.378444,0.390924,0.977679,0.97619,0.02135,0.0213562,0.0236324,0.024235,0.391041,0.376222,0.988839,0.977679,0.0212757,0.0211687,0.0235653,0.02407,0.379081,0.381358,0.979092,0.972284,0.00172092,0.00279008,0.366771,0.368875,0.370802,0.376538,0.381212,0.38914,0.393289,0.364796,0.368011,0.370277,0.377542,0.387116,0.390924,0.40709,0.990327,0.99256,0.990327,0.99256,0.99256,0.97619,0.988839,0.944196,0.946429,0.990327,0.977679,0.988095,0.97619,0.928571,0.427067,0.448142,0.332113,0.334509,0.981481,0.978836,0.0252778,0.025533,0.0324762,0.0332933,0.295589,0.296835,0.947201,0.947308,0.973781,0.973781,0.033293,0.033201,0.0372304,0.0380314,0.444537,0.424166,0.338756,0.331952,1.0,0.981481,0.02527,0.0252506,0.0324701,0.0330773,0.301157,0.294387,0.945968,0.947351,0.975333,0.973781,0.0332509,0.0329711,0.0371928,0.0378308,0.395229,0.402823,0.409256,0.427067,0.44112,0.443603,0.447132,0.395917,0.4044,0.411421,0.433458,0.442687,0.447132,0.453323,1.0,1.0,1.0,0.981481,0.967949,1.0,0.965201,1.0,1.0,1.0,0.97614,0.977462,0.965201,0.925875,0.260442,0.279842,0.293796,0.298264,0.309263,0.313169,0.318134,0.260442,0.277263,0.287175,0.29716,0.310612,0.314362,0.319956,0.949043,0.965664,0.97858,0.973781,0.985003,0.98345,0.97858,0.949043,0.942395,0.967287,0.973781,0.985003,0.98345,0.98345,0.468934,0.469801,0.467959,0.00341559,0.441933,0.445701,0.450632,0.463088,0.473399,0.492394,0.504968,0.458083,0.472213,0.462166,0.00329115,0.426737,0.443212,0.445935,0.460988,0.469879,0.485957,0.496583,0.0913918,0.0935791,0.0866005,0.00259343,0.0613855,0.0724097,0.0772573,0.0850173,0.0930259,0.105564,0.114527,0.0806472,0.081172,0.0830848,0.00308951,0.030206,0.0694986,0.0755874,0.0820167,0.0911208,0.0978019,0.116086,0.41837,0.442267,0.461639,0.00490739,0.411494,0.438543,0.441229,0.450825,0.480291,0.488133,0.523902,0.442395,0.472005,0.456501,0.00477717,0.411494,0.434834,0.441528,0.447688,0.467697,0.482216,0.507584,0.0978925,0.104545,0.116349,0.00394174,0.0885392,0.0902533,0.0942947,0.106027,0.145025,0.146137,0.154382,0.104445,0.10853,0.111872,0.00381938,0.0878546,0.0900566,0.0935025,0.102972,0.129069,0.146665,0.152056,-9999,-9999
201403,5.327,1.0,3.904,3.788,1.0,6.689,3.921,1.0,9.356,7.787,2.078,10.858,1.48,5.327,1.0,3.904,3.788,1.0,6.689,3.921,1.0,329.425,185.29,1.0,62.575,185.29,1.0,281.162,1.0,298.221,281.162,1.0,266.818,1.0,298.363,266.818,1.0,5.465,1.0,6.587,5.465,1.0,98.555,98.614,1.0,0.743,0.581,1.0,2.747,3.304,0.999328,0.4618087003975063,0.9993279569892473,101.97943010282258,1.0,350.0352771377688,1.0,21.965362787634408,1.0,21.09433878561828,1.0,342.1636548313173,1.0,412.256,0.997312,4.214,1.0,36.02,1.0,0.104371,1.0,12.0196,0.997984,16.0506,0.237884,64.3382,1.0,85.9152,1.04065,0.997984,1,23.5484,24.4516,23.5484,24.4516,0.269214,0.257249,0.978495,0.978495,0.0294221,0.0293881,0.0332488,0.0442875,0.253362,0.280238,0.979839,0.978495,0.0293882,0.0294202,0.0332189,0.0443088,0.250016,0.243285,0.981334,0.97794,0.00392365,0.0047376,0.184783,0.238241,0.247105,0.254766,0.259376,0.269214,0.278805,0.181014,0.197891,0.238191,0.25474,0.258523,0.264155,0.278988,0.952285,0.985215,0.995968,0.980511,0.979839,0.978495,0.978495,0.962366,0.960349,0.985215,0.979839,0.986559,0.985215,0.978495,0.778345,0.75572,0.546533,0.545615,0.974755,0.974755,0.0318833,0.0319764,0.0485956,0.0583582,-0.226528,-0.227851,1.6973,1.69583,0.98133,0.98133,0.0464392,0.0462848,0.0481767,0.0530861,0.756657,0.792308,0.539538,0.550082,0.976157,0.974755,0.0316812,0.0319388,0.0484632,0.0583376,-0.236412,-0.219404,1.68736,1.69655,0.982674,0.98133,0.046473,0.0463817,0.0482093,0.0531706,0.662947,0.699629,0.733448,0.758228,0.762065,0.772977,0.789727,0.660913,0.666224,0.722378,0.756868,0.761928,0.76386,0.79006,0.946879,0.977735,0.98878,0.976157,0.985975,1.0,0.974755,0.941152,0.96108,0.988838,0.976157,0.985975,0.98878,0.974755,-0.279603,-0.243181,-0.237147,-0.23232,-0.225261,-0.217538,-0.208757,-0.285848,-0.276523,-0.241333,-0.232129,-0.228056,-0.224529,-0.213559,0.926194,0.982674,0.982674,0.985255,0.984023,0.99064,0.991931,0.913076,0.973261,0.983964,0.986545,0.98133,0.98133,0.991931,0.892255,0.893654,0.883367,0.00195442,0.861083,0.870286,0.871941,0.881131,0.892255,0.896577,0.903485,0.880964,0.884992,0.881904,0.00285702,0.861083,0.869934,0.872457,0.881332,0.890793,0.896807,0.900565,0.612724,0.613416,0.640082,0.00481289,0.608055,0.612214,0.61447,0.629047,0.661568,0.6763,0.698369,0.63079,0.63163,0.631888,0.00473275,0.595203,0.611064,0.613456,0.627932,0.633356,0.655536,0.69409,0.96562,1.01055,0.978944,0.00752474,0.928454,0.95322,0.957482,0.978223,0.993004,1.00849,1.05011,0.98838,0.976083,0.983891,0.00563831,0.928454,0.954429,0.965813,0.97618,0.993004,1.00947,1.07274,0.634089,0.651172,0.631396,0.00532479,0.585281,0.597181,0.608958,0.631937,0.648981,0.652592,0.698554,0.650902,0.636026,0.631834,0.00458101,0.589552,0.603063,0.61173,0.63303,0.646486,0.650902,0.690441,-9999,-9999
201404,13.496,1.0,12.247,2.875,1.0,14.449,3.219,1.0,13.323,11.16,2.235,14.985,2.32,13.496,1.0,12.247,2.875,1.0,14.449,3.219,1.0,408.24,197.134,1.0,79.678,197.134,1.0,324.976,1.0,317.925,324.976,1.0,331.161,1.0,328.39,331.161,1.0,7.581,1.0,6.873,7.581,1.0,98.54,98.192,1.0,0.752,5.197,1.0,2.478,3.401,0.993056,0.4980773674695558,0.9923611111111111,116.17489605120772,0.9986111111111111,380.95405548125007,1.0,22.589500694444446,1.0,21.790119580555555,1.0,382.7640905145833,1.0,407.133,0.998611,10.641,1.0,40.847,1.0,4.67121,1.0,21.4689,0.998611,32.2814,0.326453,52.8179,0.998611,79.4189,0.964174,0.992361,1,20.8667,27.1333,20.8333,27.0333,0.934023,0.931333,0.993056,0.993056,0.0423082,0.0421251,0.0434929,0.0433568,0.940543,0.931812,0.99375,0.993056,0.0442778,0.0422578,0.0454111,0.0434858,0.944493,0.948847,0.99033,0.987552,0.00244658,0.00283728,0.916584,0.934023,0.939882,0.9455,0.950777,0.954186,0.960656,0.92241,0.935201,0.940517,0.946871,0.953185,0.955723,0.967293,0.996528,0.993056,0.99375,0.977778,0.977778,0.984722,0.984028,0.991667,0.99375,0.984722,0.995139,0.977778,0.99375,0.975694,2.06855,2.06418,1.10292,1.10256,1.0,1.0,0.0522809,0.0506468,0.0538414,0.0523134,0.00300866,0.00194282,2.65864,2.65803,0.987508,0.987508,0.0618391,0.0603716,0.0653509,0.0644777,2.06923,2.06343,1.21125,1.10652,1.0,1.0,0.0560358,0.0505437,0.0574945,0.0522137,0.0136472,0.00314797,2.69228,2.65872,0.988743,0.987508,0.0619921,0.0606925,0.0654957,0.0647782,1.96988,2.04526,2.04688,2.05686,2.06866,2.07099,2.09751,2.02283,2.04529,2.04602,2.05612,2.06786,2.07149,2.09751,1.0,0.966667,1.0,0.985714,1.0,1.0,1.0,0.966667,0.971429,0.998413,1.0,1.0,1.0,1.0,0.00109966,0.0057502,0.0193857,0.032606,0.0456755,0.0480192,0.0643909,0.000825563,0.00321531,0.0193857,0.0369823,0.0439529,0.0484984,0.0794958,0.987508,0.988743,0.988743,0.982523,0.990025,0.985039,0.982523,0.986274,0.987508,0.988743,0.990025,0.993685,0.983805,0.978819,2.27122,2.27305,2.23996,0.00717024,2.17614,2.18698,2.19347,2.25312,2.27373,2.27931,2.28635,2.20837,2.21632,2.22163,0.0105916,2.08425,2.18144,2.19201,2.21591,2.27331,2.27939,2.28633,1.32611,1.34124,1.29111,0.00663539,1.22927,1.24016,1.24861,1.3032,1.32237,1.33227,1.35409,1.25804,1.27577,1.27713,0.00905924,1.16767,1.23199,1.24262,1.27779,1.32046,1.33189,1.34605,2.69818,2.55799,2.65586,0.0231831,2.42869,2.49754,2.53857,2.65617,2.75489,2.78042,2.84768,2.4921,2.42705,2.5908,0.0244224,2.30005,2.43703,2.49371,2.60305,2.68108,2.71224,2.78638,1.47307,1.40724,1.45534,0.0119429,1.29855,1.37858,1.39827,1.469,1.48998,1.52426,1.53318,1.37826,1.34837,1.42511,0.0120798,1.29778,1.34935,1.37825,1.43461,1.47569,1.47937,1.51977,-9999,-9999
201405,19.522,1.0,17.504,2.48,1.0,20.825,3.389,1.0,14.37,12.392,1.901,15.644,2.183,19.522,1.0,17.504,2.48,1.0,20.825,3.389,1.0,462.933,252.783,1.0,87.149,252.783,1.0,360.947,1.0,324.569,360.947,1.0,385.622,1.0,338.515,385.622,1.0,8.746,1.0,6.745,8.746,1.0,98.551,98.378,1.0,0.575,1.865,1.0,2.249,2.802,0.997312,0.41116810412186383,0.9979838709677419,163.48157089361015,0.9966397849462365,496.1803530315861,1.0,25.058964664650535,1.0,33.37082102150538,1.0,414.78091994422044,1.0,405.642,1.0,15.681,1.0,38.83,1.0,7.1885,1.0,60.7869,1.0,85.7482,1.03144,50.7326,1.0,71.5651,0.834451,0.99664,1,18.7742,29.2258,18.7742,29.2258,-1.27039,-1.2749,0.99328,0.99328,0.0990796,0.0991824,0.250225,0.245054,-1.30423,-1.25238,0.993952,0.992608,0.100243,0.0995249,0.250688,0.245193,-1.33142,-1.27629,0.987382,0.981216,0.0341345,0.031857,-1.7085,-1.54716,-1.51036,-1.32127,-1.11826,-1.08761,-1.04705,-1.56269,-1.52543,-1.47972,-1.2749,-1.09399,-1.07726,-1.03703,0.997312,0.997312,0.997312,0.993952,0.985215,0.971102,0.971102,0.997312,0.997312,0.997312,0.99328,0.99328,0.971102,0.963038,5.08253,5.0877,2.11493,2.10968,1.0,1.0,0.117482,0.113874,0.521188,0.497778,-5.1698,-5.18016,6.7119,6.72329,0.988906,0.988906,0.139191,0.138888,0.150533,0.152789,4.93905,5.08885,2.07508,2.12113,1.0,1.0,0.117668,0.115516,0.52123,0.498156,-5.13135,-5.14546,6.72079,6.71025,0.990135,0.98783,0.139488,0.138942,0.150807,0.152838,4.07037,4.40704,4.50149,4.92582,5.34219,5.42259,5.50902,4.36945,4.47669,4.51975,5.08213,5.42259,5.44584,5.54177,1.0,1.0,1.0,1.0,0.975948,0.98472,0.961705,1.0,1.0,1.0,1.0,0.98472,0.975948,0.959913,-5.2254,-5.20113,-5.19337,-5.17467,-5.10291,-5.08648,-5.06873,-5.26448,-5.20303,-5.19106,-5.1707,-5.1006,-5.07568,-5.06873,0.995662,0.992359,0.992359,0.990135,0.988906,0.977814,0.963873,0.904399,0.99451,0.992359,0.991247,0.985489,0.968174,0.963873,5.64714,5.646,5.73599,0.0940802,5.09239,5.17792,5.23836,5.56409,5.92643,6.25087,6.90928,5.43403,5.57786,5.5718,0.089082,4.8441,5.09822,5.21199,5.51106,5.65565,5.93005,6.74166,6.90089,6.89838,7.01228,0.0705042,6.62483,6.68518,6.72314,6.85036,7.03807,7.32579,7.94631,6.88657,6.88209,6.90323,0.0625196,6.5252,6.63495,6.71127,6.82548,6.90154,7.047,7.83698,3.85368,3.80519,3.95823,0.0532145,3.61328,3.71146,3.79205,3.85368,3.92509,4.15527,4.92534,3.89094,3.91839,3.88654,0.0417342,3.60574,3.70917,3.76164,3.83728,3.91642,3.9954,4.18527,5.95343,5.94399,6.04106,0.0355361,5.84612,5.89734,5.92569,5.95738,6.03705,6.19039,6.6707,5.98022,5.9441,5.98058,0.0231604,5.83679,5.86911,5.91721,5.94581,5.98022,6.05652,6.2383,-9999,-9999
201406,23.535,1.0,21.923,1.587,1.0,24.451,2.641,1.0,19.793,17.449,1.825,21.145,2.137,23.535,1.0,21.923,1.587,1.0,24.451,2.641,1.0,485.7,244.091,0.998611,89.855,243.708,0.998611,392.933,0.998611,349.224,392.856,0.998611,432.115,0.998611,376.088,431.984,0.998611,7.095,1.0,7.4,7.095,1.0,98.546,98.228,1.0,0.634,3.9,1.0,2.061,2.769,0.991667,0.3727991389752287,0.9923611111111111,166.04031621364055,0.9951388888888888,481.8078923433081,0.9972222222222221,20.40297004425505,0.9972222222222221,31.734839336742425,0.9972222222222221,436.6377715535985,0.9972222222222221,402.439,0.999306,20.314,1.0,40.104,1.0,7.54116,1.0,89.21,0.999306,137.054,1.55897,15.0956,0.999306,23.1914,0.635625,0.99375,1,17.5333,30.4667,17.5333,30.4667,-4.02799,-4.0346,0.997917,0.997917,0.124321,0.124503,0.170898,0.195429,-3.97733,-4.04504,0.998611,0.997917,0.126777,0.124474,0.172693,0.19541,-3.98939,-4.01109,0.996111,0.993316,0.0166751,0.01921,-4.18997,-4.10849,-4.07097,-3.98254,-3.89002,-3.87397,-3.85474,-4.20934,-4.17524,-4.10253,-4.02922,-3.88064,-3.87397,-3.83998,0.979861,0.999306,0.996528,0.997917,0.999306,0.998611,0.999306,0.975694,0.98125,0.992361,0.997222,0.999306,0.998611,0.999306,5.69355,5.70444,1.83183,1.82783,1.0,1.0,0.138619,0.134504,0.169127,0.167776,-9.37475,-9.39105,9.41898,9.41895,0.996703,0.996703,0.175154,0.172447,0.267378,0.286727,5.70916,5.6589,1.91662,1.83621,1.0,1.0,0.139514,0.135347,0.169862,0.168453,-9.3058,-9.38024,9.45905,9.41847,0.997778,0.996703,0.17493,0.17218,0.267231,0.286566,5.19748,5.6954,5.72756,5.79426,5.8621,5.88919,5.91039,5.65664,5.69918,5.73085,5.82119,5.88267,5.89975,5.92704,1.0,1.0,1.0,1.0,1.0,1.0,1.0,1.0,1.0,1.0,1.0,1.0,1.0,1.0,-9.75803,-9.6071,-9.50244,-9.30434,-9.2302,-9.20306,-9.10975,-9.87632,-9.67188,-9.6071,-9.38614,-9.23564,-9.21373,-9.17724,0.968638,0.9881,0.994552,0.997778,0.997778,0.997778,0.998889,0.954444,0.980538,0.9881,0.996703,0.998889,0.997778,0.998889,5.96615,5.91335,6.11993,0.0314398,5.92235,5.95543,5.98061,6.07655,6.21682,6.23811,6.31509,6.07903,6.00788,6.05537,0.0299171,5.57193,5.94842,5.9696,6.07383,6.12338,6.22796,6.29293,9.98821,9.95838,10.131,0.0384422,9.91819,9.97598,10.0056,10.0372,10.1872,10.2325,10.5051,10.0372,9.98521,10.0448,0.0300353,9.61797,9.93358,9.98652,10.0288,10.1077,10.1792,10.2528,6.00686,5.68869,5.607,0.0485648,4.87963,5.25046,5.35385,5.67597,5.84838,5.91979,6.0115,5.84917,5.86737,5.62706,0.0515878,4.95241,5.27043,5.37978,5.71195,5.86788,5.89923,6.0115,9.9572,9.82732,9.80784,0.0313728,9.4635,9.55028,9.60291,9.85517,9.90648,9.96179,10.0187,9.85203,9.89408,9.77526,0.035669,9.45234,9.47812,9.56932,9.85203,9.89592,9.95723,10.0152,-9999,-9999
201407,23.487,1.0,21.536,2.269,1.0,24.683,3.026,1.0,23.66,21.981,1.244,24.69,1.091,23.487,1.0,21.536,2.269,1.0,24.683,3.026,1.0,474.191,278.878,1.0,113.918,278.878,1.0,378.147,1.0,366.25,378.147,1.0,421.387,1.0,402.034,421.387,1.0,9.62,1.0,8.18,9.62,1.0,98.542,98.621,1.0,0.36,1.135,1.0,2.506,2.384,0.997984,0.32857873552962713,0.9986559139784946,184.05642619903912,0.9993279569892473,544.9548773642474,1.0,23.430185552419356,1.0,36.17142749126345,1.0,435.6925586444892,1.0,390.993,0.999328,21.11,1.0,27.139,1.0,2.94093,1.0,101.244,0.999328,134.366,1.26058,35.5232,0.999328,47.1445,0.769404,0.997984,1,18.1935,29.8065,18.1935,29.8065,-4.62232,-4.61022,0.954301,0.952957,0.104744,0.103792,0.147197,0.148113,-4.60436,-4.62613,0.961694,0.954973,0.10891,0.105358,0.150191,0.149214,-4.58923,-4.56658,0.958367,0.94879,0.0229749,0.0213177,-4.84301,-4.72995,-4.63178,-4.59356,-4.56711,-4.52311,-4.294,-4.74526,-4.6694,-4.64372,-4.58959,-4.55812,-4.45808,-4.26731,0.992608,0.977823,0.964382,0.964382,0.972446,0.956989,0.945565,0.989919,0.883065,0.963038,0.97379,0.956989,0.956317,0.944892,4.95878,4.9669,1.16906,1.1768,0.990712,0.990712,0.106453,0.101391,0.280928,0.243518,-10.1944,-10.1805,8.65462,8.63366,0.93082,0.928596,0.156568,0.148705,0.164026,0.158068,4.98731,4.95878,1.1986,1.16906,0.994507,0.990712,0.105868,0.101056,0.280707,0.243379,-10.1835,-10.2013,8.78068,8.64994,0.940616,0.931933,0.15617,0.151417,0.163646,0.160622,4.26691,4.65862,4.92878,4.96461,5.06743,5.17858,5.63438,4.49287,4.91158,4.94453,4.97433,5.07843,5.35439,5.70088,0.998302,0.758814,0.994507,0.990712,0.99241,0.99241,0.983921,0.994507,0.990712,0.994507,0.994507,0.990712,0.99241,0.983921,-10.2246,-10.2045,-10.1954,-10.1639,-10.1225,-10.1067,-10.0742,-10.3961,-10.2201,-10.2019,-10.1722,-10.1278,-10.113,-10.0936,0.937279,0.934157,0.940616,0.944994,0.93082,0.931861,0.995622,0.877721,0.942841,0.931933,0.92892,0.958198,0.922429,0.958198,5.24385,5.1276,5.3923,0.0453211,4.83287,5.13505,5.19832,5.33101,5.63736,5.66461,5.95898,5.63736,5.9474,5.38161,0.0629036,4.65204,5.1276,5.15396,5.36092,5.6432,5.68525,5.97039,9.81405,9.75373,9.95888,0.0453136,9.58876,9.66825,9.73988,9.86647,10.2126,10.2691,10.5298,10.2691,10.5518,9.97084,0.0560744,9.49505,9.59143,9.70493,9.85966,10.261,10.275,10.5482,5.64558,6.20911,6.0759,0.150003,4.61707,4.89996,5.26502,5.93026,6.70239,7.20607,7.65847,5.8192,5.72338,5.93095,0.156424,4.52113,4.72728,5.15411,5.73849,6.70239,7.25345,7.67539,10.0853,10.3924,10.3516,0.088363,9.57214,9.67322,9.78786,10.2398,10.8607,11.0139,11.1968,10.2353,10.1228,10.2582,0.0915097,9.40927,9.6429,9.75192,10.1419,10.7069,11.0087,11.2572,-9999,-9999
201408,25.189,1.0,23.304,1.77,1.0,26.544,3.174,1.0,23.303,21.443,1.835,24.626,1.799,25.189,1.0,23.304,1.77,1.0,26.544,3.174,1.0,429.882,221.723,1.0,79.717,221.723,1.0,400.188,1.0,375.462,400.188,1.0,446.806,1.0,416.073,446.806,1.0,9.594,1.0,7.24,9.594,1.0,98.542,98.426,1.0,0.954,1.574,1.0,2.145,2.055,0.997984,0.29759540625714936,0.9979838709677419,146.16926894369138,0.9993279569892473,432.2499462856326,0.9993279569892473,19.43805242391615,0.9993279569892473,27.24568741290609,0.9993279569892473,447.52462833815196,0.9993279569892473,397.227,1.0,22.337,1.0,23.214,1.0,4.45253,1.0,65.4005,0.999328,78.7096,0.981871,52.2528,0.999328,62.8863,0.899414,0.997984,1,19.9355,28.0645,19.9355,28.0645,-1.61997,-1.64145,0.977823,0.975806,0.110604,0.110634,0.132481,0.139867,-1.70985,-1.61997,0.977151,0.975806,0.11717,0.110376,0.13801,0.139663,-1.65383,-1.63876,0.977134,0.971102,0.0114851,0.0135563,-1.79295,-1.72379,-1.71425,-1.67336,-1.6177,-1.57794,-1.53296,-1.73985,-1.72255,-1.70426,-1.64747,-1.59354,-1.55141,-1.50639,0.99664,0.991263,0.890457,0.990591,0.976478,0.965726,0.969086,0.991263,0.991263,0.991263,0.991935,0.978495,0.971102,0.975134,5.07937,5.08271,1.80123,1.80332,0.980031,0.980031,0.152075,0.147715,0.305336,0.312191,-6.23496,-6.27306,7.08486,7.07009,0.976853,0.973476,0.157947,0.149149,0.189136,0.206393,4.9139,5.02047,1.79838,1.7988,0.97235,0.97235,0.154146,0.146592,0.306373,0.311661,-6.26031,-6.18988,7.18516,7.09435,0.981467,0.979242,0.159074,0.14919,0.190078,0.206422,4.52676,4.85949,4.88212,4.95053,5.30958,5.38903,5.40755,4.84249,4.87389,4.88671,5.02047,5.37104,5.42396,5.64351,0.998464,0.998464,0.998464,0.996928,0.984639,0.981243,0.984316,0.998464,0.998464,0.97235,0.97235,0.981243,0.984316,0.971703,-6.60895,-6.39434,-6.30435,-6.2462,-6.20909,-6.18626,-6.03607,-6.68642,-6.49079,-6.38924,-6.26442,-6.22538,-6.20547,-6.18327,0.863823,0.956177,0.957372,0.968779,0.985008,0.980354,0.990857,0.908807,0.834987,0.953952,0.981467,0.986121,0.988467,0.987273,5.60604,5.60886,5.671,0.0621114,5.18995,5.25901,5.36872,5.60604,5.93108,6.0694,6.1436,5.38356,5.45048,5.51977,0.059271,4.85986,5.23883,5.32738,5.43412,5.87488,5.92967,6.07998,7.22952,7.22883,7.30977,0.0560188,6.88859,6.9731,7.03935,7.22952,7.4866,7.57376,7.88599,7.08393,7.16033,7.1736,0.053115,6.47936,6.91654,6.99629,7.15654,7.41464,7.47964,7.69125,5.35224,4.95227,5.29321,0.0698385,4.43106,4.96108,4.99732,5.18919,5.53813,5.66512,5.88127,5.05287,5.59553,5.17717,0.0767747,4.21468,4.70597,4.91734,5.17089,5.47118,5.58188,5.87622,6.97042,6.83555,7.04928,0.0433069,6.6063,6.835,6.88037,7.04181,7.17259,7.24877,7.54027,6.83459,7.20213,6.95064,0.052163,6.20904,6.69393,6.84159,6.9854,7.09253,7.19327,7.3043,-9999,-9999
201409,19.836,1.0,18.247,2.483,1.0,21.241,3.37,1.0,21.92,20.204,1.842,23.392,1.714,19.836,1.0,18.247,2.483,1.0,21.241,3.37,1.0,360.463,186.799,1.0,53.387,186.799,1.0,366.65,1.0,373.558,366.65,1.0,397.884,1.0,413.171,397.884,1.0,6.955,1.0,7.114,6.955,1.0,98.542,98.763,1.0,4.197,2.57,1.0,1.846,2.225,0.995833,0.31001261985944084,0.9979166666666667,114.21856458958332,1.0,359.21635792291664,1.0,17.225671190277776,1.0,22.93515734375,1.0,415.4876166979167,1.0,401.25,1.0,19.158,1.0,26.768,1.0,-1.22886,1.0,49.3566,0.999306,69.0987,0.782174,33.0606,1.0,46.2844,0.830651,0.999306,1,22.3667,25.6333,22.3667,25.6333,-1.90271,-1.90827,0.972917,0.972917,0.0938903,0.0939036,0.121281,0.117673,-1.85116,-1.9514,0.968056,0.970833,0.0943371,0.0946109,0.121627,0.118238,-1.90377,-1.8897,0.971198,0.965938,0.0126436,0.00965955,-2.07933,-1.97518,-1.92572,-1.90253,-1.85648,-1.82164,-1.80729,-2.00997,-1.95887,-1.92324,-1.90298,-1.84887,-1.81704,-1.79494,0.99375,0.977778,0.970833,0.972222,0.970833,0.967361,0.967361,0.988194,0.984028,0.970833,0.972917,0.963194,0.971528,0.96875,3.48326,3.4827,1.37616,1.37984,0.985985,0.985985,0.0984317,0.0952313,0.185689,0.238106,-6.4654,-6.47477,6.39122,6.40063,0.961068,0.961068,0.147383,0.147675,0.166625,0.21528,3.45206,3.39359,1.37968,1.37693,0.975884,0.980177,0.0975589,0.0977666,0.185228,0.239132,-6.34161,-6.472,6.37918,6.37075,0.96112,0.962402,0.147417,0.147883,0.166655,0.215423,3.01441,3.20801,3.29405,3.43278,3.49098,3.52292,3.82157,3.14214,3.28204,3.32676,3.4671,3.63671,3.71851,3.90308,0.997096,0.976136,0.98447,0.980177,0.985985,0.970328,0.978667,0.995581,0.987247,0.970328,0.985985,0.984398,0.981697,0.931917,-6.70438,-6.48267,-6.4711,-6.35657,-6.33263,-6.32721,-6.31151,-6.753,-6.64409,-6.48026,-6.44711,-6.34569,-6.3308,-6.31093,0.895934,0.961274,0.962402,0.968863,0.962402,0.971641,0.979863,0.898284,0.946364,0.963791,0.959992,0.967581,0.964966,0.979863,3.79121,3.78165,3.92933,0.0633213,3.3552,3.53231,3.5912,3.79504,4.18254,4.51159,4.56689,3.77217,3.77344,3.8054,0.0608281,3.18355,3.40279,3.54948,3.78407,4.01542,4.15605,4.50065,5.73474,5.73305,5.81903,0.057484,5.34472,5.44463,5.51951,5.73474,6.00153,6.30653,6.50337,5.60436,5.6246,5.70917,0.0518348,5.26289,5.37935,5.46841,5.60792,5.93039,6.00153,6.31795,3.26817,3.90968,3.38302,0.0801406,2.40451,2.90678,3.04752,3.29279,3.84841,3.91487,4.10528,3.58532,3.67496,3.38446,0.0857041,2.40451,2.75426,3.0552,3.30429,3.87054,4.02696,4.14386,5.20206,5.57846,5.2071,0.060732,4.24432,4.8475,5.08713,5.21268,5.57036,5.58534,5.64598,5.42799,5.42688,5.23997,0.0602898,4.17554,4.8697,5.0794,5.22285,5.58575,5.60429,5.70861,-9999,-9999
201410,14.397,1.0,13.296,2.416,1.0,15.579,2.903,1.0,17.11,15.431,2.45,18.927,2.083,14.397,1.0,13.296,2.416,1.0,15.579,2.903,1.0,278.149,136.307,1.0,40.022,136.307,1.0,332.117,1.0,343.317,332.117,1.0,347.87,1.0,367.086,347.87,1.0,5.363,1.0,6.425,5.363,1.0,98.557,98.358,1.0,2.341,7.5,1.0,1.7,2.948,0.983871,0.4155649708253717,0.9711021505376345,66.18575988978496,1.0,256.1667346034946,1.0,15.008856372311826,1.0,16.488747137096777,1.0,384.70707919086027,1.0,410.459,0.999328,14.596,1.0,40.487,1.0,-5.16427,1.0,28.4175,0.999328,40.8912,0.641842,21.0955,1.0,30.3553,0.796675,0.993952,1,24.871,23.129,24.871,23.0968,0.689277,0.698886,0.985887,0.985215,0.062066,0.0620904,0.157946,0.155605,0.626766,0.650564,0.986559,0.985887,0.0644341,0.0636314,0.158891,0.156227,0.579087,0.608686,0.985685,0.982056,0.0210893,0.0196024,0.349772,0.416232,0.429101,0.624315,0.691775,0.706712,0.715435,0.413307,0.427757,0.442316,0.662528,0.705016,0.713119,0.73859,0.995968,0.989247,0.991263,0.986559,0.969758,0.984543,0.983871,0.994624,0.992608,0.987231,0.985887,0.97379,0.983871,0.96371,2.85785,2.87454,1.30457,1.30418,0.993548,0.992258,0.0753193,0.0715164,0.227808,0.228251,-1.65493,-1.65354,3.43425,3.43652,0.977347,0.977347,0.100037,0.0975226,0.117655,0.115862,2.80908,2.83526,1.34105,1.30127,0.993548,0.993548,0.0751114,0.0737822,0.227739,0.228971,-1.72625,-1.70716,3.44626,3.43731,0.978691,0.977347,0.100435,0.0995233,0.117993,0.117551,2.29532,2.44605,2.47365,2.8007,2.86995,2.87604,2.91987,2.43952,2.46212,2.5256,2.85091,2.87597,2.89563,2.94896,1.0,0.996022,0.996022,0.993548,0.983424,0.983424,0.983424,0.99871,0.99871,0.996022,0.993548,0.990968,0.992258,0.982184,-1.78909,-1.77755,-1.74462,-1.71176,-1.65821,-1.65369,-1.61681,-1.78687,-1.77708,-1.73771,-1.70662,-1.65513,-1.65196,-1.6177,0.978813,0.981502,0.978691,0.955178,0.977347,0.934103,0.975945,0.978813,0.981502,0.978691,0.977347,0.977347,0.959454,0.975945,3.09007,3.0713,3.03191,0.0348611,2.65551,2.7143,2.80919,3.09007,3.20241,3.22614,3.25313,2.95597,3.02277,2.96529,0.0406734,2.43798,2.69324,2.74194,3.01467,3.17921,3.19185,3.23601,2.42754,2.42074,2.42323,0.0161411,2.22775,2.3033,2.36002,2.42754,2.50912,2.5257,2.54449,2.37732,2.396,2.38621,0.0207183,2.08821,2.26414,2.32127,2.38961,2.47385,2.51252,2.53414,2.45778,2.6593,2.51407,0.0302251,2.18879,2.31314,2.37992,2.50101,2.66748,2.72523,2.79286,2.4528,2.36801,2.43232,0.0316741,2.07002,2.21581,2.30225,2.42426,2.55956,2.67082,2.72795,2.09664,2.02522,2.05377,0.0143382,1.92323,1.94859,1.97238,2.03474,2.11813,2.1775,2.20197,1.9413,2.03475,2.01772,0.0141471,1.8812,1.9241,1.96542,2.00664,2.06732,2.1072,2.17625,-9999,-9999
201411,4.078,1.0,3.385,3.171,1.0,4.99,2.689,1.0,11.393,10.081,1.981,13.098,1.726,4.078,1.0,3.385,3.171,1.0,4.99,2.689,1.0,205.728,96.7,0.986111,20.263,92.671,0.986111,282.724,0.984722,324.145,283.51,0.984722,275.993,0.986111,337.869,277.227,0.986111,3.596,1.0,6.059,3.596,1.0,98.521,98.777,1.0,4.965,1.003,1.0,2.383,3.427,0.985417,0.4838129108609385,0.9847222222222223,30.593665107040227,0.9666666666666667,175.2688169511494,0.9666666666666667,12.285052646551724,0.9666666666666667,11.648611306034484,0.9666666666666667,334.86147415301724,0.9666666666666667,409.786,1.0,7.324,0.999306,37.297,1.0,-11.3761,1.0,5.33441,0.998611,7.97983,0.214552,23.9038,0.998611,35.7581,0.638505,0.970139,1,27.2333,20.7667,27.2333,20.7667,0.702239,0.702224,0.983333,0.983333,0.0308814,0.0308952,0.0320954,0.0323326,0.698887,0.700815,0.984722,0.983333,0.030782,0.0307444,0.0319998,0.0321886,0.70251,0.705879,0.98559,0.983872,0.00142719,0.00145977,0.691801,0.69362,0.697447,0.70239,0.705591,0.711107,0.717328,0.692374,0.697155,0.698979,0.703797,0.711106,0.716222,0.722269,0.994444,0.984722,0.994444,0.984722,0.984722,0.99375,0.980556,0.984722,0.984028,0.984028,0.983333,0.99375,0.975694,0.972917,0.968359,0.968513,0.672582,0.67251,0.983333,0.983333,0.0359902,0.0363917,0.039173,0.0435406,0.304782,0.304545,1.42738,1.4271,0.982893,0.982893,0.0493013,0.0495775,0.0500352,0.0501693,0.961989,0.965998,0.67506,0.673788,0.983333,0.983333,0.0360241,0.0361838,0.0392041,0.0433671,0.30552,0.30468,1.4319,1.42735,0.985996,0.982893,0.0496899,0.0493739,0.0504182,0.0499681,0.934251,0.94691,0.959134,0.965939,0.971501,0.977844,0.999711,0.944897,0.950563,0.960615,0.968513,0.979992,0.998373,1.00204,1.0,0.983333,0.983333,0.983333,0.983333,0.998718,0.983333,0.983333,0.983333,0.983333,0.983333,0.983333,0.983333,0.983333,0.295788,0.301169,0.30393,0.307802,0.313365,0.318246,0.31968,0.294553,0.302218,0.303932,0.305926,0.310943,0.317585,0.31878,0.955245,0.981227,0.982893,0.985996,0.985996,0.987583,0.985996,0.976681,0.982893,0.959791,0.982893,0.982893,0.985996,0.987583,0.96437,0.97266,0.996573,0.00545965,0.961896,0.966741,0.971653,0.98047,1.01764,1.04781,1.0563,0.983408,0.975836,0.986722,0.00474359,0.954105,0.966261,0.971716,0.97961,0.991057,1.01609,1.05396,0.265097,0.271846,0.290694,0.00425188,0.261944,0.266248,0.270847,0.27913,0.314623,0.331304,0.334035,0.27589,0.276949,0.284211,0.00371362,0.252483,0.264884,0.270288,0.277561,0.288654,0.312673,0.334622,1.04568,1.07454,1.10745,0.00648112,1.04437,1.07276,1.08379,1.09342,1.13152,1.13643,1.16603,1.09968,1.09463,1.0957,0.00598155,1.02806,1.06718,1.07998,1.09047,1.1036,1.12249,1.16794,0.309836,0.327043,0.34247,0.00360013,0.309281,0.326228,0.328034,0.331781,0.355192,0.368916,0.384017,0.328997,0.330841,0.335782,0.00290148,0.30927,0.325137,0.328034,0.330685,0.342611,0.347364,0.369213,-9999,-9999
201412,2.529,1.0,2.138,1.866,1.0,3.089,1.729,1.0,5.592,4.213,2.438,7.565,2.084,2.529,1.0,2.138,1.866,1.0,3.089,1.729,1.0,170.321,56.451,1.0,19.385,56.451,1.0,300.011,1.0,291.386,300.011,1.0,280.176,1.0,287.947,280.176,1.0,1.495,1.0,5.821,1.495,1.0,98.58,99.062,1.0,1.752,1.694,1.0,2.195,2.705,0.989247,0.3733687689779102,0.9825268817204302,21.387337783602145,1.0,105.62065351612904,1.0,7.220739315188172,1.0,6.56326930577957,1.0,327.8655251256721,1.0,415.929,1.0,5.453,1.0,41.533,1.0,-7.04052,1.0,4.17792,1.0,5.73338,0.118322,12.7419,1.0,17.4857,0.443062,2.0,2,28.2581,19.7419,28.2581,19.7097,0.607886,0.613501,0.993952,0.993952,0.0283497,0.0282451,0.0327504,0.0333683,0.600418,0.607337,0.994624,0.993952,0.0282419,0.028218,0.0326572,0.0333453,0.594614,0.60087,0.994842,0.993061,0.00329972,0.00248727,0.544155,0.58037,0.581592,0.597761,0.608903,0.613166,0.617864,0.576928,0.581198,0.588161,0.603949,0.612689,0.616731,0.624897,0.999328,0.995968,0.995968,0.994624,0.992608,0.993952,0.993952,0.999328,0.999328,0.997984,0.99328,0.993952,0.993952,0.956317,0.833064,0.839801,0.619687,0.613575,1.0,1.0,0.0327004,0.0326003,0.0374056,0.0376216,0.234102,0.237653,1.23628,1.23593,0.984975,0.984975,0.0470195,0.0469401,0.0523849,0.0589217,0.817928,0.833597,0.631351,0.619761,1.0,1.0,0.0325189,0.0325351,0.037247,0.0375651,0.238091,0.232076,1.25606,1.23862,0.986757,0.984975,0.0470454,0.0469433,0.0524081,0.0589242,0.752645,0.794703,0.800273,0.813856,0.822953,0.831027,0.838158,0.775719,0.795486,0.804505,0.813927,0.823014,0.833041,0.838932,1.0,1.0,1.0,1.0,1.0,1.0,1.0,1.0,1.0,1.0,0.994399,1.0,1.0,1.0,0.198703,0.211445,0.215715,0.231017,0.239315,0.257633,0.282468,0.210463,0.212887,0.218158,0.23292,0.254659,0.284116,0.311238,0.998387,0.998387,0.989983,0.986757,0.981579,0.983277,0.981579,0.993379,0.998387,0.994992,0.989983,0.981579,0.981579,0.975042,0.891141,0.890203,0.886939,0.00416463,0.845725,0.856195,0.869719,0.888497,0.90297,0.910999,0.916477,0.852593,0.877033,0.878381,0.00531163,0.800699,0.851076,0.86057,0.881196,0.900161,0.905608,0.915764,0.28372,0.282866,0.286068,0.00228489,0.261017,0.273343,0.276953,0.28413,0.29331,0.299258,0.306003,0.271176,0.276615,0.283767,0.00250966,0.259348,0.270706,0.275326,0.282296,0.290223,0.296968,0.301195,0.886028,1.07015,1.04623,0.0202831,0.867301,0.899743,0.909631,1.05802,1.15159,1.18366,1.26083,0.919328,1.09601,1.02679,0.0190114,0.88771,0.902307,0.909631,0.996766,1.09971,1.16248,1.22935,0.305749,0.375841,0.362091,0.00769024,0.297514,0.310812,0.316829,0.363229,0.400018,0.409571,0.431752,0.363897,0.377636,0.356354,0.00677567,0.306274,0.311985,0.315531,0.344519,0.379927,0.403911,0.431752,-9999,-9999
201501,0.171,1.0,-0.384,3.267,1.0,0.916,2.81,1.0,5.037,3.487,2.874,7.19,2.42,0.171,1.0,-0.384,3.267,1.0,0.916,2.81,1.0,187.375,100.587,0.988575,26.965,97.15,0.988575,262.339,0.987903,285.551,262.278,0.987903,242.601,0.988575,279.055,242.163,0.988575,2.62,1.0,5.996,2.62,1.0,98.581,99.144,1.0,1.002,0.665,1.0,2.21,3.192,0.967742,0.4551959817450232,0.961021505376344,34.22044159117708,0.967741935483871,181.67437187106464,0.967741935483871,12.94241770958438,0.967741935483871,11.9439663334625,0.967741935483871,314.5501397506944,0.967741935483871,412.242,1.0,1.964,1.0,38.293,1.0,-7.61786,1.0,4.90847,1.0,6.12917,0.13566,27.3486,1.0,34.1501,0.787045,0.981183,1,27.871,20.129,27.871,20.129,0.462143,0.461805,0.990591,0.990591,0.0226628,0.0226126,0.0300217,0.0335746,0.455589,0.462293,0.993952,0.990591,0.0226151,0.0226767,0.0299858,0.0336178,0.456154,0.46383,0.991751,0.989919,0.00355364,0.00361308,0.4104,0.435455,0.438293,0.457328,0.46996,0.474835,0.492287,0.434477,0.437407,0.441912,0.461805,0.474997,0.487043,0.504685,0.997312,0.99664,0.99664,0.994624,0.988575,0.985215,0.977823,0.99664,0.99664,0.99664,0.990591,0.989247,0.981855,0.977823,0.604737,0.604737,0.418121,0.418121,1.0,1.0,0.0260057,0.025909,0.0342727,0.0378365,0.230934,0.230188,1.04617,1.04631,0.978264,0.978264,0.0378637,0.0375914,0.0407661,0.0410967,0.603736,0.604264,0.425697,0.418258,1.0,1.0,0.0257837,0.0259936,0.0341045,0.0378945,0.217289,0.231891,1.05073,1.04615,0.986098,0.978264,0.0377642,0.0376831,0.0406737,0.0411806,0.550484,0.580116,0.584261,0.602077,0.620625,0.624763,0.64444,0.573915,0.582786,0.593108,0.604737,0.624763,0.637934,0.663633,1.0,1.0,1.0,1.0,0.998805,0.994197,0.988266,1.0,1.0,1.0,1.0,0.994197,0.988266,0.988266,0.190816,0.202952,0.207315,0.223013,0.230684,0.233166,0.235593,0.196396,0.204848,0.21513,0.225441,0.233203,0.238064,0.247043,0.998464,0.99232,0.99232,0.973579,0.978264,0.978264,0.976728,0.99232,0.99232,0.99232,0.987634,0.978264,0.973579,0.973579,0.619379,0.62305,0.620115,0.00593817,0.559977,0.578428,0.596304,0.614796,0.640153,0.651916,0.686911,0.576811,0.60956,0.607252,0.00572398,0.530217,0.566162,0.578815,0.609467,0.631051,0.639163,0.656207,0.15777,0.160758,0.156285,0.00254136,0.12257,0.141578,0.148047,0.154246,0.165086,0.169856,0.182226,0.121158,0.153972,0.151098,0.00261607,0.121158,0.137048,0.140996,0.1524,0.159691,0.165925,0.172686,0.847704,0.848876,0.881458,0.0103216,0.795473,0.81139,0.831701,0.857895,0.922677,0.966536,0.983881,0.862643,0.857507,0.862455,0.0110843,0.736722,0.801236,0.810964,0.855415,0.922677,0.940671,0.964171,0.258331,0.254717,0.266455,0.00312251,0.234642,0.245873,0.253583,0.263909,0.281315,0.288609,0.298164,0.24586,0.264526,0.261409,0.00368383,0.212256,0.239133,0.246883,0.260534,0.274351,0.286344,0.29966,-9999,-9999
201502,-3.303,1.0,-4.091,3.534,1.0,-2.382,2.802,1.0,5.267,4.02,1.851,6.728,1.677,-3.303,1.0,-4.091,3.534,1.0,-2.382,2.802,1.0,247.775,133.931,1.0,30.23,133.931,1.0,253.544,1.0,292.516,253.544,1.0,224.578,1.0,289.669,224.578,1.0,2.089,1.0,6.134,2.089,1.0,98.554,99.115,1.0,1.682,0.471,1.0,3.314,2.904,0.99628,0.40782000956879855,0.996279761904762,67.7551434340104,1.0,245.52240300467193,1.0,20.33701253335119,1.0,16.477948546200896,1.0,302.21229219270833,1.0,413.322,1.0,1.628,1.0,38.873,1.0,-8.09391,1.0,6.98097,0.99628,9.8403,0.156013,46.8386,0.998512,66.0231,0.848981,0.99628,1,25.8929,22.1071,25.8929,22.0357,0.371793,0.372561,0.985119,0.985119,0.0205687,0.0204536,0.0256604,0.0254955,0.362681,0.368556,0.985863,0.985119,0.0205004,0.0206234,0.0256057,0.0256319,0.367516,0.370708,0.982775,0.977493,0.00224057,0.00207753,0.344485,0.348628,0.350695,0.371317,0.376463,0.379313,0.382826,0.346356,0.350639,0.362681,0.372561,0.379124,0.381081,0.3882,0.989583,0.993304,0.994048,0.980655,0.985863,0.985119,0.985119,0.989583,0.971726,0.985863,0.985119,0.985863,0.982143,0.865327,0.496211,0.497443,0.429456,0.430449,0.986032,0.986032,0.0235119,0.0235157,0.035244,0.0344915,0.197779,0.197855,1.23568,1.23611,0.984112,0.984112,0.0331652,0.0327769,0.0341507,0.0339239,0.475454,0.487435,0.445604,0.431586,0.98746,0.986032,0.0233622,0.0236265,0.0351443,0.0345672,0.20291,0.201555,1.2318,1.23852,0.984112,0.984112,0.0330557,0.0331325,0.0340444,0.0342676,0.439624,0.447087,0.46892,0.481505,0.493971,0.499597,0.508112,0.443052,0.450147,0.475437,0.487055,0.496982,0.500612,0.511239,0.994392,0.984929,0.960965,0.986302,0.986302,0.980317,0.986032,0.984929,0.994392,0.986193,0.974764,0.941294,0.980317,0.893767,0.194185,0.199768,0.201011,0.209185,0.214454,0.216058,0.21993,0.19429,0.198738,0.200738,0.209185,0.213663,0.216232,0.219216,0.983965,0.984112,0.984112,0.985665,0.984112,0.985665,0.990542,0.983965,0.984112,0.984112,0.985665,0.985665,0.985665,0.949981,0.489113,0.506842,0.483177,0.00443101,0.402614,0.455606,0.473492,0.489113,0.501416,0.50272,0.511288,0.469844,0.497735,0.482816,0.00423623,0.406362,0.461663,0.473586,0.492389,0.501139,0.502614,0.508168,0.129756,0.138286,0.112468,0.00496941,0.0126591,0.0992955,0.103601,0.12704,0.131706,0.133011,0.135065,0.0961152,0.135054,0.1153,0.0047393,0.0137927,0.0976653,0.103232,0.127307,0.131706,0.133533,0.136739,0.731709,0.618199,0.622197,0.0145365,0.480958,0.513586,0.548614,0.604192,0.719462,0.733431,0.748605,0.737273,0.728934,0.624687,0.0125358,0.505898,0.536197,0.561316,0.616828,0.710356,0.729412,0.748213,0.263812,0.216516,0.211734,0.00728258,0.132353,0.162404,0.172664,0.207812,0.261048,0.2691,0.274369,0.207534,0.267772,0.213035,0.00626525,0.152615,0.164339,0.184786,0.206041,0.258104,0.263161,0.272473,-9999,-9999
201503,8.106,1.0,6.848,2.945,1.0,9.314,3.499,1.0,8.214,6.598,2.381,9.798,2.012,8.106,1.0,6.848,2.945,1.0,9.314,3.499,1.0,329.425,172.32,1.0,51.371,172.32,1.0,301.726,1.0,306.311,301.726,1.0,295.395,1.0,310.691,295.395,1.0,5.113,1.0,6.147,5.113,1.0,98.566,98.951,1.0,3.8,1.168,1.0,2.361,2.885,0.99328,0.4335606659370199,0.991263440860215,99.15365299672918,1.0,322.37487618365395,1.0,22.053915147411296,1.0,19.26122869970968,1.0,354.6142940167339,1.0,414.258,1.0,5.174,1.0,41.327,1.0,1.67056,1.0,15.2148,0.999328,22.5632,0.378894,50.3768,0.999328,74.7079,0.93524,0.998656,1,23.5484,24.4516,23.5484,24.4194,0.34964,0.351953,0.979839,0.980511,0.0365153,0.0365235,0.0454279,0.0482971,0.31096,0.343717,0.992608,0.980511,0.0371974,0.0364427,0.0459779,0.048236,0.338731,0.345154,0.985366,0.980729,0.00427304,0.00458447,0.307634,0.31096,0.313607,0.329828,0.358831,0.365009,0.390329,0.308333,0.312005,0.315263,0.34467,0.364568,0.375207,0.392877,0.995968,0.992608,0.994624,0.997984,0.978495,0.975134,0.965054,0.993952,0.995968,0.995968,0.991935,0.976478,0.977823,0.972446,1.09071,1.09573,0.606383,0.604085,0.974755,0.976157,0.0389849,0.0390066,0.0676617,0.067351,-0.366635,-0.36695,2.21746,2.21767,0.984194,0.984194,0.0596037,0.0580077,0.0636627,0.0625244,1.04591,1.08667,0.649389,0.606268,0.998597,0.974755,0.0388703,0.0389548,0.0675958,0.067321,-0.397226,-0.373879,2.27701,2.20999,0.986828,0.985484,0.0596052,0.0578578,0.063664,0.0623854,1.01817,1.03453,1.04539,1.06197,1.10361,1.14513,1.1574,1.03293,1.04394,1.04606,1.08281,1.12058,1.15375,1.16641,1.0,0.998597,0.998597,0.998597,0.974755,0.963142,0.97195,0.998597,1.0,1.0,0.974755,0.964544,0.97195,0.960337,-0.404244,-0.398252,-0.393898,-0.381867,-0.361615,-0.353516,-0.333249,-0.403396,-0.397226,-0.393237,-0.380244,-0.363227,-0.350562,-0.328882,0.980269,0.992043,0.992043,0.989462,0.982903,0.982903,0.966985,0.980269,0.986828,0.990753,0.989462,0.972312,0.969619,0.953583,1.23644,1.24329,1.24076,0.00625534,1.1767,1.19843,1.21084,1.24058,1.27597,1.28638,1.29398,1.19923,1.21042,1.22285,0.00856984,1.11115,1.17682,1.19923,1.23033,1.24889,1.27313,1.28871,0.894632,0.899569,0.895604,0.00363263,0.866992,0.8854,0.889456,0.89428,0.902075,0.908931,0.926327,0.885062,0.899456,0.88412,0.00700092,0.781321,0.867005,0.885062,0.894651,0.901893,0.906992,0.923834,1.04135,1.09706,1.12478,0.00988912,1.04175,1.05982,1.08277,1.11206,1.14619,1.21274,1.2437,1.11475,1.1093,1.11907,0.00885774,1.04962,1.06217,1.082,1.1098,1.12424,1.15826,1.24437,0.797306,0.80643,0.835527,0.0058774,0.796737,0.804309,0.80824,0.820978,0.8398,0.89134,0.906892,0.815272,0.809988,0.832108,0.00530558,0.7974,0.80643,0.810162,0.820978,0.834535,0.863239,0.905436,-9999,-9999
201504,15.113,1.0,13.6,2.56,1.0,16.272,3.253,1.0,11.491,10.274,1.401,12.424,1.295,15.113,1.0,13.6,2.56,1.0,16.272,3.253,1.0,408.24,201.776,0.9875,81.191,200.37,0.9875,333.924,0.986806,317.701,333.242,0.986806,344.936,0.9875,328.048,344.829,0.9875,7.638,1.0,6.342,7.638,1.0,98.568,98.322,1.0,1.291,2.377,1.0,2.658,3.163,1.0,0.481586198611111,1.0,122.56193686601195,0.9652777777777779,386.74819676001437,0.9666666666666667,22.414723518849858,0.9666666666666667,22.842614363133624,0.9666666666666667,390.4957146390086,0.9666666666666667,412.829,0.999306,12.065,1.0,44.187,1.0,6.09786,1.0,15.0823,1.0,22.3668,0.459241,55.3276,1.0,82.0499,1.02155,1.0,2,20.8667,27.1333,20.8667,27.1,0.768169,0.772299,0.980556,0.980556,0.0463972,0.0461876,0.111511,0.118213,0.728297,0.727115,0.981944,0.980556,0.0467044,0.0465761,0.111639,0.118366,0.805752,0.839553,0.97816,0.972569,0.0143251,0.0178069,0.707831,0.722,0.72833,0.772576,0.890607,0.924801,0.942554,0.711784,0.72492,0.748451,0.784441,0.924238,0.942554,1.0299,0.981944,0.981944,0.982639,0.989583,0.968056,0.960417,0.959028,0.98125,0.981944,0.985417,0.990278,0.959722,0.959028,0.934722,1.84423,1.85054,1.05859,1.05231,0.99697,0.99697,0.0615803,0.0606386,0.208451,0.205709,-0.108647,-0.106472,2.41179,2.41373,0.968424,0.968424,0.0639832,0.063442,0.0742842,0.0717186,1.7309,1.77739,1.08442,1.08675,0.99697,0.99697,0.0617308,0.0614226,0.208495,0.205941,-0.0926857,-0.128555,2.51952,2.40876,0.970893,0.968424,0.0639264,0.0638204,0.0742353,0.0720535,1.71096,1.7309,1.74577,1.78785,2.09245,2.12919,2.14643,1.72033,1.74164,1.75601,1.8099,2.12608,2.13477,2.30037,0.99697,0.99697,0.99697,1.0,0.974892,0.966955,0.974892,0.99697,1.0,0.99697,0.99697,0.966955,0.966955,0.917511,-0.137351,-0.108647,-0.0928112,-0.0667623,-0.0477369,-0.0331671,-0.0287957,-0.137216,-0.0989365,-0.0909512,-0.0636938,-0.035996,-0.0320436,-0.0149959,0.970849,0.968424,0.972083,0.959775,0.981695,0.951177,0.956159,0.968424,0.968424,0.970893,0.959775,0.95735,0.978124,0.947602,2.0166,2.03383,2.16072,0.0365965,1.9149,1.9432,1.95536,2.0166,2.38785,2.44343,2.52231,1.97477,1.97288,2.08914,0.0342814,1.81295,1.9312,1.94629,1.97477,2.30929,2.38954,2.46937,1.30267,1.30672,1.32117,0.0215515,1.13993,1.17063,1.19004,1.30267,1.4382,1.47331,1.51023,1.24824,1.24458,1.28339,0.0222532,1.05233,1.15759,1.17513,1.24824,1.41231,1.43801,1.47372,2.09539,2.12166,2.25952,0.0327022,1.97953,2.07158,2.09807,2.20033,2.36632,2.51294,2.59422,2.12693,2.10622,2.20541,0.0270447,1.93755,2.03824,2.11211,2.18928,2.23873,2.3614,2.53642,1.24436,1.29708,1.35173,0.0177817,1.18954,1.23318,1.24899,1.32823,1.42126,1.48022,1.50622,1.29413,1.27435,1.32259,0.0148475,1.17218,1.21951,1.25902,1.30461,1.34876,1.4112,1.48911,-9999,-9999
201505,18.657,1.0,17.385,2.051,1.0,19.48,2.787,1.0,16.721,14.525,2.411,18.141,2.423,18.657,1.0,17.385,2.051,1.0,19.48,2.787,1.0,462.933,217.217,1.0,93.208,217.217,1.0,365.321,1.0,328.334,365.321,1.0,392.114,1.0,344.252,392.114,1.0,6.202,1.0,7.477,6.202,1.0,98.558,98.657,1.0,0.038,4.645,1.0,2.074,3.199,0.992608,0.4211568107951519,0.9926075268817204,140.51976448269465,0.9932795698924731,417.6643591594805,1.0,19.67224633275202,1.0,28.468429902559137,1.0,409.67638974791663,1.0,407.423,1.0,16.14,1.0,44.854,1.0,6.92582,1.0,6.52286,0.997984,9.26828,0.554837,38.6193,0.998656,54.8739,0.864786,6.0,3,18.7742,29.2258,18.7742,29.1935,-1.44235,-1.42975,0.977151,0.975806,0.0740877,0.0739842,0.095202,0.0962352,-1.46661,-1.44751,0.980511,0.977151,0.074288,0.0747631,0.0953579,0.0968353,-1.51167,-1.52582,0.976058,0.967675,0.00967483,0.0098277,-1.60141,-1.57951,-1.55995,-1.51096,-1.47213,-1.45994,-1.44235,-1.65871,-1.59096,-1.5615,-1.52958,-1.48335,-1.46787,-1.43633,0.989919,0.983871,0.986559,0.975806,0.980511,0.980511,0.977151,0.918683,0.986559,0.96371,0.975806,0.981855,0.980511,0.977151,1.72461,1.77648,1.33023,1.31223,0.996416,0.996416,0.0974627,0.0988589,0.19683,0.191087,-3.38975,-3.40232,4.30552,4.30534,0.964408,0.962183,0.100182,0.0983912,0.12867,0.156163,1.66062,1.7177,1.35756,1.33447,1.0,0.996416,0.0952986,0.0983897,0.195767,0.190845,-3.38565,-3.39214,4.33915,4.31441,0.967633,0.964408,0.100397,0.100048,0.128838,0.157212,1.35387,1.38259,1.4749,1.61412,1.70545,1.72461,1.79585,1.35656,1.41153,1.45694,1.66357,1.71497,1.73858,1.82277,1.0,1.0,1.0,1.0,0.996416,0.996416,0.991407,1.0,1.0,1.0,1.0,0.996416,0.996416,0.996416,-3.59531,-3.51704,-3.48354,-3.39462,-3.38034,-3.35555,-3.33526,-3.66424,-3.59531,-3.51565,-3.40232,-3.38081,-3.35277,-3.3366,0.925393,0.954396,0.962183,0.966558,0.969937,0.977732,0.969975,0.900824,0.925393,0.954362,0.962183,0.973431,0.969937,0.971127,1.94271,1.98562,1.83454,0.0242249,1.61025,1.64329,1.66429,1.83639,1.97048,2.00642,2.03743,1.85152,1.89995,1.83119,0.024327,1.60287,1.63754,1.66757,1.84656,1.96656,1.99759,2.03502,3.40173,3.43313,3.36036,0.021727,3.15881,3.2094,3.22775,3.36435,3.48462,3.50958,3.54212,3.34887,3.36656,3.34286,0.0221773,3.16282,3.20304,3.21865,3.33809,3.4742,3.50618,3.52051,2.28329,2.3152,2.5069,0.0797572,1.8782,1.99485,2.13118,2.29641,2.76121,3.17348,3.39475,2.23929,2.1968,2.41254,0.0773904,1.8782,1.9201,2.05567,2.28318,2.55677,2.68749,3.38837,3.26455,3.42645,3.57367,0.0623328,3.1199,3.15364,3.2563,3.42774,3.86527,4.09102,4.27986,3.35196,3.33382,3.49004,0.0589458,3.1145,3.13932,3.17978,3.38609,3.59954,3.83505,4.27339,-9999,-9999
201506,23.56,1.0,22.096,1.747,1.0,24.404,2.574,1.0,20.711,18.322,2.149,22.081,2.522,23.56,1.0,22.096,1.747,1.0,24.404,2.574,1.0,485.7,218.804,1.0,94.949,218.804,1.0,399.758,1.0,345.581,399.758,1.0,441.885,1.0,370.535,441.885,1.0,6.341,1.0,8.028,6.341,1.0,98.557,98.345,1.0,0.168,4.94,1.0,1.927,2.887,0.999306,0.3593048401743498,0.9993055555555554,152.19018220787166,0.9965277777777778,424.999859436618,1.0,17.92158067102292,1.0,26.771927489939586,1.0,437.64407410131946,1.0,400.783,1.0,20.65,1.0,46.883,1.0,9.6809,1.0,8.60707,0.999306,12.1406,1.05559,18.2264,1.0,25.709,0.557664,6.0,3,17.5333,30.4667,17.5333,30.4667,-1.86934,-1.86414,0.9875,0.9875,0.1119,0.110576,0.242795,0.248337,-1.6708,-1.82617,0.989583,0.988889,0.111558,0.112725,0.242637,0.249302,-1.73807,-1.80318,0.988385,0.98401,0.0337077,0.0396067,-2.15255,-1.96398,-1.92873,-1.67768,-1.56754,-1.53304,-1.50043,-2.47274,-1.99024,-1.95194,-1.86414,-1.59586,-1.54552,-1.50448,0.973611,0.984028,0.985417,0.990278,0.994444,0.993056,0.993056,0.9625,0.981944,0.981944,0.9875,0.993056,0.993056,0.993056,0.819487,0.773852,2.08685,2.09138,0.996296,0.996296,0.162379,0.161484,0.424843,0.424831,-3.31012,-3.27653,4.68801,4.64285,0.982545,0.982545,0.141423,0.139809,0.183559,0.187564,1.09814,0.895778,2.13466,2.04806,1.0,1.0,0.162013,0.16357,0.424703,0.425628,-3.16935,-3.28976,4.73501,4.68951,0.98362,0.982545,0.141397,0.142927,0.183539,0.1899,0.299065,0.675429,0.751669,1.09814,1.41515,1.4606,1.47372,-0.0736669,0.639471,0.678427,0.829389,1.23329,1.42536,1.46435,0.996296,0.996296,0.996296,1.0,1.0,1.0,1.0,0.983333,0.996296,0.996296,0.996296,1.0,1.0,1.0,-3.45334,-3.37586,-3.36377,-3.21433,-3.15445,-3.14183,-3.12811,-3.63933,-3.39094,-3.37938,-3.2814,-3.15596,-3.14087,-3.12892,0.960502,0.976989,0.979211,0.98362,0.98914,0.986918,0.98914,0.957168,0.976989,0.976989,0.981434,0.98914,0.985806,0.98914,1.59322,1.49614,1.58482,0.0306068,1.12947,1.43021,1.47438,1.56752,1.70995,1.79186,1.84449,1.78008,1.65283,1.64267,0.0261895,1.44121,1.47281,1.51089,1.60315,1.76515,1.83441,1.87697,3.39338,3.32231,3.388,0.0192034,3.20114,3.29685,3.32181,3.36361,3.43864,3.46973,3.57328,3.37805,3.32363,3.38074,0.0216571,3.20165,3.2662,3.33025,3.36455,3.43531,3.44452,3.47646,2.37824,2.17654,2.24887,0.0468581,1.73289,1.92468,2.04558,2.23076,2.38351,2.53002,2.76672,1.98105,2.25551,2.25473,0.0644134,1.79559,1.88601,1.96462,2.2487,2.37612,2.40741,2.70541,3.52004,3.33298,3.5711,0.0391329,3.20076,3.35471,3.42245,3.49529,3.6797,3.82402,4.07005,3.15294,3.39699,3.55048,0.0437971,3.18683,3.30996,3.36317,3.46922,3.61181,3.90803,4.07519,-9999,-9999
201507,25.176,1.0,23.63,1.871,1.0,26.133,2.714,1.0,25.406,23.359,1.717,26.657,2.116,25.176,1.0,23.63,1.871,1.0,26.133,2.714,1.0,474.191,240.695,0.998656,94.449,239.866,0.998656,406.244,1.0,377.035,406.244,1.0,450.231,0.998656,418.469,450.156,0.998656,7.42,1.0,7.892,7.42,1.0,98.547,98.354,1.0,0.562,4.145,1.0,2.138,2.231,1.0,0.30422208736559136,1.0,171.6879272750207,0.9993279569892474,468.4074682563784,1.0,19.500070773961692,1.0,27.484011695245965,1.0,447.2374528983872,1.0,389.156,1.0,22.973,1.0,44.716,1.0,7.60806,1.0,22.0159,0.997984,29.6946,1.64519,22.0669,1.0,29.7634,0.575222,1.0,2,18.1935,29.8065,18.1935,29.8065,-1.94057,-1.93911,0.961022,0.961022,0.102904,0.104777,0.216096,0.212619,-1.77588,-1.90977,0.969758,0.961022,0.107685,0.102398,0.218413,0.211456,-1.84045,-1.91234,0.965524,0.957846,0.0308205,0.040929,-2.19969,-2.03059,-2.02231,-1.77435,-1.7062,-1.65054,-1.59251,-2.26905,-2.05884,-2.04313,-1.93911,-1.71278,-1.68882,-1.63817,0.918011,0.936156,0.942204,0.969086,0.977151,0.981183,0.999328,0.910618,0.958333,0.955645,0.961022,0.979839,0.979839,0.981855,1.91897,1.92151,1.47044,1.46916,0.974533,0.974533,0.152785,0.141424,0.291892,0.29241,-4.19518,-4.19443,4.90718,4.90432,0.953389,0.953389,0.139709,0.137811,0.195094,0.234172,2.06769,1.96108,1.74366,1.49309,0.979626,0.974533,0.148814,0.132928,0.289833,0.288396,-4.03112,-4.17604,5.13189,4.92967,0.963938,0.953389,0.140267,0.136654,0.195494,0.233493,1.63397,1.77972,1.85041,2.08017,2.2039,2.27715,2.33499,1.63307,1.75919,1.77972,1.92151,2.2039,2.27106,2.33419,0.949066,0.974533,0.974533,0.979626,0.98472,0.98472,0.988115,0.952462,0.974533,0.974533,0.974533,0.98472,0.98472,0.988115,-4.46289,-4.27952,-4.23529,-4.04732,-4.0137,-4.00718,-3.8462,-4.52623,-4.39279,-4.28642,-4.19443,-4.02604,-4.01413,-3.98867,0.900572,0.939503,0.949155,0.962898,0.973734,0.977,0.98902,0.886327,0.93186,0.939503,0.953389,0.977,0.9695,0.972765,2.42626,2.40588,2.39483,0.0291053,2.05937,2.24091,2.31805,2.4171,2.518,2.54686,2.59867,2.52401,2.3618,2.42181,0.0224771,2.16819,2.24346,2.33597,2.40588,2.52401,2.54685,2.59638,4.35566,4.31565,4.30718,0.025143,4.11629,4.16414,4.20436,4.27017,4.35566,4.47407,4.60316,4.25548,4.13768,4.26226,0.0243814,3.93152,4.12079,4.17968,4.25548,4.31488,4.38322,4.52917,3.07236,2.37988,2.67871,0.0881335,1.96683,2.17063,2.26475,2.54354,2.83104,3.11532,3.85002,2.36203,2.11146,2.4995,0.0740464,1.79977,1.96605,2.20555,2.49339,2.71604,2.77078,3.15202,4.73314,4.28216,4.46375,0.0674376,3.9857,4.09144,4.13088,4.36823,4.54088,4.84136,5.32187,4.36694,4.08188,4.30898,0.0584027,3.60108,3.99143,4.09162,4.32539,4.46388,4.54679,4.80928,-9999,-9999
201508,23.575,1.0,21.779,1.895,1.0,24.847,2.963,1.0,24.28,22.67,1.587,25.43,1.711,23.575,1.0,21.779,1.895,1.0,24.847,2.963,1.0,429.882,240.656,1.0,77.058,240.656,1.0,384.234,1.0,381.213,384.234,1.0,426.094,1.0,424.837,426.094,1.0,8.062,1.0,7.52,8.062,1.0,98.547,98.531,1.0,1.151,1.565,1.0,2.016,2.09,1.0,0.2617531834677419,1.0,161.08202279508063,1.0,461.97725561398653,1.0,19.913337770062498,1.0,27.147657353534946,1.0,436.00416727520167,1.0,400.572,1.0,22.052,1.0,33.03,1.0,2.25828,1.0,91.799,1.0,123.817,1.23091,25.9543,1.0,35.0067,0.578065,1.0,1,19.9355,28.0645,19.9355,28.0645,-3.14441,-3.2114,0.939516,0.926747,0.114965,0.113561,0.233871,0.30889,-3.05868,-3.12536,0.951613,0.939516,0.10846,0.11444,0.230743,0.309214,-3.24762,-3.33256,0.94123,0.925504,0.0320791,0.0429466,-3.68,-3.50016,-3.34661,-3.15757,-3.11733,-3.09284,-3.07448,-3.92201,-3.69024,-3.52313,-3.16357,-3.13583,-3.11573,-3.08618,0.875672,0.903898,0.918011,0.978495,0.949597,0.955645,0.958333,0.865591,0.899194,0.905242,0.97043,0.939516,0.950269,0.944892,4.84589,4.69185,1.25174,1.20501,0.951758,0.927181,0.136218,0.141699,0.372632,0.357551,-8.62716,-8.62224,8.32888,8.31628,0.930798,0.927213,0.154746,0.157752,0.389007,0.40406,4.84081,4.86585,1.25892,1.24239,0.978992,0.951758,0.130427,0.145619,0.370555,0.359122,-8.48368,-8.60969,8.44544,8.32009,0.933267,0.930798,0.152878,0.15768,0.388268,0.404032,3.90812,4.07825,4.10151,4.37768,4.55528,4.77194,4.84081,3.64264,4.06418,4.08533,4.36074,4.51932,4.72073,4.839,1.0,1.0,0.998302,0.90002,0.909423,0.98586,0.978992,0.854455,0.99523,0.90002,0.90002,0.907887,0.98586,0.951758,-8.94147,-8.83687,-8.72203,-8.4891,-8.17421,-8.12306,-8.05586,-9.0221,-8.91827,-8.85306,-8.62224,-8.28723,-8.17428,-8.1065,0.886015,0.901546,0.925854,0.928613,0.95592,0.956992,0.980516,0.877034,0.900433,0.911886,0.927213,0.952543,0.95592,0.958105,5.04006,5.093,4.74037,0.0548634,4.07562,4.34185,4.4816,4.71047,4.99965,5.0848,5.27038,4.95964,5.12324,4.75206,0.0510494,4.19747,4.33882,4.50537,4.82425,4.99965,5.05883,5.12344,8.18576,8.21836,8.07293,0.062039,7.52944,7.68459,7.79625,8.07322,8.18571,8.23764,9.06034,8.13473,8.18192,7.99968,0.0605862,7.27772,7.64432,7.73568,8.08582,8.19245,8.23553,8.25081,7.67375,6.88307,7.2705,0.178696,5.40839,5.89215,6.56212,7.50342,7.90253,7.97461,9.26359,7.10406,6.96112,7.00787,0.170749,4.80407,5.96962,6.22716,7.0821,7.65211,7.90919,8.11398,9.92911,9.55783,9.63818,0.106317,8.50983,8.72859,9.10095,9.78894,10.0589,10.1803,10.6049,9.83361,9.46685,9.45968,0.110008,8.15588,8.72784,8.99638,9.52445,9.98154,10.0916,10.1672,-9999,-9999
201509,22.444,1.0,20.624,2.145,1.0,24.034,3.329,1.0,18.916,17.41,1.785,20.233,1.666,22.444,1.0,20.624,2.145,1.0,24.034,3.329,1.0,360.463,211.622,1.0,49.478,211.622,1.0,374.57,1.0,361.568,374.57,1.0,409.61,1.0,394.898,409.61,1.0,9.434,1.0,6.537,9.434,1.0,98.549,98.622,1.0,6.734,0.71,1.0,1.953,2.329,1.0,0.28947735069444447,1.0,132.3291482300444,1.0,404.271357355752,1.0,19.01198305331507,1.0,23.493986444155553,1.0,429.45752505631947,1.0,405.23,1.0,20.774,1.0,23.914,1.0,1.04029,1.0,68.4891,1.0,91.012,0.857741,30.3095,1.0,40.2769,0.665738,1.0,1,22.3333,25.6667,22.3333,25.6667,-1.71479,-1.93298,0.95,0.930556,0.0701036,0.0682581,0.136131,0.138507,-1.69146,-1.70991,0.953472,0.95,0.0706227,0.070343,0.136399,0.139547,-1.74016,-1.72935,0.942743,0.928542,0.0152519,0.0176231,-1.91908,-1.88688,-1.8167,-1.71307,-1.66595,-1.6535,-1.63499,-1.92191,-1.87728,-1.81628,-1.71039,-1.65775,-1.63623,-1.61746,0.915972,0.915278,0.904167,0.975,0.960417,0.966667,0.961806,0.922222,0.916667,0.904167,0.972222,0.966667,0.882639,0.961806,3.83606,3.43912,1.2905,0.996006,0.974747,0.942785,0.076905,0.0696349,0.224326,0.209989,-6.37957,-6.43722,5.70207,5.63733,0.927771,0.918686,0.107352,0.107053,0.125503,0.124066,3.85674,3.84771,1.32914,1.29017,0.974747,0.974747,0.0776595,0.0757471,0.224586,0.212094,-6.35335,-6.38044,5.71577,5.7013,0.934288,0.927771,0.107852,0.108287,0.125931,0.125132,3.41259,3.47454,3.55085,3.74272,3.8543,3.89601,3.91835,3.43912,3.50099,3.53721,3.77683,3.88893,3.89721,3.94908,0.921068,0.919679,0.853415,0.974747,0.974747,0.974747,0.974747,0.942785,0.92417,0.914917,0.887139,0.974747,0.974747,0.892262,-6.43591,-6.39272,-6.3806,-6.33849,-6.28346,-6.26269,-6.15769,-6.42798,-6.39206,-6.38727,-6.33732,-6.28346,-6.26665,-6.17675,0.917353,0.888883,0.927771,0.947077,0.949585,0.957701,0.968115,0.91232,0.89633,0.909649,0.942091,0.949585,0.949585,0.85591,4.08175,4.17182,4.01039,0.0199,3.83015,3.8905,3.90757,3.97495,4.09381,4.13714,4.18494,4.12288,4.07999,3.98498,0.0255571,3.63139,3.89693,3.90846,3.97956,4.10482,4.13423,4.14532,5.80645,5.88173,5.73975,0.0117162,5.60088,5.67673,5.69975,5.74925,5.78498,5.80354,5.81257,5.78883,5.77145,5.72514,0.0195396,5.41329,5.63772,5.69812,5.7693,5.78883,5.80019,5.8235,3.52863,3.23631,3.59204,0.0872079,3.01776,3.15851,3.27152,3.4108,3.77376,3.99614,4.61241,2.97995,3.16091,3.4106,0.0598515,2.97995,3.06099,3.13813,3.35475,3.46368,3.77032,4.24289,5.53577,5.46682,5.62762,0.0499491,5.27613,5.39394,5.42897,5.5004,5.81173,5.90622,6.19124,5.44539,5.3988,5.50967,0.0365352,5.13754,5.28679,5.31696,5.46602,5.57621,5.80257,5.95947,-9999,-9999
201510,15.241,1.0,14.002,2.742,1.0,16.553,3.384,1.0,15.006,13.676,1.778,16.437,1.553,15.241,1.0,14.002,2.742,1.0,16.553,3.384,1.0,278.149,145.149,1.0,34.161,145.149,1.0,331.919,1.0,346.878,331.919,1.0,343.923,1.0,372.512,343.923,1.0,7.4,1.0,6.033,7.4,1.0,98.548,98.767,1.0,6.007,0.531,0.936828,1.782,2.618,1.0,0.3714653071236559,1.0,69.82643128808871,1.0,270.60129586235155,1.0,15.309868208700202,1.0,16.579208696508065,1.0,389.38660156767475,1.0,412.012,1.0,15.179,1.0,19.915,1.0,-3.75105,1.0,19.8209,0.998656,27.1222,0.355216,33.8947,1.0,46.3801,0.824986,0.998656,1,24.871,23.129,24.871,23.129,0.227691,0.232441,0.965054,0.965054,0.05693,0.0568783,0.076628,0.0789114,0.193655,0.225956,0.974462,0.965054,0.0562841,0.0568637,0.0761493,0.0789009,0.224671,0.251585,0.971052,0.9667,0.0104037,0.0122264,0.128668,0.176834,0.198673,0.213142,0.237571,0.279417,0.330126,0.168082,0.193979,0.199782,0.219269,0.277333,0.303375,0.436789,0.99664,0.985887,0.965726,0.974462,0.965054,0.958333,0.953629,0.985887,0.975134,0.985215,0.965726,0.957661,0.954973,0.946909,2.15823,2.15823,0.737732,0.737732,0.954839,0.954839,0.0466395,0.0474406,0.0648888,0.0816665,-1.80678,-1.79763,3.23836,3.22749,0.976439,0.976439,0.100922,0.101668,0.111254,0.11536,2.10975,2.15888,0.776495,0.736896,0.967742,0.954839,0.0465098,0.0473047,0.0647957,0.0815876,-1.82393,-1.81109,3.24567,3.2426,0.981873,0.976439,0.10084,0.101709,0.111179,0.115396,2.02497,2.10668,2.11995,2.14285,2.17323,2.19691,2.26297,2.10402,2.11482,2.1318,2.15823,2.19933,2.24777,2.34261,1.0,0.989677,0.954839,0.983226,0.953495,0.953495,0.952151,0.989677,0.954839,0.967742,0.954839,0.953495,0.952151,0.949462,-1.86319,-1.85086,-1.83439,-1.81644,-1.79064,-1.75722,-1.71921,-1.85295,-1.84644,-1.8283,-1.8069,-1.75613,-1.73742,-1.62051,0.995729,0.98156,0.983218,0.977841,0.971068,0.959959,0.95581,0.983218,0.978946,0.98029,0.976439,0.959959,0.958556,0.940844,2.3198,2.33701,2.32368,0.00969952,2.22002,2.26371,2.27857,2.31788,2.38886,2.39818,2.40839,2.2534,2.26492,2.2953,0.0128901,2.14075,2.22977,2.26431,2.29247,2.33228,2.37752,2.3996,2.10053,2.11105,2.0721,0.00662532,1.95422,2.05017,2.06392,2.07892,2.09564,2.10312,2.117,2.05145,2.07127,2.07063,0.00670743,1.93366,2.03082,2.05819,2.07972,2.09148,2.10754,2.11749,1.41694,1.4568,1.55803,0.0238918,1.40265,1.43856,1.44597,1.46455,1.67448,1.75089,1.799,1.44462,1.49372,1.5152,0.0191349,1.38575,1.43279,1.44462,1.45919,1.52138,1.6698,1.76039,1.51555,1.57969,1.6776,0.0235312,1.51555,1.56533,1.57324,1.58953,1.76742,1.90998,1.93956,1.58192,1.59117,1.65432,0.020513,1.52364,1.56619,1.57327,1.58943,1.72215,1.77159,1.9363,-9999,-9999
201511,10.271,1.0,9.561,2.647,1.0,11.194,2.849,1.0,10.349,8.802,2.402,12.385,2.149,10.271,1.0,9.561,2.647,1.0,11.194,2.849,1.0,205.728,97.447,1.0,22.601,97.447,1.0,309.513,1.0,315.096,309.513,1.0,310.879,1.0,324.079,310.879,1.0,4.983,1.0,5.905,4.983,1.0,98.59,98.752,1.0,3.518,6.347,1.0,2.016,3.151,0.991667,0.47201380810495386,0.9916666666666668,32.88089917271041,1.0,179.55622884264932,1.0,11.829839452732083,1.0,11.108383600324306,1.0,361.8050243552083,1.0,415.063,1.0,10.591,1.0,31.531,1.0,-7.12863,1.0,9.62513,0.992361,15.1068,0.284869,15.66,1.0,24.5787,0.706068,0.992361,1,27.2333,20.7667,27.2333,20.7,1.06824,1.06248,0.975694,0.975694,0.0519379,0.0520119,0.0534176,0.0540206,1.05577,1.0605,0.975694,0.976389,0.0518608,0.0517706,0.0533427,0.0537883,1.05477,1.05362,0.97783,0.975469,0.00330953,0.00334289,1.02364,1.04327,1.05011,1.05739,1.06524,1.06824,1.07739,1.0181,1.0385,1.0499,1.05568,1.0633,1.06768,1.07739,0.959028,0.973611,0.976389,0.975694,0.975,0.975694,0.978472,0.959722,0.959028,0.975,0.979167,0.976389,0.982639,0.978472,1.50807,1.49853,0.961981,0.961583,0.987559,0.987559,0.0515208,0.0525419,0.0568607,0.0577584,0.399398,0.399627,2.41267,2.41275,0.960599,0.960599,0.0932405,0.0932307,0.0969904,0.0980522,1.46722,1.48977,0.973983,0.956746,0.987559,0.987559,0.05137,0.0521285,0.0567241,0.0573826,0.425234,0.406614,2.41382,2.41621,0.960527,0.962114,0.0939394,0.0929634,0.0976625,0.097798,1.43889,1.4636,1.47076,1.48977,1.50563,1.51171,1.51858,1.44152,1.46509,1.47349,1.49743,1.50601,1.51306,1.52118,0.990123,0.990123,0.990123,0.987559,0.993827,0.990123,0.987559,0.990123,0.988841,0.990123,0.987559,0.993827,0.987559,0.987559,0.331783,0.368277,0.386528,0.411838,0.419673,0.421694,0.425016,0.329369,0.360652,0.370418,0.403077,0.418763,0.421389,0.424875,0.959012,0.959084,0.959012,1.0,0.962186,0.962186,0.960527,0.949625,0.962114,0.959084,0.968391,0.960527,0.965216,0.960527,1.6473,1.64214,1.6367,0.00236988,1.60695,1.61598,1.62847,1.63681,1.64788,1.6516,1.65853,1.59209,1.62278,1.6289,0.00583695,1.59045,1.61243,1.62774,1.63501,1.64354,1.64788,1.65505,0.582341,0.581641,0.583076,0.00384163,0.553656,0.566875,0.571725,0.577424,0.588297,0.590205,0.612379,0.541976,0.567016,0.574129,0.003508,0.541976,0.554901,0.569347,0.575994,0.581641,0.58897,0.597356,1.83372,1.77686,1.82171,0.0112104,1.70369,1.76454,1.78712,1.82371,1.83897,1.856,1.89165,1.73436,1.76936,1.79893,0.0103418,1.65943,1.72402,1.76178,1.81552,1.84031,1.84797,1.87895,0.724284,0.713128,0.727078,0.00538611,0.655062,0.705048,0.712939,0.725329,0.735578,0.741838,0.786886,0.702755,0.697674,0.714521,0.00523904,0.634015,0.684018,0.702755,0.71921,0.729156,0.735293,0.76157,-9999,-9999
201512,6.37,1.0,5.834,2.417,1.0,7.128,2.365,1.0,7.73,6.237,2.237,9.861,2.239,6.37,1.0,5.834,2.417,1.0,7.128,2.365,1.0,170.321,69.151,1.0,18.189,69.151,1.0,298.036,1.0,312.317,298.036,1.0,298.348,1.0,319.844,298.348,1.0,2.743,1.0,5.53,2.743,1.0,98.619,98.39,1.0,0.248,5.642,1.0,1.286,3.329,0.999328,0.46082542756234274,0.9993279569892474,14.137128133434814,1.0,126.77160278470228,1.0,8.479784771946237,1.0,8.216760833782931,1.0,343.6842019757393,1.0,415.372,0.993952,7.442,1.0,41.136,1.0,-7.33846,1.0,5.28271,0.99664,8.25131,0.159243,5.10933,0.997984,7.98049,0.580975,2.0,2,28.2581,19.7419,28.2581,19.7419,0.615032,0.613032,0.989919,0.989919,0.0401174,0.0401815,0.0416106,0.0416609,0.615204,0.616308,0.990591,0.989919,0.0403065,0.0403701,0.0417929,0.0418429,0.606829,0.605213,0.990071,0.989247,0.00194471,0.00183409,0.579057,0.595312,0.600405,0.610304,0.615032,0.617406,0.620866,0.581038,0.593522,0.597416,0.60783,0.614222,0.61553,0.618648,0.986559,0.990591,0.990591,0.990591,0.989919,0.989919,0.989919,0.986559,0.986559,0.990591,0.993952,0.989919,0.989919,0.988575,0.981657,0.981421,0.940895,0.940841,1.0,1.0,0.0439318,0.0443034,0.0466386,0.0468805,0.033759,0.0294781,1.94449,1.94406,0.975806,0.975806,0.0707198,0.069583,0.0720606,0.0725339,0.980087,0.985396,0.960704,0.939825,1.0,1.0,0.0438252,0.0441605,0.0465383,0.0467455,0.0368854,0.0311756,1.97124,1.97003,0.977419,0.975806,0.0705928,0.070364,0.071936,0.0732834,0.945974,0.957494,0.96469,0.977707,0.985531,0.988809,0.990576,0.953328,0.95755,0.964696,0.977697,0.984948,0.988209,0.991452,1.0,1.0,1.0,1.0,1.0,1.0,1.0,1.0,1.0,1.0,1.0,1.0,1.0,1.0,-0.00548204,0.010051,0.0178039,0.0269091,0.0361905,0.0377233,0.0446321,-0.0101937,-0.00466013,0.0070078,0.0233549,0.0299157,0.0362968,0.0399224,0.967742,0.977419,0.977419,0.972581,0.985484,0.977419,0.985484,0.966129,0.970968,0.970968,0.975806,0.977419,0.975806,0.975806,1.07768,1.07885,1.08135,0.00846949,1.01623,1.03276,1.0486,1.07768,1.09648,1.10077,1.17957,1.05828,1.07006,1.06493,0.00734347,0.978859,1.02112,1.04163,1.07132,1.09052,1.09835,1.10356,0.463454,0.462537,0.476135,0.00887892,0.404685,0.432749,0.443905,0.462338,0.49146,0.512565,0.586048,0.449127,0.454859,0.458105,0.00683778,0.385004,0.422663,0.436303,0.454553,0.480265,0.483256,0.514081,0.862555,0.876549,0.893833,0.00801886,0.818264,0.843714,0.857481,0.886217,0.919335,0.951785,0.971011,0.969391,0.932112,0.895034,0.0083177,0.804529,0.840635,0.857305,0.893933,0.93256,0.96655,0.972901,0.406149,0.444849,0.431693,0.00382429,0.388532,0.406149,0.412853,0.43564,0.447806,0.45071,0.46297,0.442109,0.424617,0.425826,0.00389345,0.376869,0.39703,0.40783,0.426283,0.445922,0.448647,0.460487,-9999,-9999
201601,-0.14,1.0,-0.789,3.022,1.0,0.753,2.603,1.0,7.999,6.625,2.304,9.881,1.862,-0.14,1.0,-0.789,3.022,1.0,0.753,2.603,1.0,187.375,98.539,1.0,21.818,98.539,1.0,262.383,1.0,305.822,262.383,1.0,241.102,1.0,309.946,241.102,1.0,2.327,1.0,6.114,2.327,1.0,98.577,98.708,1.0,0.712,0.406,1.0,2.271,3.121,1.0,0.42248056989247323,1.0,32.95132382810484,1.0,177.99689934319355,1.0,16.28419451453797,1.0,12.928504267850807,1.0,313.93309397614246,1.0,414.147,0.991935,2.674,1.0,39.665,1.0,-8.6776,1.0,4.65508,0.999328,7.23572,0.118687,22.0772,1.0,34.3161,0.667504,0.999328,1,27.8387,20.1613,27.8065,20.0323,0.327373,0.320315,0.989247,0.989247,0.0290866,0.0293961,0.0321498,0.03389,0.328344,0.326907,0.991263,0.989247,0.0291049,0.0292374,0.0321664,0.0337524,0.313619,0.309003,0.988962,0.985585,0.00194708,0.00292788,0.289856,0.299853,0.3079,0.313899,0.320935,0.327245,0.333645,0.282983,0.291458,0.295471,0.311323,0.320315,0.325186,0.33157,0.984543,0.987903,0.991263,0.991263,0.988575,0.991263,0.991263,0.960349,0.984543,0.987903,0.991263,0.989247,0.991263,0.991263,0.705451,0.698945,0.571407,0.566731,0.997611,0.997611,0.0315742,0.0319921,0.0405711,0.0415067,-0.225391,-0.232465,1.5861,1.58537,0.977949,0.977949,0.0510263,0.0510319,0.054411,0.0533029,0.6974,0.705387,0.590999,0.571376,1.0,0.997611,0.0315454,0.0315761,0.0405487,0.0411868,-0.211754,-0.226426,1.59927,1.58558,0.979485,0.977949,0.0506827,0.0510482,0.0540888,0.0533185,0.641275,0.651925,0.663355,0.668627,0.6971,0.702879,0.710217,0.637731,0.650024,0.656427,0.667963,0.6971,0.702913,0.710217,1.0,1.0,0.996416,1.0,1.0,0.997611,0.997611,0.954002,0.954002,0.996416,1.0,1.0,1.0,0.997611,-0.244767,-0.237744,-0.232097,-0.214101,-0.210494,-0.199962,-0.196644,-0.247226,-0.240982,-0.236424,-0.217388,-0.210794,-0.210196,-0.199381,0.977949,0.977949,0.976336,0.979485,0.979485,0.979485,0.979485,0.959362,0.977949,0.976336,0.95629,0.979485,0.979485,0.979485,0.669725,0.670611,0.679435,0.0025422,0.6443,0.667461,0.669725,0.67814,0.689988,0.693957,0.705605,0.649503,0.683666,0.677638,0.00275596,0.641055,0.662897,0.668684,0.67611,0.690157,0.692111,0.705188,0.342792,0.343703,0.370432,0.00314781,0.336786,0.349342,0.360811,0.368363,0.378495,0.386863,0.410974,0.340219,0.355321,0.364019,0.00262595,0.331165,0.343238,0.356242,0.36553,0.369186,0.375413,0.389796,0.417031,0.39022,0.38649,0.013746,0.279184,0.318872,0.353156,0.380677,0.406454,0.413825,0.431602,0.408824,0.407854,0.386497,0.00581143,0.311399,0.350431,0.372599,0.39022,0.405988,0.411442,0.437273,0.264097,0.244561,0.24658,0.00611984,0.214181,0.22451,0.233181,0.238928,0.254048,0.256012,0.275182,0.244942,0.244283,0.242784,0.00209113,0.220011,0.229544,0.234556,0.240563,0.253863,0.254983,0.262603,-9999,-9999
201602,4.104,1.0,3.167,2.58,1.0,5.191,2.887,1.0,8.24,6.676,2.142,10.069,1.789,4.104,1.0,3.167,2.58,1.0,5.191,2.887,1.0,249.121,122.306,1.0,29.526,122.306,1.0,283.089,1.0,300.701,283.089,1.0,269.22,1.0,302.141,269.22,1.0,4.303,1.0,6.515,4.303,1.0,98.558,98.625,1.0,0.481,0.417,1.0,2.878,3.515,1.0,0.5119590567528736,1.0,55.94903032005747,1.0,223.00078041376221,1.0,14.867998723816667,1.0,13.515986500693247,1.0,334.765174547342,1.0,414.412,0.993534,3.921,1.0,38.436,1.0,-3.22799,1.0,7.93034,0.997126,10.0467,0.214428,38.5585,1.0,48.8484,0.755787,0.997126,1,25.8621,22.1379,25.8621,22.1034,0.395181,0.410167,0.994253,0.994253,0.0360056,0.0360681,0.0402137,0.0490524,0.398363,0.395181,0.993534,0.994253,0.0369896,0.0360056,0.0410971,0.0490064,0.412684,0.42534,0.992511,0.990912,0.00396293,0.00534817,0.382731,0.395181,0.398574,0.407797,0.420754,0.430999,0.465819,0.392568,0.396222,0.401751,0.410167,0.430999,0.462712,0.482129,0.993534,0.994253,0.993534,0.994253,0.993534,0.992816,0.989943,0.993534,0.993534,0.994253,0.994253,0.992816,0.990661,0.98204,0.890283,0.916638,0.707905,0.680704,1.0,1.0,0.0355175,0.0341402,0.0386275,0.040429,-0.203058,-0.202079,2.04283,2.04314,0.988006,0.988006,0.0651961,0.0639777,0.0684896,0.0781185,0.912185,0.890283,0.734727,0.707905,1.0,1.0,0.0355463,0.0344148,0.0386541,0.0406612,-0.221933,-0.203058,2.06958,2.04283,0.986507,0.988006,0.0652181,0.0636213,0.0685106,0.0778269,0.87471,0.898438,0.905455,0.912378,0.918587,0.928809,0.954489,0.890297,0.905716,0.910226,0.91393,0.928809,0.949027,1.00034,1.0,1.0,1.0,1.0,1.0,1.0,1.0,1.0,1.0,1.0,1.0,1.0,1.0,1.0,-0.225036,-0.221804,-0.212959,-0.2024,-0.185234,-0.179838,-0.132609,-0.225877,-0.22083,-0.208075,-0.197475,-0.171753,-0.131179,-0.118664,0.988006,0.986507,0.986507,0.988006,0.986507,0.986507,0.96911,0.986507,0.986507,0.988006,0.988006,0.984722,0.978514,0.980013,0.976006,0.976001,1.0122,0.00597225,0.976006,0.984916,0.992528,0.996814,1.02549,1.0328,1.0812,0.981548,0.99292,0.997489,0.00559818,0.948487,0.976348,0.987205,0.993423,1.00648,1.02254,1.0401,0.580813,0.58082,0.586859,0.0023952,0.566485,0.570606,0.571857,0.584695,0.599981,0.600766,0.609126,0.582973,0.594557,0.584804,0.00296093,0.564754,0.570321,0.57204,0.583396,0.598545,0.600687,0.605613,0.95372,0.957113,0.959914,0.0175596,0.848353,0.862396,0.880585,0.95372,0.980627,0.984714,1.17436,0.985874,0.985978,0.945159,0.0126679,0.847926,0.858504,0.894224,0.945464,0.977193,0.985762,0.991832,0.607803,0.609053,0.609602,0.00808321,0.554421,0.562785,0.571986,0.603695,0.617685,0.628828,0.678959,0.631295,0.629494,0.605194,0.00596431,0.550545,0.563877,0.588241,0.603695,0.619008,0.626339,0.634063,-9999,-9999
201603,10.838,1.0,9.751,3.206,1.0,11.857,3.112,1.0,8.262,6.338,2.342,10.11,2.097,10.838,1.0,9.751,3.206,1.0,11.857,3.112,1.0,332.227,147.998,1.0,54.827,147.998,1.0,317.576,1.0,298.244,317.576,1.0,321.266,1.0,298.398,321.266,1.0,5.342,1.0,6.432,5.342,1.0,98.542,98.321,1.0,1.768,1.726,1.0,2.303,3.272,0.99664,0.4889499111344865,0.9966397849462366,81.24637095143683,1.0,273.837025811839,1.0,15.776954471947649,1.0,15.082498766893819,1.0,368.19795677069885,1.0,413.36,0.995296,9.096,1.0,40.675,1.0,2.67194,1.0,15.9187,0.999328,22.5007,0.330646,39.7191,0.998656,56.1423,0.867982,0.998656,1,23.4516,24.5484,23.4516,24.5484,0.676325,0.668314,0.992608,0.992608,0.0496496,0.0493582,0.0665903,0.0606683,0.646859,0.676325,0.992608,0.992608,0.0495412,0.0496496,0.0665095,0.0609057,0.63331,0.648745,0.991919,0.990659,0.00716387,0.00699372,0.566159,0.58022,0.605939,0.635693,0.665519,0.668971,0.691027,0.569991,0.606184,0.626992,0.646388,0.668526,0.676737,0.697151,0.992608,0.994624,0.99328,0.992608,0.988575,0.992608,0.992608,0.993952,0.99328,0.992608,0.991263,0.992608,0.992608,0.986559,1.98371,1.96741,0.980896,0.97975,1.0,1.0,0.0542116,0.0532372,0.0892883,0.105109,-0.61314,-0.612932,2.75515,2.75431,0.985619,0.985619,0.077855,0.0778646,0.0877109,0.0887705,1.92214,1.98371,0.982772,0.980896,1.0,1.0,0.0540573,0.0542043,0.0891947,0.105603,-0.61105,-0.61314,2.79038,2.75515,0.985731,0.985619,0.0777615,0.0779135,0.087628,0.0888134,1.82984,1.85724,1.86874,1.92503,1.98371,1.99913,2.05715,1.85457,1.86867,1.88113,1.96738,2.01282,2.04994,2.10776,1.0,1.0,1.0,1.0,1.0,1.0,0.998534,1.0,1.0,1.0,1.0,0.998534,0.998534,0.998534,-0.70323,-0.692764,-0.679604,-0.637035,-0.612985,-0.611972,-0.595214,-0.721813,-0.695748,-0.685851,-0.63724,-0.612932,-0.610488,-0.604178,0.976637,0.98842,0.983138,0.987076,0.985731,0.985731,0.985619,0.975346,0.981848,0.980508,0.987076,0.985619,0.984329,0.985731,1.98255,1.98189,2.01357,0.00722784,1.94164,1.97359,1.98342,2.00161,2.03323,2.05552,2.11385,1.96197,1.99875,1.99505,0.00763169,1.93025,1.9661,1.97359,1.98605,2.01575,2.03247,2.0561,1.30581,1.30557,1.36482,0.00495138,1.30581,1.34311,1.35184,1.36255,1.37556,1.39104,1.42348,1.32777,1.35189,1.36174,0.00426929,1.30921,1.32219,1.35449,1.36382,1.37444,1.38138,1.3994,1.53909,1.64043,1.74711,0.0446796,1.44894,1.52361,1.53822,1.68172,1.87765,1.94086,2.06572,1.66703,1.72104,1.67425,0.0346101,1.44468,1.48116,1.52823,1.59892,1.82226,1.87947,1.95806,1.10597,1.15636,1.19571,0.0189911,1.0673,1.09804,1.10597,1.17276,1.24266,1.27199,1.33577,1.12872,1.19144,1.16428,0.014518,1.06816,1.08094,1.1058,1.12876,1.22058,1.2414,1.30649,-9999,-9999
201604,15.054,1.0,13.358,2.88,1.0,16.353,3.547,1.0,11.132,9.344,1.825,12.497,1.948,15.054,1.0,13.358,2.88,1.0,16.353,3.547,1.0,410.484,222.821,1.0,72.252,222.821,1.0,325.603,1.0,318.485,325.603,1.0,341.376,1.0,329.243,341.376,1.0,7.243,1.0,6.396,7.243,1.0,98.536,98.434,1.0,1.585,2.753,1.0,2.437,3.334,0.998611,0.489330201268116,0.9986111111111111,133.2389600006157,0.9993055555555554,418.07096906344435,1.0,23.645791836535626,1.0,23.830899822346527,1.0,389.77847711,1.0,414.692,1.0,12.736,1.0,41.298,1.0,5.3065,1.0,28.6972,0.999306,41.0527,0.540884,60.8467,1.0,87.044,0.958508,0.998611,1,20.8,27.2,20.8,27.2,1.06661,1.04631,0.996528,0.995139,0.0663943,0.0670059,0.0891707,0.0948216,1.02358,1.06661,0.996528,0.996528,0.066318,0.0663943,0.0891138,0.0943904,1.01793,1.03752,0.995382,0.992778,0.00979798,0.00824512,0.901334,0.955832,0.972059,1.02708,1.05975,1.07488,1.09773,0.949608,0.962904,1.00872,1.0423,1.06834,1.09709,1.11564,0.998611,0.997222,0.997917,0.997222,0.996528,0.995139,0.976389,0.997917,0.997222,0.997222,0.996528,0.995139,0.990278,0.983333,3.18043,3.18129,1.30434,1.30399,0.998413,0.998413,0.0761773,0.0769649,0.134041,0.147934,-0.583766,-0.617973,3.85846,3.81133,0.995058,0.992677,0.0967472,0.0975704,0.0998361,0.100756,3.14466,3.18043,1.31619,1.30434,0.998413,0.998413,0.0755066,0.0770328,0.133661,0.147969,-0.630272,-0.583766,3.88532,3.85846,0.995058,0.995058,0.096875,0.096322,0.0999599,0.0995474,2.88028,3.03569,3.06761,3.14554,3.19924,3.25627,3.31093,3.02813,3.05826,3.12861,3.18043,3.26316,3.31093,3.35571,1.0,0.998413,1.0,0.998413,0.998413,0.998413,0.985714,0.998413,0.998413,0.998413,0.998413,0.998413,0.985714,0.985714,-0.673985,-0.667728,-0.658062,-0.634453,-0.624113,-0.618444,-0.592338,-0.73742,-0.668243,-0.658663,-0.634684,-0.621546,-0.617973,-0.608859,0.996249,0.996249,0.996249,0.996249,0.989014,0.992677,0.992677,0.946418,0.996249,0.996249,0.975563,0.992677,0.992677,0.992677,3.5826,3.5826,3.58932,0.0193582,3.42043,3.45072,3.52884,3.57436,3.65667,3.68427,3.80817,3.57274,3.54467,3.52758,0.0233767,3.18372,3.42267,3.45074,3.53732,3.58665,3.65218,3.68427,2.51599,2.51599,2.55179,0.0129271,2.4685,2.4843,2.50779,2.5246,2.58478,2.59333,2.67314,2.54243,2.52109,2.50966,0.0143158,2.28238,2.46684,2.48722,2.5105,2.54243,2.57747,2.58905,2.88323,2.89273,2.90066,0.0210381,2.74746,2.82486,2.83755,2.87521,2.89765,2.9336,3.13716,2.89203,2.94179,2.88291,0.00935829,2.78173,2.83436,2.8475,2.88223,2.90054,2.93108,2.97955,2.1982,2.20741,2.21952,0.0161175,2.10896,2.15684,2.17228,2.19679,2.22528,2.25294,2.39041,2.21356,2.23825,2.20503,0.00792426,2.13975,2.15684,2.17996,2.19812,2.21863,2.23186,2.3038,-9999,-9999
201605,18.091,1.0,16.125,2.262,1.0,19.345,3.148,1.0,14.471,12.368,1.721,15.813,2.034,18.091,1.0,16.125,2.262,1.0,19.345,3.148,1.0,464.208,250.746,1.0,85.418,250.746,1.0,349.996,1.0,327.388,349.996,1.0,373.467,1.0,342.812,373.467,1.0,7.653,1.0,6.895,7.653,1.0,98.542,98.495,1.0,0.747,2.861,1.0,2.165,2.526,0.995968,0.36894141333035835,0.9959677419354839,162.7910419555472,0.9993279569892473,473.8268433379261,1.0,20.957256488094554,1.0,33.2056133035625,1.0,403.597977490121,1.0,411.501,0.999328,15.492,1.0,40.321,1.0,4.84389,1.0,76.2005,0.999328,103.568,0.863234,40.198,0.999328,54.6353,0.689293,0.997984,1,18.7097,29.2903,18.6452,29.1613,-4.58877,-4.58361,0.936156,0.93414,0.133187,0.1326,0.143032,0.147357,-4.61047,-4.58877,0.94422,0.936156,0.132868,0.133187,0.142736,0.147886,-4.59985,-4.62783,0.946959,0.93745,0.0114628,0.0130399,-4.72968,-4.65401,-4.6393,-4.60592,-4.57276,-4.54971,-4.4681,-4.809,-4.70989,-4.65327,-4.62431,-4.58937,-4.58133,-4.4831,0.924731,0.933468,0.928763,0.94422,0.957661,0.967742,0.975134,0.867608,0.922715,0.931452,0.944892,0.940188,0.945565,0.97043,4.65459,4.66561,2.0471,2.05317,0.890983,0.890983,0.13967,0.14199,0.170422,0.176296,-10.1841,-10.1811,9.73913,9.73363,0.96503,0.961804,0.191016,0.188732,0.207284,0.207297,4.48857,4.65459,2.0688,2.0471,0.907866,0.890983,0.136826,0.139998,0.1681,0.174695,-10.1151,-10.1841,9.85753,9.73913,0.967257,0.96503,0.190803,0.190363,0.207087,0.208783,4.32747,4.422,4.45834,4.51322,4.54828,4.6173,4.64968,4.26041,4.3709,4.44821,4.50579,4.54828,4.57989,4.64903,0.996604,0.85631,0.922203,0.929372,0.913243,0.978513,0.960687,0.879608,0.865091,0.923995,0.931164,0.913243,0.980306,0.960687,-10.2465,-10.2091,-10.1872,-10.1042,-10.0587,-10.0481,-9.87752,-10.3299,-10.2312,-10.1948,-10.1705,-10.0838,-10.0598,-9.99893,0.960729,0.958504,0.958541,0.971633,0.974858,0.976929,0.987756,0.905996,0.957466,0.966105,0.927912,0.974858,0.974858,0.98457,4.90026,4.91063,4.70915,0.0425923,4.15307,4.45231,4.57864,4.72222,4.84211,4.92724,5.13665,4.79628,4.7566,4.77277,0.043226,4.21189,4.57166,4.58844,4.75326,4.92846,5.03052,5.2423,9.48963,9.49941,9.33698,0.0322675,8.91365,9.16797,9.24218,9.32914,9.46457,9.53416,9.61975,9.3884,9.36707,9.37262,0.0352211,8.91365,9.21209,9.28258,9.33916,9.51204,9.59362,9.70038,5.07834,4.63199,5.30828,0.0814407,4.64471,4.88639,4.97954,5.10362,5.55357,5.78639,6.1982,4.82955,5.27692,5.07293,0.0832039,4.63199,4.82955,4.88639,5.06832,5.2542,5.54531,5.79274,9.64685,9.39986,9.88162,0.0669527,9.37874,9.56756,9.64685,9.71735,10.0785,10.204,10.7521,9.57008,9.70543,9.6795,0.066995,9.17529,9.45853,9.53704,9.65934,9.76495,10.0813,10.347,-9999,-9999
201606,26.179,1.0,24.096,2.116,1.0,27.372,3.329,1.0,19.894,17.64,1.727,21.19,2.033,26.179,1.0,24.096,2.116,1.0,27.372,3.329,1.0,485.865,301.218,1.0,95.052,301.218,1.0,391.626,1.0,347.013,391.626,1.0,434.908,1.0,372.719,434.908,1.0,12.396,1.0,7.553,12.396,1.0,98.549,98.479,1.0,0.297,1.15,1.0,2.16,2.36,0.999306,0.31357980880614655,0.9993055555555556,206.6005198563729,1.0,581.7802957227873,1.0,23.891731857792575,1.0,37.598404194002775,1.0,447.95009757256946,1.0,405.872,1.0,21.401,1.0,30.59,1.0,8.50317,1.0,125.117,0.998611,160.786,1.25489,29.1197,1.0,37.4211,0.672386,0.998611,1,17.5,30.5,17.5,30.4667,-4.73741,-4.74908,0.936806,0.934028,0.138874,0.137959,0.183455,0.178372,-4.68498,-4.73741,0.946528,0.936806,0.140248,0.138874,0.184497,0.179081,-4.81178,-4.80055,0.942101,0.924358,0.0231391,0.0189954,-5.16981,-4.94242,-4.86434,-4.78267,-4.73242,-4.70267,-4.66919,-5.03042,-4.92142,-4.84663,-4.78002,-4.73242,-4.69529,-4.66919,0.996528,0.85,0.990278,0.90625,0.943056,0.927778,0.929861,0.992361,0.856944,0.829167,0.954167,0.943056,0.938194,0.929861,6.73462,6.70432,1.61191,1.60625,0.927233,0.910675,0.147178,0.142063,0.372041,0.33973,-11.0661,-11.0655,10.6129,10.6683,0.943047,0.948566,0.19491,0.192745,0.224738,0.268389,6.70794,6.73462,1.69021,1.61191,0.938344,0.927233,0.145025,0.139921,0.371195,0.338841,-10.9704,-11.0661,10.6726,10.6129,0.951828,0.943047,0.195795,0.194764,0.225505,0.269842,5.31974,6.12053,6.24367,6.61204,6.77092,6.80391,6.8808,6.07965,6.24473,6.44735,6.67955,6.78226,6.86194,7.18283,0.998148,0.986819,0.986819,0.940196,0.906972,0.927233,0.876688,0.992375,0.968192,0.945969,0.906972,0.927233,0.897168,0.779521,-11.3603,-11.1455,-11.0655,-10.998,-10.9542,-10.9217,-10.89,-11.6691,-11.3317,-11.1537,-11.0171,-10.9815,-10.9582,-10.9338,0.874337,0.934301,0.948566,0.95957,0.961756,0.967133,0.986918,0.850502,0.888674,0.930968,0.945305,0.951828,0.961756,0.990179,7.51639,7.51639,7.27014,0.0522925,6.50597,6.99226,7.02129,7.32405,7.53781,7.56878,7.60437,7.36596,7.45639,7.17009,0.0867619,5.88464,6.78003,6.97845,7.32405,7.51639,7.56911,7.66255,12.2534,12.2538,12.0707,0.0410411,11.5776,11.7852,11.8474,12.1137,12.2534,12.2939,12.4112,12.1705,12.1414,11.9819,0.0670635,11.0545,11.6444,11.7896,12.1101,12.2293,12.2868,12.411,5.30351,5.38591,5.10734,0.0938969,3.9724,4.43277,4.72972,5.22959,5.40404,5.50917,6.14346,4.77029,5.12398,5.10915,0.0716249,4.3471,4.52112,4.77029,5.20601,5.38221,5.45633,5.64789,10.8923,10.965,10.8525,0.0626118,10.327,10.4496,10.5623,10.8032,10.9937,11.1765,11.5379,10.9437,10.791,10.7669,0.0435245,10.4007,10.4845,10.5988,10.7013,10.9437,10.9978,11.2609,-9999,-9999
201607,27.086,1.0,25.265,1.694,1.0,28.219,2.898,1.0,22.9,20.997,1.73,24.066,1.993,27.086,1.0,25.265,1.694,1.0,28.219,2.898,1.0,473.253,248.961,1.0,89.768,248.961,1.0,407.935,1.0,363.817,407.935,1.0,465.75,1.0,398.326,465.75,1.0,7.823,1.0,7.748,7.823,1.0,98.557,98.467,1.0,0.729,7.206,1.0,2.148,2.241,0.974462,0.2986022141577061,0.9737903225806451,177.65950348062435,1.0,481.74954534470635,1.0,19.50695121775605,1.0,29.56335003012769,1.0,449.1297898083333,1.0,404.703,1.0,23.252,1.0,37.645,1.0,6.45795,1.0,97.3671,1.0,150.425,1.1043,13.4484,1.0,20.7767,0.54507,1.0,1,18.2581,29.7419,18.2581,29.7419,-4.29539,-4.32289,0.97043,0.969086,0.116745,0.116857,0.194286,0.391722,-4.48176,-4.29539,0.97043,0.97043,0.118045,0.116745,0.195071,0.391688,-4.40393,-4.53115,0.970144,0.961626,0.0453084,0.0587358,-5.20465,-4.57103,-4.46924,-4.33758,-4.291,-4.26043,-4.02594,-5.38118,-5.03912,-4.70247,-4.38829,-4.30036,-4.29135,-4.24081,0.928091,0.955645,0.971102,0.969086,0.981855,0.978495,0.995296,0.856855,0.9375,0.951613,0.975806,0.976478,0.975134,0.983871,5.36837,5.37649,2.13388,2.14229,0.981125,0.981125,0.127956,0.124397,0.251473,0.387076,-10.0314,-10.0803,9.0846,9.04242,0.963723,0.961498,0.166176,0.164916,0.241289,0.447804,4.9754,5.36837,2.09121,2.13388,0.979227,0.981125,0.129054,0.124798,0.252034,0.387205,-10.0754,-10.0314,9.14305,9.0846,0.96462,0.963723,0.165611,0.164608,0.2409,0.447691,4.26113,4.94089,5.04292,5.18545,5.3536,5.37386,5.45722,3.96744,4.63528,4.83457,5.17477,5.30111,5.36837,5.37649,0.929592,0.972436,0.977529,0.979227,0.979227,0.979227,0.986418,0.882053,0.951663,0.964147,0.981125,0.979027,0.981125,0.981125,-10.7597,-10.198,-10.1356,-10.0635,-9.90591,-9.8481,-9.67684,-10.8364,-10.7386,-10.321,-10.0803,-9.98276,-9.90591,-9.83141,0.927736,0.945209,0.958414,0.962611,0.980265,0.97804,0.985827,0.925261,0.928848,0.941944,0.961498,0.97255,0.980265,0.98249,6.98279,6.98279,6.45944,0.0813242,5.22603,6.16106,6.31735,6.51463,6.82455,6.91873,6.98548,6.52253,6.4304,6.50852,0.0625589,5.56733,6.2079,6.30488,6.49769,6.76747,6.94339,6.98654,11.2782,11.2782,10.9906,0.0608605,10.4551,10.5661,10.6462,10.9011,11.2523,11.3004,11.4912,10.9108,10.9122,10.9124,0.0614825,10.3763,10.4898,10.6247,10.9019,11.2541,11.3106,11.407,4.97156,5.04692,5.23789,0.0748794,4.46553,4.77191,4.88624,5.15418,5.57909,5.76234,6.02785,4.95019,5.15604,5.29575,0.0699762,4.73392,4.90601,4.95019,5.14364,5.57755,5.74895,6.025,9.58178,9.58406,9.7231,0.046537,9.33113,9.43503,9.48776,9.66868,9.86874,10.0561,10.2202,9.62428,9.70916,9.71087,0.0420144,9.34164,9.46537,9.48333,9.64577,9.83727,9.96229,10.1344,-9999,-9999
201608,25.085,1.0,23.463,1.646,1.0,26.24,2.651,1.0,22.945,21.05,1.824,24.298,1.873,25.085,1.0,23.463,1.646,1.0,26.24,2.651,1.0,427.963,216.39,1.0,83.867,216.39,1.0,404.378,1.0,367.897,404.378,1.0,414.97,1.0,404.544,414.97,1.0,12.129,1.0,7.405,12.129,1.0,98.563,98.564,1.0,0.484,3.755,1.0,1.981,2.007,1.0,0.26476838306451606,1.0,151.9981428937524,0.9993279569892473,414.47918632377747,1.0,17.212123607299734,1.0,24.345810262659267,1.0,443.5267491048387,1.0,409.636,1.0,23.27,1.0,34.828,1.0,3.3925,1.0,86.8872,0.998656,122.002,1.01233,19.0451,1.0,26.742,0.471172,0.997984,1,20.0,28.0,20.0,27.9677,-1.94853,-1.92814,0.966398,0.969758,0.0977826,0.0984083,0.159873,0.302027,-1.89062,-1.94853,0.97379,0.966398,0.0990206,0.0977826,0.160633,0.301824,-1.95296,-2.02007,0.97001,0.958417,0.0283169,0.0391036,-2.46394,-2.09389,-1.98234,-1.89315,-1.85551,-1.84093,-1.78586,-2.52146,-2.41202,-2.11678,-1.92116,-1.86045,-1.84093,-1.78218,0.918683,0.997312,0.965726,0.97379,0.969086,0.980511,0.994624,0.90121,0.770161,0.959005,0.966398,0.977823,0.980511,0.980511,5.85454,5.92578,1.26783,1.3028,0.993617,0.996689,0.123696,0.133214,0.254148,0.289245,-7.37358,-7.38935,7.49133,7.49632,0.946278,0.94978,0.134246,0.131845,0.225664,0.353608,5.80379,5.85454,1.453,1.26783,0.998302,0.993617,0.125575,0.13055,0.255067,0.288028,-7.24394,-7.37358,7.75153,7.49133,0.955506,0.946278,0.13682,0.131938,0.227204,0.353643,5.20205,5.44443,5.6207,5.76026,5.84786,5.88845,5.89816,4.94228,5.38314,5.57962,5.76378,5.83999,5.89662,5.90338,0.985221,0.988455,0.998464,1.0,0.996689,0.996689,0.996689,0.90496,0.986919,0.998464,0.996689,1.0,0.993617,0.996689,-7.81563,-7.42052,-7.38434,-7.24507,-7.11852,-7.05774,-6.98459,-7.91406,-7.77977,-7.41395,-7.36413,-7.19601,-7.12355,-7.02238,0.929476,0.938534,0.939646,0.951922,0.965929,0.968361,0.970668,0.92276,0.938741,0.938534,0.943023,0.962592,0.963705,0.969556,7.17515,7.22,6.82475,0.0748518,6.0361,6.31448,6.63542,6.91718,7.04043,7.27386,7.36702,7.00371,6.86975,6.78635,0.072286,6.06275,6.21845,6.41905,6.86841,7.01263,7.31868,7.37784,9.15939,9.16852,8.84482,0.0743892,7.99259,8.49376,8.5503,8.7771,9.18794,9.31621,9.45221,8.86107,8.76037,8.73931,0.0743553,7.92046,8.13837,8.48563,8.73235,9.02316,9.27932,9.35218,6.70782,4.77139,6.57159,0.125883,5.53785,5.84525,6.02415,6.5063,6.92419,7.25996,7.84966,7.55009,7.15976,6.20982,0.111553,4.77477,5.49546,5.72912,6.04755,6.77053,6.94287,7.26684,8.46539,7.32774,8.46747,0.0899723,7.77483,7.89086,7.95854,8.46539,8.72851,8.9528,9.40838,8.46987,8.84652,8.22661,0.0823829,7.26315,7.7711,7.88467,8.05699,8.61227,8.78464,8.95502,-9999,-9999
201609,22.825,1.0,21.116,2.272,1.0,24.324,3.102,1.0,21.656,20.037,1.508,23.068,1.503,22.825,1.0,21.116,2.272,1.0,24.324,3.102,1.0,357.872,213.775,1.0,60.728,213.775,1.0,373.246,1.0,363.416,373.246,1.0,415.648,1.0,397.715,415.648,1.0,7.317,1.0,7.558,7.317,1.0,98.561,98.714,1.0,2.102,5.49,1.0,2.072,2.349,0.997222,0.3134705754419192,0.9972222222222221,134.69505987017433,1.0,397.7092058595285,1.0,17.711384970701385,1.0,24.07595700514792,1.0,427.33913072861105,1.0,415.191,0.999306,21.148,1.0,34.71,1.0,-0.804814,1.0,80.4687,0.995833,107.753,0.826948,20.5171,0.999306,27.4738,0.502543,0.995833,1,22.4333,25.5667,22.4333,25.5333,-0.798023,-0.776929,0.930556,0.927083,0.074294,0.0748193,0.299168,0.368859,-0.954637,-0.798023,0.943056,0.930556,0.0749899,0.074294,0.299342,0.368753,-0.78766,-0.713018,0.938021,0.917344,0.0460606,0.0522878,-1.04811,-1.01436,-0.971229,-0.921387,-0.704078,-0.434769,-0.141273,-1.04525,-0.974394,-0.956045,-0.871495,-0.450282,-0.252011,-0.145159,0.972917,0.981944,0.970139,0.94375,0.921528,0.913194,0.85,0.973611,0.961111,0.960417,0.931944,0.907639,0.8625,0.85,4.65348,4.69497,1.21894,1.23926,0.928764,0.927248,0.0860445,0.0869748,0.49823,0.574624,-5.51302,-5.51473,6.05649,6.03322,0.931545,0.9265,0.112998,0.111831,0.164126,0.193722,4.39865,4.65348,1.19965,1.21894,0.940819,0.928764,0.0859765,0.0845758,0.498218,0.574266,-5.57282,-5.51302,6.07216,6.05649,0.944567,0.931545,0.112797,0.112103,0.163988,0.193879,4.06945,4.19918,4.2811,4.40954,4.98243,5.18067,5.6123,4.10913,4.31387,4.36083,4.55915,5.161,5.44988,5.61992,0.994066,0.98346,0.978914,0.974224,0.919673,0.922618,0.803053,0.977525,0.978914,0.977399,0.928764,0.759619,0.817207,0.769648,-5.57123,-5.56389,-5.54669,-5.50058,-5.37646,-5.32582,-5.21942,-6.0662,-5.56612,-5.54,-5.50119,-5.35008,-5.24975,-5.1785,0.944567,0.935451,0.934169,0.954681,0.971415,0.908599,0.899356,0.876932,0.934169,0.95226,0.954681,0.910902,0.873042,0.886136,5.28421,5.28421,5.15677,0.0710894,4.39139,4.59371,4.8301,5.03565,5.5279,5.56197,5.83645,4.87436,4.82837,5.02648,0.0752266,4.16721,4.5605,4.73851,4.93279,5.39776,5.55345,5.83645,6.08855,6.08223,5.86979,0.0383156,5.50868,5.63242,5.72881,5.86998,6.0056,6.08855,6.2399,5.8495,5.78301,5.81414,0.0445485,5.16499,5.56202,5.65091,5.82902,5.99306,6.08223,6.2399,2.78853,5.22267,3.92186,0.130135,2.83444,3.01004,3.17562,3.72812,4.67099,4.91713,5.19394,3.72731,3.26856,3.70197,0.116218,2.83523,2.94839,3.0968,3.48654,4.17913,4.68821,5.14135,4.98241,5.88811,5.55627,0.0778955,4.90821,5.00452,5.06591,5.51707,5.99061,6.0766,6.31834,5.59921,5.32978,5.4171,0.0728821,4.80088,4.96357,5.0189,5.23098,5.70408,5.96159,6.15943,-9999,-9999
201610,17.842,1.0,16.665,2.791,1.0,19.121,3.201,1.0,16.495,15.113,1.693,17.98,1.594,17.842,1.0,16.665,2.791,1.0,19.121,3.201,1.0,275.469,135.567,1.0,38.506,135.567,1.0,348.473,1.0,353.471,348.473,1.0,382.233,1.0,382.559,382.233,1.0,6.291,1.0,5.973,6.291,1.0,98.554,98.753,1.0,3.024,1.19,1.0,1.587,2.618,1.0,0.34972110013440855,1.0,67.58960426436896,1.0,252.2818583716008,1.0,13.581415159630039,1.0,15.502090204981856,1.0,399.9167605905915,1.0,414.791,1.0,16.558,1.0,26.365,1.0,-3.0645,1.0,37.015,0.998656,52.8334,0.540929,12.4429,1.0,17.7604,0.542215,0.998656,1,24.9355,23.0645,24.9355,23.0323,0.176884,0.171498,0.975134,0.97379,0.0608889,0.0611658,0.112699,0.109177,0.153767,0.176884,0.977151,0.975134,0.0612984,0.0608889,0.112921,0.109022,0.140468,0.185878,0.975185,0.966314,0.0158496,0.017553,-0.0524554,0.0281793,0.0901418,0.155551,0.189288,0.21785,0.268362,0.0197501,0.0874941,0.127214,0.163267,0.219719,0.268362,0.385132,0.995296,0.991935,0.988575,0.977151,0.973118,0.965054,0.936828,0.991935,0.988575,0.987903,0.977151,0.943548,0.936828,0.939516,3.33347,3.35169,0.884876,0.881847,0.969413,0.969413,0.0562442,0.0535863,0.192279,0.167315,-3.17134,-3.20083,4.31454,4.31599,0.982107,0.979419,0.107494,0.108181,0.110315,0.111739,3.28989,3.33347,0.91403,0.884876,0.971944,0.969413,0.0558299,0.0540363,0.192158,0.167459,-3.17145,-3.17134,4.3375,4.31454,0.983451,0.982107,0.107148,0.107286,0.109978,0.110873,2.91043,3.08287,3.20451,3.29354,3.39836,3.45061,3.52837,3.07088,3.20235,3.23997,3.33285,3.45246,3.51936,3.65614,1.0,0.996129,0.98957,0.971944,0.968069,0.950145,0.933189,0.996129,0.98957,0.988226,0.969413,0.950145,0.945492,0.966208,-3.22522,-3.21606,-3.20954,-3.19278,-3.16974,-3.16648,-3.15652,-3.22903,-3.21647,-3.21017,-3.19372,-3.16695,-3.16053,-3.08565,0.979419,0.987606,0.989008,0.987606,0.986139,0.986139,0.983451,0.979419,0.987606,0.987606,0.979419,0.983451,0.983451,0.924869,3.44082,3.44404,3.48737,0.0170123,3.34155,3.42221,3.44082,3.4753,3.51268,3.5247,3.62579,3.41661,3.46204,3.44111,0.0204512,3.17574,3.35267,3.41661,3.46211,3.48492,3.51044,3.52451,3.26427,3.26715,3.30149,0.00911289,3.22125,3.24716,3.26427,3.31825,3.33291,3.34336,3.3564,3.28497,3.30827,3.30064,0.00868037,3.22437,3.24234,3.26684,3.3187,3.33298,3.33969,3.35439,3.2518,3.33937,3.35895,0.0246107,3.03833,3.18802,3.25794,3.33892,3.50924,3.54186,3.57956,3.18245,3.18855,3.2938,0.0310055,2.94709,3.10174,3.18245,3.30116,3.44459,3.52129,3.56947,3.26454,3.25921,3.30558,0.0120887,3.14434,3.2401,3.25939,3.28221,3.36607,3.37848,3.43743,3.22943,3.24327,3.27208,0.015745,3.08888,3.18068,3.24015,3.26632,3.35575,3.36986,3.42112,-9999,-9999
201611,11.55,1.0,10.689,2.639,1.0,12.669,3.274,1.0,10.382,9.125,1.969,12.014,1.652,11.55,1.0,10.689,2.639,1.0,12.669,3.274,1.0,203.847,103.68,0.986806,20.619,99.247,0.986806,306.597,0.985417,320.598,307.204,0.985417,319.904,0.986806,332.463,320.526,0.986806,5.541,1.0,6.075,5.541,1.0,98.549,98.815,0.997917,3.391,0.81,1.0,2.221,2.821,0.996528,0.3703709491042673,0.9965277777777778,28.962731573866378,0.9666666666666667,185.7993157425546,0.9666666666666667,12.588829258803878,0.9666666666666667,12.43251981400431,0.9666666666666667,365.8868383018678,0.9666666666666667,417.155,1.0,11.92,1.0,25.745,1.0,-7.18121,1.0,13.0501,0.998611,19.1486,0.292034,20.6374,1.0,30.2816,0.695936,2.0,2,27.2667,20.7333,27.2667,20.5,1.23065,1.22726,0.955556,0.955556,0.0352433,0.0352838,0.0899775,0.0999432,1.26239,1.23065,0.971528,0.955556,0.0358503,0.0352433,0.0902169,0.0999289,1.24807,1.23381,0.959427,0.943455,0.0128934,0.0142543,1.07976,1.16859,1.20751,1.24865,1.32879,1.33416,1.34864,1.02978,1.14991,1.17019,1.23023,1.32531,1.33693,1.34824,0.907639,0.927083,0.943056,0.992361,0.979861,0.976389,0.986111,0.920833,0.921528,0.929861,0.955556,0.979167,0.975694,0.985417,1.81658,1.81991,0.701342,0.69901,0.979012,0.979012,0.036101,0.0357131,0.0870484,0.0891006,0.36042,0.348703,2.1399,2.14536,0.925729,0.925729,0.0650747,0.0633719,0.127563,0.135261,1.79189,1.81658,0.698428,0.701342,0.996296,0.979012,0.0360599,0.0358668,0.0870314,0.0891624,0.46105,0.36042,2.30598,2.1399,0.939726,0.925729,0.0646483,0.0631048,0.127346,0.135136,1.53253,1.67721,1.74931,1.81658,1.83032,1.83563,1.84073,1.52978,1.67323,1.71334,1.8158,1.83032,1.83649,1.84491,0.94321,0.944444,1.0,0.979012,1.0,1.0,0.967901,0.944444,0.944444,0.949383,0.979012,1.0,1.0,0.967901,0.310492,0.349031,0.356114,0.430991,0.558044,0.568462,0.611271,0.289352,0.327905,0.347764,0.364251,0.55317,0.566898,0.589397,0.88443,0.925729,0.927316,0.930491,0.952511,0.944574,0.968312,0.893737,0.91469,0.894199,0.897374,0.95886,0.944574,0.966797,1.94803,1.94974,1.91573,0.0145779,1.67858,1.85348,1.87723,1.94524,1.98496,1.99429,2.00309,1.95328,1.96196,1.92509,0.0139578,1.66999,1.84965,1.88982,1.95276,1.98442,1.99203,2.00156,0.717805,0.71909,0.681924,0.00860884,0.595139,0.609764,0.636912,0.692719,0.720235,0.732072,0.751392,0.661094,0.699566,0.67702,0.0095744,0.589643,0.601874,0.615942,0.690403,0.71909,0.731488,0.772538,1.84011,2.12742,1.78128,0.0323728,1.45128,1.48769,1.57478,1.82649,1.90609,1.9654,2.07059,1.81839,1.8771,1.83306,0.0294816,1.46433,1.64854,1.71772,1.87254,1.93682,2.03073,2.08406,0.713319,0.809551,0.67422,0.0146649,0.522136,0.538265,0.571258,0.687588,0.735216,0.768998,0.791007,0.754273,0.7077,0.700295,0.0124956,0.528925,0.631647,0.660945,0.7077,0.754273,0.786318,0.793213,-9999,-9999
201612,0.94,1.0,0.412,2.639,1.0,1.705,2.446,1.0,7.274,6.325,1.551,8.64,1.455,0.94,1.0,0.412,2.639,1.0,1.705,2.446,1.0,170.007,76.457,1.0,15.227,76.457,1.0,269.873,1.0,320.385,269.873,1.0,253.811,1.0,332.138,253.811,1.0,2.551,1.0,5.385,2.551,1.0,98.602,99.05,1.0,8.074,0.703,1.0,2.312,3.062,0.940188,0.398877239371492,0.9395161290322581,18.92562637687836,1.0,138.23190722356117,1.0,10.169479003031586,1.0,9.768836393521505,1.0,316.4674974610886,1.0,417.828,1.0,3.894,1.0,23.387,1.0,-10.3295,1.0,5.00246,0.998656,7.5401,0.138092,14.2964,1.0,21.5487,0.542868,0.998656,1,28.2581,19.7419,28.2581,19.7419,0.51786,0.52949,0.993952,0.993952,0.0213498,0.0212707,0.024156,0.0232238,0.519815,0.517859,0.994624,0.993952,0.0218202,0.0213428,0.0245728,0.0232897,0.521273,0.524382,0.993901,0.991935,0.0018135,0.00146239,0.505607,0.509111,0.516303,0.520705,0.525494,0.531712,0.538741,0.509346,0.516472,0.517944,0.522211,0.529515,0.535116,0.540687,0.999328,0.997984,0.993952,0.99664,0.995296,0.984543,0.985215,0.99664,0.993952,0.99664,0.990591,0.993952,0.99328,0.99328,0.734237,0.750199,0.418294,0.411317,1.0,1.0,0.0243888,0.0235368,0.0291271,0.0272537,0.16054,0.165034,1.09085,1.08946,0.985059,0.985059,0.0371551,0.0367249,0.0388616,0.0383873,0.736932,0.734086,0.449632,0.418242,1.0,1.0,0.0245208,0.0236418,0.0292377,0.0273444,0.161073,0.160768,1.08949,1.09064,0.986672,0.985059,0.0371728,0.036816,0.0388785,0.0384746,0.710299,0.721167,0.726768,0.739167,0.75106,0.753015,0.760091,0.726306,0.727926,0.735677,0.739934,0.752593,0.755406,0.765385,1.0,1.0,1.0,1.0,1.0,1.0,0.998848,1.0,1.0,1.0,1.0,1.0,1.0,0.998848,0.145356,0.152022,0.156723,0.16054,0.168822,0.174802,0.183069,0.139819,0.15204,0.155199,0.160399,0.168094,0.174389,0.185449,0.97674,0.991681,0.990068,0.985059,0.994992,0.979966,0.985059,0.97674,0.991681,0.98837,0.985059,0.98837,0.979966,0.996689,0.733186,0.733186,0.755664,0.00254452,0.731706,0.735986,0.743946,0.751697,0.770256,0.774615,0.776283,0.759038,0.766014,0.754811,0.0026744,0.727771,0.736586,0.743946,0.751605,0.770256,0.774615,0.780354,0.215327,0.215327,0.231282,0.00285445,0.203152,0.208541,0.214636,0.229429,0.250541,0.251249,0.256967,0.232915,0.2462,0.233538,0.00270373,0.208204,0.211726,0.21842,0.230979,0.249962,0.25111,0.258642,0.791716,0.896241,0.837637,0.00885069,0.743052,0.760896,0.791716,0.843888,0.87533,0.89915,0.918529,0.851525,0.844698,0.8119,0.0103039,0.689722,0.744421,0.755678,0.814091,0.860616,0.880299,0.898944,0.30607,0.347035,0.313928,0.0034582,0.277027,0.285117,0.292668,0.318978,0.326862,0.337617,0.347035,0.326114,0.323826,0.303246,0.00464946,0.232986,0.277034,0.285029,0.30703,0.324272,0.327405,0.340863,-9999,-9999
201701,2.839,1.0,2.163,2.974,1.0,3.796,2.465,1.0,4.738,3.523,2.047,6.449,1.683,2.839,1.0,2.163,2.974,1.0,3.796,2.465,1.0,187.375,64.795,1.0,20.274,64.795,1.0,289.67,1.0,296.461,289.67,1.0,277.018,1.0,295.68,277.018,1.0,2.218,1.0,5.728,2.218,1.0,98.57,98.546,1.0,6.361,2.171,1.0,2.997,3.245,0.965726,0.49309803846847855,0.9637096774193549,21.011360088036962,1.0,118.42281458262163,1.0,8.023609519525673,1.0,7.72262606225,1.0,324.8444039670027,1.0,420.484,1.0,3.961,1.0,27.207,1.0,-5.53826,1.0,3.78928,0.995296,5.3614,0.112465,12.1178,0.997984,17.1454,0.576134,2.0,2,27.871,20.129,27.871,20.129,0.427238,0.421233,0.997312,0.995968,0.0236793,0.0237521,0.0265111,0.0271081,0.433617,0.423179,0.997984,0.995968,0.0235431,0.0237105,0.0263894,0.0270716,0.424661,0.424887,0.996287,0.994741,0.00215074,0.00168007,0.399669,0.411658,0.415967,0.428859,0.433738,0.435502,0.437413,0.405206,0.410072,0.415341,0.428313,0.432895,0.436201,0.437382,0.999328,0.994624,0.999328,0.997312,0.997984,0.997984,0.981183,0.99328,0.994624,0.988575,0.995968,0.997984,0.997984,0.997984,0.751368,0.74422,0.520459,0.517285,1.0,1.0,0.0272332,0.0275308,0.0295334,0.0295921,-0.0528358,-0.0572596,1.11701,1.10853,0.993617,0.990545,0.0386756,0.0390633,0.0417889,0.0422887,0.759059,0.74509,0.525086,0.517303,1.0,1.0,0.0272555,0.0274899,0.029554,0.029554,-0.0490463,-0.0538591,1.13018,1.11285,0.995153,0.990545,0.0387641,0.0389849,0.0418708,0.0422163,0.718907,0.741988,0.744063,0.755034,0.762258,0.764842,0.769767,0.741252,0.742939,0.744211,0.754592,0.76254,0.764641,0.769767,1.0,0.997611,1.0,1.0,1.0,1.0,1.0,1.0,1.0,1.0,0.997611,1.0,1.0,1.0,-0.0920409,-0.081537,-0.0679564,-0.0578154,-0.0528358,-0.0498824,-0.0481265,-0.0891903,-0.0834418,-0.074154,-0.0581479,-0.0533177,-0.0510444,-0.0481605,0.998387,0.979008,0.96091,0.996851,0.993617,0.996851,0.995153,0.980698,0.980698,0.987157,0.996851,0.990545,0.995153,0.995153,0.814123,0.806086,0.80816,0.00169491,0.7873,0.797348,0.799062,0.80967,0.814123,0.818618,0.823802,0.821965,0.813725,0.806586,0.00271207,0.770143,0.795821,0.799138,0.811247,0.816155,0.821447,0.824169,0.38581,0.382907,0.383272,0.00138761,0.366622,0.373155,0.377312,0.382907,0.387705,0.392216,0.39723,0.384486,0.380108,0.381925,0.00147411,0.36424,0.371767,0.375509,0.382378,0.387021,0.392311,0.39421,0.747358,0.785121,0.761375,0.00636016,0.691989,0.712221,0.723497,0.760609,0.785745,0.794444,0.818148,0.746485,0.793111,0.755697,0.00677625,0.679765,0.699604,0.728727,0.757486,0.776724,0.785772,0.824591,0.359164,0.338718,0.360067,0.00274532,0.330163,0.345926,0.346824,0.362546,0.366647,0.372675,0.379534,0.34791,0.380723,0.358529,0.0029562,0.32582,0.339442,0.346494,0.359164,0.366647,0.376131,0.391089,-9999,-9999
201702,8.766,1.0,7.595,3.692,1.0,10.141,3.396,1.0,7.423,5.998,1.895,9.091,1.577,8.766,1.0,7.595,3.692,1.0,10.141,3.396,1.0,247.775,122.711,1.0,30.866,122.711,1.0,299.091,1.0,302.823,299.091,1.0,300.098,1.0,305.375,300.098,1.0,5.202,1.0,5.849,5.202,1.0,98.566,98.399,1.0,0.847,0.075,1.0,2.372,2.972,1.0,0.41440908333333343,1.0,51.86730553178125,1.0,222.17303221813836,1.0,13.638093328957142,1.0,13.527289023647324,1.0,355.17677161190477,1.0,416.369,1.0,6.743,0.999256,29.788,1.0,-0.532268,1.0,7.29569,0.99628,9.64852,0.165877,32.2329,1.0,42.6279,0.726425,0.99628,1,25.8929,22.1071,25.8929,22.1071,0.555815,0.552129,0.991071,0.991071,0.0257364,0.0256491,0.0299233,0.0296328,0.566074,0.552819,0.991071,0.991071,0.0257971,0.0255946,0.0299755,0.0295856,0.553675,0.554559,0.991741,0.989751,0.00207002,0.00209659,0.534684,0.537547,0.543689,0.5524,0.563108,0.568079,0.572707,0.530943,0.538246,0.54869,0.55346,0.564333,0.567926,0.573297,0.995536,0.995536,0.995536,0.991071,0.991071,0.988095,0.988095,0.974702,0.980655,0.994792,0.991071,0.991071,0.988095,0.988095,1.10674,1.10317,0.556281,0.552466,0.998677,0.998677,0.0291023,0.0286502,0.0360078,0.0359726,-0.117056,-0.120441,1.62161,1.62108,0.981827,0.981827,0.0419395,0.0418808,0.0454805,0.0478831,1.12089,1.10362,0.5628,0.552272,0.998677,0.998677,0.0290504,0.0285719,0.0359658,0.0359103,-0.11258,-0.119536,1.62476,1.62113,0.981827,0.981827,0.0419006,0.041808,0.0454446,0.0478195,1.08776,1.09332,1.09724,1.10396,1.12249,1.13573,1.13851,1.08548,1.09332,1.09826,1.10797,1.1338,1.13683,1.13837,1.0,1.0,1.0,1.0,0.998677,0.998677,0.998677,0.990588,1.0,1.0,0.998677,0.998677,0.994709,0.998677,-0.152051,-0.140802,-0.135988,-0.123428,-0.117056,-0.105613,-0.0940258,-0.161676,-0.152037,-0.145387,-0.123428,-0.117749,-0.105613,-0.0940258,0.981827,0.990105,0.990105,0.981827,0.981827,0.98338,0.988482,0.981827,0.981827,0.968833,0.981827,0.988482,0.98338,0.988482,1.23633,1.23261,1.21864,0.0033256,1.17736,1.1969,1.19977,1.22032,1.23249,1.2362,1.2498,1.22505,1.21668,1.21261,0.00436774,1.1697,1.18293,1.19811,1.21706,1.23141,1.2362,1.25095,0.681703,0.679792,0.664085,0.00270175,0.638705,0.646197,0.651415,0.662878,0.67126,0.681703,0.694937,0.646735,0.650603,0.658937,0.00338644,0.626014,0.638769,0.646197,0.654234,0.673727,0.682486,0.693228,0.907497,0.98187,0.952493,0.00813124,0.834223,0.916207,0.924505,0.934596,0.979276,1.00042,1.06388,0.928901,0.928896,0.957876,0.00819189,0.907497,0.920647,0.928566,0.943071,0.9779,1.00069,1.06955,0.56823,0.611047,0.591463,0.00398596,0.544236,0.572892,0.578264,0.588259,0.598517,0.613039,0.643641,0.579694,0.579927,0.589859,0.00359173,0.567349,0.572636,0.577875,0.58759,0.597409,0.613039,0.621526,-9999,-9999
201703,9.707,1.0,8.541,2.637,1.0,10.839,3.004,1.0,9.337,7.38,2.46,11.227,2.168,9.707,1.0,8.541,2.637,1.0,10.839,3.004,1.0,329.425,139.145,1.0,57.623,139.145,1.0,314.348,1.0,302.495,314.348,1.0,309.254,1.0,304.876,309.254,1.0,5.421,1.0,6.148,5.421,1.0,98.565,98.83,1.0,3.108,2.852,1.0,2.309,3.268,0.981183,0.4986376729587686,0.9798387096774195,76.55543749967713,0.9993279569892474,255.96123482693477,1.0,15.197730506461491,1.0,14.77552180597836,1.0,361.3022037161962,1.0,417.189,1.0,8.861,1.0,35.107,1.0,-0.54418,1.0,14.1683,0.999328,21.6738,0.27357,36.3266,0.999328,55.5702,0.807718,0.998656,1,23.5484,24.4516,23.5484,24.4516,0.668049,0.673493,0.995968,0.995296,0.0301679,0.0303574,0.0353957,0.0317425,0.675336,0.672728,0.995968,0.995296,0.0302592,0.0302794,0.0354735,0.0316679,0.664487,0.674707,0.996136,0.995397,0.00406691,0.00335332,0.603498,0.639532,0.658468,0.670823,0.67456,0.676559,0.687972,0.64051,0.660803,0.669242,0.672884,0.676559,0.679352,0.713842,0.999328,0.997312,0.99664,0.995968,0.995296,0.995296,0.993952,0.997312,0.99664,0.995968,0.995296,0.995296,0.995296,0.99328,1.55353,1.5527,0.703479,0.694804,1.0,1.0,0.035289,0.0356646,0.0479434,0.0388652,-0.23076,-0.218979,1.77292,1.76125,0.991702,0.990299,0.0462539,0.0460232,0.0478856,0.0481753,1.5461,1.55579,0.712854,0.700536,1.0,1.0,0.0352353,0.0355733,0.0479038,0.0387814,-0.209575,-0.223606,1.80405,1.77231,0.991819,0.990299,0.0460983,0.0459048,0.0477353,0.0480621,1.41024,1.49088,1.5265,1.54379,1.55436,1.55579,1.57638,1.49266,1.53045,1.53927,1.55118,1.55591,1.56134,1.57391,1.0,1.0,1.0,1.0,1.0,1.0,1.0,1.0,1.0,1.0,1.0,1.0,1.0,1.0,-0.231063,-0.227752,-0.224882,-0.221386,-0.214767,-0.202965,-0.19781,-0.231145,-0.229586,-0.224937,-0.219956,-0.204676,-0.201109,-0.161256,0.991702,0.993158,0.990299,0.990299,0.998656,0.991872,0.990528,0.987723,0.990299,0.994561,0.990299,0.991819,0.991872,0.986438,1.62831,1.62642,1.61442,0.00284647,1.56313,1.60262,1.6089,1.61869,1.62455,1.62613,1.63615,1.60939,1.61343,1.60315,0.00523896,1.52858,1.56123,1.59404,1.61092,1.62423,1.6255,1.63629,0.954789,0.953688,0.939714,0.00333802,0.886593,0.922616,0.933215,0.942076,0.950983,0.954789,0.959344,0.931962,0.938096,0.938658,0.00243923,0.899168,0.923929,0.931352,0.9397,0.950099,0.952749,0.958796,1.3727,1.39642,1.41489,0.0116482,1.3012,1.3299,1.36668,1.40214,1.44925,1.48896,1.52714,1.39315,1.42394,1.39141,0.0107345,1.3012,1.3221,1.34168,1.38574,1.43197,1.4503,1.51365,0.898633,0.908871,0.922854,0.00514046,0.883246,0.895456,0.898931,0.915544,0.931958,0.950664,0.988224,0.936539,0.921629,0.910548,0.00454153,0.87289,0.885264,0.891986,0.904251,0.921517,0.931958,0.9642,-9999,-9999
201704,15.892,1.0,14.376,3.066,1.0,17.048,3.511,1.0,10.958,8.826,2.318,12.608,2.105,15.892,1.0,14.376,3.066,1.0,17.048,3.511,1.0,408.24,191.758,1.0,79.245,191.758,1.0,342.661,1.0,310.213,342.661,1.0,356.694,1.0,316.637,356.694,1.0,7.919,1.0,6.501,7.919,1.0,98.564,98.217,1.0,1.019,6.327,1.0,2.232,3.092,0.997222,0.4936248579545454,0.9972222222222222,117.3508867756864,0.9979166666666667,354.46513947460693,1.0,20.157556710525835,1.0,21.044269362454866,1.0,394.337035669375,1.0,417.429,1.0,13.897,1.0,39.647,1.0,3.32563,1.0,29.4862,1.0,40.9716,0.470534,52.9822,1.0,73.6198,1.05884,0.997917,1,20.8667,27.1333,20.8667,27.1,1.60953,1.63944,0.988194,0.988194,0.0645116,0.0634813,0.0824072,0.0763016,1.56294,1.61672,0.990972,0.988194,0.0651407,0.0637714,0.0829006,0.0765431,1.58769,1.61167,0.990347,0.987778,0.00856516,0.00739304,1.49392,1.54263,1.56071,1.57181,1.63568,1.64518,1.65098,1.54619,1.56268,1.5669,1.6158,1.63982,1.64735,1.67634,0.996528,0.995139,0.990972,0.992361,0.984722,0.986806,0.988194,0.995139,0.990972,0.994444,0.988194,0.982639,0.988194,0.983333,3.75279,3.80362,1.61447,1.61631,0.996667,0.996667,0.0866974,0.0842226,0.119058,0.1083,-0.104462,-0.0919763,3.59521,3.6047,0.981658,0.981658,0.0887676,0.0867076,0.0941745,0.0930603,3.66733,3.7699,1.64248,1.61797,0.998333,0.996667,0.0867528,0.0848087,0.119099,0.108756,-0.118047,-0.104885,3.59835,3.5978,0.985273,0.981658,0.0887844,0.0869878,0.0941903,0.0933215,3.48331,3.61099,3.65177,3.67457,3.75135,3.77419,3.8062,3.59848,3.65499,3.66729,3.72106,3.76802,3.79116,3.8062,1.0,0.998333,0.998333,0.998333,0.998333,0.996746,0.996667,0.964206,0.998333,0.998333,0.996667,0.996667,0.996667,0.996667,-0.119871,-0.113978,-0.112584,-0.104932,-0.0722447,-0.0510762,-0.0205239,-0.118465,-0.112329,-0.10929,-0.10166,-0.0548409,-0.044742,0.0498504,0.985273,0.986508,0.985273,0.981658,0.979277,0.975661,1.0,0.985273,0.985273,0.986508,0.992593,0.975661,0.974427,0.973192,4.28086,4.28061,4.22291,0.0115633,4.06748,4.16092,4.17911,4.2187,4.26743,4.30303,4.33224,4.18511,4.22101,4.17757,0.0235622,3.86407,4.08928,4.16097,4.19226,4.25092,4.27984,4.33235,2.6638,2.66389,2.61124,0.0100935,2.46952,2.54758,2.58003,2.61857,2.65691,2.66468,2.685,2.61773,2.65808,2.58988,0.0174931,2.35469,2.50401,2.57189,2.61568,2.65584,2.6638,2.685,3.99516,4.02689,4.08718,0.0209611,3.88663,3.97875,3.98395,4.03181,4.20517,4.23227,4.25192,3.97612,3.98875,4.01546,0.0284855,3.58007,3.89609,3.9333,3.99099,4.17231,4.21476,4.23691,2.47165,2.49076,2.51499,0.0108944,2.40431,2.4552,2.46266,2.49234,2.5792,2.60389,2.60865,2.4719,2.4664,2.47999,0.0151176,2.25527,2.42866,2.43415,2.46451,2.56305,2.57953,2.60625,-9999,-9999
201705,18.573,1.0,16.093,2.507,1.0,20.159,3.481,1.0,15.907,13.572,2.283,17.41,2.288,18.573,1.0,16.093,2.507,1.0,20.159,3.481,1.0,462.933,257.467,1.0,90.642,257.467,1.0,349.973,1.0,328.539,349.973,1.0,375.272,1.0,344.564,375.272,1.0,7.916,1.0,6.997,7.916,1.0,98.554,98.112,1.0,0.054,4.71,1.0,1.983,2.784,1.0,0.40916639448924735,1.0,162.9765723477191,0.9952956989247312,483.14757136003425,1.0,21.26317198696028,1.0,33.867326733522845,1.0,407.856525819758,1.0,412.19,1.0,15.975,1.0,42.645,1.0,4.22987,1.0,76.5323,1.0,110.675,0.844588,34.5666,1.0,49.9875,0.79821,0.995296,1,18.7742,29.2258,18.7742,29.2258,-4.2727,-4.24857,0.963038,0.959677,0.109873,0.110796,0.129951,0.130574,-4.27487,-4.24565,0.967742,0.962366,0.109812,0.111066,0.129899,0.130804,-4.30583,-4.30909,0.965894,0.95914,0.00991143,0.00962835,-4.43615,-4.38312,-4.34434,-4.30516,-4.26224,-4.24434,-4.22646,-4.43057,-4.3901,-4.3559,-4.30158,-4.26096,-4.25191,-4.22933,1.0,0.954301,0.973118,0.971102,0.963038,0.958333,0.975806,0.93414,0.952285,0.948253,0.921371,0.964382,0.958333,0.975134,4.72177,4.78738,1.64698,1.671,0.957036,0.949962,0.111142,0.112005,0.151763,0.144719,-9.72675,-9.72944,8.7143,8.71245,0.967035,0.965922,0.157704,0.159913,0.168785,0.173525,4.7503,4.76188,1.70101,1.64634,0.960621,0.955339,0.109723,0.111824,0.150728,0.144578,-9.74532,-9.70986,8.72852,8.71243,0.972451,0.966998,0.158863,0.160434,0.169869,0.174005,4.45289,4.56559,4.61945,4.68374,4.75005,4.77227,4.81944,4.45289,4.59032,4.62645,4.69707,4.75005,4.7736,4.81944,0.930343,0.991492,0.965997,0.941002,0.957036,0.973071,0.949962,0.930343,0.874995,0.967695,0.984956,0.957036,0.949962,0.949962,-9.87538,-9.82618,-9.76901,-9.73823,-9.71573,-9.70589,-9.67767,-9.86725,-9.84743,-9.81313,-9.74323,-9.72675,-9.71269,-9.68247,0.957249,0.951835,0.975825,0.963772,0.981275,0.906465,0.979088,0.885587,0.951835,0.961661,0.972451,0.967035,0.966998,0.977976,5.31,5.33246,5.30872,0.028828,5.12286,5.15234,5.17852,5.27379,5.34058,5.46168,5.48234,5.2459,5.4636,5.25907,0.0288961,4.93801,5.12529,5.14898,5.27914,5.32603,5.40072,5.47535,9.57224,9.57811,9.61781,0.0280876,9.45499,9.49635,9.51734,9.57224,9.62655,9.72537,9.75014,9.5545,9.73847,9.5649,0.0236894,9.32646,9.45535,9.50664,9.56793,9.59768,9.63119,9.74253,4.05078,3.73358,4.07001,0.039301,3.74918,3.81552,3.82908,4.05078,4.23579,4.34286,4.53374,4.37669,4.5112,4.03141,0.0431692,3.67963,3.7668,3.81771,3.98043,4.15926,4.31389,4.58577,9.02066,8.76188,9.06883,0.02731,8.81663,8.87666,8.91215,9.04219,9.1666,9.30024,9.33955,9.24018,9.32089,9.02963,0.0320563,8.68916,8.8418,8.87218,9.03303,9.14851,9.22834,9.41321,-9999,-9999
201706,23.893,1.0,21.382,2.282,1.0,25.346,3.558,1.0,21.929,19.545,1.925,23.302,2.16,23.893,1.0,21.382,2.282,1.0,25.346,3.558,1.0,485.7,300.566,1.0,94.287,300.566,1.0,378.143,1.0,353.726,378.143,1.0,416.068,1.0,382.949,416.068,1.0,10.589,1.0,7.915,10.589,1.0,98.549,98.317,1.0,0.143,2.78,1.0,2.009,2.604,0.992361,0.3691159246058558,0.9923611111111111,202.267254077536,0.9993055555555554,572.4772403452994,1.0,23.427242349089582,1.0,38.509277937489585,1.0,436.8055587700694,1.0,392.332,1.0,20.318,1.0,37.629,1.0,5.8057,1.0,118.086,1.0,165.86,1.20824,22.0011,1.0,30.9021,0.664163,0.999306,1,17.5333,30.4667,17.5333,30.4667,-5.39531,-5.42209,0.95625,0.954861,0.117629,0.118853,0.126837,0.129001,-5.4387,-5.42154,0.9625,0.954167,0.117722,0.118438,0.126923,0.128619,-5.46002,-5.48477,0.959531,0.947691,0.0106668,0.0162389,-5.55856,-5.50961,-5.50244,-5.44955,-5.42777,-5.41472,-5.38231,-5.62457,-5.52702,-5.50401,-5.46999,-5.43402,-5.42671,-5.40557,0.904167,0.935417,0.975694,0.986111,0.954861,0.984722,0.992361,0.881944,0.948611,0.951389,0.961806,0.9625,0.979167,0.954167,5.61758,5.62194,2.20827,2.23078,0.969717,0.966013,0.107652,0.106248,0.152902,0.144903,-11.4339,-11.4787,9.87319,9.83802,0.948136,0.948208,0.167634,0.169769,0.176857,0.178025,5.51437,5.59063,2.18986,2.20126,0.978976,0.969717,0.107719,0.105774,0.152949,0.144556,-11.4406,-11.4589,9.8068,9.8993,0.952545,0.944875,0.167633,0.169197,0.176856,0.17748,4.97196,5.39017,5.45905,5.48975,5.56085,5.60733,5.61693,4.82884,5.39391,5.46102,5.48594,5.56773,5.59096,5.61552,1.0,1.0,1.0,0.951307,0.994118,1.0,0.966013,0.882135,0.901416,0.906972,0.994118,1.0,0.969717,0.969717,-11.5441,-11.5171,-11.51,-11.4754,-11.4377,-11.4043,-11.2853,-11.5692,-11.531,-11.5115,-11.4802,-11.4405,-11.4239,-11.3798,0.965771,0.980143,0.947097,0.945914,0.908961,0.917599,0.987778,0.93724,0.93724,0.963584,0.970179,0.950323,0.911111,0.896774,6.41211,6.41197,6.28081,0.0295827,5.87989,6.03147,6.25569,6.35066,6.41197,6.4387,6.44982,6.37175,6.40141,6.22817,0.0393305,5.79912,5.91628,6.09714,6.28995,6.39214,6.4158,6.464,11.8399,11.8335,11.7656,0.0272509,11.32,11.5336,11.731,11.8154,11.8777,11.8988,11.9536,11.8419,11.8401,11.6882,0.0416927,11.1323,11.3577,11.5467,11.7816,11.8419,11.8843,11.9303,5.39493,5.36826,5.31195,0.0318624,5.01721,5.11638,5.13368,5.31027,5.40524,5.47992,5.7206,5.22521,5.32786,5.2679,0.0349015,5.0125,5.10795,5.13114,5.24954,5.38777,5.46109,5.56394,10.9626,11.3125,11.204,0.0313924,10.9279,10.9554,10.9733,11.2568,11.3285,11.3663,11.4149,11.0437,10.9687,11.0911,0.0411186,10.6086,10.9083,10.9545,11.0659,11.2687,11.3542,11.4165,-9999,-9999
201707,26.519,1.0,23.768,2.043,1.0,28.206,3.381,1.0,23.576,21.381,1.687,24.911,1.884,26.519,1.0,23.768,2.043,1.0,28.206,3.381,1.0,474.191,282.018,1.0,89.107,282.018,1.0,401.627,1.0,369.182,401.627,1.0,447.903,1.0,406.502,447.903,1.0,10.984,1.0,7.582,10.984,1.0,98.548,98.561,1.0,0.203,2.177,1.0,1.938,2.025,1.0,0.29387951612903224,1.0,194.53439060125802,1.0,541.9126227984609,1.0,22.537628781699397,1.0,34.2760303072957,1.0,454.1429804104167,1.0,391.151,1.0,23.402,1.0,28.061,1.0,4.52082,1.0,108.719,0.999328,138.455,1.14446,40.4781,0.999328,51.5494,0.79425,0.998656,1,18.1935,29.8065,18.1935,29.8065,-3.75629,-3.93076,0.96707,0.955645,0.112145,0.113973,0.225465,0.267564,-3.78983,-3.90676,0.971102,0.956989,0.1167,0.114121,0.227764,0.267627,-3.82525,-3.89335,0.965239,0.95163,0.0289802,0.034644,-4.2664,-4.05086,-3.91586,-3.78812,-3.6804,-3.65967,-3.63748,-4.3193,-4.15487,-4.03856,-3.8749,-3.72762,-3.67072,-3.63528,0.84543,0.939516,0.951613,0.977823,0.980511,0.985887,0.983871,0.850806,0.929435,0.942204,0.953629,0.968414,0.983199,0.985887,5.78943,5.61977,0.898221,0.870307,0.983022,0.962649,0.104281,0.0847651,0.193481,0.171734,-9.32904,-9.48981,9.14253,9.02009,0.957193,0.951631,0.169,0.169131,0.290356,0.342984,5.70838,5.64865,1.06199,0.838257,0.993209,0.964346,0.106231,0.0852506,0.194539,0.171974,-9.33707,-9.47402,9.11136,9.03544,0.957121,0.952743,0.169094,0.169282,0.290411,0.343058,5.28333,5.51315,5.57557,5.65919,5.78943,5.8391,5.88606,5.35212,5.53478,5.60593,5.67976,5.75966,5.83349,5.88606,1.0,1.0,0.962649,1.0,0.983022,1.0,1.0,0.828623,0.947368,0.940577,0.959253,0.983022,1.0,1.0,-9.90603,-9.64544,-9.49096,-9.3096,-9.23474,-9.17323,-9.0488,-9.94175,-9.84925,-9.62593,-9.446,-9.29484,-9.25248,-9.17981,0.891098,0.933008,0.951631,0.95608,0.96706,0.97804,0.992214,0.866271,0.922997,0.937457,0.952743,0.962683,0.96706,0.976928,6.2658,6.32145,6.34466,0.0410328,5.81302,6.05002,6.1737,6.40015,6.53128,6.58834,6.67543,6.18539,6.49254,6.23483,0.0586907,5.55772,5.95914,6.02929,6.28079,6.50231,6.54232,6.67967,10.1587,10.2282,10.238,0.0509012,9.61422,9.91564,9.97071,10.2095,10.5102,10.568,10.6733,9.97351,10.2824,10.0601,0.0670066,9.23431,9.64722,9.8012,10.0845,10.4301,10.4788,10.5791,6.20965,5.55692,5.71737,0.10835,5.0156,5.08367,5.16326,5.49583,6.09547,6.36356,6.96045,5.88652,5.49549,5.55865,0.113179,4.08836,4.93831,5.13315,5.57826,6.07992,6.41749,6.69007,10.0032,9.8019,9.89676,0.0642874,9.34539,9.52181,9.64164,9.79521,10.0905,10.2599,10.4423,9.37815,9.54655,9.71964,0.0694259,8.84404,9.2996,9.49729,9.75143,9.95807,10.1672,10.2722,-9999,-9999
201708,22.559,1.0,20.06,1.923,1.0,24.349,3.214,1.0,23.456,21.713,1.662,24.698,1.687,22.559,1.0,20.06,1.923,1.0,24.349,3.214,1.0,429.882,235.305,0.998656,78.86,234.947,0.998656,379.074,0.998656,374.88,379.009,0.998656,422.096,0.998656,415.185,421.986,0.998656,7.491,1.0,7.116,7.491,1.0,98.554,98.601,1.0,3.01,3.613,0.993952,2.002,1.945,1.0,0.26778573924731186,1.0,153.34967978637482,0.9973118279569891,443.1775493695592,0.9973118279569891,19.57009647664487,0.9973118279569891,28.5695421977522,0.9973118279569891,430.89065979889415,0.9973118279569891,398.841,1.0,21.399,1.0,27.941,1.0,1.31398,1.0,74.9896,1.0,104.948,0.818226,34.826,1.0,48.7388,0.747499,0.997312,1,19.9355,28.0645,19.9032,28.0323,-3.6705,-3.71756,0.932124,0.932124,0.0997833,0.0980097,0.274089,0.246265,-3.59517,-3.6554,0.958333,0.932124,0.0998898,0.100305,0.274128,0.247188,-3.53329,-3.64505,0.940575,0.923337,0.0424464,0.0345881,-3.96732,-3.76213,-3.7287,-3.5963,-3.32925,-3.25156,-3.06294,-4.03694,-3.85616,-3.74657,-3.66197,-3.58258,-3.40432,-3.26452,0.841398,0.854167,0.918011,0.939516,0.964382,0.974462,0.978495,0.829301,0.854167,0.930108,0.932124,0.935484,0.963038,0.968414,4.24804,4.30351,0.910986,0.891453,0.918514,0.918514,0.0942982,0.0885743,0.14373,0.131144,-9.06839,-9.18506,8.00072,8.01401,0.943276,0.943276,0.151897,0.148758,0.415995,0.419556,4.33056,4.30351,1.01546,0.891453,0.953844,0.918514,0.0945277,0.0885743,0.143881,0.131144,-9.00024,-9.08371,8.0482,7.98995,0.962227,0.943276,0.150299,0.152856,0.415414,0.421026,4.24804,4.30542,4.32999,4.37028,4.47816,4.52237,4.54117,4.30325,4.31009,4.33987,4.3767,4.47816,4.50352,4.53531,0.918514,0.953844,0.75053,0.938483,0.895311,0.969521,0.971057,0.953844,0.956916,0.916978,0.938483,0.895311,0.969521,0.967908,-9.64865,-9.34897,-9.25908,-9.01697,-8.61994,-8.57443,-8.16479,-9.75371,-9.48051,-9.34891,-9.09418,-9.00384,-8.69592,-8.6055,0.89689,0.933679,0.940887,0.965564,0.972403,0.978212,0.98616,0.886139,0.906941,0.933679,0.943276,0.961033,0.966841,0.969066,4.86329,4.86329,5.05357,0.0167846,4.86329,4.95381,4.99037,5.04744,5.11998,5.13998,5.23041,5.06156,5.11393,5.02897,0.026041,4.84915,4.95023,4.96182,5.04689,5.11576,5.14039,5.22949,8.51531,8.51869,8.69863,0.0367487,8.32291,8.49492,8.54011,8.6922,8.83698,8.8894,8.99991,8.68006,8.70911,8.56226,0.0461351,7.98367,8.33598,8.40929,8.59237,8.72049,8.79732,8.90252,3.74865,4.45666,4.66766,0.165743,3.22823,3.65522,3.78177,4.01876,5.67155,5.83174,6.20197,3.48656,3.79591,4.37289,0.14703,3.42339,3.68483,3.77045,3.96045,4.71595,5.38449,6.00585,7.86812,8.32132,8.44001,0.129738,7.47426,7.59353,7.66669,8.22889,9.25802,9.36582,9.51249,7.77455,7.89846,8.14281,0.117162,7.44285,7.52773,7.60191,7.81195,8.54086,9.21225,9.38016,-9999,-9999
201709,21.902,1.0,19.341,2.555,1.0,24.131,4.033,1.0,19.749,17.996,1.914,21.285,1.873,21.902,1.0,19.341,2.555,1.0,24.131,4.033,1.0,360.463,217.07,1.0,53.989,217.07,1.0,366.012,1.0,357.551,366.012,1.0,402.808,1.0,388.777,402.808,1.0,9.772,1.0,6.882,9.772,1.0,98.557,98.636,1.0,1.62,1.64,1.0,2.15,2.032,1.0,0.26523330069444445,1.0,129.51324073723265,1.0,406.18534588881045,1.0,19.83086648213506,1.0,25.80975390377778,1.0,426.76516551229173,1.0,404.843,1.0,20.331,1.0,25.029,1.0,0.96581,1.0,59.3825,0.998611,75.4066,0.80968,41.7692,1.0,53.0405,0.801354,0.998611,1,22.3667,25.6333,22.3667,25.6,-1.11963,-1.12669,0.9125,0.9125,0.102683,0.10089,0.208734,0.158523,-1.29539,-1.14264,0.932639,0.9125,0.0983535,0.101959,0.206639,0.159206,-1.29591,-1.24459,0.926111,0.906563,0.0259845,0.0220348,-1.6487,-1.50929,-1.37085,-1.27609,-1.17547,-1.14583,-1.11792,-1.58389,-1.36617,-1.33587,-1.19963,-1.14264,-1.12162,-1.11119,0.816667,0.969444,0.934028,0.957639,0.901389,0.9125,0.890278,0.797917,0.934028,0.934028,0.922917,0.9125,0.865972,0.915972,4.84343,4.78847,1.15237,1.13907,0.911021,0.911778,0.0872138,0.0974644,0.367461,0.233729,-6.21262,-6.17205,6.34306,6.2849,0.912144,0.912191,0.161294,0.160961,0.165965,0.166605,4.53343,4.79772,1.33575,1.1276,0.939701,0.911778,0.0856447,0.099536,0.367092,0.234601,-6.25423,-6.20867,6.3137,6.33191,0.925344,0.912191,0.161051,0.162261,0.165729,0.167861,3.95858,4.10802,4.38257,4.54131,4.74326,4.82194,4.86009,4.10672,4.41122,4.43462,4.70382,4.78847,4.8361,4.86876,0.997222,0.988258,0.939701,0.971519,0.879239,0.911778,0.879239,0.988258,0.979095,0.939701,0.880754,0.911778,0.879239,0.879239,-6.30967,-6.286,-6.27622,-6.25163,-6.2178,-6.2078,-6.17033,-6.65772,-6.284,-6.26692,-6.23772,-6.20937,-6.198,-6.13788,0.898192,0.902632,0.952445,0.927813,0.913426,0.897017,0.912191,0.836599,0.902632,0.926579,0.90402,0.939459,0.924062,0.890009,5.41895,5.42822,5.28177,0.0519219,4.44941,4.93437,5.0592,5.28444,5.50729,5.61157,5.69948,5.21309,5.51967,5.12908,0.0725259,4.2759,4.44737,4.81848,5.20044,5.44028,5.52892,5.6977,6.57633,6.57085,6.52636,0.0419119,5.95277,6.26505,6.3493,6.55082,6.70026,6.8193,6.88565,6.57826,6.81507,6.42499,0.0518062,5.83592,5.96131,6.13123,6.47666,6.59483,6.76911,6.87828,3.03421,3.14815,3.42216,0.118788,2.33798,2.72234,3.02803,3.22709,3.72136,4.25761,4.56375,2.87216,3.04829,3.15742,0.0918197,2.33798,2.64059,2.73348,3.04314,3.50464,3.67867,4.16816,5.48232,5.54171,5.61282,0.056522,5.14763,5.23967,5.42292,5.51844,5.66573,6.00445,6.31782,5.45937,5.48996,5.47889,0.0456165,5.03044,5.19785,5.32454,5.45937,5.57745,5.7331,5.95538,-9999,-9999
201710,15.289,1.0,13.894,2.758,1.0,16.805,3.143,1.0,16.78,15.026,2.134,18.666,1.999,15.289,1.0,13.894,2.758,1.0,16.805,3.143,1.0,278.149,130.333,1.0,39.68,130.333,1.0,341.176,1.0,344.804,341.176,1.0,361.051,1.0,369.352,361.051,1.0,5.966,1.0,6.428,5.966,1.0,98.58,98.569,1.0,1.099,3.058,1.0,1.645,2.987,1.0,0.4204313649193548,1.0,64.97671719939652,1.0,240.1855973777957,1.0,13.360133587410282,1.0,15.460674001582662,1.0,390.0489782313843,1.0,412.892,1.0,16.143,1.0,32.082,1.0,-4.3913,1.0,30.4438,0.998656,44.5579,0.465409,16.8698,0.999328,24.6908,0.653793,0.997984,1,24.871,23.129,24.871,23.129,-0.250355,-0.27566,0.963038,0.963038,0.0663027,0.0655519,0.0920572,0.10389,-0.227789,-0.263466,0.97043,0.963038,0.0674625,0.0656629,0.092896,0.103961,-0.219675,-0.255495,0.969859,0.965138,0.0139301,0.0114663,-0.384651,-0.285594,-0.273961,-0.23235,-0.168564,-0.157868,-0.0525359,-0.414262,-0.328457,-0.286414,-0.267549,-0.222316,-0.167259,-0.157481,0.950269,0.959677,0.963038,0.971102,0.975806,0.975806,0.986559,0.942204,0.955645,0.959677,0.959005,0.97379,0.97379,0.975806,2.53924,2.49737,1.38625,1.33689,0.95727,0.95727,0.069064,0.0670413,0.134437,0.141538,-3.16198,-3.16761,4.33248,4.32608,0.97069,0.97069,0.111588,0.109494,0.116025,0.113731,2.60367,2.52048,1.42139,1.36676,0.969677,0.95727,0.0697218,0.0674238,0.134776,0.14172,-3.18416,-3.16723,4.37959,4.32679,0.972157,0.97069,0.112167,0.109488,0.116582,0.113726,2.40211,2.49188,2.50551,2.58591,2.70368,2.72256,2.86016,2.38658,2.44823,2.4921,2.52038,2.61204,2.69754,2.72256,0.947862,0.95727,0.95727,0.969677,0.969677,0.969677,0.987097,0.946572,0.95727,0.95727,0.95727,0.969677,0.969677,0.969677,-3.2861,-3.21721,-3.18807,-3.16989,-3.1603,-3.15365,-3.13521,-3.32673,-3.22327,-3.21329,-3.17857,-3.16761,-3.16176,-3.14841,0.953972,0.963619,0.970813,0.966541,0.97069,0.966541,0.986203,0.955438,0.955374,0.956777,0.97069,0.97069,0.979302,0.966541,3.07512,3.08841,3.07915,0.00721606,2.96428,3.04196,3.05521,3.08547,3.10696,3.11954,3.13787,3.0341,3.10183,3.08874,0.00737741,2.9887,3.0341,3.05812,3.09264,3.11286,3.12958,3.15009,3.34908,3.35187,3.33464,0.00776891,3.23393,3.27308,3.30131,3.34065,3.36085,3.3866,3.40618,3.26146,3.32962,3.30842,0.00965252,3.21463,3.24008,3.26575,3.30901,3.34908,3.3664,3.39859,1.77042,1.74305,1.79921,0.0199819,1.60281,1.668,1.738,1.79642,1.86322,1.91981,1.99104,1.77056,1.76526,1.78268,0.0260849,1.57573,1.62941,1.69247,1.75991,1.84236,1.92183,2.09992,2.67788,2.69484,2.72111,0.0129606,2.57624,2.61652,2.68503,2.71435,2.77621,2.80253,2.82321,2.71672,2.70759,2.70487,0.0187607,2.57013,2.58458,2.63293,2.69786,2.73372,2.79345,2.97364,-9999,-9999
201711,9.032,1.0,8.003,3.107,1.0,10.401,3.264,1.0,9.972,8.304,2.274,12.164,2.102,9.032,1.0,8.003,3.107,1.0,10.401,3.264,1.0,205.728,97.259,1.0,24.039,97.259,1.0,306.09,1.0,307.003,306.09,1.0,304.991,1.0,311.746,304.991,1.0,4.886,1.0,6.482,4.886,1.0,98.566,98.77,1.0,0.997,0.24,1.0,1.972,2.748,1.0,0.3889919159722222,1.0,33.60419376839167,1.0,176.04897844784793,1.0,12.152109608531948,1.0,11.682148831177777,1.0,356.90217727680556,1.0,417.068,0.980556,9.72,1.0,28.063,1.0,-3.81682,1.0,8.56419,0.998611,10.7692,0.206917,21.0572,0.999306,26.4788,0.71207,0.997917,1,27.2333,20.7667,27.2333,20.7333,0.816865,0.814602,0.986111,0.986111,0.0314394,0.0315042,0.0413432,0.0422252,0.798471,0.817043,0.9875,0.986111,0.0316187,0.0314851,0.0414797,0.0422109,0.787838,0.795071,0.988906,0.986684,0.00440382,0.00398221,0.743063,0.76361,0.76773,0.786933,0.808335,0.817307,0.825765,0.756504,0.764826,0.768753,0.798998,0.816865,0.821056,0.830447,0.995833,0.980556,0.992361,0.992361,0.984028,0.986111,0.984722,0.994444,0.981944,0.992361,0.986806,0.986111,0.986111,0.985417,1.53018,1.52687,0.551718,0.551399,0.989011,0.989011,0.0294198,0.0290365,0.0450711,0.0422388,-0.183314,-0.184038,1.74998,1.75,0.982807,0.982807,0.0587909,0.0589781,0.0731713,0.0749211,1.52465,1.53097,0.576556,0.550193,0.991392,0.989011,0.0293456,0.0289907,0.0450227,0.0422074,-0.217889,-0.183926,1.7565,1.75013,0.982807,0.982807,0.0590187,0.058966,0.0733544,0.0749116,1.42126,1.4605,1.47917,1.50328,1.52585,1.52879,1.53178,1.42337,1.46803,1.49472,1.50661,1.52598,1.52938,1.53464,0.985348,0.997619,0.987821,0.987821,0.989011,0.997619,0.989011,0.985348,0.997619,0.997619,0.997619,0.993773,0.990201,0.989011,-0.252264,-0.249194,-0.248442,-0.225786,-0.171257,-0.16207,-0.146197,-0.253511,-0.249194,-0.240521,-0.183926,-0.163634,-0.156787,-0.146197,0.985837,0.985837,0.985837,0.990382,0.98114,0.977958,0.98114,0.985837,0.985837,0.985837,0.982807,0.976443,0.98114,0.98114,1.60959,1.60876,1.58619,0.00375372,1.5305,1.55711,1.56313,1.59411,1.60377,1.60731,1.61628,1.5902,1.58995,1.57564,0.00566496,1.50526,1.54391,1.56048,1.58499,1.60221,1.60728,1.6134,0.792285,0.791716,0.791116,0.00195641,0.757104,0.785868,0.78938,0.791399,0.796589,0.801286,0.805011,0.806564,0.791479,0.787798,0.00242953,0.756078,0.767529,0.785276,0.791284,0.79537,0.79776,0.806564,1.42455,1.42217,1.35529,0.0138273,1.15014,1.26837,1.31859,1.36984,1.42282,1.42455,1.43723,1.42116,1.4208,1.36252,0.0126245,1.12609,1.29797,1.32134,1.37595,1.42314,1.42465,1.43723,0.78328,0.776251,0.749617,0.00545677,0.67424,0.71015,0.725935,0.75331,0.776457,0.781778,0.789581,0.778338,0.7775,0.752684,0.00520675,0.67444,0.716195,0.736141,0.758808,0.776457,0.779121,0.788842,-9999,-9999
201712,1.435,1.0,0.565,2.578,1.0,2.661,2.459,1.0,6.445,4.961,2.521,8.575,2.062,1.435,1.0,0.565,2.578,1.0,2.661,2.459,1.0,170.321,84.241,1.0,18.877,84.241,1.0,271.618,1.0,293.271,271.618,1.0,254.92,1.0,290.818,254.92,1.0,3.233,1.0,6.222,3.233,1.0,98.586,98.992,1.0,0.963,0.068,1.0,2.565,2.975,1.0,0.41536357594086015,1.0,22.300621993015458,1.0,153.1408227994644,1.0,12.173860898443547,1.0,10.935756223807934,1.0,321.44265067244623,1.0,418.006,1.0,5.794,1.0,23.773,1.0,-7.64651,1.0,4.55942,1.0,5.4554,0.125685,20.4584,0.999328,24.4788,0.595816,0.999328,1,28.2581,19.7419,28.2581,19.7097,0.496109,0.494546,0.99664,0.99664,0.0229116,0.0228938,0.0277055,0.0262791,0.483091,0.493244,0.998656,0.99664,0.0228441,0.022964,0.0276497,0.0263403,0.48272,0.489447,0.997177,0.995968,0.00264792,0.00200932,0.449011,0.467792,0.471538,0.483081,0.495575,0.498947,0.50244,0.46641,0.474713,0.482112,0.491291,0.497258,0.500518,0.507494,0.999328,0.998656,0.998656,0.998656,0.995968,0.99664,0.99664,0.998656,0.998656,0.998656,0.995296,0.995968,0.993952,0.992608,0.85614,0.85369,0.440029,0.436386,1.0,1.0,0.0232638,0.0236487,0.0254543,0.0248282,-0.0538954,-0.0541099,1.2483,1.23913,0.991851,0.991851,0.0419269,0.0416317,0.0491431,0.0470344,0.855641,0.853914,0.447856,0.440141,1.0,1.0,0.0232746,0.0236603,0.0254642,0.0248393,-0.0834508,-0.0576185,1.26292,1.24648,0.996689,0.991851,0.0419138,0.0418303,0.0491319,0.0472104,0.809633,0.835479,0.840792,0.852434,0.855578,0.85614,0.857667,0.83364,0.841389,0.845317,0.853278,0.85564,0.856512,0.857887,1.0,1.0,1.0,1.0,1.0,1.0,1.0,1.0,1.0,1.0,0.997696,1.0,1.0,1.0,-0.0962403,-0.0939719,-0.0890222,-0.0812852,-0.0537835,-0.0427009,-0.0378969,-0.0939879,-0.0845872,-0.0837124,-0.0576136,-0.0442186,-0.0408132,-0.0282652,0.996689,0.998387,0.996689,0.996689,0.991851,0.98854,0.990238,0.996689,0.996689,0.996689,0.991851,0.991851,0.991851,0.985399,0.881965,0.881963,0.869381,0.00176069,0.843044,0.857796,0.862057,0.869726,0.87732,0.880576,0.882938,0.871056,0.86741,0.865408,0.00266543,0.837203,0.851307,0.860022,0.868386,0.876272,0.879061,0.88166,0.387276,0.388719,0.379934,0.00242568,0.335811,0.361953,0.376997,0.384648,0.387715,0.393896,0.394921,0.390036,0.384319,0.382688,0.00186985,0.358827,0.376325,0.380114,0.385931,0.389018,0.390556,0.394061,0.837922,0.838022,0.859595,0.00808453,0.830343,0.831994,0.839472,0.842468,0.849348,0.864994,0.937221,0.844603,0.826516,0.852163,0.00493238,0.82565,0.834515,0.839976,0.843065,0.849431,0.870596,0.889868,0.430128,0.427595,0.434878,0.00320285,0.419817,0.421753,0.424194,0.43019,0.432699,0.441069,0.461159,0.423013,0.426013,0.433375,0.00189062,0.420102,0.423013,0.427234,0.431026,0.435146,0.437949,0.461835,-9999,-9999
201801,-1.049,1.0,-1.71,3.495,1.0,-0.145,3.112,1.0,7.164,5.596,2.252,9.354,1.988,-1.049,1.0,-1.71,3.495,1.0,-0.145,3.112,1.0,187.375,98.002,1.0,22.663,98.002,1.0,262.053,1.0,296.437,262.053,1.0,239.102,1.0,295.644,239.102,1.0,2.712,1.0,6.176,2.712,1.0,98.577,99.238,1.0,8.863,1.726,1.0,2.435,3.208,0.999328,0.4716447111713318,0.9979838709677419,35.8745634811828,1.0,175.35229393749998,1.0,13.803214170698928,1.0,12.382309614919354,1.0,310.6898694616935,1.0,418.499,0.99664,1.741,1.0,26.511,1.0,-6.95314,1.0,5.18148,0.99664,7.68019,0.120192,23.3317,0.999328,34.5832,0.695472,0.985887,1,27.871,20.129,27.871,20.0968,0.559212,0.564907,0.99664,0.995968,0.0215464,0.0214943,0.0256233,0.0240709,0.552559,0.558008,0.99664,0.995968,0.0214729,0.0215642,0.0255616,0.0241334,0.553254,0.561036,0.995262,0.99328,0.00245622,0.00256675,0.523202,0.539285,0.542424,0.550807,0.561939,0.56702,0.575352,0.542117,0.546635,0.548631,0.559587,0.567046,0.568306,0.584232,0.999328,0.99664,0.99664,0.99664,0.995968,0.993952,0.991263,0.99664,0.99664,0.997312,0.99664,0.995296,0.993952,0.981855,0.796429,0.798744,0.500634,0.500322,1.0,1.0,0.02254,0.0226403,0.023482,0.0232838,0.189684,0.199062,1.25826,1.24861,0.991681,0.989983,0.0382322,0.0381874,0.0490094,0.0512244,0.798477,0.795788,0.506363,0.500961,1.0,1.0,0.0225652,0.0225982,0.0235062,0.0232428,0.171469,0.187734,1.26042,1.25637,0.991681,0.989983,0.0382095,0.0384432,0.0489917,0.0514153,0.755027,0.785722,0.789337,0.794848,0.798477,0.798891,0.802979,0.7856,0.789358,0.793462,0.797776,0.798744,0.80023,0.805076,1.0,1.0,1.0,0.995221,1.0,1.0,1.0,1.0,1.0,1.0,1.0,1.0,1.0,0.982079,0.154345,0.155438,0.157992,0.171577,0.200143,0.216764,0.228993,0.153866,0.157649,0.161095,0.187734,0.217402,0.225932,0.239685,0.991851,0.991851,0.995076,0.991681,0.989983,0.986749,0.982056,0.991851,0.991766,0.991766,0.989983,0.986749,0.985128,0.980443,0.850617,0.850617,0.836687,0.0020661,0.812543,0.820598,0.82314,0.840482,0.846198,0.850086,0.853493,0.819969,0.822636,0.830348,0.00277237,0.788231,0.818997,0.821572,0.829849,0.841778,0.845369,0.851432,0.292451,0.292608,0.275651,0.00266255,0.25372,0.264603,0.268403,0.2753,0.286846,0.288586,0.29363,0.272419,0.270077,0.277093,0.00183772,0.253072,0.266426,0.270048,0.278016,0.287015,0.288634,0.291534,0.803564,0.814625,0.817838,0.005377,0.765614,0.776486,0.792569,0.819989,0.829747,0.841095,0.873413,0.798189,0.800991,0.804623,0.00547764,0.758471,0.766363,0.775397,0.800086,0.825918,0.830862,0.87109,0.293175,0.285874,0.291988,0.00136824,0.279388,0.284613,0.286646,0.290985,0.293254,0.295452,0.31123,0.284426,0.291608,0.287382,0.00203869,0.260216,0.279266,0.281089,0.287584,0.291621,0.293399,0.309015,-9999,-9999
201802,2.571,1.0,1.965,3.677,1.0,3.274,3.168,1.0,3.9,2.6,2.04,5.418,1.597,2.571,1.0,1.965,3.677,1.0,3.274,3.168,1.0,247.775,100.367,1.0,27.799,100.367,1.0,292.627,1.0,297.563,292.627,1.0,269.126,1.0,297.359,269.126,1.0,2.877,1.0,5.662,2.877,1.0,98.534,98.993,1.0,5.343,2.171,1.0,2.082,2.844,0.914435,0.44223908367706805,0.8973214285714286,53.33006943824405,1.0,183.51087393675593,1.0,12.021913720238095,1.0,11.299561963541667,1.0,327.6531258325893,1.0,418.075,1.0,3.607,1.0,34.85,1.0,-3.15287,1.0,6.43537,0.979167,9.53874,0.194679,27.9983,0.982887,41.5002,0.860663,1.0,2,25.8929,22.1071,25.8929,22.0714,0.500021,0.497409,0.969494,0.967262,0.0265016,0.0266945,0.039451,0.0402757,0.513104,0.500756,0.969494,0.969494,0.0267323,0.0266657,0.0396063,0.0402566,0.496316,0.491776,0.970499,0.968006,0.00375647,0.00410258,0.45436,0.461831,0.476338,0.499583,0.517153,0.520279,0.522525,0.451667,0.459141,0.461831,0.498991,0.515833,0.519458,0.520931,0.96503,0.966518,0.967262,0.969494,0.970238,0.970238,0.970238,0.965774,0.967262,0.966518,0.969494,0.973958,0.970238,0.970238,0.838298,0.840196,0.566541,0.567164,0.977253,0.977253,0.0312116,0.0312837,0.0442861,0.0441775,0.0728391,0.0655322,1.36957,1.37301,0.960898,0.956239,0.0419565,0.042168,0.0493139,0.048986,0.851011,0.839572,0.587662,0.56666,0.977253,0.977253,0.0316456,0.0312336,0.044593,0.044142,0.0850744,0.0728815,1.35797,1.36958,0.960898,0.960898,0.0419005,0.0421391,0.0492663,0.0489611,0.777494,0.78885,0.798877,0.836909,0.84728,0.851686,0.853062,0.777725,0.788091,0.789405,0.836598,0.84728,0.850476,0.853627,0.977253,0.977253,0.984396,0.977253,0.977253,0.977253,0.977253,0.977253,0.977253,0.977253,0.977253,0.977253,0.977253,0.977253,0.0345717,0.0517412,0.0601457,0.0861937,0.0974194,0.103569,0.109667,0.0429808,0.0489129,0.0513897,0.0696505,0.096705,0.0987723,0.109395,0.949739,0.952915,0.956239,0.960898,0.962521,0.962521,0.965697,0.953063,0.951363,0.949816,0.960898,0.973532,0.962521,0.965697,0.965427,0.967566,0.947828,0.0027719,0.909083,0.929268,0.934123,0.951501,0.962698,0.965637,0.969093,0.955787,0.958276,0.945351,0.00335237,0.906086,0.928611,0.934661,0.952048,0.958706,0.962484,0.966508,0.465406,0.46681,0.456052,0.0027526,0.424331,0.434154,0.442018,0.460934,0.469741,0.472529,0.475583,0.433262,0.445173,0.449035,0.003189,0.41944,0.433109,0.435138,0.449415,0.465406,0.471051,0.473679,0.606568,0.637494,0.634253,0.00695888,0.56182,0.591009,0.604976,0.623154,0.659644,0.69237,0.708408,0.614996,0.570197,0.61984,0.00853835,0.532759,0.568459,0.576747,0.612622,0.649106,0.661443,0.709155,0.251527,0.273068,0.271245,0.00617502,0.203785,0.238275,0.243573,0.265318,0.300384,0.324451,0.331229,0.22619,0.223454,0.256877,0.00690244,0.191272,0.207776,0.223605,0.25015,0.279344,0.301648,0.330228,-9999,-9999
201803,6.289,1.0,5.626,2.518,1.0,6.936,2.623,1.0,8.662,6.855,1.96,10.385,1.923,6.289,1.0,5.626,2.518,1.0,6.936,2.623,1.0,329.425,124.633,1.0,50.378,124.633,1.0,301.545,1.0,299.558,301.545,1.0,287.9,1.0,300.4,287.9,1.0,3.69,1.0,6.544,3.69,1.0,98.509,98.606,1.0,1.202,2.423,1.0,2.885,3.27,0.999328,0.46942498375409075,0.9973118279569892,66.92330563306452,1.0,228.06563248051074,1.0,14.050819237903225,1.0,13.490037368279568,1.0,344.8227008978495,1.0,419.588,1.0,6.286,1.0,39.605,1.0,-1.56521,1.0,9.13115,0.999328,13.0029,0.217178,32.4584,0.998656,46.2215,0.719275,1.0,2,23.5484,24.4516,23.5161,24.3871,0.203204,0.199543,0.999328,0.999328,0.035796,0.0358499,0.0374294,0.0369947,0.197112,0.202624,0.999328,0.999328,0.0358239,0.0359181,0.0374561,0.0370608,0.190934,0.195063,0.999059,0.998606,0.00207973,0.00212391,0.170602,0.178904,0.183288,0.189106,0.198112,0.200777,0.203693,0.180884,0.18277,0.185439,0.196406,0.200501,0.201034,0.205648,1.0,1.0,1.0,0.999328,0.999328,0.999328,0.995968,0.998656,0.998656,1.0,0.999328,0.999328,0.999328,0.999328,1.03879,1.03399,0.771001,0.765197,1.0,1.0,0.0377086,0.0380529,0.0445279,0.0406285,-0.6168,-0.619386,1.78055,1.77832,0.99871,0.99871,0.0574502,0.0570831,0.0585212,0.058646,1.02733,1.03779,0.780588,0.77089,1.0,1.0,0.0375835,0.0381101,0.044422,0.0406821,-0.617235,-0.616896,1.79291,1.78054,0.99871,0.99871,0.0573131,0.0572009,0.0583866,0.0587607,0.980496,0.985338,1.00721,1.02073,1.02929,1.0327,1.03879,1.00013,1.01,1.01901,1.02672,1.0327,1.03847,1.0591,1.0,1.0,1.0,0.998597,1.0,1.0,1.0,1.0,1.0,0.998597,1.0,1.0,1.0,0.998597,-0.638284,-0.632077,-0.625341,-0.619292,-0.614852,-0.609788,-0.606591,-0.639135,-0.636672,-0.632228,-0.619539,-0.615172,-0.609774,-0.604629,0.996129,0.99871,0.99871,0.99871,0.99871,1.0,1.0,0.99871,0.993548,0.99871,0.99871,1.0,0.99871,0.99871,1.1453,1.14462,1.13472,0.00346156,1.09517,1.10798,1.11959,1.13994,1.15037,1.15461,1.15826,1.11978,1.11796,1.12007,0.00493776,1.05936,1.08457,1.10217,1.12183,1.14217,1.15027,1.1555,0.941809,0.941992,0.939654,0.00347276,0.907398,0.917425,0.919292,0.937529,0.960093,0.969232,0.971736,0.923125,0.92085,0.929135,0.00403289,0.887291,0.908852,0.915085,0.922386,0.944661,0.960081,0.969932,0.934979,0.909726,0.909406,0.00957746,0.801189,0.823561,0.874915,0.910075,0.952273,0.974819,0.980144,0.950725,0.945143,0.920276,0.00796097,0.807004,0.867355,0.893247,0.915759,0.972126,0.975784,0.980144,0.766976,0.75305,0.754855,0.00572651,0.676967,0.710831,0.733163,0.759936,0.782417,0.788218,0.797695,0.776818,0.775099,0.760066,0.00441935,0.703294,0.729647,0.740069,0.763819,0.785802,0.787761,0.792134,-9999,-9999
201804,9.748,1.0,8.65,3.418,1.0,10.593,3.538,1.0,11.241,9.394,1.865,12.671,1.894,9.748,1.0,8.65,3.418,1.0,10.593,3.538,1.0,408.24,206.855,1.0,72.415,206.855,1.0,309.326,1.0,316.26,309.326,1.0,300.897,1.0,325.853,300.897,1.0,7.009,1.0,6.51,7.009,1.0,98.537,98.561,1.0,0.436,0.45,1.0,2.517,3.339,1.0,0.4914066303140097,0.9986111111111112,128.6805255125,1.0,380.82385186736116,1.0,22.278135400694445,1.0,21.276532843749997,1.0,365.25648784375,1.0,418.385,0.998611,8.648,1.0,38.226,1.0,1.28927,1.0,17.7679,0.999306,25.3018,0.336377,71.549,0.997917,101.887,1.0101,0.997222,1,20.8667,27.1333,20.8667,27.1,0.592745,0.595913,0.997222,0.997222,0.03712,0.0374743,0.0472836,0.0412122,0.580741,0.59416,0.997222,0.997222,0.0366632,0.0371004,0.0469258,0.0408726,0.579509,0.591959,0.99651,0.995122,0.0049727,0.00282735,0.504682,0.542868,0.57418,0.582275,0.59954,0.601446,0.618502,0.561792,0.577112,0.579698,0.591207,0.601446,0.611412,0.618502,0.998611,0.998611,0.997917,0.997917,0.997222,0.997222,0.995139,0.998611,0.997917,0.997917,0.997222,0.997222,0.997222,0.995139,1.66694,1.67396,0.684802,0.677706,1.0,1.0,0.0407855,0.0412518,0.0622858,0.0480869,-0.255003,-0.254901,1.98291,1.98148,0.995062,0.995062,0.054194,0.0554669,0.0560396,0.0576234,1.65726,1.67031,0.697828,0.681325,1.0,1.0,0.0406808,0.0410566,0.0622172,0.0479196,-0.268657,-0.255107,2.00653,1.98379,0.995062,0.995062,0.0541236,0.0548177,0.0559714,0.0569988,1.51199,1.58583,1.63164,1.65213,1.67561,1.67998,1.68547,1.6052,1.63271,1.64457,1.66656,1.6767,1.68214,1.68823,1.0,1.0,1.0,1.0,0.996667,1.0,1.0,1.0,1.0,1.0,1.0,1.0,1.0,0.996667,-0.288399,-0.277897,-0.264455,-0.258073,-0.254901,-0.249371,-0.219261,-0.269833,-0.263092,-0.261075,-0.256864,-0.249371,-0.231858,-0.219015,0.997531,0.997531,0.995062,0.996296,0.995062,0.995062,0.995062,0.995062,0.995062,0.995062,0.996296,0.995062,0.945262,0.995062,1.89773,1.90062,1.87496,0.00510603,1.79618,1.83871,1.86606,1.88092,1.89379,1.89773,1.90921,1.86458,1.88069,1.85173,0.00876722,1.73386,1.78511,1.83045,1.86915,1.88818,1.89432,1.89958,1.30524,1.30646,1.283,0.0036494,1.23744,1.25302,1.26226,1.28485,1.29922,1.30509,1.30976,1.27919,1.29995,1.27222,0.00454345,1.22737,1.24112,1.25302,1.27494,1.29489,1.29925,1.30675,1.76244,1.82591,1.80946,0.0102395,1.69648,1.74359,1.75584,1.82193,1.85156,1.86344,1.86962,1.73875,1.83643,1.82071,0.00812574,1.7234,1.74625,1.78953,1.83245,1.85342,1.86431,1.87146,1.20919,1.22432,1.22261,0.00506604,1.14479,1.20423,1.20919,1.22537,1.23895,1.24417,1.25235,1.20466,1.2324,1.23097,0.00403845,1.19142,1.20466,1.21221,1.23119,1.24201,1.25314,1.26991,-9999,-9999
201805,23.432,1.0,21.718,2.026,1.0,24.527,3.34,1.0,14.793,12.849,1.758,16.042,2.057,23.432,1.0,21.718,2.026,1.0,24.527,3.34,1.0,462.933,242.603,1.0,89.705,242.603,1.0,383.09,1.0,329.307,383.09,1.0,420.384,1.0,345.735,420.384,1.0,10.629,1.0,6.74,10.629,1.0,98.542,98.296,1.0,0.289,1.96,0.923387,1.942,2.518,0.998656,0.36625795458909366,0.9959677419354839,158.2039467668011,0.9973118279569892,457.62068117607527,1.0,22.31103060954301,1.0,30.620371340053765,1.0,435.197719249328,1.0,422.206,1.0,18.403,1.0,36.808,1.0,10.3646,1.0,70.2266,0.999328,94.6277,0.930928,39.6621,0.999328,53.4432,0.890852,0.994624,1,18.7742,29.2258,18.7742,29.2258,-2.06472,-2.05036,0.964382,0.963038,0.0981513,0.0991479,0.117038,0.133187,-2.17454,-2.05977,0.965726,0.964382,0.0991764,0.0980083,0.117899,0.132341,-2.11997,-2.11272,0.965205,0.954167,0.0166376,0.0141676,-2.26525,-2.17787,-2.15719,-2.11483,-2.06472,-2.05036,-2.0158,-2.28541,-2.21385,-2.13685,-2.11098,-2.05036,-2.03599,-2.00942,0.967742,0.911962,0.965726,0.930108,0.964382,0.963038,0.958333,0.90793,0.96707,0.965726,0.929435,0.963038,0.955645,0.962366,5.54344,5.5652,1.53266,1.52514,0.939068,0.939068,0.107671,0.106436,0.244922,0.246135,-6.71897,-6.71065,7.91101,7.90512,0.979035,0.976884,0.140586,0.14124,0.1968,0.206163,5.41976,5.54971,1.60469,1.5358,0.946237,0.939068,0.108307,0.103905,0.245203,0.245051,-6.81216,-6.71529,7.91068,7.90939,0.976847,0.979035,0.140702,0.14002,0.196883,0.205329,4.5107,5.15207,5.30639,5.45335,5.54344,5.59204,5.68103,4.7773,5.15207,5.30145,5.43653,5.54344,5.59594,5.68352,1.0,0.8819,0.910573,0.919355,0.939068,0.946237,0.973118,0.733692,0.8819,0.910573,0.946237,0.939068,0.985663,0.973118,-6.90599,-6.87028,-6.80908,-6.71637,-6.60423,-6.59484,-6.54529,-6.90599,-6.86235,-6.80908,-6.71065,-6.5986,-6.56199,-6.54797,0.980147,0.982298,0.983373,0.986676,0.957228,0.968129,0.960453,0.980147,0.983373,0.983373,0.976884,0.969204,0.958226,0.959301,6.48248,6.49893,6.6898,0.0518206,6.34242,6.4059,6.46565,6.55974,6.73589,7.13574,7.27031,7.11082,6.39802,6.62739,0.0781359,5.68913,6.31585,6.4059,6.58463,6.88767,7.11082,7.20826,8.54463,8.5587,8.80252,0.0497004,8.54463,8.57378,8.5893,8.6479,8.8272,9.22943,9.34612,9.26188,8.57257,8.74736,0.074974,7.76089,8.55267,8.5774,8.6479,8.98279,9.22417,9.26188,5.26715,6.05156,5.47461,0.0658233,4.46092,5.00973,5.30976,5.45088,5.77307,5.87779,5.96986,5.6825,6.00359,5.36638,0.0731517,4.40316,4.80725,5.05009,5.43479,5.68244,5.86535,5.9073,7.60574,7.88762,7.53187,0.0628952,6.71076,6.98262,7.31034,7.6105,7.75777,7.89689,8.00328,8.01668,8.09369,7.50306,0.0635513,6.66787,6.99895,7.17623,7.6672,7.75302,7.86579,8.00328,-9999,-9999
201806,25.818,1.0,23.877,1.865,1.0,26.941,3.209,1.0,20.132,17.868,1.922,21.435,2.011,25.818,1.0,23.877,1.865,1.0,26.941,3.209,1.0,485.7,268.631,1.0,88.2,268.631,1.0,400.597,1.0,352.854,400.597,1.0,442.893,1.0,381.619,442.893,1.0,11.041,1.0,7.498,11.041,1.0,98.544,98.235,1.0,1.969,2.241,1.0,1.892,2.478,0.995139,0.34564246861449865,0.9951388888888888,183.58059469464143,0.9972222222222221,509.8160874993056,1.0,21.22054560902778,1.0,33.91776428611111,1.0,450.27351193541665,1.0,409.96,0.997917,22.133,1.0,26.987,1.0,7.41114,1.0,97.3954,1.0,139.922,1.10012,25.5676,1.0,36.7314,0.719053,0.995833,1,17.5333,30.4667,17.5333,30.4667,-4.93191,-4.93283,0.979861,0.978472,0.110985,0.11152,0.132415,0.125636,-5.02846,-4.93298,0.983333,0.979167,0.112141,0.111001,0.133385,0.125175,-4.96215,-4.94748,0.977049,0.968819,0.0135611,0.0107444,-5.06675,-5.039,-4.99969,-4.96062,-4.9149,-4.89456,-4.85953,-5.08125,-5.00273,-4.98975,-4.94418,-4.90833,-4.88701,-4.86575,0.998611,0.915972,0.983333,0.95625,0.986111,0.986111,0.994444,0.915972,0.984722,0.984028,0.977083,0.979167,0.985417,0.961806,5.01636,4.99821,1.35003,1.36626,0.987037,0.985185,0.11602,0.111323,0.185486,0.14728,-10.4058,-10.3967,9.18619,9.18733,0.975699,0.974588,0.156918,0.156723,0.183415,0.175272,4.86743,5.01636,1.47393,1.35003,0.985185,0.987037,0.11417,0.109207,0.184334,0.145687,-10.4692,-10.4074,9.20947,9.18522,0.98233,0.974588,0.157065,0.156366,0.183541,0.174953,4.41094,4.69929,4.8156,4.90484,4.9329,4.98873,5.01536,4.74064,4.8225,4.86773,4.91082,4.99741,5.01536,5.02858,1.0,0.996296,0.962309,0.97963,0.987037,0.983333,0.987037,0.996296,0.884967,0.962309,0.985185,0.981481,0.987037,0.983333,-10.4609,-10.4378,-10.41,-10.3755,-10.278,-10.2478,-10.2148,-10.4609,-10.4417,-10.4227,-10.3866,-10.328,-10.2848,-10.2318,0.98233,0.979032,0.97681,0.972366,0.997778,0.998889,0.997778,0.98233,0.983441,0.886452,0.975699,0.970143,0.995591,0.967957,5.87858,5.87858,5.7608,0.0228931,5.59379,5.63916,5.65755,5.74949,5.82079,5.87858,5.91619,5.63104,5.64531,5.64003,0.0475838,4.94837,5.54174,5.61356,5.68244,5.77734,5.82168,5.89215,10.8101,10.8116,10.7083,0.0272995,10.478,10.5846,10.6197,10.6797,10.7864,10.8101,10.902,10.6252,10.6738,10.6022,0.048294,10.0089,10.4276,10.5053,10.6323,10.7389,10.7846,10.8331,4.29699,4.63052,4.64498,0.0654638,3.92376,4.16637,4.29927,4.64057,4.86686,4.97204,5.28378,4.80143,4.57211,4.49772,0.0666077,3.92198,4.01342,4.09919,4.36681,4.8226,4.90998,5.05928,9.64394,9.82478,9.82674,0.0429714,9.2987,9.48189,9.62159,9.85896,10.0014,10.0325,10.1439,9.93109,9.81619,9.7153,0.0453716,9.26757,9.32561,9.46568,9.67447,9.94582,9.99522,10.0373,-9999,-9999
201807,26.048,1.0,23.945,2.014,1.0,27.321,3.184,1.0,24.273,22.274,1.803,25.5,2.05,26.048,1.0,23.945,2.014,1.0,27.321,3.184,1.0,474.191,265.988,1.0,95.279,265.988,1.0,398.414,1.0,367.808,398.414,1.0,441.579,1.0,404.408,441.579,1.0,12.083,1.0,7.974,12.083,1.0,98.543,98.689,1.0,0.504,1.316,1.0,2.072,1.971,1.0,0.28107232258064513,1.0,177.57364187231184,1.0,505.7389797150538,1.0,21.734841672715056,1.0,33.34532504502688,1.0,452.7316095685483,1.0,396.378,1.0,23.438,1.0,22.186,1.0,4.61991,1.0,74.0189,1.0,97.5767,1.00069,57.216,0.999328,75.426,0.996036,0.999328,1,18.1935,29.8065,18.1613,29.7742,-3.57499,-3.60265,0.953629,0.953629,0.10228,0.102873,0.207472,0.215634,-3.52459,-3.58021,0.971774,0.953629,0.101531,0.102276,0.207104,0.21535,-3.58217,-3.65799,0.962886,0.951663,0.0334342,0.0321313,-4.05472,-3.73325,-3.66215,-3.56057,-3.48714,-3.37223,-3.31014,-4.22367,-3.88976,-3.71675,-3.60265,-3.54396,-3.51074,-3.42714,0.899866,0.950269,0.942204,0.962366,0.972446,0.987231,0.995296,0.892473,0.917339,0.951613,0.953629,0.982527,0.975806,0.983199,4.08443,4.08996,1.03923,1.0395,0.947968,0.947968,0.0917428,0.0924268,0.173304,0.189543,-8.03581,-8.0832,7.03767,7.0728,0.957157,0.957157,0.147539,0.149313,0.391923,0.392142,3.984,4.08443,0.978299,1.03923,0.967942,0.947968,0.0909952,0.0903859,0.17291,0.188556,-7.89195,-8.04419,7.09083,7.04723,0.973483,0.957157,0.147417,0.148789,0.391877,0.391943,3.80584,3.90956,3.9538,4.04041,4.12512,4.20362,4.25745,3.81418,3.89488,3.95642,4.08443,4.20362,4.22584,4.47653,0.831525,0.981025,0.959453,0.973634,0.93109,0.947968,0.912614,0.981025,0.880455,0.947768,0.947968,0.947968,0.910716,0.946769,-8.74156,-8.42835,-8.26022,-7.91788,-7.83259,-7.70217,-7.57125,-8.77775,-8.60911,-8.42835,-8.06619,-7.90068,-7.88391,-7.74073,0.908608,0.938534,0.953891,0.963615,0.983064,0.986329,0.992572,0.880189,0.923463,0.938534,0.957157,0.973555,0.973555,0.983064,4.59961,4.59961,4.43187,0.0499741,3.93223,3.97707,4.24516,4.50093,4.61957,4.65729,4.89999,4.484,4.51592,4.43054,0.0437843,3.83851,4.12646,4.26977,4.484,4.59961,4.64989,4.70823,8.17459,8.17982,8.08985,0.038492,7.71715,7.78674,7.86684,8.07074,8.20545,8.28143,8.54073,8.07242,8.04051,8.01271,0.0463238,7.61372,7.73973,7.78828,8.06045,8.18119,8.24229,8.37648,4.26331,4.50984,4.55873,0.0518686,4.16959,4.21827,4.28151,4.46248,4.72932,4.92594,4.99538,4.38124,4.16205,4.52166,0.0607122,3.93084,4.19464,4.26505,4.44068,4.68103,4.90596,5.05396,7.47381,7.70822,7.75128,0.0458355,7.35239,7.36827,7.51921,7.70359,8.02693,8.05913,8.11121,7.70448,7.49784,7.67885,0.0523552,7.24065,7.35239,7.42005,7.60538,7.95454,8.03581,8.10906,-9999,-9999
201808,25.719,1.0,23.834,2.028,1.0,27.036,3.245,1.0,24.548,22.748,1.665,25.826,1.714,25.719,1.0,23.834,2.028,1.0,27.036,3.245,1.0,429.882,217.859,1.0,78.539,217.859,1.0,400.249,1.0,382.242,400.249,1.0,447.823,1.0,426.405,447.823,1.0,12.033,1.0,7.529,12.033,1.0,98.552,98.49,1.0,2.251,1.956,0.999328,1.849,2.441,1.0,0.36897271438172047,1.0,139.5659006189516,1.0,408.2111453568549,1.0,18.529797686827955,1.0,27.264709957661292,1.0,450.54441833803764,1.0,401.789,1.0,23.025,1.0,20.849,1.0,4.02812,1.0,42.6354,1.0,54.6971,0.772445,63.0137,1.0,80.8406,0.856216,1.0,1,19.9355,28.0645,19.9355,28.0323,-1.10425,-1.10354,0.968414,0.96707,0.0854905,0.0852338,0.0990343,0.112977,-1.1634,-1.10447,0.971774,0.968414,0.0875504,0.0854698,0.100818,0.113155,-1.16714,-1.18681,0.970397,0.960685,0.0155161,0.0176441,-1.4654,-1.20999,-1.19438,-1.14546,-1.11663,-1.11001,-1.08848,-1.52987,-1.26475,-1.19378,-1.15857,-1.12804,-1.11644,-1.10425,0.918011,0.988575,0.993952,0.975134,0.968414,0.997984,0.99664,0.895833,0.936828,0.933468,0.995968,0.961694,0.965726,0.968414,4.00706,4.00592,1.49607,1.49575,0.959253,0.959253,0.100065,0.0988255,0.160268,0.155861,-4.6845,-4.68254,6.21937,6.22527,0.974416,0.972191,0.122843,0.121713,0.134004,0.135962,3.81796,4.00657,1.4803,1.49598,0.962649,0.959253,0.10112,0.0998074,0.160928,0.156486,-4.65371,-4.6845,6.18751,6.21937,0.977753,0.974416,0.125181,0.121758,0.136151,0.136002,3.47278,3.72832,3.75122,3.85157,3.90557,3.9787,4.00692,3.42887,3.7293,3.78511,3.86397,3.95141,3.97034,4.00692,0.906876,0.898387,0.996604,0.959253,0.95764,0.959253,0.959253,0.88489,0.898387,0.910102,0.972835,0.95764,0.95764,0.959253,-4.9023,-4.74674,-4.6845,-4.66788,-4.64486,-4.63966,-4.43282,-4.97264,-4.77048,-4.71284,-4.67689,-4.65685,-4.64929,-4.64134,0.92478,0.965517,0.974416,0.96663,0.986652,0.992214,0.995551,0.902203,0.964365,0.965517,0.971079,0.974416,0.98109,0.992214,4.20378,4.20377,4.07807,0.0216123,3.7547,3.96604,4.02805,4.06124,4.19158,4.20746,4.26476,4.03026,3.97956,4.06774,0.0209313,3.76351,3.95677,4.02636,4.05921,4.19773,4.20394,4.21537,5.30802,5.30823,5.26487,0.0103421,5.14657,5.19897,5.21103,5.24518,5.31348,5.32437,5.3928,5.20214,5.14297,5.23487,0.0170949,5.02548,5.15672,5.19831,5.23913,5.31051,5.32437,5.3622,3.28907,3.38814,3.39636,0.0497696,2.98096,3.14469,3.22633,3.35545,3.43808,3.6868,3.96061,3.34451,3.40533,3.39929,0.0456474,2.9835,3.14853,3.24527,3.34748,3.45261,3.70347,3.9589,4.73201,4.81665,4.8168,0.0282078,4.52623,4.67505,4.72719,4.80578,4.87169,4.96104,5.09606,4.76484,4.86319,4.798,0.0268353,4.53057,4.65242,4.70742,4.76546,4.83935,4.98933,5.07558,-9999,-9999
201809,22.654,1.0,20.999,2.269,1.0,24.101,3.188,1.0,21.177,19.663,1.464,22.499,1.501,22.654,1.0,20.999,2.269,1.0,24.101,3.188,1.0,360.463,193.675,1.0,51.265,193.675,1.0,383.384,1.0,375.414,383.384,1.0,419.465,1.0,415.999,419.465,1.0,8.697,1.0,6.431,8.697,1.0,98.565,98.702,1.0,5.969,1.323,1.0,1.842,2.151,0.999306,0.3209377293882979,0.9993055555555554,122.08754186041666,1.0,362.15540933402775,1.0,17.75665381388889,1.0,22.819309209722228,1.0,431.3811587201389,1.0,411.504,1.0,21.39,1.0,22.902,1.0,1.1578,1.0,48.8651,1.0,64.951,0.695544,42.1488,0.998611,56.0237,0.81611,0.998611,1,22.3667,25.6333,22.3667,25.5667,-1.53795,-1.56435,0.969444,0.965972,0.0808676,0.0804387,0.0939129,0.0957773,-1.58958,-1.5314,0.971528,0.96875,0.0817552,0.0812203,0.0946783,0.0964347,-1.59499,-1.60883,0.971667,0.963733,0.0140654,0.0187862,-1.72326,-1.63704,-1.61196,-1.56841,-1.55045,-1.54154,-1.53795,-2.06511,-1.64702,-1.62199,-1.57365,-1.54804,-1.54304,-1.53434,0.940972,0.950694,0.994444,0.974306,0.966667,0.979861,0.969444,0.905556,0.951389,0.953472,0.970139,0.966667,0.975694,0.969444,4.14012,4.0951,1.023,0.982666,0.986364,0.980303,0.0685064,0.0671242,0.119947,0.111758,-6.36298,-6.37061,6.26128,6.25547,0.955077,0.953795,0.133046,0.132872,0.138256,0.136403,4.06572,4.13846,1.03666,1.01998,0.986364,0.986364,0.0710431,0.0677758,0.121413,0.11215,-6.39251,-6.34964,6.36834,6.24549,0.958923,0.953795,0.133993,0.134163,0.139167,0.137661,3.50127,3.92596,3.96126,4.07385,4.09547,4.12288,4.14012,3.48219,3.93517,3.98639,4.07367,4.09976,4.11387,4.14012,0.921717,0.971717,0.99697,0.990909,0.980303,0.987879,0.986364,0.920202,0.958081,0.971717,0.980303,0.987879,0.987879,0.986364,-6.52176,-6.38843,-6.3787,-6.3629,-6.32597,-6.31324,-6.24261,-6.64363,-6.39999,-6.38703,-6.36887,-6.34998,-6.33833,-6.3226,0.927928,0.932855,0.937983,0.955077,0.958923,0.988462,0.989744,0.868372,0.958923,0.958923,0.937983,0.953795,0.955077,0.958923,4.33826,4.33675,4.3144,0.0197779,4.02093,4.20276,4.26802,4.31687,4.33939,4.3483,4.62105,4.30932,4.2972,4.27912,0.0338094,3.73743,4.16088,4.22615,4.31097,4.33826,4.36981,4.62143,5.87027,5.86816,5.92322,0.0142152,5.85122,5.86789,5.87892,5.89025,5.90627,6.00494,6.17657,5.8803,5.88678,5.87412,0.0295779,5.34212,5.80448,5.85979,5.88583,5.89885,5.98061,6.18021,3.66186,4.03337,4.10376,0.0643089,3.63355,3.71562,3.80891,3.9986,4.28566,4.37027,5.04573,3.70807,3.71995,4.04951,0.0603909,3.56495,3.70807,3.77223,3.94864,4.24327,4.32333,4.93086,5.55561,5.7356,5.78003,0.037445,5.52666,5.56561,5.61369,5.71825,5.87574,5.89988,6.34683,5.55004,5.58697,5.73542,0.0351816,5.4016,5.55458,5.57751,5.6926,5.83581,5.89577,6.15503,-9999,-9999
201810,14.26,1.0,13.072,2.634,1.0,15.554,2.943,1.0,14.91,13.4,1.975,16.525,1.693,14.26,1.0,13.072,2.634,1.0,15.554,2.943,1.0,278.149,134.914,1.0,37.227,134.914,1.0,338.133,1.0,341.704,338.133,1.0,350.973,1.0,364.627,350.973,1.0,5.365,1.0,6.316,5.365,1.0,98.541,98.717,1.0,5.72,4.494,1.0,2.225,2.604,0.990591,0.38149599205767354,0.9899193548387096,70.80590257862904,1.0,245.74465372244623,1.0,14.14391326344086,1.0,16.35742469354839,1.0,384.9389406243279,1.0,415.114,0.99328,15.217,1.0,32.527,1.0,-4.45742,1.0,22.492,0.998656,34.4494,0.404603,26.6136,0.999328,40.7622,0.716926,0.99664,1,24.871,23.129,24.871,23.129,-0.0729292,-0.0724327,0.994624,0.994624,0.0577622,0.0569889,0.11504,0.0892914,-0.0215872,-0.0744784,0.995296,0.994624,0.0584885,0.0571957,0.115407,0.0894235,-0.0545205,-0.0878119,0.994069,0.992624,0.0137447,0.0139809,-0.261919,-0.149451,-0.130513,-0.0334122,-0.00480112,0.0495243,0.067745,-0.286672,-0.161575,-0.136244,-0.0765076,-0.0299114,-0.0240942,0.0399389,0.984543,0.99328,0.992608,0.995296,0.995968,0.997312,0.995296,0.978495,0.991263,0.992608,0.994624,0.994624,0.995296,0.995968,2.25453,2.26671,0.93233,0.92297,0.993648,0.993648,0.0520391,0.0485105,0.111185,0.101578,-2.51591,-2.52895,3.79447,3.77957,0.995601,0.995601,0.101834,0.101332,0.13852,0.112102,2.32371,2.2508,1.04506,0.925493,0.994938,0.993648,0.0530924,0.0486524,0.111682,0.101646,-2.48752,-2.51461,3.82171,3.79132,0.995601,0.995601,0.102091,0.101719,0.138709,0.112452,2.05342,2.16346,2.1716,2.28628,2.34422,2.35997,2.39657,1.9811,2.14312,2.17363,2.2566,2.31643,2.32161,2.38726,0.986055,0.993648,0.993648,0.994938,0.996179,0.996179,0.997419,0.986055,0.992357,0.992357,0.993648,0.994888,0.994888,0.997419,-2.6189,-2.57763,-2.54789,-2.4954,-2.47406,-2.38983,-2.37417,-2.65442,-2.58356,-2.56447,-2.52895,-2.49451,-2.48767,-2.43077,0.962376,0.992732,0.992732,0.995601,0.995601,0.992669,1.0,0.969708,0.994199,0.992732,0.995601,0.995601,0.995601,0.994135,2.40159,2.40353,2.39348,0.017095,2.16853,2.24011,2.32257,2.40069,2.4878,2.49662,2.52686,2.48524,2.49949,2.42838,0.0166491,2.2009,2.31006,2.33176,2.448,2.50985,2.53196,2.54566,2.4781,2.47801,2.48129,0.00479889,2.42008,2.4552,2.46227,2.47441,2.51403,2.51731,2.52306,2.51415,2.52107,2.4829,0.00499948,2.4032,2.45901,2.46466,2.47937,2.51272,2.51731,2.52276,2.44039,2.50467,2.5316,0.0256397,2.37403,2.40508,2.43323,2.47923,2.52446,2.74761,2.84402,2.49155,2.43729,2.49802,0.0219213,2.34264,2.38198,2.40617,2.45178,2.51222,2.6314,2.796,2.59643,2.62317,2.64547,0.0143165,2.53912,2.56554,2.57701,2.62316,2.67637,2.75877,2.79461,2.59442,2.59106,2.61825,0.01372,2.50229,2.54934,2.56677,2.59318,2.64454,2.70341,2.79031,-9999,-9999
201811,3.322,1.0,2.68,2.366,1.0,4.18,2.408,1.0,9.874,8.587,1.776,11.565,1.64,3.322,1.0,2.68,2.366,1.0,4.18,2.408,1.0,205.728,85.19,1.0,19.543,85.19,1.0,287.411,1.0,319.259,287.411,1.0,275.868,1.0,330.422,275.868,1.0,2.232,1.0,5.88,2.232,1.0,98.546,98.736,1.0,5.528,2.017,1.0,2.231,2.541,0.949306,0.3707688767572892,0.9493055555555556,30.999243999305552,1.0,153.4782035048611,1.0,12.454477872916666,1.0,10.979600061805558,1.0,329.6381288756945,1.0,418.868,1.0,7.583,1.0,38.763,1.0,-9.36272,1.0,6.51518,0.999306,10.1289,0.170389,16.1237,1.0,25.067,0.592903,2.0,2,27.2333,20.7667,27.2333,20.7667,0.680929,0.68947,0.991667,0.991667,0.0300664,0.0298576,0.0338774,0.0325337,0.667236,0.682753,0.993056,0.991667,0.0300041,0.0299358,0.0338222,0.0326055,0.67412,0.670502,0.988733,0.984826,0.00272887,0.00240807,0.638562,0.661749,0.666172,0.670138,0.683174,0.692971,0.701275,0.638562,0.658365,0.664784,0.668418,0.679044,0.684208,0.696285,0.975694,0.993056,0.993056,0.99375,0.994444,0.999306,0.996528,0.975694,0.974306,0.977083,0.993056,0.964583,0.991667,0.995139,1.18545,1.20246,0.570875,0.562419,1.0,1.0,0.0321995,0.0318514,0.0358212,0.0352364,-0.0366794,-0.0405371,1.57769,1.56836,0.980873,0.980873,0.0523522,0.0517499,0.0588299,0.0542304,1.17808,1.18847,0.607076,0.569427,1.0,1.0,0.031903,0.0319934,0.0355549,0.0353649,-0.0571092,-0.0364606,1.58584,1.57829,0.984048,0.980873,0.0521145,0.0518234,0.0586185,0.0543005,1.12691,1.1592,1.16264,1.17541,1.18468,1.19059,1.1948,1.12691,1.15569,1.16186,1.17528,1.18314,1.18582,1.19402,1.0,1.0,1.0,1.0,1.0,1.0,1.0,1.0,0.996296,0.996296,1.0,1.0,1.0,1.0,-0.0649649,-0.0596116,-0.0530703,-0.0375575,-0.0196174,-0.00593813,0.0105089,-0.0651726,-0.0603374,-0.0550151,-0.0474211,-0.0351253,-0.02791,-0.00087788,0.939199,0.937612,0.984048,0.985714,0.988889,0.90373,0.998413,0.940714,0.98246,0.984048,0.977698,0.985714,0.985714,0.923088,1.22079,1.22398,1.22201,0.00375298,1.19052,1.20066,1.2081,1.21851,1.22606,1.23846,1.25451,1.21613,1.21962,1.21529,0.00429719,1.19344,1.20042,1.20196,1.21509,1.22143,1.22973,1.24667,0.539858,0.541231,0.551513,0.00304915,0.51962,0.528295,0.539952,0.551431,0.557405,0.568194,0.587959,0.546448,0.552381,0.541171,0.0040807,0.49254,0.513929,0.523302,0.546448,0.553924,0.561785,0.571598,0.820566,0.897591,0.884194,0.00756101,0.769229,0.820566,0.865014,0.891863,0.909226,0.916928,0.928569,0.895988,0.833504,0.887572,0.00726855,0.805099,0.835743,0.865515,0.888935,0.911238,0.92839,0.965472,0.448403,0.464588,0.44795,0.00400548,0.382936,0.433324,0.441401,0.450046,0.465478,0.469881,0.474207,0.47743,0.45514,0.448039,0.00335455,0.398127,0.432859,0.440265,0.448054,0.462202,0.468599,0.472431,-9999,-9999
201812,3.212,1.0,2.525,2.28,1.0,4.195,2.449,1.0,7.295,5.821,2.34,9.4,2.421,3.212,1.0,2.525,2.28,1.0,4.195,2.449,1.0,170.321,75.101,1.0,19.102,75.101,1.0,285.128,1.0,300.88,285.128,1.0,269.615,1.0,302.414,269.615,1.0,2.561,1.0,5.761,2.561,1.0,98.596,98.7,1.0,1.156,2.955,0.999328,1.752,2.928,0.983199,0.40832288762675745,0.9536290322580645,21.709797500000004,1.0,136.75414722715055,1.0,10.056621476478492,1.0,9.159518300403226,1.0,328.3471103427419,1.0,420.539,0.990591,5.302,1.0,38.948,1.0,-6.34757,1.0,4.94489,0.995296,7.8016,0.153259,12.7533,0.995968,20.121,0.694008,0.99328,1,28.2581,19.7419,28.2581,19.7097,0.589235,0.577366,0.989247,0.989247,0.024237,0.0238659,0.0351066,0.0320705,0.581738,0.587803,0.99328,0.989247,0.0242535,0.0241891,0.035118,0.0323118,0.560124,0.56625,0.990037,0.98745,0.00386894,0.00344118,0.515927,0.530984,0.542621,0.566197,0.580035,0.581779,0.58843,0.512334,0.541051,0.557382,0.567572,0.581721,0.583896,0.58843,0.99664,0.995968,0.995296,0.994624,0.992608,0.99328,0.987231,0.954973,0.995296,0.99328,0.994624,0.992608,0.987231,0.989247,0.789661,0.761693,0.550403,0.536927,0.995392,0.995392,0.0263392,0.0263324,0.0371172,0.0357875,0.248928,0.260914,1.11326,1.09124,0.98039,0.98039,0.0419552,0.0413218,0.0586021,0.0535872,0.784411,0.780235,0.55827,0.538285,1.0,0.995392,0.0263002,0.0265196,0.0370895,0.0359254,0.238932,0.259074,1.12664,1.10681,0.983616,0.98039,0.0425859,0.0421021,0.0590553,0.0541911,0.700914,0.731964,0.744074,0.772901,0.782028,0.784268,0.78659,0.703262,0.735603,0.749931,0.772833,0.782362,0.784074,0.787332,0.956221,1.0,1.0,0.993088,1.0,1.0,1.0,0.97235,0.993088,0.993088,0.995392,1.0,1.0,1.0,0.172226,0.17657,0.184592,0.207106,0.251834,0.258398,0.28079,0.172325,0.192568,0.199082,0.235641,0.25688,0.260806,0.287675,0.98871,0.987012,0.990323,0.917572,0.978778,0.98039,0.978778,0.98871,0.930475,0.914261,0.962733,0.98039,0.978778,0.978778,0.922567,0.914614,0.904192,0.0031241,0.856398,0.880376,0.893603,0.910585,0.917328,0.918585,0.922565,0.913162,0.918695,0.894552,0.00557225,0.806467,0.863096,0.881531,0.910108,0.916208,0.917885,0.921506,0.334136,0.32681,0.337942,0.00151714,0.322552,0.328288,0.329833,0.336918,0.344699,0.347653,0.351768,0.343748,0.336958,0.334428,0.00275668,0.290541,0.322176,0.329187,0.336278,0.345468,0.346618,0.353594,0.61561,0.701918,0.688686,0.0168724,0.508617,0.621478,0.625047,0.672912,0.69378,0.801094,0.915714,0.663266,0.688065,0.64042,0.0101265,0.473186,0.541039,0.622551,0.658007,0.67948,0.693602,0.709027,0.21821,0.144054,0.193689,0.0088849,0.125806,0.134224,0.139896,0.206783,0.226994,0.257507,0.29736,0.280928,0.269162,0.230328,0.00372457,0.186112,0.205961,0.212459,0.233583,0.245221,0.248884,0.261513,-9999,-9999
201901,-0.768,0.99328,-1.055,2.64,1.0,-0.36,2.109,0.983871,5.408,3.893,2.363,7.51,2.192,-0.746,0.99328,-1.055,2.64,1.0,-0.306,2.162,0.983871,187.375,68.719,0.987903,27.768,68.284,0.987903,277.381,0.985215,287.929,276.864,0.985215,252.465,0.985887,282.677,252.445,0.985887,1.888,0.99328,6.088,1.927,0.99328,98.563,98.881,1.0,0.437,1.037,0.588038,2.254,3.0,0.932124,0.45108150535862934,0.9119623655913979,26.149919697020056,0.9260752688172044,131.69433768494807,0.9260752688172044,13.913678642003433,0.9529569892473118,10.015509718823747,0.9260752688172044,310.9280976329772,0.9260752688172044,422.092,0.99328,2.944,1.0,40.964,1.0,-8.00062,0.99328,4.59994,0.991263,7.25736,0.131321,13.4793,0.99328,21.2665,0.6197,1.0,2,27.871,20.129,27.871,20.0323,0.115882,0.115882,0.980511,0.980511,0.0228858,0.0228857,0.0283645,0.0249997,0.118557,0.115882,0.980511,0.980511,0.0232474,0.0228909,0.0286571,0.0250044,0.116718,0.11219,0.981989,0.98083,0.00300605,0.00223762,0.0791875,0.103028,0.113926,0.117724,0.121346,0.136542,0.148351,0.0801023,0.101053,0.109361,0.116136,0.118423,0.121175,0.123581,0.979839,0.980511,0.982527,0.980511,0.981183,0.985215,0.991263,0.977823,0.979839,0.980511,0.980511,0.980511,0.982527,0.984543,0.473213,0.473213,0.422929,0.422929,0.993088,0.993088,0.0243677,0.0237998,0.0273777,0.0245078,-0.38964,-0.38964,1.37886,1.37886,0.963433,0.963433,0.0414771,0.0410458,0.0487791,0.0451184,0.479821,0.473213,0.430091,0.422929,0.993088,0.993088,0.0244119,0.0237968,0.0274171,0.0245049,-0.392428,-0.38964,1.38521,1.37886,0.963433,0.963433,0.0414276,0.0410644,0.048737,0.0451354,0.45016,0.467899,0.471928,0.475037,0.479254,0.492859,0.497277,0.457513,0.468124,0.473213,0.475037,0.478416,0.479821,0.488727,0.993088,0.993088,0.993088,0.993088,0.993088,0.99424,0.99424,0.993088,0.993088,0.993088,0.993088,0.993088,0.993088,0.993088,-0.459259,-0.418955,-0.40913,-0.38964,-0.380554,-0.367611,-0.3558,-0.459243,-0.419307,-0.410834,-0.392571,-0.389068,-0.381842,-0.371176,0.957854,0.963271,0.963271,0.963433,0.972811,0.972811,0.979186,0.957854,0.963271,0.963271,0.963433,0.963433,0.965131,0.972811,0.592044,0.588942,0.584927,0.00179916,0.562868,0.571512,0.577398,0.587327,0.59091,0.593536,0.599239,0.586975,0.587926,0.580123,0.00218899,0.551433,0.564188,0.572594,0.583094,0.588921,0.591569,0.593422,0.473621,0.47306,0.472736,0.00219216,0.439488,0.462966,0.466319,0.473039,0.481785,0.485784,0.490701,0.464185,0.469369,0.463405,0.00411315,0.403082,0.440917,0.448421,0.469319,0.476246,0.483895,0.495848,0.697657,0.660198,0.659025,0.0068977,0.537371,0.63465,0.648168,0.660209,0.685,0.699056,0.70213,0.702113,0.701272,0.642802,0.00940344,0.531476,0.53684,0.613575,0.654243,0.680293,0.697657,0.702355,0.466046,0.452808,0.462481,0.0038522,0.403828,0.452808,0.454211,0.461759,0.470489,0.481469,0.483763,0.468078,0.467549,0.455322,0.00503565,0.397637,0.402873,0.448777,0.459549,0.470489,0.480984,0.484867,-9999,-9999
201902,0.384,1.0,-0.198,2.951,1.0,1.063,2.719,1.0,6.527,4.711,2.618,8.641,2.383,0.384,1.0,-0.198,2.951,1.0,1.063,2.719,1.0,247.775,90.67,1.0,38.207,90.67,1.0,288.617,1.0,289.588,288.617,1.0,258.857,1.0,285.206,258.857,1.0,1.861,1.0,6.161,1.861,1.0,98.595,98.765,1.0,0.092,0.967,0.96875,2.164,1.992,0.18378,-9999,-9999,49.67356046502976,1.0,167.1610245141369,1.0,15.197209595238093,1.0,11.393700968750002,1.0,317.45837987425597,1.0,423.483,0.988095,2.199,1.0,41.39,1.0,-5.98166,0.997768,4.7992,0.392857,6.45419,0.0650587,28.5656,0.406994,38.4163,0.799181,1.0,2,25.8929,22.1071,17.4286,13.7857,-0.995374,-1.02441,0.380208,0.31622,0.0296649,0.029895,0.0580889,0.0482273,-1.00144,-0.995374,0.379464,0.380208,0.0278668,0.0296649,0.0571915,0.048085,-0.994325,-1.02094,0.35878,0.350986,0.0139658,0.010012,-1.11498,-1.05012,-1.04096,-0.99286,-0.9652,-0.950234,-0.890863,-1.09941,-1.05012,-1.04511,-1.00615,-0.991515,-0.974432,-0.952674,0.322173,0.317708,0.317708,0.380208,0.379464,0.37872,0.377232,0.322173,0.317708,0.31994,0.379464,0.379464,0.379464,0.37872,-0.75761,-0.805732,0.629089,0.584991,0.409544,0.302401,0.0334056,0.0368051,0.0533077,0.0546904,-1.19473,-1.19893,1.36322,1.35943,0.34462,0.331633,0.042785,0.0455396,0.0789831,0.0619352,-0.770239,-0.75761,0.641166,0.629089,0.408171,0.409544,0.0339389,0.036264,0.0536435,0.0543277,-1.19354,-1.19473,1.36964,1.36322,0.34462,0.34462,0.043082,0.045497,0.0791443,0.0619039,-0.881303,-0.835939,-0.810934,-0.763037,-0.758503,-0.752854,-0.744763,-0.880583,-0.83774,-0.822776,-0.776358,-0.760139,-0.756834,-0.751398,0.302401,0.302401,0.302401,0.408171,0.408171,0.408171,0.394434,0.302401,0.302401,0.302401,0.408171,0.408171,0.409544,0.408171,-1.30456,-1.2295,-1.21249,-1.19316,-1.13785,-1.09672,-0.988765,-1.29924,-1.2295,-1.22288,-1.19605,-1.19058,-1.14555,-1.098,0.34462,0.33975,0.33975,0.34462,0.34462,0.342996,0.364332,0.34462,0.33975,0.334879,0.34462,0.34462,0.34462,0.342996,0.439729,0.460153,0.369859,0.0127616,0.271447,0.284598,0.286394,0.405754,0.439729,0.457864,0.465279,0.434688,0.466046,0.39452,0.0127641,0.274927,0.286198,0.298595,0.431742,0.457002,0.464759,0.477774,1.43259,1.45553,1.39079,0.0101811,1.3168,1.32602,1.33024,1.38455,1.44181,1.46401,1.46989,1.39989,1.46748,1.38884,0.0104109,1.29729,1.32715,1.33406,1.38419,1.4348,1.45238,1.469,0.217361,0.340427,0.326253,0.0202465,0.167405,0.202878,0.250413,0.32198,0.362341,0.370041,0.482555,0.252917,0.250416,0.418125,0.0473012,0.167242,0.202958,0.250416,0.340808,0.375486,0.665115,1.14302,0.306026,0.326209,0.36753,0.0121234,0.306026,0.317386,0.323524,0.339284,0.371231,0.416643,0.571543,0.31823,0.317386,0.394047,0.0156466,0.300082,0.317713,0.327833,0.350365,0.399302,0.557521,0.583446,-9999,-9999
201903,5.402,1.0,4.612,2.536,1.0,6.167,2.851,1.0,8.995,7.189,2.308,10.743,2.159,5.402,1.0,4.612,2.536,1.0,6.167,2.851,1.0,329.425,156.931,1.0,56.524,156.931,1.0,291.951,1.0,298.388,291.951,1.0,279.309,1.0,298.617,279.309,1.0,3.914,1.0,6.455,3.914,1.0,98.583,98.968,1.0,1.408,2.612,0.971102,2.353,2.452,0.530914,0.3784349627982312,0.5309139784946236,87.62236112096772,1.0,283.8219327466398,1.0,21.44608409408602,1.0,18.342762692876345,1.0,341.91919443413985,1.0,421.148,0.993952,5.51,1.0,41.439,1.0,0.415438,1.0,13.4707,0.696909,18.116,0.237925,49.1787,0.699597,66.1377,0.824994,0.696237,1,23.5484,24.4516,22.3226,23.0968,0.381419,0.376525,0.655242,0.653898,0.0370113,0.0370145,0.0504147,0.0446045,0.401514,0.374714,0.655914,0.655242,0.0371774,0.0372306,0.0505368,0.044784,0.361252,0.368236,0.65746,0.65252,0.00688221,0.0069233,0.314707,0.328851,0.343253,0.370988,0.381748,0.397314,0.40249,0.310603,0.349261,0.360806,0.373373,0.387096,0.39904,0.403423,0.640457,0.676075,0.656586,0.649194,0.655914,0.655242,0.655914,0.640457,0.649866,0.637769,0.656586,0.655914,0.656586,0.655242,0.968424,0.94731,0.423388,0.406274,0.672511,0.672511,0.0378508,0.0376224,0.0770187,0.0426428,-0.198835,-0.186661,1.61698,1.61834,0.63828,0.635645,0.0603368,0.0599815,0.064147,0.0638232,0.969577,0.968424,0.436755,0.423388,0.672511,0.672511,0.037757,0.0376126,0.0769727,0.0426341,-0.161161,-0.21124,1.65616,1.63129,0.639624,0.63828,0.0602637,0.0604657,0.0640782,0.0642784,0.797239,0.834403,0.899044,0.94167,0.960195,0.968555,0.974326,0.831021,0.929254,0.939102,0.944263,0.96792,0.969402,0.974326,0.727618,0.711489,0.664446,0.673913,0.668478,0.668478,0.672511,0.708801,0.661057,0.665439,0.668478,0.668478,0.672511,0.672511,-0.278483,-0.206397,-0.20105,-0.188389,-0.174673,-0.162839,-0.154871,-0.2925,-0.207942,-0.200196,-0.188851,-0.174876,-0.164325,-0.16165,0.620376,0.648925,0.622634,0.644946,0.655645,0.639624,0.642258,0.620376,0.647634,0.622634,0.639624,0.642258,0.639624,0.639624,1.22095,1.21676,1.20117,0.00440059,1.14869,1.18039,1.19045,1.19901,1.21181,1.22095,1.23667,1.18596,1.226,1.18594,0.00798077,1.07499,1.11817,1.17416,1.19456,1.20872,1.21747,1.2397,0.839364,0.842045,0.832929,0.00777406,0.793517,0.799722,0.805294,0.828372,0.833145,0.839364,0.849941,0.781544,0.824484,0.824693,0.0105726,0.719195,0.788507,0.797999,0.826695,0.835744,0.848888,0.853407,0.870461,0.917801,0.863964,0.00769242,0.793682,0.814709,0.826286,0.854976,0.884522,0.92283,0.955484,0.957891,0.948126,0.86733,0.00865564,0.793477,0.808663,0.827953,0.850884,0.88739,0.950021,0.957891,0.615869,0.637951,0.635813,0.0116532,0.543197,0.593635,0.605049,0.620207,0.643462,0.64793,0.852747,0.647207,0.638824,0.629201,0.0102732,0.538274,0.593618,0.605381,0.620113,0.643722,0.646311,0.673942,-9999,-9999
201904,14.741,1.0,13.325,3.049,1.0,15.821,3.549,1.0,10.113,8.374,1.704,11.446,1.846,14.741,1.0,13.325,3.049,1.0,15.821,3.549,1.0,408.24,205.643,1.0,66.958,205.643,1.0,334.633,1.0,316.368,334.633,1.0,340.809,1.0,326.016,340.809,1.0,7.986,1.0,6.109,7.986,1.0,98.533,98.22,1.0,7.851,3.357,0.959722,2.705,3.176,0.968056,0.4954949506466846,0.9534722222222223,127.07710586736108,1.0,379.6281040631944,1.0,23.085391463888893,1.0,22.833509379166667,1.0,389.4220091652778,1.0,420.481,1.0,11.892,1.0,43.145,1.0,5.64791,1.0,28.4416,0.997917,40.1387,0.459036,57.359,0.997917,80.9489,1.02758,0.995833,1,20.8667,27.1333,20.8667,27.1,1.38188,1.38164,0.984722,0.984722,0.0509719,0.0510482,0.0533182,0.06135,1.37857,1.38712,0.990278,0.985417,0.0510262,0.0509299,0.0533702,0.0612515,1.39129,1.39973,0.985642,0.983194,0.00413881,0.00450891,1.36703,1.37352,1.37639,1.38587,1.39732,1.4048,1.44091,1.36863,1.37345,1.37644,1.3871,1.40454,1.44151,1.4546,0.991667,0.985417,0.991667,0.99375,0.979167,0.9375,0.971528,0.991667,0.985417,0.991667,0.986806,0.983333,0.971528,0.975,2.89704,2.89869,1.17533,1.17373,0.99197,0.99197,0.0562796,0.0566364,0.0576032,0.0582594,0.152554,0.150841,3.00831,3.00893,0.979362,0.979362,0.0754667,0.0753619,0.082826,0.0863559,2.90035,2.89572,1.176,1.17721,0.995,0.99197,0.0561979,0.0565011,0.0575234,0.0581279,0.144217,0.162234,3.00923,3.01796,0.986596,0.980552,0.075513,0.0751889,0.0828682,0.086205,2.86536,2.89126,2.8925,2.90354,2.90987,2.91581,2.927,2.89126,2.89539,2.89622,2.90625,2.91254,2.9227,2.93271,0.998333,0.996667,0.99197,0.985909,0.996667,0.987424,0.987424,0.996667,0.996667,0.996667,0.99197,0.988939,0.988939,0.946364,0.133448,0.139099,0.143013,0.152554,0.178295,0.20736,0.236174,0.13349,0.139926,0.14339,0.153282,0.185205,0.224257,0.244904,0.992637,0.987831,0.993871,0.979362,0.993871,0.970665,0.969431,0.987831,0.980552,0.981743,0.981743,0.975563,0.957394,0.965859,3.29353,3.30923,3.32634,0.00987037,3.24013,3.26501,3.2732,3.30599,3.36319,3.38747,3.42845,3.27378,3.29418,3.30011,0.0143672,3.15124,3.2325,3.2631,3.28342,3.3375,3.37791,3.41107,1.92008,1.92211,1.9266,0.00647591,1.85123,1.88631,1.89903,1.92255,1.94951,1.96111,1.96891,1.89948,1.91561,1.90882,0.0120233,1.76362,1.85188,1.87871,1.91258,1.93341,1.95477,1.96457,3.12599,3.1719,3.13545,0.0114444,2.98368,3.05705,3.08695,3.13126,3.18265,3.19295,3.23388,3.11903,3.15024,3.08341,0.0216071,2.80534,2.94161,3.04471,3.11903,3.16548,3.18328,3.21352,1.8391,1.83684,1.80842,0.00896318,1.69613,1.72358,1.75212,1.83234,1.8481,1.85854,1.86607,1.83195,1.85111,1.78454,0.0123213,1.63668,1.69641,1.73846,1.80871,1.8407,1.84756,1.85936,-9999,-9999
201905,18.666,1.0,17.22,2.33,1.0,19.587,3.029,1.0,13.913,12.133,1.861,15.053,2.008,18.666,1.0,17.22,2.33,1.0,19.587,3.029,1.0,462.933,219.833,1.0,87.827,219.833,1.0,365.758,1.0,324.982,365.758,1.0,390.653,1.0,339.144,390.653,1.0,6.57,1.0,6.515,6.57,1.0,98.547,98.202,1.0,1.552,2.894,0.967742,2.038,2.568,0.999328,0.3896530617278654,0.9986559139784946,145.41760533358266,0.9952956989247312,408.5478830497312,1.0,18.941351868279572,1.0,28.377718806451615,1.0,409.4259844576613,1.0,417.694,1.0,16.026,1.0,43.869,1.0,7.16204,1.0,73.5258,0.999328,101.696,0.79184,27.4543,1.0,37.9731,0.705479,0.992608,1,18.7742,29.2258,18.7742,29.2258,-2.82324,-2.82287,0.987231,0.985887,0.0937731,0.0938167,0.112085,0.107478,-2.79796,-2.81638,0.987231,0.987231,0.0933514,0.093769,0.111732,0.107436,-2.81244,-2.81793,0.984997,0.982392,0.0088728,0.00678672,-2.95773,-2.8797,-2.84778,-2.81258,-2.76871,-2.7569,-2.7503,-2.88642,-2.87089,-2.85481,-2.82287,-2.77593,-2.76601,-2.7569,0.950941,0.967742,0.981183,0.987231,0.987903,0.992608,0.99328,0.942876,0.972446,0.977823,0.985887,0.987903,0.989919,0.992608,5.12055,5.11898,1.32886,1.32887,0.987012,0.987012,0.0902336,0.0890353,0.103987,0.0979335,-7.67902,-7.67736,8.20071,8.18628,0.987754,0.985526,0.136158,0.137024,0.176145,0.173372,5.15096,5.1267,1.35408,1.33021,0.987012,0.987012,0.0897931,0.0889288,0.103605,0.0978367,-7.6587,-7.67207,8.17912,8.19926,0.987754,0.987754,0.13602,0.136971,0.176038,0.17333,4.97205,5.09333,5.12045,5.14572,5.1745,5.19669,5.22237,5.11306,5.11957,5.12338,5.14163,5.18881,5.20115,5.23437,0.995161,0.995161,0.987012,0.987012,0.98871,0.98871,0.987012,0.995161,0.987012,0.987012,0.98871,0.98871,0.98871,0.987012,-7.83823,-7.80418,-7.71847,-7.66774,-7.59114,-7.58068,-7.56113,-7.83314,-7.81424,-7.74064,-7.68193,-7.64438,-7.6018,-7.58535,0.960276,0.970176,0.977888,0.987754,0.989904,0.992169,0.998888,0.963579,0.963539,0.976813,0.987754,0.987754,0.989904,0.991016,5.69311,5.70297,5.69642,0.016636,5.50763,5.5817,5.63999,5.69311,5.73647,5.77344,5.81938,5.65102,5.63999,5.63504,0.0291218,5.28398,5.4914,5.57701,5.66301,5.72071,5.75857,5.81055,8.50995,8.51935,8.51435,0.0223981,8.26737,8.3386,8.41838,8.50995,8.58916,8.64065,8.69064,8.41857,8.43795,8.44748,0.0316145,8.08858,8.2509,8.33042,8.44453,8.56151,8.61539,8.66156,6.03376,5.96274,6.07676,0.033741,5.89797,5.94055,5.95116,5.98448,6.08805,6.20904,6.51158,5.93412,5.98153,6.03091,0.0445898,5.50584,5.90279,5.92695,5.95751,6.08251,6.19244,6.52372,8.77916,8.77236,8.85207,0.0273731,8.66833,8.69087,8.74867,8.78371,8.888,9.01476,9.19314,8.74825,8.76197,8.80565,0.0345764,8.4226,8.67166,8.69087,8.76467,8.85842,8.99868,9.18383,-9999,-9999
201906,22.84,1.0,21.226,1.897,1.0,23.774,2.839,1.0,18.93,16.749,1.857,20.188,2.258,22.84,1.0,21.226,1.897,1.0,23.774,2.839,1.0,485.7,258.661,1.0,95.313,258.661,1.0,381.739,1.0,340.694,381.739,1.0,416.639,1.0,363.088,416.639,1.0,8.246,1.0,7.38,8.246,1.0,98.545,98.306,1.0,1.017,2.581,0.970139,2.296,2.504,1.0,0.35323205,1.0,175.84702200763886,1.0,485.32344152430557,1.0,19.897748178472224,1.0,31.827127950694436,1.0,432.1137579555555,1.0,415.249,1.0,19.965,1.0,39.563,1.0,7.54483,1.0,101.362,1.0,143.625,1.07137,17.4158,1.0,24.6774,0.672156,1.0,1,17.5333,30.4667,17.5333,30.4667,-4.30086,-4.29183,0.992361,0.992361,0.108356,0.108907,0.224966,0.213741,-4.23612,-4.29754,0.995139,0.992361,0.107248,0.108718,0.224434,0.213645,-4.29637,-4.35244,0.989688,0.987812,0.0332241,0.0304861,-4.84942,-4.53951,-4.38659,-4.23104,-4.17845,-4.1452,-4.03503,-4.79282,-4.56047,-4.47628,-4.29183,-4.20708,-4.19264,-4.17834,0.963889,0.982639,0.986806,0.995139,0.995833,0.996528,0.995833,0.970833,0.982639,0.984722,0.992361,0.995139,0.997222,0.996528,5.37965,5.41795,1.38677,1.38478,0.996296,0.996296,0.118974,0.120183,0.199164,0.200478,-9.64185,-9.65051,8.97476,8.97593,0.990143,0.990143,0.149509,0.150183,0.245196,0.238197,5.44743,5.37965,1.48141,1.38677,1.0,0.996296,0.117732,0.119042,0.198424,0.199796,-9.58112,-9.63663,9.0097,8.97707,0.992366,0.990143,0.14806,0.150169,0.244316,0.238188,5.09232,5.18807,5.29339,5.44581,5.48175,5.50752,5.60004,5.07395,5.15947,5.2853,5.41746,5.45419,5.48039,5.50703,0.986492,0.870915,0.986492,1.0,0.998148,1.0,0.998148,0.986492,0.986492,0.986492,0.998148,1.0,1.0,1.0,-10.2186,-9.88291,-9.76967,-9.57842,-9.51434,-9.49423,-9.33774,-10.2176,-9.89823,-9.85333,-9.64185,-9.54953,-9.52845,-9.5051,0.95828,0.983656,0.984731,0.993477,0.994516,0.994516,0.997814,0.961613,0.980323,0.983656,0.990143,0.992401,0.994552,0.994516,6.12237,6.17831,6.18814,0.0297597,5.91697,6.01137,6.05664,6.15098,6.30859,6.32155,6.51988,6.01197,6.06274,6.13276,0.0315356,5.9386,5.96648,5.98565,6.06985,6.27975,6.31613,6.46457,10.4074,10.4759,10.5406,0.059108,10.086,10.1717,10.24,10.4355,10.7696,10.8452,11.0893,10.2179,10.2989,10.4291,0.0628979,10.0116,10.026,10.1597,10.2968,10.6698,10.7898,11.0497,5.45983,5.52468,5.49459,0.0302905,5.24455,5.31807,5.33973,5.48345,5.54819,5.58464,5.89005,5.12814,5.05926,5.3102,0.0393992,4.83702,5.01029,5.12549,5.32104,5.4551,5.50301,5.58945,9.77664,9.82013,9.85464,0.0275998,9.6123,9.72476,9.77753,9.81744,9.86161,9.93549,10.1862,8.94568,8.71936,8.93858,0.0345047,8.52326,8.73018,8.77017,8.94568,9.04161,9.18998,9.25083,-9999,-9999
201907,25.701,1.0,23.899,1.628,1.0,26.81,2.851,1.0,24.275,22.273,1.796,25.502,2.066,25.701,1.0,23.899,1.628,1.0,26.81,2.851,1.0,474.191,275.203,1.0,94.514,275.203,1.0,400.238,1.0,369.413,400.238,1.0,441.032,1.0,406.853,441.032,1.0,9.524,1.0,8.0,9.524,1.0,98.54,98.558,1.0,0.105,1.393,0.956989,1.957,2.099,1.0,0.29851674596774197,1.0,192.2547427272596,0.9966397849462366,522.5972289751344,1.0,21.219991738575267,1.0,31.7068251875,1.0,449.1786560430108,1.0,411.611,1.0,23.137,1.0,28.995,1.0,6.48245,1.0,124.311,1.0,154.969,1.21489,25.6854,1.0,32.0201,0.672882,0.99664,1,18.1935,29.8065,18.1935,29.8065,-3.63312,-3.62532,0.958333,0.956317,0.0961764,0.0956874,0.178689,0.159233,-3.51846,-3.62112,0.966398,0.959005,0.0976256,0.0971858,0.179473,0.160138,-3.56741,-3.61042,0.953646,0.944993,0.0283727,0.0234649,-4.03485,-3.70446,-3.68528,-3.53723,-3.4182,-3.40326,-3.38128,-3.85966,-3.71057,-3.69145,-3.62933,-3.47201,-3.45601,-3.40886,0.852151,0.94422,0.917339,1.0,0.969086,0.983199,0.985887,0.885081,0.942204,0.948253,0.963038,0.967742,0.969086,0.978495,5.58887,5.60079,1.13773,1.1383,0.969739,0.969739,0.0799755,0.0759624,0.175673,0.156026,-9.03801,-9.03154,8.97061,8.96264,0.951239,0.947973,0.143523,0.141068,0.334397,0.299921,5.74177,5.62903,1.06396,1.15609,0.982623,0.971437,0.0801362,0.0776394,0.175747,0.156849,-8.9408,-9.04459,9.11291,8.9805,0.956585,0.951239,0.143386,0.143178,0.334339,0.30092,5.40795,5.53829,5.63791,5.69427,5.81737,5.85112,6.02082,5.46499,5.60079,5.65956,5.74177,5.84688,5.87336,6.02632,1.0,0.974833,1.0,0.996405,0.86887,0.986218,0.897733,0.974833,0.969739,0.993009,0.982623,0.852392,0.98452,0.899431,-9.60658,-9.30066,-9.19224,-8.93932,-8.81516,-8.6966,-8.5906,-9.53014,-9.37559,-9.24799,-9.03947,-8.90144,-8.84624,-8.81498,0.898349,0.92806,0.943487,0.956585,0.971943,0.987154,0.998959,0.905777,0.92806,0.931397,0.949014,0.959994,0.962075,0.977361,5.91433,6.10347,6.13767,0.0244692,5.89626,5.9483,6.016,6.13207,6.21418,6.35769,6.39957,6.13295,6.03359,6.06581,0.0376031,5.6334,5.92751,5.96845,6.08378,6.17724,6.21821,6.38244,9.61522,9.72459,9.74809,0.0317293,9.46768,9.54748,9.5872,9.66567,9.92475,10.0079,10.0668,9.5818,9.55206,9.63323,0.0468368,9.06417,9.41568,9.53348,9.62226,9.85069,9.93054,10.0129,6.84865,5.93965,6.76923,0.123606,5.80491,5.88509,6.3746,6.81143,6.96736,7.14297,7.38981,6.1336,6.13026,6.14331,0.137195,4.89755,5.43577,5.54216,6.10285,6.49666,6.71507,7.10443,10.0634,9.57702,10.0895,0.0810545,9.47089,9.52565,9.80074,10.0627,10.2281,10.3584,10.6542,9.28291,9.25682,9.37322,0.0879079,8.65791,8.9155,9.15261,9.28291,9.50225,9.88493,10.094,-9999,-9999
201908,24.251,1.0,22.651,1.77,1.0,25.373,2.88,1.0,23.886,21.961,1.802,25.25,1.877,24.251,1.0,22.651,1.77,1.0,25.373,2.88,1.0,429.882,214.768,1.0,81.584,214.768,1.0,396.91,1.0,376.179,396.91,1.0,443.483,1.0,417.165,443.483,1.0,7.961,1.0,7.481,7.961,1.0,98.549,98.454,1.0,2.363,2.819,0.829301,1.983,2.176,1.0,0.2946946397849462,1.0,146.12853598319893,1.0,402.72616017809145,1.0,17.10346416935484,1.0,24.49429721438172,1.0,440.4341672849462,1.0,398.317,1.0,22.685,1.0,29.235,1.0,3.74502,1.0,79.4314,1.0,110.03,0.882353,23.1798,0.999328,32.1093,0.631701,0.99328,1,19.9355,28.0645,19.9355,28.0645,-2.47991,-2.50171,0.93414,0.932796,0.096134,0.0960652,0.119098,0.117996,-2.60455,-2.55471,0.961022,0.936156,0.0982073,0.0968619,0.120778,0.118645,-2.52102,-2.53214,0.950521,0.936862,0.00993608,0.0094372,-2.6409,-2.60789,-2.56034,-2.50469,-2.473,-2.46729,-2.4546,-2.65573,-2.61694,-2.57033,-2.51988,-2.48591,-2.47991,-2.4556,0.910618,1.0,0.959677,0.888441,0.922043,0.829301,0.988575,0.865591,0.959677,0.991263,0.887097,0.977823,0.93414,0.985887,5.11451,5.1245,1.46697,1.46643,0.937182,0.937182,0.118585,0.115641,0.247505,0.253038,-7.70141,-7.74464,7.88335,7.91363,0.93138,0.929156,0.137506,0.135355,0.193381,0.184571,4.75868,4.98833,1.53815,1.44709,0.976971,0.937182,0.119774,0.116928,0.248076,0.253628,-7.66241,-7.7379,7.99441,7.88727,0.950529,0.934754,0.137698,0.136336,0.193518,0.185292,4.65491,4.74662,4.80805,4.87932,5.11451,5.18112,5.20327,4.71076,4.7391,4.84402,4.97797,5.13695,5.18923,5.23501,1.0,1.0,0.998464,0.98546,0.937182,0.923599,0.843803,0.990306,1.0,0.950764,0.886248,0.923599,0.83871,0.842105,-7.97343,-7.79591,-7.74789,-7.64433,-7.56491,-7.52397,-7.39997,-8.00114,-7.82202,-7.77002,-7.72774,-7.59393,-7.57106,-7.55533,0.898432,0.920013,0.921369,0.948307,0.986203,0.97508,0.995303,0.898512,0.921165,0.925819,0.921369,0.95609,0.954896,0.986203,4.84108,5.39624,5.22825,0.0408005,4.77751,4.90276,5.04881,5.22962,5.36979,5.40999,5.63995,5.63238,4.97228,5.20014,0.0427091,4.75512,4.92046,5.04225,5.17515,5.359,5.44626,5.64186,7.4646,7.95095,7.76039,0.0352127,7.39282,7.4646,7.61353,7.79445,7.89724,7.97236,8.10742,8.10443,7.57684,7.72117,0.0387045,7.36494,7.48308,7.52227,7.67724,7.89724,7.98419,8.10497,5.02053,5.13261,5.33047,0.102171,4.43921,4.97925,5.02263,5.22069,5.44644,5.69961,5.98263,5.22968,5.26992,5.18459,0.0746692,4.46526,4.94441,4.99675,5.13734,5.27268,5.45953,5.83311,7.71899,7.68493,7.86426,0.0594444,7.43739,7.64417,7.69153,7.76355,7.88058,8.10023,8.46072,7.75653,7.76226,7.76919,0.0473944,7.26012,7.61002,7.65123,7.75434,7.82679,7.92878,8.11068,-9999,-9999
201909,24.26,1.0,22.738,2.069,1.0,25.592,3.045,1.0,20.012,18.576,1.655,21.275,1.455,24.26,1.0,22.738,2.069,1.0,25.592,3.045,1.0,360.463,205.477,1.0,49.699,205.477,1.0,390.544,1.0,370.023,390.544,1.0,428.803,1.0,407.784,428.803,1.0,8.91,1.0,6.263,8.91,1.0,98.557,98.609,1.0,12.757,2.716,0.972917,2.237,2.498,1.0,0.3253927374999999,1.0,133.97692835902777,1.0,380.36887340347226,1.0,17.37650071527778,1.0,21.66115680347222,1.0,439.60275746736113,1.0,401.947,1.0,22.214,1.0,30.677,1.0,3.76969,1.0,84.998,1.0,115.177,0.963877,11.1081,0.999306,15.0521,0.508885,0.999306,1,22.3333,25.6667,22.3333,25.6333,-2.27565,-2.28418,0.965972,0.965972,0.0887656,0.088851,0.227547,0.210626,-2.2387,-2.26934,0.970833,0.966667,0.0894673,0.0886903,0.227822,0.210558,-2.24249,-2.31035,0.967274,0.962535,0.0297465,0.0256624,-2.6116,-2.47086,-2.36329,-2.23697,-2.11112,-2.05182,-1.99409,-2.65773,-2.55763,-2.38735,-2.27983,-2.22753,-2.17569,-2.06006,0.9375,0.95,0.961111,0.971528,0.978472,0.979861,0.985417,0.932639,0.943056,0.95625,0.966667,0.968056,0.976389,0.979167,3.94097,3.93087,1.71847,1.70473,0.99697,0.99697,0.0771083,0.078084,0.11718,0.125196,-7.53153,-7.53875,6.81623,6.81762,0.93872,0.93872,0.146961,0.145058,0.315381,0.322787,3.87703,3.93853,1.67746,1.71756,0.99697,0.99697,0.0770948,0.078164,0.117171,0.125246,-7.41142,-7.51713,6.90195,6.80678,0.947805,0.940109,0.146683,0.144705,0.315252,0.322628,3.69263,3.7645,3.81773,3.88938,3.92822,3.94097,3.95701,3.70508,3.74149,3.78842,3.85085,3.92891,3.93722,3.95129,0.986561,0.994071,0.99697,1.0,0.99697,0.99697,0.99697,0.989526,0.980501,0.994071,0.99697,0.99697,0.99697,0.99697,-8.03334,-7.68287,-7.58172,-7.4264,-7.21037,-7.12478,-6.92293,-8.05234,-7.84034,-7.62128,-7.53153,-7.36954,-7.26362,-7.15639,0.890858,0.917986,0.929793,0.942725,0.962122,0.964737,0.97506,0.890858,0.902487,0.92311,0.93872,0.95678,0.958062,0.963404,4.71209,4.74446,4.69527,0.0163896,4.54232,4.55629,4.58923,4.71209,4.74872,4.76205,4.85839,4.58582,4.65957,4.64631,0.0256507,4.37422,4.54254,4.54622,4.64725,4.74181,4.75501,4.92086,6.97522,7.0138,7.00562,0.0407212,6.6164,6.7064,6.79514,7.00827,7.11097,7.21599,7.53261,6.80436,6.89828,6.88881,0.0537518,6.30828,6.56674,6.65423,6.88423,7.06915,7.1577,7.5428,5.18343,8.42397,5.19384,0.211636,3.11963,3.88791,4.33539,5.23235,5.87789,6.20331,7.92944,4.47598,4.68179,4.69017,0.0708402,3.81915,4.35839,4.47598,4.63063,5.01706,5.09208,5.2016,6.78938,7.84317,6.65613,0.0875168,5.66886,6.09385,6.13765,6.77112,6.9891,7.02173,7.72174,6.4918,6.54118,6.60986,0.0440255,5.99575,6.40668,6.43077,6.57788,6.81031,6.86622,6.9683,-9999,-9999
201910,12.177,1.0,11.118,2.366,1.0,13.303,2.767,1.0,16.212,14.628,2.084,17.92,1.919,12.177,1.0,11.118,2.366,1.0,13.303,2.767,1.0,278.149,128.699,1.0,39.724,128.699,1.0,325.546,1.0,341.231,325.546,1.0,335.534,1.0,363.906,335.534,1.0,4.709,1.0,6.429,4.709,1.0,98.553,98.582,1.0,4.255,4.652,0.973118,1.883,2.687,0.997312,0.39605798487520805,0.9952956989247314,65.38093530510754,1.0,232.1316808783602,1.0,11.804292193548386,1.0,14.52065978091398,1.0,373.2876003521506,1.0,417.626,1.0,14.23,1.0,30.622,1.0,-7.32541,1.0,33.8903,0.999328,53.9321,0.473409,11.8005,0.998656,18.7791,0.607306,0.997984,1,24.871,23.129,24.871,23.0968,-0.605278,-0.608075,0.986559,0.986559,0.068495,0.0685559,0.0963964,0.0942824,-0.579711,-0.609241,0.986559,0.986559,0.0684229,0.0684931,0.0963452,0.0942368,-0.636844,-0.64641,0.98708,0.985316,0.00892862,0.00944174,-0.739575,-0.725342,-0.700617,-0.612943,-0.594183,-0.589685,-0.583155,-0.741625,-0.723054,-0.713715,-0.61273,-0.597234,-0.593605,-0.579515,0.961694,0.977823,0.982527,0.994624,0.986559,0.986559,0.986559,0.983871,0.983199,0.984543,0.986559,0.989919,0.986559,0.986559,2.46435,2.45934,0.97712,0.970131,0.994624,0.994624,0.056235,0.0549404,0.0926782,0.0932085,-3.78792,-3.78833,4.49189,4.49137,0.978314,0.978314,0.1226,0.123721,0.147332,0.141565,2.49094,2.45878,1.03913,0.976347,0.994624,0.994624,0.0566344,0.0547694,0.092921,0.0931078,-3.7657,-3.78998,4.51305,4.48962,0.978314,0.978314,0.122606,0.12367,0.147336,0.14152,2.28799,2.31734,2.35747,2.41835,2.45905,2.46467,2.47825,2.30559,2.31328,2.34673,2.41835,2.4574,2.46387,2.48316,0.991989,0.991989,0.998656,0.998656,0.994624,0.994624,0.994624,0.991989,0.991989,0.990645,0.998656,0.994624,0.994624,0.994624,-3.94348,-3.88872,-3.84604,-3.76587,-3.74481,-3.72531,-3.70645,-3.94268,-3.89293,-3.86182,-3.78965,-3.7654,-3.75533,-3.73265,0.975626,0.974282,0.97697,0.978314,0.981061,0.994624,0.983749,0.975626,0.974282,0.974282,0.978314,0.978314,0.978314,0.989125,2.72217,2.71755,2.68415,0.00493129,2.63278,2.64611,2.65434,2.68532,2.71154,2.71835,2.72729,2.72803,2.72702,2.66599,0.00946652,2.52894,2.62136,2.6484,2.67418,2.70576,2.71835,2.72749,3.33222,3.3268,3.33056,0.00696417,3.24829,3.27935,3.3058,3.31885,3.36957,3.38283,3.39557,3.33244,3.30673,3.30284,0.0109893,3.16131,3.24193,3.26423,3.31057,3.34174,3.38133,3.39469,1.96846,1.86716,1.91369,0.0149824,1.77502,1.81147,1.85324,1.90613,1.96846,2.03652,2.06271,1.927,1.92615,1.90315,0.0138998,1.74819,1.8138,1.83658,1.89211,1.9388,2.02125,2.04923,2.97279,2.94506,2.96461,0.00806825,2.866,2.92257,2.93505,2.96556,2.99713,3.00873,3.0465,2.98545,2.97563,2.94256,0.00944531,2.83328,2.85882,2.90161,2.95634,2.98545,2.99735,3.00757,-9999,-9999
201911,5.479,1.0,4.616,3.032,1.0,6.596,3.092,1.0,9.663,8.178,2.065,11.616,1.944,5.479,1.0,4.616,3.032,1.0,6.596,3.092,1.0,205.728,102.119,1.0,23.639,102.119,1.0,286.689,1.0,304.532,286.689,1.0,279.715,1.0,307.98,279.715,1.0,3.631,1.0,6.529,3.631,1.0,98.522,98.798,1.0,0.86,1.815,0.970833,2.964,2.756,1.0,0.39481700694444444,1.0,36.442405198611105,1.0,181.5861362840278,1.0,12.140597770138891,1.0,12.155713731250001,1.0,338.9995791694444,1.0,421.751,1.0,7.415,1.0,37.517,1.0,-7.3273,1.0,10.719,0.997222,14.3576,0.266273,21.7941,0.998611,29.1921,0.722838,0.995833,1,27.2333,20.7667,27.2333,20.7667,0.929791,0.927581,0.995833,0.996528,0.0355465,0.0356165,0.0404381,0.0381403,0.939849,0.936178,0.996528,0.995833,0.0361004,0.0356956,0.0409259,0.0382142,0.91694,0.923529,0.994983,0.994844,0.00423128,0.0022653,0.861553,0.895944,0.91191,0.921586,0.932126,0.934502,0.937878,0.889397,0.908621,0.916337,0.925921,0.934502,0.935908,0.939904,0.996528,0.996528,0.996528,0.992361,0.996528,0.996528,0.995833,0.995833,0.996528,0.996528,0.996528,0.996528,0.996528,0.986806,1.38988,1.38735,0.555849,0.554786,0.997531,0.998765,0.0340553,0.0337157,0.0413942,0.0378903,0.255914,0.254635,1.82804,1.8139,0.993413,0.993413,0.0666482,0.0658673,0.0695959,0.0682879,1.39162,1.39973,0.570048,0.564433,0.997531,0.997531,0.0341758,0.0338387,0.0414934,0.0379998,0.276342,0.25762,1.85676,1.82739,0.995,0.993413,0.0667603,0.0659712,0.0697033,0.0683881,1.3006,1.34282,1.35772,1.37872,1.38554,1.38988,1.39302,1.33701,1.35538,1.36736,1.3803,1.38735,1.38996,1.39445,0.997531,0.997531,0.997531,0.997531,0.998765,0.997531,0.997531,0.998765,0.998765,0.998765,0.997531,0.998765,0.997531,0.997531,0.198407,0.234881,0.239968,0.255914,0.274192,0.274961,0.279207,0.227362,0.238904,0.245518,0.257265,0.27355,0.274945,0.278851,0.995,0.991825,0.988651,0.993413,0.995,0.995,0.995,0.991825,0.991825,0.991825,0.974582,0.995,0.995,0.995,1.4356,1.43907,1.41849,0.00333452,1.38209,1.40305,1.40752,1.42179,1.42598,1.42915,1.43578,1.42014,1.43578,1.40714,0.00693333,1.31906,1.37351,1.39351,1.41338,1.42598,1.42685,1.43856,0.502559,0.502889,0.494963,0.00237246,0.467496,0.482083,0.485567,0.495063,0.500717,0.50392,0.513736,0.483815,0.495933,0.490203,0.00391542,0.457508,0.467984,0.478162,0.488948,0.497245,0.501973,0.520327,1.59995,1.71502,1.61613,0.0170462,1.54929,1.56982,1.60202,1.6413,1.66152,1.66848,1.68289,1.73288,1.60498,1.62467,0.0134193,1.53549,1.56629,1.60798,1.64558,1.66226,1.67089,1.70582,0.623756,0.673983,0.642003,0.00545799,0.615515,0.624334,0.629768,0.647806,0.657188,0.660207,0.667182,0.634378,0.622893,0.646516,0.00361668,0.617685,0.62488,0.629965,0.651658,0.659273,0.661431,0.669982,-9999,-9999
201912,4.507,1.0,3.799,2.993,1.0,5.529,2.861,1.0,7.556,6.555,2.026,8.993,1.915,4.507,1.0,3.799,2.993,1.0,5.529,2.861,1.0,170.321,78.801,1.0,17.044,78.801,1.0,285.967,1.0,312.415,285.967,1.0,275.888,1.0,319.993,275.888,1.0,3.215,1.0,5.764,3.215,1.0,98.564,98.655,0.998656,5.201,1.078,0.893817,2.429,3.109,0.987231,0.4039469220101135,0.9912634408602151,20.092954568548386,1.0,142.72181056384412,1.0,11.276444921370969,1.0,9.844099151209676,1.0,333.63624850537633,1.0,420.244,1.0,5.929,1.0,39.589,1.0,-5.8529,1.0,4.74542,1.0,6.22332,0.142165,14.9123,0.999328,19.5566,0.589824,0.99664,1,28.2581,19.7419,28.2581,19.7097,0.630332,0.635956,0.99664,0.995296,0.0252541,0.0253914,0.0277503,0.0268165,0.631211,0.631068,0.997312,0.99664,0.0255653,0.0252384,0.0280338,0.0266717,0.624339,0.628729,0.995447,0.994624,0.00229931,0.0014176,0.60717,0.612846,0.614357,0.626027,0.631276,0.635851,0.642708,0.608787,0.61898,0.623427,0.628965,0.634617,0.636231,0.641977,0.997984,0.999328,0.997984,0.988575,0.997312,0.995296,0.994624,0.998656,0.991263,0.989919,0.994624,0.997312,0.995296,0.994624,0.848506,0.85773,0.506934,0.507529,1.0,1.0,0.0276444,0.0273116,0.0350967,0.0326493,0.261862,0.261824,1.39951,1.39611,0.991935,0.98871,0.0450881,0.0448642,0.0487263,0.048574,0.843604,0.846363,0.52892,0.50784,1.0,1.0,0.0276058,0.0269847,0.0350663,0.0323763,0.270932,0.266578,1.40874,1.4046,0.993548,0.991935,0.0450372,0.0447961,0.0486792,0.0485111,0.812748,0.819532,0.824775,0.842131,0.860863,0.862779,0.872087,0.817857,0.831756,0.841384,0.852365,0.864093,0.867536,0.871087,1.0,1.0,1.0,1.0,1.0,1.0,1.0,1.0,1.0,1.0,1.0,1.0,1.0,1.0,0.224491,0.232959,0.253292,0.260855,0.267415,0.269908,0.272104,0.21672,0.230219,0.236764,0.258425,0.265878,0.267455,0.272199,0.985484,0.987097,0.995161,0.998387,0.993548,0.993548,0.993548,0.979032,0.980645,0.972581,0.98871,0.993548,0.993548,0.993548,0.901017,0.902537,0.910137,0.00290596,0.875148,0.883523,0.900788,0.912453,0.92715,0.929223,0.932721,0.900801,0.903984,0.898687,0.00482689,0.859189,0.872094,0.879576,0.901908,0.921964,0.926541,0.930234,0.270269,0.271469,0.281407,0.00223119,0.262086,0.267924,0.269321,0.277674,0.287537,0.298639,0.308346,0.269984,0.272773,0.274348,0.00296004,0.245142,0.260219,0.266731,0.272651,0.281933,0.293571,0.302057,0.977922,0.960778,0.924043,0.00659906,0.817473,0.882556,0.915445,0.932284,0.949648,0.957751,0.976577,0.930105,0.984497,0.909838,0.00918548,0.782829,0.839369,0.879332,0.930105,0.949648,0.9544,0.977922,0.34759,0.339834,0.333693,0.00244335,0.294833,0.316571,0.325853,0.336582,0.342668,0.347302,0.349916,0.34318,0.349916,0.327236,0.00387457,0.269362,0.294522,0.31659,0.334775,0.34318,0.34759,0.350921,-9999,-9999
202001,1.406,1.0,0.919,2.119,1.0,2.093,1.789,1.0,4.837,3.448,2.205,6.767,2.145,1.406,1.0,0.919,2.119,1.0,2.093,1.789,1.0,187.375,68.103,1.0,21.779,68.103,1.0,289.697,1.0,301.78,289.697,1.0,264.42,1.0,303.786,264.42,1.0,1.83,1.0,5.543,1.83,1.0,98.595,98.873,1.0,6.902,0.489,0.97379,2.103,2.789,0.969086,0.4319727598826546,0.9536290322580645,26.57469644287634,1.0,124.47911425201612,1.0,11.463824804435484,1.0,8.786130842741935,1.0,321.64335686760745,1.0,420.162,1.0,4.265,1.0,42.162,1.0,-7.32776,1.0,4.94744,0.998656,6.48826,0.149402,13.3174,0.999328,17.4649,0.52857,1.0,2,27.8387,20.1613,27.8387,20.129,0.478007,0.46558,0.997312,0.997984,0.0280951,0.0283987,0.0320694,0.0319701,0.469968,0.459236,0.997984,0.997984,0.0283657,0.0284185,0.0323067,0.0319877,0.457441,0.460242,0.997446,0.997362,0.00280833,0.00244158,0.415374,0.439674,0.453643,0.465068,0.469346,0.4706,0.472975,0.425957,0.441846,0.454116,0.466052,0.470292,0.471213,0.474971,0.992608,0.995296,0.995968,0.999328,0.997984,0.997984,0.997312,0.995296,0.995296,0.995968,0.999328,0.997984,0.997312,0.997984,0.614109,0.611495,0.634326,0.63809,1.0,1.0,0.0354948,0.0356571,0.0398255,0.0377863,0.237448,0.213499,1.21255,1.23299,0.993625,0.995161,0.0428997,0.0426734,0.0474698,0.0459704,0.620084,0.61171,0.645868,0.641802,1.0,1.0,0.0354676,0.0355828,0.0398012,0.0377161,0.21138,0.199124,1.24111,1.23184,0.995161,0.995161,0.0428594,0.0428609,0.0474333,0.0461446,0.557405,0.579811,0.596269,0.608575,0.614579,0.615932,0.616593,0.568036,0.591583,0.603586,0.610898,0.615932,0.616593,0.619559,1.0,1.0,1.0,1.0,1.0,1.0,1.0,1.0,1.0,1.0,1.0,1.0,1.0,1.0,0.173152,0.185148,0.19565,0.211613,0.217305,0.225792,0.236152,0.173723,0.185295,0.198638,0.211505,0.216468,0.219487,0.234134,0.982412,0.988786,0.990399,0.998387,0.998387,0.995161,1.0,0.982412,0.988786,0.988786,0.995161,0.995161,0.995161,0.995161,0.685932,0.687921,0.683642,0.00161952,0.65841,0.671545,0.677978,0.68562,0.690853,0.692291,0.69511,0.683554,0.692291,0.674765,0.00325359,0.631012,0.652151,0.664888,0.680329,0.687642,0.6912,0.692771,0.222215,0.228685,0.2234,0.0028533,0.198156,0.205037,0.211581,0.219785,0.232199,0.240981,0.258199,0.213458,0.222322,0.217324,0.00413323,0.167519,0.194291,0.200213,0.214624,0.234363,0.246362,0.262177,0.658088,0.665341,0.608813,0.00893328,0.526986,0.539528,0.555099,0.593425,0.658226,0.664335,0.686845,0.648416,0.665144,0.591633,0.0117416,0.442956,0.508214,0.539528,0.586377,0.654322,0.668099,0.686845,0.204411,0.213424,0.188895,0.00386107,0.144049,0.163034,0.171647,0.187351,0.207097,0.213727,0.215018,0.214126,0.211985,0.177965,0.0049408,0.107245,0.141322,0.163645,0.181209,0.203907,0.209797,0.214532,-9999,-9999
202002,2.073,1.0,1.338,2.743,1.0,2.931,2.535,1.0,8.523,6.69,2.579,10.65,2.416,2.073,1.0,1.338,2.743,1.0,2.931,2.535,1.0,249.121,115.513,1.0,36.725,115.513,1.0,281.483,1.0,302.441,281.483,1.0,260.996,1.0,304.793,260.996,1.0,2.832,1.0,6.03,2.832,1.0,98.597,98.779,1.0,0.094,0.159,0.810345,1.728,2.633,1.0,0.3890652140804598,1.0,58.194343879310345,1.0,208.3359610229885,1.0,17.011555732758623,1.0,14.000156800287355,1.0,323.8679497399425,1.0,431.938,0.997845,3.565,1.0,42.921,1.0,-4.57294,1.0,10.3739,0.996408,15.5734,0.216296,26.9002,0.997845,40.3831,0.829243,1.0,2,25.8621,22.1379,25.8621,22.1379,0.62926,0.637022,0.987787,0.987787,0.0262264,0.0270298,0.033461,0.0285889,0.645687,0.645646,0.991379,0.988506,0.0271657,0.0271831,0.0342022,0.0287339,0.627433,0.636784,0.989619,0.989224,0.00396254,0.00177603,0.580389,0.605155,0.617242,0.633864,0.641807,0.646716,0.64944,0.609121,0.629185,0.631572,0.63656,0.641807,0.647809,0.649682,0.996408,0.99569,0.99569,0.987069,0.987787,0.99569,0.99569,0.99569,0.987069,0.987787,0.983477,0.987787,0.99569,0.99569,0.822589,0.836379,0.546839,0.568282,0.996021,0.996021,0.0303741,0.0304165,0.0411334,0.0328997,0.357013,0.357313,1.53692,1.54666,0.978193,0.978193,0.0443893,0.0438969,0.045965,0.0449416,0.843205,0.839516,0.579822,0.568472,0.996021,0.996021,0.0303253,0.0303831,0.0410974,0.0328689,0.367597,0.371675,1.53897,1.54187,0.985955,0.97976,0.0443469,0.0443395,0.045924,0.045374,0.742696,0.788528,0.806961,0.827899,0.842349,0.844003,0.849754,0.79644,0.820964,0.826799,0.835088,0.842665,0.846042,0.849754,0.997347,0.997347,0.990504,0.996021,0.997347,0.996021,0.998674,0.997347,0.996021,0.996021,0.996021,0.996021,0.996021,0.998674,0.338893,0.344477,0.345943,0.357013,0.365525,0.368341,0.375939,0.344823,0.34833,0.352607,0.36142,0.366048,0.367597,0.373041,0.998433,0.993799,0.995366,0.978193,0.987522,0.992299,0.98603,0.968925,0.965722,0.96579,0.993799,0.987522,0.985955,0.97976,0.91129,0.905032,0.897372,0.00343528,0.837262,0.877266,0.889876,0.898802,0.90816,0.912178,0.932316,0.901098,0.912178,0.880083,0.00750476,0.775044,0.832876,0.869176,0.892743,0.904997,0.913105,0.919287,0.262431,0.259387,0.260588,0.00291121,0.229114,0.243883,0.245527,0.261039,0.265356,0.274679,0.295876,0.263855,0.266491,0.25265,0.00451285,0.194655,0.224815,0.240238,0.254877,0.264049,0.277774,0.295929,0.646448,0.655629,0.650167,0.00275865,0.609839,0.632344,0.637896,0.651978,0.662994,0.665849,0.676833,0.656186,0.628262,0.648041,0.00302414,0.608731,0.626751,0.636403,0.645838,0.661815,0.667399,0.676133,0.185822,0.186159,0.196157,0.00272192,0.168841,0.180064,0.184706,0.188906,0.208676,0.215707,0.226245,0.190324,0.178922,0.195504,0.00333764,0.165557,0.179872,0.182025,0.187734,0.207206,0.217403,0.22628,-9999,-9999
202003,9.66,1.0,8.743,2.668,1.0,10.546,2.853,1.0,8.566,7.196,1.873,9.9,1.76,9.66,1.0,8.743,2.668,1.0,10.546,2.853,1.0,332.227,158.174,0.751344,49.261,136.115,0.751344,306.252,0.748656,315.666,314.91,0.748656,307.835,0.751344,324.947,317.208,0.751344,4.621,1.0,6.062,4.621,1.0,98.554,98.609,1.0,4.597,2.955,0.711022,2.84,3.253,1.0,0.48283707661290326,1.0,96.52507906736543,0.7211021505376344,304.6622279944358,0.7211021505376344,18.064727040243266,0.7211021505376344,17.276504432116976,0.7211021505376344,364.158052208178,0.7211021505376344,426.326,0.94422,8.03,1.0,44.933,1.0,3.72081,1.0,19.5528,0.942876,29.3529,0.331845,30.6756,0.99328,46.0507,0.849715,0.72043,1,23.4516,24.5484,23.1613,24.5484,0.239799,0.239321,0.87836,0.883737,0.0426491,0.0426923,0.0570432,0.0519228,0.216799,0.233675,0.888441,0.887769,0.0428079,0.0426889,0.0571619,0.05192,0.208757,0.216739,0.88787,0.883955,0.00640566,0.00458821,0.124856,0.171857,0.183393,0.202326,0.236855,0.247619,0.281528,0.171717,0.186829,0.194263,0.208924,0.239321,0.245933,0.249812,0.936828,0.922043,0.857527,0.895833,0.874328,0.874328,0.864919,0.843414,0.920699,0.914651,0.896505,0.883737,0.875672,0.88172,1.1239,1.11576,2.25186,2.24922,0.913336,0.917543,0.0486106,0.0485628,0.0788067,0.0656314,-0.616068,-0.60924,2.25591,2.25871,0.845909,0.852361,0.0658552,0.0654829,0.0781372,0.0693363,1.10211,1.12273,2.22949,2.24957,0.918946,0.917543,0.0486837,0.0485602,0.0788519,0.0656295,-0.63863,-0.626283,2.26587,2.2604,0.860103,0.860103,0.0657099,0.0654768,0.0780148,0.0693305,0.956725,0.998671,1.03622,1.08009,1.10576,1.12273,1.13914,0.985411,1.03622,1.07424,1.08728,1.11276,1.12452,1.13218,0.962366,0.962366,0.885344,0.952665,0.918946,0.917543,0.913336,0.883941,0.885344,0.94986,0.927361,0.910531,0.913336,0.913336,-0.688197,-0.680431,-0.653017,-0.638555,-0.60566,-0.596324,-0.553666,-0.673459,-0.650513,-0.643072,-0.633631,-0.60924,-0.604927,-0.590885,0.891339,0.879673,0.873221,0.860103,0.840748,0.840748,0.798539,0.888759,0.874511,0.874511,0.860103,0.852361,0.852361,0.840748,1.16961,1.1654,1.17669,0.00521989,1.11873,1.13188,1.15739,1.17824,1.19301,1.20213,1.21628,1.18748,1.16528,1.17324,0.0056096,1.11214,1.12579,1.152,1.18449,1.19283,1.19777,1.21628,0.951008,0.931722,0.959949,0.00775565,0.876461,0.885944,0.923253,0.968597,0.994184,1.00414,1.02931,0.978829,0.948483,0.964481,0.0080777,0.874331,0.882728,0.929263,0.978829,1.00277,1.01334,1.02549,1.9947,1.96491,1.86023,0.0285775,1.49735,1.58344,1.67064,1.95057,1.98923,1.99236,1.9963,1.98923,1.98919,1.78584,0.0332426,1.46173,1.53201,1.57376,1.87035,1.97624,1.99236,1.99768,0.942276,0.923376,0.864786,0.0162885,0.664999,0.704799,0.7682,0.916706,0.936797,0.942276,0.947079,0.919015,0.942098,0.815563,0.0198957,0.634022,0.663614,0.674855,0.871055,0.93349,0.94188,0.947191,-9999,-9999
202004,12.226,1.0,10.83,2.88,1.0,13.294,3.373,1.0,10.083,8.477,1.654,11.303,1.856,12.226,1.0,10.83,2.88,1.0,13.294,3.373,1.0,410.484,205.184,1.0,68.802,205.184,1.0,321.618,1.0,324.939,321.618,1.0,323.623,1.0,339.079,323.623,1.0,6.394,1.0,5.791,6.394,1.0,98.549,98.327,1.0,3.393,3.007,0.946528,1.966,3.018,1.0,0.45687014930555564,1.0,127.78697772500001,1.0,376.58190726319447,1.0,21.810538199999996,1.0,21.607985394444444,1.0,376.52195883819445,1.0,424.646,0.999306,11.445,1.0,44.116,1.0,2.63008,1.0,24.7994,0.998611,36.1298,0.466153,61.1145,1.0,89.0368,0.99755,0.998611,1,20.8,27.2,20.8,27.1667,0.955346,0.9618,0.995833,0.996528,0.0494532,0.0499948,0.0609718,0.0573246,0.965133,0.965639,0.997222,0.997222,0.0494849,0.0501994,0.0609976,0.0575031,0.932767,0.944382,0.993733,0.993854,0.00516153,0.00371466,0.87314,0.89216,0.902197,0.943959,0.955346,0.963489,0.972024,0.894046,0.907305,0.938005,0.945312,0.956042,0.963398,0.975682,0.997917,0.997917,0.997917,0.994444,0.995833,0.974306,0.984722,0.997917,0.997917,0.985417,0.997917,0.997222,0.997222,0.984722,2.03674,2.04128,0.888011,0.887532,0.998413,1.0,0.0546794,0.0542376,0.0843025,0.0752676,0.0767115,0.0837127,2.94189,2.96367,0.993827,0.993827,0.0743818,0.0742389,0.0754577,0.0750465,2.04746,2.04412,0.907683,0.898952,1.0,1.0,0.053837,0.0547885,0.0837587,0.0756655,0.0846256,0.0880472,2.96572,2.96551,0.995062,0.995062,0.0734164,0.0744012,0.0745063,0.0752071,1.88734,1.92382,1.93826,2.01738,2.03628,2.05215,2.08101,1.93417,1.94499,2.0035,2.02259,2.04128,2.04936,2.0799,1.0,1.0,1.0,1.0,1.0,1.0,0.987727,1.0,1.0,0.998413,1.0,1.0,1.0,0.989394,0.04516,0.0513167,0.0586476,0.0697288,0.0742749,0.0767115,0.0853843,0.045925,0.061752,0.0674407,0.0726976,0.0778882,0.0837127,0.0848137,0.996296,0.997531,0.963478,0.997531,0.981288,0.993827,0.993827,0.996296,0.983805,0.996296,0.995062,0.995062,0.993827,0.995062,2.36671,2.36061,2.32466,0.00745691,2.23405,2.25767,2.30382,2.32513,2.34729,2.37339,2.38122,2.32068,2.36406,2.29792,0.0124333,2.157,2.21319,2.25181,2.3184,2.34284,2.36314,2.38874,1.40332,1.39497,1.38028,0.00407871,1.32955,1.35651,1.36493,1.37909,1.39075,1.40332,1.41006,1.3754,1.39893,1.36515,0.00772712,1.27673,1.3192,1.35009,1.37184,1.39034,1.40401,1.41707,2.13079,2.1764,2.11326,0.00695557,2.04344,2.0795,2.08867,2.1073,2.13079,2.173,2.18867,2.174,2.14698,2.09495,0.00953696,1.97776,2.04544,2.06664,2.09364,2.12588,2.15211,2.17701,1.38817,1.39421,1.38295,0.00321562,1.35132,1.36661,1.37049,1.38817,1.39434,1.39718,1.40492,1.39197,1.38932,1.37446,0.00494392,1.2893,1.35119,1.3662,1.38208,1.39197,1.39573,1.40492,-9999,-9999
202005,17.177,1.0,15.594,1.852,1.0,18.186,2.632,1.0,16.762,14.533,1.982,18.19,2.372,17.177,1.0,15.594,1.852,1.0,18.186,2.632,1.0,464.208,216.715,0.997984,89.49,215.299,0.997984,358.53,1.0,337.12,358.53,1.0,376.696,0.997984,357.642,376.769,0.997984,6.007,1.0,7.135,6.007,1.0,98.555,98.487,1.0,1.276,2.6,1.0,2.065,2.592,1.0,0.3952237338709677,1.0,143.62718551088804,0.9952956989247312,403.29927996841406,1.0,18.799971385080646,1.0,27.358997271505377,1.0,401.7582318985215,1.0,422.497,1.0,15.275,1.0,43.648,1.0,6.41965,1.0,56.4084,0.998656,82.3779,0.677479,38.7383,0.997984,56.5728,0.79065,0.99328,1,18.7097,29.2903,18.7097,29.2258,-2.41962,-2.43422,0.985215,0.984543,0.0699763,0.0703423,0.0818987,0.0807184,-2.37091,-2.42795,0.986559,0.984543,0.0709982,0.0701531,0.0827736,0.0805535,-2.37263,-2.37655,0.981838,0.98167,0.0054758,0.00526916,-2.43702,-2.41941,-2.39962,-2.37346,-2.34581,-2.33431,-2.32491,-2.43422,-2.421,-2.3998,-2.3805,-2.35154,-2.34182,-2.3299,0.984543,0.94422,0.984543,0.986559,0.985887,0.987231,0.989919,0.984543,0.984543,0.984543,0.983199,0.985887,0.986559,0.987231,4.20832,4.18248,1.2008,1.21935,0.991039,0.991039,0.0726176,0.072469,0.0915767,0.0846087,-6.45245,-6.45957,6.822,6.8222,0.981683,0.980608,0.101752,0.101038,0.124132,0.108667,4.24311,4.20626,1.29596,1.23571,0.991039,0.991039,0.0736591,0.0726104,0.0924047,0.0847298,-6.39938,-6.46425,6.84329,6.82562,0.983834,0.980608,0.101828,0.100667,0.124194,0.108322,4.11806,4.18495,4.20832,4.2458,4.27259,4.29654,4.4259,4.18248,4.20166,4.20832,4.25012,4.27001,4.28899,4.42275,0.992832,0.991039,0.991039,0.991039,0.991039,0.992832,0.948029,0.991039,0.992832,0.991039,0.991039,0.991039,0.987455,0.948029,-6.46682,-6.46219,-6.45887,-6.41526,-6.37895,-6.31999,-6.28624,-6.46579,-6.45933,-6.45238,-6.42619,-6.38839,-6.37933,-6.37094,0.972928,0.964249,0.971852,0.980608,0.982759,0.983871,0.988172,0.980608,0.980608,0.974003,0.978304,0.982759,0.982759,0.982759,4.79403,4.79632,4.83592,0.0154759,4.72513,4.7528,4.76738,4.8075,4.87596,4.88718,5.08229,4.75014,4.80241,4.81725,0.0270845,4.6006,4.72305,4.75806,4.8036,4.86706,4.89455,5.10277,7.21503,7.22427,7.21247,0.015354,7.08885,7.10509,7.12889,7.2101,7.27522,7.28386,7.40981,7.10657,7.17331,7.18988,0.0281657,6.942,7.04244,7.1071,7.17,7.27071,7.29304,7.4481,4.38452,4.30769,4.4588,0.0202823,4.28025,4.34938,4.37334,4.41754,4.55557,4.63376,4.69537,4.28094,4.24203,4.43607,0.025545,4.09787,4.28584,4.35446,4.421,4.54365,4.63699,4.70079,6.91042,6.9204,6.97516,0.0129227,6.87925,6.9051,6.91042,6.94266,7.04596,7.07748,7.12826,6.90969,6.8491,6.9539,0.0201404,6.6225,6.85092,6.90969,6.93426,7.03962,7.10216,7.12821,-9999,-9999
202006,24.387,1.0,22.663,2.049,1.0,25.376,3.205,1.0,19.755,17.611,1.904,20.983,2.2,24.387,1.0,22.663,2.049,1.0,25.376,3.205,1.0,485.865,290.281,1.0,91.0,290.281,1.0,385.68,1.0,352.489,385.68,1.0,422.438,1.0,381.062,422.438,1.0,10.009,1.0,7.32,10.009,1.0,98.543,98.383,1.0,1.402,3.407,0.956944,1.942,2.586,1.0,0.3447684236111111,1.0,199.29004845069443,1.0,548.1664322506945,1.0,21.850261952777778,1.0,35.59431692013889,1.0,440.8559811722222,1.0,416.891,1.0,20.794,1.0,39.241,1.0,9.61503,1.0,116.411,0.998611,159.484,1.17135,21.6527,0.999306,29.6645,0.588292,0.993056,1,17.5,30.5,17.5,30.5,-4.92498,-4.93662,0.95625,0.959722,0.0926968,0.0933432,0.140621,0.140214,-4.97687,-4.95957,0.963889,0.959722,0.0934022,0.0931928,0.141087,0.140114,-5.03178,-5.0237,0.957674,0.956319,0.0148075,0.0148442,-5.2023,-5.15266,-5.12746,-4.99881,-4.96008,-4.94118,-4.91912,-5.18722,-5.15395,-5.12746,-4.99267,-4.95215,-4.9447,-4.91716,0.852778,0.909028,0.936806,0.979861,0.970139,0.978472,0.978472,0.909722,0.940972,0.936806,0.975694,0.9625,0.947917,0.956944,5.86262,5.69686,1.56136,1.61042,0.960784,0.960784,0.0981264,0.0971062,0.175817,0.120277,-10.8414,-10.7642,9.69319,9.68416,0.953297,0.958674,0.129596,0.130135,0.243989,0.19058,5.63634,5.67886,1.65529,1.61109,0.964706,0.960784,0.0997438,0.0980887,0.176725,0.121071,-10.7888,-10.788,9.66248,9.66203,0.963011,0.958674,0.129574,0.129643,0.243977,0.190245,5.07918,5.44036,5.56403,5.62178,5.68031,5.73213,5.81374,5.54493,5.56297,5.58239,5.62233,5.68654,5.70491,5.86262,0.982353,0.982353,0.980392,0.966667,0.896187,0.962745,0.960784,0.980392,0.982353,0.896187,0.966667,0.960784,0.962745,0.960784,-11.1452,-11.0581,-11.0247,-10.7938,-10.7678,-10.6446,-10.611,-11.0749,-11.0461,-11.0236,-10.7945,-10.7815,-10.7676,-10.6957,0.90448,0.916487,0.929462,0.975018,0.971756,0.978244,0.988065,0.916487,0.928387,0.930538,0.964158,0.958674,0.971756,0.975018,6.23341,6.21668,6.15204,0.0270404,5.93874,5.97125,5.99623,6.12088,6.24254,6.29266,6.45447,6.10395,6.1595,6.06705,0.0544178,5.32785,5.73225,5.97828,6.08318,6.2227,6.31554,6.50268,11.1856,11.1763,11.1757,0.0309245,10.8545,10.9547,10.9873,11.1921,11.2711,11.3402,11.4518,11.087,11.1364,11.0988,0.0565434,10.4227,10.7245,10.9345,11.1362,11.2672,11.308,11.5464,5.586,5.51775,5.80338,0.0371658,5.47226,5.57221,5.62219,5.78686,5.91061,5.98874,6.22104,5.83259,5.85256,5.82366,0.0781415,5.10611,5.51647,5.59283,5.73985,5.8916,6.14152,6.26938,10.8582,10.7406,10.9869,0.0264312,10.7172,10.8458,10.9014,10.9326,11.0633,11.1344,11.1936,10.7366,10.9166,10.9829,0.0547171,10.4033,10.7404,10.8548,10.9411,11.0623,11.1265,11.3093,-9999,-9999
202007,26.167,1.0,24.328,1.645,1.0,27.292,2.773,1.0,24.682,23.14,0.988,25.629,1.235,26.167,1.0,24.328,1.645,1.0,27.292,2.773,1.0,473.253,247.164,0.717742,113.056,199.264,0.717742,409.985,0.715726,374.791,400.393,0.715726,452.855,0.717742,415.05,444.857,0.717742,8.729,1.0,8.207,8.729,1.0,98.552,98.418,1.0,0.32,3.246,0.889785,2.395,2.117,0.798387,0.2985797865151515,0.7963709677419355,170.65707757469906,0.6969086021505376,452.66417039506956,0.6982526881720431,18.470627286962365,0.6982526881720431,27.6941701327285,0.6982526881720431,450.7324273507454,0.6982526881720431,414.881,0.983199,23.604,1.0,30.198,1.0,7.2062,1.0,106.295,0.797043,145.933,1.14869,29.0551,0.803091,39.8899,0.567566,0.697581,1,18.2581,29.7419,18.2581,29.7419,-2.99756,-2.99007,0.754704,0.756048,0.0991453,0.0992117,0.128944,0.119807,-2.98681,-3.01182,0.763441,0.760753,0.0992647,0.0981524,0.129036,0.118931,-3.0254,-3.01982,0.757023,0.755914,0.0177162,0.0127919,-3.27519,-3.10864,-3.07789,-2.99756,-2.97844,-2.94375,-2.89099,-3.2142,-3.09728,-3.07371,-2.9953,-2.97666,-2.96295,-2.94375,0.72043,0.747984,0.737903,0.754704,0.770833,0.770833,0.771505,0.731183,0.74664,0.75,0.766129,0.763441,0.770833,0.770833,6.15463,6.14877,1.19041,1.20245,0.752045,0.752045,0.105638,0.105959,0.232599,0.159617,-8.42219,-8.40946,8.44615,8.43537,0.754858,0.757011,0.138222,0.139914,0.25445,0.20992,6.04554,6.03786,1.28251,1.29266,0.752045,0.752045,0.104952,0.105156,0.232289,0.159085,-8.34189,-8.37748,8.41052,8.42682,0.769175,0.764797,0.140291,0.138327,0.25558,0.208865,5.62832,5.74018,5.84438,6.04554,6.13032,6.15463,6.18245,5.82624,5.91972,5.96346,6.06236,6.14877,6.15847,6.16202,0.776407,0.763125,0.763125,0.752045,0.752045,0.752045,0.752045,0.763125,0.73298,0.736576,0.752045,0.752045,0.752045,0.74016,-8.70948,-8.58065,-8.52978,-8.35911,-8.1998,-8.15338,-7.98483,-8.64259,-8.55558,-8.53275,-8.3814,-8.32021,-8.2426,-8.15519,0.710402,0.744993,0.747143,0.767022,0.774593,0.774593,0.783165,0.702688,0.732003,0.73839,0.76146,0.7714,0.774593,0.774593,6.7915,6.79423,6.67484,0.0382226,6.12673,6.33985,6.57882,6.80438,6.84294,6.86011,6.87373,6.58637,6.80461,6.58037,0.0583993,6.04326,6.12744,6.23583,6.72999,6.83541,6.86544,6.89514,9.7897,9.80605,9.69466,0.0432907,9.10071,9.32971,9.5504,9.79751,9.86923,9.91024,9.97024,9.58624,9.79142,9.60577,0.0686995,9.04443,9.0866,9.19177,9.78841,9.85804,9.93639,10.0399,5.20024,5.03103,5.77676,0.0836628,5.03597,5.0806,5.17733,5.85604,6.25711,6.35985,6.47484,5.88295,5.85248,5.78896,0.0856493,4.88812,5.04964,5.19102,5.86244,6.25531,6.33728,6.51409,8.01498,7.91687,8.17013,0.0382454,7.86725,7.9003,7.96136,8.09422,8.32641,8.35842,8.69393,7.84083,8.05197,8.19196,0.0480787,7.75841,7.8842,7.98209,8.17898,8.33009,8.36491,8.78242,-9999,-9999
202008,23.789,1.0,22.087,1.918,1.0,25.005,3.083,1.0,24.395,22.212,2.078,25.949,2.186,23.789,1.0,22.087,1.918,1.0,25.005,3.083,1.0,427.963,242.266,1.0,84.658,242.266,1.0,386.426,1.0,373.083,386.426,1.0,429.01,1.0,412.447,429.01,1.0,8.173,1.0,7.938,8.173,1.0,98.54,98.478,1.0,0.481,2.832,1.0,2.039,1.964,1.0,0.25189473924731187,1.0,163.35603048924727,1.0,451.8934239052419,1.0,19.034616582661293,1.0,27.555624762768826,1.0,437.01965793951615,1.0,409.56,1.0,22.181,1.0,32.443,1.0,3.28901,1.0,94.339,1.0,130.919,1.02019,21.0039,1.0,29.1481,0.52672,1.0,1,20.0,28.0,20.0,27.9677,-3.75877,-3.64004,0.956989,0.962366,0.108589,0.10738,0.300894,0.252832,-3.47268,-3.5807,0.967742,0.962366,0.106388,0.10767,0.300106,0.252956,-3.63257,-3.66356,0.953713,0.954251,0.0333608,0.0278674,-4.02663,-3.98105,-3.73249,-3.6249,-3.47809,-3.41982,-3.34786,-4.01149,-3.93827,-3.73314,-3.63732,-3.57194,-3.48048,-3.45712,0.932124,0.929435,0.923387,0.926747,0.96707,0.986559,0.995968,0.927419,0.936156,0.959005,0.969758,0.96371,0.967742,0.980511,4.39851,4.47207,1.79767,1.7985,0.973244,0.973244,0.122844,0.123729,0.360666,0.370767,-9.34781,-9.20052,8.35008,8.40789,0.943897,0.953373,0.153622,0.153884,0.280919,0.22959,4.62071,4.55746,1.85721,1.90686,0.973244,0.973244,0.12131,0.124687,0.360147,0.371087,-9.02324,-9.16063,8.53814,8.42061,0.962885,0.953373,0.152944,0.153988,0.280548,0.229659,3.83574,3.90649,4.28519,4.47207,4.56484,4.58469,4.6241,3.83376,3.91287,4.28115,4.47207,4.5626,4.61189,4.62745,0.924169,0.94139,0.976316,0.973244,0.85019,0.996604,0.973244,0.924169,0.94139,0.976316,0.973244,0.973244,0.973244,0.996604,-9.39394,-9.36392,-9.33401,-9.07323,-8.97737,-8.89354,-8.71232,-9.39394,-9.34724,-9.32078,-9.16821,-9.02324,-9.00647,-8.94983,0.920789,0.920292,0.941758,0.96408,0.965192,0.979114,0.985045,0.920789,0.941758,0.920789,0.953373,0.962885,0.962928,0.968529,5.45696,5.46426,5.34348,0.0365641,5.08159,5.18217,5.21707,5.31931,5.42338,5.45696,5.48233,5.19375,5.48244,5.28657,0.0506246,4.70846,5.11229,5.19375,5.27045,5.35442,5.42165,5.48233,9.03493,9.04496,9.00703,0.0455831,8.69748,8.7301,8.77934,8.96711,9.15726,9.28097,9.30421,8.79011,8.95512,8.91913,0.0710751,8.03148,8.60572,8.7214,8.87128,9.10132,9.28901,9.32495,5.88019,4.31449,5.322,0.165797,3.69528,4.31266,4.40442,5.11381,6.01403,6.30763,7.03719,4.81833,4.34402,5.18601,0.14645,3.88571,4.19835,4.38034,4.90705,6.00483,6.28389,6.64284,9.26761,8.0604,8.77383,0.099551,7.92959,8.11432,8.21335,8.60275,9.26984,9.34352,9.7976,7.95261,8.10331,8.70797,0.0908821,7.87369,8.12919,8.25438,8.55518,9.23925,9.34343,9.5965,-9999,-9999
202009,19.738,1.0,18.125,2.049,1.0,21.165,3.198,1.0,20.304,18.424,2.029,21.951,1.886,19.738,1.0,18.125,2.049,1.0,21.165,3.198,1.0,357.872,194.013,1.0,55.931,194.013,1.0,360.328,1.0,356.177,360.328,1.0,400.9,1.0,386.684,400.9,1.0,5.85,1.0,7.51,5.85,1.0,98.558,98.694,1.0,0.599,2.963,1.0,1.969,2.22,1.0,0.29457528541666655,1.0,117.26219864444445,1.0,351.0574164118055,1.0,15.8551623625,1.0,22.39765969861111,1.0,413.72697777847225,1.0,417.408,0.998611,19.505,1.0,29.769,1.0,-1.1588,1.0,67.7942,1.0,92.7989,0.735354,18.7182,1.0,25.6221,0.671903,1.0,1,22.4333,25.5667,22.4333,25.5333,-1.87237,-1.84381,0.949306,0.952778,0.0878868,0.0900506,0.12165,0.124097,-1.72002,-1.82867,0.958333,0.956944,0.0888578,0.089838,0.122354,0.123943,-1.7655,-1.76488,0.947222,0.945885,0.0131126,0.0125865,-1.90522,-1.84806,-1.82691,-1.77404,-1.70934,-1.67983,-1.65089,-1.88731,-1.85061,-1.83203,-1.77819,-1.71408,-1.67983,-1.65597,0.95,0.954861,0.947222,0.911806,0.959028,0.966667,0.895833,0.949306,0.954861,0.947917,0.961806,0.959028,0.966667,0.973611,4.24829,4.30766,1.33997,1.40149,0.956061,0.960606,0.0845357,0.0852425,0.191325,0.163423,-7.0882,-7.08773,7.11569,7.14492,0.942897,0.945466,0.144191,0.144796,0.159225,0.156263,4.52086,4.33315,1.4734,1.39222,0.963636,0.966667,0.0831745,0.0852773,0.190727,0.163441,-7.04928,-7.08317,7.20071,7.18924,0.953158,0.94803,0.143302,0.144347,0.15842,0.155847,4.06475,4.19916,4.24829,4.34019,4.49624,4.54243,4.65925,4.13776,4.242,4.27532,4.37189,4.4958,4.52086,4.65925,0.836508,0.956061,0.956061,0.968182,0.963636,0.983333,0.978788,0.90303,0.956061,0.954545,0.890909,0.978788,0.963636,0.978788,-7.11073,-7.0766,-7.07151,-7.02623,-6.99797,-6.94153,-6.79274,-7.10931,-7.08773,-7.07308,-7.03327,-7.00838,-6.97022,-6.86926,0.942897,0.949312,0.955979,0.968859,0.916184,0.926539,0.900851,0.942897,0.945466,0.951876,0.958543,0.939158,0.923821,0.905821,4.66202,4.67461,4.92489,0.041815,4.60698,4.65619,4.68594,4.84103,5.07085,5.27142,5.33628,4.84186,5.09582,4.91587,0.055495,4.44958,4.60856,4.66038,4.84186,5.05712,5.27139,5.44063,6.486,6.50328,6.68977,0.0367415,6.44766,6.48637,6.5068,6.56743,6.78493,7.03425,7.12629,6.56338,6.81584,6.68136,0.0497787,6.27422,6.45899,6.48069,6.59294,6.75149,7.0384,7.15963,5.19656,4.65059,4.84984,0.0897047,3.87448,4.33479,4.37559,4.71769,5.25269,5.48154,5.67989,4.81566,4.71769,4.96513,0.1108,3.91572,4.34411,4.53112,4.81566,5.28395,5.60196,5.69972,6.7638,6.56802,6.62537,0.0429108,6.13578,6.38712,6.41418,6.61739,6.79712,6.86674,7.02251,6.58642,6.61219,6.66768,0.0488191,6.14793,6.40667,6.50894,6.61739,6.80207,6.94822,7.02496,-9999,-9999
202010,12.468,1.0,11.542,3.011,1.0,13.437,3.104,1.0,14.732,12.87,2.411,16.752,2.282,12.468,1.0,11.542,3.011,1.0,13.437,3.104,1.0,275.469,133.379,1.0,41.926,133.379,1.0,327.787,1.0,324.704,327.787,1.0,331.487,1.0,338.721,331.487,1.0,5.841,1.0,7.061,5.841,1.0,98.558,98.757,1.0,0.228,1.416,0.936828,2.141,2.505,0.999328,0.3597147916523679,0.9993279569892474,70.3488072063172,1.0,238.63356573857527,1.0,13.012389840053764,1.0,15.069768328629035,1.0,374.832073719086,1.0,419.756,0.999328,13.347,1.0,23.71,1.0,-5.96255,1.0,31.6763,0.998656,44.9432,0.44867,22.0613,0.999328,31.3011,0.656202,0.997984,1,24.9355,23.0645,24.9355,22.9677,0.678509,0.66236,0.982527,0.984543,0.0568925,0.0575116,0.068663,0.0610978,0.661527,0.666693,0.984543,0.984543,0.0580542,0.0581104,0.0696287,0.0616618,0.642946,0.659594,0.981519,0.9812,0.00809752,0.00383623,0.557627,0.601435,0.62827,0.656851,0.674747,0.678321,0.687138,0.608617,0.637388,0.650637,0.662398,0.675659,0.678636,0.692592,0.997312,0.93078,0.993952,0.981855,0.980511,0.984543,0.983871,0.969758,0.952285,0.988575,0.984543,0.981855,0.971774,0.97379,2.71079,2.68307,0.834371,0.844589,0.985215,0.985215,0.0490081,0.0486035,0.0947915,0.0632858,-1.49454,-1.49905,3.63314,3.65226,0.979477,0.98351,0.104062,0.1029,0.110633,0.109081,2.65806,2.67226,0.860237,0.853017,0.985215,0.985215,0.0491215,0.0488306,0.0948502,0.0634604,-1.47324,-1.47755,3.69091,3.68788,0.98351,0.98351,0.10378,0.104068,0.110368,0.110184,2.46301,2.56123,2.62678,2.65888,2.69965,2.72351,2.7351,2.59512,2.63018,2.64755,2.6604,2.69576,2.71124,2.7361,1.0,1.0,0.986559,0.985215,0.985215,0.97012,0.982527,1.0,0.990591,0.990591,0.985215,0.985215,0.985215,0.982527,-1.5707,-1.54034,-1.51168,-1.48213,-1.46831,-1.46522,-1.45741,-1.55103,-1.53573,-1.50781,-1.47755,-1.46829,-1.46333,-1.45204,0.959258,0.970191,0.978197,0.99023,0.98632,0.984976,0.984976,0.970191,0.964815,0.978197,0.98351,0.98632,0.98632,0.984976,2.86652,2.86369,2.83127,0.00902991,2.73718,2.75268,2.79517,2.84189,2.86652,2.88838,2.90467,2.89928,2.85924,2.79128,0.0175077,2.5975,2.67624,2.74052,2.8215,2.85681,2.88497,2.89928,2.19904,2.197,2.17168,0.00781698,2.09606,2.12392,2.13672,2.17588,2.19771,2.23172,2.24122,2.24088,2.19771,2.14834,0.0115666,2.01055,2.08834,2.11181,2.16024,2.19321,2.22974,2.24088,2.68218,2.67494,2.67416,0.01617,2.46486,2.55635,2.63166,2.68024,2.6953,2.73841,2.84932,2.67839,2.67507,2.65856,0.0209394,2.36938,2.50183,2.60532,2.68024,2.69872,2.7618,2.8448,2.15219,2.13864,2.1511,0.00788754,2.08639,2.10736,2.12579,2.14056,2.15399,2.20238,2.26179,2.1358,2.12474,2.14173,0.0106413,1.98918,2.09275,2.12726,2.14227,2.15365,2.17217,2.25846,-9999,-9999
202011,10.544,1.0,9.654,2.912,1.0,11.706,3.258,1.0,10.904,9.687,1.958,12.501,1.874,10.544,1.0,9.654,2.912,1.0,11.706,3.258,1.0,203.847,106.654,1.0,20.606,106.654,1.0,305.81,1.0,330.573,305.81,1.0,309.834,1.0,347.665,309.834,1.0,5.761,1.0,5.703,5.761,1.0,98.58,98.937,1.0,3.354,2.607,0.983333,1.728,3.275,1.0,0.4339225479166666,1.0,34.8582039576389,1.0,189.4214909833333,1.0,12.679280256250001,1.0,12.49548453472222,1.0,363.7594796416667,1.0,423.451,1.0,10.552,1.0,34.628,1.0,-5.33918,1.0,11.6226,1.0,14.9632,0.265958,19.6005,1.0,25.2341,0.690917,1.0,1,27.2667,20.7333,27.2667,20.6333,1.16874,1.17757,0.995833,0.995833,0.0385969,0.0386547,0.0407086,0.0394953,1.16226,1.16955,0.997222,0.996528,0.0389593,0.0388932,0.0410524,0.0397288,1.17201,1.17045,0.995503,0.995486,0.0019461,0.00176933,1.14603,1.16157,1.16452,1.1701,1.17668,1.18745,1.19354,1.1526,1.16136,1.16338,1.16956,1.17418,1.17757,1.19228,0.989583,0.997222,0.999306,0.995139,0.995833,0.996528,0.997222,0.995139,0.995139,0.996528,0.996528,0.996528,0.995833,0.997917,1.52942,1.53567,0.755187,0.755817,1.0,1.0,0.0379959,0.037983,0.0402349,0.0392889,0.603754,0.616097,2.18368,2.18527,0.99039,0.99039,0.0710509,0.0704156,0.0782106,0.0740534,1.52569,1.53603,0.766592,0.755863,1.0,1.0,0.0380452,0.0379981,0.0402814,0.0393036,0.594829,0.597621,2.17893,2.17434,0.993644,0.991977,0.0711928,0.0710557,0.0783395,0.0746623,1.50632,1.5255,1.52787,1.5359,1.54538,1.55197,1.56292,1.52468,1.52727,1.52905,1.53505,1.54053,1.54736,1.56092,1.0,1.0,1.0,1.0,1.0,1.0,0.997527,1.0,1.0,1.0,1.0,1.0,1.0,0.997527,0.522266,0.566355,0.585733,0.603754,0.621402,0.631736,0.641763,0.562734,0.571493,0.587146,0.598061,0.615172,0.617343,0.63932,0.979278,0.98404,0.987215,0.99039,0.992056,0.995231,0.993644,0.988802,0.98404,0.987215,0.991977,0.992056,0.99039,0.995231,1.61508,1.61449,1.61486,0.00137512,1.59624,1.6076,1.609,1.61483,1.61948,1.62268,1.62877,1.61898,1.60772,1.61246,0.00312246,1.58509,1.59806,1.608,1.61349,1.62007,1.62563,1.63498,0.445516,0.444943,0.444415,0.00140236,0.429037,0.434277,0.438308,0.445027,0.449447,0.451556,0.458231,0.441786,0.44546,0.440453,0.00289033,0.416108,0.429329,0.434277,0.442442,0.446032,0.449333,0.463475,1.6643,1.55038,1.65377,0.0115017,1.54756,1.56534,1.59986,1.65746,1.67298,1.73795,1.79646,1.55057,1.65746,1.6497,0.0134607,1.43852,1.56483,1.60872,1.65125,1.69571,1.73311,1.7803,0.576678,0.515857,0.563958,0.00504755,0.502502,0.516052,0.542445,0.569491,0.577896,0.580631,0.621916,0.543344,0.553081,0.556142,0.00624772,0.443299,0.51508,0.539358,0.564297,0.574556,0.579436,0.613174,-9999,-9999
202012,3.199,1.0,2.586,3.104,1.0,4.072,2.902,1.0,6.828,5.353,2.462,8.941,2.108,3.199,1.0,2.586,3.104,1.0,4.072,2.902,1.0,170.007,80.012,0.757392,18.798,66.676,0.757392,282.765,0.754032,294.695,286.386,0.754032,261.11,0.757392,292.989,277.694,0.757392,3.252,1.0,6.263,3.252,1.0,98.542,98.689,1.0,1.38,0.758,0.647177,2.735,2.878,1.0,0.36907551008064515,1.0,22.019172573822463,0.7311827956989246,153.91917988768114,0.7311827956989246,11.169827322463766,0.7311827956989246,10.421278606884057,0.7311827956989246,330.688882067029,0.7311827956989246,427.04,1.0,5.283,1.0,37.398,1.0,-9.25715,1.0,5.60654,0.993952,7.57637,0.136865,16.4288,0.99328,22.2011,0.515265,0.729167,1,28.2581,19.7419,28.2581,19.7419,0.432425,0.452008,0.887769,0.892473,0.0240078,0.0237639,0.0317262,0.0303878,0.462929,0.455862,0.895833,0.894489,0.0236869,0.0236585,0.031484,0.0303055,0.452121,0.449997,0.89338,0.887433,0.0032624,0.0029541,0.411591,0.429612,0.433561,0.457058,0.469074,0.471093,0.482324,0.416056,0.431127,0.433561,0.452008,0.463005,0.469005,0.477233,0.826613,0.858871,0.887769,0.909946,0.907258,0.916667,0.963038,0.864919,0.838038,0.887769,0.892473,0.903898,0.907258,0.916667,0.790683,0.801997,0.42405,0.448493,0.851382,0.854839,0.0273914,0.0274865,0.0397559,0.0397839,-0.114386,-0.084884,1.15214,1.17189,0.93837,0.944822,0.0394472,0.0393976,0.0548145,0.0471215,0.818511,0.809416,0.452357,0.447588,0.855991,0.855991,0.0274456,0.0272584,0.0397933,0.0396267,-0.0827129,-0.0863673,1.17122,1.17041,0.951273,0.948048,0.0392012,0.0393742,0.0546378,0.047102,0.751324,0.758386,0.769279,0.799608,0.811303,0.816014,0.821346,0.753973,0.758678,0.789318,0.801997,0.812762,0.816202,0.819931,0.781106,0.78341,0.762673,0.873272,0.867512,0.867512,0.855991,0.81682,0.778802,0.851382,0.854839,0.855991,0.869816,0.855991,-0.117053,-0.112196,-0.0917164,-0.0804809,-0.0621084,-0.0360764,-0.0206004,-0.117053,-0.112417,-0.0928359,-0.0817047,-0.0695294,-0.0607155,-0.0358333,0.935144,0.936757,0.932003,0.954499,0.972326,0.846435,0.9691,0.935144,0.93837,0.936842,0.954499,0.961036,0.961036,0.964261,0.823772,0.82349,0.815508,0.00542587,0.723885,0.772824,0.811562,0.823772,0.83407,0.84011,0.842861,0.824568,0.84011,0.807724,0.00602665,0.71871,0.75127,0.803775,0.819389,0.830202,0.839607,0.842861,0.369817,0.367628,0.365511,0.00466672,0.299805,0.336448,0.344174,0.366195,0.384648,0.394892,0.406236,0.365815,0.377182,0.355603,0.00536524,0.29212,0.321305,0.334332,0.358881,0.376107,0.388533,0.404366,0.795587,0.81833,0.77155,0.0113694,0.592874,0.718733,0.763973,0.792845,0.805463,0.820012,0.835343,0.799967,0.790901,0.759439,0.0115806,0.581133,0.630535,0.733542,0.77967,0.803169,0.81403,0.827717,0.348645,0.361506,0.339381,0.00523962,0.259899,0.314072,0.319541,0.340864,0.363764,0.372727,0.381346,0.394479,0.346426,0.327671,0.00566755,0.257876,0.271957,0.306011,0.328639,0.348364,0.371793,0.375793,-9999,-9999
202101,2.32,0.405242,1.741,0.637,0.413594,3.103,1.631,0.393548,5.296,3.948,2.214,7.142,1.851,5.581,0.405242,4.462,1.841,0.413594,7.084,1.875,0.393548,187.375,63.158,1.0,21.217,63.158,1.0,286.924,1.0,293.823,286.924,1.0,270.87,0.405242,291.66,287.748,0.405242,1.613,0.405242,6.142,4.351,0.405242,98.552,98.7,1.0,4.274,3.822,0.191532,2.785,3.089,0.856855,0.48548708508497307,0.8239247311827956,21.14674135080645,1.0,113.478145875,1.0,10.04957210954301,1.0,8.080725323252688,1.0,319.94653645833336,1.0,438.838,0.997312,3.352,1.0,40.659,1.0,-6.5344,1.0,6.80671,0.998656,9.19821,0.134665,6.80733,0.999328,9.19905,0.424008,1.0,2,27.871,20.129,18.1935,12.4516,0.434057,0.4336,0.998656,0.998656,0.0236441,0.0234756,0.0271193,0.0255248,0.426406,0.432381,0.998656,0.998656,0.0233827,0.0234002,0.0268916,0.0254555,0.424338,0.430968,0.998555,0.998606,0.00236639,0.00146522,0.390699,0.408765,0.416985,0.426289,0.434057,0.435329,0.445837,0.414713,0.419798,0.425988,0.430527,0.435689,0.439839,0.447422,0.998656,0.998656,0.998656,0.998656,0.998656,0.998656,0.998656,0.998656,0.998656,0.998656,0.998656,0.998656,0.998656,0.998656,0.518682,0.518209,0.362528,0.362219,1.0,1.0,0.0291011,0.0291976,0.0385091,0.0318949,0.279681,0.279292,0.852261,0.851897,0.996604,0.996604,0.0356751,0.0357748,0.0363814,0.0364008,0.515568,0.516422,0.373122,0.362664,1.0,1.0,0.0290802,0.0290982,0.0384932,0.031804,0.2667,0.278954,0.866765,0.851775,0.996604,0.996604,0.0356364,0.0356697,0.0363435,0.0362975,0.449003,0.476358,0.498333,0.515383,0.522176,0.526799,0.535297,0.496841,0.505395,0.513768,0.516208,0.526324,0.531069,0.536259,1.0,1.0,1.0,1.0,1.0,1.0,1.0,1.0,1.0,1.0,1.0,1.0,1.0,1.0,0.263586,0.265871,0.26879,0.273727,0.278163,0.28014,0.287355,0.263684,0.265849,0.268853,0.272744,0.275667,0.279292,0.284901,0.996604,0.996604,0.996604,0.996604,0.996604,0.991511,0.996604,0.996604,0.996604,0.996604,0.996604,0.996604,0.996604,0.996604,1.15332,1.15286,1.17453,0.00589388,1.13308,1.15207,1.15332,1.16364,1.21032,1.21787,1.22179,1.16334,1.15227,1.1394,0.0136333,0.927815,1.03047,1.15002,1.15537,1.18343,1.21126,1.22127,0.722794,0.720483,0.743566,0.00479361,0.714748,0.720665,0.72551,0.737281,0.773698,0.774764,0.778032,0.737957,0.725864,0.715062,0.011509,0.537116,0.622566,0.718454,0.73194,0.756744,0.773597,0.775546,0.793507,0.781542,0.79695,0.00445636,0.764394,0.778235,0.780958,0.788982,0.805753,0.810048,0.868819,0.789864,0.787964,0.796325,0.00398018,0.764393,0.778285,0.781347,0.789864,0.805807,0.811664,0.829713,0.186774,0.174032,0.184584,0.00177576,0.170791,0.174029,0.175175,0.185222,0.187133,0.197883,0.20534,0.178985,0.185505,0.186284,0.00207709,0.169895,0.174029,0.175611,0.185213,0.188874,0.199304,0.206883,-9999,-9999
202102,6.821,0.354911,5.582,0.696,0.372253,8.265,1.695,0.334627,8.088,6.62,2.077,9.825,1.894,8.21,0.354911,6.65,1.927,0.372253,10.048,2.119,0.334627,247.775,115.994,1.0,31.17,115.994,1.0,260.295,1.0,307.933,260.295,1.0,283.24,0.354911,313.163,298.555,0.354911,4.045,0.354911,6.104,5.553,0.354911,98.565,99.036,1.0,0.696,0.696,0.0,2.251,2.805,0.994792,0.39156221720842144,0.9933035714285713,60.44078378348216,1.0,208.9896870825893,1.0,22.98894854613095,1.0,16.023614794642857,1.0,299.01607906398806,1.0,432.124,0.995536,1.55,1.0,38.532,1.0,-6.69454,1.0,7.12392,0.99628,10.4884,0.319471,31.3065,1.0,46.0922,1.35658,1.0,2,25.8929,22.1071,15.8929,13.7143,0.267628,0.265933,0.994792,0.994792,0.0478599,0.0478559,0.049541,0.0490984,0.254525,0.266637,0.994792,0.994792,0.0464145,0.0477892,0.0481461,0.0490333,0.263968,0.265842,0.995368,0.995461,0.00311115,0.0023578,0.245266,0.248342,0.25133,0.258961,0.269288,0.273934,0.307069,0.245799,0.253007,0.255723,0.263309,0.273358,0.274958,0.29398,0.994792,0.994792,0.995536,0.994792,0.99628,0.99628,0.99628,0.994792,0.994792,0.994792,0.99628,0.99628,0.99628,0.99628,0.456777,0.453946,0.347403,0.347804,1.0,1.0,0.0518071,0.0545743,0.0648234,0.0613777,0.0323709,0.0321425,1.13902,1.13895,0.98913,0.98913,0.0759319,0.07689,0.0777954,0.077847,0.442104,0.451747,0.360357,0.348722,1.0,1.0,0.0517931,0.0544147,0.0648122,0.0612359,0.0221118,0.0362282,1.14234,1.14217,0.98913,0.98913,0.0756389,0.0768623,0.0775094,0.0778196,0.389547,0.411078,0.41495,0.446254,0.466656,0.489003,0.504491,0.413478,0.436936,0.440796,0.450815,0.483119,0.49311,0.506248,1.0,1.0,1.0,1.0,1.0,1.0,1.0,1.0,1.0,1.0,1.0,1.0,1.0,1.0,-0.00160649,0.020373,0.0236835,0.0271684,0.0390759,0.0542237,0.077539,-0.00369547,0.00780467,0.0220954,0.0254206,0.0286697,0.0321425,0.0440727,0.992236,0.992236,0.992236,0.98913,0.98913,0.98913,0.990683,0.992236,0.992236,0.992236,0.992236,0.992236,0.98913,0.98913,1.05038,1.04954,1.06573,0.00277563,1.0352,1.04954,1.05168,1.05915,1.08493,1.0862,1.09154,1.08493,1.04736,1.0507,0.00760867,0.909249,1.02604,1.0489,1.05721,1.08482,1.08649,1.09154,0.78642,0.782908,0.799893,0.00302349,0.778608,0.783468,0.785707,0.793344,0.811183,0.824825,0.835538,0.829095,0.792835,0.786728,0.00734307,0.657919,0.757273,0.781271,0.792085,0.810687,0.829005,0.837611,0.605349,0.659405,0.63747,0.0090077,0.555944,0.59464,0.607527,0.619919,0.645745,0.682812,0.752485,0.62222,0.613795,0.624737,0.0107056,0.54972,0.562771,0.573677,0.611269,0.638908,0.66108,0.750427,0.300748,0.323183,0.319636,0.00467068,0.272966,0.29596,0.300748,0.311019,0.328784,0.354124,0.363972,0.305863,0.307583,0.309395,0.00592003,0.260001,0.270057,0.274574,0.305101,0.323548,0.344214,0.363498,-9999,-9999
202103,10.374,1.0,9.162,2.516,1.0,11.552,3.087,1.0,6.835,5.563,1.724,8.041,1.598,10.374,1.0,9.162,2.516,1.0,11.552,3.087,1.0,329.425,163.426,1.0,52.038,163.426,1.0,308.747,1.0,308.977,308.747,1.0,304.096,1.0,314.754,304.096,1.0,6.02,1.0,5.627,6.02,1.0,98.581,98.755,1.0,4.249,5.095,0.519489,2.522,3.404,0.96707,0.5252556161066309,0.9563172043010753,88.67518929637096,1.0,295.70453071370974,1.0,18.009778163306454,1.0,17.733677356854837,1.0,364.6970207405915,1.0,427.901,0.999328,8.052,1.0,43.731,1.0,3.07231,1.0,16.3203,0.989919,24.0282,0.316935,42.0546,0.995296,61.9164,1.0531,0.989919,1,23.5484,24.4516,23.5484,24.4194,0.713747,0.713747,0.989919,0.989919,0.0427106,0.0427106,0.0503268,0.0454622,0.740806,0.722888,0.989919,0.989919,0.042933,0.0426062,0.0505157,0.0453642,0.714959,0.721931,0.988962,0.98876,0.00431131,0.00243908,0.634747,0.687605,0.709486,0.718697,0.735093,0.740844,0.742378,0.689402,0.709486,0.713747,0.719616,0.737981,0.740639,0.741988,0.992608,0.986559,0.986559,0.989919,0.989919,0.989919,0.990591,0.979839,0.986559,0.989919,0.987903,0.989919,0.989919,0.990591,1.41383,1.41383,0.796414,0.796414,0.998656,0.998656,0.0455847,0.044946,0.0596184,0.0519963,-0.0132823,-0.0132823,2.11028,2.11028,0.981716,0.981716,0.0685911,0.0682478,0.071397,0.0689838,1.46607,1.43038,0.85142,0.808238,0.998656,0.998656,0.0453029,0.0447524,0.0594032,0.0518291,-0.0134369,-0.0125307,2.1281,2.11075,0.981716,0.981716,0.0685278,0.0681324,0.0713362,0.0688696,1.28843,1.38039,1.39281,1.42636,1.44551,1.45723,1.46807,1.38585,1.41341,1.4197,1.43083,1.45047,1.46569,1.46807,0.998656,0.99176,0.995851,0.995851,0.998656,0.998656,0.998656,0.995851,0.998656,0.998656,0.995851,0.998656,0.998656,0.998656,-0.0433531,-0.0283118,-0.0247366,-0.01498,0.0105911,0.011326,0.0243551,-0.0364865,-0.0315427,-0.0264142,-0.0195185,-0.0134961,-0.0114429,0.0106058,0.977791,0.980425,0.979081,0.981716,0.983118,0.983118,0.984462,0.977791,0.977791,0.969663,0.980425,0.981716,0.981716,0.983118,1.6028,1.60392,1.61033,0.00320951,1.57205,1.58938,1.59456,1.60755,1.62847,1.63103,1.63229,1.62932,1.63183,1.58688,0.0089134,1.44061,1.54733,1.57205,1.60418,1.62428,1.62838,1.63106,0.882601,0.881036,0.888401,0.00304029,0.849606,0.866006,0.878142,0.890853,0.901714,0.905395,0.917148,0.888672,0.891027,0.871921,0.00666465,0.773846,0.83305,0.854195,0.883251,0.896662,0.905942,0.910989,1.4533,1.39974,1.469,0.00799162,1.38803,1.39545,1.43903,1.46104,1.51565,1.52856,1.53613,1.45248,1.45371,1.47549,0.00899022,1.36372,1.39722,1.45167,1.49513,1.5196,1.53565,1.54158,0.746895,0.723922,0.750722,0.00285053,0.722091,0.727566,0.733999,0.748455,0.764183,0.76948,0.777352,0.722736,0.747303,0.745779,0.00404544,0.697032,0.724371,0.730026,0.747271,0.761634,0.767905,0.780129,-9999,-9999
202104,13.38,1.0,12.105,2.662,1.0,14.362,3.419,1.0,8.887,7.429,1.592,10.017,1.643,13.38,1.0,12.105,2.662,1.0,14.362,3.419,1.0,408.24,222.256,1.0,67.341,222.256,1.0,320.65,1.0,322.86,320.65,1.0,324.209,1.0,335.91,324.209,1.0,7.409,1.0,5.705,7.409,1.0,98.548,98.408,1.0,3.855,5.135,0.846528,2.175,2.995,1.0,0.47606290972222226,1.0,135.05394378333332,1.0,406.9276561541666,1.0,24.478874890972225,1.0,24.475472055555556,1.0,382.3774158763889,1.0,425.884,0.995833,11.77,1.0,43.68,1.0,3.80417,1.0,28.4036,1.0,41.1251,0.379264,62.2457,1.0,90.1247,1.04892,1.0,1,20.8667,27.1333,20.8667,27.1,1.27235,1.27376,0.988889,0.988889,0.0504001,0.0502995,0.0783601,0.0689042,1.25213,1.28802,0.989583,0.988194,0.0495437,0.0503952,0.0778121,0.0689741,1.26284,1.28231,0.983437,0.981233,0.0107308,0.00669551,1.14081,1.20089,1.22081,1.25885,1.2894,1.32089,1.35164,1.2099,1.24233,1.25011,1.27896,1.30045,1.33652,1.35164,0.995139,0.99375,0.993056,0.988889,0.988889,0.970139,0.966667,0.99375,0.989583,0.989583,0.972917,0.972917,0.968056,0.966667,2.87683,2.87986,0.996364,0.994318,0.996818,0.996818,0.056111,0.0562917,0.16359,0.128186,-0.0312361,-0.0310575,2.68793,2.68813,0.982611,0.982611,0.0732237,0.0740388,0.0750676,0.0748103,2.84081,2.90397,1.03981,1.01738,0.996818,0.996818,0.0558163,0.056619,0.163489,0.12833,-0.0395914,-0.0262581,2.6922,2.69408,0.983754,0.981329,0.0727586,0.0740801,0.074614,0.0748512,2.52995,2.70803,2.75426,2.83777,2.91716,3.01537,3.05839,2.7374,2.80835,2.81903,2.88595,2.9368,3.03868,3.05839,1.0,1.0,1.0,0.998485,0.963485,0.961818,0.957273,1.0,0.996818,0.996818,0.965,0.963485,0.957273,0.957273,-0.0447465,-0.0412081,-0.0325148,-0.0273405,-0.020586,-0.00813586,0.00707335,-0.0447465,-0.0413457,-0.0407734,-0.0310575,-0.0256956,-0.0199131,-0.0131252,0.976526,0.982519,0.982611,0.988696,0.982519,0.988696,0.991168,0.976526,0.983754,0.983754,0.982611,0.987505,0.982611,0.982611,3.13659,3.13195,3.12898,0.0089281,3.01723,3.07616,3.0847,3.13289,3.17593,3.19048,3.21028,3.08314,3.0847,3.08035,0.018683,2.79417,2.98672,3.03094,3.10574,3.1503,3.17546,3.21022,1.84571,1.84393,1.84667,0.00375012,1.79215,1.81831,1.83589,1.84569,1.86361,1.86859,1.87593,1.84124,1.83257,1.81751,0.0104536,1.65336,1.75138,1.80436,1.83719,1.86229,1.86416,1.87455,2.94085,2.91241,2.9408,0.0193371,2.8011,2.83797,2.84821,2.91241,2.96841,3.0839,3.19648,2.94724,2.96628,2.96493,0.0245605,2.78287,2.83991,2.84915,2.95667,3.073,3.16756,3.19115,1.81461,1.80653,1.81512,0.00740776,1.75878,1.77295,1.77651,1.80891,1.82225,1.85959,1.90673,1.82022,1.82587,1.81655,0.0102491,1.74919,1.76034,1.77738,1.81661,1.84406,1.90632,1.9094,-9999,-9999
202105,17.098,1.0,15.888,2.042,1.0,17.884,2.544,1.0,14.602,12.723,1.76,15.809,2.027,17.098,1.0,15.888,2.042,1.0,17.884,2.544,1.0,462.933,195.739,0.99664,86.999,194.677,0.99664,358.594,1.0,331.164,358.594,1.0,376.32,0.99664,348.565,376.106,0.99664,6.22,1.0,6.67,6.22,1.0,98.554,98.764,1.0,2.365,1.449,0.706989,2.36,2.469,0.991935,0.37751664904969967,0.9912634408602151,129.30578234334249,0.9993279569892473,366.1923383010752,1.0,17.126846963037636,1.0,26.009506370295703,1.0,400.0148215994623,1.0,424.032,1.0,15.341,1.0,43.548,1.0,5.22102,0.994624,53.7623,0.999328,78.2912,0.596489,31.8117,0.997984,46.3257,0.865491,0.954973,1,18.7742,29.2258,18.7742,29.1935,-2.23649,-2.23652,0.984543,0.984543,0.0851148,0.0850591,0.0902616,0.0923164,-2.26065,-2.23977,0.984543,0.984543,0.0827168,0.0848297,0.0880039,0.092105,-2.23038,-2.22588,0.984728,0.982174,0.00575877,0.00568522,-2.30274,-2.26288,-2.25048,-2.23509,-2.21197,-2.20279,-2.16719,-2.27028,-2.25958,-2.25028,-2.23652,-2.2032,-2.18782,-2.15302,1.0,0.984543,0.984543,0.99328,0.997984,0.981183,0.981183,0.991263,0.984543,0.987231,0.984543,0.987903,0.954301,0.974462,4.64811,4.64824,1.21116,1.20973,0.980853,0.980853,0.0932077,0.091692,0.210483,0.173356,-6.46048,-6.46062,7.23731,7.23705,0.986909,0.986909,0.117042,0.121085,0.147203,0.124637,4.61222,4.62334,1.23285,1.22682,0.980853,0.980853,0.0923451,0.0904684,0.210102,0.172712,-6.47588,-6.44931,7.22305,7.23402,0.986909,0.986909,0.116733,0.121062,0.146957,0.124615,4.33046,4.41408,4.47264,4.61652,4.65559,4.79152,4.83165,4.47263,4.51617,4.60918,4.64085,4.78374,4.81041,4.8567,0.998302,0.998302,0.994718,0.980853,0.984248,0.981041,0.982739,0.994718,0.989625,0.980853,0.980853,0.968497,0.961705,0.968497,-6.55644,-6.47746,-6.47171,-6.44355,-6.36985,-6.29891,-6.26761,-6.55144,-6.48758,-6.47581,-6.46081,-6.44114,-6.42849,-6.36555,0.945061,0.986909,0.986909,0.989133,0.99451,0.99451,0.997812,0.961651,0.96718,0.986909,0.991284,0.969368,0.981456,0.99451,4.96477,4.96032,5.05764,0.0142949,4.92441,4.95405,4.96237,5.0749,5.14181,5.15525,5.18393,5.1306,4.98607,5.01752,0.0231204,4.86589,4.9302,4.95343,4.98723,5.12832,5.14537,5.17031,7.20193,7.20009,7.28351,0.012587,7.14397,7.1934,7.20903,7.31317,7.33764,7.35822,7.40801,7.3707,7.24672,7.2479,0.0211684,7.06295,7.16659,7.18887,7.24751,7.33818,7.35261,7.38732,5.31038,5.16869,5.35148,0.0474523,4.92644,5.01486,5.17123,5.28749,5.5023,5.63514,5.83612,5.2421,5.22312,5.33615,0.0713284,4.79376,4.98488,5.05494,5.26927,5.40736,5.60306,5.97282,7.47184,7.40646,7.55585,0.0403705,7.28651,7.34208,7.38318,7.47356,7.63258,7.72553,8.06624,7.32855,7.40401,7.49419,0.0583095,6.93219,7.28431,7.32587,7.42382,7.5008,7.69864,8.09403,-9999,-9999
202106,24.448,0.997917,22.625,1.941,1.0,25.501,3.09,0.996774,19.646,17.665,1.572,20.786,1.924,24.43,0.997917,22.625,1.941,1.0,25.472,3.11,0.996774,485.7,263.091,0.988889,87.725,258.447,0.988889,393.187,0.988889,356.031,392.44,0.988889,429.638,0.988194,386.46,428.689,0.988194,10.419,0.997917,7.176,10.42,0.997917,98.554,98.391,1.0,1.181,7.083,0.9875,1.995,2.467,0.99375,0.34052182357860517,0.99375,182.69660110362207,0.9722222222222222,498.1196203311712,0.976388888888889,19.708637909668045,0.976388888888889,32.502572745183215,0.976388888888889,440.90832944419486,0.976388888888889,420.612,0.997917,20.46,1.0,36.49,1.0,9.05437,0.997917,111.301,0.995833,153.154,1.01114,15.1747,0.997917,20.8809,0.585714,0.943056,1,17.5333,30.4667,17.5333,30.4667,-4.32359,-4.32359,0.939583,0.939583,0.10998,0.10998,0.288877,0.291731,-4.30588,-4.32618,0.952778,0.940278,0.115722,0.114787,0.291111,0.293577,-4.42437,-4.45519,0.926215,0.914705,0.0352195,0.0354491,-4.91329,-4.81391,-4.41701,-4.3216,-4.29431,-4.27967,-4.23999,-4.88998,-4.83055,-4.63721,-4.32742,-4.30602,-4.29013,-4.26919,0.820139,0.841667,0.871528,0.903472,0.954861,0.947917,0.953472,0.834028,0.840278,0.867361,0.968056,0.9625,0.952778,0.952083,5.70648,5.70648,1.61142,1.61142,0.95,0.95,0.127248,0.126165,0.384515,0.364348,-9.86047,-9.86047,9.9204,9.9204,0.933835,0.933835,0.158905,0.150397,0.331327,0.276683,5.79335,5.68236,1.50623,1.61684,0.962963,0.95,0.12737,0.126895,0.384555,0.364601,-9.8841,-9.85016,9.77279,9.80701,0.946989,0.934982,0.159669,0.158273,0.331694,0.281042,5.03455,5.15039,5.30967,5.68236,5.85208,5.87609,5.92379,5.03773,5.19244,5.56699,5.71993,5.85208,5.87605,5.92379,0.777778,0.659259,0.992593,0.95,0.962963,0.962963,0.846296,0.775926,0.77963,0.811111,0.811111,0.962963,0.962963,0.846296,-10.4112,-10.3066,-10.0933,-9.93471,-9.81673,-9.72511,-9.47964,-10.3432,-10.3146,-10.2621,-9.96766,-9.89373,-9.85016,-9.81263,0.862007,0.895125,0.906165,0.950251,0.9481,0.964659,0.979068,0.877348,0.87957,0.901756,0.954659,0.946989,0.934982,0.9481,6.2526,6.23288,6.06685,0.073775,5.13783,5.47538,5.64656,6.25178,6.37767,6.4808,6.52393,6.50926,6.33731,5.99433,0.0817129,4.74515,5.4742,5.64626,6.2041,6.35863,6.4516,6.51399,10.5794,10.5591,10.522,0.041224,10.0278,10.2838,10.3122,10.5591,10.6976,10.7903,10.8311,10.8036,10.6432,10.4187,0.0592404,9.7428,9.98324,10.2804,10.5319,10.6437,10.7694,10.8078,6.52211,4.10498,5.90909,0.220279,3.80791,3.99789,4.68335,6.16322,7.02107,7.28291,8.20948,6.94815,6.88007,6.64963,0.15193,4.3893,5.82992,6.16906,6.64899,7.12559,7.32253,7.64046,11.0414,9.70142,10.8148,0.105806,9.69432,9.84754,10.3821,10.8955,11.2056,11.2267,11.9284,11.1173,10.9949,10.8303,0.0906767,9.72779,10.3066,10.6532,10.9206,11.07,11.1173,11.1832,-9999,-9999
202107,24.826,0.990591,22.997,1.362,1.0,25.952,2.592,0.985432,23.247,20.756,2.26,24.762,2.286,24.847,0.990591,22.997,1.362,1.0,25.985,2.6,0.985432,474.191,256.525,0.998656,93.43,255.565,0.998656,398.283,1.0,365.909,398.283,1.0,445.131,0.989247,401.514,445.037,0.989247,7.091,0.990591,7.886,7.124,0.990591,98.544,98.617,1.0,0.43,0.184,0.37164,2.082,1.83,0.999328,0.25682741056108443,0.9993279569892473,178.85429979718725,0.9979838709677419,475.7033092715053,1.0,18.865215588037636,1.0,29.908122120295697,1.0,444.7634559805107,1.0,418.759,1.0,22.663,1.0,38.974,1.0,6.59534,1.0,105.15,1.0,146.442,0.978252,19.2658,1.0,26.8315,0.49896,0.997984,1,18.1935,29.8065,18.1935,29.8065,-4.01854,-4.01854,0.963038,0.963038,0.118435,0.118435,0.194876,0.186033,-4.05846,-4.0153,0.969086,0.963038,0.105944,0.11504,0.187547,0.18389,-3.94794,-3.96309,0.963273,0.958048,0.0326736,0.0232459,-4.35905,-4.07954,-4.01854,-3.94949,-3.78681,-3.77003,-3.70166,-4.3366,-4.08939,-4.04091,-3.9791,-3.87646,-3.80247,-3.7424,0.914651,0.969086,0.963038,0.972446,0.989247,0.99328,0.988575,0.896505,0.934812,0.97043,0.920027,0.979839,0.979839,0.99328,6.83202,6.83202,1.01689,1.01689,0.989813,0.989813,0.126558,0.175353,0.327258,0.27656,-10.3944,-10.3944,9.93876,9.93876,0.945676,0.945676,0.144266,0.149464,0.438873,0.305258,6.62553,6.72453,1.09183,1.02478,0.988115,0.988115,0.120052,0.165581,0.324798,0.27047,-10.3355,-10.326,9.89385,9.92741,0.956799,0.946788,0.147176,0.147128,0.439838,0.304121,5.49948,6.45304,6.66178,6.83518,6.95462,7.05663,7.3656,6.57784,6.65373,6.77897,6.89238,7.05663,7.08146,7.39374,1.0,1.0,1.0,1.0,0.979626,0.933387,0.933387,0.988115,0.988115,0.988115,1.0,0.933387,0.965645,0.933387,-11.0695,-10.6168,-10.412,-10.2619,-10.0131,-9.7878,-9.62481,-11.0091,-10.6495,-10.5147,-10.3499,-10.2064,-10.1172,-9.94244,0.902616,0.915892,0.941226,0.962361,0.975709,0.989092,0.995551,0.896085,0.913668,0.922532,0.93143,0.965698,0.967923,0.980158,7.61465,7.61139,7.85899,0.0335836,7.40286,7.56502,7.7938,7.88492,8.00263,8.03621,8.09188,8.05108,7.8509,7.72013,0.0823321,6.69176,7.33847,7.50546,7.82655,7.99182,8.05108,8.16401,11.6068,11.6267,11.8221,0.0418925,11.4288,11.5144,11.6068,11.8696,11.9463,12.0469,12.1988,11.8575,11.9094,11.6681,0.0938683,10.709,11.1085,11.4955,11.6853,11.9002,12.0414,12.2233,7.86575,6.85786,7.63159,0.128151,6.41195,6.62957,6.9363,7.7273,7.99736,8.54995,8.89446,6.74277,7.10388,7.50446,0.192709,5.16827,6.30088,6.43934,7.61787,8.24039,8.84611,9.64318,11.6283,11.0624,11.4555,0.0720002,10.8012,11.0038,11.0617,11.4186,11.6283,11.953,12.1517,11.4055,11.1534,11.3355,0.117495,9.80109,10.5075,10.7524,11.4373,11.9422,12.1664,12.4086,-9999,-9999
202108,25.634,1.0,23.572,1.901,1.0,27.11,3.257,1.0,24.124,22.171,1.766,25.51,2.021,25.634,1.0,23.572,1.901,1.0,27.11,3.257,1.0,429.882,245.801,1.0,80.725,245.801,1.0,399.62,1.0,378.317,399.62,1.0,448.259,1.0,420.423,448.259,1.0,10.055,1.0,7.729,10.055,1.0,98.546,98.547,1.0,1.142,0.456,0.946237,2.166,2.06,0.893817,0.28107089805462077,0.8938172043010753,168.2424384872312,1.0,456.1701190262097,1.0,19.05194690994624,1.0,27.481639129704302,1.0,448.91251771975794,1.0,405.165,0.984543,23.405,1.0,25.169,1.0,4.33444,1.0,98.0852,0.984543,125.699,0.916902,29.713,0.984543,38.0782,0.623729,0.984543,1,19.9355,28.0645,19.9355,28.0323,-3.11225,-3.11225,0.938172,0.938172,0.0916754,0.0916754,0.22647,0.231854,-2.92836,-3.09999,0.954301,0.941532,0.0884921,0.0917121,0.2252,0.231869,-3.08952,-3.08815,0.941583,0.933703,0.0263707,0.0283656,-3.32498,-3.29596,-3.27253,-3.10242,-2.96435,-2.8818,-2.85282,-3.33038,-3.30601,-3.27635,-3.09999,-2.93025,-2.88009,-2.86654,0.893817,0.909274,0.906586,0.976478,0.96371,0.961022,0.960349,0.893817,0.905914,0.903898,0.941532,0.954301,0.960349,0.960349,4.631,4.631,0.904214,0.904214,0.946079,0.946079,0.0965203,0.102205,0.377214,0.386805,-8.38339,-8.38339,8.01654,8.01654,0.93195,0.93195,0.130427,0.132511,0.165908,0.161443,4.93342,4.64852,1.10425,0.914029,0.966452,0.946079,0.0937731,0.10281,0.37652,0.386965,-8.28564,-8.37528,8.19871,8.03839,0.945872,0.937673,0.129789,0.132344,0.165407,0.161306,4.21871,4.26901,4.33675,4.61149,4.87183,4.99832,5.06087,4.21871,4.25221,4.29445,4.64852,4.93243,4.99832,5.03748,0.887165,0.885629,0.991511,0.946079,0.966452,0.981733,0.978337,0.887165,0.880374,0.885629,0.946079,0.966452,0.981733,0.978337,-8.55262,-8.43823,-8.39151,-8.31883,-8.24669,-8.23315,-8.17934,-8.56162,-8.43409,-8.39151,-8.35481,-8.27777,-8.24965,-8.24354,0.894917,0.926226,0.91778,0.944759,0.948136,0.961976,0.969805,0.894917,0.924949,0.91778,0.928533,0.959629,0.946984,0.958556,4.8981,4.89641,4.7263,0.0543552,4.10911,4.25045,4.32915,4.82534,5.02909,5.09673,5.11727,5.18095,5.04121,4.71133,0.0485801,4.17365,4.29468,4.57465,4.73131,4.88356,5.03432,5.17185,7.99808,7.9964,7.81445,0.032818,7.42501,7.52931,7.64748,7.91649,7.98191,7.99808,8.02842,8.03378,7.96957,7.80085,0.0300385,7.44618,7.55758,7.67706,7.80665,7.98982,7.9975,8.03378,6.13006,6.90322,6.12593,0.0729929,5.28124,5.69053,5.87735,6.08429,6.40443,6.6034,6.80626,6.08429,6.01788,5.96966,0.0926808,4.99319,5.2397,5.53273,5.99104,6.26597,6.48651,7.08563,8.63929,8.97109,8.57514,0.0394743,8.10197,8.30843,8.37488,8.57911,8.71475,8.83855,8.95041,8.36163,8.62846,8.50473,0.0486831,7.99833,8.20645,8.28547,8.48817,8.62766,8.79984,9.13479,-9999,-9999
202109,22.785,1.0,20.883,2.528,1.0,24.461,3.878,1.0,21.208,19.47,1.87,22.719,1.886,22.785,1.0,20.883,2.528,1.0,24.461,3.878,1.0,360.463,215.811,1.0,52.137,215.811,1.0,368.493,1.0,372.704,368.493,1.0,407.81,1.0,411.87,407.81,1.0,10.852,1.0,6.962,10.852,1.0,98.557,98.522,1.0,6.779,2.777,1.0,2.153,2.492,0.997917,0.3317612761364221,0.9979166666666667,128.72136785972222,1.0,397.26808301458334,1.0,17.898328920833332,1.0,24.28906954583333,1.0,430.26841382083325,1.0,415.502,1.0,20.966,1.0,22.983,1.0,0.108072,1.0,62.4553,1.0,81.4423,0.795016,36.1738,1.0,47.171,0.793617,1.0,1,22.3667,25.6333,22.3333,25.6,-0.977946,-0.977946,0.975,0.975,0.0748249,0.0748249,0.0888742,0.0872181,-1.04286,-0.976632,0.979861,0.974306,0.0752374,0.0746461,0.0892218,0.0870647,-1.01486,-1.01189,0.976319,0.973628,0.00840331,0.00682852,-1.13254,-1.06145,-1.03538,-1.01062,-0.977946,-0.965532,-0.949361,-1.09591,-1.05804,-1.05051,-1.00728,-0.976411,-0.968417,-0.958746,0.921528,0.978472,0.995833,0.9625,0.975,0.975694,0.988194,0.958333,0.958333,0.960417,0.984028,0.971528,0.974306,0.971528,4.18514,4.18514,0.975889,0.975889,0.983965,0.983965,0.068441,0.0680142,0.158679,0.120796,-5.43091,-5.43091,5.70818,5.70818,0.967771,0.967771,0.121539,0.121218,0.169162,0.141324,4.04967,4.16816,0.980553,0.957473,0.990025,0.983965,0.0690445,0.0679923,0.15894,0.120784,-5.432,-5.4136,5.74208,5.71386,0.97151,0.966168,0.121658,0.120868,0.169248,0.141024,3.78684,3.89174,4.00042,4.04761,4.15922,4.17806,4.24274,3.9584,4.03247,4.04069,4.06414,4.16928,4.23213,4.24274,1.0,0.99697,0.99697,0.990025,0.980934,0.983965,0.980934,0.99697,0.992803,0.978157,0.978157,0.980934,0.980934,0.980934,-5.57653,-5.49302,-5.47262,-5.41148,-5.26899,-5.2577,-5.22728,-5.56665,-5.49037,-5.47394,-5.44239,-5.39381,-5.34506,-5.25975,0.934817,0.953811,0.963925,0.966168,0.98712,0.980603,0.99359,0.936206,0.953811,0.963925,0.94632,0.975415,0.978086,0.980603,4.07234,4.0535,4.04712,0.00698202,3.97776,3.98764,4.03275,4.04521,4.06466,4.07867,4.1202,4.064,4.0498,4.02694,0.0145733,3.9037,3.94563,3.97823,4.04095,4.06493,4.07016,4.13204,5.04075,5.03013,5.05902,0.00713447,4.98608,5.02431,5.03622,5.05249,5.08523,5.09365,5.10767,5.05415,5.09266,5.04181,0.0127933,4.93201,4.96324,4.98959,5.04273,5.08523,5.09365,5.10845,3.44203,2.79852,3.07245,0.0494518,2.47305,2.71674,2.7997,3.07919,3.39199,3.42055,3.44203,2.41616,3.39405,3.06293,0.054417,2.41616,2.65681,2.80355,3.05241,3.3974,3.4283,3.49944,4.95495,4.67017,4.78714,0.020739,4.56132,4.64338,4.67352,4.77269,4.92461,4.94206,4.95495,4.56133,4.93261,4.76832,0.0235058,4.54284,4.59542,4.67352,4.76882,4.86008,4.94229,4.95787,-9999,-9999
202110,15.833,1.0,14.765,2.117,1.0,16.982,2.779,1.0,15.375,13.807,1.924,17.05,1.788,15.833,1.0,14.765,2.117,1.0,16.982,2.779,1.0,278.149,118.923,1.0,34.959,118.923,1.0,349.968,1.0,347.434,349.968,1.0,370.572,1.0,373.36,370.572,1.0,4.483,1.0,6.182,4.483,1.0,98.566,98.32,1.0,12.925,9.795,0.855511,1.847,2.644,0.990591,0.3649480540233385,0.9905913978494625,62.51985871034946,1.0,219.85400492809146,1.0,11.042672046370969,1.0,13.387275801075267,1.0,392.05944894690845,1.0,426.638,1.0,16.418,1.0,28.043,1.0,-4.33154,1.0,35.4059,0.998656,54.8771,0.518273,7.71575,0.998656,11.959,0.580863,0.998656,1,24.871,23.129,24.871,23.129,-0.179004,-0.179004,0.979167,0.979167,0.0604485,0.0604485,0.0897038,0.0908796,-0.128628,-0.148176,0.989247,0.981855,0.0602308,0.0601654,0.0895572,0.0906915,-0.194567,-0.206742,0.984845,0.982846,0.0104548,0.0116212,-0.381875,-0.278779,-0.218988,-0.173613,-0.156818,-0.146224,-0.127934,-0.381875,-0.283128,-0.27452,-0.182838,-0.157917,-0.147406,-0.127049,0.966398,0.974462,0.977823,0.995296,0.991263,0.989247,0.989247,0.966398,0.974462,0.973118,0.992608,0.992608,0.981855,0.989247,2.91474,2.91474,0.856205,0.856205,0.978548,0.978548,0.0521441,0.0527366,0.105626,0.107882,-3.44224,-3.44224,4.55403,4.55403,0.979419,0.979419,0.106082,0.106763,0.113487,0.115533,3.00165,2.96183,0.84763,0.854117,0.996022,0.982581,0.0525892,0.0521202,0.105846,0.107583,-3.43272,-3.43038,4.57476,4.56611,0.982107,0.980763,0.106354,0.106473,0.113742,0.115265,2.63594,2.78242,2.88058,2.92017,2.95761,2.96614,2.98915,2.63594,2.77361,2.80196,2.91273,2.95348,2.96183,3.00316,0.970645,0.978548,0.978548,0.99871,0.99871,0.996022,0.994677,0.970645,0.977204,0.977204,0.99871,0.99871,0.982581,0.996022,-3.55415,-3.50722,-3.48427,-3.44847,-3.42884,-3.42658,-3.4172,-3.55953,-3.51518,-3.50072,-3.45481,-3.43106,-3.42687,-3.42318,0.961399,0.97392,0.976731,0.982107,0.980763,0.983451,0.982107,0.971296,0.971232,0.971232,0.989008,0.982107,0.986262,0.982107,3.31059,3.27824,3.14122,0.0198898,2.78749,3.06186,3.07208,3.16223,3.22752,3.25058,3.27824,3.16981,3.25606,3.13391,0.0184091,2.78749,3.06534,3.08481,3.14684,3.2016,3.24738,3.26149,3.43137,3.42642,3.34797,0.0114379,3.16838,3.29623,3.32382,3.34526,3.38649,3.43137,3.44201,3.32663,3.38469,3.32848,0.0124355,3.16885,3.2502,3.29674,3.32509,3.37375,3.42827,3.4405,3.76785,3.7267,3.36367,0.0390097,3.02085,3.10057,3.1718,3.2746,3.54309,3.70653,3.76785,3.08395,3.6168,3.2701,0.0395865,2.91231,2.99941,3.0769,3.2486,3.47115,3.54373,3.71755,3.42813,3.39891,3.28847,0.0170248,3.11413,3.16618,3.18509,3.29154,3.36743,3.39873,3.43278,3.14117,3.3508,3.23292,0.0201825,2.96041,3.07979,3.14117,3.24114,3.33205,3.36733,3.40832,-9999,-9999
202111,8.652,1.0,7.755,3.2,1.0,9.822,3.428,1.0,8.492,7.397,1.681,9.921,1.626,8.652,1.0,7.755,3.2,1.0,9.822,3.428,1.0,205.728,116.839,1.0,21.477,116.839,1.0,291.76,1.0,311.33,291.76,1.0,292.88,1.0,318.34,292.88,1.0,5.565,1.0,6.057,5.565,1.0,98.547,98.918,1.0,5.056,0.027,0.994444,2.648,2.821,1.0,0.3771134875,1.0,40.06553787638889,1.0,209.7436112090278,1.0,14.334040289583333,1.0,13.879024268055556,1.0,353.3635473041666,1.0,423.781,0.998611,9.378,1.0,33.794,1.0,-7.35961,1.0,13.2733,1.0,16.4234,0.273008,25.0553,1.0,31.0017,0.771667,1.0,1,27.2333,20.7667,27.2333,20.7667,0.926193,0.926193,0.971528,0.971528,0.0338004,0.0338004,0.0417691,0.0383617,0.925169,0.942911,0.972222,0.971528,0.0363491,0.0361724,0.0438571,0.0404672,0.921436,0.932344,0.970052,0.969201,0.00443677,0.00304159,0.882757,0.895247,0.906329,0.922182,0.933944,0.944326,0.95916,0.904324,0.91417,0.918716,0.928178,0.942173,0.950456,0.97554,0.990972,0.979861,0.907639,0.974306,0.972222,0.972222,0.970833,0.907639,0.976389,0.972222,0.965278,0.971528,0.972222,0.968056,1.64182,1.64182,0.483425,0.483425,0.980769,0.980769,0.0300051,0.0297528,0.049426,0.0404784,-0.0769314,-0.0769314,2.02735,2.02735,0.961602,0.961602,0.0708001,0.0644287,0.0778719,0.0731504,1.61966,1.63311,0.50362,0.487808,0.980769,0.980769,0.0299871,0.0296688,0.049415,0.0404167,-0.0534235,-0.0310606,2.09526,2.0923,0.963117,0.961602,0.0707709,0.0705522,0.0778454,0.0785973,1.53086,1.58773,1.60733,1.62529,1.65609,1.66628,1.67113,1.60518,1.61167,1.62118,1.6368,1.66556,1.66656,1.6785,0.992857,0.984432,0.980769,0.984432,0.979535,0.979535,0.980769,0.980769,0.984432,0.98315,0.980769,0.979535,0.980769,0.980769,-0.122762,-0.102507,-0.0769774,-0.0676329,-0.0429075,-0.0376569,-0.0310606,-0.128445,-0.106934,-0.0785763,-0.058156,-0.0414216,-0.0376543,-0.0306739,0.947229,0.947229,0.975534,0.952071,0.963117,0.959935,0.961602,0.947229,0.947229,0.975534,0.964632,0.963117,0.959935,0.963117,1.78079,1.77749,1.77131,0.00447837,1.72215,1.73307,1.75419,1.77749,1.7924,1.79874,1.80714,1.74514,1.7585,1.74705,0.00910933,1.634,1.69263,1.72245,1.75948,1.7883,1.79284,1.80134,0.835556,0.834578,0.838965,0.00328257,0.805207,0.816901,0.826425,0.834578,0.852898,0.857647,0.870423,0.826425,0.833327,0.82561,0.00546615,0.751243,0.803918,0.807216,0.831282,0.845409,0.856737,0.8677,1.22125,1.2616,1.35565,0.0356335,1.17819,1.19812,1.21262,1.25741,1.43313,1.57054,1.59304,1.23866,1.23854,1.31666,0.0343485,1.16766,1.18191,1.19549,1.23631,1.33752,1.43297,1.58442,0.653817,0.683256,0.709386,0.0133721,0.632547,0.642171,0.649926,0.683256,0.751184,0.772388,0.797689,0.653945,0.66336,0.692659,0.0131176,0.632149,0.637159,0.638148,0.661631,0.708653,0.769,0.792929,-9999,-9999
202112,7.837,1.0,7.098,3.237,1.0,8.879,3.078,1.0,8.016,6.902,1.942,9.614,1.883,7.837,1.0,7.098,3.237,1.0,8.879,3.078,1.0,170.321,88.329,1.0,18.816,88.329,1.0,293.465,1.0,306.428,293.465,1.0,294.045,1.0,310.869,294.045,1.0,4.469,1.0,5.951,4.469,1.0,98.571,98.3,1.0,1.737,0.042,1.0,2.47,3.195,1.0,0.4340152399193549,1.0,19.257254851478493,1.0,160.08598802284945,1.0,11.991721452956993,1.0,10.932054500672045,1.0,350.2455901908602,1.0,427.901,1.0,7.887,1.0,33.888,1.0,-4.53044,1.0,6.33764,1.0,7.89147,0.189988,12.7663,1.0,15.8962,0.616234,1.0,1,28.2581,19.7419,28.2581,19.6774,0.598335,0.598335,0.99328,0.99328,0.0224934,0.0224934,0.0232277,0.0231035,0.605008,0.604194,0.99328,0.99328,0.0227112,0.0226115,0.0234387,0.0232185,0.598722,0.602267,0.993515,0.992272,0.00191268,0.00125855,0.575526,0.593848,0.59708,0.599856,0.603817,0.605436,0.614703,0.58785,0.596751,0.598335,0.601549,0.605388,0.6073,0.615117,0.983199,0.997312,0.997984,0.99328,0.99328,0.990591,0.987903,0.987903,0.987903,0.99328,0.99328,0.99328,0.987903,0.990591,1.09776,1.09776,0.510716,0.510716,0.995392,0.995392,0.0235555,0.0237375,0.026693,0.0260649,-0.168273,-0.168273,1.40606,1.40606,0.990323,0.990323,0.041289,0.0403257,0.0420971,0.0420202,1.09831,1.10398,0.533828,0.515251,0.995392,0.995392,0.0235067,0.0236079,0.0266499,0.0259469,-0.153038,-0.163351,1.42546,1.41447,0.990323,0.990323,0.0412665,0.0408434,0.042075,0.0425172,1.03977,1.08101,1.08469,1.09388,1.10219,1.10612,1.11517,1.07885,1.08702,1.09076,1.09554,1.10398,1.10855,1.11836,0.993088,1.0,1.0,1.0,0.995392,0.995392,0.995392,1.0,0.993088,0.995392,0.995392,0.995392,0.995392,0.995392,-0.176071,-0.168273,-0.161248,-0.157187,-0.152053,-0.151855,-0.138244,-0.176071,-0.17535,-0.16621,-0.155307,-0.151921,-0.151725,-0.149933,0.985484,0.990323,0.98056,0.993548,0.982173,0.990323,0.995161,0.985484,0.978947,0.98056,0.98056,0.990323,0.98056,0.990323,1.1634,1.16102,1.15475,0.00159019,1.13249,1.14604,1.14844,1.15473,1.15933,1.1634,1.17156,1.14808,1.1565,1.15202,0.00480874,1.11487,1.14248,1.14557,1.15154,1.15947,1.16501,1.17787,0.552594,0.556823,0.552484,0.000780071,0.544644,0.547031,0.548234,0.552021,0.555981,0.558123,0.558846,0.547517,0.551496,0.553295,0.00358883,0.539345,0.544498,0.547517,0.551722,0.555923,0.558481,0.572776,0.967717,1.01842,1.0411,0.00547382,0.967717,1.01806,1.02582,1.03459,1.05521,1.07748,1.10246,1.0269,1.02616,1.0346,0.00541402,0.968111,0.998086,1.01448,1.03115,1.0506,1.07425,1.09269,0.504868,0.522626,0.539981,0.00310178,0.504391,0.519991,0.521218,0.55034,0.555486,0.557207,0.559813,0.520265,0.520448,0.530305,0.00386226,0.490975,0.496667,0.506122,0.535165,0.554812,0.555867,0.559813,-9999,-9999
