# Monthly output values extracted from ELM simulation
# Source file: tmpgy1mq50u.nc
# Years: 2001 - 2010
#
# Variables:
#   GPP: gross primary production (monthly sum, gC/m2/month)
#   NPP: net primary production (monthly sum, gC/m2/month)
#   ER: total ecosystem respiration, autotrophic + heterotrophic (monthly sum, gC/m2/month)
#   NEE: net ecosystem exchange of carbon, includes fire, landuse, harvest, and hrv_xsmrpool flux, positive for source (monthly sum, gC/m2/month)
#   NBP: net biome production, includes fire, landuse, and harvest flux, positive for sink (monthly mean, gC/m^2/s)
#   NEP: net ecosystem production, excludes fire, landuse, and harvest flux, positive for sink (monthly mean, gC/m^2/s)
#   HR: total heterotrophic respiration (monthly sum, gC/m2/month)
#   FSH: sensible heat (monthly mean, W/m^2)
#   EFLX_LH_TOT: total latent heat flux [+ to atm] (monthly mean, W/m^2)
#   FPSN: photosynthesis (mean daily flux, umol/m2/day)
#   TOTSOMC: total soil organic matter carbon (monthly mean, gC/m^2)
#   TOTVEGC: total vegetation carbon, excluding cpool (monthly mean, gC/m^2)
#   TOTECOSYSC: total ecosystem carbon, incl veg but excl cpool but excl product pools (monthly mean, gC/m^2)
#
Year	Month	GPP	NPP	ER	NEE	NBP	NEP	HR	FSH	EFLX_LH_TOT	FPSN	TOTSOMC	TOTVEGC	TOTECOSYSC
2001	01	0.000000	-3.295745	3.458685	6.848358	-0.000003	-0.000001	0.162941	-0.312569	-3.462936	0.000000	57169.167969	17624.365234	83175.976562
2001	01	0.000000	-5.123741	5.282465	8.672296	-0.000003	-0.000002	0.158724	-7.637157	-4.188991	0.000000	57169.164062	17623.023438	83175.703125
2001	01	0.000000	-5.142596	5.298309	8.688146	-0.000003	-0.000002	0.155714	-5.377026	-7.378432	0.000000	57169.160156	17621.658203	83175.390625
2001	01	0.000000	-5.664585	5.818759	9.208600	-0.000003	-0.000002	0.154174	-5.299460	-1.451943	0.000000	57169.160156	17620.298828	83175.093750
2001	01	0.000000	-6.211373	6.364823	9.754665	-0.000004	-0.000002	0.153450	-20.866270	-5.894921	0.000000	57169.156250	17618.919922	83174.765625
2001	01	0.000000	-5.333682	5.487353	8.877197	-0.000003	-0.000002	0.153671	-14.081774	-7.114807	0.000000	57169.156250	17617.554688	83174.460938
2001	01	0.000000	-6.383304	6.537685	9.927531	-0.000004	-0.000002	0.154381	-7.756682	-3.026642	0.000000	57169.156250	17616.179688	83174.140625
2001	01	0.000000	-5.213001	5.368420	8.758266	-0.000003	-0.000002	0.155419	-9.570277	-6.723606	0.000000	57169.152344	17614.806641	83173.820312
2001	01	0.000000	-4.704097	4.860494	8.250347	-0.000003	-0.000002	0.156397	-7.361528	-2.007571	0.000000	57169.152344	17613.462891	83173.539062
2001	01	0.000000	-5.815733	5.972799	9.362655	-0.000003	-0.000002	0.157065	-24.514244	-8.504472	0.000000	57169.148438	17612.105469	83173.234375
2001	01	0.000000	-5.038496	5.196249	8.586107	-0.000003	-0.000002	0.157752	-5.512005	-7.620064	0.000000	57169.148438	17610.744141	83172.929688
2001	01	0.000000	-5.427392	5.585827	8.975689	-0.000003	-0.000002	0.158436	1.943989	-2.729847	0.000000	57169.144531	17609.388672	83172.625000
2001	01	0.000000	-4.514963	4.674004	8.063870	-0.000003	-0.000002	0.159041	0.572554	-1.694171	0.000000	57169.144531	17608.042969	83172.335938
2001	01	0.000000	-4.103800	4.263275	7.653146	-0.000003	-0.000002	0.159475	1.269365	-6.091748	0.000000	57169.140625	17606.705078	83172.054688
2001	01	0.000000	-4.316826	4.476448	7.866325	-0.000003	-0.000002	0.159621	1.177674	-0.883441	0.000000	57169.140625	17605.378906	83171.781250
2001	01	0.000000	-4.663536	4.823160	8.213040	-0.000003	-0.000002	0.159623	14.107493	-4.677577	0.000000	57169.136719	17604.033203	83171.492188
2001	01	0.000000	-4.292995	4.452724	7.842611	-0.000003	-0.000002	0.159729	0.895773	0.591860	0.000000	57169.136719	17602.708984	83171.226562
2001	01	0.000000	-6.359919	6.519661	9.909549	-0.000004	-0.000002	0.159743	-18.772532	-7.066402	0.000000	57169.132812	17601.349609	83170.921875
2001	01	0.000000	-4.624861	4.785046	8.174932	-0.000003	-0.000002	0.160185	-0.672509	-8.543196	0.000000	57169.132812	17599.994141	83170.617188
2001	01	0.000000	-5.058017	5.218696	8.608584	-0.000003	-0.000002	0.160679	-7.054565	-4.000254	0.000000	57169.128906	17598.656250	83170.335938
2001	01	0.000000	-5.313960	5.474987	8.864876	-0.000003	-0.000002	0.161026	-2.482211	-1.903683	0.000000	57169.128906	17597.308594	83170.039062
2001	01	0.000000	-5.615086	5.776510	9.166399	-0.000003	-0.000002	0.161424	-3.938932	1.988844	0.000000	57169.125000	17595.957031	83169.742188
2001	01	0.000000	-5.452096	5.614017	9.003904	-0.000003	-0.000002	0.161922	-14.557398	-6.548536	0.000000	57169.125000	17594.593750	83169.437500
2001	01	0.000000	-4.513584	4.676069	8.065956	-0.000003	-0.000002	0.162485	-0.235689	-8.433181	0.000000	57169.121094	17593.250000	83169.148438
2001	01	0.000000	-4.238120	4.400907	7.790799	-0.000003	-0.000002	0.162787	-3.420356	-0.672690	0.000000	57169.121094	17591.929688	83168.882812
2001	01	0.000000	-4.678988	4.841707	8.231600	-0.000003	-0.000002	0.162720	-0.547028	-1.463185	0.000000	57169.117188	17590.595703	83168.601562
2001	01	0.000000	-4.196155	4.358826	7.748722	-0.000003	-0.000002	0.162672	2.149163	-4.192933	0.000000	57169.117188	17589.265625	83168.328125
2001	01	0.000000	-4.630151	4.792749	8.182647	-0.000003	-0.000002	0.162598	1.232633	-1.098523	0.000000	57169.113281	17587.937500	83168.054688
2001	01	0.000000	-5.406022	5.568564	8.958462	-0.000003	-0.000002	0.162543	1.540076	0.430838	0.000000	57169.113281	17586.597656	83167.765625
2001	01	0.000000	-4.972329	5.135037	8.524933	-0.000003	-0.000002	0.162708	6.929011	1.524382	0.000000	57169.109375	17585.251953	83167.476562
2001	01	0.000000	-5.224933	5.387933	8.777827	-0.000003	-0.000002	0.163001	2.557106	1.881153	0.000000	57169.109375	17583.912109	83167.187500
2001	02	0.000000	-3.948843	4.096335	7.158174	-0.000003	-0.000002	0.147492	17.879282	-4.948073	0.000000	57169.105469	17582.568359	83166.898438
2001	02	0.000000	-3.021273	3.168928	6.230770	-0.000003	-0.000001	0.147655	6.750188	-0.492558	0.000000	57169.105469	17581.263672	83166.648438
2001	02	0.000000	-4.006828	4.154238	7.216082	-0.000003	-0.000002	0.147409	-5.429266	-3.048715	0.000000	57169.101562	17579.947266	83166.382812
2001	02	0.000000	-5.050974	5.198127	8.259970	-0.000003	-0.000002	0.147153	-4.113188	-1.673246	0.000000	57169.101562	17578.609375	83166.101562
2001	02	0.000000	-4.802113	4.949332	8.011169	-0.000003	-0.000002	0.147219	-8.313831	-5.288987	0.000000	57169.097656	17577.257812	83165.804688
2001	02	0.000000	-3.898041	4.045600	7.107437	-0.000003	-0.000002	0.147560	-0.947337	-3.121317	0.000000	57169.097656	17575.927734	83165.523438
2001	02	0.000000	-3.008271	3.156155	6.217993	-0.000003	-0.000001	0.147884	7.955104	-3.818940	0.000000	57169.093750	17574.617188	83165.265625
2001	02	0.000000	-2.667556	2.815535	5.877378	-0.000002	-0.000001	0.147979	17.343246	-2.098599	0.000000	57169.093750	17573.322266	83165.023438
2001	02	0.000000	-2.929608	3.077411	6.139258	-0.000003	-0.000001	0.147803	9.975894	0.293057	0.000000	57169.089844	17572.029297	83164.781250
2001	02	0.000000	-3.061458	3.208982	6.270832	-0.000003	-0.000001	0.147524	11.121745	-1.829627	0.000000	57169.089844	17570.730469	83164.539062
2001	02	0.000000	-2.838373	2.985675	6.047527	-0.000003	-0.000001	0.147302	8.682177	-1.419245	0.000000	57169.085938	17569.433594	83164.296875
2001	02	0.000000	-2.715314	2.862453	5.924307	-0.000002	-0.000001	0.147139	27.772095	-1.144823	0.000000	57169.085938	17568.144531	83164.054688
2001	02	0.000000	-2.999815	3.146774	6.208631	-0.000003	-0.000001	0.146959	23.558859	2.327930	0.000000	57169.082031	17566.853516	83163.820312
2001	02	0.000000	-2.914879	3.061667	6.123525	-0.000003	-0.000001	0.146788	12.846025	-0.569043	0.000000	57169.082031	17565.556641	83163.578125
2001	02	0.000000	-3.477356	3.624021	6.685880	-0.000003	-0.000001	0.146664	4.172438	1.856063	0.000000	57169.078125	17564.263672	83163.335938
2001	02	0.000000	-3.504909	3.651470	6.713327	-0.000003	-0.000002	0.146561	11.117651	-4.651902	0.000000	57169.078125	17562.951172	83163.070312
2001	02	0.000000	-3.107624	3.254185	6.316041	-0.000003	-0.000001	0.146561	13.249179	-0.766046	0.000000	57169.074219	17561.654297	83162.828125
2001	02	0.000000	-3.243881	3.390493	6.452349	-0.000003	-0.000001	0.146612	9.081484	0.540435	0.000000	57169.074219	17560.359375	83162.585938
2001	02	0.000000	-3.112346	3.258996	6.320851	-0.000003	-0.000001	0.146650	17.671228	0.897585	0.000000	57169.070312	17559.062500	83162.343750
2001	02	0.000000	-2.947098	3.093750	6.155606	-0.000003	-0.000001	0.146652	17.141665	0.794926	0.000000	57169.070312	17557.771484	83162.101562
2001	02	0.000000	-2.587538	2.734142	5.795998	-0.000002	-0.000001	0.146605	24.020752	-2.348182	0.000000	57169.066406	17556.482422	83161.867188
2001	02	0.000000	-2.909850	3.056311	6.118167	-0.000003	-0.000001	0.146461	21.916336	5.031293	0.000000	57169.066406	17555.205078	83161.640625
2001	02	0.000000	-2.933691	3.079927	6.141782	-0.000003	-0.000001	0.146236	19.795692	-0.106390	0.000000	57169.062500	17553.912109	83161.398438
2001	02	0.000000	-2.892866	3.038892	6.100747	-0.000003	-0.000001	0.146025	23.649504	4.046590	0.000000	57169.062500	17552.630859	83161.171875
2001	02	0.000000	-3.124952	3.270786	6.332639	-0.000003	-0.000001	0.145834	26.660591	1.085468	0.000000	57169.058594	17551.337891	83160.929688
2001	02	0.000000	-2.716833	2.862520	5.924372	-0.000002	-0.000001	0.145687	29.736223	2.946266	0.000000	57169.058594	17550.054688	83160.695312
2001	02	0.000000	-2.921475	3.067077	6.128927	-0.000003	-0.000001	0.145602	29.453661	1.914428	0.000000	57169.058594	17548.771484	83160.460938
2001	02	0.000000	-3.448156	3.593691	6.655540	-0.000003	-0.000001	0.145536	20.078922	8.354118	0.000000	57169.054688	17547.486328	83160.234375
2001	03	0.000000	-5.209748	5.370841	8.760736	-0.000003	-0.000002	0.161093	3.536654	4.300632	0.000000	57169.054688	17546.169922	83159.968750
2001	03	0.000000	-5.698792	5.860041	9.249926	-0.000003	-0.000002	0.161249	-5.631630	-1.491713	0.000000	57169.050781	17544.837891	83159.687500
2001	03	0.000000	-5.457884	5.619645	9.009518	-0.000003	-0.000002	0.161760	2.857044	1.230991	0.000000	57169.050781	17543.505859	83159.406250
2001	03	0.000000	-6.095702	6.258410	9.648271	-0.000004	-0.000002	0.162708	5.380920	5.903014	0.000000	57169.046875	17542.160156	83159.109375
2001	03	0.000000	-5.647053	5.810934	9.200783	-0.000003	-0.000002	0.163882	6.999927	5.586768	0.000000	57169.046875	17540.818359	83158.820312
2001	03	0.000000	-5.706129	5.870883	9.260719	-0.000003	-0.000002	0.164753	11.246705	8.236886	0.000000	57169.042969	17539.480469	83158.531250
2001	03	0.000000	-6.275368	6.440718	9.830543	-0.000004	-0.000002	0.165349	2.841671	3.990089	0.000000	57169.042969	17538.134766	83158.234375
2001	03	0.000000	-5.655774	5.821774	9.211588	-0.000003	-0.000002	0.166001	0.187176	2.187706	0.000000	57169.039062	17536.791016	83157.945312
2001	03	0.000000	-6.049367	6.982183	10.371983	-0.000004	-0.000003	0.932815	-6.551004	-3.227434	0.000000	57169.039062	17535.449219	83157.648438
2001	03	0.000000	-6.332432	28.951344	32.341129	-0.000012	-0.000011	22.618912	9.106785	22.740438	0.000000	57169.687500	17534.091797	83156.804688
2001	03	0.000000	-5.107844	7.179606	10.569382	-0.000004	-0.000003	2.071763	11.192719	13.154153	0.000000	57169.914062	17532.753906	83156.265625
2001	03	0.000000	-6.077035	7.815849	11.205615	-0.000004	-0.000003	1.738813	-2.003289	1.676231	0.000000	57169.925781	17531.417969	83155.937500
2001	03	0.000000	-6.577706	10.338793	13.728544	-0.000005	-0.000004	3.761086	-0.418218	7.948645	0.000000	57169.945312	17530.060547	83155.539062
2001	03	0.000000	-6.270200	10.362530	13.752270	-0.000005	-0.000004	4.092331	-6.084606	1.593006	0.000000	57169.972656	17528.703125	83155.101562
2001	03	0.000000	-6.165533	10.202949	13.592674	-0.000005	-0.000004	4.037415	-0.722975	6.945762	0.000000	57170.003906	17527.351562	83154.671875
2001	03	0.000000	-6.139361	9.432849	12.822562	-0.000005	-0.000004	3.293488	2.510231	5.630717	0.000000	57170.027344	17526.000000	83154.265625
2001	03	0.000000	-6.583250	10.255640	13.645339	-0.000005	-0.000004	3.672390	4.370304	6.367445	0.000000	57170.050781	17524.640625	83153.851562
2001	03	0.000000	-6.555336	9.426139	12.815825	-0.000005	-0.000004	2.870804	-1.334764	1.749302	0.000000	57170.074219	17523.279297	83153.445312
2001	03	0.000000	-6.761017	10.289127	13.678799	-0.000005	-0.000004	3.528111	2.588569	5.038943	0.000000	57170.097656	17521.914062	83153.031250
2001	03	0.000000	-6.725245	9.587811	12.977468	-0.000005	-0.000004	2.862566	-1.356303	1.967190	0.000000	57170.121094	17520.548828	83152.609375
2001	03	0.000000	-6.970550	11.099663	14.489305	-0.000005	-0.000004	4.129113	0.591752	35.675705	0.000000	57170.144531	17519.175781	83152.179688
2001	03	0.000000	-6.434554	9.688961	13.078588	-0.000005	-0.000004	3.254407	29.660101	34.075733	0.000000	57170.171875	17517.812500	83151.750000
2001	03	0.000000	-5.756443	7.853287	11.242905	-0.000004	-0.000003	2.096844	66.638321	70.223579	0.000000	57170.191406	17516.457031	83151.359375
2001	03	0.000000	-4.663650	5.101764	8.491372	-0.000003	-0.000002	0.438114	73.806564	55.233650	0.000000	57170.199219	17515.121094	83151.046875
2001	03	0.000000	-4.532771	4.704569	8.094172	-0.000003	-0.000002	0.171798	39.814640	28.601286	0.000000	57170.199219	17513.804688	83150.773438
2001	03	0.000000	-4.853737	5.022493	8.412088	-0.000003	-0.000002	0.168756	26.770229	36.025681	0.000000	57170.195312	17512.482422	83150.500000
2001	03	0.000000	-5.352382	5.518991	8.908579	-0.000003	-0.000002	0.166609	11.843516	19.306038	0.000000	57170.195312	17511.148438	83150.218750
2001	03	0.000000	-6.463634	6.670425	10.060000	-0.000004	-0.000002	0.206791	1.427282	4.712174	0.000000	57170.195312	17509.798828	83149.914062
2001	03	0.000000	-6.203161	7.926226	11.315789	-0.000004	-0.000003	1.723066	4.922330	6.603699	0.000000	57170.207031	17508.443359	83149.593750
2001	03	0.000000	-6.728303	10.673392	14.062943	-0.000005	-0.000004	3.945089	5.129538	29.482594	0.000000	57170.246094	17507.076172	83149.179688
2001	03	0.000000	-6.339025	10.079054	13.468590	-0.000005	-0.000004	3.740029	20.857983	36.582836	0.000000	57170.273438	17505.716797	83148.750000
2001	04	0.000000	-6.068717	12.113039	15.393222	-0.000006	-0.000005	6.044321	38.876324	34.678360	0.000000	57170.308594	17504.357422	83148.312500
2001	04	0.000000	-6.059956	22.793823	26.073992	-0.000010	-0.000009	16.733868	23.252827	38.461891	0.000000	57170.636719	17502.998047	83147.617188
2001	04	0.000000	-6.197236	17.995979	21.276136	-0.000008	-0.000007	11.798743	14.842041	39.702381	0.000000	57171.140625	17501.638672	83146.750000
2001	04	0.000000	-6.169566	13.317376	16.597521	-0.000006	-0.000005	7.147810	22.642620	49.423187	0.000000	57171.218750	17500.275391	83146.179688
2001	04	0.000000	-6.236982	14.050644	17.330776	-0.000007	-0.000005	7.813662	26.326918	33.217731	0.000000	57171.273438	17498.912109	83145.625000
2001	04	0.000000	-6.295022	12.624850	15.904970	-0.000006	-0.000005	6.329828	3.705571	6.656925	0.000000	57171.328125	17497.550781	83145.085938
2001	04	0.000000	-6.987600	18.460215	21.740320	-0.000008	-0.000007	11.472614	-1.770161	7.921405	0.000000	57171.386719	17496.179688	83144.476562
2001	04	0.000000	-7.194944	24.293684	27.573772	-0.000011	-0.000009	17.098740	-18.608103	1.857736	0.000000	57171.492188	17494.791016	83143.617188
2001	04	0.000000	-7.010746	46.114117	49.394192	-0.000019	-0.000018	39.103371	1.116647	15.016919	0.000000	57171.761719	17493.410156	83142.484375
2001	04	0.000000	-7.222710	62.072372	65.352432	-0.000025	-0.000024	54.849663	1.769819	18.408310	0.000000	57172.449219	17492.027344	83140.445312
2001	04	0.000000	-7.111648	82.125275	85.405312	-0.000033	-0.000032	75.013626	-4.488195	31.080624	0.000000	57172.984375	17490.636719	83137.984375
2001	04	0.000000	-6.454002	79.202621	82.482643	-0.000032	-0.000031	72.748619	75.770905	18.768368	0.000000	57173.769531	17489.261719	83135.164062
2001	04	0.000000	-6.382806	70.778267	74.058281	-0.000029	-0.000027	64.395462	66.234795	11.594640	0.000000	57174.507812	17487.894531	83132.468750
2001	04	0.000000	-6.726534	74.655594	77.935593	-0.000030	-0.000029	67.929054	63.075005	9.881656	0.000000	57175.003906	17486.523438	83130.046875
2001	04	0.000000	-6.157704	54.204411	57.484398	-0.000022	-0.000021	48.046707	80.879890	61.276707	0.000000	57175.511719	17485.146484	83127.617188
2001	04	0.000000	-5.640189	26.405937	29.685915	-0.000011	-0.000010	20.765749	130.396622	26.127937	0.000000	57175.792969	17483.791016	83126.367188
2001	04	0.000000	-5.777167	29.205641	32.485607	-0.000013	-0.000011	23.428474	124.048668	17.498495	0.000000	57176.003906	17482.441406	83125.343750
2001	04	0.000000	-6.745912	35.107323	38.387280	-0.000015	-0.000014	28.361414	76.419228	28.446445	0.000000	57176.234375	17481.074219	83124.179688
2001	04	0.000000	-8.703377	74.773399	78.053337	-0.000030	-0.000029	66.070023	25.598881	29.963173	0.000000	57176.550781	17479.675781	83122.367188
2001	04	0.000000	-8.652000	111.078110	114.358017	-0.000044	-0.000043	102.426102	39.168354	23.134945	0.000000	57177.167969	17478.257812	83119.242188
2001	04	0.000000	-8.326933	141.805710	145.085602	-0.000056	-0.000055	133.478775	62.515793	35.002312	0.000000	57178.085938	17476.826172	83114.710938
2001	04	0.000000	-7.114115	125.608040	128.887924	-0.000050	-0.000048	118.493935	85.673706	20.729950	0.000000	57179.003906	17475.427734	83110.179688
2001	04	0.000000	-7.726462	128.292068	131.571930	-0.000051	-0.000049	120.565605	46.595978	21.908295	0.000000	57179.820312	17474.035156	83105.875000
2001	04	0.000000	-8.082413	133.874924	137.154770	-0.000053	-0.000052	125.792519	55.482552	23.681482	0.000000	57180.605469	17472.625000	83101.398438
2001	04	0.000000	-9.017584	138.607208	141.887039	-0.000055	-0.000053	129.589630	53.231133	37.060341	0.000000	57181.328125	17471.205078	83096.796875
2001	04	0.000000	-9.358123	138.029800	141.309616	-0.000055	-0.000053	128.671692	48.535286	61.201347	0.000000	57181.988281	17469.765625	83092.085938
2001	04	0.000000	-8.416204	132.191711	135.471481	-0.000052	-0.000051	123.775497	65.539581	36.845463	0.000000	57182.554688	17468.333984	83087.554688
2001	04	0.000000	-10.651750	147.408188	150.687958	-0.000058	-0.000057	136.756439	24.059769	53.494011	0.000000	57183.082031	17466.892578	83082.820312
2001	04	0.000000	-12.452973	160.668640	163.948364	-0.000063	-0.000062	148.215668	-2.697132	58.541183	0.000000	57183.625000	17465.392578	83077.585938
2001	04	0.000000	-10.395778	148.961044	152.240738	-0.000059	-0.000057	138.565277	24.156591	39.163696	0.000000	57184.136719	17463.886719	83072.250000
2001	05	0.000000	-10.280333	145.529846	148.918839	-0.000056	-0.000054	135.249512	48.773762	56.748432	0.000000	57184.535156	17462.429688	83067.437500
2001	05	0.000000	-9.091613	134.847412	138.236389	-0.000052	-0.000050	125.755791	45.707390	41.223625	0.000000	57184.886719	17460.976562	83062.804688
2001	05	0.000000	-8.948239	129.462051	132.851013	-0.000050	-0.000048	120.513817	69.384682	46.899799	0.000000	57185.171875	17459.544922	83058.492188
2001	05	0.000000	-9.532870	129.303497	132.692444	-0.000050	-0.000048	119.770630	67.928131	53.842041	0.000000	57185.417969	17458.109375	83054.265625
2001	05	0.000000	-10.714888	132.681183	136.070099	-0.000051	-0.000050	121.966301	31.135195	65.740028	0.000000	57185.652344	17456.646484	83049.929688
2001	05	0.000000	-12.376347	142.309219	145.698120	-0.000054	-0.000053	129.932877	6.546890	54.242565	0.000000	57185.871094	17455.152344	83045.421875
2001	05	0.000000	-9.751542	136.466827	139.855682	-0.000052	-0.000051	126.715279	51.865429	40.242065	0.000000	57186.078125	17453.652344	83040.734375
2001	05	0.000000	-8.258590	119.598679	122.987534	-0.000046	-0.000045	111.340096	77.841438	71.709869	0.000000	57186.210938	17452.222656	83036.585938
2001	05	0.000000	-9.085192	125.668991	129.057831	-0.000048	-0.000047	116.583801	77.167984	41.224483	0.000000	57186.316406	17450.798828	83032.609375
2001	05	19.174690	4.840079	135.890381	120.104507	-0.000045	-0.000044	121.555779	65.158875	47.558289	51497.656250	57186.449219	17449.433594	83028.351562
2001	05	42.230537	21.462666	137.540100	98.698380	-0.000037	-0.000036	116.772224	78.138420	53.915260	113418.984375	57186.546875	17448.609375	83024.773438
2001	05	81.803047	50.367500	147.529480	69.115250	-0.000026	-0.000025	116.093933	57.153076	73.442879	219699.296875	57186.636719	17448.408203	83021.867188
2001	05	106.229607	65.976395	160.252457	57.411655	-0.000021	-0.000020	119.999245	37.794655	78.932457	285301.937500	57186.718750	17449.117188	83019.820312
2001	05	134.054550	83.924515	172.139587	41.473824	-0.000015	-0.000014	122.009552	-25.660746	111.171326	360031.656250	57186.800781	17450.296875	83018.125000
2001	05	140.789490	87.714050	174.018951	36.618206	-0.000014	-0.000012	120.943497	15.238570	86.087181	378119.750000	57186.871094	17451.898438	83016.851562
2001	05	165.242538	106.084679	176.821838	14.968036	-0.000006	-0.000004	117.663979	32.794617	82.995499	443793.562500	57186.933594	17453.917969	83016.054688
2001	05	192.560730	129.203201	176.131927	-13.040103	0.000005	0.000006	112.774399	40.139572	74.988449	517162.312500	57186.976562	17456.429688	83015.906250
2001	05	169.798294	110.580399	166.625778	0.216164	-0.000000	0.000001	107.407883	47.608414	86.469635	456029.000000	57187.003906	17459.427734	83016.375000
2001	05	190.870682	127.133545	164.979294	-22.502733	0.000008	0.000010	101.242157	65.036514	69.340019	512623.312500	57187.015625	17462.085938	83016.750000
2001	05	200.747177	135.596710	162.051544	-35.307011	0.000013	0.000014	96.901062	55.111382	63.680801	539148.750000	57187.023438	17465.220703	83017.734375
2001	05	166.027222	109.190788	149.455124	-13.183474	0.000005	0.000006	92.618713	52.198189	65.858871	445901.000000	57187.023438	17468.251953	83018.742188
2001	05	198.742355	134.610672	152.562393	-42.791370	0.000016	0.000017	88.430710	113.001205	56.922565	533764.375000	57187.011719	17470.925781	83019.585938
2001	05	221.027802	150.383270	158.849243	-58.789974	0.000022	0.000023	88.204727	113.214867	57.188442	593616.625000	57187.007812	17474.322266	83021.195312
2001	05	232.951080	157.281006	164.190140	-65.372383	0.000024	0.000026	88.520050	97.637779	61.001781	625639.062500	57187.003906	17478.216797	83023.296875
2001	05	262.072815	177.811356	173.815399	-84.868858	0.000032	0.000033	89.553940	78.195404	70.636726	703851.625000	57187.000000	17482.523438	83025.773438
2001	05	294.064392	200.545303	183.946838	-106.729050	0.000040	0.000041	90.427734	36.986374	75.611732	789771.750000	57186.996094	17487.416016	83028.820312
2001	05	294.532410	197.305023	190.222046	-100.921860	0.000038	0.000039	92.994675	57.439449	80.726646	791028.625000	57186.992188	17492.884766	83032.375000
2001	05	315.730682	215.452164	190.317474	-122.024742	0.000046	0.000047	90.038948	69.624107	86.102844	847961.187500	57186.988281	17498.335938	83035.914062
2001	05	337.453644	229.316910	197.189774	-136.875412	0.000051	0.000052	89.053047	29.504534	101.655113	906302.687500	57186.968750	17504.449219	83040.195312
2001	05	317.562622	212.158340	203.293259	-110.880974	0.000041	0.000043	97.888969	-9.972327	120.076096	852881.125000	57186.953125	17510.625000	83044.445312
2001	05	290.253998	195.444885	193.635269	-93.230377	0.000035	0.000036	98.826149	35.903591	67.621483	779538.125000	57186.945312	17515.992188	83047.671875
2001	06	306.702942	209.743301	195.006180	-108.417709	0.000042	0.000043	98.046547	85.481888	72.139122	851172.375000	57186.929688	17521.812500	83051.273438
2001	06	294.073517	202.367798	181.381958	-109.412506	0.000042	0.000043	89.676254	113.776283	63.543259	816122.687500	57186.890625	17527.646484	83055.062500
2001	06	309.460449	213.036209	183.637299	-122.544128	0.000047	0.000049	87.213066	100.660118	72.679375	858825.125000	57186.843750	17533.447266	83058.960938
2001	06	282.307922	191.799377	173.784515	-105.244415	0.000041	0.000042	83.275963	113.729874	70.009109	783470.500000	57186.792969	17539.376953	83063.093750
2001	06	269.357483	182.575668	165.216965	-100.861519	0.000039	0.000040	78.435165	113.435745	64.746719	747530.062500	57186.730469	17544.570312	83066.671875
2001	06	297.219879	202.348785	173.295044	-120.645844	0.000047	0.000048	78.423950	98.676765	72.743843	824854.687500	57186.667969	17549.818359	83070.367188
2001	06	329.376221	227.592743	179.608749	-146.488510	0.000057	0.000058	77.825256	94.476807	76.891586	914096.062500	57186.609375	17555.751953	83074.750000
2001	06	340.994293	235.762939	188.866455	-148.848862	0.000057	0.000059	83.635109	48.730911	110.801361	946338.875000	57186.546875	17562.361328	83079.789062
2001	06	334.902710	227.651550	208.043533	-123.580231	0.000048	0.000049	100.792358	52.361950	89.813675	929433.312500	57186.500000	17568.992188	83084.328125
2001	06	318.348328	210.642807	207.284180	-107.785233	0.000042	0.000043	99.578659	47.785091	95.999626	883491.062500	57186.441406	17575.595703	83088.671875
2001	06	295.220245	189.332413	203.848724	-88.092628	0.000034	0.000035	97.960876	17.048111	93.939362	819305.250000	57186.355469	17581.189453	83091.984375
2001	06	308.381714	199.566360	202.492432	-102.610420	0.000040	0.000041	93.677071	34.738689	100.237999	855831.375000	57186.171875	17586.498047	83095.140625
2001	06	294.458282	197.124786	189.260086	-101.919357	0.000039	0.000041	91.926575	15.099367	105.098793	817190.562500	57185.929688	17592.232422	83098.898438
2001	06	314.268616	210.327545	200.765671	-110.224121	0.000043	0.000044	96.824593	87.551308	82.461731	872168.937500	57185.691406	17598.027344	83102.570312
2001	06	310.733673	207.157150	196.509842	-110.945030	0.000043	0.000044	92.933296	72.715820	85.638405	862358.562500	57185.445312	17603.953125	83106.398438
2001	06	294.877045	194.324387	190.575089	-101.023155	0.000039	0.000040	90.022423	43.883503	83.476654	818352.687500	57185.207031	17609.431641	83109.859375
2001	06	288.986481	192.990448	179.412720	-106.294968	0.000041	0.000042	83.416695	68.650330	69.374626	802005.062500	57184.968750	17614.751953	83113.367188
2001	06	293.617859	196.329529	177.327606	-113.011475	0.000044	0.000045	80.039253	90.136368	73.407372	814858.250000	57184.718750	17620.285156	83117.250000
2001	06	308.331512	208.135406	176.908325	-128.144409	0.000049	0.000051	76.712227	90.464714	76.728394	855692.000000	57184.453125	17626.017578	83121.437500
2001	06	303.359222	202.135422	176.950851	-123.129578	0.000048	0.000049	75.727074	88.552490	79.294662	841892.687500	57184.191406	17631.644531	83125.578125
2001	06	303.498199	201.263123	175.647491	-124.571930	0.000048	0.000049	73.412422	73.758728	88.286606	842278.437500	57183.921875	17637.445312	83129.984375
2001	06	303.572693	200.499161	175.003357	-125.290558	0.000048	0.000050	71.929817	2.667756	86.559944	842485.187500	57183.667969	17642.890625	83134.039062
2001	06	312.287903	206.654770	176.063019	-132.946121	0.000051	0.000053	70.429886	6.002866	99.535843	866671.875000	57183.406250	17648.679688	83138.531250
2001	06	291.002075	190.839874	177.164963	-110.558334	0.000043	0.000044	77.002785	31.638531	85.051033	807598.750000	57183.160156	17654.144531	83142.585938
2001	06	280.879669	182.185074	172.664322	-104.936630	0.000040	0.000042	73.969727	-23.916758	86.590767	779506.812500	57182.925781	17659.416016	83146.398438
2001	06	298.587555	198.487610	170.240036	-125.068810	0.000048	0.000050	70.140083	15.416755	79.118500	828650.250000	57182.699219	17664.433594	83150.085938
2001	06	306.964996	206.000549	187.651306	-116.035004	0.000045	0.000046	86.686829	35.778923	105.445290	851899.687500	57182.457031	17670.035156	83154.171875
2001	06	307.531006	199.827866	197.242706	-107.009613	0.000041	0.000043	89.539574	11.947324	104.844627	853470.437500	57182.214844	17675.962891	83158.187500
2001	06	296.189545	186.368149	198.118515	-94.792389	0.000037	0.000038	88.297112	-61.912693	108.184288	821995.250000	57181.972656	17681.519531	83161.843750
2001	06	320.707458	215.200256	191.288834	-126.139977	0.000049	0.000050	85.781654	48.372177	105.027893	890038.062500	57181.730469	17686.992188	83165.507812
2001	07	320.510101	218.157730	186.686646	-130.435532	0.000049	0.000050	84.334267	101.525948	72.784454	860797.187500	57181.460938	17693.103516	83169.875000
2001	07	327.155518	221.635025	184.929031	-138.838562	0.000052	0.000053	79.408524	27.175421	87.031456	878644.937500	57181.183594	17698.978516	83174.179688
2001	07	315.710236	211.135727	184.520309	-127.801987	0.000048	0.000049	79.945808	58.313736	78.037071	847906.125000	57180.925781	17704.550781	83178.234375
2001	07	341.232056	231.834045	185.875717	-151.968414	0.000057	0.000058	76.477699	91.256203	86.048576	916450.437500	57180.640625	17710.910156	83183.148438
2001	07	306.474274	200.053696	181.808807	-121.277527	0.000045	0.000047	75.388252	82.662003	92.734978	823101.062500	57180.351562	17717.103516	83187.992188
2001	07	240.703583	139.246567	180.824036	-56.491642	0.000021	0.000022	79.367020	34.589649	102.893921	646460.062500	57180.117188	17721.761719	83191.226562
2001	07	294.841309	190.943878	172.921814	-118.531609	0.000044	0.000046	69.024391	90.014679	86.299767	791858.312500	57179.917969	17725.750000	83193.851562
2001	07	277.561340	180.861542	158.988235	-115.185196	0.000043	0.000044	62.288456	33.601917	71.483856	745449.250000	57179.660156	17730.630859	83197.703125
2001	07	262.673615	165.985474	158.033218	-101.252495	0.000038	0.000039	61.345089	54.993664	72.425797	705465.250000	57179.410156	17735.136719	83201.289062
2001	07	254.300919	159.273605	154.268906	-96.644119	0.000036	0.000037	59.241600	104.183052	71.405899	682978.500000	57179.183594	17739.269531	83204.546875
2001	07	256.959839	163.725372	148.141052	-105.430870	0.000039	0.000041	54.906593	98.060020	72.332314	690119.625000	57178.945312	17743.542969	83208.062500
2001	07	229.418427	137.070038	147.121689	-78.908852	0.000029	0.000031	54.773289	36.442947	78.932617	616151.375000	57178.726562	17747.232422	83211.039062
2001	07	256.855072	162.893936	145.608673	-107.858513	0.000040	0.000042	51.647537	57.129799	74.900970	689838.312500	57178.527344	17750.496094	83213.648438
2001	07	223.981308	138.754944	134.351639	-86.241745	0.000032	0.000033	49.125301	114.770851	58.688522	601548.812500	57178.300781	17754.949219	83217.570312
2001	07	263.739868	171.821747	139.030685	-121.321266	0.000045	0.000047	47.112564	24.826565	70.200485	708328.875000	57178.101562	17758.343750	83220.484375
2001	07	193.194107	111.182526	133.439133	-56.367054	0.000021	0.000022	51.427559	82.498932	61.074833	518863.375000	57177.902344	17762.093750	83223.726562
2001	07	169.117188	89.453552	131.572678	-34.156593	0.000013	0.000014	51.909035	54.279865	69.752060	454199.781250	57177.765625	17764.367188	83225.406250
2001	07	170.711304	93.671242	125.878761	-41.444595	0.000015	0.000017	48.838722	17.251982	53.211349	458481.062500	57177.644531	17766.220703	83226.695312
2001	07	149.172394	76.414864	120.961502	-24.822958	0.000009	0.000011	48.203968	42.177761	54.291157	400633.843750	57177.527344	17767.851562	83227.835938
2001	07	139.163345	67.795937	118.824219	-16.951181	0.000006	0.000008	47.456810	76.556137	50.637997	373752.406250	57177.433594	17769.025391	83228.531250
2001	07	173.946198	99.264053	117.861809	-52.696430	0.000020	0.000021	43.179672	60.618114	54.962784	467169.062500	57177.332031	17770.406250	83229.515625
2001	07	165.002274	92.734207	113.918076	-47.696251	0.000018	0.000019	41.650005	101.722557	49.408184	443148.281250	57177.183594	17772.484375	83231.304688
2001	07	181.765106	106.150620	116.274132	-62.103027	0.000023	0.000024	40.659645	69.693733	54.030487	488168.406250	57177.042969	17774.462891	83233.023438
2001	07	162.394058	96.168358	127.842216	-31.163876	0.000012	0.000013	61.616528	14.094810	70.169922	436143.343750	57176.910156	17776.132812	83234.257812
2001	07	258.396545	168.374771	163.300278	-91.708275	0.000034	0.000036	73.278534	93.796722	70.315254	693978.187500	57176.800781	17779.308594	83236.164062
2001	07	218.255035	135.016891	179.607834	-35.259239	0.000013	0.000014	96.369690	-14.867754	95.403275	586169.750000	57176.636719	17783.105469	83238.515625
2001	07	270.846924	176.881989	222.097763	-45.361217	0.000017	0.000018	128.132812	42.298542	82.180588	727416.312500	57176.464844	17786.638672	83239.203125
2001	07	310.621399	206.894623	220.038284	-87.195183	0.000033	0.000034	116.311501	61.090504	83.901802	834239.125000	57176.230469	17791.828125	83241.570312
2001	07	259.220551	159.236374	216.480255	-39.352360	0.000015	0.000016	116.496078	29.640999	103.430229	696191.250000	57175.957031	17796.953125	83244.039062
2001	07	303.840393	196.006210	217.018967	-83.433517	0.000031	0.000032	109.184792	23.671778	109.970215	816027.312500	57175.726562	17801.205078	83245.679688
2001	07	291.139984	187.641342	206.273514	-81.478554	0.000030	0.000032	102.774872	52.884090	104.778442	781917.562500	57175.441406	17806.322266	83248.476562
2001	08	282.337891	182.029770	197.960876	-80.989105	0.000030	0.000032	97.652763	61.346512	87.074036	758277.687500	57175.148438	17811.480469	83251.500000
2001	08	270.540558	167.982819	201.041168	-66.111473	0.000025	0.000026	98.483437	52.973713	96.244698	726593.500000	57174.875000	17816.003906	83253.945312
2001	08	221.556244	127.036179	191.262848	-26.905514	0.000010	0.000011	96.742783	18.330233	93.143967	595035.875000	57174.617188	17820.167969	83256.054688
2001	08	229.799713	132.563400	192.516174	-33.895668	0.000013	0.000014	95.279869	19.894262	98.640663	617175.437500	57174.414062	17822.857422	83256.703125
2001	08	237.219452	140.591675	184.965546	-48.866051	0.000018	0.000020	88.337769	14.085020	86.833603	637102.687500	57174.203125	17826.375000	83258.328125
2001	08	234.326187	139.805206	176.955368	-53.982975	0.000020	0.000021	82.434402	69.556900	78.480507	629332.187500	57173.984375	17829.697266	83259.968750
2001	08	223.071671	133.157227	166.383774	-53.300060	0.000020	0.000021	76.469330	79.342094	74.162056	599105.875000	57173.753906	17833.066406	83261.882812
2001	08	236.888992	142.265274	168.626480	-64.874657	0.000024	0.000025	74.002769	66.251762	82.740265	636215.187500	57173.523438	17836.314453	83263.757812
2001	08	264.882629	166.759750	167.387695	-94.107109	0.000035	0.000036	69.264809	39.347820	115.820061	711398.000000	57173.281250	17839.816406	83266.007812
2001	08	260.568054	168.020615	196.767395	-60.412842	0.000023	0.000024	104.219948	57.569134	103.878899	699810.312500	57173.003906	17844.076172	83268.523438
2001	08	256.502411	161.402496	192.639740	-60.474827	0.000023	0.000024	97.539833	57.300991	86.101273	688891.125000	57172.746094	17848.388672	83270.671875
2001	08	270.597687	173.561951	187.908844	-79.301010	0.000030	0.000031	90.873123	55.202309	80.778389	726746.937500	57172.488281	17852.542969	83272.851562
2001	08	247.836960	156.127747	176.949585	-67.499557	0.000025	0.000026	85.240349	66.317238	74.561485	665618.250000	57172.210938	17856.882812	83275.468750
2001	08	215.875076	126.973640	173.233521	-39.253716	0.000015	0.000016	84.332108	24.983286	78.282494	579777.875000	57171.957031	17860.580078	83277.515625
2001	08	247.281403	149.761581	179.693588	-64.200005	0.000024	0.000025	82.173775	46.843239	84.980278	664126.187500	57171.746094	17863.556641	83278.843750
2001	08	241.597107	149.416336	167.088196	-71.121124	0.000027	0.000028	74.907417	57.185989	74.854805	648859.812500	57171.488281	17867.482422	83281.335938
2001	08	233.413742	142.844055	161.726440	-68.299500	0.000025	0.000027	71.156769	36.963024	73.951614	626881.625000	57171.238281	17871.046875	83283.625000
2001	08	220.785172	132.224609	156.838989	-60.558411	0.000023	0.000024	68.278419	51.387905	69.647171	592965.000000	57171.003906	17874.378906	83285.781250
2001	08	189.521591	107.522453	147.296585	-38.837212	0.000014	0.000016	65.297455	49.053570	66.947830	509000.000000	57170.773438	17877.472656	83287.820312
2001	08	208.813187	116.662659	156.421585	-49.003883	0.000018	0.000020	64.271042	11.769680	84.421532	560811.750000	57170.585938	17879.726562	83289.023438
2001	08	171.518707	98.684853	128.968796	-39.162170	0.000015	0.000016	56.134953	59.369591	47.128609	460649.500000	57170.375000	17882.310547	83290.773438
2001	08	173.551682	100.260498	126.633171	-43.530766	0.000016	0.000018	53.341984	67.049629	46.959923	466109.500000	57170.187500	17884.371094	83292.156250
2001	08	148.964386	79.885529	121.419182	-24.157434	0.000009	0.000010	52.340328	64.237968	44.936813	400075.156250	57170.007812	17886.337891	83293.507812
2001	08	135.523422	68.362816	118.784927	-13.350710	0.000005	0.000006	51.624313	35.558083	46.058830	363976.625000	57169.855469	17887.585938	83294.164062
2001	08	143.248795	72.641808	122.038338	-17.822664	0.000007	0.000008	51.431362	40.038532	46.015594	384724.718750	57169.718750	17888.572266	83294.539062
2001	08	133.280319	69.666191	111.074097	-18.818445	0.000007	0.000008	47.459965	64.490761	37.657421	357952.312500	57169.582031	17889.693359	83295.148438
2001	08	149.314896	83.747093	110.400314	-35.526783	0.000013	0.000015	44.832523	68.039230	41.734150	401016.531250	57169.445312	17890.982422	83296.039062
2001	08	135.762009	71.284653	108.800537	-23.573673	0.000009	0.000010	44.323181	61.141750	39.794037	364617.406250	57169.308594	17892.419922	83297.125000
2001	08	137.085480	73.326157	107.026237	-26.671425	0.000010	0.000011	43.266911	30.532934	39.871834	368171.875000	57169.175781	17893.501953	83297.859375
2001	08	152.651291	88.199646	108.575775	-40.687683	0.000015	0.000016	44.124146	55.328072	48.695248	409977.093750	57169.039062	17894.800781	83298.859375
2001	08	123.957733	67.041405	102.856544	-17.713346	0.000007	0.000008	45.940216	71.645294	28.450005	332914.531250	57168.906250	17896.316406	83299.976562
2001	09	117.441811	60.400845	99.808846	-14.354392	0.000006	0.000007	42.767872	28.962353	39.145931	325928.500000	57168.804688	17897.216797	83300.515625
2001	09	100.496811	43.253727	101.012566	3.794349	-0.000001	-0.000000	43.769485	28.909082	42.381351	278902.125000	57168.703125	17897.935547	83300.875000
2001	09	100.877838	45.515724	97.507828	-0.091425	0.000000	0.000001	42.145706	52.179913	33.822414	279959.593750	57168.609375	17898.107422	83300.664062
2001	09	87.603302	37.999554	88.405922	4.081242	-0.000002	-0.000000	38.802177	66.366386	28.164692	243119.625000	57168.511719	17898.466797	83300.781250
2001	09	85.950996	37.335773	86.629547	3.957196	-0.000002	-0.000000	38.014324	59.449959	23.686642	238534.125000	57168.417969	17898.505859	83300.617188
2001	09	88.241806	39.124088	86.377579	1.414436	-0.000001	0.000001	37.259853	34.087357	25.358389	244891.640625	57168.324219	17898.474609	83300.406250
2001	09	81.555710	35.597656	81.901848	3.624835	-0.000001	-0.000000	35.943798	63.428291	22.107300	226336.171875	57168.234375	17898.539062	83300.328125
2001	09	87.400116	40.600735	83.276207	-0.845197	0.000000	0.000002	36.476818	37.927906	22.847813	242555.781250	57168.144531	17898.513672	83300.187500
2001	09	85.096809	40.159996	80.937805	-0.880257	0.000000	0.000002	36.000999	40.821255	18.865847	236163.546875	57168.062500	17898.667969	83300.203125
2001	09	79.591049	37.107979	79.082634	2.770350	-0.000001	0.000000	36.599564	52.383900	20.656363	220883.765625	57167.984375	17898.771484	83300.179688
2001	09	102.767914	55.539932	90.367020	-9.122101	0.000004	0.000005	43.139042	30.457541	50.402489	285205.000000	57167.914062	17898.900391	83300.109375
2001	09	127.190460	73.384537	106.762253	-17.149403	0.000007	0.000008	52.956333	56.556652	33.791298	352983.281250	57167.871094	17899.753906	83300.382812
2001	09	129.714233	75.018875	111.833061	-14.602357	0.000006	0.000007	57.137703	57.327702	38.271904	359987.343750	57167.832031	17901.005859	83300.867188
2001	09	143.249115	85.332932	111.215698	-28.754587	0.000011	0.000012	53.299515	53.934109	33.846081	397549.781250	57167.777344	17902.400391	83301.515625
2001	09	145.590683	83.437981	114.917404	-27.394430	0.000011	0.000012	52.764702	23.820147	43.375427	404048.187500	57167.707031	17904.062500	83302.492188
2001	09	133.042847	72.315514	112.048782	-17.715202	0.000007	0.000008	51.321445	26.370895	42.333778	369225.031250	57167.617188	17905.585938	83303.367188
2001	09	130.666046	72.600639	106.736923	-20.650249	0.000008	0.000009	48.671528	45.265381	32.164513	362628.843750	57167.519531	17906.835938	83304.000000
2001	09	116.350189	64.145164	96.675369	-16.395939	0.000006	0.000008	44.470348	42.231113	27.556688	322899.000000	57167.414062	17907.998047	83304.710938
2001	09	120.156059	64.995201	98.973854	-17.903309	0.000007	0.000008	43.813000	14.397729	32.066788	333461.156250	57167.316406	17908.943359	83305.273438
2001	09	108.635284	54.211308	98.830437	-6.525946	0.000003	0.000004	44.406471	17.060022	31.686388	301488.281250	57167.218750	17909.802734	83305.742188
2001	09	103.210182	53.600910	98.141418	-1.789868	0.000001	0.000002	48.532146	35.475716	36.083084	286432.406250	57167.132812	17910.470703	83305.921875
2001	09	102.618484	54.809380	92.307663	-7.031907	0.000003	0.000004	44.498558	37.440987	21.844204	284790.281250	57167.062500	17911.109375	83306.101562
2001	09	91.836433	45.312660	90.079262	1.521737	-0.000001	0.000001	43.555481	50.222809	23.265621	254867.578125	57166.984375	17911.623047	83306.226562
2001	09	101.712929	52.139950	91.458870	-6.975130	0.000003	0.000004	41.885895	19.354839	30.324722	282277.156250	57166.910156	17912.058594	83306.328125
2001	09	95.041840	42.978447	94.817551	3.054630	-0.000001	0.000000	42.754158	-2.419529	33.125401	263763.343750	57166.832031	17912.564453	83306.500000
2001	09	82.701622	34.338882	89.665276	10.242584	-0.000004	-0.000003	41.302540	10.790820	28.572500	229516.312500	57166.753906	17912.794922	83306.421875
2001	09	75.894699	27.202814	90.013580	17.397810	-0.000007	-0.000005	41.321701	-7.312883	30.249096	210625.515625	57166.679688	17912.712891	83306.039062
2001	09	72.887032	24.170813	89.687218	20.079088	-0.000008	-0.000006	40.971004	-14.826159	28.365345	202278.562500	57166.601562	17912.453125	83305.468750
2001	09	60.373234	22.946177	73.718819	16.624491	-0.000006	-0.000005	36.291759	1.801561	17.886805	167549.843750	57166.519531	17912.158203	83304.992188
2001	09	73.363609	31.669588	82.949593	12.864901	-0.000005	-0.000004	41.255569	36.494415	20.039160	203601.156250	57166.445312	17911.777344	83304.398438
2001	10	78.727470	34.485073	85.551880	10.212650	-0.000004	-0.000003	41.309486	19.101461	22.064341	211439.156250	57166.386719	17911.685547	83304.031250
2001	10	68.191078	29.268824	76.838058	12.035246	-0.000004	-0.000003	37.915806	24.843817	15.632585	183141.453125	57166.324219	17911.539062	83303.679688
2001	10	64.529823	27.173416	73.220467	12.078953	-0.000005	-0.000003	35.864071	33.157272	13.694613	173308.390625	57166.257812	17911.218750	83303.257812
2001	10	46.623585	13.422855	68.019875	24.784618	-0.000009	-0.000008	34.819145	30.775129	11.011596	125217.429688	57166.191406	17910.730469	83302.695312
2001	10	30.769049	3.440389	59.309311	31.928627	-0.000012	-0.000011	31.980654	45.792133	7.902721	82636.750000	57166.125000	17909.859375	83301.828125
2001	10	44.671497	15.699749	58.070805	16.787720	-0.000006	-0.000005	29.099060	46.835785	7.716800	119974.687500	57166.058594	17908.812500	83300.898438
2001	10	45.476788	15.196200	60.383286	18.294956	-0.000007	-0.000006	30.102697	30.468290	9.512854	122137.468750	57165.996094	17908.005859	83300.210938
2001	10	50.866241	17.578451	64.369576	16.891827	-0.000006	-0.000005	31.081783	20.353489	12.080195	136611.984375	57165.933594	17907.244141	83299.546875
2001	10	55.102303	19.952536	66.704460	14.990677	-0.000006	-0.000004	31.554689	17.163712	13.498899	147988.812500	57165.878906	17906.597656	83298.976562
2001	10	53.285439	17.831173	67.712959	17.816061	-0.000007	-0.000005	32.258690	13.068166	12.410925	143109.250000	57165.820312	17905.632812	83298.414062
2001	10	37.330593	6.969182	62.097103	28.155069	-0.000011	-0.000009	31.735691	18.960238	8.008481	100259.148438	57165.773438	17902.566406	83297.750000
2001	10	43.652493	12.763249	62.990231	22.726326	-0.000008	-0.000007	32.100986	-7.237157	11.530659	117237.953125	57165.750000	17896.798828	83296.867188
2001	10	37.833496	7.969171	67.165604	32.720722	-0.000012	-0.000011	37.301281	9.207785	19.230810	101609.796875	57165.773438	17888.671875	83295.976562
2001	10	32.843395	6.057317	65.503021	36.048260	-0.000013	-0.000012	38.716942	7.644766	11.478686	88207.843750	57165.863281	17877.962891	83294.859375
2001	10	28.471069	3.591124	65.763420	40.681023	-0.000015	-0.000014	40.883472	18.356295	11.268369	76465.039062	57166.031250	17864.695312	83293.578125
2001	10	27.185236	3.782083	63.920551	40.124027	-0.000015	-0.000014	40.517395	18.322039	6.831586	73011.664062	57166.285156	17848.908203	83292.210938
2001	10	37.549603	12.904668	64.181000	30.020164	-0.000011	-0.000010	39.536064	8.665712	7.450351	100847.351562	57166.609375	17830.697266	83290.921875
2001	10	28.418190	3.796515	70.682755	45.653378	-0.000017	-0.000016	46.061085	11.365924	10.457941	76323.023438	57167.031250	17810.185547	83289.640625
2001	10	20.993099	0.813540	64.669868	47.065628	-0.000018	-0.000016	44.490311	8.007146	11.477648	56381.378906	57167.464844	17787.009766	83288.101562
2001	10	13.079123	-3.378628	62.843185	53.152985	-0.000020	-0.000019	46.385437	13.256430	26.536583	35126.730469	57167.964844	17761.242188	83286.398438
2001	10	8.921717	-3.985706	52.891560	47.358833	-0.000018	-0.000016	39.984135	39.269379	8.387786	23961.146484	57168.519531	17732.898438	83284.640625
2001	10	4.781811	-5.273120	45.723183	44.330448	-0.000017	-0.000015	35.668251	40.161503	6.060002	12842.556641	57169.101562	17702.060547	83282.992188
2001	10	3.506966	-5.004872	40.626270	40.508476	-0.000015	-0.000014	32.114433	36.272327	4.379365	9418.692383	57169.699219	17668.740234	83281.421875
2001	10	0.709593	-6.307847	36.495110	39.174793	-0.000015	-0.000013	29.477671	34.276154	5.687068	1905.761597	57170.210938	17633.009766	83279.921875
2001	10	0.000000	-5.222004	32.214863	35.604240	-0.000013	-0.000012	26.992859	38.086964	2.015497	0.000000	57170.687500	17611.371094	83278.468750
2001	10	0.000000	-5.747444	31.077374	34.466846	-0.000013	-0.000012	25.329929	23.257456	5.960672	0.000000	57171.121094	17609.728516	83277.125000
2001	10	0.000000	-6.188789	30.683109	34.072674	-0.000013	-0.000011	24.494320	11.036951	2.250220	0.000000	57171.515625	17608.146484	83275.804688
2001	10	0.000000	-8.093209	43.593185	46.982834	-0.000018	-0.000016	35.499977	-10.131557	4.020772	0.000000	57171.851562	17606.544922	83274.312500
2001	10	0.000000	-7.060388	46.633919	50.023643	-0.000019	-0.000017	39.573528	6.470610	14.964446	0.000000	57172.269531	17604.943359	83272.500000
2001	10	0.000000	-6.308702	37.771111	41.160919	-0.000015	-0.000014	31.462406	3.202108	4.380940	0.000000	57172.664062	17603.373047	83270.882812
2001	10	0.000000	-7.538270	46.202999	49.592884	-0.000019	-0.000017	38.664730	-0.836039	1.604691	0.000000	57173.031250	17601.792969	83269.234375
2001	11	0.000000	-6.893170	48.290787	51.571392	-0.000020	-0.000019	41.397614	-32.919289	17.081388	0.000000	57173.441406	17600.220703	83267.445312
2001	11	0.000000	-7.415008	66.841118	70.121788	-0.000027	-0.000026	59.426105	-10.003965	19.051598	0.000000	57173.949219	17598.642578	83265.195312
2001	11	0.000000	-6.612912	60.241310	63.522053	-0.000025	-0.000023	53.628403	9.015493	2.034278	0.000000	57174.535156	17597.085938	83262.796875
2001	11	0.000000	-7.106475	63.566875	66.847679	-0.000026	-0.000025	56.460400	-8.626786	4.877106	0.000000	57175.097656	17595.523438	83260.453125
2001	11	0.000000	-7.098914	59.321159	62.602028	-0.000024	-0.000023	52.222244	-2.793306	1.605496	0.000000	57175.640625	17593.976562	83258.187500
2001	11	0.000000	-7.230720	62.970562	66.251495	-0.000026	-0.000024	55.739845	8.361906	1.891294	0.000000	57176.183594	17592.421875	83255.882812
2001	11	0.000000	-5.862236	54.562717	57.843708	-0.000022	-0.000021	48.700481	11.555172	2.082243	0.000000	57176.722656	17590.886719	83253.640625
2001	11	0.000000	-6.210995	51.577007	54.858059	-0.000021	-0.000020	45.366013	15.812972	7.651529	0.000000	57177.195312	17589.365234	83251.625000
2001	11	0.000000	-6.012172	43.759892	47.041008	-0.000018	-0.000017	37.747723	1.017448	5.137938	0.000000	57177.621094	17587.851562	83249.796875
2001	11	0.000000	-6.599166	45.830456	49.111626	-0.000019	-0.000018	39.231289	1.246815	1.175624	0.000000	57178.003906	17586.335938	83248.078125
2001	11	0.000000	-6.543013	47.983734	51.264961	-0.000020	-0.000019	41.440716	5.125523	0.226851	0.000000	57178.402344	17584.820312	83246.265625
2001	11	0.000000	-6.913013	52.052647	55.333927	-0.000021	-0.000020	45.139637	-9.204879	1.534179	0.000000	57178.812500	17583.306641	83244.375000
2001	11	0.000000	-6.860015	54.612644	57.893974	-0.000022	-0.000021	47.752632	-10.321736	1.013734	0.000000	57179.250000	17581.792969	83242.359375
2001	11	0.000000	-6.700439	54.767078	58.048462	-0.000022	-0.000021	48.066639	-7.839939	1.033746	0.000000	57179.699219	17580.285156	83240.304688
2001	11	0.000000	-7.388604	59.181286	62.462715	-0.000024	-0.000023	51.792683	-14.342505	-0.111867	0.000000	57180.148438	17578.777344	83238.203125
2001	11	0.000000	-7.327200	61.345692	64.627159	-0.000025	-0.000024	54.018486	-17.296682	1.288649	0.000000	57180.628906	17577.265625	83235.976562
2001	11	0.000000	-8.092587	66.458130	69.739639	-0.000027	-0.000026	58.365540	-17.520847	0.515765	0.000000	57181.128906	17575.748047	83233.640625
2001	11	0.000000	-6.920845	63.325542	66.607094	-0.000026	-0.000024	56.404701	-9.104192	3.662285	0.000000	57181.636719	17574.238281	83231.257812
2001	11	0.000000	-5.937486	51.354706	54.636307	-0.000021	-0.000020	45.417221	-9.722221	6.164897	0.000000	57182.101562	17572.753906	83229.125000
2001	11	0.000000	-5.443829	39.986034	43.267681	-0.000017	-0.000015	34.542206	2.658021	2.847435	0.000000	57182.460938	17571.289062	83227.406250
2001	11	0.000000	-5.821457	36.609932	39.891624	-0.000015	-0.000014	30.788473	-0.799373	3.357821	0.000000	57182.742188	17569.830078	83225.945312
2001	11	0.000000	-5.543129	35.306431	38.588165	-0.000015	-0.000014	29.763300	11.942545	9.466201	0.000000	57183.003906	17568.365234	83224.500000
2001	11	0.000000	-5.316003	30.105219	33.387001	-0.000013	-0.000012	24.789215	6.494812	3.683111	0.000000	57183.226562	17566.916016	83223.210938
2001	11	0.000000	-4.954994	25.142483	28.424309	-0.000011	-0.000010	20.187490	8.638846	4.275383	0.000000	57183.402344	17565.476562	83222.078125
2001	11	0.000000	-5.200252	23.382288	26.664160	-0.000010	-0.000009	18.182035	4.877534	4.124806	0.000000	57183.539062	17564.037109	83221.070312
2001	11	0.000000	-4.189619	18.625044	21.906960	-0.000008	-0.000007	14.435425	45.318645	-0.259962	0.000000	57183.656250	17562.609375	83220.140625
2001	11	0.000000	-3.787615	12.592287	15.874250	-0.000006	-0.000005	8.804672	44.933701	-3.731778	0.000000	57183.718750	17561.201172	83219.421875
2001	11	0.000000	-3.873472	10.518630	13.800640	-0.000005	-0.000004	6.645159	32.795582	-3.842265	0.000000	57183.750000	17559.798828	83218.820312
2001	11	0.000000	-3.980348	9.618939	12.900993	-0.000005	-0.000004	5.638591	31.882027	-5.067070	0.000000	57183.769531	17558.398438	83218.273438
2001	11	0.000000	-4.048826	8.960225	12.242323	-0.000005	-0.000003	4.911399	28.465820	-4.920892	0.000000	57183.785156	17557.000000	83217.757812
2001	12	0.000000	-4.029804	8.665321	12.056865	-0.000005	-0.000003	4.635518	28.171896	-4.852306	0.000000	57183.796875	17555.603516	83217.265625
2001	12	0.000000	-3.835298	7.577099	10.968685	-0.000004	-0.000003	3.741801	18.110807	-4.851694	0.000000	57183.804688	17554.218750	83216.804688
2001	12	0.000000	-4.375037	7.802728	11.194355	-0.000004	-0.000003	3.427692	12.159677	-7.554233	0.000000	57183.808594	17552.828125	83216.351562
2001	12	0.000000	-4.707724	8.045496	11.437161	-0.000004	-0.000003	3.337771	-1.964730	-0.512514	0.000000	57183.812500	17551.437500	83215.914062
2001	12	0.000000	-3.555271	6.738690	10.130391	-0.000004	-0.000003	3.183419	27.629129	-3.797716	0.000000	57183.816406	17550.046875	83215.468750
2001	12	0.000000	-4.089383	6.750058	10.141800	-0.000004	-0.000003	2.660675	10.667844	-2.123902	0.000000	57183.820312	17548.677734	83215.062500
2001	12	0.000000	-3.561221	6.030423	9.422201	-0.000004	-0.000002	2.469201	24.579145	-6.033792	0.000000	57183.820312	17547.304688	83214.664062
2001	12	0.000000	-4.024489	6.192963	9.584779	-0.000004	-0.000002	2.168474	-2.119409	-6.890420	0.000000	57183.816406	17545.937500	83214.281250
2001	12	0.000000	-5.058765	7.132694	10.524544	-0.000004	-0.000003	2.073930	-15.863792	-5.796385	0.000000	57183.816406	17544.560547	83213.890625
2001	12	0.000000	-5.313600	7.395816	10.787692	-0.000004	-0.000003	2.082216	-4.612969	-4.959567	0.000000	57183.816406	17543.164062	83213.484375
2001	12	0.000000	-3.786151	5.843472	9.235379	-0.000003	-0.000002	2.057321	4.600527	-6.816791	0.000000	57183.812500	17541.791016	83213.101562
2001	12	0.000000	-3.897715	5.886836	9.278775	-0.000003	-0.000002	1.989120	23.099161	-9.637093	0.000000	57183.812500	17540.429688	83212.734375
2001	12	0.000000	-3.461222	5.309172	8.701145	-0.000003	-0.000002	1.847950	23.418777	-5.963743	0.000000	57183.812500	17539.076172	83212.367188
2001	12	0.000000	-3.873095	5.528164	8.920170	-0.000003	-0.000002	1.655070	5.118735	-5.188748	0.000000	57183.808594	17537.722656	83212.015625
2001	12	0.000000	-4.674905	6.274199	9.666232	-0.000004	-0.000002	1.599295	-1.930202	-7.672351	0.000000	57183.808594	17536.363281	83211.664062
2001	12	0.000000	-5.184865	6.783941	10.175997	-0.000004	-0.000003	1.599076	-12.592090	-9.800120	0.000000	57183.804688	17534.986328	83211.289062
2001	12	0.000000	-4.036004	5.621578	9.013661	-0.000003	-0.000002	1.585574	-3.274689	-11.990276	0.000000	57183.804688	17533.626953	83210.937500
2001	12	0.000000	-4.944305	6.507798	9.899906	-0.000004	-0.000002	1.563493	-18.052532	-7.693929	0.000000	57183.800781	17532.267578	83210.578125
2001	12	0.000000	-4.136662	5.704440	9.096571	-0.000003	-0.000002	1.567777	-5.256108	-4.972295	0.000000	57183.800781	17530.902344	83210.218750
2001	12	0.000000	-3.829676	5.369157	8.761315	-0.000003	-0.000002	1.539481	-2.061940	-3.622968	0.000000	57183.800781	17529.558594	83209.882812
2001	12	0.000000	-4.159157	5.673763	9.065947	-0.000003	-0.000002	1.514606	9.679313	-4.208490	0.000000	57183.796875	17528.210938	83209.539062
2001	12	0.000000	-2.846945	4.278877	7.671087	-0.000003	-0.000002	1.431932	32.637409	-5.684836	0.000000	57183.796875	17526.878906	83209.210938
2001	12	0.000000	-2.701489	3.799773	7.192013	-0.000003	-0.000001	1.098284	31.649492	-4.806433	0.000000	57183.792969	17525.562500	83208.906250
2001	12	0.000000	-3.449210	4.321966	7.714233	-0.000003	-0.000002	0.872756	-1.926479	-7.938869	0.000000	57183.789062	17524.236328	83208.609375
2001	12	0.000000	-2.887167	3.697008	7.089302	-0.000003	-0.000001	0.809841	23.052347	-0.801664	0.000000	57183.785156	17522.914062	83208.312500
2001	12	0.000000	-3.460788	4.190998	7.583318	-0.000003	-0.000002	0.730210	5.250749	-0.928812	0.000000	57183.781250	17521.597656	83208.031250
2001	12	0.000000	-4.785666	5.486845	8.879185	-0.000003	-0.000002	0.701180	-20.268663	-13.168372	0.000000	57183.777344	17520.257812	83207.718750
2001	12	0.000000	-3.913872	4.613716	8.006073	-0.000003	-0.000002	0.699844	-2.195369	-12.381968	0.000000	57183.777344	17518.916016	83207.406250
2001	12	0.000000	-3.208153	3.902211	7.294591	-0.000003	-0.000001	0.694058	19.135210	-8.193371	0.000000	57183.773438	17517.595703	83207.117188
2001	12	0.000000	-3.095191	3.776942	7.169344	-0.000003	-0.000001	0.681751	17.609087	-6.235434	0.000000	57183.769531	17516.279297	83206.835938
2001	12	0.000000	-3.033186	3.677278	7.069704	-0.000003	-0.000001	0.644092	21.991827	-3.958338	0.000000	57183.765625	17514.970703	83206.562500
2002	01	0.000000	-2.192478	2.761588	6.154036	-0.000002	-0.000001	0.569110	42.858810	-2.774577	0.000000	57183.761719	17513.671875	83206.296875
2002	01	0.000000	-2.456518	2.915702	6.308179	-0.000002	-0.000001	0.459184	18.768671	-2.972095	0.000000	57183.757812	17512.369141	83206.039062
2002	01	0.000000	-2.619315	2.998855	6.391492	-0.000002	-0.000001	0.379540	13.408257	-5.226063	0.000000	57183.753906	17511.056641	83205.781250
2002	01	0.000000	-2.587630	2.918146	6.310942	-0.000002	-0.000001	0.330516	21.638620	-2.286965	0.000000	57183.750000	17509.751953	83205.539062
2002	01	0.000000	-4.966459	5.270601	8.663548	-0.000003	-0.000002	0.304142	-21.484270	-11.090262	0.000000	57183.750000	17508.416016	83205.257812
2002	01	0.000000	-4.248753	4.542251	7.935344	-0.000003	-0.000002	0.293498	3.624379	-8.145944	0.000000	57183.746094	17507.064453	83204.968750
2002	01	0.000000	-3.654438	3.942382	7.335628	-0.000003	-0.000001	0.287944	-6.330447	-5.130985	0.000000	57183.742188	17505.742188	83204.703125
2002	01	0.000000	-5.068147	5.350642	8.744034	-0.000003	-0.000002	0.282494	-24.150118	-10.943324	0.000000	57183.742188	17504.396484	83204.421875
2002	01	0.000000	-5.100249	5.379130	8.772666	-0.000003	-0.000002	0.278881	-20.993080	-9.745283	0.000000	57183.738281	17503.044922	83204.125000
2002	01	0.000000	-5.388041	5.665043	9.058721	-0.000003	-0.000002	0.277001	-28.683517	-13.284417	0.000000	57183.734375	17501.687500	83203.828125
2002	01	0.000000	-4.582623	4.859041	8.252863	-0.000003	-0.000002	0.276418	-18.915174	-8.006786	0.000000	57183.734375	17500.337891	83203.539062
2002	01	0.000000	-5.415576	5.691652	9.085617	-0.000003	-0.000002	0.276076	-23.483500	-5.694354	0.000000	57183.730469	17498.986328	83203.250000
2002	01	0.000000	-4.662211	4.938388	8.332496	-0.000003	-0.000002	0.276177	-15.380020	-6.260248	0.000000	57183.726562	17497.638672	83202.960938
2002	01	0.000000	-5.026923	5.303283	8.697534	-0.000003	-0.000002	0.276361	-5.751859	-2.734361	0.000000	57183.726562	17496.291016	83202.671875
2002	01	0.000000	-4.420043	4.696681	8.091073	-0.000003	-0.000002	0.276638	-9.237736	-9.479677	0.000000	57183.722656	17494.943359	83202.382812
2002	01	0.000000	-3.545254	3.821956	7.216497	-0.000003	-0.000001	0.276701	-1.628489	-1.359756	0.000000	57183.718750	17493.619141	83202.117188
2002	01	0.000000	-3.594297	3.870170	7.264858	-0.000003	-0.000001	0.275873	-1.168754	-3.382604	0.000000	57183.718750	17492.296875	83201.851562
2002	01	0.000000	-2.820733	3.095057	6.489895	-0.000002	-0.000001	0.274324	0.565129	-5.249151	0.000000	57183.714844	17490.986328	83201.601562
2002	01	0.000000	-3.096166	3.367710	6.762700	-0.000003	-0.000001	0.271544	2.170110	-0.991855	0.000000	57183.710938	17489.683594	83201.359375
2002	01	0.000000	-2.766873	3.034743	6.429881	-0.000002	-0.000001	0.267869	6.221859	-6.309800	0.000000	57183.710938	17488.373047	83201.109375
2002	01	0.000000	-2.905101	3.168929	6.564218	-0.000002	-0.000001	0.263828	20.034584	-3.904954	0.000000	57183.707031	17487.074219	83200.867188
2002	01	0.000000	-2.746628	3.005795	6.401233	-0.000002	-0.000001	0.259167	25.502844	-4.652888	0.000000	57183.703125	17485.773438	83200.625000
2002	01	0.000000	-2.616823	2.871012	6.266600	-0.000002	-0.000001	0.254189	24.997944	-2.991504	0.000000	57183.703125	17484.478516	83200.390625
2002	01	0.000000	-2.441443	2.690389	6.086126	-0.000002	-0.000001	0.248946	30.247540	-5.834020	0.000000	57183.699219	17483.183594	83200.156250
2002	01	0.000000	-3.120255	3.363814	6.759700	-0.000003	-0.000001	0.243559	7.976816	0.445880	0.000000	57183.699219	17481.894531	83199.921875
2002	01	0.000000	-3.019669	3.258309	6.654338	-0.000002	-0.000001	0.238640	15.375771	-6.778895	0.000000	57183.695312	17480.587891	83199.679688
2002	01	0.000000	-2.137285	2.371056	5.767234	-0.000002	-0.000001	0.233771	32.706203	-1.050915	0.000000	57183.695312	17479.300781	83199.453125
2002	01	0.000000	-2.264616	2.489825	5.886152	-0.000002	-0.000001	0.225210	37.327118	-2.427331	0.000000	57183.691406	17478.017578	83199.226562
2002	01	0.000000	-1.999970	2.214747	5.611223	-0.000002	-0.000001	0.214777	32.532810	-0.113411	0.000000	57183.691406	17476.740234	83199.007812
2002	01	0.000000	-1.916099	2.118195	5.514819	-0.000002	-0.000001	0.202096	37.849056	-3.073587	0.000000	57183.687500	17475.462891	83198.796875
2002	01	0.000000	-1.837943	2.025736	5.422510	-0.000002	-0.000001	0.187793	47.907188	-0.643389	0.000000	57183.687500	17474.195312	83198.585938
2002	02	0.000000	-2.016201	2.171540	5.239727	-0.000002	-0.000001	0.155339	27.200420	-0.610834	0.000000	57183.683594	17472.919922	83198.375000
2002	02	0.000000	-2.714354	2.857893	5.926210	-0.000002	-0.000001	0.143539	19.827282	1.229895	0.000000	57183.683594	17471.638672	83198.148438
2002	02	0.000000	-3.666583	3.803138	6.871580	-0.000003	-0.000002	0.136555	10.814089	-0.884725	0.000000	57183.679688	17470.333984	83197.906250
2002	02	0.000000	-3.010350	3.144808	6.213375	-0.000003	-0.000001	0.134458	17.185129	-0.446642	0.000000	57183.679688	17469.033203	83197.671875
2002	02	0.000000	-4.074544	4.207951	7.276639	-0.000003	-0.000002	0.133406	14.780482	-7.089353	0.000000	57183.679688	17467.718750	83197.414062
2002	02	0.000000	-3.973912	4.106960	7.175770	-0.000003	-0.000002	0.133047	12.826840	-0.429702	0.000000	57183.675781	17466.404297	83197.164062
2002	02	0.000000	-4.202729	4.336052	7.404982	-0.000003	-0.000002	0.133323	12.250875	2.477676	0.000000	57183.675781	17465.083984	83196.898438
2002	02	0.000000	-3.865495	3.999475	7.068525	-0.000003	-0.000002	0.133980	7.371669	0.451039	0.000000	57183.671875	17463.763672	83196.648438
2002	02	0.000000	-4.046422	4.181087	7.250257	-0.000003	-0.000002	0.134664	10.611373	1.052825	0.000000	57183.671875	17462.449219	83196.390625
2002	02	0.000000	-3.249467	3.384763	6.454058	-0.000003	-0.000001	0.135296	17.474133	-2.084142	0.000000	57183.671875	17461.144531	83196.148438
2002	02	0.000000	-3.367186	3.502924	6.572341	-0.000003	-0.000001	0.135738	24.387093	-2.915482	0.000000	57183.667969	17459.839844	83195.898438
2002	02	0.000000	-4.754825	4.890881	7.960417	-0.000003	-0.000002	0.136056	-3.208631	2.455782	0.000000	57183.667969	17458.517578	83195.640625
2002	02	0.000000	-3.940929	4.077467	7.147121	-0.000003	-0.000002	0.136538	1.058334	-2.406364	0.000000	57183.667969	17457.191406	83195.375000
2002	02	0.000000	-4.389923	4.527091	7.596864	-0.000003	-0.000002	0.137168	-0.836938	2.373211	0.000000	57183.664062	17455.875000	83195.117188
2002	02	0.000000	-4.299105	4.436881	7.506770	-0.000003	-0.000002	0.137776	7.571880	2.522648	0.000000	57183.664062	17454.544922	83194.851562
2002	02	0.000000	-4.394799	4.533219	7.603227	-0.000003	-0.000002	0.138420	0.527923	2.679508	0.000000	57183.660156	17453.224609	83194.593750
2002	02	0.000000	-4.283572	4.422616	7.492742	-0.000003	-0.000002	0.139045	0.115023	1.792342	0.000000	57183.660156	17451.896484	83194.320312
2002	02	0.000000	-4.498140	4.637788	7.708030	-0.000003	-0.000002	0.139648	1.397617	3.271722	0.000000	57183.660156	17450.570312	83194.054688
2002	02	0.000000	-4.245061	4.385310	7.455669	-0.000003	-0.000002	0.140249	1.737284	3.987998	0.000000	57183.656250	17449.244141	83193.789062
2002	02	0.000000	-4.666454	4.807289	7.877765	-0.000003	-0.000002	0.140834	3.634961	3.464548	0.000000	57183.656250	17447.916016	83193.523438
2002	02	0.000000	-4.442124	4.583520	7.654113	-0.000003	-0.000002	0.141396	-3.706551	1.219121	0.000000	57183.652344	17446.585938	83193.250000
2002	02	0.000000	-4.274839	4.416798	7.487507	-0.000003	-0.000002	0.141960	-1.605739	-0.107893	0.000000	57183.652344	17445.255859	83192.984375
2002	02	0.000000	-3.964911	4.107399	7.178227	-0.000003	-0.000002	0.142489	13.823990	7.082242	0.000000	57183.652344	17443.939453	83192.726562
2002	02	0.000000	-3.654931	3.797862	6.868808	-0.000003	-0.000002	0.142931	17.035877	3.404514	0.000000	57183.648438	17442.623047	83192.468750
2002	02	0.000000	-2.896339	3.039612	6.110681	-0.000003	-0.000001	0.143273	22.058546	2.792544	0.000000	57183.648438	17441.322266	83192.226562
2002	02	0.000000	-3.020909	3.164388	6.235580	-0.000003	-0.000001	0.143479	24.583927	4.009184	0.000000	57183.644531	17440.027344	83191.992188
2002	02	0.000000	-3.060890	3.204425	6.275740	-0.000003	-0.000001	0.143535	23.024456	7.967300	0.000000	57183.644531	17438.734375	83191.757812
2002	02	0.000000	-3.536994	3.680517	6.751953	-0.000003	-0.000002	0.143523	21.867544	4.938233	0.000000	57183.644531	17437.429688	83191.507812
2002	03	0.000000	-2.808453	2.967357	6.368010	-0.000002	-0.000001	0.158904	33.792538	1.507234	0.000000	57183.640625	17436.132812	83191.273438
2002	03	0.000000	-2.557439	2.716345	6.117136	-0.000002	-0.000001	0.158905	24.515848	3.024150	0.000000	57183.640625	17434.853516	83191.054688
2002	03	0.000000	-2.431473	2.590209	5.991138	-0.000002	-0.000001	0.158737	27.976215	3.268495	0.000000	57183.640625	17433.578125	83190.835938
2002	03	0.000000	-3.047706	3.206077	6.607143	-0.000002	-0.000001	0.158371	12.176924	4.729333	0.000000	57183.636719	17432.300781	83190.617188
2002	03	0.000000	-3.580591	3.738496	7.139694	-0.000003	-0.000001	0.157905	12.042842	-1.008819	0.000000	57183.636719	17431.001953	83190.375000
2002	03	0.000000	-2.791318	2.948889	6.350221	-0.000002	-0.000001	0.157570	22.697411	1.129343	0.000000	57183.632812	17429.714844	83190.148438
2002	03	0.000000	-2.610205	2.767554	6.169022	-0.000002	-0.000001	0.157349	24.298872	5.603312	0.000000	57183.632812	17428.437500	83189.929688
2002	03	0.000000	-2.642430	2.799489	6.201093	-0.000002	-0.000001	0.157059	29.623148	6.003483	0.000000	57183.632812	17427.164062	83189.710938
2002	03	0.000000	-3.045984	3.202655	6.604393	-0.000002	-0.000001	0.156672	19.839991	3.550557	0.000000	57183.628906	17425.880859	83189.492188
2002	03	0.000000	-2.783298	2.939615	6.341486	-0.000002	-0.000001	0.156316	32.922977	5.702650	0.000000	57183.628906	17424.603516	83189.265625
2002	03	0.000000	-2.663890	2.819960	6.221966	-0.000002	-0.000001	0.156070	35.091099	7.002697	0.000000	57183.628906	17423.328125	83189.054688
2002	03	0.000000	-3.323315	3.479167	6.881305	-0.000003	-0.000001	0.155852	27.162287	6.788917	0.000000	57183.625000	17422.042969	83188.828125
2002	03	0.000000	-3.792040	3.947728	7.349995	-0.000003	-0.000001	0.155688	9.339451	3.231979	0.000000	57183.625000	17420.751953	83188.593750
2002	03	0.000000	-3.989453	4.145129	7.547523	-0.000003	-0.000002	0.155676	22.421810	8.010327	0.000000	57183.621094	17419.451172	83188.351562
2002	03	0.000000	-3.311548	3.467360	6.869883	-0.000003	-0.000001	0.155812	24.545506	7.734634	0.000000	57183.621094	17418.162109	83188.117188
2002	03	0.000000	-4.343863	4.499870	7.902520	-0.000003	-0.000002	0.156006	22.341089	10.761043	0.000000	57183.621094	17416.861328	83187.875000
2002	03	0.000000	-3.252141	3.408362	6.811140	-0.000003	-0.000001	0.156220	27.824894	3.465790	0.000000	57183.617188	17415.562500	83187.632812
2002	03	0.000000	-2.836476	2.992958	6.395867	-0.000002	-0.000001	0.156482	41.025318	9.423653	0.000000	57183.617188	17414.285156	83187.414062
2002	03	0.000000	-3.164957	3.321571	6.724611	-0.000003	-0.000001	0.156614	32.119953	7.445183	0.000000	57183.617188	17413.003906	83187.187500
2002	03	0.000000	-2.868221	3.024837	6.428008	-0.000002	-0.000001	0.156616	42.147884	8.903080	0.000000	57183.613281	17411.722656	83186.968750
2002	03	0.000000	-2.735842	2.892421	6.295723	-0.000002	-0.000001	0.156579	50.539452	10.754761	0.000000	57183.613281	17410.449219	83186.750000
2002	03	0.000000	-3.241880	3.398387	6.801819	-0.000003	-0.000001	0.156507	34.572845	13.452283	0.000000	57183.609375	17409.171875	83186.531250
2002	03	0.000000	-3.825140	3.981549	7.385108	-0.000003	-0.000001	0.156409	23.600927	13.502895	0.000000	57183.609375	17407.880859	83186.296875
2002	03	0.000000	-3.683384	3.839755	7.243439	-0.000003	-0.000001	0.156371	28.360521	12.680464	0.000000	57183.609375	17406.587891	83186.054688
2002	03	0.000000	-3.743247	3.899697	7.303507	-0.000003	-0.000001	0.156450	31.336897	15.574850	0.000000	57183.605469	17405.294922	83185.820312
2002	03	0.000000	-4.148475	4.305060	7.708994	-0.000003	-0.000002	0.156586	26.299831	14.277451	0.000000	57183.605469	17403.998047	83185.578125
2002	03	0.000000	-4.618884	4.775676	8.179732	-0.000003	-0.000002	0.156792	21.856840	16.204786	0.000000	57183.605469	17402.691406	83185.335938
2002	03	0.000000	-4.876911	5.034066	8.438242	-0.000003	-0.000002	0.157155	0.885593	5.595681	0.000000	57183.601562	17401.376953	83185.070312
2002	03	0.000000	-4.943020	5.100703	8.504999	-0.000003	-0.000002	0.157682	1.600282	9.450502	0.000000	57183.601562	17400.060547	83184.812500
2002	03	0.000000	-4.879828	5.038095	8.442512	-0.000003	-0.000002	0.158267	19.993633	27.661840	0.000000	57183.597656	17398.742188	83184.554688
2002	03	0.000000	-4.238793	4.397889	7.802427	-0.000003	-0.000002	0.159096	20.846405	29.346832	0.000000	57183.597656	17397.429688	83184.296875
2002	04	0.000000	-3.799416	3.954070	7.248905	-0.000003	-0.000002	0.154654	16.753868	26.168175	0.000000	57183.597656	17396.132812	83184.054688
2002	04	0.000000	-4.004807	4.159804	7.454757	-0.000003	-0.000002	0.154997	29.089453	34.850773	0.000000	57183.593750	17394.830078	83183.804688
2002	04	0.000000	-3.686497	3.841699	7.136772	-0.000003	-0.000001	0.155202	34.456070	22.424662	0.000000	57183.593750	17393.529297	83183.562500
2002	04	0.000000	-3.830360	3.985597	7.280791	-0.000003	-0.000002	0.155237	22.078909	38.215652	0.000000	57183.593750	17392.234375	83183.328125
2002	04	0.000000	-4.233696	4.388861	7.684173	-0.000003	-0.000002	0.155164	13.972138	20.525600	0.000000	57183.589844	17390.931641	83183.078125
2002	04	0.000000	-4.557983	4.713215	8.008644	-0.000003	-0.000002	0.155232	12.411163	23.803030	0.000000	57183.589844	17389.619141	83182.820312
2002	04	0.000000	-4.551373	4.707159	8.002703	-0.000003	-0.000002	0.155785	26.627298	16.412466	0.000000	57183.589844	17388.304688	83182.562500
2002	04	0.000000	-4.507816	4.664458	7.960119	-0.000003	-0.000002	0.156642	27.845112	20.048197	0.000000	57183.585938	17386.992188	83182.304688
2002	04	0.000000	-4.335471	4.849078	8.144855	-0.000003	-0.000002	0.513607	29.466867	23.591005	0.000000	57183.585938	17385.679688	83182.046875
2002	04	0.000000	-4.564853	17.580683	20.876575	-0.000008	-0.000007	13.015829	44.534286	26.436281	0.000000	57183.878906	17384.365234	83181.554688
2002	04	0.000000	-4.564916	16.854116	20.150126	-0.000008	-0.000007	12.289201	9.829936	14.140910	0.000000	57184.402344	17383.054688	83180.875000
2002	04	0.000000	-5.429762	16.697828	19.993952	-0.000008	-0.000006	11.268065	-6.214990	-3.614138	0.000000	57184.660156	17381.728516	83180.367188
2002	04	0.000000	-5.686811	72.143303	75.439537	-0.000029	-0.000028	66.456490	-6.385758	-0.949882	0.000000	57185.953125	17380.392578	83178.460938
2002	04	0.000000	-6.296440	90.161568	93.457909	-0.000036	-0.000035	83.865128	-13.268978	-4.158823	0.000000	57186.808594	17379.044922	83175.875000
2002	04	0.000000	-6.206300	110.441803	113.738258	-0.000044	-0.000043	104.235504	-18.007010	0.077790	0.000000	57187.664062	17377.691406	83172.421875
2002	04	0.000000	-6.345337	101.024895	104.321457	-0.000040	-0.000039	94.679558	58.614296	22.889410	0.000000	57188.488281	17376.337891	83168.921875
2002	04	0.000000	-6.033965	123.496109	126.792770	-0.000049	-0.000048	117.462135	39.049091	20.812834	0.000000	57189.382812	17374.986328	83164.976562
2002	04	0.000000	-5.517637	110.001534	113.298317	-0.000044	-0.000042	104.483902	31.498350	18.410681	0.000000	57190.312500	17373.638672	83160.890625
2002	04	0.000000	-5.442410	108.049644	111.346535	-0.000043	-0.000042	102.607231	74.169281	40.758396	0.000000	57191.101562	17372.302734	83157.234375
2002	04	0.000000	-5.451051	108.295532	111.592545	-0.000043	-0.000042	102.844482	96.360260	15.098226	0.000000	57191.847656	17370.964844	83153.578125
2002	04	0.000000	-5.908259	111.099174	114.396294	-0.000044	-0.000043	105.190918	98.396721	24.884703	0.000000	57192.570312	17369.623047	83149.835938
2002	04	0.000000	-6.320910	115.980690	119.277916	-0.000046	-0.000045	109.659782	82.064560	31.179668	0.000000	57193.292969	17368.267578	83145.945312
2002	04	0.000000	-6.902184	125.817993	129.115326	-0.000050	-0.000049	118.915810	48.264755	42.250702	0.000000	57194.023438	17366.902344	83141.828125
2002	04	0.000000	-5.526132	107.225685	110.523117	-0.000043	-0.000041	101.699547	31.203690	79.689819	0.000000	57194.738281	17365.539062	83137.726562
2002	04	0.000000	-4.596000	80.971359	84.268913	-0.000033	-0.000031	76.375359	107.740593	91.196800	0.000000	57195.250000	17364.208984	83134.492188
2002	04	0.000000	-4.581638	62.895454	66.193123	-0.000026	-0.000024	58.313816	159.595337	24.799814	0.000000	57195.558594	17362.886719	83132.085938
2002	04	0.000000	-4.897089	59.557987	62.855770	-0.000024	-0.000023	54.660896	135.084427	21.968288	0.000000	57195.773438	17361.564453	83129.992188
2002	04	0.000000	-5.406096	69.887566	73.185471	-0.000028	-0.000027	64.481468	111.593109	25.685299	0.000000	57196.003906	17360.228516	83127.726562
2002	04	0.000000	-5.574497	82.425415	85.723427	-0.000033	-0.000032	76.850922	80.200211	39.003525	0.000000	57196.292969	17358.882812	83125.054688
2002	04	0.000000	-5.555363	85.188057	88.486176	-0.000034	-0.000033	79.632698	104.923111	40.443550	0.000000	57196.613281	17357.539062	83122.156250
2002	05	0.000000	-5.420438	84.873238	88.281410	-0.000033	-0.000032	79.452805	126.543159	34.337032	0.000000	57196.921875	17356.197266	83119.234375
2002	05	0.000000	-5.851266	85.587997	88.996284	-0.000033	-0.000032	79.736725	89.625229	20.299540	0.000000	57197.183594	17354.859375	83116.453125
2002	05	0.000000	-6.161675	97.243057	100.651466	-0.000038	-0.000036	91.081390	43.101460	32.635246	0.000000	57197.472656	17353.503906	83113.382812
2002	05	0.000000	-6.114369	114.472946	117.881462	-0.000044	-0.000043	108.358582	-8.637893	38.114719	0.000000	57197.816406	17352.144531	83109.781250
2002	05	0.000000	-5.570226	107.639534	111.048172	-0.000041	-0.000040	102.069313	45.661690	16.625748	0.000000	57198.144531	17350.804688	83106.164062
2002	05	0.000000	-6.016784	115.628456	119.037209	-0.000044	-0.000043	109.611664	48.653484	38.743629	0.000000	57198.453125	17349.453125	83102.414062
2002	05	0.000000	-5.725751	108.295792	111.704651	-0.000042	-0.000040	102.570038	16.610981	32.038952	0.000000	57198.750000	17348.103516	83098.671875
2002	05	0.000000	-6.187774	118.107162	121.516136	-0.000045	-0.000044	111.919388	97.220993	24.136137	0.000000	57199.007812	17346.757812	83095.046875
2002	05	0.000000	-6.399185	123.714417	127.123505	-0.000047	-0.000046	117.315231	109.721802	31.145302	0.000000	57199.308594	17345.400391	83091.046875
2002	05	0.000000	-6.334733	121.563522	124.972717	-0.000047	-0.000045	115.228790	116.578125	29.523014	0.000000	57199.601562	17344.041016	83087.000000
2002	05	0.000000	-7.048136	126.832451	130.241760	-0.000049	-0.000047	119.784317	92.132820	37.695366	0.000000	57199.882812	17342.677734	83082.906250
2002	05	0.000000	-7.950787	138.852173	142.261581	-0.000053	-0.000052	130.901382	68.020844	39.976162	0.000000	57200.195312	17341.285156	83078.476562
2002	05	0.000000	-7.758023	136.427582	139.837097	-0.000052	-0.000051	128.669556	87.160004	41.506073	0.000000	57200.500000	17339.896484	83073.968750
2002	05	0.000000	-7.644454	130.820206	134.229843	-0.000050	-0.000049	123.175758	90.132126	38.461514	0.000000	57200.777344	17338.511719	83069.632812
2002	05	0.000000	-8.728453	138.709579	142.119308	-0.000053	-0.000052	129.981110	45.437405	50.172718	0.000000	57201.058594	17337.105469	83065.132812
2002	05	0.000000	-7.434482	129.736008	133.145844	-0.000050	-0.000048	122.301529	102.248817	59.934563	0.000000	57201.324219	17335.697266	83060.664062
2002	05	0.000000	-6.687713	116.745071	120.155029	-0.000045	-0.000044	110.057365	118.316582	47.114319	0.000000	57201.511719	17334.328125	83056.718750
2002	05	0.000000	-7.256319	121.298233	124.708298	-0.000047	-0.000045	114.041916	103.788864	62.213127	0.000000	57201.691406	17332.949219	83052.757812
2002	05	0.000000	-7.720411	125.903145	129.313309	-0.000048	-0.000047	118.182724	86.377014	71.440781	0.000000	57201.878906	17331.558594	83048.664062
2002	05	0.000000	-8.357106	129.263672	132.673950	-0.000050	-0.000048	120.906563	70.827232	80.812210	0.000000	57202.062500	17330.158203	83044.476562
2002	05	0.000000	-8.943983	132.852951	136.263336	-0.000051	-0.000050	123.908974	49.335300	72.045166	0.000000	57202.250000	17328.742188	83040.140625
2002	05	0.000000	-8.357582	128.372116	131.782593	-0.000049	-0.000048	120.014534	6.787831	18.990849	0.000000	57202.429688	17327.318359	83035.765625
2002	05	0.000000	-6.963893	118.247398	121.657982	-0.000045	-0.000044	111.283508	73.019897	94.535797	0.000000	57202.558594	17325.923828	83031.718750
2002	05	0.000000	-6.594894	110.667511	114.078209	-0.000043	-0.000041	104.072609	126.358299	50.862743	0.000000	57202.652344	17324.552734	83028.031250
2002	05	0.000000	-7.535123	114.645760	118.056572	-0.000044	-0.000043	107.110634	103.640495	61.545780	0.000000	57202.750000	17323.173828	83024.335938
2002	05	0.000000	-9.266815	130.074860	133.485779	-0.000050	-0.000049	120.808044	57.355053	66.195526	0.000000	57202.882812	17321.755859	83020.226562
2002	05	0.000000	-9.717798	131.071564	134.482590	-0.000050	-0.000049	121.353767	55.407784	77.982903	0.000000	57203.019531	17320.320312	83015.953125
2002	05	1.212706	-9.959269	137.644409	139.842819	-0.000052	-0.000051	126.472420	19.406849	66.917892	3256.975830	57203.152344	17318.865234	83011.539062
2002	05	34.145378	15.902807	135.100250	104.366104	-0.000039	-0.000038	116.857681	-5.744037	28.906605	91704.585938	57203.273438	17317.605469	83007.335938
2002	05	76.121216	44.194386	153.355545	80.645683	-0.000030	-0.000029	121.428703	-4.141401	61.156376	204439.515625	57203.355469	17317.263672	83004.281250
2002	05	105.093513	65.232254	155.859619	54.177570	-0.000020	-0.000019	115.998352	4.501377	83.882500	282250.718750	57203.453125	17317.716797	83001.898438
2002	06	113.933533	71.893852	145.487625	34.855618	-0.000013	-0.000012	103.447937	52.818176	83.972183	316192.187500	57203.511719	17318.939453	83000.601562
2002	06	128.673050	81.071846	148.662567	23.291157	-0.000009	-0.000008	101.061356	70.833237	67.596901	357097.812500	57203.558594	17320.316406	82999.664062
2002	06	160.109879	103.026672	157.432175	0.624067	-0.000000	0.000001	100.348984	65.532944	75.560440	444342.312500	57203.609375	17322.142578	82999.164062
2002	06	162.282043	102.501793	158.719437	-0.260757	0.000000	0.000001	98.939178	60.876137	70.178474	450370.625000	57203.652344	17324.564453	82999.335938
2002	06	213.658340	140.678909	168.633057	-41.723312	0.000016	0.000017	95.653648	18.871849	82.379379	592951.812500	57203.691406	17327.144531	82999.687500
2002	06	236.590424	157.151443	173.487045	-59.801346	0.000023	0.000024	94.048073	5.207488	70.967804	656593.750000	57203.718750	17331.048828	83001.500000
2002	06	243.278305	162.649200	181.821365	-58.154812	0.000022	0.000024	101.192261	8.918550	93.896248	675154.187500	57203.750000	17335.173828	83003.468750
2002	06	194.615295	128.687241	173.661621	-17.651430	0.000007	0.000008	107.733589	19.833660	94.907288	540102.937500	57203.804688	17339.134766	83004.953125
2002	06	269.664215	184.325150	190.576614	-75.785278	0.000029	0.000031	105.237549	63.591892	70.993690	748381.312500	57203.835938	17343.029297	83006.367188
2002	06	241.910034	158.733780	187.703735	-50.903881	0.000020	0.000021	104.527489	13.235698	84.043663	671356.937500	57203.863281	17347.675781	83008.546875
2002	06	268.989288	178.128723	191.437103	-74.249695	0.000029	0.000030	100.576546	59.376534	97.149490	746508.250000	57203.878906	17352.333984	83010.859375
2002	06	263.133087	173.819717	184.934708	-74.895798	0.000029	0.000030	95.621330	46.072865	84.473434	730255.875000	57203.882812	17357.310547	83013.625000
2002	06	225.967209	141.372009	180.814804	-41.849712	0.000016	0.000017	96.219612	53.335663	75.501190	627111.812500	57203.875000	17361.527344	83015.726562
2002	06	296.405365	196.302170	193.910889	-99.191696	0.000038	0.000040	93.807701	79.272697	91.364799	822594.187500	57203.871094	17366.021484	83018.101562
2002	06	294.056671	194.066666	190.520874	-100.232910	0.000039	0.000040	90.530884	86.021492	84.409119	816076.000000	57203.859375	17371.523438	83021.593750
2002	06	263.722656	171.552872	178.457428	-81.962257	0.000032	0.000033	86.287636	96.325592	70.005989	731892.062500	57203.839844	17376.708984	83024.890625
2002	06	264.099731	169.152161	180.785706	-80.010956	0.000031	0.000032	85.838142	67.663071	70.832413	732938.500000	57203.816406	17381.289062	83027.664062
2002	06	285.968353	188.693298	178.213562	-104.451653	0.000040	0.000042	80.938492	9.343508	70.197563	793629.125000	57203.789062	17385.900391	83030.539062
2002	06	263.194702	169.606140	173.131058	-86.760391	0.000033	0.000035	79.542503	30.785635	63.161388	730426.875000	57203.753906	17390.957031	83033.984375
2002	06	299.629669	196.186386	181.327515	-114.998810	0.000044	0.000046	77.884224	72.386795	82.026901	831542.375000	57203.718750	17395.871094	83037.359375
2002	06	330.928436	219.577866	187.239868	-140.385086	0.000054	0.000055	75.889328	60.294369	92.473618	918403.750000	57203.687500	17401.832031	83041.804688
2002	06	308.021729	200.282349	200.818497	-103.899673	0.000040	0.000041	93.079147	24.601492	95.554741	854832.312500	57203.667969	17407.669922	83045.898438
2002	06	321.524078	208.933731	242.187958	-76.032501	0.000029	0.000031	129.597595	38.347118	117.114326	892304.500000	57203.675781	17413.486328	83049.085938
2002	06	305.907745	194.293457	237.576920	-65.027100	0.000025	0.000026	125.962646	-6.931086	108.651497	848965.500000	57203.667969	17419.384766	83051.726562
2002	06	288.634644	180.572250	229.521561	-55.809315	0.000022	0.000023	121.459152	-26.785732	80.660393	801028.625000	57203.632812	17424.484375	83053.742188
2002	06	287.820435	177.173447	229.608231	-54.908344	0.000021	0.000022	118.961243	22.102684	104.547379	798769.000000	57203.578125	17429.880859	83056.234375
2002	06	266.636536	159.199127	225.243774	-38.088818	0.000015	0.000016	117.806366	25.034781	122.331573	739978.750000	57203.519531	17434.791016	83058.281250
2002	06	262.703247	153.535431	225.736694	-33.662552	0.000013	0.000014	116.568871	21.138651	130.638336	729062.937500	57203.457031	17439.080078	83059.710938
2002	06	261.647522	152.281631	221.770508	-36.572945	0.000014	0.000015	112.404625	18.228964	116.637222	726133.000000	57203.382812	17443.189453	83061.062500
2002	06	288.482269	175.997086	214.988327	-70.189796	0.000027	0.000028	102.503151	17.498636	118.165222	800605.812500	57203.300781	17447.332031	83062.679688
2002	07	318.325989	201.029984	213.136536	-101.775116	0.000038	0.000039	95.840515	68.580170	100.260078	854931.312500	57203.203125	17452.289062	83065.414062
2002	07	299.305206	191.998520	191.209946	-104.680824	0.000039	0.000040	83.903252	103.158867	82.131409	803847.062500	57203.085938	17457.816406	83069.148438
2002	07	283.471710	179.596252	182.635086	-97.422073	0.000036	0.000038	78.759621	99.744621	77.060181	761322.875000	57202.968750	17462.722656	83072.500000
2002	07	285.522217	181.164307	177.730560	-104.376968	0.000039	0.000040	73.372673	88.977081	79.289497	766829.812500	57202.832031	17467.597656	83075.992188
2002	07	261.046600	156.940018	176.853928	-80.777908	0.000030	0.000031	72.747337	-50.307369	89.202568	701095.500000	57202.625000	17471.876953	83078.960938
2002	07	222.249100	128.408905	165.577393	-53.256851	0.000020	0.000021	71.737190	100.642181	69.860710	596896.687500	57202.410156	17475.988281	83081.835938
2002	07	229.216995	137.976013	156.653946	-69.148064	0.000026	0.000027	65.412971	112.808678	65.416100	615610.375000	57202.242188	17479.121094	83083.820312
2002	07	230.405350	138.443649	154.155670	-72.834587	0.000027	0.000028	62.193958	57.723415	69.534424	618802.000000	57202.046875	17482.435547	83086.156250
2002	07	230.323593	135.933426	156.471420	-70.436958	0.000026	0.000028	62.081242	88.978119	79.094986	618582.437500	57201.851562	17485.744141	83088.523438
2002	07	238.395538	138.273499	161.015030	-73.965187	0.000028	0.000029	60.892990	66.253754	93.875710	640261.250000	57201.660156	17489.042969	83090.890625
2002	07	243.150314	146.399338	152.424362	-87.310532	0.000033	0.000034	55.673386	94.316391	82.307129	653031.250000	57201.453125	17492.621094	83093.656250
2002	07	186.810684	104.860695	135.820099	-47.575039	0.000018	0.000019	53.870102	85.335724	64.503395	501719.343750	57201.253906	17495.892578	83096.257812
2002	07	192.262054	106.333405	138.892624	-49.953773	0.000019	0.000020	52.963966	-3.379249	67.035370	516360.156250	57201.113281	17497.980469	83097.671875
2002	07	159.952011	78.521500	136.026627	-20.509630	0.000008	0.000009	54.596115	63.466667	72.101562	429584.750000	57200.976562	17499.994141	83099.023438
2002	07	135.524124	57.961761	131.524734	-0.583551	0.000000	0.000001	53.962364	20.627392	71.101768	363978.500000	57200.871094	17501.375000	83099.726562
2002	07	142.643753	70.513481	121.764786	-17.463015	0.000007	0.000008	49.634518	100.830833	49.815254	383099.750000	57200.781250	17502.107422	83099.835938
2002	07	162.655090	89.590668	118.494980	-40.744034	0.000015	0.000016	45.430553	115.924873	48.702488	436844.437500	57200.683594	17503.687500	83100.960938
2002	07	210.135880	126.240486	125.762764	-80.956894	0.000030	0.000032	41.867374	62.732841	63.468262	564364.000000	57200.546875	17505.669922	83102.585938
2002	07	168.961105	92.726181	118.619461	-46.925289	0.000018	0.000019	42.384537	69.532280	58.037586	453780.562500	57200.367188	17508.363281	83105.015625
2002	07	133.050598	63.637409	113.212234	-16.421896	0.000006	0.000007	43.799042	38.090023	49.150112	357335.375000	57200.242188	17509.859375	83106.195312
2002	07	172.123322	95.828674	118.253036	-50.453701	0.000019	0.000020	41.958389	64.338791	53.519474	462273.312500	57200.144531	17510.904297	83106.890625
2002	07	232.379395	145.175262	159.856674	-69.106026	0.000026	0.000027	72.652550	53.036091	93.378624	624103.687500	57200.019531	17513.224609	83108.484375
2002	07	226.342896	138.936722	158.581741	-64.344322	0.000024	0.000025	71.175568	100.161919	61.541885	607891.375000	57199.882812	17517.283203	83111.250000
2002	07	218.086807	133.972534	148.448273	-66.221588	0.000025	0.000026	64.333992	23.150473	54.923218	585718.000000	57199.757812	17520.441406	83113.273438
2002	07	177.644714	98.785263	142.463303	-31.764338	0.000012	0.000013	63.603863	-28.949699	54.660542	477102.218750	57199.640625	17523.070312	83114.914062
2002	07	187.089920	104.122414	144.278671	-39.394096	0.000015	0.000016	61.311150	-4.975641	63.111179	502469.312500	57199.550781	17525.191406	83116.085938
2002	07	219.888290	130.948929	147.968338	-68.502686	0.000026	0.000027	59.028988	48.213757	94.198898	590556.250000	57199.421875	17527.994141	83118.046875
2002	07	231.919540	142.174088	172.983643	-55.518497	0.000021	0.000022	83.238205	70.096077	83.254288	622868.625000	57199.300781	17531.230469	83120.015625
2002	07	235.148438	143.308029	167.256073	-64.474846	0.000024	0.000025	75.415680	52.197788	74.927864	631540.500000	57199.179688	17534.736328	83122.023438
2002	07	191.977646	112.331017	147.835480	-40.724541	0.000015	0.000016	68.188866	69.934387	53.731388	515596.312500	57199.046875	17537.781250	83123.828125
2002	07	222.258926	141.826431	154.307541	-64.533630	0.000024	0.000025	73.875053	38.376503	99.533211	596923.062500	57198.929688	17540.578125	83125.445312
2002	08	221.173630	141.416107	161.282074	-56.473652	0.000021	0.000022	81.524574	2.148933	104.597862	594008.250000	57198.789062	17544.066406	83127.523438
2002	08	224.816818	143.483337	188.775528	-32.623253	0.000012	0.000013	107.442062	71.475113	97.802559	603792.750000	57198.648438	17547.353516	83128.718750
2002	08	247.014481	161.087250	181.030655	-62.565655	0.000023	0.000025	95.103432	129.032852	61.169464	663409.250000	57198.484375	17551.113281	83130.320312
2002	08	253.912964	166.434540	176.208527	-74.286118	0.000028	0.000029	88.730110	132.197037	59.909248	681936.625000	57198.281250	17555.146484	83132.468750
2002	08	255.953354	165.273529	177.490433	-75.044464	0.000028	0.000029	86.810600	107.390038	64.857643	687416.500000	57198.058594	17559.376953	83134.968750
2002	08	243.284195	152.080399	178.117126	-61.748459	0.000023	0.000024	86.913330	51.934551	71.299400	653390.875000	57197.847656	17563.433594	83137.289062
2002	08	281.969574	179.836807	187.908676	-90.642166	0.000034	0.000035	85.775917	19.891001	90.637749	757288.562500	57197.640625	17567.306641	83139.429688
2002	08	264.578827	167.370605	211.666077	-49.493908	0.000018	0.000020	114.457848	47.669262	91.837708	710582.000000	57197.410156	17571.812500	83141.765625
2002	08	272.436188	170.610977	212.056061	-56.961166	0.000021	0.000023	110.230858	44.474911	83.995567	731684.562500	57197.199219	17576.119141	83143.507812
2002	08	268.867188	170.498322	199.594803	-65.853325	0.000025	0.000026	101.225914	34.798649	81.895653	722099.375000	57196.960938	17580.708984	83145.781250
2002	08	241.015442	147.144562	192.560379	-45.035873	0.000017	0.000018	98.689514	50.302795	76.040947	647297.625000	57196.738281	17584.550781	83147.476562
2002	08	249.180481	154.425400	187.946579	-57.814632	0.000022	0.000023	93.191483	32.750572	72.336288	669226.562500	57196.523438	17588.468750	83149.351562
2002	08	244.809891	153.604004	179.208694	-62.181812	0.000023	0.000024	88.002808	40.390068	66.742424	657488.375000	57196.292969	17592.324219	83151.367188
2002	08	234.391449	146.385620	174.174576	-56.797379	0.000021	0.000022	86.168755	0.658892	77.460419	629507.500000	57196.058594	17596.199219	83153.546875
2002	08	193.723297	114.945763	171.948990	-18.354713	0.000007	0.000008	93.171455	-5.768731	64.585457	520284.625000	57195.855469	17599.437500	83154.976562
2002	08	175.931107	104.201645	189.257416	16.746017	-0.000006	-0.000005	117.527962	4.372131	53.051025	472499.906250	57195.664062	17601.843750	83154.976562
2002	08	171.408951	102.082962	186.186539	18.197409	-0.000007	-0.000006	116.860550	0.532665	109.282173	460354.750000	57195.460938	17604.248047	83154.765625
2002	08	187.342667	114.463486	195.558914	11.636195	-0.000004	-0.000003	122.679741	27.923122	61.485691	503148.093750	57195.226562	17606.330078	83153.976562
2002	08	244.356750	155.620819	206.151947	-34.784744	0.000013	0.000014	117.415993	74.941521	67.727081	656271.437500	57194.980469	17609.390625	83154.289062
2002	08	238.207062	148.034119	207.530151	-27.256723	0.000010	0.000011	117.357208	30.659216	70.902840	639755.125000	57194.734375	17613.205078	83155.367188
2002	08	236.639923	146.600113	204.582779	-28.636827	0.000011	0.000012	114.542969	46.929409	68.540077	635546.250000	57194.488281	17616.728516	83156.234375
2002	08	247.663620	153.479675	209.350891	-34.892307	0.000013	0.000014	115.166939	50.951805	81.010704	665152.687500	57194.238281	17620.523438	83157.429688
2002	08	223.444077	132.370911	204.985672	-15.037891	0.000006	0.000007	113.912483	36.315796	83.102295	600106.062500	57193.988281	17624.289062	83158.570312
2002	08	229.761566	137.560013	203.359024	-22.981884	0.000009	0.000010	111.157494	37.198673	82.138390	617072.937500	57193.738281	17627.468750	83159.195312
2002	08	213.357529	122.410294	201.321426	-8.615359	0.000003	0.000004	110.374176	21.625862	85.141167	573016.500000	57193.488281	17630.660156	83159.890625
2002	08	213.202072	121.538521	199.677414	-10.103850	0.000004	0.000005	108.013840	-6.440448	82.908882	572599.000000	57193.242188	17633.474609	83160.234375
2002	08	208.307663	115.137863	199.406067	-5.480733	0.000002	0.000003	106.236259	-24.711124	83.805534	559454.000000	57192.992188	17636.148438	83160.539062
2002	08	220.692856	128.471786	193.554260	-23.717651	0.000009	0.000010	101.333199	29.993399	75.194176	592717.062500	57192.750000	17639.113281	83161.226562
2002	08	212.278458	124.346039	182.935989	-25.921425	0.000010	0.000011	95.003578	23.048857	70.992462	570118.437500	57192.503906	17642.275391	83162.320312
2002	08	192.085678	105.032257	181.709656	-6.954882	0.000003	0.000004	94.656235	9.142920	77.378517	515886.437500	57192.269531	17645.054688	83163.117188
2002	08	185.148712	104.137367	176.266037	-5.461468	0.000002	0.000003	95.254677	-25.226690	65.431992	497255.781250	57192.035156	17647.302734	83163.429688
2002	09	200.237442	118.382240	192.736618	-4.189880	0.000002	0.000003	110.881416	24.765522	72.342239	555705.750000	57191.792969	17649.718750	83163.429688
2002	09	158.652283	90.241989	169.148376	13.807158	-0.000005	-0.000004	100.738091	-2.364642	45.219555	440297.187500	57191.535156	17652.291016	83163.601562
2002	09	198.595520	118.993279	178.705322	-16.579039	0.000006	0.000008	99.103073	33.756058	62.854561	551149.000000	57191.277344	17654.408203	83163.453125
2002	09	203.393204	123.678040	173.779007	-26.302912	0.000010	0.000011	94.063835	42.390331	61.640743	564463.687500	57191.023438	17657.320312	83164.250000
2002	09	194.811523	109.922447	181.821823	-9.678290	0.000004	0.000005	96.932777	1.214870	81.521019	540647.500000	57190.773438	17660.066406	83164.882812
2002	09	187.882034	111.963371	165.281616	-19.288925	0.000007	0.000009	89.362953	32.983627	52.264473	521416.562500	57190.527344	17662.796875	83165.570312
2002	09	169.142090	99.716965	152.823502	-13.006951	0.000005	0.000006	83.398384	23.205746	42.168579	469408.812500	57190.285156	17665.167969	83166.156250
2002	09	181.997559	108.268578	155.046280	-23.639513	0.000009	0.000010	81.317291	35.642212	54.070801	505085.750000	57190.050781	17667.416016	83166.750000
2002	09	179.100281	102.875313	158.402634	-17.385788	0.000007	0.000008	82.177650	17.068453	62.880917	497045.187500	57189.824219	17669.734375	83167.414062
2002	09	172.078461	100.978172	147.890152	-20.876328	0.000008	0.000009	76.789856	36.400047	52.764431	477557.968750	57189.601562	17672.082031	83168.195312
2002	09	168.404922	97.357948	145.296631	-19.796190	0.000008	0.000009	74.249641	14.663134	52.619179	467363.062500	57189.382812	17674.240234	83168.929688
2002	09	172.173325	98.460655	147.857361	-21.003727	0.000008	0.000009	74.144691	9.878889	55.755085	477821.218750	57189.171875	17676.339844	83169.640625
2002	09	149.733688	84.376266	135.560822	-10.860518	0.000004	0.000005	70.203392	-3.431227	38.687294	415546.000000	57188.964844	17678.359375	83170.304688
2002	09	113.001610	56.471569	126.097420	16.408276	-0.000006	-0.000005	69.567383	-7.024647	37.690845	313605.875000	57188.765625	17679.673828	83170.382812
2002	09	161.923950	95.258987	139.094177	-19.517179	0.000008	0.000009	72.429214	24.983114	49.343369	449376.843750	57188.570312	17680.779297	83170.203125
2002	09	170.028763	95.946823	148.447815	-18.268250	0.000007	0.000008	74.365868	14.356627	57.332222	471869.562500	57188.382812	17682.832031	83170.898438
2002	09	114.272049	59.776386	131.457245	20.498016	-0.000008	-0.000007	76.961578	-17.076851	61.135902	317131.656250	57188.187500	17684.599609	83171.289062
2002	09	156.005142	87.877129	187.227554	34.535355	-0.000013	-0.000012	119.099541	10.979093	43.481014	432950.750000	57187.949219	17685.554688	83169.929688
2002	09	149.902588	84.538666	174.447372	27.857836	-0.000011	-0.000009	109.083458	32.076000	46.045284	416014.718750	57187.660156	17687.412109	83169.054688
2002	09	139.738770	78.910011	161.217834	24.792238	-0.000010	-0.000008	100.389084	12.848194	46.991837	387807.718750	57187.359375	17689.068359	83168.343750
2002	09	95.246635	47.801949	141.617416	49.684082	-0.000019	-0.000018	94.172729	10.154172	46.883629	264331.687500	57187.066406	17690.207031	83167.289062
2002	09	74.118958	32.788692	128.478653	57.673138	-0.000022	-0.000021	87.148392	52.659546	35.420700	205697.437500	57186.781250	17690.458984	83165.601562
2002	09	68.460587	31.204693	116.589493	51.442493	-0.000020	-0.000019	79.333611	62.689739	25.017862	189994.125000	57186.507812	17690.349609	83163.820312
2002	09	80.052086	40.624275	114.349068	37.610714	-0.000015	-0.000013	74.921249	53.723557	24.121965	222163.265625	57186.246094	17690.199219	83162.195312
2002	09	53.469322	20.199856	107.352966	57.197533	-0.000022	-0.000021	74.083496	55.039284	25.443552	148389.875000	57186.003906	17690.136719	83160.710938
2002	09	55.996807	23.864887	101.903595	49.220840	-0.000019	-0.000018	69.771675	35.520973	29.993284	155404.234375	57185.765625	17689.591797	83158.875000
2002	09	55.582340	23.608845	101.476555	49.208431	-0.000019	-0.000018	69.503059	63.874382	19.029676	154254.000000	57185.535156	17689.101562	83157.125000
2002	09	56.923866	25.337790	96.047218	42.437737	-0.000016	-0.000015	64.461143	60.268654	14.257370	157977.046875	57185.312500	17688.621094	83155.492188
2002	09	84.013535	42.448719	110.519600	29.820608	-0.000012	-0.000010	68.954781	-4.683949	27.904720	233157.218750	57185.089844	17688.281250	83154.046875
2002	09	101.098228	50.424450	127.632614	29.849052	-0.000012	-0.000010	76.958832	-15.265836	26.503113	280571.218750	57184.878906	17688.574219	83152.968750
2002	10	69.107155	28.347502	119.737000	54.055119	-0.000020	-0.000019	78.977341	2.077704	32.213753	185601.781250	57184.660156	17688.847656	83151.734375
2002	10	71.147469	32.140984	114.556046	46.834000	-0.000017	-0.000016	75.549561	39.052979	22.844282	191081.484375	57184.433594	17688.636719	83150.125000
2002	10	102.328094	55.169594	121.040924	22.138409	-0.000008	-0.000007	73.882423	-17.343599	27.467400	274823.593750	57184.210938	17688.638672	83148.820312
2002	10	76.217003	33.679840	122.414879	49.623589	-0.000019	-0.000017	79.877708	7.666812	40.958046	204696.781250	57183.988281	17688.986328	83147.765625
2002	10	47.663845	16.149931	105.605133	61.367149	-0.000023	-0.000022	74.091217	26.447828	18.099056	128011.265625	57183.761719	17688.775391	83146.117188
2002	10	46.204254	16.495279	99.809929	57.031715	-0.000021	-0.000020	70.100960	8.335331	23.857077	124091.226562	57183.539062	17688.042969	83144.164062
2002	10	56.459385	24.034079	101.390419	48.357235	-0.000018	-0.000017	68.965118	17.400398	13.315237	151633.531250	57183.316406	17687.335938	83142.289062
2002	10	78.958290	38.823051	113.283043	37.751102	-0.000014	-0.000013	73.147804	10.392602	16.533049	212059.093750	57183.097656	17686.929688	83140.695312
2002	10	85.146332	41.873348	119.364731	37.644890	-0.000014	-0.000013	76.091751	4.972485	17.851761	228678.359375	57182.882812	17686.990234	83139.406250
2002	10	95.921761	48.847065	124.133484	31.638342	-0.000012	-0.000011	77.058784	-2.403585	22.095297	257618.031250	57182.660156	17686.835938	83138.218750
2002	10	69.125008	29.302811	117.955879	52.257610	-0.000020	-0.000018	78.133682	15.681515	19.015575	185649.734375	57182.457031	17684.791016	83137.039062
2002	10	39.529274	10.707275	101.688164	65.585777	-0.000024	-0.000023	72.866165	27.031969	13.322227	106164.171875	57182.308594	17679.722656	83135.320312
2002	10	30.199341	5.736246	86.381950	59.609653	-0.000022	-0.000021	61.918858	28.784801	19.637037	81106.679688	57182.234375	17671.685547	83133.296875
2002	10	49.606918	18.957552	94.870766	48.691063	-0.000018	-0.000017	64.221405	-18.596819	17.315582	133229.796875	57182.242188	17661.181641	83131.437500
2002	10	34.898132	6.971773	108.670410	77.199623	-0.000029	-0.000028	80.744049	-1.750292	19.968435	93726.265625	57182.417969	17648.517578	83129.375000
2002	10	31.211107	8.093048	98.462654	70.679070	-0.000026	-0.000025	75.344597	21.114397	7.550965	83823.984375	57182.742188	17633.207031	83126.945312
2002	10	21.118641	1.455539	93.519119	75.828171	-0.000028	-0.000027	73.856018	28.881895	9.986453	56718.542969	57183.191406	17615.394531	83124.515625
2002	10	19.195248	0.998515	87.330276	71.562904	-0.000027	-0.000025	69.133537	21.966848	17.376741	51552.871094	57183.761719	17595.003906	83122.039062
2002	10	13.971376	-1.610413	83.004440	72.461136	-0.000027	-0.000026	67.422653	26.173042	23.001072	37523.066406	57184.449219	17572.169922	83119.593750
2002	10	10.111534	-2.917813	74.864716	68.181450	-0.000025	-0.000024	61.835365	46.975334	11.359115	27156.650391	57185.250000	17546.857422	83117.156250
2002	10	7.849162	-2.458323	62.829029	58.408344	-0.000022	-0.000021	52.521545	50.708126	5.269085	21080.574219	57186.070312	17519.107422	83114.945312
2002	10	5.672973	-3.032080	56.977108	54.732834	-0.000020	-0.000019	48.272057	39.831429	6.969595	15235.960938	57186.882812	17488.953125	83112.921875
2002	10	3.409444	-3.317130	51.391445	51.410923	-0.000019	-0.000018	44.664871	44.634182	4.355609	9156.779297	57187.726562	17456.402344	83110.984375
2002	10	0.848408	-4.523025	48.089417	50.670162	-0.000019	-0.000018	42.717983	21.069715	6.293377	2278.578613	57188.578125	17421.486328	83109.101562
2002	10	0.000000	-5.049695	47.897354	51.326736	-0.000019	-0.000018	42.847660	-0.278556	8.051276	0.000000	57189.480469	17400.326172	83107.218750
2002	10	0.000000	-4.864936	46.799858	50.229458	-0.000019	-0.000017	41.934921	9.033967	9.103134	0.000000	57190.363281	17398.697266	83105.343750
2002	10	0.000000	-4.176260	43.648392	47.078213	-0.000018	-0.000016	39.472130	25.972761	9.077693	0.000000	57191.175781	17397.148438	83103.531250
2002	10	0.000000	-3.854708	38.418270	41.848316	-0.000016	-0.000014	34.563564	30.762083	4.253082	0.000000	57191.886719	17395.615234	83101.867188
2002	10	0.000000	-4.042457	34.571136	38.001396	-0.000014	-0.000013	30.528679	25.304174	9.799978	0.000000	57192.476562	17394.087891	83100.351562
2002	10	0.000000	-3.651293	25.589394	29.019871	-0.000011	-0.000010	21.938101	25.288857	10.013244	0.000000	57192.906250	17392.570312	83099.046875
2002	10	0.000000	-4.073350	21.914242	25.344933	-0.000009	-0.000008	17.840893	21.511084	9.353413	0.000000	57193.179688	17391.062500	83097.976562
2002	11	0.000000	-4.110916	19.864584	23.184807	-0.000009	-0.000008	15.753669	12.979721	8.225824	0.000000	57193.406250	17389.554688	83096.984375
2002	11	0.000000	-4.540334	19.830622	23.151041	-0.000009	-0.000008	15.290288	5.088525	3.936741	0.000000	57193.613281	17388.050781	83096.023438
2002	11	0.000000	-4.348265	19.506523	22.827135	-0.000009	-0.000008	15.158258	8.941767	4.808343	0.000000	57193.812500	17386.548828	83095.070312
2002	11	0.000000	-4.654406	19.689009	23.009809	-0.000009	-0.000008	15.034602	7.989614	3.970799	0.000000	57194.003906	17385.050781	83094.132812
2002	11	0.000000	-4.817582	19.803713	23.124701	-0.000009	-0.000008	14.986130	6.176093	5.873738	0.000000	57194.191406	17383.558594	83093.195312
2002	11	0.000000	-5.113574	20.115999	23.437170	-0.000009	-0.000008	15.002424	-3.250244	3.031084	0.000000	57194.371094	17382.066406	83092.265625
2002	11	0.000000	-4.337819	19.101107	22.422459	-0.000009	-0.000007	14.763288	10.330231	6.955243	0.000000	57194.546875	17380.583984	83091.343750
2002	11	0.000000	-4.925507	19.531906	22.853437	-0.000009	-0.000008	14.606400	1.796973	6.823162	0.000000	57194.714844	17379.107422	83090.437500
2002	11	0.000000	-3.729802	17.711571	21.033283	-0.000008	-0.000007	13.981770	31.741777	4.366627	0.000000	57194.875000	17377.638672	83089.554688
2002	11	0.000000	-3.552175	15.348779	18.670673	-0.000007	-0.000006	11.796603	31.155588	3.724954	0.000000	57195.007812	17376.191406	83088.734375
2002	11	0.000000	-3.559428	14.093884	17.415960	-0.000007	-0.000005	10.534454	21.473957	3.649138	0.000000	57195.121094	17374.748047	83087.976562
2002	11	0.000000	-3.428830	12.614141	15.936399	-0.000006	-0.000005	9.185312	20.772856	4.394624	0.000000	57195.218750	17373.310547	83087.273438
2002	11	0.000000	-2.893656	9.985704	13.308141	-0.000005	-0.000004	7.092050	33.291836	-3.439457	0.000000	57195.292969	17371.880859	83086.625000
2002	11	0.000000	-3.312423	8.524357	11.846973	-0.000005	-0.000003	5.211934	27.676422	4.241243	0.000000	57195.335938	17370.462891	83086.070312
2002	11	0.000000	-2.892590	7.462847	10.785638	-0.000004	-0.000003	4.570257	31.194489	1.439526	0.000000	57195.367188	17369.044922	83085.546875
2002	11	0.000000	-3.030988	6.459919	9.782887	-0.000004	-0.000002	3.428931	21.667009	-1.445545	0.000000	57195.386719	17367.638672	83085.062500
2002	11	0.000000	-4.226016	7.274931	10.598066	-0.000004	-0.000003	3.048916	-2.281650	0.745640	0.000000	57195.394531	17366.222656	83084.601562
2002	11	0.000000	-5.110175	8.170463	11.493757	-0.000004	-0.000003	3.060288	-21.815613	3.388667	0.000000	57195.406250	17364.792969	83084.132812
2002	11	0.000000	-4.724708	7.827865	11.151317	-0.000004	-0.000003	3.103156	-17.281052	3.976681	0.000000	57195.414062	17363.365234	83083.656250
2002	11	0.000000	-4.807011	7.931470	11.255079	-0.000004	-0.000003	3.124459	-4.104061	0.479719	0.000000	57195.425781	17361.943359	83083.187500
2002	11	0.000000	-5.144262	8.300398	11.624160	-0.000004	-0.000003	3.156136	-32.889404	11.170283	0.000000	57195.433594	17360.517578	83082.718750
2002	11	0.000000	-4.289794	7.434988	10.758907	-0.000004	-0.000003	3.145194	-14.129066	3.095929	0.000000	57195.441406	17359.105469	83082.257812
2002	11	0.000000	-5.065174	8.224450	11.548521	-0.000004	-0.000003	3.159276	-26.561504	9.346479	0.000000	57195.453125	17357.689453	83081.796875
2002	11	0.000000	-3.718901	6.833205	10.157431	-0.000004	-0.000003	3.114304	3.068841	9.194728	0.000000	57195.460938	17356.285156	83081.343750
2002	11	0.000000	-3.425550	6.398291	9.722676	-0.000004	-0.000002	2.972741	-8.445521	8.199529	0.000000	57195.468750	17354.900391	83080.914062
2002	11	0.000000	-3.539624	6.419178	9.743720	-0.000004	-0.000002	2.879555	4.738829	2.062682	0.000000	57195.476562	17353.513672	83080.484375
2002	11	0.000000	-3.786262	6.542001	9.866699	-0.000004	-0.000003	2.755739	-1.118938	-2.004008	0.000000	57195.484375	17352.134766	83080.070312
2002	11	0.000000	-4.113314	6.816636	10.141486	-0.000004	-0.000003	2.703322	-10.056231	-2.109793	0.000000	57195.488281	17350.750000	83079.656250
2002	11	0.000000	-5.256001	14.103031	17.428026	-0.000007	-0.000005	8.847032	-65.042046	4.824568	0.000000	57195.519531	17349.355469	83079.203125
2002	11	0.000000	-4.896474	12.962178	16.287315	-0.000006	-0.000005	8.065703	-51.049629	25.739092	0.000000	57195.843750	17347.955078	83078.453125
2002	12	0.000000	-4.286573	7.969642	11.405767	-0.000004	-0.000003	3.683069	-6.052932	4.327414	0.000000	57195.875000	17346.572266	83077.976562
2002	12	0.000000	-3.839172	6.966176	10.402452	-0.000004	-0.000003	3.127004	17.503027	-0.967908	0.000000	57195.890625	17345.193359	83077.546875
2002	12	0.000000	-3.071911	5.736790	9.173223	-0.000003	-0.000002	2.664878	35.194073	-3.183566	0.000000	57195.898438	17343.832031	83077.148438
2002	12	0.000000	-2.342049	4.441771	7.878363	-0.000003	-0.000002	2.099721	34.920006	-3.459054	0.000000	57195.906250	17342.484375	83076.781250
2002	12	0.000000	-2.835491	4.245963	7.682715	-0.000003	-0.000002	1.410472	15.191137	-6.012648	0.000000	57195.906250	17341.142578	83076.437500
2002	12	0.000000	-2.978221	4.133605	7.570511	-0.000003	-0.000002	1.155383	11.258501	-3.780260	0.000000	57195.902344	17339.796875	83076.109375
2002	12	0.000000	-3.456646	4.513510	7.950568	-0.000003	-0.000002	1.056863	7.156621	-7.311999	0.000000	57195.898438	17338.449219	83075.781250
2002	12	0.000000	-2.785161	3.784424	7.221633	-0.000003	-0.000001	0.999263	13.407856	-7.650645	0.000000	57195.894531	17337.105469	83075.460938
2002	12	0.000000	-3.330276	4.144688	7.582049	-0.000003	-0.000002	0.814411	-3.053015	-4.632162	0.000000	57195.890625	17335.771484	83075.156250
2002	12	0.000000	-4.443684	5.195305	8.632809	-0.000003	-0.000002	0.751621	-20.269409	-6.627910	0.000000	57195.886719	17334.416016	83074.828125
2002	12	0.000000	-3.602234	4.357908	7.795554	-0.000003	-0.000002	0.755674	-8.493963	-2.294940	0.000000	57195.886719	17333.064453	83074.507812
2002	12	0.000000	-3.757360	4.508311	7.946103	-0.000003	-0.000002	0.750951	-7.207721	-1.461164	0.000000	57195.882812	17331.724609	83074.203125
2002	12	0.000000	-4.103168	4.853407	8.291337	-0.000003	-0.000002	0.750239	-13.980647	-5.204616	0.000000	57195.878906	17330.375000	83073.882812
2002	12	0.000000	-4.060805	4.809981	8.248053	-0.000003	-0.000002	0.749176	-10.063816	-1.020714	0.000000	57195.875000	17329.033203	83073.570312
2002	12	0.000000	-4.052429	4.801146	8.239356	-0.000003	-0.000002	0.748718	-11.581992	-1.543469	0.000000	57195.871094	17327.687500	83073.257812
2002	12	0.000000	-4.668816	5.418808	8.857154	-0.000003	-0.000002	0.749992	-38.773399	-0.731268	0.000000	57195.867188	17326.339844	83072.945312
2002	12	0.000000	-4.725762	5.482181	8.920660	-0.000003	-0.000002	0.756419	-42.178669	18.691147	0.000000	57195.867188	17324.988281	83072.617188
2002	12	0.000000	-4.652506	5.412733	8.851345	-0.000003	-0.000002	0.760227	-35.097683	4.603886	0.000000	57195.863281	17323.638672	83072.304688
2002	12	0.000000	-4.261472	5.023729	8.462475	-0.000003	-0.000002	0.762257	-7.193419	-1.877389	0.000000	57195.859375	17322.292969	83071.984375
2002	12	0.000000	-4.254861	5.016296	8.455177	-0.000003	-0.000002	0.761436	-3.538232	-0.968519	0.000000	57195.855469	17320.953125	83071.679688
2002	12	0.000000	-3.608715	4.366429	7.805446	-0.000003	-0.000002	0.757715	2.509048	-6.446099	0.000000	57195.851562	17319.619141	83071.375000
2002	12	0.000000	-3.184738	3.931660	7.370815	-0.000003	-0.000001	0.746922	13.481671	-4.839803	0.000000	57195.851562	17318.294922	83071.078125
2002	12	0.000000	-2.729938	3.462050	6.901346	-0.000003	-0.000001	0.732112	11.230121	-3.812894	0.000000	57195.847656	17316.978516	83070.796875
2002	12	0.000000	-2.619775	3.334273	6.773710	-0.000003	-0.000001	0.714498	1.949238	2.860880	0.000000	57195.843750	17315.671875	83070.515625
2002	12	0.000000	-2.795317	3.493002	6.932580	-0.000003	-0.000001	0.697685	-3.464218	-0.897577	0.000000	57195.839844	17314.363281	83070.242188
2002	12	0.000000	-3.022755	3.698807	7.138523	-0.000003	-0.000001	0.676052	-7.395179	-3.505039	0.000000	57195.839844	17313.054688	83069.968750
2002	12	0.000000	-3.316042	3.971959	7.411811	-0.000003	-0.000001	0.655917	-7.980264	-5.548987	0.000000	57195.835938	17311.742188	83069.687500
2002	12	0.000000	-3.862121	4.508796	7.948780	-0.000003	-0.000002	0.646676	-15.972710	-9.572001	0.000000	57195.832031	17310.423828	83069.398438
2002	12	0.000000	-3.060906	3.704751	7.144868	-0.000003	-0.000001	0.643845	7.716790	-1.986269	0.000000	57195.832031	17309.113281	83069.125000
2002	12	0.000000	-3.335821	3.973084	7.413336	-0.000003	-0.000001	0.637263	1.866840	-1.556486	0.000000	57195.828125	17307.804688	83068.851562
2002	12	0.000000	-3.163008	3.795699	7.236082	-0.000003	-0.000001	0.632691	11.375224	-4.309790	0.000000	57195.824219	17306.494141	83068.570312
2003	01	0.000000	-2.904430	3.531171	6.971691	-0.000003	-0.000001	0.626741	7.085109	-5.597974	0.000000	57195.824219	17305.193359	83068.304688
2003	01	0.000000	-2.738863	3.357241	6.797894	-0.000003	-0.000001	0.618378	6.835468	-4.923378	0.000000	57195.820312	17303.906250	83068.039062
2003	01	0.000000	-2.875868	3.483130	6.923753	-0.000003	-0.000001	0.607262	-2.786847	-6.939407	0.000000	57195.820312	17302.626953	83067.781250
2003	01	0.000000	-2.908114	3.499890	6.940483	-0.000003	-0.000001	0.591776	8.653576	-4.270107	0.000000	57195.816406	17301.347656	83067.515625
2003	01	0.000000	-3.168006	3.749290	7.189851	-0.000003	-0.000001	0.581284	13.963908	-5.027947	0.000000	57195.816406	17300.068359	83067.250000
2003	01	0.000000	-2.760949	3.336368	6.776898	-0.000003	-0.000001	0.575418	2.633574	-2.147731	0.000000	57195.812500	17298.792969	83066.992188
2003	01	0.000000	-3.489285	4.057009	7.497506	-0.000003	-0.000002	0.567724	-12.305832	-5.410054	0.000000	57195.812500	17297.513672	83066.734375
2003	01	0.000000	-3.906292	4.471972	7.912431	-0.000003	-0.000002	0.565680	-16.511169	3.172874	0.000000	57195.808594	17296.226562	83066.460938
2003	01	0.000000	-4.005073	4.572933	8.013353	-0.000003	-0.000002	0.567861	-24.957449	1.428699	0.000000	57195.808594	17294.935547	83066.187500
2003	01	0.000000	-3.218135	3.786936	7.227319	-0.000003	-0.000001	0.568801	-10.558064	-4.316871	0.000000	57195.804688	17293.650391	83065.921875
2003	01	0.000000	-2.327117	2.890093	6.330444	-0.000002	-0.000001	0.562976	5.767607	-5.352901	0.000000	57195.804688	17292.382812	83065.664062
2003	01	0.000000	-1.987628	2.536859	5.977181	-0.000002	-0.000001	0.549231	11.165025	-2.090324	0.000000	57195.800781	17291.125000	83065.429688
2003	01	0.000000	-1.955149	2.457781	5.898074	-0.000002	-0.000001	0.502632	14.252327	-2.192422	0.000000	57195.800781	17289.869141	83065.187500
2003	01	0.000000	-1.840112	2.242431	5.682695	-0.000002	-0.000001	0.402319	12.664031	-1.930707	0.000000	57195.800781	17288.619141	83064.960938
2003	01	0.000000	-2.056278	2.366063	5.806298	-0.000002	-0.000001	0.309785	8.121677	-0.939617	0.000000	57195.796875	17287.369141	83064.734375
2003	01	0.000000	-2.075131	2.324520	5.764724	-0.000002	-0.000001	0.249389	12.593481	2.515824	0.000000	57195.796875	17286.117188	83064.507812
2003	01	0.000000	-2.204157	2.412880	5.853052	-0.000002	-0.000001	0.208723	11.182769	-2.493208	0.000000	57195.792969	17284.867188	83064.281250
2003	01	0.000000	-2.920922	3.105347	6.545484	-0.000002	-0.000001	0.184425	-0.466568	-5.305883	0.000000	57195.792969	17283.611328	83064.054688
2003	01	0.000000	-2.644982	2.821928	6.262028	-0.000002	-0.000001	0.176946	2.117786	-2.004129	0.000000	57195.789062	17282.351562	83063.828125
2003	01	0.000000	-2.613058	2.786864	6.226927	-0.000002	-0.000001	0.173806	8.541722	-4.327360	0.000000	57195.789062	17281.093750	83063.593750
2003	01	0.000000	-2.290886	2.461626	5.901654	-0.000002	-0.000001	0.170740	21.003948	1.571586	0.000000	57195.789062	17279.841797	83063.375000
2003	01	0.000000	-1.974167	2.135046	5.575041	-0.000002	-0.000001	0.160879	14.591310	-1.312475	0.000000	57195.785156	17278.595703	83063.156250
2003	01	0.000000	-1.672650	1.817346	5.257308	-0.000002	-0.000001	0.144696	19.635620	-1.125554	0.000000	57195.785156	17277.357422	83062.945312
2003	01	0.000000	-1.798470	1.928415	5.368345	-0.000002	-0.000001	0.129945	24.307323	0.488176	0.000000	57195.781250	17276.121094	83062.742188
2003	01	0.000000	-2.050653	2.165415	5.605311	-0.000002	-0.000001	0.114762	31.661835	-1.575421	0.000000	57195.781250	17274.880859	83062.531250
2003	01	0.000000	-1.856883	1.959635	5.399496	-0.000002	-0.000001	0.102752	25.270573	-2.758338	0.000000	57195.781250	17273.642578	83062.320312
2003	01	0.000000	-1.797228	1.890207	5.330035	-0.000002	-0.000001	0.092979	19.756479	-1.094056	0.000000	57195.777344	17272.408203	83062.117188
2003	01	0.000000	-2.795195	2.880122	6.319911	-0.000002	-0.000001	0.084926	11.648602	-0.848151	0.000000	57195.777344	17271.166016	83061.906250
2003	01	0.000000	-1.897660	1.979470	5.419220	-0.000002	-0.000001	0.081810	25.056433	-4.907080	0.000000	57195.777344	17269.921875	83061.695312
2003	01	0.000000	-2.269138	2.349491	5.789206	-0.000002	-0.000001	0.080353	7.231977	-0.341949	0.000000	57195.777344	17268.689453	83061.492188
2003	01	0.000000	-2.477735	2.556929	5.996604	-0.000002	-0.000001	0.079193	6.601754	-3.373623	0.000000	57195.773438	17267.447266	83061.281250
2003	02	0.000000	-2.910598	2.981430	6.088196	-0.000003	-0.000001	0.070831	2.810692	-0.731262	0.000000	57195.773438	17266.199219	83061.062500
2003	02	0.000000	-2.917127	2.987677	6.094403	-0.000003	-0.000001	0.070550	7.097410	-2.804548	0.000000	57195.773438	17264.945312	83060.835938
2003	02	0.000000	-2.331075	2.401641	5.508327	-0.000002	-0.000001	0.070565	17.813366	-2.916820	0.000000	57195.769531	17263.697266	83060.625000
2003	02	0.000000	-2.226331	2.296926	5.403577	-0.000002	-0.000001	0.070595	17.479666	-0.182062	0.000000	57195.769531	17262.457031	83060.414062
2003	02	0.000000	-2.209079	2.279643	5.386258	-0.000002	-0.000001	0.070564	15.439694	1.405765	0.000000	57195.769531	17261.218750	83060.203125
2003	02	0.000000	-2.027468	2.097964	5.204543	-0.000002	-0.000001	0.070497	21.482939	-2.323027	0.000000	57195.769531	17259.978516	83059.992188
2003	02	0.000000	-1.911933	1.982309	5.088853	-0.000002	-0.000001	0.070376	20.103930	0.640957	0.000000	57195.765625	17258.748047	83059.796875
2003	02	0.000000	-2.783102	2.853282	5.959787	-0.000002	-0.000001	0.070180	10.136972	-0.929703	0.000000	57195.765625	17257.505859	83059.585938
2003	02	0.000000	-2.005633	2.075673	5.182139	-0.000002	-0.000001	0.070040	19.954878	-2.838391	0.000000	57195.765625	17256.263672	83059.375000
2003	02	0.000000	-1.890027	1.959941	5.066372	-0.000002	-0.000001	0.069914	23.041351	0.169190	0.000000	57195.765625	17255.033203	83059.171875
2003	02	0.000000	-2.238880	2.308598	5.414992	-0.000002	-0.000001	0.069717	20.697863	4.066147	0.000000	57195.761719	17253.802734	83058.968750
2003	02	0.000000	-2.025442	2.094928	5.201284	-0.000002	-0.000001	0.069486	13.108573	-4.970000	0.000000	57195.761719	17252.564453	83058.765625
2003	02	0.000000	-2.057869	2.127152	5.233472	-0.000002	-0.000001	0.069283	24.780466	3.378210	0.000000	57195.761719	17251.335938	83058.562500
2003	02	0.000000	-2.393583	2.462656	5.568936	-0.000002	-0.000001	0.069073	21.705112	2.916810	0.000000	57195.761719	17250.099609	83058.359375
2003	02	0.000000	-2.011145	2.080057	5.186299	-0.000002	-0.000001	0.068912	24.648323	-1.007928	0.000000	57195.757812	17248.865234	83058.148438
2003	02	0.000000	-2.186072	2.254834	5.361039	-0.000002	-0.000001	0.068762	23.451641	3.772521	0.000000	57195.757812	17247.634766	83057.953125
2003	02	0.000000	-2.460235	2.528835	5.635000	-0.000002	-0.000001	0.068600	15.542370	1.704210	0.000000	57195.757812	17246.400391	83057.750000
2003	02	0.000000	-2.685526	2.754000	5.860124	-0.000002	-0.000001	0.068474	15.277695	0.355784	0.000000	57195.757812	17245.160156	83057.531250
2003	02	0.000000	-2.720452	2.788868	5.894950	-0.000002	-0.000001	0.068416	8.890495	2.081583	0.000000	57195.753906	17243.919922	83057.328125
2003	02	0.000000	-2.926731	2.995146	6.101185	-0.000003	-0.000001	0.068415	2.486237	0.561186	0.000000	57195.753906	17242.673828	83057.109375
2003	02	0.000000	-2.271535	2.339984	5.445982	-0.000002	-0.000001	0.068450	26.208679	0.019532	0.000000	57195.753906	17241.433594	83056.898438
2003	02	0.000000	-1.666408	1.734893	4.840853	-0.000002	-0.000001	0.068485	49.922565	-0.158673	0.000000	57195.753906	17240.207031	83056.703125
2003	02	0.000000	-1.513438	1.581879	4.687804	-0.000002	-0.000001	0.068442	53.669445	5.443091	0.000000	57195.753906	17238.990234	83056.515625
2003	02	0.000000	-1.551291	1.619560	4.725448	-0.000002	-0.000001	0.068269	40.273724	0.915359	0.000000	57195.750000	17237.769531	83056.320312
2003	02	0.000000	-1.620482	1.688519	4.794370	-0.000002	-0.000001	0.068036	43.848038	4.557894	0.000000	57195.750000	17236.552734	83056.132812
2003	02	0.000000	-2.069145	2.136923	5.242736	-0.000002	-0.000001	0.067778	28.109499	5.767231	0.000000	57195.750000	17235.330078	83055.937500
2003	02	0.000000	-2.662208	2.729749	5.835521	-0.000002	-0.000001	0.067542	20.120884	6.547287	0.000000	57195.750000	17234.097656	83055.734375
2003	02	0.000000	-2.239050	2.306451	5.412179	-0.000002	-0.000001	0.067401	30.841389	2.837758	0.000000	57195.746094	17232.863281	83055.531250
2003	03	0.000000	-2.584843	2.659381	6.097822	-0.000002	-0.000001	0.074538	29.222519	6.487049	0.000000	57195.746094	17231.634766	83055.328125
2003	03	0.000000	-1.950548	2.025002	5.463398	-0.000002	-0.000001	0.074454	34.515953	-0.017411	0.000000	57195.746094	17230.408203	83055.132812
2003	03	0.000000	-2.088758	2.163086	5.601440	-0.000002	-0.000001	0.074328	37.989555	4.348467	0.000000	57195.746094	17229.189453	83054.937500
2003	03	0.000000	-2.313668	2.387794	5.826102	-0.000002	-0.000001	0.074126	42.563885	3.098258	0.000000	57195.746094	17227.964844	83054.742188
2003	03	0.000000	-1.799520	1.873453	5.311718	-0.000002	-0.000001	0.073933	42.386696	3.490502	0.000000	57195.742188	17226.744141	83054.554688
2003	03	0.000000	-2.112344	2.186084	5.624307	-0.000002	-0.000001	0.073740	33.825130	6.441979	0.000000	57195.742188	17225.527344	83054.367188
2003	03	0.000000	-2.116564	2.190088	5.628265	-0.000002	-0.000001	0.073523	38.769569	1.299075	0.000000	57195.742188	17224.304688	83054.171875
2003	03	0.000000	-1.853340	1.926668	5.364801	-0.000002	-0.000001	0.073328	45.638180	5.306191	0.000000	57195.742188	17223.087891	83053.984375
2003	03	0.000000	-1.904463	1.977592	5.415682	-0.000002	-0.000001	0.073128	48.957088	5.699175	0.000000	57195.738281	17221.873047	83053.796875
2003	03	0.000000	-2.131029	2.203937	5.641983	-0.000002	-0.000001	0.072908	44.774948	2.246748	0.000000	57195.738281	17220.654297	83053.601562
2003	03	0.000000	-2.028840	2.101535	5.539536	-0.000002	-0.000001	0.072695	51.012539	9.455043	0.000000	57195.738281	17219.439453	83053.414062
2003	03	0.000000	-2.497782	2.570272	6.008226	-0.000002	-0.000001	0.072490	42.198204	7.339534	0.000000	57195.738281	17218.216797	83053.218750
2003	03	0.000000	-2.294220	2.366561	5.804470	-0.000002	-0.000001	0.072341	44.393681	11.734797	0.000000	57195.738281	17216.998047	83053.031250
2003	03	0.000000	-3.522912	3.595140	7.032999	-0.000003	-0.000001	0.072228	15.051371	9.573614	0.000000	57195.734375	17215.763672	83052.828125
2003	03	0.000000	-3.769958	3.842163	7.279966	-0.000003	-0.000001	0.072204	13.450934	10.848449	0.000000	57195.734375	17214.517578	83052.609375
2003	03	0.000000	-4.008709	4.081022	7.518770	-0.000003	-0.000002	0.072312	13.318437	10.057940	0.000000	57195.734375	17213.269531	83052.382812
2003	03	0.000000	-3.715066	3.787631	7.225326	-0.000003	-0.000001	0.072565	15.099914	14.562353	0.000000	57195.734375	17212.021484	83052.164062
2003	03	0.000000	-4.211119	4.284088	7.721727	-0.000003	-0.000002	0.072969	-5.413145	-0.886459	0.000000	57195.734375	17210.771484	83051.945312
2003	03	0.000000	-3.988096	4.450083	7.887667	-0.000003	-0.000002	0.461988	-1.800326	-0.064355	0.000000	57195.734375	17209.517578	83051.718750
2003	03	0.000000	-4.172069	25.209288	28.646816	-0.000011	-0.000009	21.037220	-1.944124	2.023072	0.000000	57196.234375	17208.265625	83051.085938
2003	03	0.000000	-4.176957	9.592332	13.029803	-0.000005	-0.000004	5.415375	-2.352764	2.538341	0.000000	57196.582031	17207.009766	83050.460938
2003	03	0.000000	-4.401556	7.626195	11.063610	-0.000004	-0.000003	3.224639	-6.888574	1.134862	0.000000	57196.613281	17205.750000	83050.109375
2003	03	0.000000	-4.724972	8.786479	12.223838	-0.000005	-0.000003	4.061507	-3.768417	5.677531	0.000000	57196.636719	17204.486328	83049.773438
2003	03	0.000000	-4.563255	9.160549	12.597849	-0.000005	-0.000003	4.597294	6.657505	3.641900	0.000000	57196.675781	17203.220703	83049.375000
2003	03	0.000000	-4.452960	8.672429	12.109671	-0.000005	-0.000003	4.219469	17.178862	19.411448	0.000000	57196.707031	17201.955078	83049.000000
2003	03	0.000000	-4.191624	7.391251	10.828439	-0.000004	-0.000003	3.199627	56.799427	18.810637	0.000000	57196.734375	17200.693359	83048.664062
2003	03	0.000000	-4.422415	12.540510	15.977642	-0.000006	-0.000005	8.118094	40.024216	16.185825	0.000000	57196.777344	17199.431641	83048.304688
2003	03	0.000000	-4.224219	30.586782	34.023857	-0.000013	-0.000011	26.362564	80.928398	53.665615	0.000000	57197.433594	17198.167969	83047.359375
2003	03	0.000000	-4.013764	9.312945	12.749968	-0.000005	-0.000003	5.299181	41.329964	36.414375	0.000000	57197.777344	17196.910156	83046.734375
2003	03	0.000000	-4.162763	11.482388	14.919358	-0.000006	-0.000004	7.319626	35.616535	29.201939	0.000000	57197.832031	17195.650391	83046.273438
2003	03	0.000000	-4.558779	15.030387	18.467300	-0.000007	-0.000006	10.471609	13.530313	26.697317	0.000000	57197.902344	17194.382812	83045.742188
2003	04	0.000000	-4.881153	23.197752	26.523741	-0.000010	-0.000009	18.316599	-10.686109	2.876537	0.000000	57198.000000	17193.109375	83045.046875
2003	04	0.000000	-4.285749	33.247742	36.573677	-0.000014	-0.000013	28.961994	50.047821	91.633636	0.000000	57198.253906	17191.835938	83043.953125
2003	04	0.000000	-3.647982	12.856128	16.182011	-0.000006	-0.000005	9.208145	52.982330	95.877586	0.000000	57198.640625	17190.576172	83043.093750
2003	04	0.000000	-3.303740	5.519742	8.845576	-0.000003	-0.000002	2.216002	43.564285	49.554653	0.000000	57198.800781	17189.322266	83042.695312
2003	04	0.000000	-3.451770	4.207827	7.533613	-0.000003	-0.000002	0.756057	44.118195	25.715698	0.000000	57198.832031	17188.070312	83042.445312
2003	04	0.000000	-3.504131	4.249671	7.575409	-0.000003	-0.000002	0.745540	46.934818	28.194088	0.000000	57198.855469	17186.816406	83042.195312
2003	04	0.000000	-3.707932	5.259719	8.585406	-0.000003	-0.000002	1.551787	24.504831	22.104040	0.000000	57198.878906	17185.560547	83041.937500
2003	04	0.000000	-4.168165	9.969052	13.294688	-0.000005	-0.000004	5.800887	-2.685975	12.768697	0.000000	57198.945312	17184.300781	83041.609375
2003	04	0.000000	-4.769182	27.164865	30.490448	-0.000012	-0.000010	22.395683	-3.383102	11.748829	0.000000	57199.085938	17183.029297	83040.875000
2003	04	0.000000	-5.500051	60.021347	63.346870	-0.000024	-0.000023	54.521297	-22.568790	2.965499	0.000000	57199.386719	17181.744141	83039.382812
2003	04	0.000000	-5.405317	111.730537	115.056000	-0.000044	-0.000043	106.325218	29.651119	38.837234	0.000000	57200.316406	17180.453125	83036.390625
2003	04	0.000000	-4.902901	93.001274	96.326691	-0.000037	-0.000036	88.098373	28.287552	20.749338	0.000000	57201.394531	17179.167969	83032.960938
2003	04	0.000000	-5.491177	128.975815	132.301163	-0.000051	-0.000050	123.484642	50.412571	24.077785	0.000000	57202.527344	17177.880859	83029.203125
2003	04	0.000000	-5.151648	134.961411	138.286713	-0.000053	-0.000052	129.809769	64.553345	19.010679	0.000000	57203.890625	17176.589844	83024.593750
2003	04	0.000000	-5.357792	136.870209	140.195435	-0.000054	-0.000053	131.512405	63.344467	23.485689	0.000000	57205.050781	17175.300781	83019.976562
2003	04	0.000000	-5.529489	135.178482	138.503662	-0.000053	-0.000052	129.648987	63.121296	36.600082	0.000000	57206.164062	17174.005859	83015.351562
2003	04	0.000000	-5.161087	125.511314	128.836426	-0.000050	-0.000048	120.350227	54.560951	37.221809	0.000000	57207.195312	17172.710938	83010.859375
2003	04	0.000000	-5.303929	121.870888	125.195946	-0.000048	-0.000047	116.566963	0.232385	24.846273	0.000000	57208.113281	17171.417969	83006.656250
2003	04	0.000000	-5.875053	128.242325	131.567337	-0.000051	-0.000049	122.367271	42.038544	29.946445	0.000000	57208.972656	17170.123047	83002.468750
2003	04	0.000000	-6.110507	135.005600	138.330551	-0.000053	-0.000052	128.895096	44.738270	20.556728	0.000000	57209.851562	17168.812500	82997.984375
2003	04	0.000000	-5.797360	136.166809	139.491699	-0.000054	-0.000053	130.369446	76.081841	32.417870	0.000000	57210.718750	17167.507812	82993.414062
2003	04	0.000000	-6.106703	137.226379	140.551208	-0.000054	-0.000053	131.119675	61.196251	52.053230	0.000000	57211.546875	17166.199219	82988.750000
2003	04	0.000000	-6.244667	137.042404	140.367172	-0.000054	-0.000053	130.797729	55.541199	43.189922	0.000000	57212.289062	17164.886719	82984.109375
2003	04	0.000000	-6.613750	139.762512	143.087234	-0.000055	-0.000054	133.148773	59.025154	48.471287	0.000000	57212.968750	17163.568359	82979.414062
2003	04	0.000000	-6.157858	132.053711	135.378357	-0.000052	-0.000051	125.895851	36.481144	32.092205	0.000000	57213.589844	17162.246094	82974.726562
2003	04	0.000000	-5.936534	124.652756	127.977341	-0.000049	-0.000048	118.716217	-11.058899	12.979677	0.000000	57214.117188	17160.929688	82970.335938
2003	04	0.000000	-5.170455	113.499359	116.823891	-0.000045	-0.000044	108.328903	-5.867538	14.028603	0.000000	57214.562500	17159.623047	82966.265625
2003	04	0.000000	-4.555228	99.554924	102.879402	-0.000040	-0.000038	94.999695	6.494180	34.514988	0.000000	57214.917969	17158.330078	82962.632812
2003	04	0.000000	-5.121118	110.192741	113.517166	-0.000044	-0.000043	105.071617	92.945549	35.637558	0.000000	57215.226562	17157.039062	82959.156250
2003	04	0.000000	-5.261163	111.112572	114.436943	-0.000044	-0.000043	105.851410	106.706268	28.896315	0.000000	57215.566406	17155.742188	82955.398438
2003	05	0.000000	-6.392480	127.665680	131.100815	-0.000049	-0.000048	121.273201	77.481934	36.580116	0.000000	57215.917969	17154.431641	82951.367188
2003	05	0.000000	-6.721656	130.770233	134.205307	-0.000050	-0.000049	124.048576	50.187065	31.374573	0.000000	57216.289062	17153.109375	82947.085938
2003	05	0.000000	-6.726000	131.586624	135.021637	-0.000050	-0.000049	124.860619	20.739336	30.022003	0.000000	57216.636719	17151.781250	82942.726562
2003	05	0.000000	-6.131809	138.943832	142.378784	-0.000053	-0.000052	132.812027	85.248398	33.592724	0.000000	57216.972656	17150.458984	82938.257812
2003	05	0.000000	-5.887661	131.120941	134.555832	-0.000050	-0.000049	125.233276	89.443077	48.116611	0.000000	57217.285156	17149.146484	82933.843750
2003	05	19.756821	8.382053	136.316772	119.994781	-0.000045	-0.000044	124.941994	77.321999	59.681934	53061.097656	57217.570312	17147.917969	82929.593750
2003	05	48.212093	28.385096	142.823257	98.045959	-0.000037	-0.000035	122.996254	31.184280	48.200150	129483.718750	57217.832031	17147.251953	82925.953125
2003	05	67.036903	41.212666	148.458588	84.856430	-0.000032	-0.000030	122.634338	26.801691	33.362202	180041.687500	57218.074219	17147.138672	82922.875000
2003	05	105.787994	69.113220	158.474716	56.121422	-0.000021	-0.000020	121.799942	24.368271	38.471893	284115.906250	57218.289062	17147.615234	82920.484375
2003	05	96.444611	62.097168	151.070633	58.060673	-0.000022	-0.000020	116.723190	101.297050	69.863174	259022.250000	57218.496094	17148.767578	82918.726562
2003	05	111.983047	73.795975	140.429367	31.880928	-0.000012	-0.000011	102.242294	115.022255	57.446491	300754.000000	57218.640625	17149.705078	82917.242188
2003	05	143.384506	94.629845	155.233719	15.283774	-0.000006	-0.000004	106.479073	66.013718	88.079216	385089.218750	57218.773438	17151.158203	82916.367188
2003	05	194.454025	130.342865	175.250763	-15.768772	0.000006	0.000007	111.139595	33.716282	102.647232	522247.125000	57218.925781	17153.599609	82916.304688
2003	05	198.490280	130.772079	180.848373	-14.207499	0.000005	0.000007	113.130173	-16.089502	82.114235	533087.375000	57219.085938	17156.757812	82916.843750
2003	05	209.364822	139.571915	178.325043	-27.605421	0.000010	0.000012	108.532143	19.060680	83.815605	562293.187500	57219.230469	17160.056641	82917.593750
2003	05	234.371231	154.556076	190.236023	-40.700954	0.000015	0.000016	110.420853	-24.187342	93.609718	629453.187500	57219.363281	17163.800781	82918.828125
2003	05	158.919128	101.935448	176.355682	20.870747	-0.000008	-0.000007	119.372009	47.619293	68.288162	426810.687500	57219.500000	17166.949219	82919.304688
2003	05	191.197235	127.538956	174.047668	-13.715446	0.000005	0.000006	110.389389	102.597610	65.696808	513500.343750	57219.617188	17169.693359	82919.351562
2003	05	190.351974	127.474037	169.621109	-17.296822	0.000006	0.000008	106.743149	125.031853	57.173977	511230.218750	57219.714844	17172.697266	82919.882812
2003	05	208.646545	140.414581	168.228836	-36.983715	0.000014	0.000015	99.996849	116.571365	57.781223	560364.187500	57219.792969	17175.832031	82920.734375
2003	05	255.536133	173.854370	182.770874	-69.331306	0.000026	0.000027	101.089111	63.365662	63.300156	686296.000000	57219.867188	17179.724609	82922.429688
2003	05	279.340332	187.374481	199.143188	-76.763245	0.000029	0.000030	107.177368	53.386726	74.310699	750227.125000	57219.953125	17184.480469	82924.835938
2003	05	249.266190	162.895386	193.297577	-52.534813	0.000020	0.000021	106.926758	-13.686710	69.039734	669456.750000	57220.039062	17189.214844	82927.148438
2003	05	283.888275	186.071640	208.308655	-72.145874	0.000027	0.000028	110.492043	26.902988	83.152298	762441.562500	57220.121094	17193.677734	82929.132812
2003	05	293.815796	191.436157	213.633102	-76.749062	0.000029	0.000030	111.253448	46.671623	105.865601	789104.062500	57220.203125	17199.132812	82932.054688
2003	05	289.564667	182.978455	220.029037	-66.102089	0.000025	0.000026	113.442833	-33.839561	114.952393	777686.750000	57220.285156	17204.416016	82934.703125
2003	05	143.993790	77.139854	175.012833	34.452473	-0.000013	-0.000012	108.158905	-33.228920	62.126823	386725.562500	57220.347656	17207.511719	82935.242188
2003	05	302.831482	201.073624	208.974442	-90.423691	0.000034	0.000035	107.216591	83.889877	81.818977	813317.562500	57220.394531	17210.919922	82936.226562
2003	05	306.289398	200.899307	210.903854	-91.952255	0.000034	0.000036	105.513763	52.635525	96.582535	822604.562500	57220.429688	17216.458984	82939.390625
2003	05	269.104309	174.597137	197.847549	-67.823547	0.000025	0.000027	103.340370	21.660101	60.351349	722736.250000	57220.464844	17221.677734	82942.218750
2003	05	270.508057	176.767303	190.995087	-76.079803	0.000028	0.000030	97.254341	92.146263	68.816971	726506.250000	57220.480469	17226.013672	82944.398438
2003	06	311.202576	206.932190	198.169373	-109.710838	0.000042	0.000044	93.898987	59.026657	92.617050	863659.937500	57220.488281	17231.371094	82947.648438
2003	06	227.422318	144.167587	174.436813	-49.663189	0.000019	0.000020	91.182114	-2.050692	54.696075	631150.062500	57220.496094	17236.341797	82950.523438
2003	06	310.467804	204.513077	198.140656	-109.004913	0.000042	0.000043	92.185928	35.751087	87.098099	861620.750000	57220.492188	17240.800781	82953.007812
2003	06	283.987854	188.419586	189.495636	-91.170044	0.000035	0.000036	93.927361	89.157433	90.268059	788132.687500	57220.496094	17246.490234	82956.593750
2003	06	305.249451	205.690735	186.468491	-115.458817	0.000045	0.000046	86.909798	91.978554	72.655281	847138.625000	57220.480469	17251.939453	82960.054688
2003	06	305.270325	202.498764	186.426514	-115.521721	0.000045	0.000046	83.654968	60.354179	80.312943	847196.500000	57220.363281	17257.587891	82963.890625
2003	06	280.584839	183.516144	179.697723	-97.565102	0.000038	0.000039	82.629028	77.711067	70.353859	778688.562500	57220.175781	17263.085938	82967.625000
2003	06	281.960876	187.231339	170.988663	-107.650223	0.000042	0.000043	76.259132	78.710014	65.206070	782507.375000	57219.976562	17268.482422	82971.445312
2003	06	273.576935	179.235672	171.442642	-98.812370	0.000038	0.000039	77.101387	21.271252	68.715881	759239.937500	57219.792969	17273.388672	82974.812500
2003	06	312.073761	208.553131	183.779022	-124.972862	0.000048	0.000049	80.258385	78.783127	96.868477	866077.625000	57219.621094	17278.363281	82978.203125
2003	06	323.252106	216.122940	184.753738	-135.176514	0.000052	0.000053	77.624596	79.400620	85.834343	897100.125000	57219.390625	17284.875000	82983.117188
2003	06	278.613861	183.104721	181.584549	-93.707520	0.000036	0.000037	86.075401	6.256075	77.786522	773218.625000	57219.187500	17290.355469	82986.984375
2003	06	341.650421	226.375961	213.430969	-124.897720	0.000048	0.000049	98.156509	56.245403	108.220795	948159.750000	57219.011719	17296.134766	82990.656250
2003	06	302.447357	196.847778	202.568405	-96.557281	0.000037	0.000039	96.968834	10.047397	80.989838	839362.062500	57218.832031	17302.015625	82994.281250
2003	06	291.351410	189.242065	199.666107	-88.363708	0.000034	0.000035	97.556755	-12.404385	93.460320	808568.250000	57218.648438	17307.638672	82997.726562
2003	06	290.087891	188.065170	198.965759	-87.800560	0.000034	0.000035	96.943069	67.618027	89.887718	805061.687500	57218.472656	17313.035156	83000.914062
2003	06	291.472717	188.071701	196.436584	-91.714622	0.000035	0.000037	93.035561	41.063137	92.052124	808904.937500	57218.289062	17318.275391	83004.039062
2003	06	304.228821	197.437790	196.147705	-104.759644	0.000040	0.000042	89.356682	72.783226	95.405266	844306.125000	57218.097656	17323.455078	83007.195312
2003	06	294.141693	188.478088	190.894012	-99.926262	0.000039	0.000040	85.230408	64.380058	104.450684	816312.000000	57217.875000	17329.152344	83011.054688
2003	06	324.821869	209.645187	205.570724	-115.929787	0.000045	0.000046	90.394066	-36.044975	112.011978	901456.625000	57217.664062	17334.460938	83014.507812
2003	06	292.519806	190.169098	208.217468	-80.981041	0.000031	0.000033	105.866791	-4.855618	105.724953	811810.875000	57217.464844	17339.921875	83017.703125
2003	06	340.678253	225.408524	234.618088	-102.738968	0.000040	0.000041	119.348328	30.242765	103.492622	945461.812500	57217.281250	17345.720703	83020.734375
2003	06	329.103058	219.940247	217.559860	-108.222061	0.000042	0.000043	108.397026	45.847313	94.666397	913338.062500	57217.035156	17352.404297	83024.632812
2003	06	266.506348	174.792648	193.653900	-69.531334	0.000027	0.000028	101.940201	46.765854	76.649017	739617.500000	57216.812500	17357.791016	83027.585938
2003	06	314.193451	210.607925	199.240219	-111.632149	0.000043	0.000044	95.654686	92.658821	79.631409	871960.250000	57216.589844	17363.134766	83030.695312
2003	06	325.965424	219.484650	198.619919	-124.024437	0.000048	0.000049	92.139145	63.840271	79.883354	904630.250000	57216.328125	17369.150391	83034.609375
2003	06	304.199005	202.481979	190.708908	-110.169067	0.000043	0.000044	88.991890	21.850204	70.442055	844223.375000	57216.058594	17375.277344	83038.757812
2003	06	266.026611	174.030670	179.547272	-83.158363	0.000032	0.000033	87.551315	1.986348	71.535805	738286.000000	57215.828125	17380.410156	83042.007812
2003	06	287.879181	191.614136	191.287704	-93.270515	0.000036	0.000037	95.022675	15.088799	87.670441	798932.062500	57215.613281	17385.312500	83044.875000
2003	06	320.874420	212.175369	203.639343	-113.914177	0.000044	0.000045	94.940277	54.447437	93.054626	890501.562500	57215.367188	17390.998047	83048.476562
2003	07	279.886597	179.558212	196.501770	-79.953217	0.000030	0.000031	96.173409	-37.762226	84.082085	751694.250000	57215.121094	17396.560547	83051.929688
2003	07	302.352692	193.500900	205.581726	-93.339424	0.000035	0.000036	96.729942	13.452385	101.311951	812031.687500	57214.921875	17401.074219	83054.382812
2003	07	320.215027	209.435165	201.699295	-115.084236	0.000043	0.000044	90.919434	65.647804	94.413353	860004.812500	57214.664062	17406.869141	83058.203125
2003	07	304.223175	198.089432	193.630936	-107.160789	0.000040	0.000041	87.497177	10.265644	92.590195	817055.312500	57214.425781	17411.994141	83061.468750
2003	07	307.015625	198.359680	192.837280	-110.746941	0.000041	0.000043	84.181305	0.751621	89.950165	824555.000000	57214.171875	17417.433594	83065.195312
2003	07	238.881790	148.399826	172.361862	-63.088581	0.000024	0.000025	81.879890	-4.582015	49.387032	641567.250000	57213.953125	17421.990234	83068.109375
2003	07	287.749420	188.879761	232.257889	-52.060207	0.000019	0.000021	133.388245	-2.611609	111.814552	772811.562500	57213.750000	17426.146484	83069.914062
2003	07	334.866425	225.204391	240.670364	-90.764809	0.000034	0.000035	131.008301	84.812195	88.247299	899354.187500	57213.503906	17431.613281	83072.046875
2003	07	321.568604	213.468552	230.951675	-87.185661	0.000033	0.000034	122.851616	31.817183	94.263680	863640.000000	57213.210938	17437.777344	83075.179688
2003	07	320.796631	210.794632	233.841187	-83.524231	0.000031	0.000032	123.839188	-14.710757	113.850113	861566.750000	57212.921875	17443.585938	83078.085938
2003	07	339.669800	224.971237	248.859665	-87.378990	0.000033	0.000034	134.161087	27.801531	109.115204	912254.687500	57212.636719	17449.316406	83080.656250
2003	07	337.894043	222.389694	243.137726	-91.325180	0.000034	0.000035	127.633377	61.994682	103.666565	907485.437500	57212.316406	17455.681641	83083.882812
2003	07	311.963074	199.674820	239.898331	-68.633652	0.000026	0.000027	127.610069	10.326987	108.577164	837842.375000	57212.011719	17461.560547	83086.703125
2003	07	311.188202	198.804001	238.298157	-69.459030	0.000026	0.000027	125.913925	22.197140	100.762466	835761.312500	57211.750000	17466.681641	83088.757812
2003	07	323.244934	212.258926	236.311417	-83.502510	0.000031	0.000032	125.325409	43.050732	95.906448	868142.187500	57211.464844	17471.962891	83091.039062
2003	07	301.773102	192.650330	231.080139	-67.262009	0.000025	0.000026	121.957375	48.097359	106.708168	810475.000000	57211.144531	17477.857422	83093.992188
2003	07	306.542664	197.915039	224.241653	-78.870087	0.000029	0.000031	115.614021	69.654663	101.610962	823284.750000	57210.855469	17483.066406	83096.453125
2003	07	265.617737	159.500763	224.980316	-37.206562	0.000014	0.000015	118.863335	19.541677	124.608864	713372.250000	57210.566406	17488.037109	83098.695312
2003	07	285.909790	181.500336	213.552551	-68.926407	0.000026	0.000027	109.143105	83.938438	96.503120	767870.812500	57210.328125	17492.261719	83100.257812
2003	07	323.546021	211.595535	212.613449	-107.501762	0.000040	0.000041	100.662987	75.094131	103.986893	868950.875000	57210.042969	17497.185547	83102.851562
2003	07	336.673615	220.840454	213.031525	-120.211311	0.000045	0.000046	97.198395	68.534492	99.972763	904207.750000	57209.707031	17502.951172	83106.468750
2003	07	309.120941	201.365433	200.642731	-105.047516	0.000039	0.000041	92.887215	27.703838	80.701355	830209.312500	57209.367188	17508.681641	83110.179688
2003	07	288.760132	181.449707	201.173798	-84.155693	0.000031	0.000033	93.863358	43.016617	102.139824	775526.000000	57209.050781	17514.048828	83113.617188
2003	07	268.813995	160.845627	204.269196	-61.114201	0.000023	0.000024	96.300835	14.761168	104.082291	721956.437500	57208.773438	17518.648438	83116.187500
2003	07	253.750793	155.820923	185.235275	-65.084991	0.000024	0.000026	87.305428	4.643265	77.983315	681501.062500	57208.519531	17522.697266	83118.312500
2003	07	292.527039	187.918472	184.445465	-104.651100	0.000039	0.000040	79.836891	38.614895	84.664169	785642.812500	57208.257812	17526.861328	83120.828125
2003	07	283.141785	181.007980	179.819763	-99.891624	0.000037	0.000039	77.685936	35.675491	76.987915	760436.750000	57207.953125	17531.738281	83124.234375
2003	07	256.061981	158.771500	173.797012	-78.834572	0.000029	0.000031	76.506546	48.557785	81.929657	687708.250000	57207.664062	17536.541016	83127.625000
2003	07	251.478287	151.418686	175.916656	-72.131302	0.000027	0.000028	75.857071	13.106358	86.661140	675397.750000	57207.425781	17540.117188	83129.750000
2003	07	279.716156	177.932159	169.710281	-106.575630	0.000040	0.000041	67.926262	60.689774	84.839844	751236.625000	57207.164062	17544.283203	83132.656250
2003	07	271.037292	172.595154	161.658051	-105.948975	0.000040	0.000041	63.215954	79.833656	78.738899	727927.500000	57206.867188	17549.052734	83136.382812
2003	08	267.924683	170.016708	158.272079	-106.222412	0.000040	0.000041	60.364082	76.844742	84.461060	719568.062500	57206.589844	17553.435547	83139.828125
2003	08	241.734863	148.259109	152.786270	-85.518402	0.000032	0.000033	59.310524	80.203957	81.716820	649229.812500	57206.316406	17557.673828	83143.203125
2003	08	196.256622	109.752060	145.927231	-46.899284	0.000018	0.000019	59.422653	-41.706463	78.248558	527088.375000	57206.089844	17560.769531	83145.421875
2003	08	157.854172	81.704559	135.914932	-18.509186	0.000007	0.000008	59.765320	50.051785	62.475521	423950.562500	57205.917969	17562.939453	83146.750000
2003	08	190.745300	109.643410	136.859116	-50.456158	0.000019	0.000020	55.757236	9.604341	63.794666	512286.562500	57205.769531	17564.755859	83147.726562
2003	08	176.949478	101.126747	127.796158	-45.723343	0.000017	0.000018	51.973434	91.777374	52.438297	475235.031250	57205.593750	17567.087891	83149.375000
2003	08	155.055862	83.659935	121.808708	-29.817202	0.000011	0.000012	50.412792	61.772572	58.691914	416435.093750	57205.417969	17569.207031	83150.929688
2003	08	164.732925	88.944557	127.525314	-33.777733	0.000013	0.000014	51.736931	-5.683687	67.892891	442424.937500	57205.281250	17570.474609	83151.593750
2003	08	267.980835	167.623810	178.770432	-85.780556	0.000032	0.000033	78.413399	53.473492	101.366058	719718.812500	57205.121094	17573.226562	83153.304688
2003	08	211.165695	122.222099	166.103989	-41.631916	0.000016	0.000017	77.160385	46.277798	84.736221	567129.875000	57204.929688	17577.294922	83155.898438
2003	08	170.522415	86.757614	158.277237	-8.815461	0.000003	0.000005	74.512428	22.303997	83.762123	457973.781250	57204.796875	17579.597656	83156.804688
2003	08	179.333969	94.821175	152.232620	-23.671698	0.000009	0.000010	67.719849	8.737678	76.452721	481639.031250	57204.679688	17581.552734	83157.515625
2003	08	192.396500	111.033951	149.076218	-39.890724	0.000015	0.000016	67.713669	-12.610934	78.836044	516721.218750	57204.542969	17583.625000	83158.507812
2003	08	212.373520	125.773895	155.338730	-53.605286	0.000020	0.000021	68.739098	12.587610	71.075089	570373.750000	57204.402344	17586.218750	83159.882812
2003	08	185.571793	104.980896	143.733505	-38.408844	0.000014	0.000016	63.142597	69.246475	64.935173	498392.093750	57204.238281	17589.101562	83161.703125
2003	08	166.531372	94.446404	128.671600	-34.430336	0.000013	0.000014	56.586651	87.591911	51.543072	447254.968750	57204.082031	17591.464844	83163.234375
2003	08	150.971390	79.050285	127.806557	-19.735453	0.000007	0.000009	55.885460	5.931294	58.079697	405465.375000	57203.949219	17593.117188	83164.109375
2003	08	142.416992	76.467468	117.630814	-21.356844	0.000008	0.000009	51.681286	80.368721	45.501743	382490.781250	57203.832031	17594.523438	83164.843750
2003	08	126.814049	65.576492	109.775513	-13.609208	0.000005	0.000006	48.537960	65.262436	41.271873	340585.750000	57203.714844	17595.832031	83165.601562
2003	08	130.835831	68.829460	109.030090	-18.376431	0.000007	0.000008	47.023720	55.724346	42.660728	351387.093750	57203.613281	17596.662109	83165.937500
2003	08	147.448715	82.995255	117.412613	-26.606808	0.000010	0.000011	52.959156	81.670746	57.351585	396004.500000	57203.515625	17597.689453	83166.429688
2003	08	135.384308	74.154480	112.289894	-19.665154	0.000007	0.000009	51.060055	91.148216	38.513184	363603.031250	57203.417969	17599.316406	83167.414062
2003	08	112.613487	54.571934	108.007942	-1.176294	0.000000	0.000002	49.966385	39.948654	42.044033	302447.187500	57203.324219	17600.322266	83167.859375
2003	08	116.042068	57.102207	107.533531	-5.079315	0.000002	0.000003	48.593666	62.924488	40.432644	311655.343750	57203.246094	17600.900391	83167.882812
2003	08	88.410667	40.023827	91.847359	6.865895	-0.000003	-0.000001	43.460522	86.610313	24.987398	237445.421875	57203.164062	17601.425781	83167.976562
2003	08	90.016052	44.144672	85.373734	-1.213122	0.000000	0.000002	39.502361	59.294983	20.666330	241757.015625	57203.082031	17601.500000	83167.773438
2003	08	91.318840	45.262444	84.274910	-3.614752	0.000001	0.000003	38.218513	77.762177	21.055643	245255.921875	57202.996094	17601.732422	83167.812500
2003	08	87.344833	42.637451	97.828926	13.913254	-0.000005	-0.000004	53.121540	-21.483679	55.755535	234582.890625	57202.914062	17601.867188	83167.695312
2003	08	173.203400	105.947021	158.906845	-10.867410	0.000004	0.000005	91.650475	56.017590	44.763172	465174.125000	57202.839844	17602.646484	83166.984375
2003	08	194.444122	120.200981	159.531601	-31.483408	0.000012	0.000013	85.288452	59.357967	50.923035	522220.562500	57202.734375	17605.078125	83167.640625
2003	08	206.106476	126.272392	163.058823	-39.618557	0.000015	0.000016	83.224739	45.216778	59.119953	553542.250000	57202.605469	17607.871094	83168.773438
2003	09	205.180710	126.142761	155.789734	-46.072548	0.000018	0.000019	76.751778	44.903572	61.307514	569424.437500	57202.441406	17610.812500	83170.140625
2003	09	160.672318	91.539772	152.352997	-5.000950	0.000002	0.000003	83.220436	-19.031733	78.537842	445903.250000	57202.250000	17613.583984	83171.375000
2003	09	200.507462	123.949692	166.537537	-30.651583	0.000012	0.000013	89.979774	37.974243	65.548271	556455.062500	57202.089844	17615.871094	83171.742188
2003	09	192.283905	116.293266	161.057510	-27.908077	0.000011	0.000012	85.066879	35.279392	64.453651	533632.750000	57201.898438	17618.789062	83172.835938
2003	09	185.452499	108.646873	160.543839	-21.590384	0.000008	0.000010	83.738213	-8.308164	67.278770	514674.062500	57201.707031	17621.458984	83173.742188
2003	09	186.796631	111.097099	154.809006	-28.669384	0.000011	0.000012	79.109474	14.636405	63.204655	518404.312500	57201.523438	17623.949219	83174.578125
2003	09	175.843658	101.272659	151.589020	-20.936434	0.000008	0.000009	77.018013	-23.990625	56.014385	488007.281250	57201.339844	17626.347656	83175.429688
2003	09	167.596268	93.779282	148.792343	-15.485775	0.000006	0.000007	74.975342	-10.514663	65.466255	465118.875000	57201.164062	17628.566406	83176.179688
2003	09	163.216766	90.550125	145.057236	-14.841443	0.000006	0.000007	72.390579	-17.685738	52.818146	452964.718750	57200.992188	17630.587891	83176.789062
2003	09	161.410858	91.247826	138.404617	-19.688217	0.000008	0.000009	68.241570	14.683457	47.520229	447952.875000	57200.828125	17632.437500	83177.351562
2003	09	164.138336	94.106308	134.447510	-26.372852	0.000010	0.000011	64.415474	30.795425	52.710621	455522.250000	57200.660156	17634.521484	83178.281250
2003	09	151.198914	88.451790	120.918655	-26.962320	0.000010	0.000012	58.171532	18.517532	40.830578	419612.312500	57200.492188	17636.562500	83179.351562
2003	09	148.155228	84.843300	121.107597	-23.729725	0.000009	0.000010	57.795673	41.689922	39.597675	411165.375000	57200.332031	17638.228516	83180.132812
2003	09	128.985031	72.565559	116.946770	-8.720394	0.000003	0.000005	60.527306	13.289208	61.903706	357963.562500	57200.175781	17639.878906	83180.890625
2003	09	138.360107	81.803154	112.971123	-22.071140	0.000009	0.000010	56.414162	28.318682	33.305687	383981.687500	57200.042969	17641.195312	83181.312500
2003	09	103.580833	55.159161	107.997879	7.734874	-0.000003	-0.000002	59.576202	44.006676	42.249451	287461.031250	57199.910156	17642.505859	83181.757812
2003	09	97.086357	53.026810	99.549683	5.781142	-0.000002	-0.000001	55.490131	62.799721	20.724817	269437.343750	57199.789062	17643.136719	83181.507812
2003	09	81.372597	40.849979	94.441284	16.386505	-0.000006	-0.000005	53.918678	43.122440	29.444094	225827.984375	57199.671875	17643.539062	83181.156250
2003	09	106.150826	59.952267	99.223022	-3.610012	0.000001	0.000003	53.024456	56.799984	23.488932	294593.375000	57199.554688	17643.867188	83180.757812
2003	09	101.865189	57.449230	95.375679	-3.171701	0.000001	0.000003	50.959724	26.487265	20.708910	282699.718750	57199.445312	17644.593750	83180.820312
2003	09	110.176140	61.538532	100.776878	-6.081472	0.000002	0.000004	52.139263	13.213491	23.374624	305764.562500	57199.332031	17645.355469	83180.921875
2003	09	94.744225	48.113438	102.705490	11.279028	-0.000004	-0.000003	56.074699	14.465623	31.690821	262937.375000	57199.226562	17645.998047	83180.820312
2003	09	119.852394	68.972527	105.192261	-11.342399	0.000004	0.000006	54.312386	19.091486	28.064268	332618.437500	57199.121094	17646.705078	83180.742188
2003	09	82.049126	39.006367	99.967659	21.236244	-0.000008	-0.000007	56.924904	22.576174	31.115646	227705.500000	57199.015625	17647.546875	83180.773438
2003	09	82.302353	41.519924	95.185417	16.200748	-0.000006	-0.000005	54.402992	43.869209	28.072199	228408.250000	57198.914062	17647.738281	83180.171875
2003	09	108.772324	59.819077	103.623833	-1.830834	0.000001	0.000002	54.670582	16.635075	30.919666	301868.625000	57198.804688	17648.072266	83179.765625
2003	09	89.494049	44.578773	103.298813	17.122396	-0.000007	-0.000005	58.383549	-4.560902	46.273636	248366.890625	57198.699219	17648.816406	83179.695312
2003	09	76.422104	36.565502	101.699638	28.595125	-0.000011	-0.000010	61.843033	16.065434	23.645037	212089.203125	57198.597656	17649.058594	83178.968750
2003	09	70.515053	33.154045	97.583977	30.386499	-0.000012	-0.000010	60.222973	30.780966	18.442184	195695.765625	57198.488281	17649.107422	83178.031250
2003	09	61.873444	27.640631	90.501472	31.945585	-0.000012	-0.000011	56.268658	45.794933	18.140713	171713.265625	57198.371094	17648.982422	83177.023438
2003	10	83.095070	43.963398	94.022789	14.355865	-0.000005	-0.000004	54.891121	42.219559	14.656343	223169.265625	57198.250000	17648.789062	83176.085938
2003	10	129.005493	74.314484	112.703125	-12.874238	0.000005	0.000006	58.012108	0.582730	33.790794	346471.343750	57198.132812	17649.171875	83175.718750
2003	10	116.700592	64.383118	111.701447	-1.571042	0.000001	0.000002	59.383968	1.811449	20.634207	313423.968750	57198.019531	17650.308594	83176.000000
2003	10	122.889351	69.234909	112.368965	-7.092312	0.000003	0.000004	58.714516	17.979958	24.244873	330045.187500	57197.898438	17651.251953	83176.101562
2003	10	128.324234	72.581764	113.513672	-11.382504	0.000004	0.000006	57.771202	3.938356	31.921265	344641.687500	57197.781250	17652.333984	83176.375000
2003	10	125.610085	70.952667	111.074036	-11.108003	0.000004	0.000005	56.416622	2.045640	32.778584	337352.281250	57197.660156	17653.472656	83176.726562
2003	10	121.916779	67.617294	109.754959	-8.733799	0.000003	0.000005	55.455471	-4.564827	31.177320	327433.125000	57197.542969	17654.531250	83177.039062
2003	10	109.529175	58.536320	104.897316	-1.203873	0.000000	0.000002	53.904461	-9.860144	27.393898	294163.593750	57197.421875	17655.466797	83177.265625
2003	10	102.987137	50.894096	110.558327	10.999118	-0.000004	-0.000003	58.465290	-2.335239	33.309128	276593.593750	57197.304688	17656.160156	83177.218750
2003	10	103.687706	52.155411	110.065636	9.805792	-0.000004	-0.000002	58.533340	-0.584814	31.716263	278475.125000	57197.199219	17656.445312	83177.000000
2003	10	91.056908	45.300735	100.118744	12.489657	-0.000005	-0.000003	54.362576	-18.399326	24.504744	244552.468750	57197.097656	17654.687500	83176.773438
2003	10	85.065804	40.301662	99.365501	17.727472	-0.000007	-0.000005	54.601360	3.230499	19.175093	228462.093750	57197.035156	17650.298828	83176.359375
2003	10	75.934151	37.547474	89.836319	17.329927	-0.000006	-0.000005	51.449646	13.339193	15.803335	203937.109375	57197.031250	17643.390625	83175.859375
2003	10	54.827332	22.615950	83.568100	32.168514	-0.000012	-0.000011	51.356720	29.721867	10.542972	147250.328125	57197.105469	17633.830078	83175.132812
2003	10	40.952015	14.567810	75.611282	38.087017	-0.000014	-0.000013	49.227077	27.268261	7.242054	109985.234375	57197.261719	17621.455078	83174.015625
2003	10	32.820274	9.015323	73.953751	44.561226	-0.000017	-0.000015	50.148800	37.239471	7.625176	88145.742188	57197.515625	17606.433594	83172.648438
2003	10	38.631660	15.281200	71.982124	36.778236	-0.000014	-0.000012	48.631664	29.886934	7.242091	103753.437500	57197.867188	17588.917969	83171.195312
2003	10	53.642941	23.872080	86.621452	36.406292	-0.000014	-0.000012	56.850590	-20.387266	13.676207	144069.390625	57198.343750	17569.207031	83169.796875
2003	10	36.855301	13.822942	79.536514	46.109016	-0.000017	-0.000016	56.504162	1.873437	7.350868	98982.656250	57198.890625	17547.326172	83168.468750
2003	10	36.045635	13.053744	83.911957	51.294132	-0.000019	-0.000018	60.920067	-3.280105	5.961293	96808.125000	57199.488281	17522.765625	83166.757812
2003	10	29.317713	8.896523	85.603172	59.713291	-0.000022	-0.000021	65.181992	12.970613	7.719515	78738.882812	57200.203125	17495.810547	83164.898438
2003	10	23.114487	6.499572	83.584404	63.897770	-0.000024	-0.000023	66.969482	-6.819886	5.065220	62078.808594	57201.042969	17466.351562	83162.789062
2003	10	15.133525	1.025679	83.588005	71.882362	-0.000027	-0.000026	69.480156	-4.697543	5.139208	40644.261719	57201.960938	17434.419922	83160.437500
2003	10	3.275728	-5.565711	79.581467	79.733673	-0.000030	-0.000028	70.740028	-28.241974	21.163187	8797.657227	57202.800781	17399.988281	83157.929688
2003	10	0.000000	-4.757514	82.322487	85.750481	-0.000032	-0.000031	77.564980	-7.578479	38.193531	0.000000	57203.738281	17379.027344	83154.960938
2003	10	0.000000	-4.249598	69.519753	72.947807	-0.000027	-0.000026	65.270149	18.536577	5.251817	0.000000	57204.531250	17377.429688	83152.210938
2003	10	0.000000	-5.088745	75.837395	79.265503	-0.000030	-0.000028	70.748650	2.931216	4.376213	0.000000	57205.246094	17375.896484	83149.539062
2003	10	0.000000	-5.396305	82.472054	85.900200	-0.000032	-0.000031	77.075745	-8.743335	18.070053	0.000000	57206.011719	17374.359375	83146.625000
2003	10	0.000000	-4.065233	68.744881	72.173080	-0.000027	-0.000026	64.679649	25.253321	11.085332	0.000000	57206.757812	17372.841797	83143.843750
2003	10	0.000000	-3.676472	58.402737	61.830990	-0.000023	-0.000022	54.726269	28.925991	11.532851	0.000000	57207.390625	17371.339844	83141.468750
2003	10	0.000000	-3.371646	44.293400	47.721703	-0.000018	-0.000017	40.921749	40.937004	14.108177	0.000000	57207.917969	17369.847656	83139.476562
2003	11	0.000000	-2.710115	29.509130	32.826897	-0.000013	-0.000011	26.799017	51.767628	6.527996	0.000000	57208.308594	17368.371094	83137.953125
2003	11	0.000000	-2.816295	21.449320	24.767136	-0.000010	-0.000008	18.633024	20.007988	9.404222	0.000000	57208.578125	17366.904297	83136.789062
2003	11	0.000000	-2.446669	16.920219	20.238085	-0.000008	-0.000007	14.473550	38.430241	6.361887	0.000000	57208.777344	17365.443359	83135.812500
2003	11	0.000000	-2.368514	12.654548	15.972460	-0.000006	-0.000005	10.286034	34.710926	3.157156	0.000000	57208.914062	17363.996094	83135.007812
2003	11	0.000000	-2.560223	11.104289	14.422245	-0.000006	-0.000004	8.544065	31.954147	2.576265	0.000000	57209.007812	17362.554688	83134.296875
2003	11	0.000000	-2.547107	9.962075	13.280072	-0.000005	-0.000004	7.414968	20.576420	2.960504	0.000000	57209.089844	17361.119141	83133.632812
2003	11	0.000000	-2.361067	8.764215	12.082253	-0.000005	-0.000003	6.403149	33.001968	-5.986070	0.000000	57209.156250	17359.687500	83133.015625
2003	11	0.000000	-2.180841	6.896823	10.214899	-0.000004	-0.000003	4.715981	27.415812	5.221628	0.000000	57209.207031	17358.269531	83132.453125
2003	11	0.000000	-2.728958	6.582289	9.900399	-0.000004	-0.000003	3.853331	2.560526	1.177940	0.000000	57209.234375	17356.855469	83131.937500
2003	11	0.000000	-2.769056	6.372326	9.690468	-0.000004	-0.000002	3.603270	7.578896	3.866854	0.000000	57209.261719	17355.441406	83131.445312
2003	11	0.000000	-3.459209	6.942308	10.260476	-0.000004	-0.000003	3.483099	-32.548145	2.388898	0.000000	57209.285156	17354.029297	83130.953125
2003	11	0.000000	-3.178805	6.684877	10.003067	-0.000004	-0.000003	3.506072	-16.268307	6.366164	0.000000	57209.308594	17352.619141	83130.460938
2003	11	0.000000	-2.821476	6.283882	9.602096	-0.000004	-0.000002	3.462406	-8.155529	3.981457	0.000000	57209.328125	17351.218750	83129.984375
2003	11	0.000000	-3.970394	12.430669	15.748902	-0.000006	-0.000005	8.460275	-31.072432	-3.408590	0.000000	57209.378906	17349.820312	83129.484375
2003	11	0.000000	-3.589838	9.059003	12.377249	-0.000005	-0.000003	5.469165	-14.392015	4.967777	0.000000	57209.515625	17348.419922	83128.828125
2003	11	0.000000	-3.373547	7.248056	10.566319	-0.000004	-0.000003	3.874509	-11.090747	5.082124	0.000000	57209.550781	17347.027344	83128.320312
2003	11	0.000000	-3.761506	8.220658	11.538933	-0.000004	-0.000003	4.459152	-19.725933	5.402015	0.000000	57209.574219	17345.638672	83127.851562
2003	11	0.000000	-3.268726	7.604160	10.922446	-0.000004	-0.000003	4.335434	-7.703417	6.254007	0.000000	57209.613281	17344.251953	83127.328125
2003	11	0.000000	-3.323341	6.801560	10.119859	-0.000004	-0.000003	3.478220	-0.640165	2.724767	0.000000	57209.632812	17342.875000	83126.875000
2003	11	0.000000	-3.311583	6.766957	10.085265	-0.000004	-0.000003	3.455373	-7.690699	1.705451	0.000000	57209.652344	17341.500000	83126.421875
2003	11	0.000000	-2.754561	6.175351	9.493670	-0.000004	-0.000002	3.420789	16.544313	-3.085195	0.000000	57209.671875	17340.130859	83125.976562
2003	11	0.000000	-2.312184	5.305401	8.623734	-0.000003	-0.000002	2.993217	14.444868	-7.207565	0.000000	57209.687500	17338.775391	83125.554688
2003	11	0.000000	-2.326002	4.758485	8.076832	-0.000003	-0.000002	2.432482	14.197120	-3.294363	0.000000	57209.699219	17337.425781	83125.148438
2003	11	0.000000	-2.216412	4.193041	7.511400	-0.000003	-0.000002	1.976629	6.316072	-3.716262	0.000000	57209.707031	17336.080078	83124.773438
2003	11	0.000000	-2.427646	4.047592	7.365961	-0.000003	-0.000002	1.619945	4.647506	-4.121896	0.000000	57209.710938	17334.738281	83124.406250
2003	11	0.000000	-2.538750	4.024778	7.343155	-0.000003	-0.000002	1.486028	4.676879	-5.445647	0.000000	57209.714844	17333.398438	83124.054688
2003	11	0.000000	-2.617620	4.032270	7.350654	-0.000003	-0.000002	1.414649	1.267158	-1.899352	0.000000	57209.714844	17332.060547	83123.710938
2003	11	0.000000	-2.670678	4.039910	7.358297	-0.000003	-0.000002	1.369232	1.961402	-5.435685	0.000000	57209.718750	17330.724609	83123.359375
2003	11	0.000000	-2.905208	4.229375	7.547767	-0.000003	-0.000002	1.324167	-19.719484	-7.581568	0.000000	57209.718750	17329.394531	83123.023438
2003	11	0.000000	-3.024796	4.332807	7.651196	-0.000003	-0.000002	1.308010	-14.665051	-5.955110	0.000000	57209.722656	17328.058594	83122.679688
2003	12	0.000000	-2.983033	4.325142	7.754144	-0.000003	-0.000002	1.342109	-5.247684	-5.135056	0.000000	57209.726562	17326.728516	83122.351562
2003	12	0.000000	-2.362168	3.672827	7.101830	-0.000003	-0.000001	1.310660	12.397658	-7.149783	0.000000	57209.726562	17325.408203	83122.023438
2003	12	0.000000	-2.595058	3.794260	7.223263	-0.000003	-0.000001	1.199201	2.652362	-1.515242	0.000000	57209.730469	17324.091797	83121.703125
2003	12	0.000000	-2.908219	4.037402	7.466403	-0.000003	-0.000002	1.129183	-15.699804	0.408913	0.000000	57209.730469	17322.773438	83121.382812
2003	12	0.000000	-2.679367	3.798696	7.227692	-0.000003	-0.000001	1.119330	9.705544	-3.905165	0.000000	57209.730469	17321.455078	83121.070312
2003	12	0.000000	-2.423692	3.372416	6.801411	-0.000003	-0.000001	0.948723	-26.564909	14.906324	0.000000	57209.734375	17320.150391	83120.765625
2003	12	0.000000	-3.083772	3.923925	7.352914	-0.000003	-0.000001	0.840154	-20.285263	12.820440	0.000000	57209.730469	17318.837891	83120.460938
2003	12	0.000000	-3.210632	4.049305	7.478285	-0.000003	-0.000002	0.838674	-10.254260	-7.029653	0.000000	57209.730469	17317.527344	83120.164062
2003	12	0.000000	-2.412377	3.252210	6.681182	-0.000002	-0.000001	0.839833	22.245028	-8.214339	0.000000	57209.730469	17316.220703	83119.867188
2003	12	0.000000	-2.065861	2.873076	6.302044	-0.000002	-0.000001	0.807215	27.302692	-3.501867	0.000000	57209.730469	17314.925781	83119.578125
2003	12	0.000000	-1.931605	2.612181	6.041146	-0.000002	-0.000001	0.680576	28.384655	-4.084488	0.000000	57209.726562	17313.634766	83119.304688
2003	12	0.000000	-1.906892	2.444193	5.873155	-0.000002	-0.000001	0.537301	23.828287	-6.073512	0.000000	57209.726562	17312.347656	83119.031250
2003	12	0.000000	-2.287478	2.712726	6.141682	-0.000002	-0.000001	0.425248	-4.471476	-11.399855	0.000000	57209.722656	17311.060547	83118.765625
2003	12	0.000000	-2.439370	2.819746	6.248692	-0.000002	-0.000001	0.380376	2.402043	-6.516416	0.000000	57209.718750	17309.773438	83118.500000
2003	12	0.000000	-2.361272	2.725832	6.154768	-0.000002	-0.000001	0.364560	10.173244	-6.175182	0.000000	57209.718750	17308.488281	83118.242188
2003	12	0.000000	-2.470546	2.824210	6.253135	-0.000002	-0.000001	0.353664	7.581306	-7.429675	0.000000	57209.714844	17307.203125	83117.984375
2003	12	0.000000	-2.584132	2.930461	6.359374	-0.000002	-0.000001	0.346329	-4.638327	-5.572810	0.000000	57209.710938	17305.919922	83117.726562
2003	12	0.000000	-2.919504	3.259206	6.688105	-0.000002	-0.000001	0.339702	-10.148222	-6.827530	0.000000	57209.710938	17304.636719	83117.468750
2003	12	0.000000	-2.915768	3.250805	6.679686	-0.000002	-0.000001	0.335037	-15.786649	-11.379531	0.000000	57209.707031	17303.349609	83117.203125
2003	12	0.000000	-2.791726	3.123432	6.552297	-0.000002	-0.000001	0.331705	-8.425501	-5.486581	0.000000	57209.707031	17302.070312	83116.945312
2003	12	0.000000	-2.837550	3.165538	6.594386	-0.000002	-0.000001	0.327988	-10.157690	-5.624936	0.000000	57209.703125	17300.787109	83116.695312
2003	12	0.000000	-3.325153	3.650338	7.079167	-0.000003	-0.000001	0.325185	-27.224358	-8.784162	0.000000	57209.703125	17299.505859	83116.437500
2003	12	0.000000	-2.812588	3.136530	6.565339	-0.000002	-0.000001	0.323942	-10.956859	-7.299132	0.000000	57209.699219	17298.224609	83116.179688
2003	12	0.000000	-2.782788	3.105078	6.533869	-0.000002	-0.000001	0.322290	-10.166341	-3.428918	0.000000	57209.699219	17296.949219	83115.929688
2003	12	0.000000	-3.126559	3.446379	6.875150	-0.000003	-0.000001	0.319820	-28.271055	-8.366930	0.000000	57209.695312	17295.671875	83115.679688
2003	12	0.000000	-3.105281	3.423630	6.852378	-0.000003	-0.000001	0.318348	-18.045393	-8.899368	0.000000	57209.695312	17294.394531	83115.421875
2003	12	0.000000	-2.657640	2.974940	6.403669	-0.000002	-0.000001	0.317301	-4.896675	-4.289207	0.000000	57209.691406	17293.119141	83115.179688
2003	12	0.000000	-2.602981	2.918097	6.346807	-0.000002	-0.000001	0.315116	-2.120048	-2.788986	0.000000	57209.691406	17291.851562	83114.929688
2003	12	0.000000	-2.685063	2.996814	6.425503	-0.000002	-0.000001	0.311751	2.207180	-6.510910	0.000000	57209.687500	17290.582031	83114.687500
2003	12	0.000000	-2.236837	2.544911	5.973581	-0.000002	-0.000001	0.308073	15.841556	-2.791125	0.000000	57209.687500	17289.318359	83114.453125
2003	12	0.000000	-2.264015	2.566664	5.995317	-0.000002	-0.000001	0.302649	12.573213	-3.805159	0.000000	57209.683594	17288.056641	83114.210938
2004	01	0.000000	-2.198370	2.495122	5.923750	-0.000002	-0.000001	0.296752	14.006371	-6.213789	0.000000	57209.683594	17286.798828	83113.984375
2004	01	0.000000	-1.965563	2.253023	5.681644	-0.000002	-0.000001	0.287459	22.146042	-3.067253	0.000000	57209.679688	17285.525391	83113.750000
2004	01	0.000000	-1.696985	1.960235	5.389105	-0.000002	-0.000001	0.263250	36.820431	-5.178939	0.000000	57209.679688	17284.244141	83113.523438
2004	01	0.000000	-1.426239	1.653049	5.082170	-0.000002	-0.000001	0.226811	36.563927	-2.719269	0.000000	57209.675781	17282.970703	83113.304688
2004	01	0.000000	-1.292871	1.484205	4.913577	-0.000002	-0.000001	0.191334	33.614590	-4.533392	0.000000	57209.675781	17281.699219	83113.093750
2004	01	0.000000	-1.420346	1.572759	5.002380	-0.000002	-0.000001	0.152413	24.092524	-6.312364	0.000000	57209.675781	17280.429688	83112.882812
2004	01	0.000000	-1.714274	1.830559	5.260427	-0.000002	-0.000001	0.116285	11.957712	-8.850514	0.000000	57209.671875	17279.160156	83112.671875
2004	01	0.000000	-1.527468	1.619511	5.049624	-0.000002	-0.000001	0.092042	21.187021	-3.726130	0.000000	57209.671875	17277.890625	83112.460938
2004	01	0.000000	-1.777731	1.852716	5.283075	-0.000002	-0.000001	0.074985	14.536481	-2.702451	0.000000	57209.671875	17276.621094	83112.257812
2004	01	0.000000	-2.002533	2.069325	5.499927	-0.000002	-0.000001	0.066792	11.679321	-2.588815	0.000000	57209.667969	17275.351562	83112.046875
2004	01	0.000000	-2.390656	2.452998	5.883839	-0.000002	-0.000001	0.062342	-1.560052	-1.148218	0.000000	57209.667969	17274.080078	83111.835938
2004	01	0.000000	-2.717738	2.776748	6.207824	-0.000002	-0.000001	0.059011	0.852429	-1.617118	0.000000	57209.667969	17272.802734	83111.617188
2004	01	0.000000	-1.980801	2.037717	5.469028	-0.000002	-0.000001	0.056915	16.796848	-4.061164	0.000000	57209.664062	17271.529297	83111.406250
2004	01	0.000000	-2.090647	2.146418	5.577970	-0.000002	-0.000001	0.055771	20.028345	-3.255738	0.000000	57209.664062	17270.261719	83111.203125
2004	01	0.000000	-2.211175	2.266040	5.697829	-0.000002	-0.000001	0.054865	6.552399	-1.919046	0.000000	57209.664062	17268.994141	83110.992188
2004	01	0.000000	-2.831456	2.885530	6.317552	-0.000002	-0.000001	0.054074	-1.355835	-2.469531	0.000000	57209.664062	17267.720703	83110.781250
2004	01	0.000000	-2.590975	2.644603	6.076855	-0.000002	-0.000001	0.053628	9.503870	-4.322122	0.000000	57209.660156	17266.445312	83110.570312
2004	01	0.000000	-1.440670	1.494144	4.926633	-0.000002	-0.000001	0.053475	28.395760	-5.341626	0.000000	57209.660156	17265.181641	83110.367188
2004	01	0.000000	-1.723095	1.776420	5.209150	-0.000002	-0.000001	0.053326	25.680496	-0.175800	0.000000	57209.660156	17263.923828	83110.171875
2004	01	0.000000	-1.992200	2.045311	5.478277	-0.000002	-0.000001	0.053111	8.840199	-1.686338	0.000000	57209.660156	17262.664062	83109.968750
2004	01	0.000000	-2.306757	2.359587	5.792786	-0.000002	-0.000001	0.052830	3.913664	-6.908376	0.000000	57209.656250	17261.398438	83109.765625
2004	01	0.000000	-1.382503	1.435069	4.868505	-0.000002	-0.000001	0.052567	29.276985	-3.731574	0.000000	57209.656250	17260.140625	83109.570312
2004	01	0.000000	-1.724610	1.776759	5.210432	-0.000002	-0.000001	0.052148	11.388131	0.881773	0.000000	57209.656250	17258.886719	83109.375000
2004	01	0.000000	-1.841868	1.893305	5.327212	-0.000002	-0.000001	0.051437	25.674086	-3.692040	0.000000	57209.656250	17257.628906	83109.179688
2004	01	0.000000	-1.364429	1.415081	4.849225	-0.000002	-0.000001	0.050653	31.985071	-2.183836	0.000000	57209.656250	17256.376953	83108.984375
2004	01	0.000000	-1.438062	1.487888	4.922268	-0.000002	-0.000001	0.049826	38.668213	-2.107406	0.000000	57209.652344	17255.128906	83108.796875
2004	01	0.000000	-1.359044	1.407857	4.842473	-0.000002	-0.000001	0.048813	34.772926	-2.640524	0.000000	57209.652344	17253.880859	83108.609375
2004	01	0.000000	-1.101946	1.149521	4.584374	-0.000002	-0.000000	0.047575	36.725201	-1.892445	0.000000	57209.652344	17252.634766	83108.429688
2004	01	0.000000	-0.862092	0.908284	4.343376	-0.000002	-0.000000	0.046192	56.819492	-0.237575	0.000000	57209.652344	17251.396484	83108.250000
2004	01	0.000000	-1.116096	1.160704	4.596033	-0.000002	-0.000000	0.044608	41.331581	-1.332676	0.000000	57209.648438	17250.156250	83108.070312
2004	01	0.000000	-1.386407	1.429273	4.864836	-0.000002	-0.000001	0.042865	34.823078	-1.829166	0.000000	57209.648438	17248.914062	83107.882812
2004	02	0.000000	-1.680545	1.718984	4.933114	-0.000002	-0.000001	0.038439	21.224625	-3.771407	0.000000	57209.648438	17247.669922	83107.703125
2004	02	0.000000	-1.761159	1.798097	5.012440	-0.000002	-0.000001	0.036938	17.086857	-2.868098	0.000000	57209.648438	17246.421875	83107.515625
2004	02	0.000000	-1.474188	1.509987	4.724545	-0.000002	-0.000001	0.035799	37.197365	-5.410631	0.000000	57209.648438	17245.175781	83107.328125
2004	02	0.000000	-1.568586	1.603677	4.818451	-0.000002	-0.000001	0.035092	27.803146	0.246544	0.000000	57209.644531	17243.933594	83107.148438
2004	02	0.000000	-1.779865	1.814536	5.029522	-0.000002	-0.000001	0.034671	17.945507	1.556420	0.000000	57209.644531	17242.689453	83106.960938
2004	02	0.000000	-1.573693	1.608042	4.823240	-0.000002	-0.000001	0.034349	27.593454	-5.706279	0.000000	57209.644531	17241.443359	83106.773438
2004	02	0.000000	-1.655835	1.689891	4.905302	-0.000002	-0.000001	0.034056	16.542027	1.417360	0.000000	57209.644531	17240.201172	83106.593750
2004	02	0.000000	-2.586637	2.620421	5.836040	-0.000002	-0.000001	0.033784	0.500587	0.805772	0.000000	57209.644531	17238.953125	83106.406250
2004	02	0.000000	-2.638570	2.672102	5.887925	-0.000002	-0.000001	0.033532	-4.904131	-4.578626	0.000000	57209.644531	17237.695312	83106.203125
2004	02	0.000000	-2.261800	2.295117	5.511145	-0.000002	-0.000001	0.033317	-0.651057	-4.004400	0.000000	57209.640625	17236.441406	83106.015625
2004	02	0.000000	-2.680098	2.713240	5.929473	-0.000002	-0.000001	0.033142	6.294731	0.027733	0.000000	57209.640625	17235.187500	83105.820312
2004	02	0.000000	-1.776362	1.809361	5.025800	-0.000002	-0.000001	0.032999	13.548460	-4.183683	0.000000	57209.640625	17233.935547	83105.625000
2004	02	0.000000	-2.541514	2.574394	5.791042	-0.000002	-0.000001	0.032880	1.872751	0.111730	0.000000	57209.640625	17232.687500	83105.437500
2004	02	0.000000	-2.435222	2.467993	5.684843	-0.000002	-0.000001	0.032771	9.101854	-2.142919	0.000000	57209.640625	17231.431641	83105.242188
2004	02	0.000000	-1.440386	1.473059	4.690118	-0.000002	-0.000001	0.032674	32.703064	1.030997	0.000000	57209.640625	17230.185547	83105.054688
2004	02	0.000000	-1.960607	1.993194	5.210463	-0.000002	-0.000001	0.032587	21.826464	2.364773	0.000000	57209.640625	17228.943359	83104.867188
2004	02	0.000000	-1.924856	1.957348	5.174825	-0.000002	-0.000001	0.032493	29.611738	-0.914071	0.000000	57209.636719	17227.697266	83104.679688
2004	02	0.000000	-2.430032	2.462420	5.680103	-0.000002	-0.000001	0.032388	2.084455	2.816130	0.000000	57209.636719	17226.451172	83104.492188
2004	02	0.000000	-2.762897	2.795182	6.013064	-0.000002	-0.000001	0.032285	-4.407526	-0.134641	0.000000	57209.636719	17225.193359	83104.296875
2004	02	0.000000	-2.804485	2.836682	6.054765	-0.000002	-0.000001	0.032196	1.704361	4.286131	0.000000	57209.636719	17223.937500	83104.101562
2004	02	0.000000	-2.682624	2.714757	5.933040	-0.000002	-0.000001	0.032133	-0.038680	2.738321	0.000000	57209.636719	17222.679688	83103.898438
2004	02	0.000000	-2.902163	2.934254	6.152737	-0.000002	-0.000001	0.032092	8.067021	4.679824	0.000000	57209.636719	17221.421875	83103.703125
2004	02	0.000000	-2.474720	2.506790	5.725474	-0.000002	-0.000001	0.032070	9.662916	5.347122	0.000000	57209.632812	17220.166016	83103.500000
2004	02	0.000000	-2.698702	2.730767	5.949652	-0.000002	-0.000001	0.032065	0.957766	4.485704	0.000000	57209.632812	17218.910156	83103.304688
2004	02	0.000000	-2.595600	2.627668	5.846753	-0.000002	-0.000001	0.032068	0.169360	3.632558	0.000000	57209.632812	17217.652344	83103.109375
2004	02	0.000000	-2.724450	2.756532	5.975818	-0.000002	-0.000001	0.032082	1.814777	1.815501	0.000000	57209.632812	17216.396484	83102.906250
2004	02	0.000000	-2.729353	2.761455	5.980941	-0.000002	-0.000001	0.032102	7.745784	5.075089	0.000000	57209.632812	17215.138672	83102.710938
2004	02	0.000000	-2.826443	2.858578	6.078263	-0.000002	-0.000001	0.032135	8.274795	8.297779	0.000000	57209.632812	17213.880859	83102.507812
2004	03	0.000000	-2.996927	3.031331	6.473275	-0.000002	-0.000001	0.034404	5.746224	6.414155	0.000000	57209.632812	17212.621094	83102.304688
2004	03	0.000000	-2.994592	3.029058	6.471215	-0.000002	-0.000001	0.034466	13.656975	12.859774	0.000000	57209.628906	17211.361328	83102.101562
2004	03	0.000000	-2.285469	2.319999	5.762371	-0.000002	-0.000001	0.034531	18.321428	6.289703	0.000000	57209.628906	17210.105469	83101.906250
2004	03	0.000000	-1.969734	2.004325	5.446915	-0.000002	-0.000001	0.034590	35.891415	5.920908	0.000000	57209.628906	17208.859375	83101.718750
2004	03	0.000000	-2.192051	2.226676	5.669486	-0.000002	-0.000001	0.034626	26.503387	11.650269	0.000000	57209.628906	17207.613281	83101.531250
2004	03	0.000000	-2.057452	2.092078	5.535105	-0.000002	-0.000001	0.034626	21.582077	7.224553	0.000000	57209.628906	17206.365234	83101.335938
2004	03	0.000000	-2.685293	2.719893	6.163136	-0.000002	-0.000001	0.034599	8.530931	4.678661	0.000000	57209.628906	17205.115234	83101.148438
2004	03	0.000000	-2.815158	2.849714	6.293169	-0.000002	-0.000001	0.034556	9.223070	9.189000	0.000000	57209.628906	17203.859375	83100.945312
2004	03	0.000000	-3.161688	3.196213	6.639878	-0.000002	-0.000001	0.034524	-7.587330	5.308478	0.000000	57209.625000	17202.601562	83100.750000
2004	03	0.000000	-3.524849	19.948935	23.392809	-0.000009	-0.000007	16.424086	-10.674199	-6.280988	0.000000	57209.683594	17201.339844	83100.492188
2004	03	0.000000	-2.618190	16.099541	19.543623	-0.000007	-0.000006	13.481352	32.096920	25.597525	0.000000	57210.468750	17200.076172	83099.507812
2004	03	0.000000	-2.660283	4.342418	7.786716	-0.000003	-0.000002	1.682135	2.587199	3.948391	0.000000	57210.515625	17198.826172	83099.140625
2004	03	0.000000	-3.059699	4.087162	7.531670	-0.000003	-0.000002	1.027464	3.224935	7.355476	0.000000	57210.527344	17197.568359	83098.906250
2004	03	0.000000	-2.976822	4.114452	7.559169	-0.000003	-0.000002	1.137630	33.198345	21.726685	0.000000	57210.539062	17196.306641	83098.671875
2004	03	0.000000	-2.538451	3.414083	6.859012	-0.000003	-0.000001	0.875632	24.232002	13.324390	0.000000	57210.550781	17195.052734	83098.437500
2004	03	0.000000	-2.993459	3.612765	7.057905	-0.000003	-0.000001	0.619306	15.178823	11.269829	0.000000	57210.558594	17193.794922	83098.218750
2004	03	0.000000	-2.972766	3.530359	6.975708	-0.000003	-0.000001	0.557593	15.398643	12.668416	0.000000	57210.570312	17192.535156	83098.000000
2004	03	0.000000	-2.836968	3.388291	6.833850	-0.000003	-0.000001	0.551323	18.953411	14.721180	0.000000	57210.578125	17191.277344	83097.781250
2004	03	0.000000	-2.748919	3.335171	6.780941	-0.000003	-0.000001	0.586251	26.644083	18.651070	0.000000	57210.585938	17190.021484	83097.562500
2004	03	0.000000	-3.063937	3.634112	7.080091	-0.000003	-0.000001	0.570174	25.800274	20.758726	0.000000	57210.593750	17188.761719	83097.335938
2004	03	0.000000	-2.562175	3.018850	6.465039	-0.000002	-0.000001	0.456675	30.388689	17.139294	0.000000	57210.605469	17187.505859	83097.125000
2004	03	0.000000	-2.915891	3.285632	6.732032	-0.000003	-0.000001	0.369741	25.386642	16.137756	0.000000	57210.613281	17186.250000	83096.914062
2004	03	0.000000	-2.649428	3.103842	6.550450	-0.000002	-0.000001	0.454413	34.905205	24.670599	0.000000	57210.621094	17184.992188	83096.695312
2004	03	0.000000	-2.916823	3.387338	6.834157	-0.000003	-0.000001	0.470516	10.963945	5.381525	0.000000	57210.628906	17183.738281	83096.484375
2004	03	0.000000	-3.201855	3.865151	7.312177	-0.000003	-0.000001	0.663296	7.930562	4.814013	0.000000	57210.636719	17182.476562	83096.265625
2004	03	0.000000	-2.651719	3.483071	6.930305	-0.000003	-0.000001	0.831353	52.886162	26.088060	0.000000	57210.644531	17181.214844	83096.031250
2004	03	0.000000	-2.729971	3.199658	6.647102	-0.000002	-0.000001	0.469686	29.998308	14.808284	0.000000	57210.656250	17179.962891	83095.812500
2004	03	0.000000	-3.299480	3.969575	7.417226	-0.000003	-0.000001	0.670095	6.751513	9.127436	0.000000	57210.664062	17178.701172	83095.593750
2004	03	0.000000	-3.226157	5.141280	8.589135	-0.000003	-0.000002	1.915123	15.410171	49.052807	0.000000	57210.675781	17177.437500	83095.343750
2004	03	0.000000	-3.145520	5.420619	8.868680	-0.000003	-0.000002	2.275099	33.394691	25.213047	0.000000	57210.691406	17176.175781	83095.085938
2004	03	0.000000	-3.609880	11.085525	14.533790	-0.000005	-0.000004	7.475645	8.396640	23.810619	0.000000	57210.742188	17174.910156	83094.773438
2004	04	0.000000	-3.867685	27.023556	30.360781	-0.000012	-0.000010	23.155870	-14.277327	15.889173	0.000000	57211.464844	17173.636719	83093.875000
2004	04	0.000000	-3.602494	40.754280	44.091702	-0.000017	-0.000016	37.151787	12.380552	15.647503	0.000000	57212.042969	17172.363281	83092.812500
2004	04	0.000000	-3.486033	61.573513	64.911125	-0.000025	-0.000024	58.087486	21.475206	21.097488	0.000000	57212.722656	17171.093750	83090.976562
2004	04	0.000000	-3.431752	76.655777	79.993591	-0.000031	-0.000030	73.224022	29.090887	14.990358	0.000000	57213.500000	17169.824219	83088.468750
2004	04	0.000000	-3.701358	92.859299	96.197296	-0.000037	-0.000036	89.157936	-20.749943	7.709128	0.000000	57214.175781	17168.550781	83085.601562
2004	04	0.000000	-3.877148	99.392044	102.730247	-0.000040	-0.000038	95.514900	29.167513	21.524441	0.000000	57214.960938	17167.275391	83082.281250
2004	04	0.000000	-3.639193	101.709023	105.047417	-0.000041	-0.000039	98.069832	43.514153	14.857522	0.000000	57215.757812	17166.000000	83078.929688
2004	04	0.000000	-3.471515	103.579201	106.917786	-0.000041	-0.000040	100.107681	55.454384	15.032883	0.000000	57216.593750	17164.728516	83075.335938
2004	04	0.000000	-3.216413	99.253586	102.592361	-0.000040	-0.000038	96.037170	88.922485	21.994667	0.000000	57217.429688	17163.457031	83071.812500
2004	04	0.000000	-3.104807	85.572044	88.911026	-0.000034	-0.000033	82.467239	97.543793	19.497459	0.000000	57218.167969	17162.189453	83068.703125
2004	04	0.000000	-3.131902	88.850403	92.189583	-0.000036	-0.000034	85.718498	91.722794	37.328678	0.000000	57218.882812	17160.921875	83065.640625
2004	04	0.000000	-3.437479	89.201286	92.540657	-0.000036	-0.000034	85.763802	60.910206	26.744997	0.000000	57219.589844	17159.652344	83062.601562
2004	04	0.000000	-4.151894	111.303795	114.643372	-0.000044	-0.000043	107.151909	20.465769	23.078169	0.000000	57220.355469	17158.373047	83059.156250
2004	04	0.000000	-3.677474	108.080406	111.420166	-0.000043	-0.000042	104.402931	62.274193	30.126743	0.000000	57221.210938	17157.091797	83055.367188
2004	04	0.000000	-3.127591	92.489983	95.829933	-0.000037	-0.000036	89.362389	83.979950	27.639118	0.000000	57221.996094	17155.820312	83051.906250
2004	04	0.000000	-2.997952	81.907684	85.247833	-0.000033	-0.000032	78.909729	49.971771	44.944530	0.000000	57222.664062	17154.550781	83048.859375
2004	04	0.000000	-3.306125	75.044678	78.385025	-0.000030	-0.000029	71.738556	67.583839	38.649368	0.000000	57223.214844	17153.283203	83046.234375
2004	04	0.000000	-3.531991	88.784729	92.125275	-0.000036	-0.000034	85.252747	74.363358	25.836636	0.000000	57223.765625	17152.011719	83043.406250
2004	04	0.000000	-4.067763	103.529327	106.870064	-0.000041	-0.000040	99.461571	49.112831	38.219841	0.000000	57224.386719	17150.732422	83040.109375
2004	04	0.000000	-4.397404	111.064522	114.405441	-0.000044	-0.000043	106.667107	47.569126	33.840851	0.000000	57225.046875	17149.445312	83036.398438
2004	04	0.000000	-4.426122	110.695923	114.037033	-0.000044	-0.000043	106.269798	62.826363	41.573135	0.000000	57225.671875	17148.158203	83032.632812
2004	04	0.000000	-4.250359	108.060799	111.402100	-0.000043	-0.000042	103.810440	71.323997	37.313805	0.000000	57226.242188	17146.869141	83028.914062
2004	04	0.000000	-4.606106	115.490982	118.832458	-0.000046	-0.000045	110.884872	59.544300	29.594603	0.000000	57226.777344	17145.578125	83025.109375
2004	04	0.000000	-4.358504	115.997948	119.339622	-0.000046	-0.000045	111.639442	68.376442	48.079018	0.000000	57227.300781	17144.287109	83021.140625
2004	04	0.000000	-4.584311	118.120041	121.461906	-0.000047	-0.000046	113.535736	68.371010	58.889690	0.000000	57227.800781	17142.992188	83017.062500
2004	04	0.000000	-4.150999	107.176491	110.518532	-0.000043	-0.000041	103.025490	71.677956	60.392403	0.000000	57228.234375	17141.701172	83013.273438
2004	04	0.000000	-4.355947	102.155037	105.497276	-0.000041	-0.000039	97.799088	45.515385	37.380318	0.000000	57228.597656	17140.414062	83009.750000
2004	04	0.000000	-4.601933	108.720612	112.063034	-0.000043	-0.000042	104.118675	42.184010	28.458279	0.000000	57228.964844	17139.117188	83006.085938
2004	04	0.000000	-3.974843	107.968941	111.311546	-0.000043	-0.000042	103.994087	59.425629	38.239292	0.000000	57229.328125	17137.822266	83002.343750
2004	04	0.000000	-3.679840	102.084557	105.427368	-0.000041	-0.000039	98.404716	93.580719	23.295038	0.000000	57229.644531	17136.539062	82998.820312
2004	05	0.000000	-3.900236	111.169907	114.624336	-0.000043	-0.000042	107.269676	111.386406	34.209541	0.000000	57229.964844	17135.251953	82995.156250
2004	05	0.000000	-3.828864	103.125488	106.580116	-0.000040	-0.000039	99.296616	102.498734	21.779621	0.000000	57230.246094	17133.970703	82991.679688
2004	05	0.000000	-4.474989	108.960838	112.415665	-0.000042	-0.000041	104.485847	54.975906	33.971733	0.000000	57230.527344	17132.681641	82988.117188
2004	05	0.000000	-4.680353	115.198204	118.653221	-0.000044	-0.000043	110.517853	63.055050	40.979450	0.000000	57230.820312	17131.380859	82984.335938
2004	05	0.000000	-3.710975	98.836502	102.291718	-0.000038	-0.000037	95.125519	103.682381	24.517916	0.000000	57231.066406	17130.093750	82980.875000
2004	05	0.000000	-3.533870	97.431778	100.887207	-0.000038	-0.000036	93.897919	132.204742	46.506329	0.000000	57231.289062	17128.808594	82977.492188
2004	05	0.000000	-3.476238	86.874634	90.330254	-0.000034	-0.000032	83.398399	125.213715	36.255428	0.000000	57231.460938	17127.531250	82974.507812
2004	05	0.000000	-3.780599	90.257065	93.712891	-0.000035	-0.000034	86.476471	114.459526	39.285866	0.000000	57231.621094	17126.250000	82971.554688
2004	05	0.000000	-4.588156	102.851746	106.307755	-0.000040	-0.000038	98.263580	79.435371	49.195400	0.000000	57231.816406	17124.958984	82968.304688
2004	05	0.000000	-4.353893	103.203079	106.659286	-0.000040	-0.000039	98.849190	108.066902	40.961544	0.000000	57232.031250	17123.660156	82964.804688
2004	05	0.000000	-3.827665	92.470604	95.927002	-0.000036	-0.000035	88.642944	120.737793	30.782183	0.000000	57232.195312	17122.373047	82961.640625
2004	05	0.000000	-4.126355	96.150589	99.607185	-0.000037	-0.000036	92.024231	115.159836	37.350014	0.000000	57232.351562	17121.085938	82958.468750
2004	05	0.000000	-3.710314	88.761192	92.217987	-0.000034	-0.000033	85.050880	106.107841	29.131226	0.000000	57232.500000	17119.796875	82955.343750
2004	05	0.594665	-3.121710	85.340401	88.202728	-0.000033	-0.000032	81.624031	134.731949	25.750967	1597.097534	57232.613281	17118.513672	82952.484375
2004	05	25.354124	14.985294	98.535927	76.639008	-0.000029	-0.000027	88.167107	96.954750	32.689793	68093.828125	57232.734375	17117.376953	82949.679688
2004	05	67.255852	46.937744	113.087326	49.288883	-0.000018	-0.000017	92.769218	71.895523	38.993340	180629.734375	57232.886719	17117.009766	82947.367188
2004	05	92.405678	65.378082	117.373650	28.425579	-0.000011	-0.000009	90.346046	83.485123	47.443489	248174.875000	57233.019531	17117.570312	82946.054688
2004	05	101.367653	71.607292	121.095589	23.185747	-0.000009	-0.000007	91.335228	1.785296	31.334795	272244.125000	57233.156250	17118.667969	82945.242188
2004	05	174.564270	126.209343	150.124054	-20.982222	0.000008	0.000009	101.769127	47.078648	68.029350	468829.031250	57233.296875	17120.414062	82944.968750
2004	05	175.356628	126.706047	147.597473	-24.300991	0.000009	0.000010	98.946877	56.219082	64.217865	470957.093750	57233.460938	17123.445312	82945.734375
2004	05	148.490341	106.492584	128.673141	-16.358854	0.000006	0.000007	86.675369	127.445145	48.233120	398802.031250	57233.578125	17126.300781	82946.664062
2004	05	157.563248	113.148438	125.220490	-28.884212	0.000011	0.000012	80.805679	102.771599	46.884575	423169.218750	57233.671875	17128.619141	82947.343750
2004	05	177.252426	127.299454	128.947952	-44.845745	0.000017	0.000018	78.994980	81.764107	46.412220	476048.656250	57233.753906	17131.328125	82948.539062
2004	05	205.873672	150.321243	132.631042	-69.783737	0.000026	0.000027	77.078598	125.475502	45.849995	552917.062500	57233.832031	17134.630859	82950.375000
2004	05	212.842514	155.362305	131.287766	-78.095642	0.000029	0.000030	73.807571	135.317581	43.677647	571633.312500	57233.902344	17138.380859	82952.757812
2004	05	238.007599	172.846878	140.037567	-94.510742	0.000035	0.000037	74.876862	111.230026	53.433254	639219.437500	57233.976562	17142.525391	82955.562500
2004	05	279.444885	202.172318	154.531174	-121.454262	0.000045	0.000047	77.258591	49.838646	74.068535	750507.937500	57234.054688	17147.353516	82958.968750
2004	05	301.811279	218.768829	175.771805	-122.579865	0.000046	0.000047	92.729355	53.349739	82.983429	810577.625000	57234.152344	17152.876953	82962.843750
2004	05	324.449585	236.064850	183.953461	-137.036316	0.000051	0.000052	95.568764	51.246864	81.395439	871377.437500	57234.281250	17159.181641	82967.125000
2004	05	275.418365	195.317551	173.086990	-98.871422	0.000037	0.000038	92.986176	9.843558	63.286129	739693.937500	57234.394531	17165.787109	82971.726562
2004	05	88.357475	45.649143	142.296036	57.398666	-0.000021	-0.000020	99.587700	-54.229214	58.047024	237302.546875	57234.500000	17168.896484	82972.789062
2004	06	177.593811	120.951973	159.081085	-15.164064	0.000006	0.000007	102.439262	-0.115861	64.444397	492864.312500	57234.605469	17170.365234	82971.984375
2004	06	295.773224	214.114334	183.211441	-109.212952	0.000042	0.000043	101.552567	66.223099	58.956852	820839.812500	57234.691406	17174.449219	82973.742188
2004	06	286.498779	204.116135	184.491043	-98.658752	0.000038	0.000039	102.108414	35.905121	59.739437	795101.125000	57234.769531	17180.373047	82977.335938
2004	06	322.581909	231.147522	196.465576	-122.767174	0.000047	0.000049	105.031212	30.832794	74.618401	895240.187500	57234.843750	17186.642578	82981.203125
2004	06	320.828705	229.430237	193.576324	-123.903076	0.000048	0.000049	102.177834	56.620232	78.379196	890374.687500	57234.910156	17193.494141	82985.648438
2004	06	290.251038	203.102097	186.728638	-100.172935	0.000039	0.000040	99.579689	-4.019678	74.389160	805514.500000	57234.960938	17199.560547	82989.406250
2004	06	320.103943	224.455261	194.313034	-122.441315	0.000047	0.000049	98.664314	-9.157247	95.726898	888363.375000	57235.003906	17205.734375	82993.328125
2004	06	177.018921	113.940529	170.615326	-3.053826	0.000001	0.000002	107.536934	-49.232681	88.678078	491268.906250	57235.042969	17210.806641	82996.015625
2004	06	297.878510	213.037643	184.214722	-110.313850	0.000043	0.000044	99.373856	82.577698	68.385139	826682.500000	57235.070312	17214.507812	82997.343750
2004	06	296.164154	213.089676	174.621246	-118.192810	0.000046	0.000047	91.546738	49.491001	73.751694	821924.812500	57235.019531	17221.050781	83001.734375
2004	06	196.112640	130.804367	180.328552	-12.433784	0.000005	0.000006	115.020271	-13.995835	65.162331	544258.437500	57234.890625	17226.144531	83004.554688
2004	06	215.618439	145.880386	202.052353	-10.215631	0.000004	0.000005	132.314285	-9.064344	112.859322	598391.562500	57234.878906	17229.238281	83004.484375
2004	06	283.038513	200.472458	218.151108	-61.536793	0.000024	0.000025	135.585037	43.458675	82.569427	785498.062500	57234.832031	17233.890625	83005.695312
2004	06	327.461975	237.928802	211.398636	-112.712517	0.000043	0.000045	121.865456	104.201736	62.448738	908783.500000	57234.707031	17240.132812	83008.695312
2004	06	347.350250	253.622910	208.433670	-135.565582	0.000052	0.000054	114.706314	104.263184	74.048096	963978.187500	57234.492188	17247.128906	83012.828125
2004	06	357.108856	258.419922	213.440460	-140.317184	0.000054	0.000055	114.751518	70.610550	84.469955	991060.562500	57234.250000	17254.562500	83017.515625
2004	06	339.216827	244.414917	211.370087	-124.495346	0.000048	0.000049	116.568176	30.325886	97.432198	941406.000000	57234.003906	17262.080078	83022.234375
2004	06	313.052948	225.820099	213.267929	-96.433411	0.000037	0.000038	126.035103	68.610466	107.970329	868795.125000	57233.789062	17268.582031	83025.726562
2004	06	357.674194	259.078796	218.481796	-135.840622	0.000052	0.000054	119.886383	87.694794	87.231041	992629.625000	57233.566406	17275.605469	83029.742188
2004	06	364.127167	261.108276	223.133987	-137.641174	0.000053	0.000054	120.115120	54.545357	104.990891	1010538.062500	57233.296875	17283.285156	83034.484375
2004	06	371.012970	261.254150	234.322815	-133.338043	0.000051	0.000053	124.564011	23.222101	121.099731	1029647.750000	57233.035156	17290.992188	83039.156250
2004	06	340.344360	241.414124	219.200943	-117.791153	0.000045	0.000047	120.270699	18.899815	102.798401	944535.250000	57232.777344	17298.328125	83043.484375
2004	06	342.576508	245.999603	210.683060	-128.541016	0.000050	0.000051	114.106125	74.756729	85.385384	950730.000000	57232.523438	17305.384766	83047.687500
2004	06	342.515533	247.548584	203.153717	-136.009125	0.000052	0.000054	108.186783	105.025627	76.939522	950560.687500	57232.250000	17312.582031	83052.257812
2004	06	343.390350	249.002975	198.171021	-141.866455	0.000055	0.000056	103.783638	117.004868	75.722054	952988.500000	57231.968750	17319.720703	83056.929688
2004	06	368.420044	268.364502	200.639633	-164.427353	0.000063	0.000065	100.584076	94.886536	86.956711	1022451.812500	57231.675781	17327.068359	83061.953125
2004	06	367.521240	263.605072	207.977585	-156.190399	0.000060	0.000062	104.061409	66.401459	97.376465	1019957.375000	57231.375000	17334.751953	83067.289062
2004	06	365.548798	261.296112	207.647614	-154.547699	0.000060	0.000061	103.394958	41.887440	100.108337	1014483.375000	57231.062500	17342.722656	83072.875000
2004	06	345.121277	241.562866	208.894379	-132.873260	0.000051	0.000053	105.335976	17.499273	104.703362	957792.312500	57230.777344	17349.935547	83077.671875
2004	06	356.403839	252.506577	205.594666	-147.455368	0.000057	0.000058	101.697388	42.963558	98.956795	989104.062500	57230.496094	17357.111328	83082.453125
2004	07	357.996460	255.350632	201.525620	-153.005005	0.000057	0.000058	98.879822	65.585487	92.152267	961474.687500	57230.199219	17364.382812	83087.507812
2004	07	281.056732	195.265884	183.305969	-94.284775	0.000035	0.000036	97.515114	11.735757	65.108994	754836.937500	57229.921875	17370.945312	83091.992188
2004	07	345.504425	243.418579	203.167847	-138.870377	0.000052	0.000053	101.081993	50.046642	93.425278	927924.750000	57229.703125	17376.347656	83095.257812
2004	07	307.152588	213.618591	193.065002	-110.621185	0.000041	0.000043	99.531021	61.483212	81.972321	824922.750000	57229.441406	17382.726562	83099.437500
2004	07	353.515442	254.103699	191.305557	-158.743317	0.000059	0.000061	91.893799	126.909904	80.026512	949440.062500	57229.171875	17389.335938	83104.054688
2004	07	365.993835	263.899231	190.711487	-171.815521	0.000064	0.000065	88.616913	118.669868	88.673836	982953.312500	57228.863281	17396.437500	83109.328125
2004	07	371.334381	266.541992	192.245026	-175.622314	0.000066	0.000067	87.452675	97.135376	93.520241	997296.437500	57228.546875	17403.910156	83115.023438
2004	07	300.296753	207.846390	182.517166	-114.312393	0.000043	0.000044	90.066803	-17.284937	93.071060	806510.062500	57228.250000	17410.871094	83120.210938
2004	07	299.066223	208.674805	201.647583	-93.951263	0.000035	0.000036	111.256165	-3.661631	110.393784	803205.187500	57228.015625	17416.197266	83123.398438
2004	07	340.522827	239.855560	229.943741	-107.111542	0.000040	0.000041	129.276459	31.911831	91.795876	914545.625000	57227.777344	17422.041016	83126.335938
2004	07	379.077393	267.139435	241.055801	-134.553818	0.000050	0.000052	129.117844	51.649101	119.770042	1018092.000000	57227.492188	17429.205078	83130.421875
2004	07	354.555603	245.491714	236.287354	-114.800316	0.000043	0.000044	127.223457	16.175276	109.049965	952233.562500	57227.175781	17436.695312	83134.859375
2004	07	360.033173	249.612213	240.469040	-116.096001	0.000043	0.000045	130.048096	6.163196	122.301788	966944.750000	57226.886719	17443.332031	83138.421875
2004	07	339.199371	231.324707	237.120026	-98.611076	0.000037	0.000038	129.245346	12.520776	103.294250	910991.250000	57226.593750	17450.042969	83141.992188
2004	07	358.200409	248.517990	231.434448	-123.297516	0.000046	0.000047	121.752022	19.663000	104.674286	962022.500000	57226.292969	17456.851562	83145.851562
2004	07	339.664856	231.973282	227.272766	-108.923462	0.000041	0.000042	119.581192	28.040674	110.710892	912241.375000	57225.984375	17463.353516	83149.539062
2004	07	307.395172	211.058929	218.836197	-85.090126	0.000032	0.000033	122.499977	-3.001321	87.954590	825574.250000	57225.675781	17469.859375	83153.320312
2004	07	351.109070	242.503082	267.779510	-79.860542	0.000030	0.000031	159.173538	24.790453	105.969109	942977.125000	57225.371094	17475.630859	83155.492188
2004	07	351.125122	240.274384	262.694397	-84.961548	0.000032	0.000033	151.843658	38.055923	125.387108	943020.312500	57225.042969	17482.742188	83158.695312
2004	07	345.084656	232.633881	262.100189	-79.515129	0.000030	0.000031	149.649414	-5.286119	113.669647	926797.437500	57224.726562	17489.207031	83161.359375
2004	07	273.423492	177.354233	245.148270	-24.805735	0.000009	0.000011	149.078995	-11.305653	70.806976	734336.250000	57224.414062	17494.839844	83163.281250
2004	07	280.888733	189.656601	243.660248	-33.758823	0.000013	0.000014	152.428116	-7.972244	106.129341	754385.750000	57224.125000	17499.933594	83164.617188
2004	07	328.967560	228.410461	260.500702	-64.997032	0.000024	0.000026	159.943604	68.327133	99.190392	883511.562500	57223.800781	17505.236328	83165.898438
2004	07	340.259399	239.319565	247.536087	-89.253304	0.000033	0.000035	146.596237	76.883186	83.417091	913838.187500	57223.460938	17511.773438	83168.578125
2004	07	336.267853	230.253052	251.666763	-81.130859	0.000030	0.000032	145.651978	43.577541	107.281326	903117.937500	57223.101562	17518.367188	83171.562500
2004	07	329.501099	223.206940	250.869034	-75.161667	0.000028	0.000029	144.574890	31.087912	119.221245	884944.437500	57222.742188	17524.671875	83174.250000
2004	07	316.334717	210.232498	249.979843	-62.884346	0.000023	0.000025	143.877609	20.830563	106.277603	849583.312500	57222.394531	17530.410156	83176.375000
2004	07	297.680847	204.235031	222.711792	-71.498375	0.000027	0.000028	129.265945	36.857319	86.690735	799484.500000	57222.046875	17536.363281	83179.039062
2004	07	284.547272	195.489258	214.729706	-66.346642	0.000025	0.000026	125.671700	73.978081	95.167595	764211.500000	57221.703125	17541.513672	83181.171875
2004	07	305.615326	214.152130	210.654419	-91.489792	0.000034	0.000035	119.191208	94.171730	73.151497	820794.250000	57221.363281	17546.970703	83183.765625
2004	07	276.882538	191.623413	201.720078	-71.691124	0.000027	0.000028	116.460938	49.362747	79.703041	743626.312500	57221.015625	17552.218750	83186.304688
2004	08	306.718628	210.935135	215.792740	-87.454330	0.000033	0.000034	120.009254	86.799271	80.663200	823757.312500	57220.683594	17557.578125	83188.914062
2004	08	301.093140	208.080429	208.707016	-88.914337	0.000033	0.000034	115.694321	108.661751	76.514481	808648.875000	57220.328125	17563.318359	83191.937500
2004	08	307.875153	213.158554	206.772781	-97.630379	0.000036	0.000038	112.056183	83.441261	86.053101	826863.437500	57219.972656	17568.859375	83194.906250
2004	08	299.277130	202.233353	211.837677	-83.967262	0.000031	0.000033	114.793892	18.773212	93.516396	803771.562500	57219.617188	17574.419922	83197.859375
2004	08	316.772064	212.945328	219.020691	-94.279022	0.000035	0.000036	115.193954	26.058783	113.259186	850758.000000	57219.269531	17579.921875	83200.750000
2004	08	303.716278	202.401932	216.360947	-83.882820	0.000031	0.000033	115.046585	35.691772	104.429794	815693.937500	57218.906250	17585.712891	83203.914062
2004	08	290.899658	191.445724	213.357330	-74.069588	0.000028	0.000029	113.903435	32.114277	104.473518	781272.125000	57218.562500	17591.060547	83206.664062
2004	08	289.887085	192.423325	207.772934	-78.641281	0.000029	0.000031	110.309166	64.842453	85.063293	778552.687500	57218.242188	17595.900391	83208.921875
2004	08	269.592102	183.401031	184.424896	-81.694145	0.000030	0.000032	98.233826	100.546631	70.157028	724046.250000	57217.902344	17601.068359	83211.828125
2004	08	265.476624	183.095169	174.164474	-87.838829	0.000033	0.000034	91.783051	118.962799	57.593143	712993.250000	57217.578125	17605.763672	83214.562500
2004	08	266.234406	182.569992	173.321472	-89.439392	0.000033	0.000035	89.657066	110.840683	61.564758	715028.437500	57217.257812	17610.349609	83217.320312
2004	08	292.574524	199.754974	184.082855	-105.017914	0.000039	0.000041	91.263313	71.782135	81.290787	785770.375000	57216.933594	17615.273438	83220.406250
2004	08	290.644257	195.448883	187.827347	-99.342964	0.000037	0.000038	92.631973	64.343094	85.817703	780586.250000	57216.589844	17620.599609	83223.851562
2004	08	269.379303	176.620056	185.734421	-80.170753	0.000030	0.000031	92.975174	29.646545	87.295753	723474.750000	57216.261719	17625.644531	83226.992188
2004	08	264.301514	170.281921	187.468521	-73.358696	0.000027	0.000029	93.448929	18.916937	89.119316	709837.250000	57215.964844	17630.064453	83229.484375
2004	08	275.122589	178.271988	188.540802	-83.107338	0.000031	0.000032	91.690201	36.661549	91.221642	738899.562500	57215.667969	17634.496094	83232.007812
2004	08	250.091690	160.600677	177.208633	-69.408455	0.000026	0.000027	87.717606	50.738907	71.901039	671673.812500	57215.355469	17639.154297	83234.859375
2004	08	245.673767	162.195404	163.195145	-79.003792	0.000029	0.000031	79.716789	73.477364	68.123344	659808.500000	57215.066406	17643.230469	83237.335938
2004	08	224.149033	145.395294	154.857635	-65.816406	0.000025	0.000026	76.103882	52.025505	62.039280	601999.375000	57214.789062	17647.007812	83239.664062
2004	08	209.835938	134.171158	150.152695	-56.208046	0.000021	0.000022	74.487907	85.310173	56.300571	563558.562500	57214.523438	17650.361328	83241.695312
2004	08	217.008881	144.984161	140.250565	-73.282875	0.000027	0.000029	68.225868	69.626587	46.783485	582822.937500	57214.269531	17653.792969	83243.929688
2004	08	106.489243	56.073200	127.528107	24.514502	-0.000009	-0.000008	77.112061	-6.356225	52.447662	285999.250000	57214.023438	17656.253906	83245.187500
2004	08	201.099197	133.537537	149.423111	-48.200207	0.000018	0.000019	81.861465	54.980782	38.141396	540094.125000	57213.820312	17657.714844	83245.109375
2004	08	121.598511	67.701828	134.394684	16.272257	-0.000006	-0.000005	80.498001	-11.261836	40.732971	326578.375000	57213.613281	17660.134766	83245.992188
2004	08	138.889084	82.756966	155.226151	19.813364	-0.000007	-0.000006	99.094055	-8.855546	76.545288	373015.812500	57213.394531	17661.226562	83245.375000
2004	08	170.250275	108.491776	166.703262	-0.070522	0.000000	0.000001	104.944756	13.765258	37.525124	457242.906250	57213.136719	17663.111328	83244.937500
2004	08	215.147614	140.752274	180.706650	-30.964254	0.000012	0.000013	106.311325	47.629093	52.593555	577824.125000	57212.867188	17665.484375	83245.007812
2004	08	215.738846	143.123428	176.649933	-35.612022	0.000013	0.000015	104.034492	48.198475	53.772091	579412.000000	57212.585938	17669.140625	83246.390625
2004	08	180.137100	112.778267	195.311554	18.651556	-0.000007	-0.000006	127.952713	2.813421	55.659763	483796.031250	57212.273438	17672.035156	83246.554688
2004	08	222.705536	147.304504	196.719452	-22.508793	0.000008	0.000010	121.318405	63.927345	50.471096	598122.500000	57211.929688	17674.994141	83246.601562
2004	08	214.047501	141.247345	187.526978	-23.042997	0.000009	0.000010	114.726837	55.364147	49.382614	574869.500000	57211.589844	17678.533203	83247.437500
2004	09	208.768631	134.705292	184.758377	-20.644743	0.000008	0.000009	110.695038	25.327650	57.411716	579381.750000	57211.253906	17681.804688	83248.117188
2004	09	222.812973	141.783371	194.662308	-24.784973	0.000010	0.000011	113.632690	9.998985	78.529701	618358.062500	57210.917969	17685.322266	83249.000000
2004	09	199.283905	120.095459	194.642822	-1.275257	0.000000	0.000002	115.454369	-20.528730	76.973030	553059.437500	57210.582031	17688.617188	83249.523438
2004	09	174.516983	105.122635	184.661285	13.510281	-0.000005	-0.000004	115.266930	-3.568995	67.875511	484325.437500	57210.234375	17691.447266	83249.664062
2004	09	217.881927	140.603546	193.471283	-21.044468	0.000008	0.000009	116.192894	32.847095	67.296074	604673.250000	57209.875000	17694.281250	83249.687500
2004	09	178.785812	110.293327	184.828323	9.408854	-0.000004	-0.000002	116.335838	-9.047587	121.674255	496172.406250	57209.511719	17697.634766	83250.257812
2004	09	164.784317	103.342155	182.082901	20.665117	-0.000008	-0.000007	120.640732	59.482330	67.894196	457315.000000	57209.121094	17700.013672	83249.718750
2004	09	179.698654	116.767227	172.159073	-4.172845	0.000002	0.000003	109.227631	71.863014	42.239773	498705.812500	57208.730469	17702.355469	83249.375000
2004	09	148.693359	90.557014	167.628662	22.302244	-0.000009	-0.000007	109.492302	48.144638	55.628136	412658.843750	57208.355469	17704.787109	83249.250000
2004	09	116.940147	67.273972	150.976364	37.403366	-0.000014	-0.000013	101.310188	43.848888	37.514080	324536.250000	57207.992188	17706.447266	83248.468750
2004	09	117.678413	68.225479	146.154221	31.843161	-0.000012	-0.000011	96.701286	55.559029	37.432732	326585.093750	57207.636719	17707.443359	83247.281250
2004	09	141.575958	87.344955	148.644714	10.436316	-0.000004	-0.000003	94.413704	38.464706	43.056850	392906.406250	57207.296875	17708.755859	83246.507812
2004	09	182.602341	113.800972	170.764923	-8.469672	0.000003	0.000005	101.963554	4.301747	61.669144	506764.187500	57206.964844	17710.623047	83246.210938
2004	09	163.700638	100.024887	166.856918	6.524196	-0.000003	-0.000001	103.181168	42.774872	43.902409	454307.562500	57206.628906	17713.203125	83246.429688
2004	09	144.330078	87.335732	157.266281	16.304323	-0.000006	-0.000005	100.271935	14.427826	49.085125	400549.718750	57206.289062	17715.271484	83246.242188
2004	09	139.923920	82.489944	160.653687	24.098078	-0.000009	-0.000008	103.219711	10.851566	52.422405	388321.562500	57205.941406	17717.023438	83245.656250
2004	09	162.767349	100.896156	168.500839	9.101984	-0.000004	-0.000002	106.629646	17.598551	59.984970	451717.468750	57205.585938	17718.638672	83244.867188
2004	09	152.140503	91.250977	165.843033	17.071228	-0.000007	-0.000005	104.953506	16.318188	42.586830	422225.468750	57205.226562	17720.775391	83244.562500
2004	09	135.439911	79.822403	157.797653	25.726645	-0.000010	-0.000009	102.180153	-3.441074	52.107666	375877.406250	57204.871094	17722.603516	83244.039062
2004	09	82.255478	35.058895	155.287949	76.401527	-0.000029	-0.000028	108.091362	-30.982601	51.495972	228278.187500	57204.507812	17723.650391	83242.671875
2004	09	108.070831	58.648540	152.867065	48.165474	-0.000019	-0.000017	103.444763	19.861191	38.448097	299921.843750	57204.136719	17723.898438	83240.460938
2004	09	138.575119	83.452766	152.158737	16.953075	-0.000007	-0.000005	97.036392	26.438185	44.107983	384578.375000	57203.769531	17724.875000	83239.226562
2004	09	132.154816	73.937721	158.637665	29.852465	-0.000012	-0.000010	100.420563	-9.636828	52.608570	366760.531250	57203.414062	17726.394531	83238.539062
2004	09	115.295525	65.093872	145.434677	33.508965	-0.000013	-0.000012	95.233017	11.261363	29.694111	319972.031250	57203.062500	17727.716797	83237.703125
2004	09	140.702621	85.026855	149.250305	11.917714	-0.000005	-0.000003	93.574562	28.349636	38.709496	390482.625000	57202.714844	17728.798828	83236.734375
2004	09	142.901657	83.859360	155.126724	15.595263	-0.000006	-0.000005	96.084435	14.153419	44.936714	396585.531250	57202.375000	17730.421875	83236.273438
2004	09	104.441284	56.701027	139.403809	38.332912	-0.000015	-0.000013	91.663551	41.109570	30.927788	289848.968750	57202.035156	17731.871094	83235.671875
2004	09	119.255661	70.121780	135.556198	19.671135	-0.000008	-0.000006	86.422310	30.686363	32.679905	330962.343750	57201.703125	17732.648438	83234.609375
2004	09	135.349945	76.784767	150.223450	18.244276	-0.000007	-0.000006	91.658272	-15.552413	52.847801	375627.750000	57201.375000	17733.808594	83233.890625
2004	09	87.356018	44.682899	128.763718	44.778679	-0.000017	-0.000016	86.090607	44.027454	25.890654	242433.375000	57201.054688	17735.013672	83233.195312
2004	10	85.184311	44.893635	122.191910	40.491173	-0.000015	-0.000014	81.901237	62.286030	25.063110	228780.359375	57200.734375	17735.251953	83231.796875
2004	10	58.797451	24.937994	109.542236	54.228596	-0.000020	-0.000019	75.682777	33.405735	26.530970	157912.906250	57200.433594	17735.269531	83230.351562
2004	10	107.862236	61.704189	124.795952	20.417768	-0.000008	-0.000006	78.637909	31.402075	26.579672	289686.687500	57200.144531	17735.058594	83228.789062
2004	10	79.331184	38.544708	120.943512	45.096592	-0.000017	-0.000016	80.157036	17.272228	25.971006	213060.546875	57199.859375	17735.625000	83227.843750
2004	10	133.063721	78.936317	135.529053	5.949820	-0.000002	-0.000001	81.401649	-2.060120	36.203308	357370.562500	57199.574219	17735.933594	83226.687500
2004	10	127.882889	74.241913	137.530365	13.132174	-0.000005	-0.000004	83.889389	-4.179375	32.836815	343456.375000	57199.292969	17737.203125	83226.359375
2004	10	132.138397	74.886482	143.551468	14.897979	-0.000006	-0.000004	86.299561	-20.741472	40.828907	354885.437500	57199.003906	17738.392578	83225.906250
2004	10	97.539200	48.616722	142.034409	47.980278	-0.000018	-0.000017	93.111931	-5.827899	45.521782	261962.000000	57198.703125	17739.441406	83225.140625
2004	10	94.806961	50.614639	130.699478	39.377792	-0.000015	-0.000013	86.507164	13.847847	21.938091	254624.015625	57198.394531	17739.900391	83223.781250
2004	10	120.366234	65.082611	144.841949	27.961170	-0.000010	-0.000009	89.558327	-34.874691	43.239990	323268.812500	57198.085938	17740.027344	83222.609375
2004	10	98.389854	48.474331	142.080582	47.176334	-0.000018	-0.000016	92.165054	-9.789121	31.216040	264246.625000	57197.808594	17738.156250	83221.625000
2004	10	88.527199	44.835678	131.623795	46.582405	-0.000017	-0.000016	87.932266	-13.019669	23.470892	237758.406250	57197.605469	17732.953125	83220.234375
2004	10	69.473381	29.501019	130.118698	64.131340	-0.000024	-0.000023	90.146339	6.575838	22.744431	186585.359375	57197.519531	17724.611328	83218.578125
2004	10	56.427334	23.562962	119.514885	66.573792	-0.000025	-0.000024	86.650513	-7.473724	23.351934	151547.468750	57197.582031	17712.982422	83216.539062
2004	10	51.369396	14.959791	134.480026	86.597061	-0.000032	-0.000031	98.070419	-13.237694	30.154552	137963.312500	57197.828125	17698.220703	83214.062500
2004	10	30.133921	5.065890	117.128906	90.481644	-0.000034	-0.000032	92.060883	33.919571	14.546654	80930.968750	57198.261719	17680.396484	83211.328125
2004	10	22.209641	1.767439	105.548904	86.826180	-0.000032	-0.000031	85.106697	50.460667	14.161658	59648.656250	57198.855469	17659.310547	83208.367188
2004	10	20.925598	1.894248	98.265991	80.827591	-0.000030	-0.000029	79.234650	45.610458	16.262632	56200.089844	57199.578125	17635.240234	83205.539062
2004	10	14.808555	-1.526327	93.214836	81.893745	-0.000031	-0.000029	76.879951	23.230600	24.763058	39771.488281	57200.453125	17608.279297	83202.765625
2004	10	12.113752	-2.313233	89.726967	81.100967	-0.000030	-0.000029	75.299980	19.325817	17.687119	32534.027344	57201.480469	17578.361328	83199.984375
2004	10	10.245103	-1.626268	87.958603	81.201553	-0.000030	-0.000029	76.087227	26.845249	17.863001	27515.378906	57202.707031	17545.566406	83197.132812
2004	10	9.045605	-1.478284	87.481918	81.924683	-0.000031	-0.000029	76.958031	35.277287	9.456271	24293.871094	57204.089844	17509.927734	83194.273438
2004	10	5.979838	-2.213133	93.186806	90.695641	-0.000034	-0.000033	84.993828	33.413307	4.916625	16060.112305	57205.707031	17471.457031	83191.250000
2004	10	1.460510	-4.577609	88.022339	90.050835	-0.000034	-0.000032	81.984222	3.765405	18.378136	3922.506104	57207.394531	17430.150391	83188.046875
2004	10	0.000000	-4.485443	89.478142	92.967476	-0.000035	-0.000033	84.992699	14.964126	4.760777	0.000000	57208.902344	17405.195312	83184.812500
2004	10	0.000000	-4.130516	88.407333	91.896988	-0.000034	-0.000033	84.276817	23.145079	2.093489	0.000000	57210.343750	17403.509766	83181.531250
2004	10	0.000000	-4.111472	86.797218	90.287193	-0.000034	-0.000032	82.685745	21.506977	0.953987	0.000000	57211.648438	17401.910156	83178.312500
2004	10	0.000000	-4.860856	87.783478	91.273766	-0.000034	-0.000033	82.922607	0.822261	0.768826	0.000000	57212.828125	17400.314453	83175.125000
2004	10	0.000000	-4.937154	92.126785	95.617386	-0.000036	-0.000034	87.189629	11.023038	-0.430393	0.000000	57213.925781	17398.720703	83171.859375
2004	10	0.000000	-4.421831	96.509377	100.000282	-0.000037	-0.000036	92.087547	11.486795	3.086562	0.000000	57214.968750	17397.136719	83168.437500
2004	10	0.000000	-4.698696	95.683136	99.174339	-0.000037	-0.000036	90.984444	-18.857872	9.498060	0.000000	57215.949219	17395.566406	83164.984375
2004	11	0.000000	-4.673139	96.278625	99.657494	-0.000038	-0.000037	91.605484	-3.385647	17.169825	0.000000	57216.863281	17393.998047	83161.492188
2004	11	0.000000	-4.013226	93.947121	97.326271	-0.000038	-0.000036	89.933891	15.839849	6.241780	0.000000	57217.722656	17392.443359	83157.968750
2004	11	0.000000	-4.316340	88.265427	91.644859	-0.000035	-0.000034	83.949089	-4.220538	6.328686	0.000000	57218.496094	17390.900391	83154.601562
2004	11	0.000000	-4.428401	89.583229	92.962944	-0.000036	-0.000035	85.154823	5.505249	11.428354	0.000000	57219.191406	17389.355469	83151.312500
2004	11	0.000000	-4.581102	83.202904	86.582886	-0.000033	-0.000032	78.621796	-24.089064	9.869299	0.000000	57219.828125	17387.824219	83148.125000
2004	11	0.000000	-5.403388	90.867699	94.247955	-0.000036	-0.000035	85.464310	-40.086113	5.484494	0.000000	57220.410156	17386.287109	83144.945312
2004	11	0.000000	-4.350734	77.873512	81.254036	-0.000031	-0.000030	73.522774	13.335763	13.558983	0.000000	57220.980469	17384.755859	83141.734375
2004	11	0.000000	-3.667429	53.553082	56.933876	-0.000022	-0.000021	49.885654	16.389158	6.930017	0.000000	57221.367188	17383.248047	83139.257812
2004	11	0.000000	-4.164834	32.056000	35.437061	-0.000014	-0.000012	27.891165	8.552836	7.775408	0.000000	57221.550781	17381.748047	83137.625000
2004	11	0.000000	-4.729202	32.858612	36.239937	-0.000014	-0.000013	28.129412	-2.762901	6.861198	0.000000	57221.671875	17380.242188	83136.257812
2004	11	0.000000	-3.556961	22.973778	26.355366	-0.000010	-0.000009	19.416819	24.215261	19.123024	0.000000	57221.781250	17378.748047	83135.007812
2004	11	0.000000	-3.523743	24.859848	28.241701	-0.000011	-0.000010	21.336107	17.833200	10.925167	0.000000	57221.847656	17377.273438	83134.031250
2004	11	0.000000	-3.691375	32.397022	35.779137	-0.000014	-0.000012	28.705647	11.689835	4.854260	0.000000	57221.949219	17375.798828	83132.703125
2004	11	0.000000	-3.986000	31.477184	34.859554	-0.000013	-0.000012	27.491182	6.380418	3.548551	0.000000	57222.042969	17374.328125	83131.375000
2004	11	0.000000	-3.776322	31.022959	34.405582	-0.000013	-0.000012	27.246637	2.827722	3.693593	0.000000	57222.132812	17372.861328	83130.062500
2004	11	0.000000	-5.210225	36.481194	39.864067	-0.000015	-0.000014	31.270969	-56.475380	8.460982	0.000000	57222.222656	17371.392578	83128.734375
2004	11	0.000000	-5.016774	46.341454	49.724564	-0.000019	-0.000018	41.324677	-36.467148	4.024144	0.000000	57222.394531	17369.914062	83127.000000
2004	11	0.000000	-4.915703	39.796490	43.179840	-0.000017	-0.000015	34.880787	-33.287056	2.681319	0.000000	57222.535156	17368.451172	83125.414062
2004	11	0.000000	-4.182907	34.657280	38.040871	-0.000015	-0.000013	30.474375	-9.434158	8.706827	0.000000	57222.652344	17366.990234	83123.890625
2004	11	0.000000	-4.166168	28.710886	32.094715	-0.000012	-0.000011	24.544718	1.959319	7.932467	0.000000	57222.707031	17365.541016	83122.593750
2004	11	0.000000	-3.581196	16.056192	19.440266	-0.000008	-0.000006	12.474996	25.410692	8.434934	0.000000	57222.738281	17364.101562	83121.632812
2004	11	0.000000	-3.871809	14.513615	17.897932	-0.000007	-0.000006	10.641806	-8.952225	5.144398	0.000000	57222.750000	17362.669922	83120.890625
2004	11	0.000000	-4.081166	15.069884	18.454437	-0.000007	-0.000006	10.988718	4.206011	7.309260	0.000000	57222.761719	17361.232422	83120.164062
2004	11	0.000000	-3.364084	13.174332	16.559124	-0.000006	-0.000005	9.810248	19.347469	5.632127	0.000000	57222.773438	17359.810547	83119.460938
2004	11	0.000000	-2.925915	10.333439	13.718472	-0.000005	-0.000004	7.407525	36.383255	0.120214	0.000000	57222.769531	17358.398438	83118.828125
2004	11	0.000000	-3.941955	13.611095	16.996365	-0.000007	-0.000005	9.669140	-11.280417	0.896932	0.000000	57222.757812	17356.986328	83118.203125
2004	11	0.000000	-3.574084	13.083445	16.468946	-0.000006	-0.000005	9.509360	-0.885710	1.643935	0.000000	57222.750000	17355.570312	83117.531250
2004	11	0.000000	-3.270778	12.150015	15.535749	-0.000006	-0.000005	8.879236	12.414283	-0.509592	0.000000	57222.742188	17354.166016	83116.882812
2004	11	0.000000	-3.015321	9.549428	12.935398	-0.000005	-0.000004	6.534107	20.574654	-2.524138	0.000000	57222.730469	17352.769531	83116.296875
2004	11	0.000000	-3.462130	8.895432	12.281632	-0.000005	-0.000003	5.433302	3.021145	0.435575	0.000000	57222.714844	17351.373047	83115.773438
2004	12	0.000000	-2.869541	7.892012	11.391323	-0.000004	-0.000003	5.022471	55.068398	4.726982	0.000000	57222.703125	17349.982422	83115.273438
2004	12	0.000000	-2.550097	5.784740	9.284293	-0.000003	-0.000002	3.234643	42.341560	-0.675589	0.000000	57222.687500	17348.605469	83114.835938
2004	12	0.000000	-3.248731	5.964977	9.464768	-0.000004	-0.000002	2.716246	-4.724630	-2.671666	0.000000	57222.675781	17347.228516	83114.429688
2004	12	0.000000	-3.792191	6.412459	9.912480	-0.000004	-0.000002	2.620268	-17.393621	-3.248368	0.000000	57222.664062	17345.843750	83114.023438
2004	12	0.000000	-2.464696	5.008804	8.509056	-0.000003	-0.000002	2.544108	58.696384	2.924564	0.000000	57222.652344	17344.466797	83113.632812
2004	12	0.000000	-2.159549	4.321931	7.822422	-0.000003	-0.000002	2.162382	51.581818	-1.746497	0.000000	57222.640625	17343.109375	83113.257812
2004	12	0.000000	-2.448627	4.156613	7.657341	-0.000003	-0.000002	1.707987	36.105145	-6.278127	0.000000	57222.628906	17341.751953	83112.906250
2004	12	0.000000	-1.927700	3.447985	6.948946	-0.000003	-0.000001	1.520286	31.311527	-5.845617	0.000000	57222.621094	17340.400391	83112.570312
2004	12	0.000000	-1.639572	2.880440	6.381639	-0.000002	-0.000001	1.240869	43.474388	-3.616241	0.000000	57222.613281	17339.060547	83112.250000
2004	12	0.000000	-2.343559	3.349011	6.850443	-0.000003	-0.000001	1.005453	28.059340	-5.964346	0.000000	57222.605469	17337.718750	83111.937500
2004	12	0.000000	-3.020833	3.925487	7.427145	-0.000003	-0.000001	0.904653	-3.177639	-7.001861	0.000000	57222.597656	17336.369141	83111.625000
2004	12	0.000000	-2.937293	3.810551	7.312433	-0.000003	-0.000001	0.873258	5.220260	-2.472413	0.000000	57222.593750	17335.021484	83111.312500
2004	12	0.000000	-2.999661	3.867600	7.369703	-0.000003	-0.000001	0.867939	-0.130592	-9.920902	0.000000	57222.585938	17333.671875	83111.000000
2004	12	0.000000	-2.439643	3.308244	6.810570	-0.000003	-0.000001	0.868601	-1.250064	-4.966848	0.000000	57222.578125	17332.333984	83110.703125
2004	12	0.000000	-3.238843	4.106767	7.609313	-0.000003	-0.000002	0.867924	-19.831604	-6.516682	0.000000	57222.574219	17330.994141	83110.398438
2004	12	0.000000	-3.638376	4.508561	8.011321	-0.000003	-0.000002	0.870185	-9.863105	-1.608881	0.000000	57222.566406	17329.646484	83110.085938
2004	12	0.000000	-2.655611	3.529992	7.032968	-0.000003	-0.000001	0.874381	0.096826	-9.523802	0.000000	57222.558594	17328.306641	83109.781250
2004	12	0.000000	-3.770001	4.645792	8.148982	-0.000003	-0.000002	0.875791	-22.665813	3.225227	0.000000	57222.554688	17326.968750	83109.484375
2004	12	0.000000	-2.818574	3.698069	7.201470	-0.000003	-0.000001	0.879494	11.074263	-8.967025	0.000000	57222.546875	17325.626953	83109.179688
2004	12	0.000000	-3.583700	4.464046	7.967662	-0.000003	-0.000002	0.880346	-12.524654	-4.771238	0.000000	57222.542969	17324.296875	83108.882812
2004	12	0.000000	-3.101264	3.983554	7.487378	-0.000003	-0.000001	0.882290	13.683439	-5.425095	0.000000	57222.535156	17322.957031	83108.578125
2004	12	0.000000	-1.931819	2.816176	6.320218	-0.000002	-0.000001	0.884357	14.033283	-6.750503	0.000000	57222.531250	17321.638672	83108.296875
2004	12	0.000000	-1.656855	2.540959	6.045221	-0.000002	-0.000001	0.884104	21.593647	-6.094532	0.000000	57222.523438	17320.328125	83108.023438
2004	12	0.000000	-1.496455	2.377324	5.881808	-0.000002	-0.000001	0.880869	18.465002	-4.574489	0.000000	57222.515625	17319.025391	83107.757812
2004	12	0.000000	-2.047121	2.923144	6.427845	-0.000002	-0.000001	0.876023	33.338478	-10.703959	0.000000	57222.511719	17317.720703	83107.484375
2004	12	0.000000	-1.923871	2.796184	6.301100	-0.000002	-0.000001	0.872314	30.157234	-10.444868	0.000000	57222.503906	17316.416016	83107.218750
2004	12	0.000000	-1.446738	2.317783	5.822916	-0.000002	-0.000001	0.871045	32.137283	-6.293740	0.000000	57222.500000	17315.117188	83106.953125
2004	12	0.000000	-1.647149	2.517474	6.022823	-0.000002	-0.000001	0.870325	10.488741	-3.488285	0.000000	57222.492188	17313.824219	83106.695312
2004	12	0.000000	-2.072322	2.941292	6.446853	-0.000002	-0.000001	0.868970	10.161421	-10.173326	0.000000	57222.488281	17312.525391	83106.437500
2004	12	0.000000	-1.773237	2.641159	6.146932	-0.000002	-0.000001	0.867922	22.480021	-3.497982	0.000000	57222.480469	17311.232422	83106.179688
2004	12	0.000000	-2.226204	3.092593	6.598576	-0.000002	-0.000001	0.866389	16.672945	-11.264916	0.000000	57222.476562	17309.937500	83105.914062
2005	01	0.000000	-1.954102	2.818904	6.325096	-0.000002	-0.000001	0.864803	21.309118	-8.794669	0.000000	57222.468750	17308.642578	83105.656250
2005	01	0.000000	-1.744413	2.607602	6.114001	-0.000002	-0.000001	0.863189	11.244126	-3.745144	0.000000	57222.464844	17307.357422	83105.406250
2005	01	0.000000	-1.626683	2.487422	5.993980	-0.000002	-0.000001	0.860739	13.975401	-2.496631	0.000000	57222.457031	17306.080078	83105.156250
2005	01	0.000000	-1.853125	2.710682	6.217396	-0.000002	-0.000001	0.857556	3.648866	-4.562118	0.000000	57222.453125	17304.800781	83104.906250
2005	01	0.000000	-1.390666	2.244378	5.751251	-0.000002	-0.000001	0.853712	8.382638	-5.640285	0.000000	57222.445312	17303.525391	83104.664062
2005	01	0.000000	-1.803105	2.652056	6.159086	-0.000002	-0.000001	0.848952	-3.431392	-5.593359	0.000000	57222.441406	17302.253906	83104.421875
2005	01	0.000000	-2.664841	3.508635	7.015816	-0.000003	-0.000001	0.843794	0.909092	-5.901937	0.000000	57222.437500	17300.974609	83104.171875
2005	01	0.000000	-2.065435	2.906386	6.413715	-0.000002	-0.000001	0.840951	1.382261	-9.948512	0.000000	57222.429688	17299.691406	83103.921875
2005	01	0.000000	-1.687576	2.526803	6.034286	-0.000002	-0.000001	0.839227	17.054436	-2.035912	0.000000	57222.425781	17298.421875	83103.679688
2005	01	0.000000	-1.829058	2.665329	6.172964	-0.000002	-0.000001	0.836271	16.242081	-5.872881	0.000000	57222.417969	17297.152344	83103.437500
2005	01	0.000000	-1.754834	2.587767	6.095553	-0.000002	-0.000001	0.832933	12.355612	-5.549775	0.000000	57222.414062	17295.884766	83103.203125
2005	01	0.000000	-1.674299	2.503698	6.011636	-0.000002	-0.000001	0.829399	15.152807	-3.770762	0.000000	57222.410156	17294.619141	83102.968750
2005	01	0.000000	-1.733526	2.559030	6.067119	-0.000002	-0.000001	0.825504	7.500412	-8.701081	0.000000	57222.402344	17293.353516	83102.734375
2005	01	0.000000	-1.565238	2.386909	5.895148	-0.000002	-0.000001	0.821672	6.701456	-9.056464	0.000000	57222.398438	17292.091797	83102.500000
2005	01	0.000000	-1.559123	2.376941	5.885331	-0.000002	-0.000001	0.817818	4.223156	-7.942553	0.000000	57222.394531	17290.833984	83102.273438
2005	01	0.000000	-1.478631	2.292201	5.800740	-0.000002	-0.000001	0.813570	5.018554	-6.475546	0.000000	57222.386719	17289.576172	83102.039062
2005	01	0.000000	-1.186460	1.995604	5.504294	-0.000002	-0.000001	0.809144	19.713808	-3.202863	0.000000	57222.382812	17288.322266	83101.820312
2005	01	0.000000	-1.936551	2.740330	6.249170	-0.000002	-0.000001	0.803779	11.674379	-3.187536	0.000000	57222.378906	17287.068359	83101.593750
2005	01	0.000000	-2.800280	3.599132	7.108111	-0.000003	-0.000001	0.798852	-2.663905	-10.413982	0.000000	57222.371094	17285.800781	83101.359375
2005	01	0.000000	-1.761726	2.558429	6.067553	-0.000002	-0.000001	0.796703	20.907806	-3.625654	0.000000	57222.367188	17284.539062	83101.125000
2005	01	0.000000	-1.940297	2.735492	6.244760	-0.000002	-0.000001	0.795196	14.150179	-4.423539	0.000000	57222.363281	17283.281250	83100.898438
2005	01	0.000000	-1.750766	2.544456	6.053868	-0.000002	-0.000001	0.793691	19.301037	-7.117262	0.000000	57222.359375	17282.025391	83100.671875
2005	01	0.000000	-1.434521	2.226403	5.735960	-0.000002	-0.000001	0.791882	21.350893	-1.755631	0.000000	57222.351562	17280.775391	83100.453125
2005	01	0.000000	-2.905212	3.694188	7.203886	-0.000003	-0.000001	0.788976	-4.012283	-2.873095	0.000000	57222.347656	17279.517578	83100.226562
2005	01	0.000000	-3.275472	4.062399	7.572231	-0.000003	-0.000002	0.786928	-4.539245	-1.649644	0.000000	57222.343750	17278.246094	83099.984375
2005	01	0.000000	-3.177684	3.964704	7.474666	-0.000003	-0.000001	0.787019	-8.724976	-10.679933	0.000000	57222.339844	17276.970703	83099.742188
2005	01	0.000000	-2.295339	3.083813	6.593913	-0.000002	-0.000001	0.788474	7.141998	-2.172284	0.000000	57222.335938	17275.707031	83099.507812
2005	01	0.000000	-2.557351	3.346806	6.857044	-0.000003	-0.000001	0.789454	-6.191750	-2.817043	0.000000	57222.328125	17274.447266	83099.273438
2005	01	0.000000	-2.823877	3.613532	7.123905	-0.000003	-0.000001	0.789655	6.449007	-0.225736	0.000000	57222.324219	17273.181641	83099.039062
2005	01	0.000000	-2.519312	3.309242	6.819751	-0.000003	-0.000001	0.789930	2.087063	-0.511510	0.000000	57222.320312	17271.919922	83098.804688
2005	01	0.000000	-3.198413	3.988355	7.498998	-0.000003	-0.000001	0.789942	-6.863308	-4.015595	0.000000	57222.316406	17270.652344	83098.570312
2005	02	0.000000	-2.683839	3.397657	6.568680	-0.000003	-0.000001	0.713819	-2.319408	1.153944	0.000000	57222.312500	17269.384766	83098.335938
2005	02	0.000000	-2.921145	3.635549	6.806689	-0.000003	-0.000002	0.714403	-13.303102	-3.430111	0.000000	57222.308594	17268.113281	83098.093750
2005	02	0.000000	-2.964529	3.679914	6.851173	-0.000003	-0.000002	0.715385	-10.206002	8.288155	0.000000	57222.300781	17266.845703	83097.851562
2005	02	0.000000	-2.880641	3.597078	6.768455	-0.000003	-0.000001	0.716438	-7.895080	-2.074753	0.000000	57222.296875	17265.574219	83097.609375
2005	02	0.000000	-2.420909	3.138446	6.309941	-0.000003	-0.000001	0.717537	11.079164	-8.053079	0.000000	57222.292969	17264.302734	83097.367188
2005	02	0.000000	-1.947371	2.665996	5.837614	-0.000002	-0.000001	0.718625	24.769934	-3.949932	0.000000	57222.289062	17263.046875	83097.140625
2005	02	0.000000	-1.658135	2.377093	5.548838	-0.000002	-0.000001	0.718958	11.345564	-1.813125	0.000000	57222.285156	17261.794922	83096.914062
2005	02	0.000000	-1.724257	2.442718	5.614587	-0.000002	-0.000001	0.718461	21.165806	0.057891	0.000000	57222.281250	17260.546875	83096.695312
2005	02	0.000000	-1.915329	2.632601	5.804595	-0.000002	-0.000001	0.717272	9.302519	-1.283268	0.000000	57222.273438	17259.294922	83096.476562
2005	02	0.000000	-2.013526	2.729271	5.901387	-0.000002	-0.000001	0.715745	16.306793	0.315724	0.000000	57222.269531	17258.042969	83096.250000
2005	02	0.000000	-2.544851	3.258974	6.431210	-0.000003	-0.000001	0.714123	-0.138150	-1.137743	0.000000	57222.265625	17256.785156	83096.023438
2005	02	0.000000	-2.905903	3.618851	6.791203	-0.000003	-0.000001	0.712947	1.044748	0.859385	0.000000	57222.261719	17255.521484	83095.789062
2005	02	0.000000	-2.599046	3.311702	6.484172	-0.000003	-0.000001	0.712657	2.257831	1.877077	0.000000	57222.257812	17254.255859	83095.546875
2005	02	0.000000	-2.580738	3.293645	6.466232	-0.000003	-0.000001	0.712907	4.954974	5.665179	0.000000	57222.253906	17252.994141	83095.320312
2005	02	0.000000	-2.453673	3.166788	6.339492	-0.000003	-0.000001	0.713115	5.731546	0.336583	0.000000	57222.250000	17251.732422	83095.085938
2005	02	0.000000	-2.238505	2.951790	6.124612	-0.000003	-0.000001	0.713285	13.598675	0.456786	0.000000	57222.242188	17250.474609	83094.851562
2005	02	0.000000	-2.060464	2.773633	5.946577	-0.000002	-0.000001	0.713170	16.719078	2.651222	0.000000	57222.238281	17249.222656	83094.625000
2005	02	0.000000	-2.237540	2.950243	6.123306	-0.000003	-0.000001	0.712704	14.243840	3.330660	0.000000	57222.234375	17247.968750	83094.406250
2005	02	0.000000	-1.999504	2.711565	5.884747	-0.000002	-0.000001	0.712061	15.730453	-0.074117	0.000000	57222.230469	17246.714844	83094.179688
2005	02	0.000000	-2.022235	2.733633	5.906935	-0.000002	-0.000001	0.711398	20.822815	3.786366	0.000000	57222.226562	17245.464844	83093.953125
2005	02	0.000000	-2.225866	2.936368	6.109789	-0.000003	-0.000001	0.710502	13.415999	5.488853	0.000000	57222.222656	17244.212891	83093.734375
2005	02	0.000000	-1.802194	2.511702	5.685241	-0.000002	-0.000001	0.709508	21.942726	-0.130700	0.000000	57222.218750	17242.962891	83093.507812
2005	02	0.000000	-1.917272	2.625779	5.799440	-0.000002	-0.000001	0.708507	26.371641	5.893215	0.000000	57222.214844	17241.716797	83093.289062
2005	02	0.000000	-2.245970	2.953088	6.126866	-0.000003	-0.000001	0.707117	18.305265	4.257214	0.000000	57222.207031	17240.466797	83093.070312
2005	02	0.000000	-2.514041	3.219894	6.393789	-0.000003	-0.000001	0.705853	12.675893	5.790258	0.000000	57222.203125	17239.212891	83092.843750
2005	02	0.000000	-2.411499	3.116955	6.290965	-0.000003	-0.000001	0.705456	23.199118	7.049383	0.000000	57222.199219	17237.955078	83092.609375
2005	02	0.000000	-2.580770	3.286726	6.460851	-0.000003	-0.000001	0.705956	8.094432	4.696335	0.000000	57222.195312	17236.699219	83092.382812
2005	02	0.000000	-2.672768	3.379361	6.553598	-0.000003	-0.000001	0.706593	17.473913	8.095822	0.000000	57222.191406	17235.439453	83092.148438
2005	03	0.000000	-2.790527	3.574033	7.088494	-0.000003	-0.000001	0.783506	9.039610	7.352129	0.000000	57222.187500	17234.183594	83091.921875
2005	03	0.000000	-3.122772	3.907361	7.421947	-0.000003	-0.000001	0.784589	12.977096	8.312602	0.000000	57222.183594	17232.923828	83091.687500
2005	03	0.000000	-2.958422	3.744657	7.259367	-0.000003	-0.000001	0.786235	7.624469	3.272118	0.000000	57222.179688	17231.664062	83091.453125
2005	03	0.000000	-3.396583	4.184367	7.699201	-0.000003	-0.000002	0.787784	0.649547	2.350395	0.000000	57222.175781	17230.402344	83091.218750
2005	03	0.000000	-3.436463	4.227914	7.742868	-0.000003	-0.000002	0.791450	3.512578	4.937603	0.000000	57222.171875	17229.134766	83090.984375
2005	03	0.000000	-3.624528	4.422430	7.937506	-0.000003	-0.000002	0.797902	-5.125088	1.468514	0.000000	57222.167969	17227.867188	83090.742188
2005	03	0.000000	-3.703570	4.508066	8.023261	-0.000003	-0.000002	0.804495	-1.021225	3.536238	0.000000	57222.160156	17226.597656	83090.492188
2005	03	0.000000	-3.257630	4.068229	7.583546	-0.000003	-0.000002	0.810598	6.446685	12.464762	0.000000	57222.156250	17225.330078	83090.250000
2005	03	0.000000	-3.311509	4.127331	7.642771	-0.000003	-0.000002	0.815822	9.805883	7.662364	0.000000	57222.152344	17224.064453	83090.015625
2005	03	0.000000	-3.525881	4.345669	7.861230	-0.000003	-0.000002	0.819788	-11.127999	-8.313683	0.000000	57222.148438	17222.798828	83089.773438
2005	03	0.000000	-3.472532	4.294138	7.809820	-0.000003	-0.000002	0.821607	9.210702	22.695963	0.000000	57222.144531	17221.527344	83089.523438
2005	03	0.000000	-3.298363	4.121658	7.637462	-0.000003	-0.000002	0.823295	4.678822	10.014319	0.000000	57222.140625	17220.261719	83089.289062
2005	03	0.000000	-3.172993	3.995586	7.511511	-0.000003	-0.000001	0.822592	40.572815	20.027285	0.000000	57222.136719	17218.992188	83089.039062
2005	03	0.000000	-2.784235	3.605261	7.121311	-0.000003	-0.000001	0.821025	29.376352	21.611641	0.000000	57222.132812	17217.732422	83088.804688
2005	03	0.000000	-2.915269	3.728013	7.244188	-0.000003	-0.000001	0.812744	16.478642	22.201315	0.000000	57222.128906	17216.474609	83088.570312
2005	03	0.000000	-3.013283	3.819231	7.335530	-0.000003	-0.000001	0.805948	25.185741	14.769835	0.000000	57222.121094	17215.212891	83088.335938
2005	03	0.000000	-2.956181	3.758780	7.275203	-0.000003	-0.000001	0.802599	23.776108	13.126162	0.000000	57222.117188	17213.951172	83088.101562
2005	03	0.000000	-2.906031	3.705426	7.221972	-0.000003	-0.000001	0.799395	36.212631	15.737420	0.000000	57222.113281	17212.689453	83087.867188
2005	03	0.000000	-2.780690	3.578111	7.094780	-0.000003	-0.000001	0.797421	36.684513	15.895163	0.000000	57222.109375	17211.431641	83087.632812
2005	03	0.000000	-2.757459	3.552901	7.069695	-0.000003	-0.000001	0.795441	35.665905	17.108704	0.000000	57222.105469	17210.173828	83087.398438
2005	03	0.000000	-2.778128	3.572300	7.089219	-0.000003	-0.000001	0.794172	29.178356	16.555538	0.000000	57222.101562	17208.916016	83087.164062
2005	03	0.000000	-3.069834	3.863289	7.380330	-0.000003	-0.000001	0.793455	20.599880	11.881966	0.000000	57222.097656	17207.656250	83086.929688
2005	03	0.000000	-3.145496	3.939897	7.457060	-0.000003	-0.000001	0.794401	16.963846	9.948988	0.000000	57222.093750	17206.392578	83086.695312
2005	03	0.000000	-2.972472	3.768362	7.285646	-0.000003	-0.000001	0.795891	39.136215	19.277950	0.000000	57222.089844	17205.130859	83086.453125
2005	03	0.000000	-2.548247	3.345846	6.863255	-0.000003	-0.000001	0.797599	27.686365	4.645400	0.000000	57222.085938	17203.876953	83086.226562
2005	03	0.000000	-2.696375	3.496846	7.014380	-0.000003	-0.000001	0.800471	37.375427	7.305504	0.000000	57222.078125	17202.621094	83085.992188
2005	03	0.000000	-2.981510	3.783415	7.301069	-0.000003	-0.000001	0.801905	30.963619	14.688211	0.000000	57222.074219	17201.361328	83085.757812
2005	03	0.000000	-3.346245	4.149408	7.667183	-0.000003	-0.000002	0.803164	10.269977	7.633483	0.000000	57222.070312	17200.099609	83085.523438
2005	03	0.000000	-3.311606	4.116899	7.634793	-0.000003	-0.000002	0.805294	5.885067	8.409459	0.000000	57222.066406	17198.833984	83085.281250
2005	03	0.000000	-3.703098	4.511367	8.029378	-0.000003	-0.000002	0.808269	-0.215674	4.970431	0.000000	57222.062500	17197.564453	83085.039062
2005	03	0.000000	-3.273766	4.085611	7.603741	-0.000003	-0.000002	0.811846	2.394619	14.438796	0.000000	57222.058594	17196.298828	83084.789062
2005	04	0.000000	-3.252798	4.035689	7.440445	-0.000003	-0.000002	0.782891	5.183344	16.174025	0.000000	57222.054688	17195.033203	83084.546875
2005	04	0.000000	-3.680326	4.461820	7.866689	-0.000003	-0.000002	0.781494	-15.622079	4.868028	0.000000	57222.050781	17193.761719	83084.304688
2005	04	0.000000	-3.860604	4.646868	8.051847	-0.000003	-0.000002	0.786265	-20.365959	32.734688	0.000000	57222.046875	17192.486328	83084.046875
2005	04	0.000000	-3.682459	4.716657	8.121748	-0.000003	-0.000002	1.034198	-11.059951	15.200309	0.000000	57222.042969	17191.212891	83083.796875
2005	04	0.000000	-3.841634	19.572477	22.977678	-0.000009	-0.000008	15.730844	-3.075255	13.054522	0.000000	57222.218750	17189.935547	83083.398438
2005	04	0.000000	-4.064511	18.222170	21.627481	-0.000008	-0.000007	14.157659	-11.886759	1.401671	0.000000	57222.964844	17188.656250	83082.476562
2005	04	0.000000	-4.206851	28.711641	32.117062	-0.000012	-0.000011	24.504791	-11.528232	15.184612	0.000000	57223.242188	17187.375000	83081.765625
2005	04	0.000000	-4.525449	36.690025	40.095554	-0.000015	-0.000014	32.164577	-22.502966	0.061901	0.000000	57223.949219	17186.087891	83080.476562
2005	04	0.000000	-4.500930	57.911713	61.317345	-0.000024	-0.000022	53.410782	-29.409554	-2.197014	0.000000	57224.488281	17184.796875	83078.812500
2005	04	0.000000	-4.519847	67.395973	70.801712	-0.000027	-0.000026	62.876125	-10.741194	4.089569	0.000000	57225.062500	17183.509766	83076.617188
2005	04	0.000000	-4.667552	105.520912	108.926750	-0.000042	-0.000041	100.853348	12.152635	22.459173	0.000000	57225.843750	17182.216797	83073.703125
2005	04	0.000000	-4.394852	83.956459	87.362411	-0.000034	-0.000032	79.561607	51.057777	17.333918	0.000000	57226.726562	17180.925781	83070.437500
2005	04	0.000000	-4.192341	84.306168	87.712219	-0.000034	-0.000033	80.113823	63.981625	25.397173	0.000000	57227.421875	17179.636719	83067.476562
2005	04	0.000000	-4.428156	98.605461	102.011642	-0.000039	-0.000038	94.177315	27.064060	25.579166	0.000000	57228.109375	17178.347656	83064.398438
2005	04	0.000000	-4.663623	101.722580	105.128853	-0.000041	-0.000039	97.058952	-27.734533	9.289891	0.000000	57228.835938	17177.050781	83060.968750
2005	04	0.000000	-4.446035	138.744781	142.151154	-0.000055	-0.000054	134.298737	47.831036	33.114498	0.000000	57229.761719	17175.757812	83056.820312
2005	04	0.000000	-4.355951	140.373322	143.779816	-0.000055	-0.000054	136.017365	55.811699	28.459909	0.000000	57230.757812	17174.466797	83052.117188
2005	04	0.000000	-5.157264	153.324341	156.730942	-0.000060	-0.000059	148.167084	12.381526	26.283176	0.000000	57231.671875	17173.167969	83047.078125
2005	04	0.000000	-4.492090	143.675308	147.082001	-0.000057	-0.000055	139.183212	67.984016	32.792980	0.000000	57232.500000	17171.865234	83042.000000
2005	04	0.000000	-4.680940	140.098465	143.505264	-0.000055	-0.000054	135.417526	60.881210	31.859093	0.000000	57233.164062	17170.572266	83037.289062
2005	04	0.000000	-5.542405	149.786880	153.193802	-0.000059	-0.000058	144.244476	37.068726	57.410385	0.000000	57233.804688	17169.265625	83032.328125
2005	04	0.000000	-4.974427	144.128906	147.535904	-0.000057	-0.000056	139.154480	67.897217	38.996708	0.000000	57234.402344	17167.953125	83027.312500
2005	04	0.000000	-4.881785	136.700287	140.107391	-0.000054	-0.000053	131.818497	51.883854	42.103611	0.000000	57234.906250	17166.650391	83022.562500
2005	04	0.000000	-5.568404	142.295944	145.703156	-0.000056	-0.000055	136.727539	33.277039	36.429783	0.000000	57235.371094	17165.337891	83017.820312
2005	04	0.000000	-5.075799	136.594070	140.001389	-0.000054	-0.000053	131.518265	69.836472	41.992657	0.000000	57235.816406	17164.025391	83013.046875
2005	04	0.000000	-5.045033	131.488113	134.895538	-0.000052	-0.000051	126.443085	56.128468	38.947212	0.000000	57236.195312	17162.716797	83008.531250
2005	04	0.000000	-4.379769	122.923050	126.330582	-0.000049	-0.000047	118.543282	93.715088	52.020821	0.000000	57236.546875	17161.408203	83004.109375
2005	04	0.000000	-3.584464	100.765160	104.172806	-0.000040	-0.000039	97.180702	99.476746	38.614975	0.000000	57236.804688	17160.117188	83000.312500
2005	04	0.000000	-3.446263	97.463966	100.871727	-0.000039	-0.000038	94.017708	76.199913	78.140518	0.000000	57237.000000	17158.830078	82996.867188
2005	04	0.000000	-3.406328	91.125282	94.533150	-0.000036	-0.000035	87.718941	69.783676	82.844208	0.000000	57237.167969	17157.546875	82993.625000
2005	05	0.000000	-3.432764	90.758904	94.280495	-0.000035	-0.000034	87.326141	94.469193	79.261215	0.000000	57237.320312	17156.263672	82990.507812
2005	05	0.000000	-3.335326	81.867340	85.389053	-0.000032	-0.000031	78.532021	125.323830	54.247318	0.000000	57237.441406	17154.984375	82987.601562
2005	05	0.000000	-3.540184	81.644615	85.166443	-0.000032	-0.000030	78.104431	109.536804	25.127359	0.000000	57237.531250	17153.703125	82984.890625
2005	05	0.000000	-4.015488	97.929871	101.451805	-0.000038	-0.000037	93.914375	84.354446	29.242226	0.000000	57237.644531	17152.417969	82981.929688
2005	05	0.000000	-4.486914	113.949631	117.471687	-0.000044	-0.000043	109.462723	78.971840	33.997787	0.000000	57237.824219	17151.125000	82978.406250
2005	05	0.000000	-5.364337	129.657562	133.179733	-0.000050	-0.000048	124.293236	58.476486	50.207317	0.000000	57238.054688	17149.820312	82974.343750
2005	05	0.000000	-5.754251	133.090149	136.612411	-0.000051	-0.000050	127.335884	42.675804	68.936073	0.000000	57238.304688	17148.505859	82969.984375
2005	05	0.000000	-5.820459	135.548523	139.070892	-0.000052	-0.000051	129.728073	59.699066	57.242218	0.000000	57238.527344	17147.187500	82965.585938
2005	05	0.000000	-5.676288	136.529282	140.051758	-0.000052	-0.000051	130.852997	73.275368	46.742085	0.000000	57238.738281	17145.869141	82961.125000
2005	05	0.000000	-5.488632	133.443710	136.966293	-0.000051	-0.000050	127.955086	80.864563	60.770870	0.000000	57238.929688	17144.550781	82956.640625
2005	05	13.493062	6.210802	117.549026	107.578659	-0.000040	-0.000039	110.266769	117.761772	58.161720	36238.453125	57239.082031	17143.304688	82952.515625
2005	05	33.902096	21.749971	106.768936	76.389656	-0.000029	-0.000027	94.616806	101.695740	66.020988	91051.203125	57239.148438	17142.478516	82949.523438
2005	05	63.181797	42.612141	125.592445	65.933594	-0.000025	-0.000023	105.022797	43.027107	88.688881	169687.984375	57239.222656	17142.255859	82947.132812
2005	05	104.645561	75.142799	137.737274	36.614769	-0.000014	-0.000012	108.234520	69.626289	75.257301	281047.656250	57239.332031	17142.847656	82945.281250
2005	05	117.369392	84.092888	135.623291	21.777069	-0.000008	-0.000007	102.346794	70.313721	76.014694	315220.156250	57239.421875	17144.207031	82944.343750
2005	05	163.382706	118.168716	152.136612	-7.722812	0.000003	0.000004	106.922623	4.084975	100.387451	438798.625000	57239.515625	17146.242188	82944.015625
2005	05	195.519928	140.252213	166.834549	-25.162029	0.000009	0.000011	111.566833	-8.663253	107.790932	525109.875000	57239.621094	17149.242188	82944.523438
2005	05	228.373398	167.163391	168.773514	-56.076435	0.000021	0.000022	107.563507	15.964390	106.378555	613344.750000	57239.718750	17153.048828	82945.820312
2005	05	245.167145	180.301758	167.613968	-74.029648	0.000028	0.000029	102.748604	2.398830	93.887779	658447.875000	57239.792969	17157.529297	82947.960938
2005	05	236.510483	169.836426	181.641586	-51.345295	0.000019	0.000020	114.967552	20.933832	108.197395	635198.625000	57239.871094	17161.970703	82949.984375
2005	05	248.196823	180.790863	182.067200	-62.605957	0.000023	0.000025	114.661232	45.160583	99.368149	666584.687500	57239.972656	17166.896484	82952.195312
2005	05	240.354904	175.064163	170.840439	-65.990700	0.000025	0.000026	105.549690	32.493279	66.606087	645523.625000	57240.039062	17171.537109	82954.359375
2005	05	248.430435	179.033234	174.207413	-70.699181	0.000026	0.000028	104.810219	5.131883	67.794899	667212.125000	57240.093750	17175.921875	82956.390625
2005	05	265.972961	194.601318	174.370560	-88.078499	0.000033	0.000034	102.998909	31.628483	70.648636	714326.312500	57240.140625	17181.125000	82959.296875
2005	05	294.222717	216.313080	206.983994	-83.714729	0.000031	0.000033	129.074356	-1.733432	112.629654	790196.937500	57240.195312	17186.541016	82962.117188
2005	05	225.425674	162.506897	195.867050	-26.034559	0.000010	0.000011	132.948273	74.280579	77.468155	605428.062500	57240.265625	17192.076172	82964.312500
2005	05	227.444229	165.527145	180.488663	-43.431412	0.000016	0.000018	118.571564	118.129890	52.398266	610849.312500	57240.285156	17196.291016	82965.531250
2005	05	243.858780	178.971970	175.671097	-64.663422	0.000024	0.000025	110.784286	109.281906	52.775997	654934.000000	57240.285156	17200.673828	82967.296875
2005	05	218.810440	158.194473	168.308060	-46.977985	0.000018	0.000019	107.692116	62.531910	35.777504	587661.437500	57240.277344	17205.156250	82969.304688
2005	05	321.889099	240.248871	190.599762	-127.764832	0.000048	0.000049	108.959534	108.389656	64.605331	864500.812500	57240.261719	17209.970703	82971.718750
2005	05	339.936066	251.905075	200.531860	-135.879608	0.000051	0.000052	112.500847	93.550613	74.052498	912969.687500	57240.257812	17216.896484	82976.109375
2005	06	334.831421	245.976883	199.410065	-132.010330	0.000051	0.000052	110.555527	79.189140	85.166359	929235.500000	57240.253906	17224.070312	82980.671875
2005	06	339.900360	248.814484	202.675323	-133.813889	0.000052	0.000053	111.589478	64.263741	86.442108	943302.937500	57240.246094	17231.363281	82985.304688
2005	06	297.852203	214.485855	193.521423	-100.919563	0.000039	0.000040	110.155090	18.164579	65.410904	826609.500000	57240.226562	17238.070312	82989.351562
2005	06	242.678772	169.871841	202.980270	-36.287212	0.000014	0.000015	130.173340	13.539083	69.855026	673490.312500	57240.199219	17243.642578	82991.960938
2005	06	170.245331	113.559006	176.721313	9.887369	-0.000004	-0.000002	120.035004	5.515312	39.019478	472470.531250	57240.160156	17247.558594	82992.742188
2005	06	191.564636	130.800964	175.720764	-12.432410	0.000005	0.000006	114.957085	29.202412	27.630497	531636.625000	57240.093750	17250.494141	82992.820312
2005	06	332.785278	245.615692	200.659668	-128.714050	0.000050	0.000051	113.490067	117.476280	69.876625	923556.937500	57240.023438	17255.195312	82994.804688
2005	06	346.854980	256.452850	202.921249	-140.522034	0.000054	0.000056	112.519127	116.318275	77.622993	962603.625000	57239.953125	17262.580078	82999.468750
2005	06	327.990692	239.088638	201.223907	-123.354973	0.000048	0.000049	112.321884	100.556549	77.810127	910250.750000	57239.878906	17269.812500	83004.000000
2005	06	295.823273	213.611374	192.137039	-100.274353	0.000039	0.000040	109.925133	51.988621	61.892357	820978.812500	57239.796875	17276.431641	83007.968750
2005	06	337.301666	244.666046	204.220978	-129.668671	0.000050	0.000051	111.585381	43.445343	80.443993	936090.937500	57239.710938	17282.916016	83011.835938
2005	06	363.829376	263.956726	212.963181	-147.454102	0.000057	0.000058	113.090530	64.744659	100.784920	1009711.562500	57239.625000	17290.339844	83016.585938
2005	06	322.122833	225.065262	215.064575	-103.646111	0.000040	0.000041	118.006989	0.016742	102.275620	893966.125000	57239.539062	17297.447266	83020.859375
2005	06	211.813995	139.837494	188.767609	-19.634150	0.000008	0.000009	116.791115	-28.199348	56.930683	587833.375000	57239.445312	17303.199219	83023.734375
2005	06	245.307175	170.013611	198.510086	-43.384781	0.000017	0.000018	123.216515	10.973078	92.396988	680784.812500	57239.328125	17306.509766	83024.171875
2005	06	353.642609	254.821167	225.945023	-124.285217	0.000048	0.000049	127.123558	33.172852	92.599571	981441.000000	57239.199219	17312.800781	83027.289062
2005	06	346.400330	247.124298	223.899734	-119.088066	0.000046	0.000047	124.623741	72.253624	99.173035	961341.812500	57239.050781	17319.996094	83031.335938
2005	06	325.949341	233.393951	209.372375	-113.164391	0.000044	0.000045	116.816978	33.277451	78.896271	904585.687500	57238.800781	17327.244141	83035.609375
2005	06	318.578827	226.602417	216.427200	-98.738960	0.000038	0.000039	124.450775	43.123947	91.254997	884130.750000	57238.519531	17333.603516	83039.007812
2005	06	283.807251	200.449936	205.889633	-74.504852	0.000029	0.000030	122.532310	29.185211	71.145195	787631.562500	57238.238281	17339.992188	83042.359375
2005	06	332.076782	236.669205	219.622116	-109.041763	0.000042	0.000043	124.214577	12.169385	96.600540	921590.625000	57237.976562	17345.892578	83045.187500
2005	06	356.291107	253.397278	226.823334	-126.054810	0.000049	0.000050	123.929489	22.320335	108.776237	988791.187500	57237.652344	17353.218750	83049.445312
2005	06	324.315857	225.672974	225.102356	-95.800446	0.000037	0.000038	126.459465	-11.173858	91.346046	900052.375000	57237.339844	17359.945312	83053.039062
2005	06	324.237518	232.272690	208.734756	-112.089600	0.000043	0.000045	116.769936	58.414043	78.489555	899834.875000	57237.019531	17366.896484	83056.984375
2005	06	335.867004	243.165100	201.316101	-131.137619	0.000051	0.000052	108.614204	106.852470	82.161476	932109.500000	57236.691406	17373.476562	83060.906250
2005	06	370.470123	268.812347	208.642792	-158.413940	0.000061	0.000062	106.985008	80.623604	108.854607	1028141.187500	57236.328125	17380.902344	83065.804688
2005	06	385.955261	278.155792	217.309021	-165.232727	0.000064	0.000065	109.509560	67.966591	113.256073	1071116.125000	57235.945312	17388.892578	83071.234375
2005	06	354.992920	252.052094	212.058502	-139.520813	0.000054	0.000055	109.117706	28.238956	101.018631	985188.312500	57235.554688	17397.017578	83076.789062
2005	06	315.626404	222.651428	201.191147	-111.021576	0.000043	0.000044	108.216164	16.470480	92.691696	875937.062500	57235.207031	17404.037109	83081.257812
2005	06	330.540161	234.667557	216.158157	-110.968208	0.000043	0.000044	120.285583	50.669140	83.192436	917326.125000	57234.890625	17410.138672	83084.585938
2005	07	380.253174	273.970764	224.691269	-152.034210	0.000057	0.000058	118.408844	70.351326	104.166359	1021249.812500	57234.539062	17417.314453	83088.921875
2005	07	378.428528	270.769958	224.180954	-150.719742	0.000056	0.000058	116.522392	76.395523	109.803253	1016349.250000	57234.156250	17425.017578	83093.906250
2005	07	368.546387	263.485901	221.449356	-143.569122	0.000054	0.000055	116.388870	59.890556	88.656471	989808.812500	57233.777344	17432.531250	83098.726562
2005	07	370.714264	267.347412	223.116699	-144.069519	0.000054	0.000055	119.749878	45.898682	97.535553	995631.000000	57233.394531	17440.027344	83103.515625
2005	07	356.002045	254.313507	234.220016	-118.253899	0.000044	0.000045	132.531448	56.157211	102.421898	956118.312500	57233.015625	17447.228516	83107.648438
2005	07	322.719574	224.933670	224.989594	-94.201714	0.000035	0.000036	127.203697	-0.458109	91.726288	866731.250000	57232.644531	17454.226562	83111.554688
2005	07	341.748657	236.419479	231.201157	-107.019127	0.000040	0.000041	125.871979	30.154137	122.684669	917837.812500	57232.308594	17460.683594	83115.007812
2005	07	340.167725	234.593872	229.551407	-107.087875	0.000040	0.000041	123.977531	55.035946	111.489746	913592.000000	57231.953125	17467.121094	83118.468750
2005	07	326.077332	227.158890	213.373230	-109.175522	0.000041	0.000042	114.454796	40.002853	104.108131	875749.250000	57231.601562	17473.503906	83122.085938
2005	07	311.980835	214.519608	209.869141	-98.582993	0.000037	0.000038	112.407913	6.396683	92.014519	837890.125000	57231.253906	17479.492188	83125.484375
2005	07	329.613342	229.835114	207.322266	-118.762268	0.000044	0.000046	107.544029	61.346340	99.678680	885245.937500	57230.910156	17485.609375	83129.125000
2005	07	316.186035	221.306564	195.885681	-116.771385	0.000044	0.000045	101.006218	13.929090	90.097794	849184.000000	57230.554688	17491.757812	83132.992188
2005	07	312.045685	213.604630	200.120178	-108.396416	0.000040	0.000042	101.679115	27.777283	110.911087	838064.250000	57230.207031	17497.728516	83136.781250
2005	07	253.895462	157.790573	205.356567	-45.009735	0.000017	0.000018	109.251686	-86.065529	101.912621	681889.625000	57229.898438	17502.585938	83139.289062
2005	07	343.282684	237.581909	208.116638	-131.636810	0.000049	0.000050	102.415840	32.348652	108.750931	921957.812500	57229.617188	17507.744141	83142.054688
2005	07	291.895447	194.185867	195.514542	-92.851555	0.000035	0.000036	97.804962	14.455528	108.521988	783946.562500	57229.265625	17513.750000	83145.953125
2005	07	299.094696	204.875992	188.906281	-106.658951	0.000040	0.000041	94.687569	11.957426	93.597961	803281.625000	57228.933594	17519.314453	83149.507812
2005	07	240.932083	161.770645	210.311386	-27.091110	0.000010	0.000011	131.149948	38.633873	68.947250	647073.750000	57228.617188	17523.613281	83151.140625
2005	07	328.045929	231.846649	213.867432	-110.648781	0.000041	0.000043	117.668129	63.470295	95.630463	881036.312500	57228.320312	17528.890625	83153.531250
2005	07	333.273071	234.582703	212.595779	-117.147438	0.000044	0.000045	113.905403	76.574799	98.507385	895074.875000	57227.953125	17535.144531	83157.078125
2005	07	331.587006	232.416122	208.796509	-119.260506	0.000045	0.000046	109.625641	74.375496	95.634666	890546.562500	57227.562500	17541.736328	83161.195312
2005	07	325.921021	225.793808	210.008316	-112.382637	0.000042	0.000043	109.881073	78.501648	93.078812	875329.375000	57227.187500	17547.916016	83164.875000
2005	07	307.898712	211.891602	199.959900	-104.408615	0.000039	0.000040	103.952782	30.279408	97.518127	826926.687500	57226.804688	17554.189453	83168.804688
2005	07	280.839508	185.059052	202.615326	-74.693886	0.000028	0.000029	106.834892	-6.477517	101.848167	754253.500000	57226.472656	17559.119141	83171.382812
2005	07	271.647339	187.429428	185.510742	-82.606232	0.000031	0.000032	101.292816	72.261238	80.792770	729566.062500	57226.144531	17564.330078	83174.312500
2005	07	317.466156	225.077209	187.750076	-126.185562	0.000047	0.000048	95.361137	87.608017	78.690041	852622.062500	57225.804688	17569.787109	83177.687500
2005	07	288.115692	200.036942	182.372559	-102.212486	0.000038	0.000039	94.293808	33.393261	67.732437	773795.187500	57225.441406	17575.550781	83181.460938
2005	07	307.095428	214.365540	185.821884	-117.742798	0.000044	0.000045	93.091972	66.322548	76.774757	824769.312500	57225.097656	17580.933594	83184.898438
2005	07	293.942230	202.870178	181.668732	-108.742599	0.000041	0.000042	90.596680	31.970896	81.886879	789443.625000	57224.746094	17586.648438	83188.742188
2005	07	293.436737	196.283356	189.705551	-100.200180	0.000037	0.000039	92.552170	6.978585	107.112335	788086.000000	57224.410156	17591.898438	83192.101562
2005	07	303.525513	204.203110	189.803787	-110.190620	0.000041	0.000042	90.481361	28.662632	112.673492	815181.562500	57224.066406	17597.500000	83195.843750
2005	08	272.142090	175.138489	187.704102	-80.906784	0.000030	0.000032	90.700485	16.426008	99.405281	730894.812500	57223.738281	17602.544922	83199.039062
2005	08	236.583115	145.882401	179.487671	-53.564140	0.000020	0.000021	88.786949	0.685734	97.594856	635393.625000	57223.449219	17606.648438	83201.335938
2005	08	282.963806	185.006607	186.780731	-92.651672	0.000035	0.000036	88.823532	29.168262	96.230469	759958.812500	57223.187500	17610.552734	83203.429688
2005	08	291.217163	196.837555	174.252182	-113.433479	0.000042	0.000044	79.872566	32.033466	92.810448	782124.875000	57222.863281	17615.837891	83207.054688
2005	08	278.912598	185.033829	169.886490	-105.494522	0.000039	0.000041	76.007698	55.980991	93.815117	749078.437500	57222.531250	17621.113281	83210.929688
2005	08	242.936569	155.041916	162.309006	-77.095840	0.000029	0.000030	74.414352	61.288219	92.543533	652457.187500	57222.222656	17625.681641	83214.164062
2005	08	256.046204	168.299454	156.209854	-96.304504	0.000036	0.000037	68.463097	62.405350	76.911072	687665.875000	57221.953125	17629.511719	83216.750000
2005	08	269.172913	180.885040	151.399094	-114.241852	0.000043	0.000044	63.111229	42.174305	82.296593	722920.375000	57221.656250	17633.826172	83220.023438
2005	08	279.537506	192.104172	145.556900	-130.448502	0.000049	0.000050	58.123566	99.849487	71.914360	750756.750000	57221.351562	17638.708984	83224.023438
2005	08	261.499115	178.967773	136.791199	-121.175682	0.000045	0.000047	54.259838	92.745010	66.292976	702310.875000	57221.046875	17643.542969	83228.132812
2005	08	238.968704	161.178726	134.093063	-101.343269	0.000038	0.000039	56.303089	48.474789	59.872395	641800.687500	57220.761719	17647.875000	83231.781250
2005	08	214.591660	142.382004	131.526932	-79.532227	0.000030	0.000031	59.317268	2.170435	75.391914	576331.000000	57220.507812	17651.814453	83234.945312
2005	08	242.428909	165.233383	156.941330	-81.954941	0.000031	0.000032	79.745811	79.465813	69.286423	651093.750000	57220.285156	17655.292969	83237.195312
2005	08	219.978378	148.822861	143.503235	-72.942368	0.000027	0.000029	72.347725	34.273426	46.954708	590798.187500	57220.039062	17659.384766	83239.937500
2005	08	251.161728	171.051331	150.371857	-97.256966	0.000036	0.000038	70.261452	51.948929	59.292355	674547.625000	57219.796875	17663.150391	83242.484375
2005	08	224.437149	152.645569	140.905289	-79.998825	0.000030	0.000031	69.113708	104.028427	58.839630	602773.125000	57219.539062	17667.250000	83245.406250
2005	08	236.638885	163.687027	136.728043	-96.377670	0.000036	0.000037	63.776169	97.650879	49.060543	635543.500000	57219.292969	17671.089844	83248.203125
2005	08	167.927521	104.995064	128.136063	-36.258141	0.000014	0.000015	65.203606	-3.369136	46.753647	451004.656250	57219.050781	17674.687500	83250.812500
2005	08	137.118301	81.140610	146.523270	12.938411	-0.000005	-0.000004	90.545578	-6.830209	64.007088	368260.000000	57218.878906	17676.238281	83251.031250
2005	08	235.798553	161.546082	174.819931	-57.445053	0.000021	0.000023	100.567467	81.097252	58.098293	633286.562500	57218.683594	17678.800781	83251.468750
2005	08	267.979095	185.773041	177.501007	-86.944374	0.000032	0.000034	95.294968	70.826294	68.193420	719714.187500	57218.425781	17683.017578	83253.617188
2005	08	227.721878	145.600967	180.656204	-43.531834	0.000016	0.000018	98.535286	25.586922	86.372482	611594.937500	57218.121094	17687.552734	83256.132812
2005	08	246.114639	158.199036	187.275375	-55.305313	0.000021	0.000022	99.359779	19.858593	88.479507	660992.625000	57217.859375	17691.218750	83257.664062
2005	08	193.110168	123.560509	161.736832	-27.839285	0.000010	0.000012	92.187164	-10.728644	61.540688	518637.937500	57217.585938	17694.929688	83259.382812
2005	08	159.614532	97.109734	169.976181	13.895815	-0.000005	-0.000004	107.471375	-20.607664	72.078911	428678.343750	57217.324219	17697.212891	83259.492188
2005	08	88.151108	39.442730	163.952515	79.335678	-0.000030	-0.000028	115.244133	-30.496275	45.288021	236748.312500	57217.042969	17698.658203	83258.515625
2005	08	116.684113	61.839531	181.979553	68.829819	-0.000026	-0.000024	127.134972	-12.824612	39.331013	313379.718750	57216.718750	17699.025391	83255.960938
2005	08	237.705490	158.330078	200.636963	-33.534031	0.000013	0.000014	121.261536	29.021519	71.424255	638408.062500	57216.371094	17700.908203	83254.960938
2005	08	221.736725	142.025940	201.437943	-16.764158	0.000006	0.000008	121.727173	-3.447483	71.048676	595520.562500	57216.027344	17704.775391	83255.968750
2005	08	216.996918	135.703583	201.817047	-11.645162	0.000004	0.000006	120.523705	6.071207	80.242195	582790.750000	57215.683594	17708.046875	83256.421875
2005	08	203.416016	129.163116	194.105560	-5.775666	0.000002	0.000003	119.852646	-19.782434	73.589470	546316.437500	57215.335938	17711.345703	83256.960938
2005	09	207.585205	135.904999	194.222961	-9.941379	0.000004	0.000005	122.542732	55.202473	63.544800	576097.500000	57214.960938	17714.449219	83257.093750
2005	09	218.830170	145.248657	187.084122	-28.325043	0.000011	0.000012	113.502602	44.285683	65.274635	607304.875000	57214.585938	17717.949219	83257.804688
2005	09	213.403580	137.990173	187.633209	-22.349257	0.000009	0.000010	112.219795	18.936680	73.507317	592244.875000	57214.218750	17721.564453	83258.750000
2005	09	197.895859	123.144798	187.551041	-6.923584	0.000003	0.000004	112.799973	-23.440849	71.241501	549207.250000	57213.855469	17724.798828	83259.312500
2005	09	212.393845	135.756531	187.776291	-21.196192	0.000008	0.000009	111.139008	17.112350	68.870247	589442.562500	57213.496094	17727.929688	83259.789062
2005	09	190.905258	119.440956	179.728714	-7.755092	0.000003	0.000004	108.264427	32.105671	59.547913	529806.687500	57213.136719	17731.041016	83260.304688
2005	09	196.676514	128.345093	168.899368	-24.355581	0.000009	0.000011	100.567955	53.557457	54.107895	545823.312500	57212.785156	17734.082031	83260.976562
2005	09	188.282806	120.613792	165.077393	-19.783726	0.000008	0.000009	97.408371	34.967815	57.470394	522528.843750	57212.441406	17737.060547	83261.757812
2005	09	199.788406	125.275101	174.762024	-21.604586	0.000008	0.000010	100.248718	8.427688	69.225693	554459.562500	57212.105469	17739.876953	83262.359375
2005	09	203.791504	128.624649	174.874939	-25.494659	0.000010	0.000011	99.708099	-4.144377	67.881325	565569.062500	57211.773438	17743.025391	83263.257812
2005	09	108.583572	53.145084	186.618149	81.456543	-0.000031	-0.000030	131.179657	-51.949135	68.754234	301344.812500	57211.402344	17745.484375	83262.976562
2005	09	142.889404	83.150833	189.515457	50.048092	-0.000019	-0.000018	129.776871	-16.232595	63.250023	396551.500000	57210.960938	17746.517578	83260.656250
2005	09	128.167450	71.961494	180.881500	56.136185	-0.000022	-0.000020	124.675545	3.547162	55.241989	355694.625000	57210.515625	17747.917969	83258.945312
2005	09	143.274170	86.661728	173.997574	34.145653	-0.000013	-0.000012	117.385139	46.400368	43.248924	397619.281250	57210.074219	17749.496094	83257.554688
2005	09	94.763863	50.178288	155.173859	63.832367	-0.000025	-0.000023	110.588287	-9.027789	58.020523	262991.875000	57209.648438	17750.886719	83256.265625
2005	09	135.440475	81.612419	165.158356	33.140381	-0.000013	-0.000011	111.330299	39.065941	29.920946	375879.000000	57209.226562	17751.566406	83254.320312
2005	09	155.810944	96.867531	169.178268	16.789965	-0.000006	-0.000005	110.234879	32.696186	33.747547	432411.781250	57208.812500	17753.287109	83253.453125
2005	09	153.585312	93.722214	173.226807	23.064232	-0.000009	-0.000008	113.363701	33.832699	50.415340	426235.156250	57208.402344	17755.195312	83252.710938
2005	09	175.297592	111.303017	174.331161	2.456452	-0.000001	0.000000	110.336601	32.769192	45.440224	486491.781250	57207.988281	17757.384766	83252.273438
2005	09	159.238342	97.429947	171.320007	15.504625	-0.000006	-0.000005	109.511597	27.024687	45.895935	441923.625000	57207.582031	17759.769531	83252.054688
2005	09	134.283737	78.424149	161.285614	30.424965	-0.000012	-0.000010	105.426041	27.073292	49.846230	372668.750000	57207.179688	17761.683594	83251.460938
2005	09	111.572243	63.459641	147.166962	39.017941	-0.000015	-0.000014	99.054375	28.128939	33.986835	309639.062500	57206.785156	17763.019531	83250.500000
2005	09	120.768951	71.560997	146.605316	29.259703	-0.000011	-0.000010	97.397354	28.609488	38.549866	335162.062500	57206.402344	17764.001953	83249.320312
2005	09	120.465797	71.119286	147.228699	30.186363	-0.000012	-0.000010	97.882179	43.552261	32.512543	334320.750000	57206.027344	17765.177734	83248.312500
2005	09	117.686844	69.265045	143.784531	29.521282	-0.000011	-0.000010	95.362717	29.950998	29.476955	326608.531250	57205.652344	17766.298828	83247.296875
2005	09	117.125130	66.620781	145.710861	32.009460	-0.000012	-0.000011	95.206512	-1.474709	35.635139	325049.625000	57205.285156	17767.343750	83246.265625
2005	09	109.369415	61.570137	148.064163	42.118591	-0.000016	-0.000015	100.264885	13.931304	40.201565	303525.718750	57204.914062	17768.361328	83245.109375
2005	09	77.366364	37.387707	135.376343	61.433941	-0.000024	-0.000022	95.397682	49.422245	26.796206	214709.765625	57204.535156	17769.050781	83243.593750
2005	09	91.147919	50.513206	128.412598	40.688797	-0.000016	-0.000014	87.777878	31.325115	26.000778	252956.812500	57204.171875	17769.148438	83241.757812
2005	09	121.393600	67.955688	148.218140	30.248787	-0.000012	-0.000010	94.780243	-7.217970	42.639420	336895.625000	57203.816406	17769.722656	83240.390625
2005	10	110.897995	60.974716	149.874298	42.514790	-0.000016	-0.000015	99.951012	10.607103	39.078510	297839.843750	57203.457031	17770.750000	83239.296875
2005	10	81.208107	40.033722	137.171524	59.502037	-0.000022	-0.000021	95.997139	0.947666	29.351759	218101.437500	57203.093750	17771.439453	83237.906250
2005	10	67.747169	27.307533	142.032959	77.824539	-0.000029	-0.000028	101.593330	-27.744654	50.698921	181949.250000	57202.726562	17771.326172	83235.718750
2005	10	56.678413	23.297010	126.989456	73.849937	-0.000028	-0.000026	93.608055	55.440605	17.797470	152221.781250	57202.347656	17771.048828	83233.335938
2005	10	64.846970	30.945471	121.869888	60.561977	-0.000023	-0.000021	87.968384	54.159061	11.605601	174160.156250	57201.984375	17770.593750	83231.078125
2005	10	67.961235	33.094757	121.120239	56.698231	-0.000021	-0.000020	86.253769	43.230907	13.145782	182524.171875	57201.640625	17770.300781	83229.062500
2005	10	71.780304	34.598083	123.094841	54.853909	-0.000020	-0.000019	85.912621	33.932381	21.542984	192781.093750	57201.300781	17770.074219	83227.140625
2005	10	92.108139	49.130383	129.883652	41.315010	-0.000015	-0.000014	86.905884	1.661767	22.407148	247375.781250	57200.968750	17770.048828	83225.429688
2005	10	88.140526	43.953625	135.601196	51.000290	-0.000019	-0.000018	91.414291	11.513165	21.563242	236719.890625	57200.632812	17770.412109	83223.992188
2005	10	90.392860	49.097969	128.618805	41.765701	-0.000016	-0.000014	87.323914	19.028263	17.743155	242769.015625	57200.300781	17770.316406	83222.507812
2005	10	95.898186	52.277176	131.584198	39.225899	-0.000015	-0.000013	87.963173	-8.192531	26.482115	257554.750000	57199.996094	17768.085938	83221.125000
2005	10	88.973495	44.328300	137.527313	52.093834	-0.000019	-0.000018	92.882118	-23.276491	25.402590	238957.000000	57199.765625	17763.234375	83219.703125
2005	10	80.814072	42.337341	129.128418	51.854511	-0.000019	-0.000018	90.651695	15.714815	19.693806	217043.171875	57199.652344	17755.505859	83218.062500
2005	10	94.123238	48.933208	142.592270	52.009319	-0.000019	-0.000018	97.402245	-18.861959	30.249178	252787.750000	57199.683594	17745.011719	83216.304688
2005	10	65.436523	28.441994	137.569885	75.673759	-0.000028	-0.000027	100.575348	-1.605071	20.071442	175743.546875	57199.898438	17731.929688	83214.421875
2005	10	65.746727	30.743177	136.138992	73.932823	-0.000028	-0.000026	101.135452	-5.750632	20.550961	176576.640625	57200.292969	17715.609375	83212.000000
2005	10	72.207596	32.884541	151.526718	82.859802	-0.000031	-0.000030	112.203667	-6.271910	20.186989	193928.671875	57200.910156	17696.652344	83209.390625
2005	10	47.436733	16.790768	151.753265	107.857353	-0.000040	-0.000039	121.107300	-22.715809	33.566998	127401.304688	57201.792969	17674.986328	83206.445312
2005	10	34.742718	10.572514	146.634018	115.432289	-0.000043	-0.000042	122.463814	4.095422	18.493423	93308.859375	57202.925781	17650.152344	83202.812500
2005	10	46.534637	20.848986	151.965683	108.972237	-0.000041	-0.000039	126.280037	16.761618	5.937559	124978.539062	57204.261719	17622.476562	83198.992188
2005	10	32.986145	10.646967	156.545303	127.100525	-0.000047	-0.000046	134.206131	1.996731	14.928394	88591.226562	57205.855469	17592.289062	83195.125000
2005	10	14.807521	0.288288	147.136078	135.870117	-0.000051	-0.000049	132.616837	20.968760	13.952751	39768.710938	57207.710938	17559.121094	83190.773438
2005	10	9.222262	-1.309063	138.048248	132.367767	-0.000049	-0.000048	127.516914	30.777102	5.923833	24768.324219	57209.675781	17522.976562	83186.234375
2005	10	2.735997	-4.550700	128.506821	129.312851	-0.000048	-0.000047	121.220116	18.498306	4.986592	7348.095703	57211.433594	17484.105469	83181.828125
2005	10	0.000000	-6.358412	132.361053	135.903336	-0.000051	-0.000049	126.002640	16.291136	2.369787	0.000000	57213.191406	17460.544922	83177.281250
2005	10	0.000000	-5.901282	128.312576	131.855103	-0.000049	-0.000048	122.411293	20.751368	1.700409	0.000000	57214.843750	17458.826172	83172.664062
2005	10	0.000000	-7.086632	129.003540	132.546280	-0.000049	-0.000048	121.916893	-18.816805	6.927400	0.000000	57216.289062	17457.181641	83168.171875
2005	10	0.000000	-6.223827	125.923065	129.466034	-0.000048	-0.000047	119.699242	-0.244785	8.854089	0.000000	57217.589844	17455.537109	83163.656250
2005	10	0.000000	-6.089149	123.551781	127.094963	-0.000047	-0.000046	117.462631	15.865735	10.653742	0.000000	57218.734375	17453.912109	83159.289062
2005	10	0.000000	-5.435645	115.651390	119.194801	-0.000045	-0.000043	110.215752	1.135097	10.481741	0.000000	57219.730469	17452.304688	83155.093750
2005	10	0.000000	-5.868752	116.182060	119.725693	-0.000045	-0.000043	110.313309	14.643387	3.610177	0.000000	57220.605469	17450.703125	83150.992188
2005	11	0.000000	-5.295283	107.374016	110.803543	-0.000043	-0.000041	102.078728	8.879180	7.019052	0.000000	57221.390625	17449.109375	83146.968750
2005	11	0.000000	-5.010000	102.324646	105.754387	-0.000041	-0.000039	97.314651	10.333834	1.224283	0.000000	57222.066406	17447.531250	83143.156250
2005	11	0.000000	-5.014660	100.394211	103.824158	-0.000040	-0.000039	95.379555	1.446134	6.933593	0.000000	57222.671875	17445.960938	83139.437500
2005	11	0.000000	-4.611517	94.853027	98.283165	-0.000038	-0.000037	90.241508	8.332802	2.171598	0.000000	57223.214844	17444.402344	83135.843750
2005	11	0.000000	-5.112180	91.559662	94.990021	-0.000037	-0.000035	86.447487	-5.487020	10.823771	0.000000	57223.687500	17442.849609	83132.421875
2005	11	0.000000	-5.281541	94.976242	98.406784	-0.000038	-0.000037	89.694702	-18.886433	12.328155	0.000000	57224.121094	17441.296875	83129.015625
2005	11	0.000000	-4.764714	93.297417	96.728157	-0.000037	-0.000036	88.532700	-2.585375	8.569201	0.000000	57224.542969	17439.755859	83125.546875
2005	11	0.000000	-5.247598	93.197235	96.628166	-0.000037	-0.000036	87.949638	-16.256021	5.779490	0.000000	57224.925781	17438.220703	83122.156250
2005	11	0.000000	-4.947007	95.222984	98.654106	-0.000038	-0.000037	90.275978	-1.171549	10.158019	0.000000	57225.296875	17436.689453	83118.710938
2005	11	0.000000	-4.524943	89.811287	93.242592	-0.000036	-0.000035	85.286339	-2.269004	7.097990	0.000000	57225.644531	17435.173828	83115.312500
2005	11	0.000000	-5.480127	88.174911	91.606407	-0.000035	-0.000034	82.694786	-17.039101	-2.165771	0.000000	57225.929688	17433.658203	83112.109375
2005	11	0.000000	-5.614019	99.812706	103.244377	-0.000040	-0.000039	94.198685	-25.270815	3.119402	0.000000	57226.222656	17432.132812	83108.679688
2005	11	0.000000	-4.828466	89.712112	93.143967	-0.000036	-0.000035	84.883652	-1.910125	4.877637	0.000000	57226.507812	17430.626953	83105.210938
2005	11	0.000000	-4.058794	78.792671	82.224709	-0.000032	-0.000030	74.733879	14.102569	4.258153	0.000000	57226.707031	17429.132812	83102.140625
2005	11	0.000000	-3.943792	64.274742	67.706955	-0.000026	-0.000025	60.330948	24.155706	6.680470	0.000000	57226.839844	17427.656250	83099.460938
2005	11	0.000000	-3.343078	41.064926	44.497326	-0.000017	-0.000016	37.721851	53.267273	17.221928	0.000000	57226.875000	17426.185547	83097.406250
2005	11	0.000000	-2.908880	21.605879	25.038460	-0.000010	-0.000008	18.696999	56.493435	8.485094	0.000000	57226.824219	17424.736328	83096.148438
2005	11	0.000000	-4.138480	17.775696	21.208456	-0.000008	-0.000007	13.637216	3.683240	1.187287	0.000000	57226.777344	17423.283203	83095.250000
2005	11	0.000000	-5.390709	23.530203	26.963129	-0.000010	-0.000009	18.139492	-48.162834	10.052918	0.000000	57226.750000	17421.812500	83094.359375
2005	11	0.000000	-5.229791	31.369030	34.802120	-0.000013	-0.000012	26.139238	-37.307594	0.404681	0.000000	57226.777344	17420.339844	83093.187500
2005	11	0.000000	-5.887205	58.118771	61.552025	-0.000024	-0.000022	52.231567	-66.801613	1.883531	0.000000	57226.871094	17418.859375	83091.484375
2005	11	0.000000	-4.524743	53.073128	56.506535	-0.000022	-0.000020	48.548386	-8.754863	9.186324	0.000000	57227.062500	17417.400391	83089.296875
2005	11	0.000000	-5.303039	50.848408	54.281979	-0.000021	-0.000020	45.545368	-44.820976	-0.973871	0.000000	57227.179688	17415.943359	83087.445312
2005	11	0.000000	-4.703109	60.840652	64.274376	-0.000025	-0.000023	56.137543	14.629889	14.489666	0.000000	57227.343750	17414.484375	83085.210938
2005	11	0.000000	-4.218657	28.157925	31.591816	-0.000012	-0.000011	23.939268	26.141356	9.939416	0.000000	57227.421875	17413.048828	83083.585938
2005	11	0.000000	-3.974055	24.429426	27.863476	-0.000011	-0.000009	20.455370	22.988302	5.007270	0.000000	57227.398438	17411.615234	83082.492188
2005	11	0.000000	-4.419112	22.785488	26.219696	-0.000010	-0.000009	18.366375	-0.712000	1.362491	0.000000	57227.382812	17410.187500	83081.492188
2005	11	0.000000	-3.745078	20.051285	23.485655	-0.000009	-0.000008	16.306208	17.913586	3.077518	0.000000	57227.367188	17408.763672	83080.539062
2005	11	0.000000	-3.309455	14.183030	17.617559	-0.000007	-0.000005	10.873575	20.764900	0.495712	0.000000	57227.339844	17407.353516	83079.742188
2005	11	0.000000	-3.225045	11.578489	15.013178	-0.000006	-0.000004	8.353444	21.556480	-0.914824	0.000000	57227.300781	17405.951172	83079.093750
2005	12	0.000000	-2.887575	9.254529	12.803872	-0.000005	-0.000003	6.366954	43.721230	-2.466009	0.000000	57227.265625	17404.556641	83078.515625
2005	12	0.000000	-2.547625	6.662653	10.212164	-0.000004	-0.000002	4.115028	45.929462	-3.550796	0.000000	57227.238281	17403.171875	83078.031250
2005	12	0.000000	-2.463312	5.410401	8.960078	-0.000003	-0.000002	2.947089	40.826359	-1.852452	0.000000	57227.214844	17401.796875	83077.609375
2005	12	0.000000	-2.642113	5.114670	8.664511	-0.000003	-0.000002	2.472558	41.625076	-3.250286	0.000000	57227.195312	17400.421875	83077.210938
2005	12	0.000000	-2.743660	4.926999	8.477001	-0.000003	-0.000002	2.183338	32.834095	-2.463255	0.000000	57227.179688	17399.050781	83076.828125
2005	12	0.000000	-2.473070	4.416493	7.966655	-0.000003	-0.000002	1.943423	44.047935	-3.182025	0.000000	57227.164062	17397.683594	83076.453125
2005	12	0.000000	-2.568071	4.158851	7.709173	-0.000003	-0.000002	1.590780	39.075966	-3.619226	0.000000	57227.152344	17396.322266	83076.101562
2005	12	0.000000	-2.387594	3.717525	7.268006	-0.000003	-0.000001	1.329931	30.437832	-4.138161	0.000000	57227.140625	17394.964844	83075.757812
2005	12	0.000000	-3.420852	4.524226	8.074861	-0.000003	-0.000002	1.103374	8.143094	-8.204517	0.000000	57227.128906	17393.605469	83075.421875
2005	12	0.000000	-4.734848	5.747711	9.298491	-0.000003	-0.000002	1.012863	-35.301250	4.718478	0.000000	57227.121094	17392.228516	83075.070312
2005	12	0.000000	-4.725569	5.742560	9.293478	-0.000003	-0.000002	1.016991	-35.087646	-2.032366	0.000000	57227.109375	17390.839844	83074.710938
2005	12	0.000000	-4.840127	5.874828	9.425885	-0.000004	-0.000002	1.034701	-34.372425	1.324521	0.000000	57227.101562	17389.455078	83074.359375
2005	12	0.000000	-4.074402	5.123925	8.675123	-0.000003	-0.000002	1.049523	-7.630807	-0.400391	0.000000	57227.089844	17388.080078	83074.007812
2005	12	0.000000	-3.797700	4.856964	8.408303	-0.000003	-0.000002	1.059264	-11.299263	-5.003939	0.000000	57227.082031	17386.710938	83073.671875
2005	12	0.000000	-3.435989	4.501459	8.052941	-0.000003	-0.000002	1.065470	-4.480111	-6.273248	0.000000	57227.074219	17385.349609	83073.335938
2005	12	0.000000	-2.995742	4.061652	7.613280	-0.000003	-0.000002	1.065910	9.094931	-3.434721	0.000000	57227.062500	17384.000000	83073.015625
2005	12	0.000000	-2.745191	3.804586	7.356359	-0.000003	-0.000001	1.059395	26.028246	-6.691921	0.000000	57227.054688	17382.658203	83072.695312
2005	12	0.000000	-2.463451	3.504703	7.056623	-0.000003	-0.000001	1.041252	4.355983	-3.552814	0.000000	57227.046875	17381.322266	83072.390625
2005	12	0.000000	-2.987851	3.999413	7.551478	-0.000003	-0.000001	1.011562	-6.336999	-3.568912	0.000000	57227.035156	17379.988281	83072.085938
2005	12	0.000000	-3.373463	4.359860	7.912065	-0.000003	-0.000002	0.986397	-11.281014	-7.703092	0.000000	57227.027344	17378.646484	83071.773438
2005	12	0.000000	-2.854881	3.827615	7.379960	-0.000003	-0.000001	0.972734	0.493329	-3.228982	0.000000	57227.019531	17377.308594	83071.460938
2005	12	0.000000	-3.629610	4.594690	8.147175	-0.000003	-0.000002	0.965080	-11.004369	-0.654698	0.000000	57227.011719	17375.976562	83071.156250
2005	12	0.000000	-3.999456	4.964923	8.517539	-0.000003	-0.000002	0.965467	-18.780893	-5.076040	0.000000	57227.000000	17374.625000	83070.835938
2005	12	0.000000	-3.923529	4.895430	8.448179	-0.000003	-0.000002	0.971901	-7.682247	-1.902641	0.000000	57226.992188	17373.283203	83070.523438
2005	12	0.000000	-3.880821	4.858058	8.410938	-0.000003	-0.000002	0.977238	-17.835497	-8.754357	0.000000	57226.984375	17371.937500	83070.210938
2005	12	0.000000	-4.601874	5.583636	9.136646	-0.000003	-0.000002	0.981762	-13.831623	0.928383	0.000000	57226.976562	17370.591797	83069.890625
2005	12	0.000000	-4.524601	5.513843	9.066978	-0.000003	-0.000002	0.989242	-13.496190	-6.658556	0.000000	57226.968750	17369.238281	83069.570312
2005	12	0.000000	-3.962017	4.957976	8.511240	-0.000003	-0.000002	0.995960	-12.450817	-3.641620	0.000000	57226.957031	17367.896484	83069.250000
2005	12	0.000000	-4.009891	5.009646	8.563037	-0.000003	-0.000002	0.999755	-14.485376	-6.534636	0.000000	57226.949219	17366.552734	83068.937500
2005	12	0.000000	-3.696677	4.699847	8.253367	-0.000003	-0.000002	1.003169	-8.538166	-2.139233	0.000000	57226.941406	17365.220703	83068.632812
2005	12	0.000000	-4.252532	5.257589	8.811236	-0.000003	-0.000002	1.005057	-9.290738	-3.918525	0.000000	57226.933594	17363.880859	83068.320312
2006	01	0.000000	-4.243403	5.252253	8.806030	-0.000003	-0.000002	1.008850	-15.175907	-6.980729	0.000000	57226.925781	17362.539062	83068.007812
2006	01	0.000000	-3.916091	4.928721	8.482631	-0.000003	-0.000002	1.012630	0.063750	-1.294677	0.000000	57226.914062	17361.216797	83067.695312
2006	01	0.000000	-3.730416	4.745384	8.299212	-0.000003	-0.000002	1.014968	-8.617149	-6.263833	0.000000	57226.906250	17359.908203	83067.390625
2006	01	0.000000	-3.474642	4.491722	8.045468	-0.000003	-0.000002	1.017080	-1.410886	-0.292503	0.000000	57226.898438	17358.607422	83067.093750
2006	01	0.000000	-3.669233	4.687815	8.241478	-0.000003	-0.000002	1.018582	-7.849099	-5.389899	0.000000	57226.890625	17357.302734	83066.796875
2006	01	0.000000	-3.105926	4.125629	7.679212	-0.000003	-0.000002	1.019704	-4.958099	-2.830988	0.000000	57226.878906	17356.007812	83066.500000
2006	01	0.000000	-4.356557	5.375975	8.929473	-0.000003	-0.000002	1.019418	-18.550640	-3.956639	0.000000	57226.871094	17354.705078	83066.203125
2006	01	0.000000	-3.342292	4.363684	7.917098	-0.000003	-0.000002	1.021393	-0.823153	-2.442611	0.000000	57226.863281	17353.402344	83065.906250
2006	01	0.000000	-3.513974	4.536493	8.089824	-0.000003	-0.000002	1.022519	1.968266	1.249656	0.000000	57226.855469	17352.109375	83065.617188
2006	01	0.000000	-3.633962	4.656904	8.210151	-0.000003	-0.000002	1.022942	-10.001259	-4.696103	0.000000	57226.847656	17350.812500	83065.320312
2006	01	0.000000	-3.554028	4.577760	8.130922	-0.000003	-0.000002	1.023732	-9.313163	-2.698700	0.000000	57226.835938	17349.515625	83065.023438
2006	01	0.000000	-3.675324	4.699580	8.252657	-0.000003	-0.000002	1.024257	-0.963476	-0.803877	0.000000	57226.828125	17348.222656	83064.734375
2006	01	0.000000	-3.706025	4.730715	8.283707	-0.000003	-0.000002	1.024690	-0.822188	-0.883939	0.000000	57226.820312	17346.927734	83064.445312
2006	01	0.000000	-3.107576	4.132733	7.685640	-0.000003	-0.000002	1.025157	1.948297	-5.291656	0.000000	57226.812500	17345.638672	83064.156250
2006	01	0.000000	-3.708203	4.731983	8.284805	-0.000003	-0.000002	1.023780	1.414260	-2.764898	0.000000	57226.800781	17344.349609	83063.867188
2006	01	0.000000	-3.477795	4.501281	8.054016	-0.000003	-0.000002	1.023486	10.735635	-1.497689	0.000000	57226.792969	17343.058594	83063.578125
2006	01	0.000000	-3.087379	4.111717	7.664368	-0.000003	-0.000002	1.024338	8.951693	-2.922368	0.000000	57226.785156	17341.775391	83063.296875
2006	01	0.000000	-2.483022	3.507727	7.060296	-0.000003	-0.000001	1.024705	16.236893	-5.925800	0.000000	57226.777344	17340.500000	83063.023438
2006	01	0.000000	-3.424098	4.447725	8.000211	-0.000003	-0.000002	1.023626	7.623013	0.368946	0.000000	57226.769531	17339.224609	83062.750000
2006	01	0.000000	-2.992014	4.015471	7.567870	-0.000003	-0.000001	1.023458	18.478939	-4.632394	0.000000	57226.757812	17337.939453	83062.468750
2006	01	0.000000	-2.481610	3.505301	7.057617	-0.000003	-0.000001	1.023691	22.803877	-0.211536	0.000000	57226.750000	17336.673828	83062.203125
2006	01	0.000000	-2.974945	3.997462	7.549695	-0.000003	-0.000001	1.022517	9.880571	-0.098755	0.000000	57226.742188	17335.404297	83061.937500
2006	01	0.000000	-3.298928	4.320426	7.872572	-0.000003	-0.000002	1.021498	-2.930260	-1.925837	0.000000	57226.734375	17334.126953	83061.664062
2006	01	0.000000	-3.895750	4.917492	8.469549	-0.000003	-0.000002	1.021743	-1.787185	3.447622	0.000000	57226.726562	17332.843750	83061.382812
2006	01	0.000000	-2.741303	3.764396	7.316364	-0.000003	-0.000001	1.023093	8.057809	-8.178592	0.000000	57226.714844	17331.564453	83061.101562
2006	01	0.000000	-3.479209	4.502911	8.054793	-0.000003	-0.000002	1.023702	-0.654953	1.766887	0.000000	57226.707031	17330.296875	83060.835938
2006	01	0.000000	-3.707037	4.730447	8.282239	-0.000003	-0.000002	1.023410	-8.774840	-1.863283	0.000000	57226.699219	17329.015625	83060.554688
2006	01	0.000000	-3.079983	4.104403	7.656106	-0.000003	-0.000002	1.024420	21.574318	-4.463734	0.000000	57226.691406	17327.734375	83060.281250
2006	01	0.000000	-2.694801	3.719461	7.271078	-0.000003	-0.000001	1.024660	10.338266	1.549103	0.000000	57226.683594	17326.472656	83060.015625
2006	01	0.000000	-3.485108	4.507430	8.058958	-0.000003	-0.000002	1.022322	4.325620	0.360360	0.000000	57226.671875	17325.201172	83059.750000
2006	01	0.000000	-3.565552	4.586928	8.138365	-0.000003	-0.000002	1.021376	3.008653	-0.842573	0.000000	57226.664062	17323.923828	83059.468750
2006	02	0.000000	-3.135088	4.058322	7.265990	-0.000003	-0.000002	0.923235	13.080585	-1.226363	0.000000	57226.656250	17322.648438	83059.195312
2006	02	0.000000	-2.149379	3.073515	6.281104	-0.000003	-0.000001	0.924136	7.385397	-3.506059	0.000000	57226.648438	17321.386719	83058.937500
2006	02	0.000000	-2.524855	3.448012	6.655523	-0.000003	-0.000001	0.923157	3.528632	-1.023434	0.000000	57226.640625	17320.126953	83058.679688
2006	02	0.000000	-2.537124	3.458389	6.665821	-0.000003	-0.000001	0.921265	-2.414879	-2.691214	0.000000	57226.632812	17318.865234	83058.414062
2006	02	0.000000	-2.777160	3.696303	6.903656	-0.000003	-0.000002	0.919142	-8.126937	-4.027377	0.000000	57226.621094	17317.603516	83058.156250
2006	02	0.000000	-3.958856	4.876299	8.083567	-0.000003	-0.000002	0.917444	-14.921996	-6.057370	0.000000	57226.613281	17316.326172	83057.875000
2006	02	0.000000	-3.202770	4.121145	7.328327	-0.000003	-0.000002	0.918374	-6.039115	-5.663393	0.000000	57226.605469	17315.044922	83057.601562
2006	02	0.000000	-2.275656	3.195986	6.403087	-0.000003	-0.000001	0.920329	3.848989	-3.900206	0.000000	57226.597656	17313.783203	83057.335938
2006	02	0.000000	-2.771063	3.691572	6.898595	-0.000003	-0.000002	0.920510	-3.907713	1.302385	0.000000	57226.589844	17312.527344	83057.085938
2006	02	0.000000	-3.496984	4.416013	7.622951	-0.000003	-0.000002	0.919030	-11.938340	-6.197902	0.000000	57226.582031	17311.253906	83056.812500
2006	02	0.000000	-2.815018	3.734262	6.941116	-0.000003	-0.000002	0.919244	-10.646106	-8.129926	0.000000	57226.574219	17309.984375	83056.539062
2006	02	0.000000	-3.071966	3.991750	7.198521	-0.000003	-0.000002	0.919783	-3.958624	-3.711003	0.000000	57226.562500	17308.722656	83056.281250
2006	02	0.000000	-2.919355	3.839213	7.045902	-0.000003	-0.000002	0.919858	-0.159603	-4.011585	0.000000	57226.554688	17307.458984	83056.015625
2006	02	0.000000	-3.734830	4.655683	7.862285	-0.000003	-0.000002	0.920853	-12.170239	-2.714137	0.000000	57226.546875	17306.183594	83055.742188
2006	02	0.000000	-2.651105	3.575073	6.781590	-0.000003	-0.000001	0.923968	17.807737	-7.622397	0.000000	57226.539062	17304.910156	83055.468750
2006	02	0.000000	-1.753663	2.678538	5.884977	-0.000002	-0.000001	0.924875	20.002275	-0.068261	0.000000	57226.531250	17303.666016	83055.218750
2006	02	0.000000	-1.879153	2.800421	6.006783	-0.000002	-0.000001	0.921268	24.584637	0.987155	0.000000	57226.523438	17302.423828	83054.976562
2006	02	0.000000	-1.948000	2.863412	6.069696	-0.000003	-0.000001	0.915412	21.103481	2.072190	0.000000	57226.515625	17301.181641	83054.734375
2006	02	0.000000	-2.025403	2.934906	6.141111	-0.000003	-0.000001	0.909503	13.380709	-0.536257	0.000000	57226.507812	17299.937500	83054.492188
2006	02	0.000000	-2.463441	3.367573	6.573697	-0.000003	-0.000001	0.904132	8.150796	1.894959	0.000000	57226.496094	17298.691406	83054.250000
2006	02	0.000000	-2.224961	3.124779	6.330822	-0.000003	-0.000001	0.899818	19.226023	3.345142	0.000000	57226.488281	17297.443359	83054.000000
2006	02	0.000000	-2.869859	3.766210	6.972169	-0.000003	-0.000002	0.896350	7.634461	1.188401	0.000000	57226.480469	17296.191406	83053.750000
2006	02	0.000000	-2.257386	3.151594	6.357471	-0.000003	-0.000001	0.894208	20.567938	2.614523	0.000000	57226.472656	17294.941406	83053.500000
2006	02	0.000000	-2.388175	3.280429	6.486225	-0.000003	-0.000001	0.892254	19.539003	5.058875	0.000000	57226.464844	17293.695312	83053.250000
2006	02	0.000000	-2.045318	2.935004	6.140718	-0.000003	-0.000001	0.889686	25.661499	2.472477	0.000000	57226.457031	17292.451172	83053.007812
2006	02	0.000000	-2.222990	3.109333	6.314966	-0.000003	-0.000001	0.886343	14.302485	4.370659	0.000000	57226.449219	17291.210938	83052.765625
2006	02	0.000000	-1.835227	2.717602	5.923154	-0.000002	-0.000001	0.882375	32.310776	1.694591	0.000000	57226.441406	17289.972656	83052.531250
2006	02	0.000000	-2.367473	3.245525	6.450996	-0.000003	-0.000001	0.878052	20.242504	3.017753	0.000000	57226.433594	17288.732422	83052.289062
2006	03	0.000000	-3.449794	4.417877	7.966697	-0.000003	-0.000002	0.968083	12.165876	3.782711	0.000000	57226.425781	17287.480469	83052.039062
2006	03	0.000000	-2.932169	3.898820	7.447545	-0.000003	-0.000001	0.966650	15.235145	5.280056	0.000000	57226.417969	17286.228516	83051.789062
2006	03	0.000000	-2.939659	3.906586	7.455216	-0.000003	-0.000001	0.966926	21.303295	4.746251	0.000000	57226.410156	17284.978516	83051.539062
2006	03	0.000000	-2.463050	3.430417	6.978955	-0.000003	-0.000001	0.967368	24.398298	5.229575	0.000000	57226.402344	17283.736328	83051.296875
2006	03	0.000000	-3.069134	4.035998	7.584444	-0.000003	-0.000002	0.966864	12.905466	6.951395	0.000000	57226.394531	17282.490234	83051.054688
2006	03	0.000000	-3.353120	4.319316	7.867664	-0.000003	-0.000002	0.966197	13.003236	5.813067	0.000000	57226.386719	17281.236328	83050.796875
2006	03	0.000000	-3.077573	4.044013	7.592265	-0.000003	-0.000002	0.966440	9.452296	4.377190	0.000000	57226.382812	17279.986328	83050.546875
2006	03	0.000000	-4.173910	5.141589	8.689744	-0.000003	-0.000002	0.967679	-5.833690	-3.380409	0.000000	57226.375000	17278.726562	83050.289062
2006	03	0.000000	-3.412483	4.383577	7.931633	-0.000003	-0.000002	0.971094	15.609735	-3.163635	0.000000	57226.367188	17277.464844	83050.023438
2006	03	0.000000	-4.100779	5.077487	8.625443	-0.000003	-0.000002	0.976709	-4.739484	0.083610	0.000000	57226.359375	17276.201172	83049.757812
2006	03	0.000000	-4.130748	5.113562	8.661417	-0.000003	-0.000002	0.982814	6.685820	8.209908	0.000000	57226.351562	17274.931641	83049.492188
2006	03	0.000000	-3.254683	4.243056	7.790813	-0.000003	-0.000002	0.988372	19.155579	3.954889	0.000000	57226.343750	17273.669922	83049.226562
2006	03	0.000000	-2.897911	3.890906	7.438570	-0.000003	-0.000001	0.992996	23.572880	7.192660	0.000000	57226.335938	17272.421875	83048.976562
2006	03	0.000000	-2.846856	3.843673	7.391243	-0.000003	-0.000001	0.996818	22.508850	10.582390	0.000000	57226.328125	17271.177734	83048.734375
2006	03	0.000000	-3.195208	4.193882	7.741356	-0.000003	-0.000002	0.998675	22.937553	12.002674	0.000000	57226.320312	17269.927734	83048.484375
2006	03	0.000000	-3.430709	4.429697	7.977075	-0.000003	-0.000002	0.998988	10.914862	8.838157	0.000000	57226.312500	17268.673828	83048.226562
2006	03	0.000000	-3.402173	4.401212	7.948493	-0.000003	-0.000002	0.999039	21.549257	8.422050	0.000000	57226.304688	17267.416016	83047.968750
2006	03	0.000000	-3.088399	4.087723	7.634907	-0.000003	-0.000002	0.999324	17.471361	8.937092	0.000000	57226.296875	17266.164062	83047.710938
2006	03	0.000000	-3.236032	4.235484	7.782572	-0.000003	-0.000002	0.999452	24.734621	8.516549	0.000000	57226.289062	17264.914062	83047.460938
2006	03	0.000000	-3.051929	4.051297	7.598289	-0.000003	-0.000002	0.999368	27.461023	12.345366	0.000000	57226.281250	17263.664062	83047.210938
2006	03	0.000000	-3.144938	4.144087	7.690983	-0.000003	-0.000002	0.999149	23.268427	11.461490	0.000000	57226.273438	17262.414062	83046.953125
2006	03	0.000000	-3.204121	4.202977	7.749778	-0.000003	-0.000002	0.998856	23.201408	14.291520	0.000000	57226.265625	17261.164062	83046.703125
2006	03	0.000000	-3.570739	4.569574	8.116278	-0.000003	-0.000002	0.998835	19.157465	12.163260	0.000000	57226.257812	17259.910156	83046.445312
2006	03	0.000000	-3.796940	4.796970	8.343575	-0.000003	-0.000002	1.000030	1.911774	-0.214739	0.000000	57226.250000	17258.652344	83046.187500
2006	03	0.000000	-3.565116	4.567881	8.114387	-0.000003	-0.000002	1.002765	16.626280	9.923341	0.000000	57226.242188	17257.390625	83045.921875
2006	03	0.000000	-3.729530	4.736373	8.282781	-0.000003	-0.000002	1.006843	1.186474	0.208956	0.000000	57226.238281	17256.134766	83045.664062
2006	03	0.000000	-4.071093	5.082081	8.628388	-0.000003	-0.000002	1.010988	-2.340851	2.415366	0.000000	57226.230469	17254.869141	83045.398438
2006	03	0.000000	-4.017935	5.032725	8.578932	-0.000003	-0.000002	1.014791	4.881361	1.787639	0.000000	57226.222656	17253.603516	83045.125000
2006	03	0.000000	-4.047420	5.065248	8.611354	-0.000003	-0.000002	1.017828	3.071308	0.926729	0.000000	57226.214844	17252.337891	83044.859375
2006	03	0.000000	-3.542159	4.559855	8.105863	-0.000003	-0.000002	1.017697	25.048723	5.938911	0.000000	57226.207031	17251.078125	83044.593750
2006	03	0.000000	-3.829073	4.840408	8.386316	-0.000003	-0.000002	1.011334	14.005233	8.674080	0.000000	57226.199219	17249.816406	83044.328125
2006	04	0.000000	-3.863135	4.835810	8.267237	-0.000003	-0.000002	0.972675	8.493045	4.601412	0.000000	57226.191406	17248.552734	83044.062500
2006	04	0.000000	-4.306157	5.276255	8.707583	-0.000003	-0.000002	0.970098	-0.650995	2.127193	0.000000	57226.183594	17247.281250	83043.789062
2006	04	0.000000	-4.265643	6.031119	9.462349	-0.000004	-0.000002	1.765476	5.594225	6.108194	0.000000	57226.175781	17246.007812	83043.507812
2006	04	0.000000	-4.383553	23.614513	27.045645	-0.000010	-0.000009	19.230961	-2.330002	2.226057	0.000000	57226.449219	17244.732422	83043.000000
2006	04	0.000000	-4.762823	16.812963	20.243994	-0.000008	-0.000006	12.050140	-0.381804	1.470847	0.000000	57227.125000	17243.453125	83042.070312
2006	04	0.000000	-4.539960	30.656471	34.087402	-0.000013	-0.000012	26.116508	17.448872	17.000978	0.000000	57227.425781	17242.169922	83041.296875
2006	04	0.000000	-4.373778	32.533772	35.964603	-0.000014	-0.000013	28.159996	32.003365	22.229443	0.000000	57228.167969	17240.892578	83040.007812
2006	04	0.000000	-4.476223	34.885616	38.316345	-0.000015	-0.000013	30.409389	18.245047	15.851940	0.000000	57228.523438	17239.613281	83038.859375
2006	04	0.000000	-4.968395	51.265831	54.696468	-0.000021	-0.000020	46.297440	-9.912828	6.866463	0.000000	57229.015625	17238.330078	83037.320312
2006	04	0.000000	-4.991712	64.103561	67.534088	-0.000026	-0.000025	59.111847	-11.461596	-1.400164	0.000000	57229.433594	17237.039062	83035.289062
2006	04	0.000000	-5.546608	72.490112	75.920540	-0.000029	-0.000028	66.943504	12.504688	7.791867	0.000000	57229.890625	17235.746094	83033.046875
2006	04	0.000000	-5.427704	112.649879	116.080193	-0.000045	-0.000043	107.222168	38.182961	14.542714	0.000000	57230.718750	17234.447266	83029.656250
2006	04	0.000000	-5.645589	95.081459	98.511681	-0.000038	-0.000037	89.435867	37.459362	23.323418	0.000000	57231.464844	17233.146484	83026.234375
2006	04	0.000000	-5.780889	107.192894	110.623001	-0.000043	-0.000041	101.412010	41.071419	30.231991	0.000000	57232.140625	17231.835938	83022.773438
2006	04	0.000000	-5.659444	100.577354	104.007370	-0.000040	-0.000039	94.917908	39.863564	31.659691	0.000000	57232.816406	17230.533203	83019.179688
2006	04	0.000000	-6.014224	120.913750	124.343651	-0.000048	-0.000047	114.899529	44.449158	36.792622	0.000000	57233.425781	17229.222656	83015.515625
2006	04	0.000000	-5.508708	138.979477	142.409271	-0.000055	-0.000054	133.470764	47.772591	27.223406	0.000000	57234.226562	17227.916016	83011.078125
2006	04	0.000000	-5.215548	138.512863	141.942551	-0.000055	-0.000053	133.297302	13.173047	14.834201	0.000000	57235.113281	17226.607422	83006.187500
2006	04	0.000000	-5.117069	134.981506	138.411102	-0.000053	-0.000052	129.864441	59.807545	21.127846	0.000000	57235.832031	17225.310547	83001.664062
2006	04	0.000000	-5.020091	143.748978	147.178482	-0.000057	-0.000055	138.728882	82.521095	28.006634	0.000000	57236.496094	17224.013672	82996.898438
2006	04	0.000000	-5.525640	148.065277	151.494675	-0.000058	-0.000057	142.539627	74.943283	32.765949	0.000000	57237.089844	17222.712891	82991.953125
2006	04	0.000000	-6.066756	149.529190	152.958496	-0.000059	-0.000058	143.462433	53.864025	44.557327	0.000000	57237.625000	17221.400391	82986.882812
2006	04	0.000000	-6.401400	151.757462	155.186661	-0.000060	-0.000059	145.356064	47.435936	38.537579	0.000000	57238.105469	17220.076172	82981.734375
2006	04	0.000000	-5.468316	139.943344	143.372437	-0.000055	-0.000054	134.475037	81.232277	39.388870	0.000000	57238.515625	17218.755859	82976.757812
2006	04	0.000000	-5.769115	132.880219	136.309204	-0.000053	-0.000051	127.111099	69.751099	45.586647	0.000000	57238.824219	17217.453125	82972.250000
2006	04	0.000000	-6.711354	145.164246	148.593124	-0.000057	-0.000056	138.452881	38.178513	60.175049	0.000000	57239.121094	17216.126953	82967.476562
2006	04	0.000000	-5.868732	136.239288	139.668076	-0.000054	-0.000053	130.370560	26.905022	23.236382	0.000000	57239.386719	17214.794922	82962.593750
2006	04	0.000000	-6.290871	142.457047	145.885727	-0.000056	-0.000055	136.166183	50.836391	27.678144	0.000000	57239.574219	17213.474609	82957.945312
2006	04	0.000000	-6.412562	147.647568	151.076141	-0.000058	-0.000057	141.235016	62.464268	45.624275	0.000000	57239.753906	17212.150391	82953.054688
2006	04	0.000000	-6.901184	151.570541	154.999008	-0.000060	-0.000058	144.669357	48.314548	64.204071	0.000000	57239.921875	17210.814453	82947.953125
2006	05	0.000000	-7.150452	158.011383	161.554016	-0.000060	-0.000059	150.860931	49.164608	45.914703	0.000000	57240.062500	17209.472656	82942.781250
2006	05	0.000000	-5.932191	146.418289	149.960815	-0.000056	-0.000055	140.486099	79.095505	39.136444	0.000000	57240.167969	17208.140625	82937.734375
2006	05	0.000000	-5.327239	135.616592	139.159027	-0.000052	-0.000051	130.289352	57.988403	38.781940	0.000000	57240.226562	17206.822266	82933.007812
2006	05	0.000000	-4.514549	113.242363	116.784691	-0.000044	-0.000042	108.727814	100.291245	81.376541	0.000000	57240.218750	17205.523438	82928.953125
2006	05	0.000000	-4.717848	114.601074	118.143311	-0.000044	-0.000043	109.883232	113.883621	35.968319	0.000000	57240.191406	17204.228516	82925.226562
2006	05	0.000000	-6.201845	134.708771	138.250900	-0.000052	-0.000050	128.506927	55.456085	40.300739	0.000000	57240.191406	17202.917969	82921.117188
2006	05	4.861427	-3.318140	145.944031	144.624634	-0.000054	-0.000053	137.764465	26.897144	61.510670	13056.382812	57240.230469	17201.591797	82916.460938
2006	05	32.144814	17.209793	155.554016	126.951134	-0.000047	-0.000046	140.618988	50.587322	57.436852	86331.648438	57240.257812	17200.531250	82911.929688
2006	05	66.891411	44.717491	162.164551	98.814995	-0.000037	-0.000036	139.990646	38.029686	56.381287	179650.937500	57240.265625	17200.244141	82908.125000
2006	05	51.288715	32.531593	151.974869	104.227913	-0.000039	-0.000038	133.217743	14.174028	41.355881	137746.609375	57240.238281	17200.435547	82904.820312
2006	05	89.188400	61.880367	154.075333	68.428589	-0.000026	-0.000024	126.767303	47.203178	37.445412	239534.171875	57240.175781	17200.556641	82901.875000
2006	05	145.598099	105.890312	167.546600	25.490059	-0.000010	-0.000008	127.838806	90.599144	65.115540	391034.281250	57240.117188	17201.945312	82900.218750
2006	05	165.569977	120.031487	173.827377	11.798843	-0.000004	-0.000003	128.288879	58.793606	84.385223	444672.968750	57240.070312	17204.478516	82899.601562
2006	05	173.424149	124.475975	175.597427	5.714617	-0.000002	-0.000001	126.649246	63.637302	89.640167	465767.000000	57240.011719	17207.355469	82899.398438
2006	05	197.519485	143.372696	178.194412	-15.783838	0.000006	0.000007	124.047615	82.347977	76.541580	530480.062500	57239.949219	17210.507812	82899.562500
2006	05	216.024765	156.920303	182.940552	-29.543066	0.000011	0.000012	123.836098	78.933060	73.766525	580179.875000	57239.882812	17214.214844	82900.296875
2006	05	219.075607	154.923203	191.326859	-24.207737	0.000009	0.000010	127.174446	47.729141	93.881302	588373.562500	57239.816406	17218.306641	82901.359375
2006	05	231.188919	162.303543	198.473953	-29.174068	0.000011	0.000012	129.588577	50.438946	86.591888	620906.375000	57239.742188	17222.392578	82902.328125
2006	05	240.529709	167.968552	202.200760	-34.788185	0.000013	0.000014	129.639618	14.781646	93.603973	645993.062500	57239.664062	17226.695312	82903.445312
2006	05	266.108246	190.765900	198.893036	-63.674568	0.000024	0.000025	123.550690	50.016903	83.268929	714689.625000	57239.570312	17231.369141	82905.085938
2006	05	219.848480	155.435120	179.797485	-36.510513	0.000014	0.000015	115.384102	60.040749	72.197678	590449.312500	57239.468750	17236.158203	82906.992188
2006	05	121.241386	77.887276	159.286087	41.585083	-0.000016	-0.000014	115.931969	-29.245367	69.462997	325619.218750	57239.343750	17239.089844	82907.312500
2006	05	311.192139	224.903381	218.054810	-89.597069	0.000033	0.000035	131.766052	32.015179	83.187180	835771.937500	57239.207031	17242.152344	82907.414062
2006	05	322.247192	230.364807	230.114120	-88.592957	0.000033	0.000034	138.231735	-5.871583	77.807434	865462.625000	57239.093750	17248.763672	82910.632812
2006	05	229.700104	156.514496	222.737762	-3.422360	0.000001	0.000003	149.552155	-37.380760	79.534630	616907.875000	57238.957031	17254.308594	82912.554688
2006	05	248.877930	173.319504	223.553940	-21.784153	0.000008	0.000009	147.995514	47.129929	73.068260	668414.000000	57238.789062	17258.103516	82912.578125
2006	05	283.623718	203.873810	216.602036	-63.481968	0.000024	0.000025	136.852127	68.777420	66.515404	761731.062500	57238.605469	17263.597656	82914.500000
2006	05	308.951202	222.956375	218.632050	-86.779541	0.000032	0.000034	132.637222	80.478195	71.061676	829753.375000	57238.414062	17269.277344	82916.890625
2006	05	342.601318	250.197327	221.591385	-117.470383	0.000044	0.000045	129.187408	88.926834	84.857216	920127.750000	57238.222656	17275.837891	82920.273438
2006	05	243.133667	169.766113	206.975830	-32.618420	0.000012	0.000013	133.608292	22.691704	108.448540	652986.500000	57238.031250	17281.990234	82923.234375
2006	05	339.683197	245.472061	233.376846	-102.767052	0.000038	0.000040	139.165726	78.509575	88.915977	912290.625000	57237.816406	17287.169922	82925.007812
2006	06	330.537537	237.210190	227.608002	-99.504539	0.000038	0.000040	134.280624	56.736450	78.147690	917319.000000	57237.601562	17294.146484	82928.546875
2006	06	349.387970	249.579742	235.952972	-110.010109	0.000042	0.000044	136.144730	48.531261	101.303253	969633.312500	57237.382812	17301.179688	82932.117188
2006	06	331.823364	229.257004	244.163757	-84.234802	0.000032	0.000034	141.597412	33.265972	121.195610	920887.375000	57237.156250	17308.566406	82935.914062
2006	06	320.899536	219.518616	244.402985	-73.071907	0.000028	0.000030	143.022049	3.517420	102.744148	890571.312500	57236.929688	17315.070312	82938.656250
2006	06	303.161835	209.584274	227.358826	-72.378471	0.000028	0.000029	133.781281	10.870894	91.769203	841345.000000	57236.687500	17321.017578	82941.046875
2006	06	318.545074	218.659592	235.055786	-80.064888	0.000031	0.000032	135.170288	20.924603	106.245567	884037.062500	57236.433594	17327.392578	82943.984375
2006	06	333.395355	233.976379	230.207153	-99.763924	0.000038	0.000040	130.788162	49.000816	96.316628	925250.062500	57236.179688	17333.705078	82946.867188
2006	06	298.625031	209.021759	212.397064	-82.803787	0.000032	0.000033	122.793793	79.167686	77.153183	828754.312500	57235.921875	17340.130859	82950.117188
2006	06	258.120819	179.426987	193.186996	-61.509712	0.000024	0.000025	114.493164	43.265350	67.924248	716345.562500	57235.660156	17346.388672	82953.453125
2006	06	74.562965	28.921232	157.076859	85.937866	-0.000033	-0.000032	111.435120	-40.873161	57.559265	206929.671875	57235.402344	17348.726562	82953.062500
2006	06	192.854477	128.930283	174.713013	-14.717580	0.000006	0.000007	110.788841	14.119763	48.001434	535216.250000	57235.144531	17350.148438	82951.828125
2006	06	185.974594	122.531433	177.583206	-4.967615	0.000002	0.000003	114.140045	16.215124	57.302910	516123.000000	57234.886719	17352.890625	82951.867188
2006	06	324.097443	232.619461	209.731461	-110.942322	0.000043	0.000044	118.253464	60.555176	75.047913	899446.250000	57234.625000	17357.660156	82953.804688
2006	06	373.994324	270.783813	222.682938	-147.887772	0.000057	0.000058	119.472443	77.433357	97.393150	1037921.625000	57234.359375	17364.857422	82958.093750
2006	06	372.924072	268.221588	225.508652	-143.991898	0.000056	0.000057	120.806175	49.505768	89.767426	1034951.500000	57234.093750	17372.839844	82963.093750
2006	06	368.924713	261.985931	230.352463	-135.148834	0.000052	0.000053	123.413673	43.701138	103.035347	1023852.375000	57233.820312	17380.511719	82967.734375
2006	06	359.808289	255.081360	229.626907	-126.758041	0.000049	0.000050	124.900002	38.734932	83.525543	998552.062500	57233.546875	17388.142578	82972.273438
2006	06	345.664307	244.459488	231.651581	-110.589500	0.000043	0.000044	130.446762	36.431904	68.680786	959299.250000	57233.253906	17395.361328	82976.257812
2006	06	354.553284	251.884369	235.409027	-115.721138	0.000045	0.000046	132.740112	56.117805	62.419659	983968.312500	57232.941406	17402.685547	82980.218750
2006	06	338.628265	237.680359	231.141571	-104.063683	0.000040	0.000041	130.193665	25.833220	93.100632	939772.625000	57232.621094	17409.853516	82984.039062
2006	06	344.187408	244.146362	224.317184	-116.447281	0.000045	0.000046	124.276154	22.484861	83.544365	955200.500000	57232.296875	17417.058594	82988.054688
2006	06	293.951660	201.944748	218.712921	-71.815918	0.000028	0.000029	126.705994	-6.361905	99.016052	815784.625000	57231.972656	17423.150391	82991.023438
2006	06	369.703156	263.739990	234.116211	-132.164200	0.000051	0.000052	128.153030	55.474319	98.747368	1026012.687500	57231.636719	17429.898438	82994.562500
2006	06	321.151184	226.318604	225.548019	-92.180511	0.000036	0.000037	130.715439	40.270939	72.385956	891269.625000	57231.296875	17437.132812	82998.523438
2006	06	355.982300	252.400482	232.669937	-119.889793	0.000046	0.000048	129.088120	69.681419	98.273506	987934.187500	57230.941406	17443.935547	83002.031250
2006	06	340.241852	237.586823	229.771454	-107.047928	0.000041	0.000043	127.116417	60.132828	108.007233	944250.750000	57230.585938	17451.167969	83006.039062
2006	06	369.015686	262.024292	230.380966	-135.212311	0.000052	0.000053	123.389587	72.224297	109.386223	1024104.875000	57230.230469	17458.337891	83010.078125
2006	06	373.622681	264.539032	230.579544	-139.620804	0.000054	0.000055	121.495880	61.764606	117.676476	1036890.312500	57229.875000	17465.974609	83014.687500
2006	06	373.788452	261.726044	233.104401	-137.261810	0.000053	0.000054	121.042000	38.505272	132.876083	1037350.312500	57229.507812	17473.685547	83019.390625
2006	06	389.943604	274.816254	233.845047	-152.676453	0.000059	0.000060	118.717667	42.734055	120.613556	1082184.750000	57229.070312	17481.515625	83024.250000
2006	07	331.942383	228.473145	227.487885	-100.918365	0.000038	0.000039	124.018646	64.670837	98.871948	891501.000000	57228.585938	17488.753906	83028.546875
2006	07	367.318939	256.427826	228.528854	-135.254044	0.000050	0.000052	117.637756	39.187752	119.280724	986512.187500	57228.128906	17495.625000	83032.554688
2006	07	362.477264	252.145935	223.750946	-135.190430	0.000050	0.000052	113.419594	67.132866	120.854256	973508.937500	57227.660156	17502.650391	83036.906250
2006	07	365.194580	254.182175	222.176605	-139.482132	0.000052	0.000053	111.164192	41.720276	127.909378	980806.812500	57227.179688	17509.884766	83041.617188
2006	07	338.391449	235.402069	213.800110	-121.055557	0.000045	0.000047	110.810760	10.895337	91.309212	908821.250000	57226.722656	17516.562500	83045.734375
2006	07	362.971344	248.948593	229.079666	-130.356003	0.000049	0.000050	115.056923	3.177431	131.073715	974835.812500	57226.269531	17523.427734	83050.007812
2006	07	344.866302	231.351349	230.599350	-110.731400	0.000041	0.000043	117.084381	-0.298362	125.799278	926210.937500	57225.816406	17530.107422	83053.984375
2006	07	358.976318	246.479828	234.008408	-121.432457	0.000045	0.000047	121.511925	7.298243	115.016701	964106.312500	57225.375000	17536.550781	83057.679688
2006	07	300.714508	204.581726	238.191589	-58.987560	0.000022	0.000023	142.058807	8.198836	94.987946	807632.000000	57224.894531	17542.732422	83060.546875
2006	07	339.903992	234.917816	236.958511	-99.410217	0.000037	0.000038	131.972336	11.311387	93.335159	912883.625000	57224.449219	17548.955078	83063.437500
2006	07	300.477478	200.536423	229.117813	-67.824501	0.000025	0.000027	129.176758	-13.103207	87.044304	806995.437500	57224.000000	17554.681641	83066.007812
2006	07	358.925873	245.562866	240.063171	-115.327652	0.000043	0.000044	126.700150	47.821999	130.512390	963970.875000	57223.554688	17561.000000	83069.257812
2006	07	342.805878	235.568298	227.182373	-112.088531	0.000042	0.000043	119.944786	35.835709	116.476761	920677.250000	57223.066406	17567.810547	83073.156250
2006	07	335.495697	225.833145	227.716019	-104.244820	0.000039	0.000040	118.053436	-12.437510	131.274353	901044.250000	57222.601562	17574.027344	83076.562500
2006	07	347.959717	238.450806	220.003952	-124.420959	0.000046	0.000048	110.495041	42.860733	123.179657	934518.875000	57222.140625	17580.382812	83080.281250
2006	07	335.656311	230.298431	211.213074	-120.908539	0.000045	0.000046	105.855194	29.235769	103.028114	901475.625000	57221.664062	17586.968750	83084.453125
2006	07	334.834290	230.972290	204.933167	-126.366478	0.000047	0.000048	101.071182	53.986847	101.969376	899267.750000	57221.210938	17593.189453	83088.375000
2006	07	340.682861	235.252182	202.682617	-134.465698	0.000050	0.000052	97.251915	49.300690	109.716423	914975.500000	57220.750000	17599.582031	83092.640625
2006	07	324.381927	219.952271	201.963058	-118.884392	0.000044	0.000046	97.533409	21.127693	96.247063	871195.875000	57220.304688	17605.662109	83096.609375
2006	07	356.946960	249.448639	203.286102	-150.126434	0.000056	0.000057	95.787811	57.266422	96.790062	958656.062500	57219.855469	17612.183594	83101.101562
2006	07	332.802704	228.089676	202.596741	-126.671616	0.000047	0.000049	97.883728	45.044605	108.446518	893811.562500	57219.394531	17618.886719	83105.726562
2006	07	329.606964	221.258713	205.745895	-120.326805	0.000045	0.000046	97.397667	34.849697	124.965454	885228.687500	57218.957031	17625.115234	83109.851562
2006	07	318.854401	212.106216	200.596848	-114.723434	0.000043	0.000044	93.848663	2.569245	112.479370	856350.562500	57218.531250	17631.126953	83113.835938
2006	07	314.075043	207.989517	195.662582	-114.878456	0.000043	0.000044	89.577034	39.534027	109.603111	843514.562500	57218.121094	17636.705078	83117.484375
2006	07	305.582184	205.123108	183.675446	-118.372833	0.000044	0.000046	83.216385	19.318079	91.258072	820705.187500	57217.714844	17642.220703	83121.289062
2006	07	322.296295	219.001999	182.091736	-136.670715	0.000051	0.000052	78.797462	27.746092	97.460236	865594.375000	57217.304688	17648.101562	83125.617188
2006	07	319.461548	215.968338	187.009277	-128.918518	0.000048	0.000049	83.516098	17.423311	94.194443	857981.125000	57216.898438	17653.812500	83129.812500
2006	07	321.144836	215.705994	200.068787	-117.542397	0.000044	0.000045	94.629959	7.714990	107.591461	862501.937500	57216.503906	17659.748047	83133.867188
2006	07	282.697815	187.101868	192.401138	-86.763123	0.000032	0.000034	96.805222	3.888245	99.312805	759244.375000	57216.105469	17665.392578	83137.554688
2006	07	203.606506	126.521721	183.286209	-16.786850	0.000006	0.000008	106.201431	-10.479236	47.259529	546828.062500	57215.734375	17669.867188	83139.726562
2006	07	130.994553	68.704018	167.693192	40.231964	-0.000015	-0.000014	105.402641	-39.537220	70.082253	351813.437500	57215.402344	17671.558594	83139.132812
2006	08	258.771118	173.849533	199.977127	-55.260723	0.000021	0.000022	115.055542	18.418354	90.748360	694984.187500	57215.054688	17674.117188	83139.140625
2006	08	286.726685	192.542435	207.260498	-75.932999	0.000028	0.000030	113.076248	50.293976	91.860909	770064.750000	57214.679688	17678.820312	83141.226562
2006	08	310.870209	213.230759	205.941711	-101.395378	0.000038	0.000039	108.302269	64.264000	86.812843	834907.250000	57214.304688	17684.169922	83144.070312
2006	08	295.463745	200.356934	201.213501	-90.717209	0.000034	0.000035	106.106682	54.845715	83.155800	793530.000000	57213.917969	17689.779297	83147.273438
2006	08	243.998306	158.099716	189.882889	-50.582458	0.000019	0.000020	103.984291	-8.163409	78.623550	655308.750000	57213.519531	17694.628906	83149.804688
2006	08	284.123383	193.697189	197.853683	-82.736824	0.000031	0.000032	107.427490	55.984035	99.833336	763073.062500	57213.132812	17698.916016	83151.710938
2006	08	303.371460	205.256470	202.328140	-97.510521	0.000036	0.000038	104.213142	45.518425	98.835266	814767.875000	57212.714844	17704.253906	83154.734375
2006	08	247.858047	153.917984	201.507935	-42.817417	0.000016	0.000017	107.567856	0.724997	106.113235	665674.937500	57212.285156	17709.306641	83157.437500
2006	08	266.452484	172.517380	197.029144	-65.890724	0.000025	0.000026	103.094032	1.041174	96.225464	715614.125000	57211.902344	17713.203125	83158.976562
2006	08	283.208740	181.083145	204.250336	-75.425926	0.000028	0.000029	102.124710	-33.290813	107.117859	760616.625000	57211.523438	17717.841797	83161.359375
2006	08	282.067352	188.198120	200.385971	-78.149002	0.000029	0.000030	106.516716	23.824953	98.016182	757551.187500	57211.121094	17722.748047	83163.984375
2006	08	274.357788	183.067963	200.983353	-69.842110	0.000026	0.000027	109.693542	63.096455	81.966309	736845.500000	57210.699219	17727.554688	83166.335938
2006	08	281.086426	188.365601	196.625351	-80.928848	0.000030	0.000032	103.904510	54.767380	86.706757	754916.625000	57210.281250	17732.507812	83168.906250
2006	08	261.718811	173.347183	187.996429	-70.190231	0.000026	0.000028	99.624794	54.147942	81.359596	702900.875000	57209.867188	17737.175781	83171.351562
2006	08	254.258255	167.672379	181.756042	-68.970139	0.000026	0.000027	95.170166	54.625927	76.435501	682864.000000	57209.472656	17741.544922	83173.679688
2006	08	263.112579	170.610580	188.646179	-70.934425	0.000026	0.000028	96.144173	8.952685	86.346405	706644.187500	57209.085938	17745.908203	83176.000000
2006	08	245.361954	159.498672	177.064194	-64.765884	0.000024	0.000025	91.200890	37.617161	68.065735	658971.125000	57208.703125	17750.189453	83178.304688
2006	08	257.692139	169.683701	174.660309	-79.500000	0.000030	0.000031	86.651901	63.372757	77.264008	692086.375000	57208.332031	17754.296875	83180.617188
2006	08	248.058243	162.363358	168.773987	-75.752525	0.000028	0.000030	83.079086	57.075115	76.262688	666212.562500	57207.953125	17758.648438	83183.328125
2006	08	262.312408	172.166809	172.402740	-86.378006	0.000032	0.000034	82.257149	50.858459	80.274467	704495.062500	57207.589844	17762.792969	83185.843750
2006	08	253.487000	166.190125	166.120895	-83.834518	0.000031	0.000033	78.824005	60.628922	73.446075	680792.562500	57207.214844	17767.078125	83188.593750
2006	08	245.996170	161.524719	159.193237	-83.271408	0.000031	0.000032	74.721794	50.942440	67.231834	660674.437500	57206.855469	17771.298828	83191.414062
2006	08	234.080521	145.614548	164.577866	-65.971207	0.000025	0.000026	76.111916	12.143641	85.715340	628672.375000	57206.503906	17775.173828	83193.921875
2006	08	248.964813	162.569382	157.403046	-88.030403	0.000033	0.000034	71.007614	43.193897	72.226959	668647.312500	57206.171875	17778.923828	83196.351562
2006	08	216.690811	133.973907	153.128723	-60.030827	0.000022	0.000024	70.411819	25.261118	66.130661	581968.687500	57205.832031	17782.658203	83198.875000
2006	08	217.213943	139.184540	143.210297	-70.472488	0.000026	0.000028	65.180870	50.130238	56.674210	583373.687500	57205.523438	17785.871094	83200.953125
2006	08	190.238785	117.323250	135.092300	-51.615383	0.000019	0.000021	62.176773	8.596376	55.160934	510926.218750	57205.214844	17789.093750	83203.218750
2006	08	212.101044	133.051529	140.879013	-67.691010	0.000025	0.000027	61.829498	31.169651	60.444290	569641.937500	57204.937500	17791.781250	83204.953125
2006	08	202.011826	126.886009	133.662964	-64.817917	0.000024	0.000026	58.537140	16.307806	57.294575	542545.187500	57204.640625	17794.994141	83207.304688
2006	08	163.615021	84.633408	141.604736	-18.479458	0.000007	0.000008	62.623123	-59.326241	81.098946	439422.531250	57204.359375	17797.589844	83209.015625
2006	08	180.957703	106.657532	147.420395	-30.006596	0.000011	0.000013	73.120224	6.743485	67.306313	485999.906250	57204.105469	17799.246094	83209.640625
2006	09	182.397110	114.916916	151.679092	-27.301268	0.000011	0.000012	84.198898	26.441259	65.055214	506194.625000	57203.843750	17801.808594	83210.554688
2006	09	209.883652	134.331635	154.584167	-51.882809	0.000020	0.000021	79.032143	30.195087	66.312019	582476.187500	57203.562500	17804.734375	83211.851562
2006	09	176.581833	102.987907	151.705795	-21.459412	0.000008	0.000010	78.111885	8.085660	76.592865	490055.843750	57203.277344	17807.775391	83213.367188
2006	09	187.372192	110.058807	154.607727	-29.347942	0.000011	0.000013	77.294342	1.501300	81.175591	520001.656250	57203.000000	17810.130859	83214.187500
2006	09	196.215607	118.200783	152.150101	-40.649055	0.000016	0.000017	74.135269	14.546825	76.807915	544544.250000	57202.722656	17812.738281	83215.335938
2006	09	207.727463	127.881645	150.358688	-53.952423	0.000021	0.000022	70.512848	12.644276	75.670952	576492.312500	57202.445312	17815.544922	83216.789062
2006	09	196.371689	117.241600	147.074036	-45.881363	0.000018	0.000019	67.943954	17.295725	72.529533	544977.312500	57202.171875	17818.548828	83218.554688
2006	09	191.270889	118.616814	134.477631	-53.377060	0.000021	0.000022	61.823559	32.331177	56.469154	530821.437500	57201.902344	17821.361328	83220.257812
2006	09	185.600388	115.718933	127.252815	-54.931435	0.000021	0.000023	57.371365	31.935862	51.115337	515084.437500	57201.632812	17824.150391	83222.140625
2006	09	144.059799	77.633446	123.610634	-17.033131	0.000007	0.000008	57.184280	-43.962414	54.314774	399799.656250	57201.363281	17826.513672	83223.664062
2006	09	153.398636	84.939934	124.432327	-25.550383	0.000010	0.000011	55.973618	-21.960537	55.628017	425717.125000	57201.125000	17828.042969	83224.382812
2006	09	164.318130	94.491142	124.570709	-36.331596	0.000014	0.000015	54.743713	24.084394	54.661583	456021.250000	57200.894531	17829.888672	83225.445312
2006	09	148.507751	86.066063	113.208260	-31.883736	0.000012	0.000014	50.766560	32.293789	43.441994	412143.750000	57200.667969	17831.884766	83226.757812
2006	09	134.221451	78.680405	103.085014	-27.720730	0.000011	0.000012	47.543976	13.009846	39.065342	372495.906250	57200.449219	17833.529297	83227.835938
2006	09	105.018852	55.204147	140.505554	38.902325	-0.000015	-0.000014	90.690849	-39.848133	106.591934	291451.875000	57200.207031	17834.675781	83227.960938
2006	09	74.109116	31.330944	150.678207	79.984650	-0.000031	-0.000030	107.900032	-37.024792	74.066780	205670.140625	57199.839844	17835.152344	83225.898438
2006	09	44.545414	11.153640	135.045654	93.915749	-0.000036	-0.000035	101.653885	-31.188251	70.998932	123623.937500	57199.433594	17834.892578	83223.257812
2006	09	32.938446	3.368924	139.458878	109.935875	-0.000042	-0.000041	109.889351	-13.935866	50.864178	91411.890625	57198.988281	17833.871094	83219.757812
2006	09	86.609558	47.209427	143.125488	59.931347	-0.000023	-0.000022	103.725365	67.312485	14.836956	240361.750000	57198.539062	17833.185547	83216.578125
2006	09	121.186417	74.202553	148.548538	30.777504	-0.000012	-0.000011	101.564674	49.229759	21.137800	336320.656250	57198.101562	17833.705078	83214.757812
2006	09	135.148987	84.311272	152.044327	20.310682	-0.000008	-0.000007	101.206596	34.422970	25.960974	375070.062500	57197.656250	17834.972656	83213.726562
2006	09	131.613174	79.264244	155.360535	27.162668	-0.000010	-0.000009	103.011604	27.120472	31.721359	365257.312500	57197.207031	17836.449219	83212.882812
2006	09	125.056389	74.817390	153.254501	31.613367	-0.000012	-0.000011	103.015503	41.584915	28.354647	347060.750000	57196.761719	17837.880859	83211.937500
2006	09	133.729156	81.538124	152.541992	22.228045	-0.000009	-0.000007	100.350967	32.369656	31.626772	371129.656250	57196.324219	17839.189453	83210.937500
2006	09	108.081223	58.990150	151.817657	47.151581	-0.000018	-0.000017	102.726593	-8.512753	41.418880	299950.687500	57195.890625	17840.494141	83209.914062
2006	09	99.896751	53.830894	146.280746	49.799065	-0.000019	-0.000018	100.214890	5.956223	22.978098	277236.843750	57195.453125	17841.300781	83208.406250
2006	09	95.439941	49.146023	149.699219	57.674278	-0.000022	-0.000021	103.405304	33.352081	42.386971	264868.156250	57195.015625	17841.796875	83206.562500
2006	09	93.043594	50.267715	138.340073	48.711414	-0.000019	-0.000017	95.564186	33.168091	24.345552	258217.718750	57194.578125	17842.345703	83204.875000
2006	09	85.022484	41.374569	139.992691	58.385090	-0.000023	-0.000021	96.344780	-21.346899	39.121902	235957.265625	57194.152344	17842.654297	83203.085938
2006	09	119.172523	66.304512	154.808121	39.050396	-0.000015	-0.000014	101.940117	3.572866	39.312332	330731.593750	57193.722656	17843.113281	83201.281250
2006	10	118.040993	64.766479	159.544006	45.031551	-0.000017	-0.000015	106.269493	-4.413037	45.978619	317023.906250	57193.285156	17844.128906	83199.960938
2006	10	125.161736	69.969116	161.171448	39.538185	-0.000015	-0.000013	105.978844	2.208232	31.087582	336148.125000	57192.843750	17845.128906	83198.601562
2006	10	118.608063	67.353355	152.746887	37.667217	-0.000014	-0.000013	101.492180	9.783195	24.440296	318546.875000	57192.406250	17846.212891	83197.414062
2006	10	121.317741	70.826332	148.468460	30.679066	-0.000011	-0.000010	97.977066	10.186483	23.178135	325824.312500	57191.972656	17847.212891	83196.273438
2006	10	98.295799	51.769081	144.081894	49.314384	-0.000018	-0.000017	97.555176	-6.519587	21.812777	263994.031250	57191.550781	17848.138672	83195.109375
2006	10	127.317879	73.943260	150.830658	27.041006	-0.000010	-0.000009	97.456032	-8.504456	26.941093	341938.906250	57191.128906	17848.712891	83193.625000
2006	10	106.065430	58.833797	142.641647	40.104404	-0.000015	-0.000014	95.410027	9.463246	16.762646	284861.000000	57190.714844	17849.777344	83192.632812
2006	10	68.075035	28.069605	136.293289	71.746361	-0.000027	-0.000025	96.287857	-13.540149	21.668299	182829.812500	57190.300781	17850.208984	83191.046875
2006	10	63.123295	25.133028	136.888397	77.293129	-0.000029	-0.000028	98.898132	0.843692	38.862881	169530.875000	57189.875000	17849.964844	83188.687500
2006	10	82.208542	42.401257	131.380692	52.700119	-0.000020	-0.000018	91.573395	10.872328	19.063982	220788.296875	57189.457031	17849.355469	83186.476562
2006	10	34.891064	4.615626	119.984932	88.621780	-0.000033	-0.000032	89.709496	14.472836	23.304777	93707.281250	57189.082031	17846.839844	83184.453125
2006	10	30.073923	4.956562	104.185318	77.639259	-0.000029	-0.000028	79.067955	45.068611	20.596556	80769.843750	57188.789062	17840.908203	83181.773438
2006	10	32.687508	8.234195	95.774284	66.614609	-0.000025	-0.000024	71.320969	46.013138	13.127756	87789.171875	57188.609375	17832.431641	83179.335938
2006	10	44.864033	17.293299	100.804321	59.468098	-0.000022	-0.000021	73.233582	18.963760	10.323384	120491.781250	57188.550781	17821.601562	83177.148438
2006	10	46.597980	18.823801	108.654144	65.583946	-0.000024	-0.000023	80.879967	13.459276	7.885559	125148.664062	57188.656250	17808.507812	83175.000000
2006	10	33.464794	8.439910	115.418152	85.481110	-0.000032	-0.000031	90.393265	2.177290	10.779422	89876.726562	57188.949219	17792.878906	83172.523438
2006	10	25.365465	3.166912	115.744942	93.907196	-0.000035	-0.000034	93.546387	10.537724	23.304874	68124.289062	57189.449219	17774.484375	83169.554688
2006	10	23.484463	3.327601	112.313950	92.357193	-0.000034	-0.000033	92.157089	27.260298	13.022268	63072.453125	57190.125000	17753.462891	83166.437500
2006	10	22.532429	4.395367	109.921349	90.916603	-0.000034	-0.000033	91.784286	34.593166	6.720772	60515.574219	57190.976562	17729.941406	83163.343750
2006	10	21.503204	4.795520	110.916374	92.940857	-0.000035	-0.000033	94.208679	25.619638	4.924044	57751.382812	57192.015625	17703.925781	83160.195312
2006	10	14.369052	-0.366143	116.065430	105.224075	-0.000039	-0.000038	101.330246	22.365913	9.424275	38591.109375	57193.273438	17675.394531	83156.843750
2006	10	8.924606	-2.373715	110.089569	104.692657	-0.000039	-0.000038	98.791252	27.743385	15.215971	23968.906250	57194.746094	17644.261719	83153.250000
2006	10	6.154774	-2.723964	102.408936	99.781891	-0.000037	-0.000036	93.530197	28.815327	9.393422	16529.937500	57196.320312	17610.589844	83149.742188
2006	10	1.657694	-5.341053	104.482094	106.352158	-0.000040	-0.000038	97.483345	-10.960554	16.525841	4452.084961	57198.046875	17574.439453	83146.226562
2006	10	0.000000	-5.920912	104.849609	108.377396	-0.000040	-0.000039	98.928696	3.478034	1.488849	0.000000	57199.921875	17552.515625	83142.429688
2006	10	0.000000	-6.820622	112.217758	115.745560	-0.000043	-0.000042	105.397141	-13.315803	-1.747774	0.000000	57201.359375	17550.832031	83138.617188
2006	10	0.000000	-6.199183	114.163048	117.690872	-0.000044	-0.000043	107.963867	-16.655506	2.667358	0.000000	57202.667969	17549.224609	83134.593750
2006	10	0.000000	-6.313315	115.936844	119.464676	-0.000045	-0.000043	109.623528	-21.899303	6.105926	0.000000	57203.878906	17547.623047	83130.523438
2006	10	0.000000	-5.597142	110.657417	114.185265	-0.000043	-0.000041	105.060280	8.986072	2.673259	0.000000	57204.976562	17546.039062	83126.523438
2006	10	0.000000	-4.939648	97.918015	101.445877	-0.000038	-0.000037	92.978371	26.778065	9.727307	0.000000	57205.921875	17544.472656	83122.773438
2006	10	0.000000	-4.648831	77.912865	81.440742	-0.000030	-0.000029	73.264038	35.164513	20.725445	0.000000	57206.652344	17542.921875	83119.593750
2006	11	0.000000	-4.190728	52.896656	56.310738	-0.000022	-0.000020	48.705925	35.148987	21.758953	0.000000	57207.152344	17541.384766	83117.148438
2006	11	0.000000	-3.822208	36.846920	40.261017	-0.000016	-0.000014	33.024712	33.047161	21.455070	0.000000	57207.441406	17539.863281	83115.335938
2006	11	0.000000	-3.525758	26.765009	30.179115	-0.000012	-0.000010	23.239252	38.038906	11.115634	0.000000	57207.609375	17538.353516	83113.960938
2006	11	0.000000	-3.763056	20.983925	24.398039	-0.000009	-0.000008	17.220867	33.971859	12.289291	0.000000	57207.714844	17536.853516	83112.851562
2006	11	0.000000	-4.484208	19.952831	23.366949	-0.000009	-0.000008	15.468622	7.451454	4.216073	0.000000	57207.792969	17535.347656	83111.859375
2006	11	0.000000	-5.274652	20.856684	24.270800	-0.000009	-0.000008	15.582031	-17.172634	2.338406	0.000000	57207.863281	17533.837891	83110.882812
2006	11	0.000000	-4.526651	20.284605	23.698715	-0.000009	-0.000008	15.757954	-5.846085	3.900140	0.000000	57207.929688	17532.333984	83109.898438
2006	11	0.000000	-5.061009	20.813271	24.227377	-0.000009	-0.000008	15.752262	-11.122097	6.643366	0.000000	57207.992188	17530.837891	83108.929688
2006	11	0.000000	-4.473279	20.441076	23.855171	-0.000009	-0.000008	15.967798	1.852779	9.754938	0.000000	57208.046875	17529.347656	83107.960938
2006	11	0.000000	-3.812089	19.791328	23.205416	-0.000009	-0.000008	15.979239	15.046175	-1.027369	0.000000	57208.097656	17527.869141	83107.000000
2006	11	0.000000	-3.145792	18.557144	21.971230	-0.000008	-0.000007	15.411351	11.520972	5.379704	0.000000	57208.144531	17526.421875	83106.070312
2006	11	0.000000	-4.220599	19.416130	22.830202	-0.000009	-0.000007	15.195531	7.378512	-1.208988	0.000000	57208.183594	17524.964844	83105.156250
2006	11	0.000000	-3.932667	19.146374	22.560434	-0.000009	-0.000007	15.213706	7.404231	-0.605564	0.000000	57208.218750	17523.507812	83104.242188
2006	11	0.000000	-3.827171	18.991293	22.405344	-0.000009	-0.000007	15.164123	-3.114842	3.724872	0.000000	57208.253906	17522.066406	83103.343750
2006	11	0.000000	-4.014565	19.158836	22.572868	-0.000009	-0.000007	15.144272	15.694839	-3.650539	0.000000	57208.285156	17520.619141	83102.437500
2006	11	0.000000	-3.275670	18.263020	21.677036	-0.000008	-0.000007	14.987350	2.139557	-4.037557	0.000000	57208.312500	17519.191406	83101.554688
2006	11	0.000000	-5.032200	19.946808	23.360804	-0.000009	-0.000008	14.914607	-24.454023	8.969933	0.000000	57208.335938	17517.753906	83100.664062
2006	11	0.000000	-3.963103	18.896374	22.310347	-0.000009	-0.000007	14.933271	-19.069784	-1.877320	0.000000	57208.359375	17516.316406	83099.781250
2006	11	0.000000	-4.104583	18.832689	22.246641	-0.000009	-0.000007	14.728106	-10.536417	-0.303529	0.000000	57208.375000	17514.892578	83098.906250
2006	11	0.000000	-3.656431	18.333912	21.747839	-0.000008	-0.000007	14.677482	-8.532901	2.607324	0.000000	57208.382812	17513.474609	83098.046875
2006	11	0.000000	-4.740988	19.422352	22.836250	-0.000009	-0.000007	14.681364	-25.792070	-1.135453	0.000000	57208.390625	17512.052734	83097.187500
2006	11	0.000000	-3.913762	18.621845	22.035719	-0.000009	-0.000007	14.708084	-11.439590	-0.003545	0.000000	57208.394531	17510.636719	83096.328125
2006	11	0.000000	-3.198267	17.802425	21.216269	-0.000008	-0.000007	14.604157	21.445301	-9.073164	0.000000	57208.394531	17509.232422	83095.476562
2006	11	0.000000	-2.696188	17.125906	20.539728	-0.000008	-0.000007	14.429719	9.460406	-2.815595	0.000000	57208.390625	17507.849609	83094.664062
2006	11	0.000000	-3.266003	17.606569	21.020365	-0.000008	-0.000007	14.340568	16.918722	-9.774490	0.000000	57208.390625	17506.464844	83093.843750
2006	11	0.000000	-2.415477	16.661047	20.074814	-0.000008	-0.000006	14.245570	18.947868	-11.846746	0.000000	57208.382812	17505.091797	83093.039062
2006	11	0.000000	-2.182007	16.308537	19.722281	-0.000008	-0.000006	14.126530	17.687201	-5.541267	0.000000	57208.378906	17503.730469	83092.250000
2006	11	0.000000	-2.400088	16.357811	19.771530	-0.000008	-0.000006	13.957724	21.040644	-10.272315	0.000000	57208.371094	17502.373047	83091.476562
2006	11	0.000000	-2.649520	16.384514	19.798201	-0.000008	-0.000006	13.734992	28.753128	-12.278609	0.000000	57208.363281	17501.015625	83090.703125
2006	11	0.000000	-2.814476	16.459433	19.873089	-0.000008	-0.000006	13.644956	20.407442	-10.207985	0.000000	57208.355469	17499.658203	83089.937500
2006	12	0.000000	-2.249923	16.318970	19.846384	-0.000007	-0.000006	14.069047	13.730797	-6.384561	0.000000	57208.343750	17498.308594	83089.179688
2006	12	0.000000	-2.195235	16.180048	19.707430	-0.000007	-0.000006	13.984813	20.346378	-9.539805	0.000000	57208.335938	17496.968750	83088.429688
2006	12	0.000000	-2.192017	16.043999	19.571346	-0.000007	-0.000006	13.851982	25.986990	-10.659271	0.000000	57208.324219	17495.630859	83087.687500
2006	12	0.000000	-2.548578	16.278189	19.805504	-0.000007	-0.000006	13.729609	3.655923	-2.287058	0.000000	57208.312500	17494.300781	83086.960938
2006	12	0.000000	-2.644529	16.248182	19.775459	-0.000007	-0.000006	13.603654	8.797730	-6.989237	0.000000	57208.296875	17492.960938	83086.226562
2006	12	0.000000	-2.739282	16.257164	19.784401	-0.000007	-0.000006	13.517882	-1.770090	-4.161320	0.000000	57208.285156	17491.626953	83085.500000
2006	12	0.000000	-2.170657	15.562940	19.090137	-0.000007	-0.000006	13.392282	13.812642	-9.525884	0.000000	57208.269531	17490.296875	83084.781250
2006	12	0.000000	-3.633334	16.720449	20.247606	-0.000008	-0.000006	13.087116	-8.276099	-8.761103	0.000000	57208.257812	17488.970703	83084.078125
2006	12	0.000000	-3.994546	17.021214	20.548321	-0.000008	-0.000006	13.026667	-15.161587	-6.477895	0.000000	57208.242188	17487.621094	83083.351562
2006	12	0.000000	-4.173646	17.233494	20.760551	-0.000008	-0.000006	13.059849	-11.399513	-8.875280	0.000000	57208.226562	17486.271484	83082.625000
2006	12	0.000000	-3.340739	16.380789	19.907799	-0.000007	-0.000006	13.040051	-2.971852	-7.157968	0.000000	57208.214844	17484.933594	83081.914062
2006	12	0.000000	-4.573802	17.548187	21.075146	-0.000008	-0.000007	12.974387	-20.612640	-7.760305	0.000000	57208.199219	17483.589844	83081.195312
2006	12	0.000000	-4.534152	17.560785	21.087687	-0.000008	-0.000007	13.026632	-31.457821	-7.965925	0.000000	57208.179688	17482.240234	83080.468750
2006	12	0.000000	-3.843037	16.918280	20.445126	-0.000008	-0.000006	13.075242	-20.240856	-8.580535	0.000000	57208.164062	17480.892578	83079.750000
2006	12	0.000000	-3.971669	17.001129	20.527925	-0.000008	-0.000006	13.029461	-3.542076	-1.028847	0.000000	57208.144531	17479.562500	83079.039062
2006	12	0.000000	-3.765989	16.767620	20.294361	-0.000008	-0.000006	13.001631	-10.707590	-6.805153	0.000000	57208.128906	17478.224609	83078.328125
2006	12	0.000000	-3.666644	16.625608	20.152296	-0.000008	-0.000006	12.958964	5.357098	-10.012809	0.000000	57208.109375	17476.894531	83077.625000
2006	12	0.000000	-2.805009	15.719873	19.246511	-0.000007	-0.000006	12.914865	15.808208	-7.219263	0.000000	57208.089844	17475.576172	83076.937500
2006	12	0.000000	-3.109564	15.924701	19.451288	-0.000007	-0.000006	12.815136	-6.337549	-7.984084	0.000000	57208.070312	17474.265625	83076.257812
2006	12	0.000000	-4.464676	17.196899	20.723433	-0.000008	-0.000006	12.732224	-35.031719	-8.579277	0.000000	57208.046875	17472.941406	83075.562500
2006	12	0.000000	-3.688565	16.444374	19.970848	-0.000007	-0.000006	12.755808	-20.062838	-9.998587	0.000000	57208.027344	17471.609375	83074.867188
2006	12	0.000000	-3.612583	16.340401	19.866819	-0.000007	-0.000006	12.727818	-19.254885	-5.924587	0.000000	57208.007812	17470.291016	83074.179688
2006	12	0.000000	-4.032558	16.709818	20.236177	-0.000008	-0.000006	12.677259	-26.728283	-12.405516	0.000000	57207.988281	17468.968750	83073.492188
2006	12	0.000000	-3.480952	16.129971	19.656277	-0.000007	-0.000006	12.649020	-17.690182	-11.749695	0.000000	57207.964844	17467.648438	83072.812500
2006	12	0.000000	-3.817126	16.387863	19.914110	-0.000007	-0.000006	12.570737	-7.607272	-3.714056	0.000000	57207.945312	17466.335938	83072.132812
2006	12	0.000000	-3.038131	15.548911	19.075102	-0.000007	-0.000006	12.510780	-4.461635	-6.128385	0.000000	57207.921875	17465.025391	83071.460938
2006	12	0.000000	-3.530200	15.934633	19.460766	-0.000007	-0.000006	12.404432	-15.697611	-6.697190	0.000000	57207.902344	17463.716797	83070.796875
2006	12	0.000000	-2.868412	15.155926	18.682003	-0.000007	-0.000006	12.287513	0.551355	-3.823477	0.000000	57207.878906	17462.414062	83070.140625
2006	12	0.000000	-3.227946	15.252029	18.778049	-0.000007	-0.000006	12.024084	2.519916	1.442947	0.000000	57207.859375	17461.115234	83069.492188
2006	12	0.000000	-2.971730	14.780590	18.306555	-0.000007	-0.000006	11.808859	-4.317687	-5.695539	0.000000	57207.835938	17459.818359	83068.851562
2006	12	0.000000	-3.670497	15.277768	18.803673	-0.000007	-0.000006	11.607271	-21.455305	-12.092037	0.000000	57207.816406	17458.515625	83068.218750
2007	01	0.000000	-3.325353	14.876456	18.402304	-0.000007	-0.000006	11.551102	-15.841152	-8.032698	0.000000	57207.796875	17457.210938	83067.585938
2007	01	0.000000	-3.230834	14.668573	18.194353	-0.000007	-0.000005	11.437738	-6.221844	-5.327831	0.000000	57207.777344	17455.925781	83066.960938
2007	01	0.000000	-4.052372	15.369663	18.895176	-0.000007	-0.000006	11.317291	-12.954984	-6.821551	0.000000	57207.757812	17454.646484	83066.335938
2007	01	0.000000	-4.432834	15.781030	19.306273	-0.000007	-0.000006	11.348196	-9.740565	0.843780	0.000000	57207.738281	17453.355469	83065.695312
2007	01	0.000000	-4.169786	15.588613	19.113585	-0.000007	-0.000006	11.418825	-4.460233	-3.462264	0.000000	57207.718750	17452.062500	83065.062500
2007	01	0.000000	-3.547325	14.995235	18.519939	-0.000007	-0.000006	11.447911	-7.608601	-5.770979	0.000000	57207.699219	17450.781250	83064.429688
2007	01	0.000000	-3.414308	14.832911	18.357347	-0.000007	-0.000006	11.418602	-2.716372	-1.366481	0.000000	57207.679688	17449.509766	83063.804688
2007	01	0.000000	-3.310932	14.697964	18.222134	-0.000007	-0.000005	11.387032	-9.343914	-8.393040	0.000000	57207.660156	17448.234375	83063.187500
2007	01	0.000000	-3.431785	14.790980	18.314884	-0.000007	-0.000006	11.359196	2.597377	-0.177086	0.000000	57207.640625	17446.966797	83062.570312
2007	01	0.000000	-2.815142	14.153776	17.677414	-0.000007	-0.000005	11.338634	0.198673	-7.595895	0.000000	57207.621094	17445.699219	83061.960938
2007	01	0.000000	-2.500005	13.772707	17.296080	-0.000006	-0.000005	11.272702	30.860449	-11.937170	0.000000	57207.601562	17444.443359	83061.359375
2007	01	0.000000	-1.839191	13.043454	16.566565	-0.000006	-0.000005	11.204264	24.561022	-7.161580	0.000000	57207.578125	17443.197266	83060.765625
2007	01	0.000000	-1.831817	12.961945	16.484795	-0.000006	-0.000005	11.130129	10.681733	-1.149346	0.000000	57207.558594	17441.962891	83060.195312
2007	01	0.000000	-2.301837	13.303637	16.826223	-0.000006	-0.000005	11.001800	15.856929	-5.941454	0.000000	57207.539062	17440.718750	83059.609375
2007	01	0.000000	-1.524614	12.432298	15.954624	-0.000006	-0.000005	10.907684	24.394873	-3.745656	0.000000	57207.519531	17439.484375	83059.046875
2007	01	0.000000	-2.206796	12.933928	16.455992	-0.000006	-0.000005	10.727131	11.756385	-3.264952	0.000000	57207.500000	17438.250000	83058.484375
2007	01	0.000000	-3.746396	14.355823	17.877619	-0.000007	-0.000005	10.609427	0.792564	-0.317151	0.000000	57207.480469	17436.998047	83057.906250
2007	01	0.000000	-3.493410	14.126648	17.648174	-0.000007	-0.000005	10.633238	-10.463821	-7.512848	0.000000	57207.464844	17435.730469	83057.312500
2007	01	0.000000	-2.457215	13.116579	16.637836	-0.000006	-0.000005	10.659364	13.147454	-7.742580	0.000000	57207.445312	17434.478516	83056.734375
2007	01	0.000000	-2.642431	13.256131	16.777122	-0.000006	-0.000005	10.613701	13.266065	-2.299149	0.000000	57207.425781	17433.236328	83056.171875
2007	01	0.000000	-3.540020	14.118797	17.639519	-0.000007	-0.000005	10.578777	1.648996	-3.116615	0.000000	57207.410156	17431.982422	83055.593750
2007	01	0.000000	-2.918679	13.506734	17.027187	-0.000006	-0.000005	10.588055	-0.661024	-3.999391	0.000000	57207.390625	17430.730469	83055.023438
2007	01	0.000000	-3.198249	13.768198	17.288382	-0.000006	-0.000005	10.569949	6.547000	-0.690886	0.000000	57207.371094	17429.480469	83054.453125
2007	01	0.000000	-3.702544	14.266784	17.786697	-0.000007	-0.000005	10.564239	3.095820	-0.509274	0.000000	57207.355469	17428.224609	83053.875000
2007	01	0.000000	-3.290425	13.872805	17.392448	-0.000006	-0.000005	10.582380	8.939512	-2.106081	0.000000	57207.335938	17426.966797	83053.289062
2007	01	0.000000	-4.014109	14.598704	18.118076	-0.000007	-0.000005	10.584596	-2.765198	0.821246	0.000000	57207.320312	17425.707031	83052.710938
2007	01	0.000000	-3.273719	13.875667	17.394768	-0.000006	-0.000005	10.601948	2.463809	-6.953504	0.000000	57207.300781	17424.447266	83052.125000
2007	01	0.000000	-2.432899	13.006136	16.524969	-0.000006	-0.000005	10.573237	8.936884	-4.199376	0.000000	57207.281250	17423.203125	83051.562500
2007	01	0.000000	-3.224746	13.720900	17.239464	-0.000006	-0.000005	10.496154	2.195191	-3.788313	0.000000	57207.265625	17421.960938	83051.000000
2007	01	0.000000	-2.405035	12.869406	16.387701	-0.000006	-0.000005	10.464372	13.692605	-5.728705	0.000000	57207.246094	17420.716797	83050.429688
2007	01	0.000000	-3.128964	13.528450	17.046480	-0.000006	-0.000005	10.399487	6.648034	2.718801	0.000000	57207.226562	17419.480469	83049.882812
2007	02	0.000000	-2.595658	11.951846	15.129177	-0.000006	-0.000005	9.356187	8.537642	-1.627064	0.000000	57207.210938	17418.234375	83049.312500
2007	02	0.000000	-2.031366	11.364060	14.541150	-0.000006	-0.000005	9.332694	5.005651	-9.080661	0.000000	57207.191406	17416.996094	83048.765625
2007	02	0.000000	-2.011918	11.280424	14.457274	-0.000006	-0.000005	9.268506	12.562881	-5.628528	0.000000	57207.175781	17415.767578	83048.218750
2007	02	0.000000	-2.031194	11.194578	14.371187	-0.000006	-0.000005	9.163383	11.190012	-3.519009	0.000000	57207.156250	17414.541016	83047.679688
2007	02	0.000000	-1.800814	10.845871	14.022242	-0.000006	-0.000004	9.045056	20.157681	-1.225181	0.000000	57207.140625	17413.316406	83047.148438
2007	02	0.000000	-2.095746	10.984960	14.161089	-0.000006	-0.000005	8.889213	15.134334	0.689681	0.000000	57207.125000	17412.091797	83046.625000
2007	02	0.000000	-2.377661	11.175142	14.351030	-0.000006	-0.000005	8.797481	16.013660	-1.916706	0.000000	57207.109375	17410.859375	83046.093750
2007	02	0.000000	-1.797580	10.588272	13.763919	-0.000006	-0.000004	8.790692	17.486458	-2.517447	0.000000	57207.093750	17409.632812	83045.570312
2007	02	0.000000	-1.752562	10.507803	13.683211	-0.000006	-0.000004	8.755241	20.890385	-1.409321	0.000000	57207.078125	17408.414062	83045.054688
2007	02	0.000000	-1.669505	10.353006	13.528174	-0.000006	-0.000004	8.683501	28.406429	-0.340031	0.000000	57207.066406	17407.197266	83044.546875
2007	02	0.000000	-1.898929	10.450794	13.625722	-0.000006	-0.000004	8.551866	24.029926	2.936059	0.000000	57207.050781	17405.980469	83044.039062
2007	02	0.000000	-1.795349	10.216931	13.391618	-0.000006	-0.000004	8.421582	24.836246	-1.431013	0.000000	57207.039062	17404.761719	83043.539062
2007	02	0.000000	-1.549097	9.842372	13.016820	-0.000005	-0.000004	8.293275	34.253300	-0.523478	0.000000	57207.023438	17403.548828	83043.039062
2007	02	0.000000	-1.596334	9.704336	12.878544	-0.000005	-0.000004	8.108003	38.223728	-0.181446	0.000000	57207.011719	17402.335938	83042.554688
2007	02	0.000000	-1.662083	9.581198	12.755167	-0.000005	-0.000004	7.919115	34.141895	1.118303	0.000000	57207.003906	17401.126953	83042.078125
2007	02	0.000000	-2.739124	10.497622	13.671349	-0.000006	-0.000004	7.758498	7.876997	2.666401	0.000000	57206.992188	17399.906250	83041.593750
2007	02	0.000000	-2.727907	10.457867	13.631347	-0.000006	-0.000004	7.729960	7.501477	0.467829	0.000000	57206.984375	17398.669922	83041.101562
2007	02	0.000000	-2.659964	10.397104	13.570341	-0.000006	-0.000004	7.737140	10.707001	2.557529	0.000000	57206.976562	17397.441406	83040.609375
2007	02	0.000000	-3.179567	10.916810	14.089800	-0.000006	-0.000005	7.737243	-1.491802	-3.107877	0.000000	57206.968750	17396.203125	83040.117188
2007	02	0.000000	-3.249198	11.014985	14.187728	-0.000006	-0.000005	7.765787	8.741727	-0.457860	0.000000	57206.960938	17394.958984	83039.609375
2007	02	0.000000	-3.156480	10.956527	14.129023	-0.000006	-0.000005	7.800046	5.684434	3.147705	0.000000	57206.953125	17393.720703	83039.109375
2007	02	0.000000	-3.331775	11.153872	14.326121	-0.000006	-0.000005	7.822097	11.084763	2.281591	0.000000	57206.945312	17392.474609	83038.601562
2007	02	0.000000	-2.906301	10.750286	13.922291	-0.000006	-0.000004	7.843986	13.485356	5.057256	0.000000	57206.937500	17391.238281	83038.101562
2007	02	0.000000	-3.061515	10.914856	14.086614	-0.000006	-0.000005	7.853341	5.432023	-1.768525	0.000000	57206.929688	17389.998047	83037.601562
2007	02	0.000000	-2.925138	10.786842	13.958356	-0.000006	-0.000004	7.861704	13.148070	4.847858	0.000000	57206.921875	17388.761719	83037.101562
2007	02	0.000000	-2.614508	10.477342	13.648611	-0.000006	-0.000004	7.862834	18.051546	4.550005	0.000000	57206.914062	17387.529297	83036.601562
2007	02	0.000000	-2.648816	10.502916	13.673942	-0.000006	-0.000004	7.854101	18.094891	1.792824	0.000000	57206.906250	17386.298828	83036.109375
2007	02	0.000000	-2.261060	10.101060	13.271842	-0.000005	-0.000004	7.840000	21.846895	3.311853	0.000000	57206.898438	17385.074219	83035.617188
2007	03	0.000000	-2.813459	11.460472	14.970713	-0.000006	-0.000004	8.647014	18.590199	4.709666	0.000000	57206.890625	17383.849609	83035.132812
2007	03	0.000000	-3.053829	11.676225	15.186194	-0.000006	-0.000004	8.622395	20.223934	6.461431	0.000000	57206.882812	17382.621094	83034.640625
2007	03	0.000000	-3.069399	11.687998	15.197698	-0.000006	-0.000004	8.618598	28.469114	5.222357	0.000000	57206.875000	17381.386719	83034.148438
2007	03	0.000000	-3.017033	11.641088	15.150520	-0.000006	-0.000004	8.624056	15.145122	0.514000	0.000000	57206.867188	17380.162109	83033.656250
2007	03	0.000000	-3.272707	11.985901	15.495059	-0.000006	-0.000004	8.713194	29.373220	0.637814	0.000000	57206.859375	17378.919922	83033.156250
2007	03	0.000000	-2.882055	11.599330	15.108218	-0.000006	-0.000004	8.717275	31.927916	6.100707	0.000000	57206.851562	17377.693359	83032.664062
2007	03	0.000000	-3.111947	11.764723	15.273341	-0.000006	-0.000004	8.652777	27.439259	8.273805	0.000000	57206.843750	17376.462891	83032.171875
2007	03	0.000000	-3.786049	12.411297	15.919644	-0.000006	-0.000005	8.625248	23.639923	12.213635	0.000000	57206.835938	17375.226562	83031.671875
2007	03	0.000000	-3.960321	12.597805	16.105879	-0.000006	-0.000005	8.637484	9.100625	9.739205	0.000000	57206.828125	17373.980469	83031.156250
2007	03	0.000000	-3.749103	12.413949	15.921749	-0.000006	-0.000005	8.664846	6.808242	6.249826	0.000000	57206.820312	17372.732422	83030.648438
2007	03	0.000000	-4.149036	12.888889	16.396416	-0.000006	-0.000005	8.739854	8.484156	9.676881	0.000000	57206.812500	17371.486328	83030.140625
2007	03	0.000000	-3.988039	12.818739	16.325993	-0.000006	-0.000005	8.830700	9.879262	9.304931	0.000000	57206.804688	17370.234375	83029.617188
2007	03	0.000000	-4.412093	13.288295	16.795275	-0.000006	-0.000005	8.876203	-2.384599	-0.508268	0.000000	57206.796875	17368.984375	83029.093750
2007	03	0.000000	-3.902754	12.828200	16.334906	-0.000006	-0.000005	8.925447	25.625643	23.966413	0.000000	57206.789062	17367.728516	83028.570312
2007	03	0.000000	-3.398925	12.370994	15.877426	-0.000006	-0.000005	8.972068	20.768700	17.073389	0.000000	57206.781250	17366.486328	83028.054688
2007	03	0.000000	-3.634776	12.632535	16.138699	-0.000006	-0.000005	8.997759	18.049627	18.878534	0.000000	57206.773438	17365.246094	83027.539062
2007	03	0.000000	-3.844595	12.843733	16.349625	-0.000006	-0.000005	8.999137	12.926232	17.876629	0.000000	57206.765625	17364.000000	83027.023438
2007	03	0.000000	-4.145895	13.107064	16.612684	-0.000006	-0.000005	8.961169	9.679231	11.265265	0.000000	57206.757812	17362.750000	83026.492188
2007	03	0.000000	-4.169581	13.116666	16.622013	-0.000006	-0.000005	8.947084	13.673919	20.605551	0.000000	57206.750000	17361.496094	83025.968750
2007	03	0.000000	-3.220391	12.150283	15.655357	-0.000006	-0.000005	8.929892	20.077864	23.113501	0.000000	57206.738281	17360.251953	83025.453125
2007	03	0.000000	-4.128744	13.015047	16.519852	-0.000006	-0.000005	8.886303	9.631514	7.847111	0.000000	57206.730469	17359.007812	83024.937500
2007	03	0.000000	-4.236696	13.173062	16.677595	-0.000006	-0.000005	8.936366	23.299210	30.326891	0.000000	57206.722656	17357.751953	83024.406250
2007	03	0.000000	-4.369852	13.348185	16.852446	-0.000006	-0.000005	8.978333	-4.202941	6.126553	0.000000	57206.710938	17356.498047	83023.875000
2007	03	0.000000	-4.284471	13.310888	16.814877	-0.000006	-0.000005	9.026419	-5.032710	8.095521	0.000000	57206.703125	17355.240234	83023.343750
2007	03	0.000000	-4.911922	13.982361	17.486074	-0.000007	-0.000005	9.070439	-19.041594	1.950682	0.000000	57206.695312	17353.978516	83022.804688
2007	03	0.000000	-5.088383	14.189113	17.692551	-0.000007	-0.000005	9.100729	-19.081175	2.879740	0.000000	57206.683594	17352.705078	83022.250000
2007	03	0.000000	-4.515796	13.523099	17.026262	-0.000006	-0.000005	9.007303	0.588963	7.906562	0.000000	57206.675781	17351.439453	83021.710938
2007	03	0.000000	-4.437760	13.262495	16.765387	-0.000006	-0.000005	8.824735	-1.191824	18.258608	0.000000	57206.664062	17350.177734	83021.171875
2007	03	0.000000	-4.897187	13.803064	17.305681	-0.000006	-0.000005	8.905877	-8.105928	20.071035	0.000000	57206.656250	17348.910156	83020.632812
2007	03	0.000000	-4.276999	16.703133	20.205477	-0.000008	-0.000006	12.426132	34.318352	47.833927	0.000000	57206.667969	17347.648438	83020.085938
2007	03	0.000000	-4.723757	35.377674	38.879749	-0.000015	-0.000013	30.653919	19.032612	45.433571	0.000000	57207.171875	17346.384766	83019.148438
2007	04	0.000000	-4.743004	22.607527	25.996365	-0.000010	-0.000009	17.864523	17.395191	21.674515	0.000000	57207.878906	17345.115234	83018.000000
2007	04	0.000000	-4.906525	35.869175	39.257751	-0.000015	-0.000014	30.962650	5.011668	23.607613	0.000000	57208.242188	17343.839844	83017.007812
2007	04	0.000000	-4.228712	26.265238	29.653547	-0.000011	-0.000010	22.036524	63.286102	99.615540	0.000000	57208.855469	17342.570312	83015.734375
2007	04	0.000000	-3.809747	17.046282	20.434332	-0.000008	-0.000007	13.236536	82.219376	82.641121	0.000000	57208.917969	17341.312500	83015.000000
2007	04	0.000000	-3.807661	17.060028	20.447817	-0.000008	-0.000007	13.252367	74.384644	64.193825	0.000000	57208.953125	17340.060547	83014.328125
2007	04	0.000000	-3.691504	17.090183	20.477715	-0.000008	-0.000007	13.398680	65.599930	80.294083	0.000000	57208.988281	17338.806641	83013.640625
2007	04	0.000000	-3.395403	16.675596	20.062868	-0.000008	-0.000006	13.280193	65.075951	92.589577	0.000000	57209.027344	17337.558594	83012.960938
2007	04	0.000000	-3.650324	15.051300	18.438313	-0.000007	-0.000006	11.400976	25.197805	83.482292	0.000000	57209.058594	17336.310547	83012.312500
2007	04	0.000000	-4.072537	14.062627	17.449379	-0.000007	-0.000005	9.990089	-2.019594	44.504139	0.000000	57209.074219	17335.056641	83011.726562
2007	04	0.000000	-4.367533	17.142986	20.529478	-0.000008	-0.000007	12.775454	-1.745395	59.849773	0.000000	57209.105469	17333.792969	83011.101562
2007	04	0.000000	-4.414193	19.422285	22.808516	-0.000009	-0.000007	15.008092	-13.664474	104.648239	0.000000	57209.156250	17332.527344	83010.359375
2007	04	0.000000	-4.329675	17.275637	20.661608	-0.000008	-0.000007	12.945964	5.533628	46.673126	0.000000	57209.203125	17331.263672	83009.656250
2007	04	0.000000	-4.805438	23.536648	26.922354	-0.000010	-0.000009	18.731211	5.407580	28.111858	0.000000	57209.253906	17329.994141	83008.890625
2007	04	0.000000	-4.938713	30.671608	34.057049	-0.000013	-0.000012	25.732895	-0.770837	33.803123	0.000000	57209.351562	17328.718750	83007.875000
2007	04	0.000000	-5.320707	40.596527	43.981709	-0.000017	-0.000016	35.275822	-21.839396	26.955914	0.000000	57209.503906	17327.437500	83006.585938
2007	04	0.000000	-5.241374	49.780155	53.165066	-0.000021	-0.000019	44.538780	-15.828159	31.681171	0.000000	57209.718750	17326.152344	83004.976562
2007	04	0.000000	-4.980976	53.063274	56.447922	-0.000022	-0.000020	48.082294	11.211754	76.366928	0.000000	57209.984375	17324.873047	83003.148438
2007	04	0.000000	-5.629777	60.164330	63.548714	-0.000025	-0.000023	54.534554	-21.866339	24.118042	0.000000	57210.273438	17323.585938	83001.179688
2007	04	0.000000	-5.451477	70.235504	73.619629	-0.000028	-0.000027	64.784027	-1.100329	37.862946	0.000000	57210.621094	17322.294922	82998.914062
2007	04	0.000000	-6.113859	75.888680	79.272537	-0.000031	-0.000029	69.774826	-16.280664	23.535439	0.000000	57211.000000	17321.000000	82996.445312
2007	04	0.000000	-5.686185	94.962112	98.345703	-0.000038	-0.000037	89.275925	-8.616616	17.879326	0.000000	57211.433594	17319.697266	82993.351562
2007	04	0.000000	-5.805930	89.601761	92.985085	-0.000036	-0.000035	83.795837	18.767357	16.283527	0.000000	57211.851562	17318.402344	82990.320312
2007	04	0.000000	-5.670581	88.958450	92.341515	-0.000036	-0.000034	83.287872	46.458656	17.624823	0.000000	57212.250000	17317.105469	82987.218750
2007	04	0.000000	-5.607285	96.135826	99.518623	-0.000038	-0.000037	90.528534	76.492271	27.975447	0.000000	57212.628906	17315.810547	82984.031250
2007	04	0.000000	-6.019218	90.871078	94.253601	-0.000036	-0.000035	84.851852	56.866760	37.204727	0.000000	57213.058594	17314.513672	82980.898438
2007	04	0.000000	-6.916947	105.012177	108.394447	-0.000042	-0.000041	98.095238	43.769806	43.473335	0.000000	57213.527344	17313.193359	82977.484375
2007	04	0.000000	-5.694312	88.596466	91.978470	-0.000035	-0.000034	82.902161	62.391510	33.609032	0.000000	57213.976562	17311.886719	82974.171875
2007	04	0.000000	-6.564286	103.774292	107.156029	-0.000041	-0.000040	97.209999	48.313469	46.427383	0.000000	57214.375000	17310.578125	82970.921875
2007	04	0.000000	-6.379767	95.279594	98.661064	-0.000038	-0.000037	88.899818	27.154873	30.688454	0.000000	57214.824219	17309.257812	82967.390625
2007	04	0.000000	-5.597600	98.435974	101.817184	-0.000039	-0.000038	92.838371	78.268593	36.064980	0.000000	57215.203125	17307.955078	82964.406250
2007	05	0.000000	-6.250378	148.594360	152.087997	-0.000057	-0.000055	142.343979	67.349739	31.814543	0.000000	57215.675781	17306.650391	82960.023438
2007	05	0.000000	-6.789477	157.254456	160.747833	-0.000060	-0.000059	150.464981	66.826843	41.514751	0.000000	57216.132812	17305.335938	82955.015625
2007	05	0.000000	-7.665275	167.636261	171.129349	-0.000064	-0.000063	159.970993	32.710011	66.108124	0.000000	57216.589844	17304.005859	82949.632812
2007	05	0.000000	-7.467802	166.034546	169.527374	-0.000063	-0.000062	158.566742	9.842093	50.456688	0.000000	57216.988281	17302.667969	82944.156250
2007	05	0.000000	-7.432369	164.942429	168.434967	-0.000063	-0.000062	157.510056	-10.938925	29.813187	0.000000	57217.316406	17301.330078	82938.679688
2007	05	0.000000	-7.077332	160.317780	163.810059	-0.000061	-0.000060	153.240448	63.975716	53.098598	0.000000	57217.589844	17300.001953	82933.421875
2007	05	0.000000	-7.127192	159.079742	162.571732	-0.000061	-0.000059	151.952545	78.048340	50.199326	0.000000	57217.839844	17298.671875	82928.210938
2007	05	0.000000	-6.989436	150.903610	154.395340	-0.000058	-0.000056	143.914169	58.304638	65.190491	0.000000	57218.054688	17297.339844	82923.046875
2007	05	0.000000	-6.872183	145.212540	148.703979	-0.000056	-0.000054	138.340363	38.411308	29.925165	0.000000	57218.191406	17296.011719	82918.226562
2007	05	0.000000	-6.873674	142.794296	146.285477	-0.000055	-0.000053	135.920624	17.913298	12.580562	0.000000	57218.300781	17294.685547	82913.484375
2007	05	0.000000	-6.976672	149.447403	152.938309	-0.000057	-0.000056	142.470734	89.067955	41.416321	0.000000	57218.382812	17293.355469	82908.695312
2007	05	0.000000	-7.483137	149.677078	153.167709	-0.000057	-0.000056	142.193939	73.299545	60.474503	0.000000	57218.457031	17292.021484	82903.781250
2007	05	0.000000	-7.610409	155.104263	158.594620	-0.000059	-0.000058	147.493851	58.199841	35.515778	0.000000	57218.515625	17290.673828	82898.773438
2007	05	23.134081	11.280298	155.019592	135.375595	-0.000051	-0.000049	143.165802	100.932289	49.353382	62131.441406	57218.546875	17289.457031	82893.820312
2007	05	51.450676	32.914497	150.056610	102.095779	-0.000038	-0.000037	131.520432	111.589439	66.385170	138181.609375	57218.539062	17288.927734	82889.890625
2007	05	79.238747	54.204636	148.507767	72.758598	-0.000027	-0.000026	123.473648	117.843643	57.020359	212812.296875	57218.500000	17289.064453	82886.968750
2007	05	125.287315	88.876328	159.972046	38.174061	-0.000014	-0.000013	123.561066	54.439838	86.208420	336485.406250	57218.460938	17289.992188	82884.929688
2007	05	156.266327	108.904564	182.030457	29.253180	-0.000011	-0.000010	134.668686	18.154163	107.439911	419686.062500	57218.437500	17292.121094	82883.867188
2007	05	128.603729	88.863594	163.668350	38.553387	-0.000014	-0.000013	123.928207	76.241280	69.606537	345392.343750	57218.410156	17294.425781	82882.921875
2007	05	160.982834	114.953674	159.759079	2.264755	-0.000001	0.000000	113.729935	75.379410	83.859138	432353.250000	57218.332031	17296.285156	82882.039062
2007	05	190.675125	135.953979	172.336884	-14.850002	0.000006	0.000007	117.615753	33.066902	62.307308	512098.062500	57218.265625	17299.263672	82882.296875
2007	05	221.345261	159.211502	183.100021	-34.757286	0.000013	0.000014	120.966263	28.678076	54.996967	594469.187500	57218.203125	17302.949219	82883.132812
2007	05	238.385422	171.352036	194.872101	-40.025658	0.000015	0.000016	127.838722	53.731461	68.767616	640234.125000	57218.132812	17307.214844	82884.414062
2007	05	171.246216	118.763237	173.530136	5.771289	-0.000002	-0.000001	121.047150	54.940212	52.475525	459917.750000	57218.058594	17311.119141	82885.250000
2007	05	187.501678	132.933212	165.432251	-18.582336	0.000007	0.000008	110.863785	118.525192	52.738457	503575.218750	57217.953125	17314.095703	82885.539062
2007	05	252.281677	183.487091	178.483154	-70.311661	0.000026	0.000028	109.688606	118.696060	63.492645	677555.437500	57217.839844	17317.705078	82886.664062
2007	05	275.506653	199.813980	187.792755	-84.227318	0.000031	0.000033	112.100090	111.008301	73.557106	739931.000000	57217.742188	17322.970703	82889.328125
2007	05	307.235443	221.796280	199.573288	-104.175858	0.000039	0.000040	114.134117	63.605320	92.280037	825145.312500	57217.636719	17328.636719	82892.382812
2007	05	221.175156	151.711746	186.668365	-31.020777	0.000012	0.000013	117.204941	-11.487241	47.239738	594012.375000	57217.539062	17334.441406	82895.421875
2007	05	134.550385	82.245796	182.457977	51.393311	-0.000019	-0.000018	130.153366	-18.202438	37.444302	361363.375000	57217.421875	17336.941406	82894.953125
2007	05	351.282593	254.379059	228.943771	-118.853363	0.000044	0.000046	132.040237	69.048180	89.077644	943443.187500	57217.281250	17340.595703	82895.429688
2007	06	350.798187	252.519302	227.840378	-119.585030	0.000046	0.000047	129.561508	69.426125	97.653595	973546.937500	57217.144531	17348.109375	82899.640625
2007	06	331.531097	232.180481	231.980881	-96.177734	0.000037	0.000038	132.630264	37.784542	104.684479	920076.312500	57217.000000	17355.214844	82903.398438
2007	06	348.844879	245.565109	235.246689	-110.225998	0.000043	0.000044	131.966904	48.513153	112.760567	968126.187500	57216.843750	17362.333984	82907.117188
2007	06	340.341797	238.633713	230.791672	-106.178207	0.000041	0.000042	129.083572	56.108887	104.340004	944528.125000	57216.679688	17369.542969	82910.968750
2007	06	328.952393	231.203705	220.120255	-105.460472	0.000041	0.000042	122.371582	48.517338	96.300850	912919.812500	57216.496094	17376.300781	82914.562500
2007	06	250.326904	171.755920	194.403839	-52.551697	0.000020	0.000022	115.832832	29.117456	55.341900	694715.750000	57216.308594	17382.447266	82917.718750
2007	06	263.162415	183.263702	192.237701	-67.553612	0.000026	0.000027	112.338974	101.964005	77.472473	730337.312500	57216.109375	17386.990234	82919.484375
2007	06	295.140442	212.106369	185.946198	-105.823372	0.000041	0.000042	102.912125	123.049332	68.197655	819083.750000	57215.906250	17392.566406	82922.531250
2007	06	298.628784	212.819534	188.356415	-106.901756	0.000041	0.000043	102.547150	48.769749	70.452126	828764.687500	57215.710938	17398.748047	82926.296875
2007	06	317.055817	226.905807	193.725113	-119.960320	0.000046	0.000048	103.575119	76.198349	69.392181	879903.937500	57215.515625	17404.812500	82929.953125
2007	06	316.853302	224.583893	196.328613	-117.154579	0.000045	0.000046	104.059204	38.577385	78.305893	879342.000000	57215.324219	17411.482422	82934.187500
2007	06	211.813904	137.432892	197.530365	-10.913698	0.000004	0.000006	123.149361	-33.410454	77.567047	587833.062500	57215.128906	17416.619141	82936.671875
2007	06	334.516602	237.598907	231.943863	-99.203156	0.000038	0.000040	135.026184	69.015343	78.887428	928361.750000	57214.898438	17421.566406	82938.140625
2007	06	354.355988	253.249329	229.105911	-121.880760	0.000047	0.000048	127.999237	72.625114	88.420738	983420.687500	57214.644531	17428.695312	82941.953125
2007	06	339.713013	241.173935	223.865097	-112.478836	0.000043	0.000045	125.326042	61.900883	79.293076	942783.000000	57214.390625	17436.083984	82946.148438
2007	06	350.294495	249.204269	223.752960	-123.172722	0.000048	0.000049	122.662743	80.273010	94.346832	972149.062500	57214.132812	17443.101562	82950.062500
2007	06	356.763855	255.049911	220.462128	-132.933182	0.000051	0.000053	118.748177	73.309044	95.583008	990103.125000	57213.875000	17450.548828	82954.523438
2007	06	293.605072	202.734650	209.388626	-80.848129	0.000031	0.000032	118.518204	9.768151	71.356613	814822.750000	57213.617188	17457.517578	82958.523438
2007	06	227.115265	148.536316	194.260559	-29.486658	0.000011	0.000013	115.681610	-25.007790	72.204178	630298.000000	57213.351562	17462.160156	82960.281250
2007	06	340.408752	241.686890	211.445175	-125.595764	0.000048	0.000050	112.723328	47.600014	87.964958	944713.812500	57213.085938	17467.533203	82962.898438
2007	06	338.853851	238.368484	215.988205	-119.498100	0.000046	0.000047	115.502853	35.380741	86.677422	940398.687500	57212.820312	17474.449219	82967.039062
2007	06	353.117401	247.240097	221.743515	-128.006592	0.000049	0.000051	115.866234	3.447556	106.309174	979983.312500	57212.554688	17481.583984	82971.351562
2007	06	349.323120	239.904999	230.048599	-115.907516	0.000045	0.000046	120.630463	35.643562	114.795517	969453.312500	57212.289062	17488.878906	82975.726562
2007	06	380.731293	266.559326	233.180222	-144.184311	0.000056	0.000057	119.008247	36.689247	118.002609	1056618.375000	57212.015625	17496.001953	82979.859375
2007	06	357.035370	251.168442	217.663116	-136.005722	0.000052	0.000054	111.796211	38.532803	94.696106	990856.562500	57211.738281	17503.880859	82984.914062
2007	06	254.509201	172.002579	200.182343	-50.960583	0.000020	0.000021	117.675728	-4.367313	106.521927	706322.562500	57211.453125	17510.017578	82988.335938
2007	06	290.837524	202.802795	222.229477	-65.242004	0.000025	0.000026	134.194794	75.735626	82.022903	807142.062500	57211.128906	17515.128906	82990.156250
2007	06	325.668335	232.807938	215.480118	-106.822441	0.000041	0.000043	122.619713	116.298584	69.370117	903805.812500	57210.781250	17520.968750	82992.773438
2007	06	372.895660	267.303406	227.196213	-142.333893	0.000055	0.000056	121.603951	86.830795	92.041275	1034872.562500	57210.441406	17528.179688	82996.960938
2007	06	367.476196	259.056885	233.672028	-130.438873	0.000050	0.000052	125.252686	40.583260	80.492599	1019832.375000	57210.109375	17536.048828	83001.734375
2007	07	351.818115	242.742584	247.723892	-100.617035	0.000038	0.000039	138.648346	27.175217	89.047050	944881.500000	57209.769531	17543.160156	83005.570312
2007	07	349.557922	243.842422	254.123764	-91.957161	0.000034	0.000036	148.408310	21.521975	102.366539	938811.187500	57209.390625	17549.951172	83008.664062
2007	07	373.590729	260.013824	255.758667	-114.355385	0.000043	0.000044	142.181747	47.172356	110.640579	1003356.437500	57208.996094	17557.332031	83012.453125
2007	07	375.617188	260.568085	255.833420	-116.307335	0.000043	0.000045	140.784302	29.310551	105.513435	1008798.937500	57208.605469	17564.636719	83016.203125
2007	07	384.213562	267.632996	255.280273	-125.457100	0.000047	0.000048	138.699707	43.939316	113.501732	1031886.250000	57208.207031	17571.933594	83020.031250
2007	07	395.227783	274.611420	258.535767	-133.216080	0.000050	0.000051	137.919403	49.742462	122.814507	1061467.250000	57207.804688	17579.732422	83024.414062
2007	07	368.466431	251.275726	253.745132	-111.245598	0.000042	0.000043	136.554459	17.529028	121.668083	989594.000000	57207.402344	17587.220703	83028.484375
2007	07	381.771698	265.695099	245.450867	-132.845413	0.000050	0.000051	129.374298	69.280663	112.861435	1025328.062500	57206.996094	17594.330078	83032.320312
2007	07	368.965454	256.637756	236.212997	-129.277344	0.000048	0.000050	123.885292	62.669411	103.996819	990934.375000	57206.570312	17601.888672	83036.828125
2007	07	273.347107	185.379120	214.842438	-55.029781	0.000021	0.000022	126.874443	-7.544809	91.619766	734131.125000	57206.097656	17608.341797	83040.390625
2007	07	321.638733	221.364151	243.794510	-74.369583	0.000028	0.000029	143.519928	19.227850	83.514801	863828.437500	57205.628906	17613.359375	83041.937500
2007	07	348.666656	241.968094	243.189621	-102.002617	0.000038	0.000039	136.491074	27.255259	88.592407	936417.562500	57205.148438	17619.953125	83045.085938
2007	07	317.229126	214.066254	244.503143	-69.251839	0.000026	0.000027	141.340256	-6.897485	82.913727	851985.562500	57204.664062	17626.013672	83047.742188
2007	07	356.449036	243.644104	273.729736	-79.245407	0.000030	0.000031	160.924789	46.431484	120.438431	957318.750000	57204.140625	17632.292969	83050.078125
2007	07	374.672028	259.874451	263.685181	-107.513222	0.000040	0.000041	148.887589	61.604893	112.048897	1006260.562500	57203.601562	17639.527344	83053.398438
2007	07	365.403137	251.090820	259.899719	-102.030037	0.000038	0.000039	145.587387	46.073914	114.983780	981366.937500	57203.058594	17646.632812	83056.796875
2007	07	355.447815	239.206100	263.620789	-88.353874	0.000033	0.000034	147.379074	37.416290	124.276237	954629.875000	57202.511719	17653.623047	83060.117188
2007	07	361.635681	244.111206	263.913239	-94.249550	0.000035	0.000036	146.388763	33.631271	121.408951	971248.625000	57201.972656	17660.390625	83063.156250
2007	07	297.181854	194.478302	243.413284	-50.295933	0.000019	0.000020	140.709732	-17.432646	74.399719	798144.312500	57201.441406	17666.580078	83065.734375
2007	07	326.215302	214.529877	251.706665	-71.036293	0.000027	0.000028	140.021225	-14.622832	118.350845	876119.750000	57200.933594	17671.640625	83067.320312
2007	07	327.230530	210.656631	258.315002	-65.443451	0.000024	0.000026	141.741119	-52.273930	114.812149	878846.312500	57200.425781	17677.968750	83070.148438
2007	07	299.765045	190.940948	251.130249	-45.163002	0.000017	0.000018	142.306152	22.411415	117.284721	805082.000000	57199.910156	17683.734375	83072.367188
2007	07	319.728851	208.796692	246.419495	-69.837845	0.000026	0.000027	135.487320	15.013949	130.835297	858699.062500	57199.406250	17689.027344	83074.226562
2007	07	311.608887	200.667221	246.387115	-61.750507	0.000023	0.000024	135.445465	14.959210	132.414978	836891.125000	57198.906250	17694.730469	83076.609375
2007	07	300.191193	189.374100	244.627670	-52.092545	0.000019	0.000021	133.810577	-24.339865	128.373230	806226.500000	57198.410156	17699.929688	83078.476562
2007	07	322.568665	212.893951	231.398407	-87.699570	0.000033	0.000034	121.723671	48.263325	120.547409	866325.937500	57197.925781	17705.316406	83080.750000
2007	07	327.008972	221.044556	218.257629	-105.280922	0.000039	0.000041	112.293198	57.618565	103.999176	878251.375000	57197.453125	17711.210938	83083.968750
2007	07	307.234741	202.903946	215.727646	-88.036896	0.000033	0.000034	111.396851	45.088818	108.589806	825143.500000	57196.984375	17717.134766	83087.335938
2007	07	289.560394	182.171448	223.441986	-62.648483	0.000023	0.000025	116.053009	13.569226	120.405838	777675.312500	57196.523438	17722.185547	83089.742188
2007	07	295.562042	190.235413	216.061081	-76.031296	0.000028	0.000030	110.734436	-9.953992	104.576790	793794.000000	57196.070312	17727.271484	83092.203125
2007	07	292.217834	184.937912	217.729507	-71.018898	0.000027	0.000028	110.449585	-5.294326	121.032005	784812.437500	57195.621094	17732.371094	83094.789062
2007	08	205.653244	122.946815	192.553436	-9.630646	0.000004	0.000005	109.847000	-3.893152	57.658108	552325.000000	57195.187500	17736.050781	83095.945312
2007	08	292.903137	194.071243	206.596298	-82.837936	0.000031	0.000032	107.764404	16.621058	93.222610	786652.937500	57194.753906	17740.187500	83097.585938
2007	08	322.353241	215.571747	212.074753	-106.809830	0.000040	0.000041	105.293259	41.845322	112.554085	865747.312500	57194.324219	17745.558594	83100.585938
2007	08	294.835510	194.066132	203.049255	-88.317863	0.000033	0.000034	102.279861	14.656831	90.127357	791842.750000	57193.871094	17751.316406	83104.046875
2007	08	244.998535	156.227295	189.926254	-51.604088	0.000019	0.000021	101.155029	4.613872	56.014446	657995.000000	57193.433594	17755.792969	83106.265625
2007	08	300.670929	199.386642	211.565277	-85.637718	0.000032	0.000033	110.280998	41.332214	106.382530	807515.000000	57193.007812	17760.289062	83108.390625
2007	08	259.668732	171.423920	196.806686	-59.394356	0.000022	0.000023	108.561852	34.290710	71.563416	697395.000000	57192.558594	17765.183594	83110.875000
2007	08	296.440308	196.072342	216.313919	-76.658913	0.000029	0.000030	115.945969	16.157070	88.455513	796152.687500	57192.105469	17770.009766	83113.054688
2007	08	253.904007	161.045013	206.003403	-44.433357	0.000017	0.000018	113.144424	-2.769902	73.558060	681912.500000	57191.644531	17774.808594	83115.179688
2007	08	227.041397	147.356262	183.522629	-40.051773	0.000015	0.000016	103.837502	17.237637	48.286488	609767.375000	57191.199219	17778.849609	83116.773438
2007	08	267.482910	180.021912	188.302155	-75.713959	0.000028	0.000030	100.841164	68.943504	62.882217	718381.500000	57190.773438	17782.613281	83118.304688
2007	08	265.882385	174.812317	191.760437	-70.655403	0.000026	0.000028	100.690369	68.005585	79.047760	714083.000000	57190.355469	17787.093750	83120.562500
2007	08	255.515472	168.741608	182.305847	-69.743309	0.000026	0.000027	95.531982	22.430433	69.387260	686240.500000	57189.941406	17791.769531	83123.132812
2007	08	218.104630	138.433975	194.178833	-20.459713	0.000008	0.000009	114.508171	28.117367	74.663795	585765.812500	57189.519531	17795.466797	83124.570312
2007	08	260.138489	174.630112	199.397049	-57.275597	0.000021	0.000023	113.888649	78.610077	70.348160	698656.625000	57189.046875	17799.316406	83125.671875
2007	08	212.220673	134.435944	193.413040	-15.342019	0.000006	0.000007	115.628296	41.611740	82.872719	569963.187500	57188.578125	17803.281250	83127.000000
2007	08	258.751190	174.493652	194.946350	-60.339443	0.000023	0.000024	110.688812	88.116081	66.001465	694930.687500	57188.109375	17807.048828	83128.156250
2007	08	246.412689	164.543488	188.549088	-54.398403	0.000020	0.000022	106.679909	52.038639	56.465969	661793.062500	57187.652344	17811.414062	83130.070312
2007	08	241.044540	155.631256	195.804626	-41.774963	0.000016	0.000017	110.391350	28.283720	67.409515	647375.750000	57187.203125	17815.289062	83131.484375
2007	08	236.753906	150.801270	196.195312	-37.093887	0.000014	0.000015	110.242676	-5.874376	59.753326	635852.375000	57186.753906	17819.101562	83132.781250
2007	08	222.969818	138.426544	202.375244	-17.130136	0.000006	0.000008	117.831963	-17.905989	92.631172	598832.312500	57186.296875	17822.855469	83133.937500
2007	08	257.726318	166.105576	220.589539	-33.672611	0.000013	0.000014	128.968765	14.159090	92.370605	692178.250000	57185.800781	17826.601562	83134.671875
2007	08	204.551727	125.499832	200.972290	-0.115490	0.000000	0.000001	121.920395	-17.261106	72.231567	549366.625000	57185.289062	17830.445312	83135.554688
2007	08	238.694473	154.428024	204.214355	-31.016403	0.000012	0.000013	119.947906	53.569866	58.367210	641064.125000	57184.781250	17833.802734	83136.039062
2007	08	203.492798	128.875702	188.554733	-11.474592	0.000004	0.000006	113.937645	54.482258	71.116013	546522.687500	57184.285156	17837.345703	83136.867188
2007	08	146.043564	87.933014	166.054352	23.474031	-0.000009	-0.000007	107.943802	-7.707293	56.926422	392230.687500	57183.800781	17840.054688	83137.070312
2007	08	143.481262	82.208038	176.637604	36.619339	-0.000014	-0.000012	115.364365	-4.082695	55.468201	385349.125000	57183.312500	17841.498047	83135.945312
2007	08	207.664749	134.073410	191.047440	-13.154542	0.000005	0.000006	117.456093	63.400604	65.550385	557727.375000	57182.812500	17843.589844	83135.320312
2007	08	216.453079	141.821106	186.441849	-26.548674	0.000010	0.000011	111.809883	56.555550	47.551651	581330.250000	57182.312500	17846.843750	83135.929688
2007	08	235.406265	153.749176	193.563171	-38.380753	0.000014	0.000016	111.906082	38.895676	55.888538	632233.000000	57181.828125	17850.400391	83136.945312
2007	08	212.021805	130.070297	198.977554	-9.582150	0.000004	0.000005	117.026054	5.027510	63.211075	569429.125000	57181.343750	17853.804688	83137.687500
2007	09	207.519531	126.374908	194.419296	-9.750040	0.000004	0.000005	113.274696	-35.175648	70.038551	575915.187500	57180.851562	17857.167969	83138.335938
2007	09	213.535049	130.280289	197.737869	-12.447244	0.000005	0.000006	114.483116	1.552185	73.026253	592609.687500	57180.359375	17860.150391	83138.539062
2007	09	216.586685	135.950668	190.007385	-23.229610	0.000009	0.000010	109.371368	23.791615	64.852165	601078.687500	57179.867188	17863.525391	83139.250000
2007	09	183.538177	110.334541	179.872635	-0.316097	0.000000	0.000001	106.668983	-14.426172	51.725578	509361.375000	57179.382812	17866.750000	83139.921875
2007	09	182.927139	111.458717	175.563889	-4.014020	0.000002	0.000003	104.095459	-3.319021	48.467487	507665.593750	57178.902344	17869.257812	83139.968750
2007	09	193.752319	118.085365	180.816956	-9.586383	0.000004	0.000005	105.149994	26.661009	60.354202	537708.000000	57178.429688	17871.880859	83140.140625
2007	09	128.694641	72.771729	157.080063	31.734196	-0.000012	-0.000011	101.157150	3.109928	38.966805	357157.718750	57177.960938	17874.369141	83140.281250
2007	09	129.838638	74.120094	162.603790	36.113705	-0.000014	-0.000013	106.885246	16.153481	59.580666	360332.593750	57177.476562	17875.625000	83139.085938
2007	09	171.140137	108.163582	164.883667	-2.908142	0.000001	0.000002	101.907104	68.801758	37.991177	474953.906250	57176.988281	17877.269531	83138.312500
2007	09	176.930542	112.851822	161.870758	-11.711651	0.000005	0.000006	97.792038	61.404472	42.392269	491023.656250	57176.519531	17879.681641	83138.460938
2007	09	148.838730	87.436646	161.645920	16.155104	-0.000006	-0.000005	100.243843	16.062332	47.070133	413062.250000	57176.058594	17882.039062	83138.562500
2007	09	124.964424	71.127495	154.382278	32.765545	-0.000013	-0.000011	100.545349	-13.361681	50.319637	346805.468750	57175.597656	17883.742188	83137.960938
2007	09	77.952965	34.188873	150.493530	75.888023	-0.000029	-0.000028	106.729439	33.726269	57.957161	216337.703125	57175.113281	17884.681641	83136.460938
2007	09	94.748711	52.030334	136.520050	45.118587	-0.000017	-0.000016	93.801674	99.054916	31.303982	262949.843750	57174.628906	17884.789062	83134.304688
2007	09	146.701889	91.972702	146.460281	3.105450	-0.000001	0.000000	91.731087	60.072266	35.137657	407132.031250	57174.171875	17885.589844	83133.093750
2007	09	170.492569	107.234047	159.042206	-8.103493	0.000003	0.000004	95.783699	39.592808	43.313751	473156.750000	57173.730469	17887.603516	83133.031250
2007	09	180.490570	111.638161	168.523132	-8.620801	0.000003	0.000005	99.670723	16.948954	52.071384	500903.531250	57173.281250	17890.048828	83133.265625
2007	09	139.987869	82.736084	155.040878	18.399429	-0.000007	-0.000006	97.789093	28.274895	23.934544	388499.093750	57172.832031	17892.400391	83133.343750
2007	09	145.967728	89.171036	150.316330	7.694823	-0.000003	-0.000002	93.519646	49.098598	31.570669	405094.562500	57172.382812	17894.048828	83132.867188
2007	09	94.336250	50.799927	131.553360	40.563118	-0.000016	-0.000014	88.017036	61.307537	22.827677	261805.140625	57171.945312	17895.496094	83132.328125
2007	09	116.373093	68.936722	131.698288	18.671019	-0.000007	-0.000006	84.261925	47.435112	21.394489	322962.562500	57171.523438	17896.083984	83131.132812
2007	09	109.867599	59.634007	140.202362	33.680374	-0.000013	-0.000012	89.968781	22.588387	35.128948	304908.250000	57171.109375	17897.035156	83130.218750
2007	09	135.125412	78.934586	146.401352	14.621302	-0.000006	-0.000004	90.210503	20.483187	35.023491	375004.656250	57170.691406	17898.132812	83129.382812
2007	09	125.538147	72.297287	143.378006	21.185022	-0.000008	-0.000007	90.137146	33.318253	26.340420	348397.718750	57170.273438	17899.539062	83128.804688
2007	09	110.286430	61.665977	135.574707	28.633219	-0.000011	-0.000010	86.954254	39.025089	23.843855	306070.656250	57169.855469	17900.710938	83128.078125
2007	09	118.209671	67.217987	136.574646	21.709705	-0.000008	-0.000007	85.582962	7.444050	30.983431	328059.468750	57169.445312	17901.642578	83127.203125
2007	09	117.259872	63.349865	142.906189	28.990824	-0.000011	-0.000010	88.996185	3.527809	33.706036	325423.562500	57169.039062	17902.671875	83126.359375
2007	09	113.172371	61.783344	138.269745	28.441637	-0.000011	-0.000010	86.880714	12.672971	31.873573	314079.812500	57168.632812	17903.701172	83125.515625
2007	09	95.892540	46.198566	137.054535	44.506035	-0.000017	-0.000016	87.360558	-28.301720	33.770794	266124.218750	57168.226562	17904.537109	83124.507812
2007	09	61.659298	21.301214	128.881470	70.565971	-0.000027	-0.000026	88.523384	-10.399836	32.522949	171118.968750	57167.816406	17904.710938	83122.781250
2007	10	105.025291	57.392616	135.239883	33.669636	-0.000013	-0.000011	87.607216	27.593725	24.061363	282067.468750	57167.406250	17904.605469	83120.851562
2007	10	103.346100	54.077202	137.161148	37.269867	-0.000014	-0.000013	87.892250	-5.264147	30.325518	277557.687500	57167.000000	17905.234375	83119.710938
2007	10	107.812752	57.001999	141.696121	37.337967	-0.000014	-0.000013	90.885376	6.462132	37.825241	289553.812500	57166.593750	17905.882812	83118.515625
2007	10	88.213112	43.487362	133.791885	49.033134	-0.000018	-0.000017	89.066132	27.856388	34.476128	236914.859375	57166.187500	17906.468750	83117.250000
2007	10	89.885147	46.974503	127.814560	41.383560	-0.000015	-0.000014	84.903908	38.127216	16.676502	241405.468750	57165.781250	17906.746094	83115.781250
2007	10	83.814865	43.121223	122.647331	42.286419	-0.000016	-0.000014	81.953690	34.502689	15.657881	225102.453125	57165.390625	17907.009766	83114.406250
2007	10	81.608681	40.425838	122.986298	44.831367	-0.000017	-0.000015	81.803459	36.649017	14.867700	219177.265625	57165.003906	17907.136719	83112.945312
2007	10	101.230934	55.395561	126.915207	29.137810	-0.000011	-0.000010	81.079834	18.953587	20.823156	271876.937500	57164.625000	17907.341797	83111.585938
2007	10	86.756577	42.122681	127.886810	44.583534	-0.000017	-0.000015	83.252899	1.343541	15.840763	233003.031250	57164.250000	17907.861328	83110.500000
2007	10	88.949844	43.931965	129.110565	43.613811	-0.000016	-0.000015	84.092697	15.893109	16.136906	238893.515625	57163.871094	17907.712891	83109.070312
2007	10	79.181450	37.003601	125.249458	49.520863	-0.000018	-0.000017	83.071609	-1.185743	24.763733	212658.437500	57163.515625	17905.552734	83107.648438
2007	10	55.213165	18.319948	120.782181	69.021652	-0.000026	-0.000024	83.888969	-24.286064	18.874561	148286.546875	57163.234375	17900.583984	83105.937500
2007	10	72.017532	32.552830	126.130043	57.564919	-0.000021	-0.000020	86.665344	10.160130	9.932510	193418.218750	57163.062500	17892.728516	83103.781250
2007	10	68.783173	31.593332	125.695740	60.364773	-0.000023	-0.000021	88.505905	21.846581	14.142151	184731.671875	57163.027344	17882.726562	83101.875000
2007	10	87.925232	46.256607	133.154007	48.680794	-0.000018	-0.000017	91.485397	9.738499	16.676334	236141.671875	57163.148438	17870.259766	83099.968750
2007	10	81.215576	40.334873	139.301514	61.537724	-0.000023	-0.000022	98.420799	0.280523	17.661112	218121.515625	57163.460938	17855.617188	83098.164062
2007	10	67.222878	30.061708	140.204788	76.433495	-0.000029	-0.000027	103.043617	-10.638512	17.070133	180541.156250	57163.976562	17838.287109	83095.992188
2007	10	55.746845	23.233429	139.306564	87.011101	-0.000032	-0.000031	106.793144	4.564099	9.983569	149719.875000	57164.703125	17818.154297	83093.367188
2007	10	40.719318	13.715977	137.080475	99.812347	-0.000037	-0.000036	110.077126	0.752776	7.505270	109360.289062	57165.640625	17795.263672	83090.375000
2007	10	37.550545	12.927376	139.587784	105.488251	-0.000039	-0.000038	114.964615	21.276569	7.180137	100849.875000	57166.804688	17769.589844	83086.921875
2007	10	25.902987	6.382257	136.076019	113.623871	-0.000042	-0.000041	116.555283	20.788023	7.566951	69567.914062	57168.179688	17741.359375	83083.312500
2007	10	18.442495	2.341393	135.587540	120.595734	-0.000045	-0.000044	119.486427	11.938869	8.037092	49531.195312	57169.761719	17710.437500	83079.390625
2007	10	12.657270	0.089398	135.820297	126.613564	-0.000047	-0.000046	123.252411	10.325918	4.725463	33993.761719	57171.558594	17676.910156	83075.226562
2007	10	2.643275	-6.304049	140.685944	141.493073	-0.000053	-0.000052	131.738617	14.163688	7.534578	7099.071289	57173.621094	17640.816406	83070.695312
2007	10	0.000000	-8.850838	139.718048	143.168320	-0.000053	-0.000052	130.867203	-19.055704	7.133010	0.000000	57175.804688	17618.861328	83065.859375
2007	10	0.000000	-6.483259	127.657661	131.107788	-0.000049	-0.000048	121.174400	-3.930481	34.436008	0.000000	57177.492188	17617.150391	83061.132812
2007	10	0.000000	-5.254014	103.120865	106.570847	-0.000040	-0.000039	97.866852	33.886620	32.116390	0.000000	57178.796875	17615.554688	83057.023438
2007	10	0.000000	-5.071786	84.308426	87.758286	-0.000033	-0.000031	79.236641	27.758368	16.969744	0.000000	57179.753906	17613.984375	83053.695312
2007	10	0.000000	-6.282980	85.567398	89.017105	-0.000033	-0.000032	79.284409	-2.401303	12.440068	0.000000	57180.523438	17612.406250	83050.656250
2007	10	0.000000	-6.254039	93.721481	97.171051	-0.000036	-0.000035	87.467445	9.152489	3.161399	0.000000	57181.257812	17610.832031	83047.406250
2007	10	0.000000	-6.224376	104.724251	108.173668	-0.000040	-0.000039	98.499878	-32.446552	52.246002	0.000000	57182.003906	17609.257812	83043.851562
2007	11	0.000000	-5.553787	93.115082	96.453079	-0.000037	-0.000036	87.561302	0.598798	16.938517	0.000000	57182.710938	17607.703125	83040.257812
2007	11	0.000000	-5.586033	91.246300	94.584160	-0.000036	-0.000035	85.660263	-18.326523	21.774555	0.000000	57183.308594	17606.156250	83036.882812
2007	11	0.000000	-5.494908	87.614296	90.952003	-0.000035	-0.000034	82.119385	-5.037689	21.176199	0.000000	57183.847656	17604.617188	83033.554688
2007	11	0.000000	-5.454864	84.131660	87.469231	-0.000034	-0.000032	78.676796	-6.623017	13.319840	0.000000	57184.308594	17603.087891	83030.414062
2007	11	0.000000	-5.013045	81.264503	84.601921	-0.000033	-0.000031	76.251465	-4.361939	20.976337	0.000000	57184.726562	17601.568359	83027.320312
2007	11	0.000000	-4.180274	70.419792	73.757050	-0.000028	-0.000027	66.239517	21.126442	10.382895	0.000000	57185.078125	17600.064453	83024.445312
2007	11	0.000000	-4.217698	54.925842	58.262955	-0.000022	-0.000021	50.708149	12.382281	13.884196	0.000000	57185.308594	17598.582031	83022.070312
2007	11	0.000000	-4.747241	50.783089	54.120045	-0.000021	-0.000020	46.035843	0.207779	5.733974	0.000000	57185.441406	17597.089844	83020.031250
2007	11	0.000000	-4.966264	48.877140	52.213940	-0.000020	-0.000019	43.910873	-2.733769	9.743357	0.000000	57185.535156	17595.609375	83018.093750
2007	11	0.000000	-4.214296	47.546967	50.883610	-0.000020	-0.000018	43.332672	2.716510	6.214190	0.000000	57185.609375	17594.130859	83016.179688
2007	11	0.000000	-5.282180	48.371670	51.708149	-0.000020	-0.000019	43.089485	-3.793694	7.858034	0.000000	57185.671875	17592.656250	83014.312500
2007	11	0.000000	-5.115939	49.152145	52.488472	-0.000020	-0.000019	44.036205	-6.926254	11.855476	0.000000	57185.726562	17591.185547	83012.421875
2007	11	0.000000	-4.879068	49.810268	53.146423	-0.000021	-0.000019	44.931202	-19.509426	2.584599	0.000000	57185.773438	17589.718750	83010.500000
2007	11	0.000000	-5.432752	51.494091	54.830082	-0.000021	-0.000020	46.061340	-26.118107	17.941172	0.000000	57185.816406	17588.251953	83008.546875
2007	11	0.000000	-4.856396	51.423164	54.758991	-0.000021	-0.000020	46.566772	-10.452934	4.330236	0.000000	57185.851562	17586.796875	83006.578125
2007	11	0.000000	-4.062513	50.986465	54.322124	-0.000021	-0.000020	46.923950	-8.588821	1.689756	0.000000	57185.882812	17585.355469	83004.609375
2007	11	0.000000	-4.258681	50.906322	54.241817	-0.000021	-0.000020	46.647644	-8.685285	0.133960	0.000000	57185.906250	17583.923828	83002.648438
2007	11	0.000000	-4.951477	51.461781	54.797100	-0.000021	-0.000020	46.510303	-10.780503	2.975599	0.000000	57185.917969	17582.490234	83000.695312
2007	11	0.000000	-5.326004	52.806293	56.141441	-0.000022	-0.000020	47.480289	-13.069388	-0.430145	0.000000	57185.925781	17581.050781	82998.726562
2007	11	0.000000	-4.420737	53.458942	56.793919	-0.000022	-0.000021	49.038204	-1.556811	-2.722280	0.000000	57185.933594	17579.617188	82996.710938
2007	11	0.000000	-3.466164	53.312840	56.647648	-0.000022	-0.000021	49.846676	10.103977	-0.897059	0.000000	57185.937500	17578.210938	82994.687500
2007	11	0.000000	-3.072886	53.190979	56.525620	-0.000022	-0.000021	50.118095	4.409472	-2.200697	0.000000	57185.937500	17576.820312	82992.656250
2007	11	0.000000	-3.400702	53.304188	56.638657	-0.000022	-0.000021	49.903484	-1.804743	0.844603	0.000000	57185.933594	17575.433594	82990.632812
2007	11	0.000000	-3.956206	53.801003	57.135303	-0.000022	-0.000021	49.844795	-1.043274	-3.577862	0.000000	57185.925781	17574.041016	82988.609375
2007	11	0.000000	-4.626775	54.894985	58.229107	-0.000022	-0.000021	50.268215	-5.519111	-1.292755	0.000000	57185.910156	17572.640625	82986.578125
2007	11	0.000000	-3.184884	53.950905	57.284847	-0.000022	-0.000021	50.766018	23.409302	-8.863554	0.000000	57185.894531	17571.253906	82984.531250
2007	11	0.000000	-2.446987	53.246964	56.580738	-0.000022	-0.000021	50.799976	25.265556	-11.578699	0.000000	57185.871094	17569.890625	82982.507812
2007	11	0.000000	-2.305204	52.382515	55.716118	-0.000021	-0.000020	50.077312	16.097151	-1.348752	0.000000	57185.847656	17568.542969	82980.507812
2007	11	0.000000	-2.919360	51.955536	55.288971	-0.000021	-0.000020	49.036175	15.421427	-7.025043	0.000000	57185.816406	17567.189453	82978.531250
2007	11	0.000000	-2.570164	50.629585	53.962841	-0.000021	-0.000020	48.059425	9.644537	-15.081624	0.000000	57185.781250	17565.839844	82976.593750
2007	12	0.000000	-3.151006	51.619659	55.063843	-0.000021	-0.000019	48.468651	9.421436	-12.766116	0.000000	57185.738281	17564.492188	82974.695312
2007	12	0.000000	-2.235817	50.137787	53.581787	-0.000020	-0.000019	47.901974	13.177254	-6.709725	0.000000	57185.691406	17563.152344	82972.835938
2007	12	0.000000	-2.399346	48.652740	52.096558	-0.000019	-0.000018	46.253391	18.944271	-4.805270	0.000000	57185.640625	17561.824219	82971.015625
2007	12	0.000000	-2.729426	47.127243	50.570881	-0.000019	-0.000018	44.397820	16.087805	-13.947836	0.000000	57185.585938	17560.494141	82969.250000
2007	12	0.000000	-2.795895	39.244209	42.687656	-0.000016	-0.000015	36.448315	30.621012	-10.955961	0.000000	57185.515625	17559.164062	82967.656250
2007	12	0.000000	-2.165162	37.069324	40.512589	-0.000015	-0.000014	34.904163	19.376226	-3.782869	0.000000	57185.437500	17557.845703	82966.203125
2007	12	0.000000	-2.899488	29.891750	33.334827	-0.000012	-0.000011	26.992264	11.650418	-13.546437	0.000000	57185.382812	17556.521484	82964.937500
2007	12	0.000000	-2.431571	28.124125	31.567013	-0.000012	-0.000011	25.692556	4.050274	-13.197347	0.000000	57185.335938	17555.205078	82963.781250
2007	12	0.000000	-2.358244	22.592062	26.034761	-0.000010	-0.000008	20.233816	4.096150	-5.411201	0.000000	57185.316406	17553.896484	82962.781250
2007	12	0.000000	-2.784894	22.875673	26.318184	-0.000010	-0.000009	20.090780	3.575038	-2.569913	0.000000	57185.308594	17552.585938	82961.851562
2007	12	0.000000	-3.237914	23.262180	26.704496	-0.000010	-0.000009	20.024265	3.891806	-8.283680	0.000000	57185.300781	17551.269531	82960.921875
2007	12	0.000000	-3.060935	23.043768	26.485889	-0.000010	-0.000009	19.982832	2.787117	-1.876354	0.000000	57185.292969	17549.955078	82959.992188
2007	12	0.000000	-3.577949	23.533018	26.974945	-0.000010	-0.000009	19.955069	10.732086	-8.044264	0.000000	57185.289062	17548.638672	82959.054688
2007	12	0.000000	-2.756919	22.730669	26.172403	-0.000010	-0.000008	19.973751	15.406690	-8.368449	0.000000	57185.285156	17547.328125	82958.132812
2007	12	0.000000	-3.458408	23.423294	26.864830	-0.000010	-0.000009	19.964886	1.116212	-4.971640	0.000000	57185.281250	17546.023438	82957.210938
2007	12	0.000000	-2.854516	22.830208	26.271549	-0.000010	-0.000009	19.975693	-3.318162	-11.772794	0.000000	57185.277344	17544.714844	82956.289062
2007	12	0.000000	-3.648674	21.143507	24.584648	-0.000009	-0.000008	17.494833	1.514380	-6.917858	0.000000	57185.281250	17543.410156	82955.398438
2007	12	0.000000	-2.860642	19.337719	22.778660	-0.000009	-0.000007	16.477077	-1.186315	-7.337498	0.000000	57185.304688	17542.107422	82954.585938
2007	12	0.000000	-3.711518	20.137203	23.577948	-0.000009	-0.000008	16.425684	-0.506212	-3.034380	0.000000	57185.332031	17540.806641	82953.789062
2007	12	0.000000	-3.821251	20.266819	23.707359	-0.000009	-0.000008	16.445568	-10.712468	-5.005465	0.000000	57185.359375	17539.496094	82952.976562
2007	12	0.000000	-4.063723	20.566576	24.006916	-0.000009	-0.000008	16.502853	-2.096256	-2.806404	0.000000	57185.386719	17538.185547	82952.164062
2007	12	0.000000	-3.459245	20.020950	23.461086	-0.000009	-0.000007	16.561705	4.753761	-9.018358	0.000000	57185.414062	17536.878906	82951.351562
2007	12	0.000000	-2.362028	18.896729	22.336664	-0.000008	-0.000007	16.534700	18.527723	-8.302527	0.000000	57185.441406	17535.589844	82950.554688
2007	12	0.000000	-2.438795	18.468172	21.907913	-0.000008	-0.000007	16.029379	-1.301951	-3.586545	0.000000	57185.472656	17534.316406	82949.781250
2007	12	0.000000	-3.525844	19.047089	22.486629	-0.000008	-0.000007	15.521244	-9.158880	-2.748305	0.000000	57185.496094	17533.029297	82949.023438
2007	12	0.000000	-3.430613	18.936638	22.375975	-0.000008	-0.000007	15.506024	-6.187433	-7.952840	0.000000	57185.523438	17531.730469	82948.250000
2007	12	0.000000	-2.920680	18.406029	21.845161	-0.000008	-0.000007	15.485349	-2.725691	-4.446072	0.000000	57185.546875	17530.447266	82947.492188
2007	12	0.000000	-2.721961	18.044512	21.483446	-0.000008	-0.000007	15.322552	7.040355	-3.915882	0.000000	57185.574219	17529.169922	82946.750000
2007	12	0.000000	-3.457497	18.555548	21.994280	-0.000008	-0.000007	15.098050	-1.466500	-7.434732	0.000000	57185.601562	17527.886719	82946.000000
2007	12	0.000000	-2.577100	17.681482	21.120008	-0.000008	-0.000007	15.104382	16.075617	-5.791964	0.000000	57185.628906	17526.607422	82945.265625
2007	12	0.000000	-2.567818	17.502800	20.941128	-0.000008	-0.000007	14.934981	15.625582	-2.938462	0.000000	57185.656250	17525.339844	82944.539062
2008	01	0.000000	-2.572727	17.284655	20.722788	-0.000008	-0.000006	14.711927	9.573425	-10.092265	0.000000	57185.679688	17524.068359	82943.820312
2008	01	0.000000	-1.881761	16.251162	19.689081	-0.000007	-0.000006	14.369401	19.350843	-6.592918	0.000000	57185.707031	17522.824219	82943.117188
2008	01	0.000000	-2.556165	16.032722	19.470203	-0.000007	-0.000006	13.476558	6.646427	-2.640479	0.000000	57185.730469	17521.597656	82942.437500
2008	01	0.000000	-3.785191	16.977139	20.414173	-0.000008	-0.000006	13.191948	-21.476599	-10.924456	0.000000	57185.750000	17520.345703	82941.765625
2008	01	0.000000	-3.823086	17.048986	20.485577	-0.000008	-0.000006	13.225901	-10.365211	-3.854928	0.000000	57185.773438	17519.089844	82941.085938
2008	01	0.000000	-4.107222	17.366465	20.802610	-0.000008	-0.000006	13.259243	-12.842484	-5.865204	0.000000	57185.796875	17517.830078	82940.398438
2008	01	0.000000	-4.266290	17.578644	21.014341	-0.000008	-0.000007	13.312354	-8.725092	-4.241663	0.000000	57185.820312	17516.566406	82939.703125
2008	01	0.000000	-3.581376	16.936069	20.371321	-0.000008	-0.000006	13.354692	-2.071302	-3.736113	0.000000	57185.843750	17515.306641	82939.015625
2008	01	0.000000	-2.999841	16.330412	19.765219	-0.000007	-0.000006	13.330571	2.975686	-5.220691	0.000000	57185.867188	17514.060547	82938.335938
2008	01	0.000000	-2.173559	15.391616	18.825983	-0.000007	-0.000006	13.218057	16.986561	-5.149741	0.000000	57185.890625	17512.830078	82937.679688
2008	01	0.000000	-2.644996	15.675536	19.109463	-0.000007	-0.000006	13.030540	6.687379	-0.578887	0.000000	57185.914062	17511.605469	82937.031250
2008	01	0.000000	-2.959302	15.885933	19.319416	-0.000007	-0.000006	12.926630	2.961747	-5.230685	0.000000	57185.937500	17510.369141	82936.382812
2008	01	0.000000	-2.768451	15.627926	19.060968	-0.000007	-0.000006	12.859474	10.864844	-4.353331	0.000000	57185.964844	17509.136719	82935.734375
2008	01	0.000000	-2.487857	15.217637	18.650238	-0.000007	-0.000006	12.729780	4.715105	-5.400268	0.000000	57185.992188	17507.908203	82935.093750
2008	01	0.000000	-3.118698	15.603755	19.035915	-0.000007	-0.000006	12.485057	-4.144253	-3.993560	0.000000	57186.015625	17506.679688	82934.453125
2008	01	0.000000	-3.980182	16.391624	19.823338	-0.000007	-0.000006	12.411442	2.025250	-5.216758	0.000000	57186.039062	17505.433594	82933.812500
2008	01	0.000000	-2.410518	14.891735	18.323006	-0.000007	-0.000006	12.481216	-1.867810	-8.799817	0.000000	57186.066406	17504.199219	82933.171875
2008	01	0.000000	-2.469730	14.921198	18.352026	-0.000007	-0.000006	12.451468	7.032333	-5.297583	0.000000	57186.093750	17502.978516	82932.546875
2008	01	0.000000	-2.126099	14.516215	17.946606	-0.000007	-0.000005	12.390117	2.953457	-2.291414	0.000000	57186.121094	17501.761719	82931.929688
2008	01	0.000000	-2.096229	14.316249	17.746197	-0.000007	-0.000005	12.220019	6.552187	-3.702874	0.000000	57186.144531	17500.546875	82931.320312
2008	01	0.000000	-1.962998	13.795649	17.225159	-0.000006	-0.000005	11.832650	9.852325	-1.507810	0.000000	57186.171875	17499.339844	82930.726562
2008	01	0.000000	-1.943562	13.369433	16.798506	-0.000006	-0.000005	11.425872	7.313951	-3.434329	0.000000	57186.195312	17498.128906	82930.140625
2008	01	0.000000	-1.917713	12.942768	16.371401	-0.000006	-0.000005	11.025055	32.521084	-2.589255	0.000000	57186.218750	17496.923828	82929.570312
2008	01	0.000000	-2.130644	12.786443	16.214636	-0.000006	-0.000005	10.655798	11.141015	-1.471433	0.000000	57186.238281	17495.720703	82929.015625
2008	01	0.000000	-3.048822	13.508576	16.936329	-0.000006	-0.000005	10.459755	-0.189864	-3.739037	0.000000	57186.257812	17494.500000	82928.460938
2008	01	0.000000	-2.549702	13.011705	16.439013	-0.000006	-0.000005	10.462004	9.136772	-1.745709	0.000000	57186.281250	17493.283203	82927.906250
2008	01	0.000000	-2.985119	13.429400	16.856266	-0.000006	-0.000005	10.444282	1.287785	-3.975843	0.000000	57186.300781	17492.064453	82927.351562
2008	01	0.000000	-2.857520	13.300297	16.726721	-0.000006	-0.000005	10.442777	14.292075	-1.966406	0.000000	57186.320312	17490.845703	82926.789062
2008	01	0.000000	-2.472800	12.912169	16.338150	-0.000006	-0.000005	10.439369	23.363342	-6.288274	0.000000	57186.343750	17489.628906	82926.234375
2008	01	0.000000	-2.248073	12.684771	16.110312	-0.000006	-0.000005	10.436699	19.004980	-4.701719	0.000000	57186.367188	17488.419922	82925.695312
2008	01	0.000000	-1.727933	12.144866	15.569967	-0.000006	-0.000005	10.416933	30.940636	-0.774754	0.000000	57186.390625	17487.220703	82925.156250
2008	02	0.000000	-2.032012	11.724416	14.928132	-0.000006	-0.000005	9.692404	22.387798	-1.563272	0.000000	57186.414062	17486.021484	82924.617188
2008	02	0.000000	-2.037634	11.700733	14.904037	-0.000006	-0.000005	9.663099	32.729919	-4.003205	0.000000	57186.437500	17484.816406	82924.078125
2008	02	0.000000	-1.950293	11.595632	14.798526	-0.000006	-0.000005	9.645338	28.515947	0.213276	0.000000	57186.460938	17483.619141	82923.546875
2008	02	0.000000	-2.589184	12.142821	15.345303	-0.000006	-0.000005	9.553638	19.810284	-0.876766	0.000000	57186.488281	17482.412109	82923.007812
2008	02	0.000000	-1.776099	10.422846	13.624914	-0.000005	-0.000004	8.646748	22.893072	-6.014479	0.000000	57186.519531	17481.207031	82922.492188
2008	02	0.000000	-1.993310	10.633786	13.835444	-0.000006	-0.000004	8.640476	21.968975	0.384003	0.000000	57186.558594	17480.013672	82922.000000
2008	02	0.000000	-3.105461	11.737313	14.938559	-0.000006	-0.000005	8.631852	10.745743	2.321189	0.000000	57186.597656	17478.804688	82921.492188
2008	02	0.000000	-2.269480	10.912837	14.113667	-0.000006	-0.000004	8.643357	17.129995	-4.976313	0.000000	57186.636719	17477.589844	82920.976562
2008	02	0.000000	-1.724685	10.398594	13.599013	-0.000005	-0.000004	8.673908	40.948429	0.172347	0.000000	57186.675781	17476.396484	82920.484375
2008	02	0.000000	-1.825107	10.486173	13.686182	-0.000005	-0.000004	8.661066	27.787308	-4.739991	0.000000	57186.718750	17475.201172	82919.992188
2008	02	0.000000	-1.563540	10.221538	13.421137	-0.000005	-0.000004	8.657997	40.679298	-0.165302	0.000000	57186.757812	17474.013672	82919.500000
2008	02	0.000000	-2.582598	11.230566	14.429755	-0.000006	-0.000004	8.647968	18.788982	1.628367	0.000000	57186.800781	17472.818359	82919.007812
2008	02	0.000000	-2.745055	11.401391	14.600163	-0.000006	-0.000005	8.656336	19.803335	-5.009512	0.000000	57186.839844	17471.603516	82918.492188
2008	02	0.000000	-1.801438	10.479203	13.677566	-0.000005	-0.000004	8.677766	51.282269	-0.839366	0.000000	57186.882812	17470.408203	82917.992188
2008	02	0.000000	-1.559188	10.241712	13.439664	-0.000005	-0.000004	8.682523	57.388096	2.077566	0.000000	57186.925781	17469.222656	82917.507812
2008	02	0.000000	-2.542100	11.205783	14.403325	-0.000006	-0.000004	8.663684	18.424028	2.864808	0.000000	57186.964844	17468.029297	82917.015625
2008	02	0.000000	-3.891349	12.547338	15.744465	-0.000006	-0.000005	8.655989	-1.762477	-0.304435	0.000000	57187.007812	17466.808594	82916.492188
2008	02	0.000000	-3.118767	11.802919	14.999629	-0.000006	-0.000005	8.684152	8.604151	-1.537593	0.000000	57187.050781	17465.585938	82915.968750
2008	02	0.000000	-2.522364	11.243740	14.440037	-0.000006	-0.000004	8.721375	26.934118	1.194705	0.000000	57187.093750	17464.378906	82915.460938
2008	02	0.000000	-2.180087	10.926662	14.122548	-0.000006	-0.000004	8.746575	46.717239	0.019160	0.000000	57187.140625	17463.177734	82914.960938
2008	02	0.000000	-2.286397	11.046201	14.241676	-0.000006	-0.000004	8.759804	39.556721	2.186736	0.000000	57187.183594	17461.982422	82914.460938
2008	02	0.000000	-2.745060	11.510415	14.705479	-0.000006	-0.000005	8.765355	27.969681	4.346828	0.000000	57187.226562	17460.781250	82913.953125
2008	02	0.000000	-2.577901	11.349354	14.544005	-0.000006	-0.000005	8.771452	40.932083	4.080784	0.000000	57187.273438	17459.578125	82913.445312
2008	02	0.000000	-3.181624	11.958175	15.152413	-0.000006	-0.000005	8.776551	23.157080	10.449159	0.000000	57187.316406	17458.371094	82912.929688
2008	02	0.000000	-3.646219	12.440992	15.634816	-0.000006	-0.000005	8.794773	19.202484	4.676467	0.000000	57187.363281	17457.146484	82912.406250
2008	02	0.000000	-2.649000	11.475214	14.668624	-0.000006	-0.000005	8.826214	28.748758	4.303406	0.000000	57187.406250	17455.935547	82911.882812
2008	02	0.000000	-3.169389	12.001286	15.194284	-0.000006	-0.000005	8.831897	18.677092	8.729310	0.000000	57187.453125	17454.726562	82911.367188
2008	02	0.000000	-3.167204	11.998793	15.191378	-0.000006	-0.000005	8.831589	20.904799	5.028513	0.000000	57187.500000	17453.509766	82910.843750
2008	03	0.000000	-3.867095	13.320152	16.732473	-0.000006	-0.000005	9.453057	18.902945	7.602754	0.000000	57187.546875	17452.291016	82910.320312
2008	03	0.000000	-4.006827	13.487109	16.898987	-0.000006	-0.000005	9.480282	0.567101	0.291531	0.000000	57187.593750	17451.070312	82909.789062
2008	03	0.000000	-3.360645	12.896110	16.307545	-0.000006	-0.000005	9.535465	31.257788	-0.034516	0.000000	57187.640625	17449.843750	82909.257812
2008	03	0.000000	-2.368788	11.944664	15.355662	-0.000006	-0.000004	9.575875	38.489880	5.378067	0.000000	57187.687500	17448.644531	82908.742188
2008	03	0.000000	-2.807674	12.377811	15.788371	-0.000006	-0.000005	9.570137	30.631622	3.673312	0.000000	57187.734375	17447.441406	82908.226562
2008	03	0.000000	-2.941831	12.493388	15.903511	-0.000006	-0.000005	9.551558	28.491125	7.770717	0.000000	57187.781250	17446.238281	82907.718750
2008	03	0.000000	-1.960478	11.493972	14.903657	-0.000006	-0.000004	9.533494	53.639591	2.601908	0.000000	57187.828125	17445.041016	82907.210938
2008	03	0.000000	-3.669839	13.178848	16.588097	-0.000006	-0.000005	9.509010	6.497842	0.437501	0.000000	57187.878906	17443.839844	82906.695312
2008	03	0.000000	-3.798902	13.427078	16.835884	-0.000006	-0.000005	9.628177	20.971264	7.143041	0.000000	57187.925781	17442.615234	82906.164062
2008	03	0.000000	-3.745918	13.451134	16.859499	-0.000006	-0.000005	9.705215	18.205698	8.389954	0.000000	57187.976562	17441.394531	82905.625000
2008	03	0.000000	-3.978736	13.686938	17.094864	-0.000006	-0.000005	9.708202	19.904329	8.964427	0.000000	57188.023438	17440.173828	82905.085938
2008	03	0.000000	-3.759589	13.525575	16.933058	-0.000006	-0.000005	9.765985	21.074772	7.118989	0.000000	57188.074219	17438.949219	82904.546875
2008	03	0.000000	-4.508105	14.307943	17.714985	-0.000007	-0.000005	9.799838	15.333204	14.266182	0.000000	57188.125000	17437.718750	82904.000000
2008	03	0.000000	-4.272219	14.098874	17.505474	-0.000007	-0.000005	9.826655	14.936101	10.896404	0.000000	57188.175781	17436.484375	82903.445312
2008	03	0.000000	-3.650200	13.478057	16.884218	-0.000006	-0.000005	9.827857	19.904032	10.769843	0.000000	57188.226562	17435.261719	82902.898438
2008	03	0.000000	-3.484976	13.294440	16.700163	-0.000006	-0.000005	9.809465	29.546228	15.524195	0.000000	57188.277344	17434.042969	82902.359375
2008	03	0.000000	-3.056030	12.818738	16.224022	-0.000006	-0.000005	9.762708	31.850206	11.728585	0.000000	57188.328125	17432.828125	82901.828125
2008	03	0.000000	-3.707184	13.405374	16.810221	-0.000006	-0.000005	9.698189	4.475596	5.596378	0.000000	57188.375000	17431.615234	82901.296875
2008	03	0.000000	-4.135675	13.840997	17.245405	-0.000006	-0.000005	9.705321	9.200773	7.818512	0.000000	57188.425781	17430.386719	82900.750000
2008	03	0.000000	-3.719706	13.511204	16.915173	-0.000006	-0.000005	9.791497	15.753878	7.374505	0.000000	57188.476562	17429.164062	82900.210938
2008	03	0.000000	-4.491577	14.361786	17.765316	-0.000007	-0.000005	9.870209	6.091168	7.049578	0.000000	57188.527344	17427.931641	82899.656250
2008	03	0.000000	-3.935492	13.865005	17.268095	-0.000006	-0.000005	9.929512	15.434086	8.962234	0.000000	57188.582031	17426.701172	82899.101562
2008	03	0.000000	-3.902361	13.803579	17.206234	-0.000006	-0.000005	9.901219	19.194006	13.360992	0.000000	57188.632812	17425.476562	82898.554688
2008	03	0.000000	-4.503211	14.198824	17.601038	-0.000007	-0.000005	9.695613	6.772583	8.825180	0.000000	57188.675781	17424.242188	82898.000000
2008	03	0.000000	-4.472906	14.186004	17.587778	-0.000007	-0.000005	9.713098	3.763577	9.487982	0.000000	57188.714844	17423.003906	82897.445312
2008	03	0.000000	-4.054744	13.780797	17.182135	-0.000006	-0.000005	9.726052	22.999012	16.918739	0.000000	57188.753906	17421.769531	82896.890625
2008	03	0.000000	-3.837714	13.579681	16.980581	-0.000006	-0.000005	9.741968	9.928439	10.236303	0.000000	57188.792969	17420.542969	82896.351562
2008	03	0.000000	-3.873056	13.629579	17.030043	-0.000006	-0.000005	9.756522	16.555632	12.740771	0.000000	57188.835938	17419.316406	82895.804688
2008	03	0.000000	-4.019971	13.789959	17.189987	-0.000006	-0.000005	9.769989	18.662937	16.689407	0.000000	57188.875000	17418.087891	82895.257812
2008	03	0.000000	-4.444279	14.233213	17.632803	-0.000007	-0.000005	9.788934	8.399167	10.409952	0.000000	57188.914062	17416.853516	82894.703125
2008	03	0.000000	-3.748341	13.548001	16.947157	-0.000006	-0.000005	9.799662	37.219490	22.668797	0.000000	57188.953125	17415.621094	82894.148438
2008	04	0.000000	-3.741591	13.175309	16.464392	-0.000006	-0.000005	9.433718	17.481113	17.927450	0.000000	57188.992188	17414.398438	82893.609375
2008	04	0.000000	-4.330764	13.796737	17.085398	-0.000007	-0.000005	9.465973	6.701585	26.496832	0.000000	57189.035156	17413.164062	82893.054688
2008	04	0.000000	-4.395873	13.902382	17.190619	-0.000007	-0.000005	9.506508	0.534332	16.002647	0.000000	57189.074219	17411.923828	82892.492188
2008	04	0.000000	-4.717541	14.243170	17.530985	-0.000007	-0.000005	9.525629	-1.662140	10.237535	0.000000	57189.113281	17410.679688	82891.921875
2008	04	0.000000	-4.240582	13.681520	16.968910	-0.000007	-0.000005	9.440937	27.089643	26.455015	0.000000	57189.152344	17409.435547	82891.359375
2008	04	0.000000	-3.853472	13.144021	16.430992	-0.000006	-0.000005	9.290548	44.894218	40.583218	0.000000	57189.191406	17408.203125	82890.812500
2008	04	0.000000	-4.271956	13.521842	16.808393	-0.000006	-0.000005	9.249887	10.415627	17.253038	0.000000	57189.230469	17406.968750	82890.265625
2008	04	0.000000	-4.409676	13.688119	16.974247	-0.000007	-0.000005	9.278442	5.731762	8.823094	0.000000	57189.269531	17405.726562	82889.703125
2008	04	0.000000	-4.839005	14.220975	17.506681	-0.000007	-0.000005	9.381970	-4.209331	2.420663	0.000000	57189.308594	17404.480469	82889.148438
2008	04	0.000000	-4.965236	14.338164	17.623447	-0.000007	-0.000006	9.372928	-5.503693	1.489057	0.000000	57189.347656	17403.228516	82888.578125
2008	04	0.000000	-5.154434	14.873823	18.158684	-0.000007	-0.000006	9.719389	-17.209953	0.176271	0.000000	57189.386719	17401.972656	82888.000000
2008	04	0.000000	-4.858211	19.268263	22.552700	-0.000009	-0.000007	14.410052	9.643055	23.666191	0.000000	57189.453125	17400.716797	82887.382812
2008	04	0.000000	-4.891296	40.004951	43.288963	-0.000017	-0.000015	35.113655	-0.309141	18.911430	0.000000	57190.136719	17399.464844	82886.281250
2008	04	0.000000	-5.410556	25.058418	28.342012	-0.000011	-0.000010	19.647861	-15.925643	24.748610	0.000000	57190.761719	17398.205078	82885.085938
2008	04	0.000000	-5.688670	36.408222	39.691395	-0.000015	-0.000014	30.719555	-10.249184	0.859678	0.000000	57190.894531	17396.935547	82883.968750
2008	04	0.000000	-5.141346	36.814983	40.097729	-0.000015	-0.000014	31.673635	25.136280	17.154808	0.000000	57191.074219	17395.671875	82882.609375
2008	04	0.000000	-4.998349	44.442841	47.725166	-0.000018	-0.000017	39.444489	65.383011	27.988213	0.000000	57191.257812	17394.412109	82881.187500
2008	04	0.000000	-5.562182	57.205502	60.487408	-0.000023	-0.000022	51.643326	32.585201	20.962097	0.000000	57191.492188	17393.152344	82879.437500
2008	04	0.000000	-5.147954	74.362770	77.644257	-0.000030	-0.000029	69.214821	12.941616	37.944832	0.000000	57191.835938	17391.878906	82877.054688
2008	04	0.000000	-4.830410	45.745956	49.027020	-0.000019	-0.000018	40.915546	38.211185	26.271830	0.000000	57192.179688	17390.623047	82874.882812
2008	04	0.000000	-4.464912	38.615284	41.895927	-0.000016	-0.000015	34.150375	77.932686	43.960835	0.000000	57192.402344	17389.369141	82873.328125
2008	04	0.000000	-4.534854	22.791311	26.071539	-0.000010	-0.000009	18.256456	22.719244	32.088173	0.000000	57192.527344	17388.119141	82872.375000
2008	04	0.000000	-4.102784	22.045914	25.325724	-0.000010	-0.000009	17.943130	59.618305	49.708393	0.000000	57192.625000	17386.873047	82871.523438
2008	04	0.000000	-3.947206	21.886938	25.166332	-0.000010	-0.000008	17.939732	38.482109	37.319077	0.000000	57192.718750	17385.634766	82870.679688
2008	04	0.000000	-4.063998	21.405016	24.683998	-0.000010	-0.000008	17.341019	54.764034	51.138958	0.000000	57192.812500	17384.394531	82869.843750
2008	04	0.000000	-4.456136	20.939522	24.218086	-0.000009	-0.000008	16.483385	36.260944	41.671188	0.000000	57192.902344	17383.148438	82869.031250
2008	04	0.000000	-4.674150	21.433491	24.711637	-0.000010	-0.000008	16.759340	44.021362	36.234467	0.000000	57192.984375	17381.898438	82868.218750
2008	04	0.000000	-5.094726	23.910578	27.188307	-0.000010	-0.000009	18.815851	36.106586	9.952214	0.000000	57193.074219	17380.642578	82867.375000
2008	04	0.000000	-5.392547	48.368942	51.646252	-0.000020	-0.000019	42.976395	31.568327	18.952217	0.000000	57193.222656	17379.376953	82866.070312
2008	04	0.000000	-6.489806	88.937340	92.214233	-0.000036	-0.000034	82.447533	29.132420	29.284393	0.000000	57193.523438	17378.099609	82863.734375
2008	05	0.000000	-6.595557	93.081673	96.467354	-0.000036	-0.000035	86.486115	6.010355	23.332106	0.000000	57193.968750	17376.804688	82860.570312
2008	05	0.000000	-6.402067	92.631554	96.016800	-0.000036	-0.000035	86.229485	34.825127	43.261539	0.000000	57194.382812	17375.517578	82857.546875
2008	05	0.000000	-5.973772	86.992546	90.377357	-0.000034	-0.000032	81.018776	67.850624	23.505018	0.000000	57194.777344	17374.240234	82854.593750
2008	05	0.000000	-6.225276	135.270767	138.655136	-0.000052	-0.000051	129.045486	65.044136	28.229740	0.000000	57195.226562	17372.958984	82850.992188
2008	05	0.000000	-6.322378	137.765305	141.149261	-0.000053	-0.000051	131.442932	15.828868	11.809125	0.000000	57195.734375	17371.671875	82846.351562
2008	05	0.000000	-6.359341	136.634140	140.017654	-0.000052	-0.000051	130.274796	44.894196	27.404123	0.000000	57196.093750	17370.382812	82841.843750
2008	05	0.000000	-6.197761	132.651260	136.034332	-0.000051	-0.000050	126.453499	78.270424	37.800968	0.000000	57196.382812	17369.099609	82837.460938
2008	05	0.000000	-6.406072	133.800598	137.183258	-0.000051	-0.000050	127.394531	81.919029	36.918365	0.000000	57196.605469	17367.812500	82833.078125
2008	05	0.000000	-5.754840	124.367058	127.749275	-0.000048	-0.000046	118.612213	106.898544	41.563660	0.000000	57196.757812	17366.525391	82828.773438
2008	05	0.000000	-5.631770	118.603424	121.985214	-0.000046	-0.000044	112.971657	112.235321	34.475376	0.000000	57196.820312	17365.250000	82824.812500
2008	05	0.000000	-5.868591	118.519836	121.901199	-0.000046	-0.000044	112.651245	100.965553	36.307407	0.000000	57196.847656	17363.974609	82820.906250
2008	05	0.000000	-6.479156	123.051666	126.432602	-0.000047	-0.000046	116.572517	26.892260	30.716488	0.000000	57196.863281	17362.683594	82816.828125
2008	05	0.000000	-6.505821	124.987801	128.368301	-0.000048	-0.000047	118.481972	69.581276	38.512211	0.000000	57196.847656	17361.390625	82812.765625
2008	05	0.000000	-7.063413	130.269989	133.650055	-0.000050	-0.000049	123.206581	83.973442	43.346745	0.000000	57196.816406	17360.097656	82808.648438
2008	05	0.000000	-8.232578	146.272491	149.652115	-0.000056	-0.000055	138.039917	56.596756	55.212849	0.000000	57196.796875	17358.777344	82804.046875
2008	05	0.000000	-7.796998	138.133240	141.512436	-0.000053	-0.000052	130.336258	25.089970	40.103039	0.000000	57196.750000	17357.449219	82799.328125
2008	05	0.000000	-7.710437	136.179474	139.558243	-0.000052	-0.000051	128.469040	65.230659	78.215950	0.000000	57196.664062	17356.125000	82794.804688
2008	05	0.000000	-7.238467	128.476227	131.854553	-0.000049	-0.000048	121.237755	70.720108	66.434227	0.000000	57196.554688	17354.814453	82790.531250
2008	05	2.078300	-5.864744	129.615997	130.915604	-0.000049	-0.000048	121.672958	21.723770	32.322250	5581.712891	57196.441406	17353.498047	82786.257812
2008	05	36.607914	20.305298	144.908676	111.678230	-0.000042	-0.000040	128.606064	62.831501	57.944916	98318.250000	57196.316406	17352.406250	82782.109375
2008	05	73.641914	48.422569	144.888275	74.623428	-0.000028	-0.000027	119.668938	60.151737	68.028618	197780.843750	57196.179688	17352.275391	82778.976562
2008	05	96.494568	64.150589	148.823502	55.705574	-0.000021	-0.000020	116.479530	34.116962	111.553719	259156.437500	57196.031250	17352.925781	82776.781250
2008	05	123.803223	84.668808	148.835861	28.408859	-0.000011	-0.000009	109.701447	50.692997	107.034981	332499.531250	57195.875000	17354.167969	82775.375000
2008	05	158.686600	110.108231	156.655136	1.344331	-0.000001	0.000001	108.076767	50.629436	107.041397	426186.187500	57195.718750	17356.123047	82774.835938
2008	05	199.235489	139.598053	168.455276	-27.404840	0.000010	0.000011	108.817841	25.696634	104.910881	535088.750000	57195.566406	17358.978516	82775.187500
2008	05	186.293472	127.961922	164.727005	-18.191547	0.000007	0.000008	106.395454	47.284512	105.466125	500330.250000	57195.417969	17362.392578	82776.062500
2008	05	178.200958	123.874466	149.027954	-25.798512	0.000010	0.000011	94.701477	98.590584	76.457275	478596.125000	57195.250000	17365.417969	82776.898438
2008	05	195.402695	134.192108	157.333038	-34.695587	0.000013	0.000014	96.122444	86.057213	78.550842	524795.000000	57195.089844	17368.531250	82777.945312
2008	05	244.974731	170.708023	172.861893	-68.739212	0.000026	0.000027	98.595169	60.991386	92.133385	657931.187500	57194.937500	17372.261719	82779.523438
2008	05	268.332031	190.877228	174.132095	-90.826736	0.000034	0.000035	96.677277	50.044186	68.143539	720662.125000	57194.785156	17377.035156	82782.093750
2008	05	288.543732	203.503922	186.392548	-98.778397	0.000037	0.000038	101.352737	28.106689	72.136719	774944.812500	57194.628906	17382.083984	82784.976562
2008	06	275.160614	194.310303	178.417969	-93.479095	0.000036	0.000037	97.567635	31.204054	62.506721	763635.125000	57194.472656	17387.902344	82788.507812
2008	06	262.344788	183.845505	180.047134	-79.034508	0.000030	0.000032	101.547844	71.882195	86.005478	728068.187500	57194.308594	17393.042969	82791.312500
2008	06	239.110046	164.385727	171.133118	-64.714188	0.000025	0.000026	96.408813	1.246535	69.343697	663586.250000	57194.136719	17398.000000	82793.953125
2008	06	238.536484	161.889847	174.574402	-60.699783	0.000023	0.000025	97.927757	-9.604738	63.615475	661994.500000	57193.960938	17402.333984	82796.062500
2008	06	289.537048	199.690262	190.050308	-96.224846	0.000037	0.000038	100.203545	28.549089	73.978668	803532.937500	57193.785156	17407.054688	82798.484375
2008	06	324.110046	226.500626	202.402664	-118.445938	0.000046	0.000047	104.793236	40.733429	89.811234	899481.187500	57193.605469	17413.164062	82802.179688
2008	06	338.070862	234.487015	210.241486	-124.568321	0.000048	0.000049	106.657677	42.443401	110.198563	938225.625000	57193.421875	17420.064453	82806.523438
2008	06	280.420502	189.083633	194.453156	-82.706772	0.000032	0.000033	103.116264	23.992397	80.820023	778232.500000	57193.226562	17426.326172	82810.289062
2008	06	224.607834	147.676437	173.943008	-47.404636	0.000018	0.000020	97.011620	7.725098	62.824783	623339.250000	57193.027344	17431.187500	82812.789062
2008	06	228.407516	154.922180	169.992386	-55.155373	0.000021	0.000023	96.507057	16.280809	91.119370	633884.250000	57192.816406	17435.406250	82814.843750
2008	06	312.321014	216.904785	197.402481	-111.659187	0.000043	0.000044	101.986275	87.469719	82.645828	866763.875000	57192.605469	17440.210938	82817.312500
2008	06	331.020660	230.922821	199.200500	-128.561218	0.000050	0.000051	99.102661	86.625305	91.224197	918659.687500	57192.394531	17446.835938	82821.585938
2008	06	324.195862	223.358002	197.966751	-122.970589	0.000047	0.000049	97.128899	71.917137	101.466286	899719.312500	57192.179688	17453.486328	82825.953125
2008	06	347.644531	242.242249	200.358887	-144.027573	0.000056	0.000057	94.956581	77.236252	97.866852	964794.937500	57191.964844	17460.003906	82830.304688
2008	06	345.444916	237.811966	204.115143	-138.072083	0.000053	0.000055	96.482201	65.948349	96.890175	958690.312500	57191.753906	17467.164062	82835.242188
2008	06	336.839935	231.945969	197.837830	-135.744827	0.000052	0.000054	92.943871	85.952415	95.252235	934809.562500	57191.539062	17474.144531	82840.085938
2008	06	362.274597	252.130249	201.358948	-157.658783	0.000061	0.000062	91.214607	81.398445	99.233788	1005396.750000	57191.328125	17481.101562	82844.960938
2008	06	336.430206	233.238510	193.847672	-139.326080	0.000054	0.000055	90.655975	23.285688	91.280815	933672.500000	57191.113281	17488.292969	82850.148438
2008	06	349.094360	238.178604	213.600128	-132.238190	0.000051	0.000052	102.684372	39.421719	101.797241	968818.500000	57190.898438	17494.931641	82854.531250
2008	06	377.147308	260.799500	215.950851	-157.940842	0.000061	0.000062	99.603035	60.450100	109.953270	1046671.937500	57190.679688	17502.402344	82859.632812
2008	06	350.267914	237.943909	208.715927	-138.296753	0.000053	0.000055	96.391930	67.066666	107.454262	972075.312500	57190.453125	17509.929688	82864.906250
2008	06	356.527893	242.422546	207.742523	-145.530579	0.000056	0.000057	93.637177	58.459591	120.031616	989448.250000	57190.222656	17516.994141	82869.820312
2008	06	350.651184	235.652145	206.388962	-141.007858	0.000054	0.000056	91.389893	49.590256	119.093651	973139.062500	57190.000000	17524.035156	82874.757812
2008	06	352.041290	240.180374	211.726913	-137.060394	0.000053	0.000054	99.866020	16.590454	117.632347	976996.812500	57189.769531	17530.912109	82879.523438
2008	06	339.489777	230.163528	213.386398	-122.849846	0.000047	0.000049	104.060127	16.804941	99.861465	942163.562500	57189.535156	17537.537109	82883.671875
2008	06	317.835632	211.948792	205.389420	-109.193062	0.000042	0.000043	99.502579	11.839733	97.868958	882068.250000	57189.292969	17544.041016	82887.781250
2008	06	340.082367	231.388870	202.069092	-134.760559	0.000052	0.000053	93.375557	35.240166	96.909813	943808.187500	57189.042969	17550.789062	82892.335938
2008	06	276.410461	183.798340	188.901230	-84.256866	0.000033	0.000034	96.289124	16.897997	79.753304	767103.625000	57188.796875	17556.351562	82895.812500
2008	06	352.711975	240.429672	216.902374	-132.557648	0.000051	0.000052	104.620087	65.702095	110.638367	978858.187500	57188.542969	17562.578125	82899.632812
2008	06	365.856354	248.789185	218.604080	-144.000732	0.000056	0.000057	101.536911	48.509495	123.748337	1015336.937500	57188.281250	17569.513672	82904.132812
2008	07	404.447449	277.622437	230.716064	-170.371872	0.000064	0.000065	103.891060	56.610676	110.227333	1086228.625000	57188.015625	17577.162109	82909.437500
2008	07	364.360321	246.560608	220.447586	-140.553650	0.000052	0.000054	102.647858	78.921669	107.143661	978566.187500	57187.753906	17584.873047	82914.781250
2008	07	374.972107	256.238525	214.066345	-157.547104	0.000059	0.000060	95.332756	72.314552	112.419632	1007066.375000	57187.488281	17591.902344	82919.656250
2008	07	374.763733	253.815842	213.541016	-157.864471	0.000059	0.000060	92.593117	60.510803	116.433990	1006506.812500	57187.230469	17599.037109	82924.765625
2008	07	370.505280	248.484009	211.403625	-155.743835	0.000058	0.000059	89.382339	29.155676	115.763802	995069.812500	57186.972656	17606.214844	82930.015625
2008	07	345.559448	229.112534	212.372940	-129.829117	0.000048	0.000050	95.926010	7.172524	84.373573	928072.500000	57186.722656	17612.722656	82934.609375
2008	07	350.789703	237.822144	216.168320	-131.264389	0.000049	0.000050	103.200760	56.858746	100.626236	942119.437500	57186.464844	17619.376953	82938.960938
2008	07	359.783600	243.182968	212.066391	-144.360672	0.000054	0.000055	95.465744	46.630894	106.707672	966274.500000	57186.187500	17626.287109	82943.687500
2008	07	292.141724	194.217300	193.832489	-94.953072	0.000035	0.000037	95.908089	34.689232	89.960373	784608.000000	57185.894531	17632.353516	82947.710938
2008	07	324.963593	217.884186	213.374847	-108.232994	0.000040	0.000042	106.295433	30.214628	105.186043	872757.937500	57185.535156	17637.765625	82950.828125
2008	07	328.684814	219.916031	213.329971	-111.999527	0.000042	0.000043	104.561165	23.922991	105.435234	882752.187500	57185.128906	17643.857422	82954.546875
2008	07	268.274323	177.268402	203.275208	-61.644176	0.000023	0.000024	112.269310	33.000042	72.517586	720507.062500	57184.722656	17649.472656	82957.656250
2008	07	342.645844	231.161179	223.471848	-115.819496	0.000043	0.000044	111.987175	64.070320	106.231163	920247.500000	57184.339844	17654.734375	82960.304688
2008	07	359.105835	244.550476	220.518341	-135.233383	0.000050	0.000052	105.963020	57.669167	104.136070	964454.125000	57183.886719	17661.570312	82964.648438
2008	07	306.030701	205.635788	209.803177	-92.873848	0.000035	0.000036	109.408241	53.094250	74.725723	821909.812500	57183.437500	17667.777344	82968.460938
2008	07	351.389709	240.210342	224.515915	-123.520493	0.000046	0.000047	113.336548	69.061462	97.383514	943730.937500	57183.003906	17673.806641	82971.843750
2008	07	351.775299	236.706741	227.002350	-121.420044	0.000045	0.000047	111.933815	48.977257	101.076736	944766.375000	57182.539062	17680.394531	82975.820312
2008	07	339.818909	228.134567	219.720932	-116.745445	0.000044	0.000045	108.036629	63.724319	95.989502	912655.062500	57182.085938	17686.755859	82979.640625
2008	07	316.207886	211.951340	205.555359	-107.300407	0.000040	0.000041	101.298820	8.474801	74.678253	849242.687500	57181.628906	17693.273438	82983.804688
2008	07	309.058624	204.132797	222.658646	-83.048271	0.000031	0.000032	117.732826	28.216164	86.013275	830041.875000	57181.207031	17698.400391	82986.539062
2008	07	352.033569	237.717178	239.570358	-109.111916	0.000041	0.000042	125.253967	57.735706	98.400925	945460.125000	57180.734375	17704.742188	82989.828125
2008	07	312.631500	206.026978	225.961456	-83.319168	0.000031	0.000032	119.356926	7.064703	84.765091	839637.625000	57180.253906	17710.955078	82993.140625
2008	07	338.522278	220.680542	239.182922	-95.988914	0.000036	0.000037	121.341164	31.339888	125.265755	909172.750000	57179.796875	17716.943359	82996.281250
2008	07	342.629791	226.351318	237.385071	-101.894699	0.000038	0.000039	121.106583	43.726543	89.396675	920204.375000	57179.328125	17722.957031	82999.382812
2008	07	322.711945	211.732758	227.927673	-91.434662	0.000034	0.000035	116.948479	39.876190	109.741592	866710.687500	57178.851562	17729.167969	83002.742188
2008	07	336.795959	224.382309	221.520035	-111.926727	0.000042	0.000043	109.106384	56.883823	105.698181	904536.312500	57178.382812	17735.191406	83006.164062
2008	07	322.384094	214.264359	211.783432	-107.251846	0.000040	0.000041	103.663704	39.086288	98.261337	865830.187500	57177.910156	17741.326172	83009.898438
2008	07	243.502869	150.273193	195.631134	-44.523342	0.000017	0.000018	102.401451	-18.934959	72.206818	653978.125000	57177.468750	17746.259766	83012.507812
2008	07	329.665222	218.885803	207.906921	-118.410309	0.000044	0.000045	97.127495	47.941574	98.671783	885385.250000	57177.078125	17750.919922	83014.968750
2008	07	329.923279	219.968430	202.467957	-124.107719	0.000046	0.000048	92.513123	59.214905	93.745308	886078.250000	57176.628906	17757.027344	83019.039062
2008	07	308.234802	202.985077	194.066849	-110.820763	0.000041	0.000043	88.817123	57.725010	96.057571	827829.437500	57176.183594	17762.888672	83023.015625
2008	08	292.386444	190.358948	186.838943	-102.200729	0.000038	0.000039	84.811440	53.428951	91.101807	785265.250000	57175.769531	17768.021484	83026.335938
2008	08	306.167358	203.158600	181.844711	-120.976234	0.000045	0.000046	78.835968	37.227459	91.012833	822276.750000	57175.355469	17773.449219	83030.171875
2008	08	311.632019	204.294662	185.371231	-122.914803	0.000046	0.000047	78.033859	43.406120	96.993744	836953.250000	57174.941406	17778.810547	83034.015625
2008	08	310.551453	208.493408	176.479050	-130.726837	0.000049	0.000050	74.420975	72.706459	71.859741	834051.250000	57174.527344	17784.496094	83038.281250
2008	08	294.877319	192.766037	187.834030	-103.698082	0.000039	0.000040	85.722755	37.927879	76.275589	791955.062500	57174.132812	17789.769531	83041.968750
2008	08	306.566315	200.683823	190.446472	-112.775055	0.000042	0.000043	84.563980	47.583393	98.895851	823348.250000	57173.746094	17795.074219	83045.539062
2008	08	310.784241	204.705490	185.990204	-121.449654	0.000045	0.000047	79.911446	65.414948	89.829048	834676.375000	57173.347656	17800.560547	83049.406250
2008	08	297.364288	193.464340	179.949982	-114.070297	0.000043	0.000044	76.050049	57.285378	98.430260	798634.250000	57172.949219	17806.048828	83053.414062
2008	08	292.249481	188.840149	175.761734	-113.144165	0.000042	0.000043	72.352386	40.560982	101.436768	784897.437500	57172.566406	17811.205078	83057.195312
2008	08	291.446198	186.432617	175.744461	-112.358498	0.000042	0.000043	70.730919	29.810966	87.930992	782739.937500	57172.199219	17815.994141	83060.703125
2008	08	296.592468	188.267029	187.097839	-106.151825	0.000040	0.000041	78.772415	15.409364	115.863365	796561.375000	57171.835938	17821.097656	83064.421875
2008	08	290.998474	185.657425	187.714111	-99.941994	0.000037	0.000039	82.373062	11.901088	83.387985	781537.500000	57171.476562	17826.205078	83067.976562
2008	08	239.620148	150.974319	170.535767	-65.742424	0.000025	0.000026	81.889938	29.166445	55.104942	643550.250000	57171.140625	17830.666016	83070.781250
2008	08	264.312714	169.941101	179.360641	-81.610527	0.000030	0.000032	84.989021	51.801979	67.037453	709867.312500	57170.824219	17834.681641	83073.117188
2008	08	288.389832	187.834167	181.330811	-103.717865	0.000039	0.000040	80.775146	50.087509	79.581535	774531.500000	57170.472656	17839.396484	83076.187500
2008	08	284.554932	182.472458	179.994583	-101.219582	0.000038	0.000039	77.912117	40.827274	90.695374	764232.062500	57170.105469	17844.392578	83079.648438
2008	08	263.737213	164.980347	173.587692	-86.809158	0.000032	0.000034	74.830841	38.945831	93.400047	708321.687500	57169.750000	17849.105469	83082.937500
2008	08	267.867218	169.220261	168.616302	-95.910950	0.000036	0.000037	69.969337	40.068668	91.591270	719413.687500	57169.414062	17853.412109	83085.929688
2008	08	241.340347	146.873795	161.184494	-76.816307	0.000029	0.000030	66.717941	27.832897	92.709999	648170.250000	57169.078125	17857.652344	83088.992188
2008	08	229.301468	134.813110	157.974091	-67.988235	0.000025	0.000027	63.485729	-9.097183	99.944397	615837.250000	57168.773438	17861.228516	83091.492188
2008	08	215.233002	125.568596	148.641785	-63.252483	0.000024	0.000025	58.977383	-6.265188	78.979538	578053.437500	57168.488281	17864.386719	83093.695312
2008	08	235.589233	147.091431	155.421143	-76.829781	0.000029	0.000030	66.923325	26.935589	75.987671	632724.437500	57168.210938	17867.554688	83095.875000
2008	08	184.432281	111.649086	154.926086	-26.168247	0.000010	0.000011	82.142906	48.488937	69.944054	495331.625000	57167.937500	17870.865234	83097.789062
2008	08	227.311691	146.806931	154.691757	-69.282387	0.000026	0.000027	74.186996	68.486015	57.093224	610493.312500	57167.687500	17873.669922	83099.101562
2008	08	236.854492	148.424240	161.211853	-72.305458	0.000027	0.000028	72.781609	29.767752	81.215706	636122.500000	57167.398438	17877.302734	83101.398438
2008	08	230.708572	136.829071	167.404037	-59.967785	0.000022	0.000024	73.524536	-19.661810	94.608269	619616.375000	57167.093750	17881.041016	83103.804688
2008	08	174.171738	102.099312	137.753754	-33.081631	0.000012	0.000014	65.681335	36.107372	38.382355	467774.781250	57166.816406	17884.080078	83105.601562
2008	08	191.691193	117.980591	136.931778	-51.423466	0.000019	0.000020	63.221161	44.669613	62.944504	514827.031250	57166.574219	17886.259766	83106.765625
2008	08	179.818237	107.766830	132.987701	-43.494965	0.000016	0.000017	60.936291	25.690741	47.601742	482939.687500	57166.332031	17888.958984	83108.476562
2008	08	188.956009	115.506775	131.054245	-54.566574	0.000020	0.000022	57.605011	30.541599	44.210274	507481.062500	57166.093750	17891.494141	83110.125000
2008	08	181.864685	110.469765	126.818008	-51.711876	0.000019	0.000021	55.423084	34.424213	46.099537	488435.875000	57165.847656	17893.976562	83111.828125
2008	09	164.511597	101.504898	113.120461	-48.164257	0.000019	0.000020	50.113770	63.159107	35.850380	456558.156250	57165.613281	17896.433594	83113.570312
2008	09	178.251862	112.075371	113.641273	-61.384068	0.000024	0.000025	47.464771	69.044548	42.168602	494690.625000	57165.386719	17898.714844	83115.265625
2008	09	172.446426	108.208023	109.730820	-59.489422	0.000023	0.000024	45.492432	71.685837	39.591869	478579.156250	57165.156250	17901.214844	83117.242188
2008	09	173.539948	108.867065	108.257256	-62.056847	0.000024	0.000025	43.584385	53.990089	42.883949	481613.906250	57164.929688	17903.636719	83119.218750
2008	09	155.295319	95.704727	102.467598	-49.602238	0.000019	0.000020	42.877007	42.343220	30.317350	430980.812500	57164.710938	17905.951172	83121.109375
2008	09	156.008072	96.007530	102.918152	-49.864796	0.000019	0.000020	42.917603	42.023907	33.864002	432958.906250	57164.507812	17907.947266	83122.710938
2008	09	131.437256	78.387596	97.556236	-30.656229	0.000012	0.000013	44.506577	37.004910	35.833309	364769.125000	57164.316406	17909.738281	83124.101562
2008	09	156.310699	96.778229	108.272255	-44.814011	0.000017	0.000019	48.739777	58.377411	36.362801	433798.750000	57164.152344	17911.316406	83125.117188
2008	09	158.720779	98.240524	106.828819	-48.667877	0.000019	0.000020	46.348568	31.284403	36.870365	440487.281250	57163.968750	17913.380859	83126.632812
2008	09	168.669800	102.901138	112.461136	-52.984940	0.000020	0.000022	46.692471	21.868395	41.630436	468098.125000	57163.781250	17915.484375	83128.210938
2008	09	170.333618	103.707779	118.065125	-49.045151	0.000019	0.000020	51.439278	30.086966	54.596165	472715.625000	57163.582031	17917.843750	83129.984375
2008	09	172.813263	105.674553	117.141174	-52.449112	0.000020	0.000021	50.002464	22.780581	49.453163	479597.218750	57163.386719	17920.242188	83131.703125
2008	09	150.045837	88.906509	113.697083	-33.126152	0.000013	0.000014	52.557755	15.825310	43.710251	416412.281250	57163.191406	17922.537109	83133.351562
2008	09	156.833389	95.643272	115.424843	-38.186306	0.000015	0.000016	54.234737	40.443478	34.515530	435249.312500	57163.019531	17924.423828	83134.445312
2008	09	157.567795	96.787857	111.425644	-42.920269	0.000017	0.000018	50.645710	47.660194	35.967289	437287.500000	57162.839844	17926.470703	83135.781250
2008	09	166.970734	102.085075	114.226959	-49.522259	0.000019	0.000020	49.341293	24.997625	44.847538	463382.843750	57162.648438	17928.591797	83137.265625
2008	09	149.039963	89.145515	107.219231	-38.599560	0.000015	0.000016	47.324799	15.944565	31.014063	413620.718750	57162.453125	17930.744141	83138.835938
2008	09	149.809921	90.792618	103.821213	-42.767902	0.000016	0.000018	44.803913	18.412527	34.182461	415757.562500	57162.269531	17932.574219	83140.171875
2008	09	157.150055	92.377388	110.260605	-43.669006	0.000017	0.000018	45.487942	-0.269209	45.980240	436128.125000	57162.085938	17934.480469	83141.593750
2008	09	137.850815	80.958755	99.876335	-34.754417	0.000013	0.000015	42.984268	34.444324	27.799297	382568.250000	57161.898438	17936.371094	83143.046875
2008	09	126.531937	73.472588	93.720261	-29.591963	0.000011	0.000013	40.660904	11.964899	27.846815	351155.718750	57161.730469	17937.822266	83144.140625
2008	09	108.390770	55.281929	94.876778	-10.294650	0.000004	0.000005	41.767929	-23.552502	27.325201	300809.718750	57161.574219	17938.941406	83144.914062
2008	09	104.669395	52.786564	100.929230	-0.521207	0.000000	0.000001	49.046391	-26.189194	37.205772	290482.062500	57161.425781	17939.644531	83145.218750
2008	09	105.936592	55.979053	110.807945	8.089942	-0.000003	-0.000002	60.850407	39.441048	28.152452	293998.812500	57161.289062	17940.443359	83145.093750
2008	09	107.618729	59.118900	102.259438	-2.141068	0.000001	0.000002	53.759609	20.033131	28.817549	298667.156250	57161.136719	17941.253906	83145.054688
2008	09	106.487396	57.688931	100.995941	-2.273594	0.000001	0.000002	52.197472	28.601435	22.065447	295527.437500	57160.976562	17942.042969	83145.117188
2008	09	89.966537	47.070175	92.043770	5.294748	-0.000002	-0.000001	49.147415	42.677303	17.428654	249678.171875	57160.820312	17942.773438	83145.187500
2008	09	103.917885	56.485668	95.350647	-5.350092	0.000002	0.000003	47.918423	5.707184	24.203291	288396.437500	57160.667969	17943.259766	83145.101562
2008	09	102.772102	53.619167	100.722183	1.166865	-0.000000	0.000001	51.569252	11.153223	24.768484	285216.593750	57160.515625	17943.919922	83145.117188
2008	09	122.080025	70.757614	99.561478	-19.302120	0.000007	0.000009	48.239067	4.776571	27.261274	338800.625000	57160.363281	17944.742188	83145.328125
2008	10	129.146042	73.261337	106.459824	-19.362936	0.000007	0.000008	50.575130	15.421933	24.929363	346848.812500	57160.210938	17945.931641	83145.921875
2008	10	144.125641	84.034592	109.929710	-30.873022	0.000012	0.000013	49.838657	2.389863	34.697117	387079.718750	57160.058594	17947.248047	83146.664062
2008	10	135.761276	76.606262	108.628815	-23.809923	0.000009	0.000010	49.473801	-7.281065	35.033787	364615.437500	57159.906250	17948.748047	83147.585938
2008	10	132.649628	72.376144	109.877045	-19.450424	0.000007	0.000009	49.603561	-12.528718	38.718582	356258.437500	57159.753906	17950.027344	83148.296875
2008	10	129.010284	68.775650	109.128738	-16.559774	0.000006	0.000007	48.894108	-23.141874	37.375496	346484.218750	57159.601562	17951.253906	83148.960938
2008	10	123.311493	62.828709	110.501015	-9.489100	0.000004	0.000005	50.018238	-38.587566	32.549004	331178.906250	57159.445312	17952.369141	83149.523438
2008	10	70.648392	23.268171	129.935822	62.608387	-0.000023	-0.000022	82.555603	-45.241879	59.184345	189741.109375	57159.277344	17953.113281	83149.273438
2008	10	86.010841	41.233063	129.823837	47.133549	-0.000018	-0.000016	85.046043	-0.444309	25.276041	231000.187500	57159.031250	17953.031250	83147.351562
2008	10	77.096748	32.357796	140.421661	66.645096	-0.000025	-0.000024	95.682709	-7.047194	43.271648	207059.531250	57158.750000	17953.148438	83145.601562
2008	10	62.118958	23.299444	127.641068	68.841911	-0.000026	-0.000024	88.821556	17.114548	25.340609	166833.515625	57158.433594	17952.695312	83143.546875
2008	10	45.714386	12.859172	114.416122	72.021172	-0.000027	-0.000026	81.560905	20.643909	33.413391	122775.585938	57158.144531	17949.837891	83141.406250
2008	10	48.340096	16.978367	109.874847	64.853828	-0.000024	-0.000023	78.513123	47.419460	8.555759	129827.476562	57157.929688	17944.216797	83139.164062
2008	10	58.031597	25.015806	110.227676	55.514812	-0.000021	-0.000019	77.211891	34.835270	10.849721	155856.046875	57157.816406	17936.193359	83137.101562
2008	10	74.361481	36.143723	119.107887	48.064793	-0.000018	-0.000017	80.890129	22.122484	12.255713	199713.375000	57157.832031	17925.900391	83135.234375
2008	10	55.756691	21.047009	121.716553	69.277885	-0.000026	-0.000025	87.006874	-1.028196	26.074127	149746.312500	57158.007812	17913.306641	83133.398438
2008	10	41.188965	12.633368	115.683617	77.812325	-0.000029	-0.000028	87.128021	17.161823	27.829165	110621.632812	57158.351562	17897.798828	83131.039062
2008	10	53.719025	23.809681	118.461853	68.060165	-0.000025	-0.000024	88.552505	15.968866	11.900440	144273.734375	57158.855469	17879.615234	83128.539062
2008	10	54.051121	24.737991	120.683479	69.949364	-0.000026	-0.000025	91.370346	3.483957	11.903955	145165.640625	57159.539062	17859.158203	83126.171875
2008	10	33.352482	7.685040	137.812546	107.776733	-0.000040	-0.000039	112.145103	2.864372	29.364584	89575.101562	57160.496094	17836.087891	83123.312500
2008	10	33.227165	11.468308	129.725311	99.814491	-0.000037	-0.000036	107.966454	23.211193	9.566759	89238.539062	57161.707031	17810.189453	83119.781250
2008	10	32.012451	11.824410	124.634933	95.938515	-0.000036	-0.000035	104.446899	4.401122	9.289371	85976.171875	57162.816406	17781.792969	83116.476562
2008	10	17.011265	-0.590621	151.506882	137.811310	-0.000051	-0.000050	133.904984	-33.016296	54.458553	45687.328125	57164.140625	17750.824219	83112.671875
2008	10	10.733076	-1.266462	143.325607	135.907928	-0.000051	-0.000050	131.326080	8.730714	10.526205	28825.929688	57165.816406	17717.109375	83107.992188
2008	10	4.227273	-5.559937	140.648911	139.736740	-0.000052	-0.000051	130.861694	-5.592895	9.803366	11353.230469	57167.523438	17680.832031	83103.375000
2008	10	0.000000	-6.275659	127.482864	130.797668	-0.000049	-0.000048	121.207207	-3.622275	8.360056	0.000000	57169.078125	17658.818359	83098.734375
2008	10	0.000000	-6.061747	125.324265	128.638763	-0.000048	-0.000047	119.262512	-21.139584	57.720081	0.000000	57170.441406	17657.166016	83094.257812
2008	10	0.000000	-5.440725	110.440117	113.754333	-0.000042	-0.000041	104.999390	7.410061	32.384811	0.000000	57171.636719	17655.603516	83090.117188
2008	10	0.000000	-5.502970	99.328323	102.642235	-0.000038	-0.000037	93.825356	14.395165	10.411536	0.000000	57172.644531	17654.052734	83086.398438
2008	10	0.000000	-6.110098	105.273384	108.586998	-0.000041	-0.000039	99.163284	7.940681	0.528518	0.000000	57173.558594	17652.501953	83082.765625
2008	10	0.000000	-6.588063	112.534706	115.848015	-0.000043	-0.000042	105.946640	-6.696612	-0.266774	0.000000	57174.464844	17650.951172	83078.921875
2008	10	0.000000	-6.443875	117.045784	120.358780	-0.000045	-0.000044	110.601906	-2.729119	6.295502	0.000000	57175.371094	17649.402344	83074.859375
2008	11	0.000000	-5.374294	104.755531	107.961365	-0.000042	-0.000040	99.381233	14.055719	3.054974	0.000000	57176.187500	17647.875000	83070.921875
2008	11	0.000000	-5.835516	104.383232	107.588760	-0.000042	-0.000040	98.547714	9.024405	6.165945	0.000000	57176.898438	17646.353516	83067.125000
2008	11	0.000000	-5.591414	102.206963	105.412201	-0.000041	-0.000039	96.615555	14.971093	0.696833	0.000000	57177.539062	17644.839844	83063.367188
2008	11	0.000000	-6.059809	102.668625	105.873558	-0.000041	-0.000040	96.608810	0.665435	1.727587	0.000000	57178.121094	17643.330078	83059.664062
2008	11	0.000000	-6.116192	104.896599	108.101227	-0.000042	-0.000040	98.780411	-2.312711	13.110263	0.000000	57178.671875	17641.816406	83055.875000
2008	11	0.000000	-4.769672	93.829277	97.033600	-0.000037	-0.000036	89.059601	13.502945	6.052266	0.000000	57179.160156	17640.328125	83052.257812
2008	11	0.000000	-4.680708	84.880150	88.084175	-0.000034	-0.000033	80.199440	32.417763	4.542560	0.000000	57179.558594	17638.853516	83048.968750
2008	11	0.000000	-4.187815	73.592796	76.796509	-0.000030	-0.000028	69.404976	32.511101	4.440211	0.000000	57179.871094	17637.392578	83046.046875
2008	11	0.000000	-4.371416	61.899525	65.102943	-0.000025	-0.000024	57.528114	38.064476	9.272303	0.000000	57180.101562	17635.939453	83043.484375
2008	11	0.000000	-4.470487	49.225243	52.428356	-0.000020	-0.000019	44.754753	19.873322	9.595519	0.000000	57180.234375	17634.490234	83041.359375
2008	11	0.000000	-4.956714	44.677235	47.880035	-0.000018	-0.000017	39.720520	0.286736	19.116310	0.000000	57180.296875	17633.042969	83039.554688
2008	11	0.000000	-5.076469	47.103500	50.305996	-0.000019	-0.000018	42.027035	0.228124	9.846158	0.000000	57180.351562	17631.595703	83037.765625
2008	11	0.000000	-4.972801	48.851566	52.053745	-0.000020	-0.000019	43.878765	-4.276353	9.645658	0.000000	57180.417969	17630.154297	83035.898438
2008	11	0.000000	-5.414382	60.407875	63.609737	-0.000025	-0.000023	54.993492	-20.460346	25.526054	0.000000	57180.515625	17628.712891	83033.820312
2008	11	0.000000	-4.757476	51.838066	55.039616	-0.000021	-0.000020	47.080589	3.964055	17.262804	0.000000	57180.632812	17627.279297	83031.648438
2008	11	0.000000	-4.520724	43.626099	46.827339	-0.000018	-0.000017	39.105373	5.467551	11.874628	0.000000	57180.679688	17625.861328	83029.843750
2008	11	0.000000	-4.656860	40.968014	44.168938	-0.000017	-0.000016	36.311153	6.322246	14.568859	0.000000	57180.703125	17624.443359	83028.171875
2008	11	0.000000	-4.017775	33.878448	37.079060	-0.000014	-0.000013	29.860674	9.583684	8.619620	0.000000	57180.707031	17623.041016	83026.679688
2008	11	0.000000	-4.734154	32.544693	35.744987	-0.000014	-0.000013	27.810539	5.321244	9.900883	0.000000	57180.695312	17621.636719	83025.351562
2008	11	0.000000	-3.877826	28.897903	32.097881	-0.000012	-0.000011	25.020077	29.474651	7.803312	0.000000	57180.679688	17620.238281	83024.062500
2008	11	0.000000	-2.908052	18.568914	21.768579	-0.000008	-0.000007	15.660862	47.579987	2.437407	0.000000	57180.648438	17618.865234	83023.023438
2008	11	0.000000	-3.653685	14.680579	17.879930	-0.000007	-0.000006	11.026894	20.148941	2.565080	0.000000	57180.605469	17617.496094	83022.242188
2008	11	0.000000	-4.304996	14.674045	17.873077	-0.000007	-0.000006	10.369049	-7.681757	5.677688	0.000000	57180.570312	17616.119141	83021.523438
2008	11	0.000000	-4.348131	14.677317	17.876028	-0.000007	-0.000006	10.329185	-6.729941	4.991663	0.000000	57180.535156	17614.738281	83020.812500
2008	11	0.000000	-4.215115	14.232814	17.431206	-0.000007	-0.000005	10.017699	-3.509990	6.855207	0.000000	57180.500000	17613.367188	83020.109375
2008	11	0.000000	-4.319741	14.295116	17.493187	-0.000007	-0.000006	9.975375	-6.662156	3.191509	0.000000	57180.468750	17611.994141	83019.421875
2008	11	0.000000	-4.651711	14.529769	17.727516	-0.000007	-0.000006	9.878057	-5.187982	9.831688	0.000000	57180.433594	17610.625000	83018.734375
2008	11	0.000000	-4.193120	13.940534	17.137955	-0.000007	-0.000005	9.747414	-7.229018	-1.976128	0.000000	57180.402344	17609.259766	83018.046875
2008	11	0.000000	-3.981545	13.464099	16.661200	-0.000006	-0.000005	9.482553	3.792603	4.490376	0.000000	57180.371094	17607.902344	83017.382812
2008	11	0.000000	-4.119661	13.310929	16.507706	-0.000006	-0.000005	9.191269	-1.260592	6.673926	0.000000	57180.343750	17606.552734	83016.734375
2008	12	0.000000	-4.558032	14.009925	17.312923	-0.000006	-0.000005	9.451894	-10.435178	3.085802	0.000000	57180.312500	17605.197266	83016.078125
2008	12	0.000000	-4.184392	13.294024	16.596687	-0.000006	-0.000005	9.109632	-22.836918	1.504660	0.000000	57180.285156	17603.851562	83015.445312
2008	12	0.000000	-3.259270	11.601138	14.903466	-0.000006	-0.000004	8.341869	10.644349	-9.888893	0.000000	57180.261719	17602.511719	83014.828125
2008	12	0.000000	-2.862591	8.803185	12.105179	-0.000005	-0.000003	5.940593	14.590564	-9.794023	0.000000	57180.234375	17601.191406	83014.296875
2008	12	0.000000	-2.719974	7.148503	10.450167	-0.000004	-0.000003	4.428530	2.484775	-9.976042	0.000000	57180.210938	17599.876953	83013.828125
2008	12	0.000000	-3.402532	7.316030	10.617360	-0.000004	-0.000003	3.913498	-3.262735	-12.550128	0.000000	57180.191406	17598.562500	83013.390625
2008	12	0.000000	-2.503382	6.341541	9.642536	-0.000004	-0.000002	3.838159	3.014448	-2.086023	0.000000	57180.167969	17597.253906	83012.968750
2008	12	0.000000	-3.117427	6.860570	10.161232	-0.000004	-0.000003	3.743143	0.246079	-6.669425	0.000000	57180.148438	17595.949219	83012.546875
2008	12	0.000000	-2.655288	6.331939	9.632265	-0.000004	-0.000002	3.676651	9.269251	-7.306576	0.000000	57180.128906	17594.646484	83012.140625
2008	12	0.000000	-2.360560	5.957842	9.257834	-0.000003	-0.000002	3.597282	5.061674	-2.108755	0.000000	57180.109375	17593.353516	83011.742188
2008	12	0.000000	-2.809830	6.316460	9.616117	-0.000004	-0.000002	3.506629	6.466469	-8.376303	0.000000	57180.089844	17592.062500	83011.343750
2008	12	0.000000	-2.154727	5.618852	8.918173	-0.000003	-0.000002	3.464125	8.884322	-6.494856	0.000000	57180.070312	17590.775391	83010.953125
2008	12	0.000000	-3.027793	6.464450	9.763434	-0.000004	-0.000002	3.436657	-0.265807	-9.673366	0.000000	57180.054688	17589.490234	83010.570312
2008	12	0.000000	-1.875849	5.268898	8.567547	-0.000003	-0.000002	3.393050	1.586600	-7.584234	0.000000	57180.039062	17588.210938	83010.187500
2008	12	0.000000	-1.550522	4.870501	8.168815	-0.000003	-0.000002	3.319978	13.036282	-4.041617	0.000000	57180.019531	17586.947266	83009.820312
2008	12	0.000000	-1.717416	4.962238	8.260219	-0.000003	-0.000002	3.244822	0.847282	-3.687443	0.000000	57180.003906	17585.685547	83009.468750
2008	12	0.000000	-2.303207	5.441277	8.738920	-0.000003	-0.000002	3.138070	4.918863	-10.045599	0.000000	57179.988281	17584.421875	83009.109375
2008	12	0.000000	-1.748012	4.814099	8.111404	-0.000003	-0.000002	3.066087	10.123914	-4.815252	0.000000	57179.976562	17583.160156	83008.757812
2008	12	0.000000	-1.447342	4.424512	7.721482	-0.000003	-0.000002	2.977170	20.444733	-4.177153	0.000000	57179.960938	17581.908203	83008.414062
2008	12	0.000000	-1.610284	4.462943	7.759578	-0.000003	-0.000002	2.852659	14.595918	-2.206404	0.000000	57179.949219	17580.662109	83008.085938
2008	12	0.000000	-1.761745	4.494242	7.790538	-0.000003	-0.000002	2.732496	12.785070	-3.842008	0.000000	57179.937500	17579.414062	83007.757812
2008	12	0.000000	-1.747352	4.329427	7.625385	-0.000003	-0.000002	2.582075	3.506863	-4.839911	0.000000	57179.925781	17578.167969	83007.437500
2008	12	0.000000	-1.897292	4.354111	7.649730	-0.000003	-0.000002	2.456818	3.690720	-3.804317	0.000000	57179.917969	17576.921875	83007.117188
2008	12	0.000000	-1.727729	4.101510	7.396789	-0.000003	-0.000002	2.373780	3.263663	-2.435570	0.000000	57179.906250	17575.679688	83006.804688
2008	12	0.000000	-1.891501	4.148882	7.443823	-0.000003	-0.000002	2.257381	7.732002	-3.961835	0.000000	57179.898438	17574.441406	83006.500000
2008	12	0.000000	-1.902466	4.073002	7.367601	-0.000003	-0.000002	2.170535	8.558238	-2.835551	0.000000	57179.890625	17573.201172	83006.203125
2008	12	0.000000	-1.863059	3.912941	7.207199	-0.000003	-0.000001	2.049882	9.433251	-4.271755	0.000000	57179.882812	17571.964844	83005.906250
2008	12	0.000000	-2.197606	4.173029	7.466946	-0.000003	-0.000002	1.975423	-4.818017	-3.705350	0.000000	57179.875000	17570.728516	83005.609375
2008	12	0.000000	-2.733881	4.698430	7.992002	-0.000003	-0.000002	1.964549	-8.675392	-5.586893	0.000000	57179.867188	17569.486328	83005.312500
2008	12	0.000000	-2.129307	4.095131	7.388358	-0.000003	-0.000002	1.965824	5.689384	-8.568947	0.000000	57179.859375	17568.244141	83005.015625
2008	12	0.000000	-1.729897	3.682071	6.974957	-0.000003	-0.000001	1.952175	8.859901	-2.084516	0.000000	57179.855469	17567.015625	83004.734375
2009	01	0.000000	-1.977841	3.901429	7.193976	-0.000003	-0.000001	1.923589	8.516932	-2.864075	0.000000	57179.847656	17565.789062	83004.453125
2009	01	0.000000	-2.058409	3.910585	7.202775	-0.000003	-0.000001	1.852176	25.343712	-6.644426	0.000000	57179.839844	17564.574219	83004.171875
2009	01	0.000000	-1.858685	3.701176	6.992788	-0.000003	-0.000001	1.842490	15.760702	-3.118039	0.000000	57179.835938	17563.375000	83003.898438
2009	01	0.000000	-2.124291	3.968353	7.259388	-0.000003	-0.000001	1.844062	17.069071	-5.148823	0.000000	57179.828125	17562.175781	83003.617188
2009	01	0.000000	-1.496310	3.342877	6.633336	-0.000002	-0.000001	1.846567	21.629284	-6.248059	0.000000	57179.824219	17560.982422	83003.351562
2009	01	0.000000	-2.098411	3.943843	7.233726	-0.000003	-0.000001	1.845432	8.104288	-1.905122	0.000000	57179.816406	17559.792969	83003.085938
2009	01	0.000000	-2.388827	4.240802	7.530106	-0.000003	-0.000002	1.851975	16.809507	-5.254977	0.000000	57179.812500	17558.591797	83002.804688
2009	01	0.000000	-1.890351	3.751703	7.040430	-0.000003	-0.000001	1.861351	29.932051	-5.012913	0.000000	57179.808594	17557.398438	83002.531250
2009	01	0.000000	-2.018837	3.880894	7.169044	-0.000003	-0.000001	1.862057	20.422365	-2.108747	0.000000	57179.804688	17556.208984	83002.265625
2009	01	0.000000	-2.298018	4.162564	7.450136	-0.000003	-0.000002	1.864546	11.177855	-5.111241	0.000000	57179.800781	17555.015625	83001.992188
2009	01	0.000000	-2.302334	4.172456	7.459450	-0.000003	-0.000002	1.870122	14.520524	-1.036087	0.000000	57179.792969	17553.822266	83001.718750
2009	01	0.000000	-2.084421	3.961672	7.248088	-0.000003	-0.000001	1.877251	19.864546	-2.312430	0.000000	57179.789062	17552.630859	83001.453125
2009	01	0.000000	-1.565603	3.436962	6.722801	-0.000003	-0.000001	1.871358	25.053072	-7.287062	0.000000	57179.785156	17551.445312	83001.187500
2009	01	0.000000	-1.897405	3.753436	7.038701	-0.000003	-0.000001	1.856032	23.244843	-0.832776	0.000000	57179.781250	17550.267578	83000.929688
2009	01	0.000000	-1.609726	3.457774	6.742462	-0.000003	-0.000001	1.848048	10.263803	-2.378851	0.000000	57179.781250	17549.087891	83000.671875
2009	01	0.000000	-2.028166	3.869184	7.153296	-0.000003	-0.000001	1.841017	9.960455	-1.463438	0.000000	57179.777344	17547.908203	83000.414062
2009	01	0.000000	-3.471069	5.316402	8.599936	-0.000003	-0.000002	1.845334	-9.692161	-3.292297	0.000000	57179.773438	17546.716797	83000.148438
2009	01	0.000000	-4.281693	6.154747	9.437696	-0.000004	-0.000002	1.873055	-27.829094	-11.310695	0.000000	57179.769531	17545.500000	82999.851562
2009	01	0.000000	-4.203129	6.109218	9.391582	-0.000004	-0.000002	1.906089	-20.649584	-9.011814	0.000000	57179.765625	17544.281250	82999.554688
2009	01	0.000000	-3.686727	5.617321	8.899103	-0.000003	-0.000002	1.930594	-18.709221	-6.666415	0.000000	57179.765625	17543.070312	82999.257812
2009	01	0.000000	-3.576692	5.521533	8.802734	-0.000003	-0.000002	1.944841	-16.329006	-5.796288	0.000000	57179.761719	17541.861328	82998.968750
2009	01	0.000000	-3.833023	5.788622	9.069242	-0.000003	-0.000002	1.955599	-6.549623	-2.391295	0.000000	57179.761719	17540.652344	82998.679688
2009	01	0.000000	-3.028782	4.996618	8.276657	-0.000003	-0.000002	1.967837	10.379679	-8.139826	0.000000	57179.757812	17539.443359	82998.390625
2009	01	0.000000	-2.116982	4.077998	7.357461	-0.000003	-0.000002	1.961016	2.440337	-4.865570	0.000000	57179.757812	17538.257812	82998.125000
2009	01	0.000000	-2.228849	4.172015	7.450902	-0.000003	-0.000002	1.943165	0.557771	-6.599448	0.000000	57179.753906	17537.074219	82997.859375
2009	01	0.000000	-2.109049	4.037385	7.315698	-0.000003	-0.000002	1.928336	4.317514	-3.755052	0.000000	57179.753906	17535.892578	82997.593750
2009	01	0.000000	-2.474777	4.393165	7.670903	-0.000003	-0.000002	1.918389	-5.706253	-2.532567	0.000000	57179.750000	17534.710938	82997.328125
2009	01	0.000000	-2.780541	4.697080	7.974240	-0.000003	-0.000002	1.916538	-0.447272	-0.629957	0.000000	57179.750000	17533.523438	82997.062500
2009	01	0.000000	-2.919899	4.842450	8.119033	-0.000003	-0.000002	1.922550	4.586940	-2.150402	0.000000	57179.750000	17532.330078	82996.789062
2009	01	0.000000	-3.027838	4.956905	8.232911	-0.000003	-0.000002	1.929067	2.107474	0.135960	0.000000	57179.746094	17531.140625	82996.515625
2009	01	0.000000	-3.536237	5.473836	8.749265	-0.000003	-0.000002	1.937600	-2.509950	0.009988	0.000000	57179.746094	17529.943359	82996.242188
2009	02	0.000000	-3.718075	5.482264	8.440190	-0.000003	-0.000002	1.764188	-13.294119	-3.887097	0.000000	57179.746094	17528.734375	82995.945312
2009	02	0.000000	-2.506058	4.287893	7.245298	-0.000003	-0.000002	1.781835	15.439864	-7.777493	0.000000	57179.746094	17527.533203	82995.664062
2009	02	0.000000	-1.920603	3.710529	6.667416	-0.000003	-0.000002	1.789926	19.360018	-0.372519	0.000000	57179.746094	17526.355469	82995.398438
2009	02	0.000000	-2.561406	4.351497	7.307865	-0.000003	-0.000002	1.790090	13.147354	0.545316	0.000000	57179.746094	17525.171875	82995.132812
2009	02	0.000000	-3.647373	5.441737	8.397583	-0.000003	-0.000002	1.794363	-1.778026	1.763806	0.000000	57179.746094	17523.972656	82994.851562
2009	02	0.000000	-3.252708	5.057762	8.013086	-0.000003	-0.000002	1.805054	-5.842988	-1.385282	0.000000	57179.746094	17522.765625	82994.562500
2009	02	0.000000	-3.051944	4.867026	7.821828	-0.000003	-0.000002	1.815081	7.320292	1.332379	0.000000	57179.746094	17521.566406	82994.281250
2009	02	0.000000	-2.739716	4.561908	7.516191	-0.000003	-0.000002	1.822192	9.638278	0.771148	0.000000	57179.746094	17520.373047	82994.000000
2009	02	0.000000	-3.240539	5.067223	8.020987	-0.000003	-0.000002	1.826684	-0.133987	2.275926	0.000000	57179.746094	17519.177734	82993.718750
2009	02	0.000000	-3.106542	4.939177	7.892419	-0.000003	-0.000002	1.832635	-4.057855	-1.090259	0.000000	57179.746094	17517.976562	82993.437500
2009	02	0.000000	-3.297943	5.136450	8.089172	-0.000003	-0.000002	1.838507	1.158519	-0.475727	0.000000	57179.746094	17516.777344	82993.148438
2009	02	0.000000	-3.008402	4.853102	7.805305	-0.000003	-0.000002	1.844700	6.540446	1.267927	0.000000	57179.746094	17515.578125	82992.867188
2009	02	0.000000	-2.690987	4.540352	7.492036	-0.000003	-0.000002	1.849365	9.105524	0.589007	0.000000	57179.746094	17514.384766	82992.585938
2009	02	0.000000	-2.307735	4.159659	7.110826	-0.000003	-0.000002	1.851925	10.313447	-2.474553	0.000000	57179.750000	17513.199219	82992.312500
2009	02	0.000000	-2.054531	3.905544	6.856195	-0.000003	-0.000002	1.851013	17.390989	-1.075934	0.000000	57179.750000	17512.019531	82992.046875
2009	02	0.000000	-1.867284	3.713686	6.663822	-0.000003	-0.000002	1.846402	27.583939	2.059789	0.000000	57179.750000	17510.845703	82991.789062
2009	02	0.000000	-1.925937	3.765014	6.714636	-0.000003	-0.000002	1.839077	28.555670	2.812012	0.000000	57179.750000	17509.671875	82991.531250
2009	02	0.000000	-2.243588	4.075619	7.024726	-0.000003	-0.000002	1.832031	23.563166	2.575983	0.000000	57179.753906	17508.496094	82991.265625
2009	02	0.000000	-2.169531	3.997554	6.946146	-0.000003	-0.000002	1.828023	21.784084	0.965988	0.000000	57179.753906	17507.316406	82991.000000
2009	02	0.000000	-2.425523	4.250726	7.198802	-0.000003	-0.000002	1.825203	19.090046	4.711722	0.000000	57179.753906	17506.138672	82990.734375
2009	02	0.000000	-2.263253	4.087574	7.035135	-0.000003	-0.000002	1.824321	20.334221	-0.762999	0.000000	57179.757812	17504.957031	82990.468750
2009	02	0.000000	-2.402132	4.226415	7.173460	-0.000003	-0.000002	1.824282	22.387842	4.579122	0.000000	57179.757812	17503.779297	82990.210938
2009	02	0.000000	-2.490645	4.314918	7.261449	-0.000003	-0.000002	1.824273	20.409702	5.691878	0.000000	57179.757812	17502.599609	82989.945312
2009	02	0.000000	-2.439844	4.264918	7.210934	-0.000003	-0.000002	1.825074	15.331046	3.104840	0.000000	57179.761719	17501.417969	82989.671875
2009	02	0.000000	-2.153802	3.979530	6.925031	-0.000003	-0.000002	1.825728	32.707478	-0.474131	0.000000	57179.761719	17500.238281	82989.406250
2009	02	0.000000	-1.942689	3.766712	6.711699	-0.000003	-0.000002	1.824023	33.948837	-0.071975	0.000000	57179.765625	17499.066406	82989.156250
2009	02	0.000000	-1.831840	3.653101	6.597577	-0.000003	-0.000002	1.821261	39.873398	3.596024	0.000000	57179.765625	17497.900391	82988.898438
2009	02	0.000000	-2.283978	4.102632	7.046594	-0.000003	-0.000002	1.818654	24.539013	6.742221	0.000000	57179.769531	17496.730469	82988.640625
2009	03	0.000000	-2.476664	4.490906	7.749723	-0.000003	-0.000002	2.014241	25.467491	-0.664979	0.000000	57179.773438	17495.552734	82988.382812
2009	03	0.000000	-2.471974	4.488870	7.747120	-0.000003	-0.000002	2.016895	25.787621	6.500088	0.000000	57179.773438	17494.380859	82988.125000
2009	03	0.000000	-3.096755	5.114108	8.371789	-0.000003	-0.000002	2.017353	17.035189	7.393224	0.000000	57179.777344	17493.203125	82987.859375
2009	03	0.000000	-3.647022	5.670062	8.927172	-0.000003	-0.000002	2.023040	15.836297	7.551238	0.000000	57179.777344	17492.011719	82987.585938
2009	03	0.000000	-3.699577	5.734237	8.990775	-0.000003	-0.000002	2.034660	6.978520	6.562329	0.000000	57179.781250	17490.820312	82987.304688
2009	03	0.000000	-3.187182	5.233615	8.489583	-0.000003	-0.000002	2.046433	33.288059	3.596997	0.000000	57179.785156	17489.625000	82987.023438
2009	03	0.000000	-2.424694	4.478805	7.734206	-0.000003	-0.000002	2.054111	23.391510	5.088163	0.000000	57179.789062	17488.449219	82986.757812
2009	03	0.000000	-3.119683	5.172777	8.427610	-0.000003	-0.000002	2.053094	6.000786	5.124232	0.000000	57179.792969	17487.273438	82986.492188
2009	03	0.000000	-3.349630	5.414960	8.669224	-0.000003	-0.000002	2.065330	37.425034	5.495184	0.000000	57179.792969	17486.082031	82986.218750
2009	03	0.000000	-2.368567	4.440757	7.694455	-0.000003	-0.000002	2.072191	36.975262	3.473000	0.000000	57179.796875	17484.904297	82985.953125
2009	03	0.000000	-2.081040	4.144167	7.397300	-0.000003	-0.000002	2.063127	46.134430	6.145414	0.000000	57179.800781	17483.736328	82985.695312
2009	03	0.000000	-2.345297	4.393725	7.646294	-0.000003	-0.000002	2.048428	35.672916	12.392042	0.000000	57179.804688	17482.570312	82985.437500
2009	03	0.000000	-2.897248	4.933916	8.185918	-0.000003	-0.000002	2.036668	22.288309	10.671800	0.000000	57179.808594	17481.394531	82985.179688
2009	03	0.000000	-3.478209	5.513834	8.765269	-0.000003	-0.000002	2.035626	4.796719	3.311378	0.000000	57179.812500	17480.210938	82984.906250
2009	03	0.000000	-3.604212	5.661016	8.911882	-0.000003	-0.000002	2.056804	19.744596	5.415074	0.000000	57179.816406	17479.015625	82984.625000
2009	03	0.000000	-3.035668	5.106695	8.356994	-0.000003	-0.000002	2.071027	26.380007	4.361656	0.000000	57179.820312	17477.832031	82984.351562
2009	03	0.000000	-3.361907	5.433240	8.682973	-0.000003	-0.000002	2.071333	14.859057	3.588266	0.000000	57179.824219	17476.646484	82984.078125
2009	03	0.000000	-2.799795	4.874675	8.123842	-0.000003	-0.000002	2.074880	40.502605	7.951366	0.000000	57179.828125	17475.462891	82983.804688
2009	03	0.000000	-2.629054	4.707208	7.955812	-0.000003	-0.000002	2.078154	41.972160	10.435213	0.000000	57179.832031	17474.289062	82983.539062
2009	03	0.000000	-3.263299	5.343417	8.591456	-0.000003	-0.000002	2.080118	14.770942	6.566252	0.000000	57179.835938	17473.111328	82983.273438
2009	03	0.000000	-3.435201	5.540044	8.787517	-0.000003	-0.000002	2.104843	40.023975	20.586657	0.000000	57179.839844	17471.921875	82983.000000
2009	03	0.000000	-3.509404	5.641108	8.888015	-0.000003	-0.000002	2.131704	17.205084	8.975102	0.000000	57179.843750	17470.732422	82982.718750
2009	03	0.000000	-3.779707	5.915848	9.162189	-0.000003	-0.000002	2.136142	5.398383	3.404788	0.000000	57179.851562	17469.539062	82982.429688
2009	03	0.000000	-3.406072	5.543301	8.789076	-0.000003	-0.000002	2.137229	36.966995	15.537889	0.000000	57179.855469	17468.347656	82982.148438
2009	03	0.000000	-2.842009	4.980416	8.225627	-0.000003	-0.000002	2.138406	39.982285	12.256346	0.000000	57179.859375	17467.164062	82981.875000
2009	03	0.000000	-2.615394	4.753688	7.998338	-0.000003	-0.000002	2.138294	59.085403	13.085286	0.000000	57179.863281	17465.986328	82981.609375
2009	03	0.000000	-2.710364	4.846733	8.090820	-0.000003	-0.000002	2.136369	39.365486	14.982421	0.000000	57179.871094	17464.814453	82981.343750
2009	03	0.000000	-3.152103	5.287080	8.530606	-0.000003	-0.000002	2.134977	31.596130	15.233287	0.000000	57179.875000	17463.634766	82981.070312
2009	03	0.000000	-3.566303	5.705817	8.948778	-0.000003	-0.000002	2.139514	32.370296	18.469297	0.000000	57179.878906	17462.445312	82980.789062
2009	03	0.000000	-3.167388	5.319547	8.561946	-0.000003	-0.000002	2.152159	52.003811	24.974188	0.000000	57179.886719	17461.257812	82980.515625
2009	03	0.000000	-3.122671	5.276443	8.518280	-0.000003	-0.000002	2.153771	25.772076	11.317316	0.000000	57179.890625	17460.076172	82980.242188
2009	04	0.000000	-3.524053	5.629003	8.765720	-0.000003	-0.000002	2.104950	18.504068	20.636415	0.000000	57179.894531	17458.888672	82979.960938
2009	04	0.000000	-4.161059	6.292918	9.429090	-0.000004	-0.000002	2.131859	-1.536872	3.144023	0.000000	57179.902344	17457.687500	82979.664062
2009	04	0.000000	-4.186365	6.338964	9.474588	-0.000004	-0.000002	2.152598	9.082941	12.140436	0.000000	57179.906250	17456.482422	82979.367188
2009	04	0.000000	-4.040664	6.211724	9.346803	-0.000004	-0.000002	2.171061	3.360073	17.968824	0.000000	57179.914062	17455.281250	82979.070312
2009	04	0.000000	-4.086123	6.270811	9.405344	-0.000004	-0.000002	2.184688	3.949072	8.527777	0.000000	57179.917969	17454.078125	82978.773438
2009	04	0.000000	-3.987201	6.173445	9.307432	-0.000004	-0.000002	2.186243	3.229606	6.821232	0.000000	57179.925781	17452.875000	82978.476562
2009	04	0.000000	-4.299490	7.948083	11.081527	-0.000004	-0.000003	3.648593	-4.697970	5.032362	0.000000	57179.937500	17451.667969	82978.164062
2009	04	0.000000	-4.667852	30.285601	33.418499	-0.000013	-0.000012	25.617748	-7.304660	4.387640	0.000000	57180.406250	17450.455078	82977.476562
2009	04	0.000000	-4.228528	11.525335	14.657687	-0.000006	-0.000004	7.296808	12.321406	16.251520	0.000000	57181.042969	17449.244141	82976.609375
2009	04	0.000000	-4.444664	10.893436	14.025244	-0.000005	-0.000004	6.448771	7.956207	33.865349	0.000000	57181.082031	17448.033203	82976.171875
2009	04	0.000000	-4.902644	15.308756	18.440018	-0.000007	-0.000006	10.406111	-10.067825	33.930798	0.000000	57181.128906	17446.814453	82975.664062
2009	04	0.000000	-5.155758	28.235943	31.366659	-0.000012	-0.000011	23.080185	-10.102275	6.988284	0.000000	57181.242188	17445.589844	82974.945312
2009	04	0.000000	-5.215859	56.256767	59.386936	-0.000023	-0.000022	51.040909	-9.583047	0.225209	0.000000	57182.179688	17444.361328	82973.265625
2009	04	0.000000	-5.136113	67.783752	70.913376	-0.000027	-0.000026	62.647636	1.192462	4.411174	0.000000	57183.011719	17443.134766	82971.125000
2009	04	0.000000	-5.442095	94.060516	97.189598	-0.000037	-0.000036	88.618416	30.099285	25.665934	0.000000	57183.617188	17441.902344	82968.531250
2009	04	0.000000	-4.877666	73.667763	76.796295	-0.000030	-0.000028	68.790100	63.752537	15.903736	0.000000	57184.335938	17440.671875	82965.289062
2009	04	0.000000	-4.955145	88.647484	91.775475	-0.000035	-0.000034	83.692337	73.781914	21.713718	0.000000	57184.792969	17439.447266	82962.804688
2009	04	0.000000	-4.780019	89.990723	93.118179	-0.000036	-0.000035	85.210709	47.605061	16.379936	0.000000	57185.347656	17438.220703	82959.726562
2009	04	0.000000	-5.113811	96.221092	99.348000	-0.000038	-0.000037	91.107285	56.225479	15.702753	0.000000	57185.898438	17436.994141	82956.500000
2009	04	0.000000	-5.603570	134.467178	137.593536	-0.000053	-0.000052	128.863602	61.665062	34.371281	0.000000	57186.527344	17435.757812	82952.656250
2009	04	0.000000	-5.467247	136.504990	139.630814	-0.000054	-0.000053	131.037750	66.213455	34.172626	0.000000	57187.296875	17434.517578	82947.984375
2009	04	0.000000	-5.269777	132.751602	135.876877	-0.000052	-0.000051	127.481834	62.306992	25.612404	0.000000	57187.949219	17433.281250	82943.406250
2009	04	0.000000	-5.047599	126.902000	130.026718	-0.000050	-0.000049	121.854393	26.966616	33.274921	0.000000	57188.507812	17432.041016	82938.906250
2009	04	0.000000	-4.433129	110.350769	113.474968	-0.000044	-0.000043	105.917641	63.153065	81.906517	0.000000	57188.941406	17430.812500	82934.835938
2009	04	0.000000	-4.053529	97.062256	100.185921	-0.000039	-0.000037	93.008728	102.903366	31.102510	0.000000	57189.238281	17429.597656	82931.382812
2009	04	0.000000	-4.580693	102.960472	106.083595	-0.000041	-0.000040	98.379776	78.509468	15.378999	0.000000	57189.492188	17428.380859	82928.015625
2009	04	0.000000	-4.737286	114.237335	117.359924	-0.000045	-0.000044	109.500053	107.505951	25.944914	0.000000	57189.777344	17427.152344	82924.257812
2009	04	0.000000	-4.600472	110.905121	114.027168	-0.000044	-0.000043	106.304649	107.429489	25.824295	0.000000	57190.054688	17425.923828	82920.406250
2009	04	0.000000	-4.461013	106.778778	109.900276	-0.000042	-0.000041	102.317764	118.094193	26.027843	0.000000	57190.285156	17424.701172	82916.710938
2009	04	0.000000	-4.733007	107.999474	111.120438	-0.000043	-0.000042	103.266464	106.608810	26.662148	0.000000	57190.492188	17423.476562	82913.062500
2009	05	0.000000	-4.775310	111.540588	114.765030	-0.000043	-0.000042	106.765282	92.976280	26.533892	0.000000	57190.687500	17422.246094	82909.312500
2009	05	0.000000	-4.903306	108.676994	111.900894	-0.000042	-0.000041	103.773689	95.455887	32.643818	0.000000	57190.839844	17421.019531	82905.687500
2009	05	0.000000	-5.684493	122.662361	125.885689	-0.000047	-0.000046	116.977859	86.023727	37.843342	0.000000	57190.988281	17419.781250	82901.843750
2009	05	0.000000	-6.161522	125.615761	128.838547	-0.000048	-0.000047	119.454247	76.898132	44.981037	0.000000	57191.140625	17418.535156	82897.789062
2009	05	0.000000	-6.995909	133.289902	136.512131	-0.000051	-0.000050	126.293999	57.712925	53.847908	0.000000	57191.289062	17417.275391	82893.531250
2009	05	0.000000	-6.950059	131.989151	135.210815	-0.000050	-0.000049	125.039085	55.129711	48.213192	0.000000	57191.425781	17416.005859	82889.171875
2009	05	0.000000	-6.771212	127.161118	130.382217	-0.000049	-0.000047	120.389900	29.830513	40.145237	0.000000	57191.539062	17414.732422	82884.843750
2009	05	0.000000	-5.631742	116.103607	119.324158	-0.000045	-0.000043	110.471870	96.184891	40.576885	0.000000	57191.597656	17413.478516	82880.898438
2009	05	0.000000	-5.518762	112.720398	115.940399	-0.000043	-0.000042	107.201645	101.173271	41.324257	0.000000	57191.632812	17412.234375	82877.171875
2009	05	0.000000	-6.366839	124.595825	127.815254	-0.000048	-0.000047	118.228981	85.670998	46.770580	0.000000	57191.675781	17410.980469	82873.242188
2009	05	0.000000	-6.483490	128.449371	131.668259	-0.000049	-0.000048	121.965881	79.742996	39.449593	0.000000	57191.726562	17409.718750	82869.093750
2009	05	0.000000	-6.862597	131.676193	134.894531	-0.000050	-0.000049	124.813599	57.004360	49.309402	0.000000	57191.769531	17408.451172	82864.804688
2009	05	0.000000	-6.552322	128.961182	132.178955	-0.000049	-0.000048	122.408867	36.550739	25.530104	0.000000	57191.800781	17407.175781	82860.445312
2009	05	10.307603	2.805488	115.865753	108.775368	-0.000041	-0.000039	108.363640	115.876740	74.797653	27683.234375	57191.792969	17405.962891	82856.468750
2009	05	36.246498	22.132015	111.447906	78.418083	-0.000029	-0.000028	97.333427	116.264839	46.301285	97347.585938	57191.742188	17405.125000	82853.351562
2009	05	71.862503	47.483742	130.574539	61.928173	-0.000023	-0.000022	106.195770	96.489555	50.063995	193001.843750	57191.695312	17405.005859	82850.945312
2009	05	103.858482	70.706940	143.025421	42.382538	-0.000016	-0.000015	109.873886	41.992332	51.691338	278933.781250	57191.675781	17405.697266	82849.078125
2009	05	109.183952	73.709740	145.786377	39.817471	-0.000015	-0.000014	110.312172	37.782570	37.661434	293236.468750	57191.652344	17406.949219	82847.734375
2009	05	94.436333	63.037407	125.081551	33.859718	-0.000013	-0.000011	93.682625	102.979927	90.877609	253628.609375	57191.605469	17408.238281	82846.687500
2009	05	120.687836	83.202660	125.060120	7.586243	-0.000003	-0.000002	87.574951	94.840530	50.045452	324132.531250	57191.527344	17409.337891	82845.890625
2009	05	126.583542	85.947243	133.118271	9.748125	-0.000004	-0.000002	92.481964	39.462212	68.780266	339966.718750	57191.464844	17411.029297	82845.625000
2009	05	198.872116	140.316788	156.518692	-39.140572	0.000015	0.000016	97.963364	93.190758	58.970852	534112.875000	57191.414062	17413.294922	82845.851562
2009	05	226.980621	159.815704	170.147812	-53.620502	0.000020	0.000021	102.982887	86.649376	62.236710	609604.125000	57191.382812	17417.070312	82847.328125
2009	05	254.018082	177.984894	181.138901	-69.667427	0.000026	0.000027	105.105705	63.747299	78.126694	682218.937500	57191.343750	17421.539062	82849.421875
2009	05	222.325378	152.911560	177.041153	-42.073021	0.000016	0.000017	107.627350	4.125345	73.900963	597101.500000	57191.300781	17426.140625	82851.554688
2009	05	261.347382	183.198135	190.307465	-67.829308	0.000025	0.000027	112.158188	84.349258	66.615089	701903.375000	57191.246094	17430.296875	82853.117188
2009	05	270.665802	190.595978	187.475189	-79.980530	0.000030	0.000031	107.405380	49.035610	55.632164	726929.875000	57191.179688	17435.445312	82855.703125
2009	05	250.135620	173.691254	186.303116	-60.622959	0.000023	0.000024	109.858765	47.777138	53.633869	671791.750000	57191.105469	17440.240234	82857.984375
2009	05	269.922089	188.763474	194.336258	-72.376884	0.000027	0.000028	113.177612	89.360397	61.067829	724932.562500	57191.023438	17445.175781	82860.281250
2009	05	300.009369	211.816879	195.982925	-100.818001	0.000038	0.000039	107.790451	86.930641	70.144165	805738.250000	57190.929688	17450.597656	82863.132812
2009	05	237.014191	162.758408	178.055359	-55.750935	0.000021	0.000022	103.799599	23.337427	40.803684	636551.375000	57190.832031	17455.921875	82866.000000
2009	06	273.722412	189.879501	184.764404	-85.854149	0.000033	0.000034	100.921486	103.673248	60.352474	759643.687500	57190.722656	17460.507812	82868.226562
2009	06	259.741302	180.379684	176.713684	-79.924286	0.000031	0.000032	97.352051	115.043541	56.092403	720842.875000	57190.613281	17465.904297	82871.273438
2009	06	292.594513	205.202057	181.578812	-107.912888	0.000042	0.000043	94.186348	95.915154	66.111229	812018.187500	57190.496094	17471.128906	82874.335938
2009	06	318.431610	222.078415	193.998138	-121.331200	0.000047	0.000048	97.644936	58.022484	79.585594	883722.187500	57190.382812	17477.326172	82878.296875
2009	06	256.136353	174.340836	180.983429	-72.051163	0.000028	0.000029	99.187912	52.877567	73.646500	710838.250000	57190.269531	17483.078125	82881.726562
2009	06	278.937592	195.600220	176.456711	-99.379639	0.000038	0.000040	93.119347	123.932335	53.262924	774117.062500	57190.140625	17488.208984	82884.640625
2009	06	305.912659	215.984634	181.348312	-121.463638	0.000047	0.000048	91.420265	104.422363	58.873425	848979.187500	57190.011719	17493.906250	82888.257812
2009	06	314.697418	220.872192	186.487091	-125.110138	0.000048	0.000049	92.661880	79.085144	61.853584	873358.937500	57189.878906	17500.279297	82892.539062
2009	06	293.909058	203.559937	182.920578	-107.888817	0.000042	0.000043	92.571465	49.886337	59.220314	815666.375000	57189.750000	17506.427734	82896.570312
2009	06	332.233643	231.359634	194.448380	-134.686111	0.000052	0.000053	93.574371	75.291214	76.958672	922026.000000	57189.613281	17512.474609	82900.523438
2009	06	341.709564	237.628067	198.441177	-140.169769	0.000054	0.000055	94.359673	65.128510	83.310661	948323.937500	57189.480469	17519.431641	82905.320312
2009	06	347.265839	241.520111	202.340179	-141.827591	0.000055	0.000056	96.594437	58.441795	73.596443	963743.937500	57189.339844	17526.355469	82910.039062
2009	06	344.737000	239.007248	204.753967	-136.885468	0.000053	0.000054	99.024216	66.664017	85.696190	956725.812500	57189.199219	17533.447266	82914.843750
2009	06	349.094818	240.761551	205.358292	-140.639511	0.000054	0.000055	97.025024	42.917370	102.418938	968819.812500	57189.046875	17540.625000	82919.765625
2009	06	330.123779	221.429459	209.036789	-117.990456	0.000046	0.000047	100.342491	12.623428	101.315331	916170.625000	57188.894531	17547.345703	82924.179688
2009	06	315.450928	211.743332	210.885941	-101.468979	0.000039	0.000040	107.178375	-6.431475	83.835709	875450.062500	57188.738281	17553.640625	82928.039062
2009	06	342.427795	229.896011	239.554276	-99.778069	0.000038	0.000040	127.022499	2.669947	78.388222	950317.187500	57188.562500	17559.972656	82931.414062
2009	06	368.506989	249.643265	244.745560	-120.666512	0.000047	0.000048	125.881836	27.705523	110.523224	1022693.062500	57188.367188	17567.007812	82935.171875
2009	06	335.326477	226.918564	232.249802	-99.982330	0.000039	0.000040	123.841850	1.430134	90.041382	930609.437500	57188.152344	17574.320312	82939.351562
2009	06	341.300537	232.182587	247.935272	-90.271461	0.000035	0.000036	138.817276	43.149212	83.923500	947188.812500	57187.902344	17580.707031	82942.273438
2009	06	298.110748	203.025391	221.790329	-73.227119	0.000028	0.000029	126.704956	-1.617886	75.988319	827327.062500	57187.628906	17587.480469	82945.640625
2009	06	373.440155	257.744537	248.581833	-121.765518	0.000047	0.000048	132.886215	42.882847	101.776848	1036383.750000	57187.335938	17593.666016	82948.476562
2009	06	354.881989	239.549927	262.422058	-89.367630	0.000034	0.000036	147.090027	5.749953	114.239113	984880.437500	57187.023438	17601.212891	82952.382812
2009	06	303.795380	203.301132	241.675491	-59.028164	0.000023	0.000024	141.181259	-23.033983	108.667213	843103.250000	57186.664062	17608.025391	82955.289062
2009	06	340.847015	229.428848	244.508438	-93.247353	0.000036	0.000037	133.090286	-6.405138	100.101273	945930.125000	57186.300781	17613.832031	82957.578125
2009	06	351.722504	237.932571	245.728317	-102.903542	0.000040	0.000041	131.938354	27.971336	109.998642	976112.312500	57185.910156	17620.763672	82961.046875
2009	06	343.667084	231.791916	238.129166	-102.447769	0.000040	0.000041	126.253990	32.753220	120.005760	953756.437500	57185.492188	17627.501953	82964.453125
2009	06	361.365417	249.230576	231.734177	-126.541595	0.000049	0.000050	119.599350	60.415230	87.835251	1002873.500000	57185.042969	17634.787109	82968.664062
2009	06	356.373230	246.262238	225.670700	-127.613403	0.000049	0.000050	115.559715	70.236015	91.065178	989019.000000	57184.585938	17642.064453	82973.015625
2009	06	320.384949	220.043884	211.572296	-105.724060	0.000041	0.000042	111.231201	56.887943	74.455048	889143.187500	57184.140625	17648.839844	82977.000000
2009	07	358.862549	248.504501	220.753311	-134.918167	0.000050	0.000052	110.395287	66.391769	90.026642	963800.812500	57183.722656	17655.404297	82980.937500
2009	07	298.529083	202.428360	209.609589	-85.728973	0.000032	0.000033	113.508858	22.930811	98.765724	801762.562500	57183.292969	17661.796875	82984.703125
2009	07	360.474304	249.736298	221.290817	-135.993469	0.000051	0.000052	110.552818	72.373520	84.538338	968129.437500	57182.906250	17667.667969	82987.953125
2009	07	356.312225	245.748566	223.513367	-129.609390	0.000048	0.000050	112.949684	57.024727	89.545998	956951.437500	57182.457031	17674.785156	82992.460938
2009	07	300.463135	201.892899	221.474747	-75.799446	0.000028	0.000029	122.904488	28.238480	79.577400	806957.000000	57182.015625	17681.136719	82995.984375
2009	07	326.182587	221.132568	223.109375	-99.884781	0.000037	0.000038	118.059349	25.827766	77.074211	876031.937500	57181.628906	17686.958984	82998.921875
2009	07	281.044830	184.385040	216.252106	-61.604820	0.000023	0.000024	119.592316	7.739498	72.003525	754804.937500	57181.230469	17692.353516	83001.492188
2009	07	352.354980	239.625244	229.540848	-119.626755	0.000045	0.000046	116.811096	49.518780	100.420784	946323.312500	57180.847656	17698.197266	83004.492188
2009	07	322.669037	216.579163	224.276703	-95.205482	0.000036	0.000037	118.186829	14.337996	93.534721	866595.500000	57180.410156	17704.437500	83007.968750
2009	07	327.847900	223.163223	230.998215	-93.663368	0.000035	0.000036	126.313538	69.645729	89.275192	880504.375000	57179.980469	17710.677734	83011.203125
2009	07	341.348938	235.817398	217.873932	-120.289200	0.000045	0.000046	112.342400	81.637184	96.422577	916764.312500	57179.539062	17717.070312	83014.773438
2009	07	343.805969	235.980743	219.806702	-120.813965	0.000045	0.000046	111.981491	44.430943	84.957497	923363.187500	57179.082031	17723.609375	83018.703125
2009	07	352.880859	239.923248	226.642776	-123.053352	0.000046	0.000047	113.685127	33.441010	93.942482	947735.750000	57178.628906	17730.189453	83022.632812
2009	07	362.502258	246.552658	232.880371	-126.437668	0.000047	0.000048	116.930733	41.709591	94.577492	973576.000000	57178.164062	17737.000000	83026.726562
2009	07	297.357178	197.566360	228.497696	-65.675797	0.000025	0.000026	128.706863	20.291258	70.463539	798615.250000	57177.699219	17743.318359	83030.039062
2009	07	323.946869	220.737289	220.473007	-100.290688	0.000037	0.000039	117.263412	75.126778	80.022118	870027.437500	57177.281250	17749.033203	83032.804688
2009	07	359.862396	248.809158	222.061295	-134.618408	0.000050	0.000051	111.008080	87.942390	97.631714	966486.062500	57176.835938	17755.361328	83036.476562
2009	07	356.625488	240.985870	230.515137	-122.928192	0.000046	0.000047	114.875504	49.263332	115.291840	957792.687500	57176.351562	17762.361328	83040.843750
2009	07	329.678864	216.636368	230.725830	-95.771408	0.000036	0.000037	117.683319	10.245831	106.944542	885421.937500	57175.886719	17768.779297	83044.484375
2009	07	294.652008	193.460541	213.863663	-77.607224	0.000029	0.000030	112.672203	-1.972872	81.544586	791349.937500	57175.449219	17774.710938	83047.695312
2009	07	225.269150	141.515244	204.020706	-18.067862	0.000007	0.000008	120.266808	-50.844337	102.527908	605007.625000	57175.054688	17778.863281	83049.164062
2009	07	346.756287	233.227005	241.262268	-102.313957	0.000038	0.000039	127.733009	43.220013	106.569954	931286.812500	57174.636719	17783.613281	83050.828125
2009	07	321.089020	210.806030	235.831207	-82.078300	0.000031	0.000032	125.548210	9.270016	96.952164	862352.062500	57174.195312	17790.005859	83054.156250
2009	07	329.423492	216.701431	236.617569	-89.626923	0.000033	0.000035	123.895515	43.395916	106.988960	884736.000000	57173.750000	17795.839844	83056.953125
2009	07	340.174561	226.414200	231.978409	-105.017700	0.000039	0.000040	118.218040	32.949482	110.445419	913610.250000	57173.281250	17802.119141	83060.343750
2009	07	339.570282	224.175278	232.675201	-103.717163	0.000039	0.000040	117.280182	36.340702	119.913483	911987.375000	57172.804688	17808.410156	83063.835938
2009	07	329.692535	218.413116	223.837326	-102.677803	0.000038	0.000040	112.557915	42.486168	105.284309	885458.625000	57172.335938	17814.484375	83067.187500
2009	07	329.912201	219.299942	216.565475	-110.169884	0.000041	0.000042	105.953178	46.563450	106.525986	886048.625000	57171.875000	17820.523438	83070.695312
2009	07	319.288208	213.817307	206.063354	-110.048508	0.000041	0.000042	100.592445	65.445335	89.049721	857515.562500	57171.410156	17826.605469	83074.460938
2009	07	293.644257	196.109741	192.454758	-98.013672	0.000037	0.000038	94.920227	39.526234	78.216003	788643.375000	57170.968750	17832.167969	83077.882812
2009	07	280.467865	183.541595	193.043427	-84.249107	0.000031	0.000033	96.117172	13.061810	76.322327	753255.312500	57170.550781	17837.230469	83080.882812
2009	08	299.349731	202.162003	188.490341	-107.684563	0.000040	0.000041	91.302620	74.823792	75.889275	803966.625000	57170.148438	17842.388672	83084.000000
2009	08	283.605927	190.206650	182.993317	-97.438309	0.000036	0.000038	89.594017	28.289791	62.990318	761683.375000	57169.730469	17847.703125	83087.421875
2009	08	316.109802	211.618988	231.012787	-81.923248	0.000031	0.000032	126.521950	37.453644	85.204536	848979.375000	57169.285156	17852.876953	83090.101562
2009	08	302.865601	203.553162	219.229370	-80.462944	0.000030	0.000031	119.916946	76.919518	79.898605	813409.187500	57168.816406	17858.595703	83092.804688
2009	08	303.651886	204.920135	210.671906	-89.807228	0.000034	0.000035	111.940140	89.464737	76.458420	815520.937500	57168.359375	17864.175781	83095.687500
2009	08	311.872009	211.499207	207.883820	-100.815933	0.000038	0.000039	107.511002	87.923500	78.259514	837597.875000	57167.910156	17869.691406	83098.679688
2009	08	311.525818	209.642731	208.210571	-100.143486	0.000037	0.000039	106.327484	76.390915	84.581131	836668.125000	57167.449219	17875.380859	83101.929688
2009	08	312.240479	208.735474	209.384171	-99.685043	0.000037	0.000038	105.879173	67.731972	88.873062	838587.375000	57166.988281	17881.021484	83105.148438
2009	08	306.131531	202.958008	208.092804	-94.867958	0.000035	0.000037	104.919296	37.204685	87.452682	822180.500000	57166.535156	17886.689453	83108.429688
2009	08	238.773285	149.081375	194.710800	-40.892250	0.000015	0.000016	105.018890	-20.825006	50.555153	641275.812500	57166.097656	17891.566406	83110.921875
2009	08	291.772583	190.252563	207.743195	-80.859665	0.000030	0.000031	106.223183	5.931772	69.627449	783616.562500	57165.695312	17895.789062	83112.742188
2009	08	275.640472	175.981277	205.452911	-67.018387	0.000025	0.000026	105.793716	43.495430	85.320633	740290.437500	57165.285156	17900.658203	83115.187500
2009	08	279.164398	181.065170	198.779022	-77.216736	0.000029	0.000030	100.679764	61.730652	80.977020	749754.687500	57164.875000	17905.513672	83117.726562
2009	08	278.823669	184.921188	187.760071	-87.895439	0.000033	0.000034	93.857597	69.405151	68.163002	748839.562500	57164.460938	17910.347656	83120.429688
2009	08	276.858368	183.082077	184.553864	-89.136841	0.000033	0.000034	90.777588	61.289890	69.153908	743561.250000	57164.046875	17915.185547	83123.312500
2009	08	253.315094	163.103149	180.543854	-69.604126	0.000026	0.000027	90.331902	38.998077	69.158661	680330.937500	57163.636719	17919.884766	83126.085938
2009	08	266.759491	175.558914	177.425461	-86.167427	0.000032	0.000033	86.224876	71.936531	66.687462	716438.687500	57163.257812	17924.152344	83128.515625
2009	08	254.834351	166.309204	172.773056	-78.895195	0.000029	0.000031	84.247894	58.754223	63.533360	684411.250000	57162.867188	17928.662109	83131.296875
2009	08	214.336456	133.803299	169.135895	-42.034985	0.000016	0.000017	88.602707	16.647192	63.684086	575645.625000	57162.492188	17932.550781	83133.445312
2009	08	214.826935	133.515030	181.838669	-29.823174	0.000011	0.000012	100.526772	-0.742315	74.194237	576962.875000	57162.136719	17935.816406	83134.632812
2009	08	255.643723	164.466553	199.054901	-53.424259	0.000020	0.000021	107.877739	36.234489	77.948769	686584.937500	57161.757812	17939.523438	83135.953125
2009	08	223.202728	142.901871	178.444244	-41.594414	0.000016	0.000017	98.143402	18.968960	52.928135	599457.812500	57161.363281	17943.650391	83137.789062
2009	08	236.687042	145.189514	192.584564	-40.938942	0.000015	0.000016	101.087036	-11.440213	86.699173	635672.812500	57160.980469	17946.914062	83138.859375
2009	08	216.717209	133.710800	180.575134	-32.979046	0.000012	0.000013	97.568733	-10.170851	55.335129	582039.625000	57160.601562	17950.652344	83140.382812
2009	08	234.726791	145.438202	185.511246	-46.053040	0.000017	0.000018	96.222664	31.221981	74.054054	630408.125000	57160.226562	17953.923828	83141.539062
2009	08	233.194611	147.337662	176.696930	-53.335690	0.000020	0.000021	90.839981	35.619743	70.440094	626293.125000	57159.855469	17957.820312	83143.460938
2009	08	239.315460	152.224319	176.156342	-59.997650	0.000022	0.000024	89.065193	43.802185	68.879654	642731.937500	57159.496094	17961.582031	83145.312500
2009	08	233.078949	148.718430	168.991745	-60.926235	0.000023	0.000024	84.631226	36.759434	67.467667	625982.500000	57159.144531	17965.333984	83147.296875
2009	08	237.082474	150.263611	171.510284	-62.411720	0.000023	0.000024	84.691422	31.520462	67.112411	636734.812500	57158.796875	17969.103516	83149.335938
2009	08	223.623749	139.604263	166.300766	-54.163017	0.000020	0.000021	82.281273	13.660725	66.732712	600588.562500	57158.457031	17972.750000	83151.312500
2009	08	209.447403	122.818443	171.495300	-34.792656	0.000013	0.000014	84.866348	-5.861888	79.244705	562515.000000	57158.121094	17976.037109	83152.921875
2009	09	201.179581	117.693565	164.697205	-33.425362	0.000013	0.000014	81.211174	-0.580032	80.297874	558320.375000	57157.785156	17979.066406	83154.234375
2009	09	223.944138	138.453598	163.007202	-57.880402	0.000022	0.000024	77.516670	25.718599	74.834885	621497.312500	57157.457031	17982.123047	83155.648438
2009	09	211.189346	128.073807	157.839310	-50.293995	0.000019	0.000021	74.723778	-2.506219	71.537628	586099.812500	57157.132812	17985.576172	83157.585938
2009	09	199.089111	116.293602	157.063782	-38.969772	0.000015	0.000016	74.268280	8.602266	79.059212	552518.812500	57156.816406	17988.714844	83159.265625
2009	09	194.947418	106.591438	164.165390	-27.727020	0.000011	0.000012	75.809395	-3.541476	84.576576	541024.687500	57156.503906	17991.378906	83160.398438
2009	09	204.254150	126.476044	143.638199	-57.561443	0.000022	0.000023	65.860077	36.041286	59.550732	566853.062500	57156.195312	17994.324219	83162.023438
2009	09	170.648346	97.967560	139.621201	-27.973110	0.000011	0.000012	66.940422	-22.537420	67.075111	473589.062500	57155.898438	17997.117188	83163.640625
2009	09	160.079849	81.848358	148.171677	-8.854665	0.000003	0.000005	69.940193	-24.010733	71.726837	444259.000000	57155.617188	17999.242188	83164.445312
2009	09	175.886215	102.206200	135.879059	-36.954166	0.000014	0.000015	62.199047	12.093994	62.401752	488125.406250	57155.335938	18001.332031	83165.367188
2009	09	175.965332	105.238197	129.012695	-43.900131	0.000017	0.000018	58.285568	36.538506	51.008747	488344.906250	57155.058594	18003.728516	83166.789062
2009	09	181.044571	108.621429	129.617126	-48.375431	0.000019	0.000020	57.193985	42.722496	52.990307	502441.000000	57154.792969	18006.136719	83168.289062
2009	09	182.352249	110.317436	127.328026	-51.972687	0.000020	0.000021	55.293209	37.317169	50.659344	506070.125000	57154.535156	18008.716797	83170.007812
2009	09	164.322098	92.800072	126.926605	-34.344429	0.000013	0.000014	55.404591	15.267955	59.261471	456032.218750	57154.281250	18011.164062	83171.632812
2009	09	161.727417	91.726929	123.937622	-34.739223	0.000013	0.000015	53.937141	13.592152	53.624573	448831.375000	57154.035156	18013.187500	83172.835938
2009	09	158.035736	90.665298	121.184502	-33.801151	0.000013	0.000014	53.814072	-3.320656	60.810406	438586.125000	57153.789062	18015.087891	83173.984375
2009	09	191.680710	112.469368	206.141174	17.510052	-0.000007	-0.000006	126.929832	8.750241	60.013107	531958.750000	57153.460938	18017.259766	83174.234375
2009	09	188.280151	110.992577	203.304871	18.073801	-0.000007	-0.000006	126.017296	21.602976	51.230400	522521.437500	57152.968750	18020.019531	83173.617188
2009	09	180.664291	103.604813	195.707153	18.091455	-0.000007	-0.000006	118.647675	-5.969404	67.930275	501385.625000	57152.476562	18022.644531	83173.210938
2009	09	173.904495	95.679459	195.987701	25.131273	-0.000010	-0.000009	117.762657	-3.958420	63.030663	482625.625000	57151.992188	18025.009766	83172.632812
2009	09	167.821396	93.208931	185.580292	20.806477	-0.000008	-0.000007	110.967827	-22.868107	69.507759	465743.625000	57151.511719	18027.232422	83172.101562
2009	09	122.488480	62.221584	165.455185	46.013779	-0.000018	-0.000017	105.188286	0.481083	57.254459	339934.156250	57151.042969	18029.046875	83171.265625
2009	09	133.501862	74.553963	154.451721	23.996452	-0.000009	-0.000008	95.503822	31.160820	43.559933	370498.875000	57150.585938	18030.181641	83170.117188
2009	09	157.775635	91.152031	161.566925	6.837395	-0.000003	-0.000001	94.943306	7.680886	53.009583	437864.312500	57150.148438	18031.697266	83169.500000
2009	09	155.118057	85.602684	167.105423	15.032983	-0.000006	-0.000005	97.590034	-8.422707	56.568886	430488.875000	57149.722656	18033.617188	83169.218750
2009	09	145.367416	77.495575	164.698456	22.376175	-0.000009	-0.000007	96.826599	-15.165457	61.507313	403428.593750	57149.300781	18035.361328	83168.742188
2009	09	134.803162	74.311790	152.257538	20.499041	-0.000008	-0.000007	91.766167	15.540561	40.466274	374110.250000	57148.882812	18036.857422	83168.078125
2009	09	121.508492	61.690712	149.698837	31.234529	-0.000012	-0.000011	89.881065	-8.388676	50.986927	337214.437500	57148.472656	18038.140625	83167.367188
2009	09	76.771339	32.502148	126.919930	53.192291	-0.000021	-0.000019	82.650749	-20.128508	68.126053	213058.406250	57148.074219	18038.931641	83166.296875
2009	09	76.916969	37.006306	117.714432	43.840694	-0.000017	-0.000016	77.803772	50.088409	23.165854	213462.562500	57147.691406	18038.951172	83164.656250
2009	09	85.594849	41.417091	119.497726	36.945652	-0.000014	-0.000013	75.319969	-0.025446	38.759289	237545.718750	57147.328125	18039.021484	83163.210938
2009	10	63.844109	21.390390	122.443672	61.743271	-0.000023	-0.000022	79.989960	-20.860834	29.608591	171466.765625	57146.976562	18039.037109	83161.687500
2009	10	80.494972	37.271233	124.016602	46.664860	-0.000017	-0.000016	80.792862	9.061970	29.775621	216186.156250	57146.625000	18038.757812	83159.828125
2009	10	62.471504	24.175087	120.452171	61.123413	-0.000023	-0.000022	82.155754	-12.128518	52.639874	167780.359375	57146.273438	18038.732422	83158.218750
2009	10	71.178444	30.915636	128.291916	60.255737	-0.000022	-0.000021	88.029099	29.100906	30.642458	191164.656250	57145.906250	18038.388672	83156.125000
2009	10	64.981911	26.492928	125.099083	63.258968	-0.000024	-0.000022	86.610100	13.258182	29.491066	174522.578125	57145.527344	18038.179688	83154.117188
2009	10	71.191978	33.129837	121.119011	53.068363	-0.000020	-0.000019	83.056862	36.544060	14.588231	191201.015625	57145.156250	18037.919922	83152.132812
2009	10	53.370934	19.579123	114.599281	64.369217	-0.000024	-0.000023	80.807472	-15.282107	34.904598	143338.843750	57144.789062	18037.662109	83150.257812
2009	10	35.792450	6.385922	107.905174	75.253120	-0.000028	-0.000027	78.498650	7.840097	47.829967	96128.156250	57144.425781	18036.996094	83148.007812
2009	10	23.520067	-0.341045	91.015511	70.635376	-0.000026	-0.000025	67.154404	51.292747	37.410908	63168.078125	57144.078125	18035.970703	83145.632812
2009	10	23.034866	0.213155	80.097610	60.202221	-0.000022	-0.000021	57.275898	48.307491	28.968876	61864.972656	57143.746094	18034.353516	83143.445312
2009	10	20.197794	-1.737598	75.950737	58.891968	-0.000022	-0.000021	54.015350	35.474205	37.191517	54245.421875	57143.449219	18030.623047	83141.421875
2009	10	24.097160	1.335990	77.185844	56.227249	-0.000021	-0.000020	54.424675	34.224789	20.001129	64717.984375	57143.214844	18024.281250	83139.429688
2009	10	29.519594	5.619052	82.367592	55.986103	-0.000021	-0.000020	58.467049	50.578293	9.573118	79281.078125	57143.078125	18015.460938	83137.468750
2009	10	29.419931	6.776428	84.851624	58.569355	-0.000022	-0.000021	62.208126	37.132282	6.864213	79013.406250	57143.058594	18004.152344	83135.460938
2009	10	33.483215	8.678835	91.206024	60.860016	-0.000023	-0.000022	66.401642	22.664457	9.725086	89926.210938	57143.183594	17990.291016	83133.375000
2009	10	29.214806	4.903978	97.901215	71.823158	-0.000027	-0.000026	73.590393	-9.207333	15.481489	78462.500000	57143.476562	17973.896484	83131.156250
2009	10	55.378822	24.419844	114.610275	62.367737	-0.000023	-0.000022	83.651291	7.003695	8.561699	148731.468750	57143.968750	17954.984375	83128.726562
2009	10	61.544952	27.880068	133.405121	74.995987	-0.000028	-0.000027	99.740234	-42.686089	10.839520	165291.906250	57144.718750	17934.021484	83126.390625
2009	10	33.132896	9.283755	135.507507	105.509987	-0.000039	-0.000038	111.658363	-3.610416	20.807789	88985.351562	57145.777344	17910.398438	83123.500000
2009	10	28.849764	9.208108	132.440796	106.725960	-0.000040	-0.000039	112.799141	27.484503	4.499751	77482.093750	57147.066406	17883.738281	83119.929688
2009	10	25.656336	7.609867	134.005569	111.483727	-0.000042	-0.000040	115.959106	28.779835	4.671612	68905.476562	57148.531250	17854.417969	83116.242188
2009	10	19.317543	4.404211	136.012497	119.829010	-0.000045	-0.000044	121.099167	25.585752	3.866866	51881.324219	57150.230469	17822.478516	83112.335938
2009	10	8.535784	-2.185802	137.706207	132.304047	-0.000049	-0.000048	126.984612	-18.004166	21.507498	22924.642578	57152.164062	17787.835938	83108.117188
2009	10	2.840724	-4.624947	130.758972	131.051453	-0.000049	-0.000048	123.293297	4.822118	13.837835	7629.362305	57154.128906	17750.478516	83103.585938
2009	10	0.000000	-5.894240	131.384079	134.516861	-0.000050	-0.000049	125.489830	-8.663037	7.317624	0.000000	57155.906250	17727.865234	83099.070312
2009	10	0.000000	-6.038376	136.428406	139.560776	-0.000052	-0.000051	130.390030	-4.536808	22.440081	0.000000	57157.617188	17726.251953	83094.359375
2009	10	0.000000	-5.194831	124.602859	127.734802	-0.000048	-0.000047	119.408028	13.166954	2.550570	0.000000	57159.128906	17724.720703	83089.781250
2009	10	0.000000	-5.549461	120.449745	123.581261	-0.000046	-0.000045	114.900291	23.742878	2.733083	0.000000	57160.382812	17723.197266	83085.500000
2009	10	0.000000	-5.160874	114.693413	117.824501	-0.000044	-0.000043	109.532547	21.064253	3.610434	0.000000	57161.476562	17721.683594	83081.367188
2009	10	0.000000	-4.839528	108.298874	111.429535	-0.000042	-0.000040	103.459351	24.815416	3.258343	0.000000	57162.414062	17720.183594	83077.429688
2009	10	0.000000	-4.839089	102.692108	105.822342	-0.000040	-0.000038	97.853020	12.403302	14.840059	0.000000	57163.222656	17718.693359	83073.695312
2009	11	0.000000	-4.316304	87.968689	90.997536	-0.000035	-0.000034	83.652382	5.959574	19.994421	0.000000	57163.910156	17717.214844	83070.218750
2009	11	0.000000	-5.044378	86.124649	89.153076	-0.000034	-0.000033	81.080269	1.727097	13.397726	0.000000	57164.468750	17715.740234	83067.054688
2009	11	0.000000	-4.453446	80.665939	83.693954	-0.000032	-0.000031	76.212494	16.213850	8.277702	0.000000	57164.980469	17714.271484	83063.921875
2009	11	0.000000	-4.637185	77.550377	80.577972	-0.000031	-0.000030	72.913193	15.476080	1.979701	0.000000	57165.406250	17712.814453	83061.007812
2009	11	0.000000	-4.637276	76.660828	79.688004	-0.000031	-0.000030	72.023552	5.720144	4.700849	0.000000	57165.800781	17711.359375	83058.109375
2009	11	0.000000	-5.048748	71.904022	74.930779	-0.000029	-0.000028	66.855270	3.104754	3.821529	0.000000	57166.140625	17709.914062	83055.375000
2009	11	0.000000	-5.918741	79.344200	82.370529	-0.000032	-0.000031	73.425461	-28.315041	-2.619124	0.000000	57166.453125	17708.464844	83052.609375
2009	11	0.000000	-5.474908	94.926491	97.952393	-0.000038	-0.000037	89.451584	-41.915462	7.975216	0.000000	57166.832031	17707.009766	83049.390625
2009	11	0.000000	-5.101098	93.431984	96.457458	-0.000037	-0.000036	88.330887	-11.026541	8.703370	0.000000	57167.230469	17705.572266	83045.984375
2009	11	0.000000	-4.553647	86.773285	89.798332	-0.000035	-0.000033	82.219635	2.700446	4.025665	0.000000	57167.578125	17704.148438	83042.703125
2009	11	0.000000	-5.327472	81.515610	84.540222	-0.000033	-0.000031	76.188133	-22.490707	3.678186	0.000000	57167.851562	17702.728516	83039.679688
2009	11	0.000000	-4.868244	85.851807	88.876007	-0.000034	-0.000033	80.983566	-3.156669	4.619571	0.000000	57168.109375	17701.304688	83036.585938
2009	11	0.000000	-4.215466	74.039253	77.063019	-0.000030	-0.000029	69.823784	12.128252	3.364883	0.000000	57168.324219	17699.900391	83033.671875
2009	11	0.000000	-4.408442	63.298164	66.321503	-0.000026	-0.000024	58.889721	3.238367	5.078170	0.000000	57168.457031	17698.503906	83031.140625
2009	11	0.000000	-4.473433	59.271343	62.294250	-0.000024	-0.000023	54.797909	16.750360	10.251598	0.000000	57168.546875	17697.105469	83028.796875
2009	11	0.000000	-3.953422	37.309742	40.332226	-0.000016	-0.000014	33.356319	18.045616	11.126855	0.000000	57168.562500	17695.724609	83026.984375
2009	11	0.000000	-4.640135	33.626087	36.648140	-0.000014	-0.000013	28.985952	-16.845016	5.159637	0.000000	57168.531250	17694.341797	83025.625000
2009	11	0.000000	-6.224243	49.372978	52.394592	-0.000020	-0.000019	43.148735	-85.977661	2.382320	0.000000	57168.539062	17692.949219	83024.078125
2009	11	0.000000	-4.851185	60.150997	63.172180	-0.000024	-0.000023	55.299812	-8.817102	2.643048	0.000000	57168.656250	17691.554688	83021.898438
2009	11	0.000000	-4.468083	50.648769	53.669518	-0.000021	-0.000020	46.180691	-3.389237	4.803962	0.000000	57168.746094	17690.181641	83019.859375
2009	11	0.000000	-4.607904	35.431484	38.451797	-0.000015	-0.000014	30.823580	-12.929790	4.428456	0.000000	57168.757812	17688.812500	83018.195312
2009	11	0.000000	-5.150286	32.033154	35.053032	-0.000014	-0.000012	26.882868	-30.095560	4.283758	0.000000	57168.746094	17687.441406	83016.906250
2009	11	0.000000	-4.592532	24.090868	27.110312	-0.000010	-0.000009	19.498337	-6.928572	13.192628	0.000000	57168.753906	17686.072266	83015.710938
2009	11	0.000000	-4.383364	18.733753	21.752762	-0.000008	-0.000007	14.350389	2.908492	1.476719	0.000000	57168.750000	17684.716797	83014.843750
2009	11	0.000000	-4.185465	17.698191	20.716766	-0.000008	-0.000007	13.512727	1.169890	2.176941	0.000000	57168.742188	17683.367188	83014.015625
2009	11	0.000000	-4.084078	16.200653	19.218794	-0.000007	-0.000006	12.116575	-4.639634	0.875324	0.000000	57168.730469	17682.021484	83013.234375
2009	11	0.000000	-4.441581	15.740765	18.758471	-0.000007	-0.000006	11.299183	-4.343721	5.659247	0.000000	57168.710938	17680.679688	83012.507812
2009	11	0.000000	-4.384916	16.495861	19.513128	-0.000008	-0.000006	12.110944	-3.611388	1.691430	0.000000	57168.695312	17679.337891	83011.773438
2009	11	0.000000	-4.209012	15.866976	18.883808	-0.000007	-0.000006	11.657963	-15.102522	4.644894	0.000000	57168.687500	17678.000000	83011.031250
2009	11	0.000000	-3.905367	13.174324	16.190722	-0.000006	-0.000005	9.268957	2.240847	4.474867	0.000000	57168.671875	17676.671875	83010.335938
2009	12	0.000000	-4.526594	10.762186	13.878676	-0.000005	-0.000004	6.235591	-10.336185	0.873883	0.000000	57168.667969	17675.341797	83009.765625
2009	12	0.000000	-3.615927	8.567423	11.683463	-0.000004	-0.000003	4.951496	24.847572	-1.057338	0.000000	57168.664062	17674.019531	83009.250000
2009	12	0.000000	-3.127057	6.413921	9.529511	-0.000004	-0.000002	3.286864	38.135361	-1.385102	0.000000	57168.652344	17672.712891	83008.812500
2009	12	0.000000	-2.803791	5.462052	8.577196	-0.000003	-0.000002	2.658261	27.191910	-0.543219	0.000000	57168.628906	17671.414062	83008.414062
2009	12	0.000000	-2.938402	5.219904	8.334600	-0.000003	-0.000002	2.281502	24.583132	0.883759	0.000000	57168.613281	17670.119141	83008.031250
2009	12	0.000000	-3.237571	5.326519	8.440766	-0.000003	-0.000002	2.088947	12.665644	-2.771004	0.000000	57168.593750	17668.824219	83007.664062
2009	12	0.000000	-2.909014	4.825119	7.938917	-0.000003	-0.000002	1.916106	23.541739	-4.455470	0.000000	57168.578125	17667.533203	83007.304688
2009	12	0.000000	-2.198251	3.867820	6.981169	-0.000003	-0.000001	1.669568	59.955425	-1.692219	0.000000	57168.562500	17666.253906	83006.960938
2009	12	0.000000	-1.925114	3.302310	6.415213	-0.000002	-0.000001	1.377196	53.763382	-2.516772	0.000000	57168.546875	17664.986328	83006.640625
2009	12	0.000000	-1.959853	3.017099	6.129556	-0.000002	-0.000001	1.057246	57.170891	-3.915478	0.000000	57168.535156	17663.722656	83006.328125
2009	12	0.000000	-1.997131	2.773515	5.885525	-0.000002	-0.000001	0.776384	53.010326	-5.713208	0.000000	57168.527344	17662.460938	83006.031250
2009	12	0.000000	-1.709598	2.298607	5.410169	-0.000002	-0.000001	0.589008	64.651649	-3.816280	0.000000	57168.519531	17661.205078	83005.750000
2009	12	0.000000	-1.503232	1.962104	5.073220	-0.000002	-0.000001	0.458872	76.037827	-4.215647	0.000000	57168.511719	17659.955078	83005.476562
2009	12	0.000000	-1.608149	1.973626	5.084295	-0.000002	-0.000001	0.365478	56.696884	-6.937435	0.000000	57168.507812	17658.710938	83005.210938
2009	12	0.000000	-1.642014	1.947350	5.057570	-0.000002	-0.000001	0.305335	48.771416	-7.221395	0.000000	57168.503906	17657.468750	83004.953125
2009	12	0.000000	-1.600323	1.878029	4.987801	-0.000002	-0.000001	0.277706	42.715725	-4.862714	0.000000	57168.500000	17656.230469	83004.703125
2009	12	0.000000	-2.204303	2.454480	5.563803	-0.000002	-0.000001	0.250177	7.360886	-4.550402	0.000000	57168.492188	17654.992188	83004.445312
2009	12	0.000000	-2.809725	3.030477	6.139347	-0.000002	-0.000001	0.220752	3.921828	-5.000939	0.000000	57168.492188	17653.744141	83004.187500
2009	12	0.000000	-2.808985	3.003755	6.112171	-0.000002	-0.000001	0.194770	-7.969477	-6.117988	0.000000	57168.488281	17652.496094	83003.929688
2009	12	0.000000	-3.252498	3.426817	6.534778	-0.000002	-0.000001	0.174319	-10.188529	-8.776545	0.000000	57168.484375	17651.246094	83003.664062
2009	12	0.000000	-2.843946	3.002022	6.109527	-0.000002	-0.000001	0.158076	2.901406	-10.393559	0.000000	57168.480469	17649.998047	83003.406250
2009	12	0.000000	-2.369466	2.515145	5.622196	-0.000002	-0.000001	0.145679	17.091036	-6.703944	0.000000	57168.480469	17648.759766	83003.156250
2009	12	0.000000	-2.613896	2.747897	5.854495	-0.000002	-0.000001	0.134002	13.113607	-3.273385	0.000000	57168.476562	17647.525391	83002.906250
2009	12	0.000000	-2.572133	2.695022	5.801164	-0.000002	-0.000001	0.122888	17.422424	-5.230487	0.000000	57168.472656	17646.289062	83002.664062
2009	12	0.000000	-2.156656	2.269826	5.375515	-0.000002	-0.000001	0.113170	39.788567	-4.557668	0.000000	57168.472656	17645.060547	83002.421875
2009	12	0.000000	-1.747154	1.850981	4.956218	-0.000002	-0.000001	0.103828	56.641994	-4.487591	0.000000	57168.468750	17643.839844	83002.195312
2009	12	0.000000	-2.482516	2.576227	5.681012	-0.000002	-0.000001	0.093711	-3.569737	-2.560581	0.000000	57168.468750	17642.619141	83001.960938
2009	12	0.000000	-2.869992	2.954109	6.058438	-0.000002	-0.000001	0.084118	-10.436304	-5.147809	0.000000	57168.468750	17641.390625	83001.726562
2009	12	0.000000	-2.208789	2.285802	5.389676	-0.000002	-0.000001	0.077013	28.221632	-5.332885	0.000000	57168.464844	17640.164062	83001.484375
2009	12	0.000000	-2.367933	2.439596	5.543015	-0.000002	-0.000001	0.071663	10.404835	-0.900957	0.000000	57168.464844	17638.947266	83001.257812
2009	12	0.000000	-2.405565	2.472164	5.575129	-0.000002	-0.000001	0.066599	25.707130	-4.370216	0.000000	57168.460938	17637.728516	83001.031250
2010	01	0.000000	-1.792325	1.854434	4.956939	-0.000002	-0.000001	0.062109	48.646042	-5.225023	0.000000	57168.460938	17636.513672	83000.812500
2010	01	0.000000	-1.429918	1.487572	4.589632	-0.000002	-0.000001	0.057654	58.994583	-2.731636	0.000000	57168.460938	17635.294922	83000.601562
2010	01	0.000000	-2.416501	2.468811	5.570678	-0.000002	-0.000001	0.052310	13.948688	-5.654859	0.000000	57168.460938	17634.060547	83000.382812
2010	01	0.000000	-1.747646	1.794988	4.896659	-0.000002	-0.000001	0.047342	43.699467	-5.539667	0.000000	57168.457031	17632.822266	83000.164062
2010	01	0.000000	-2.064516	2.108056	5.209534	-0.000002	-0.000001	0.043540	24.991701	-1.602779	0.000000	57168.457031	17631.591797	82999.953125
2010	01	0.000000	-1.985715	2.026142	5.127425	-0.000002	-0.000001	0.040427	29.797863	-4.023762	0.000000	57168.457031	17630.359375	82999.742188
2010	01	0.000000	-1.701391	1.739400	4.840488	-0.000002	-0.000001	0.038010	59.768005	-3.827431	0.000000	57168.457031	17629.130859	82999.531250
2010	01	0.000000	-1.545323	1.581196	4.682091	-0.000002	-0.000001	0.035873	41.445812	-1.394622	0.000000	57168.453125	17627.910156	82999.335938
2010	01	0.000000	-2.177487	2.211002	5.311701	-0.000002	-0.000001	0.033515	2.461362	-5.554241	0.000000	57168.453125	17626.683594	82999.132812
2010	01	0.000000	-2.967859	2.999287	6.099788	-0.000002	-0.000001	0.031428	-9.963313	-3.966532	0.000000	57168.453125	17625.451172	82998.914062
2010	01	0.000000	-3.329724	3.359944	6.460241	-0.000002	-0.000001	0.030220	2.120762	-3.561910	0.000000	57168.453125	17624.207031	82998.695312
2010	01	0.000000	-3.314734	3.344347	6.444442	-0.000002	-0.000001	0.029613	-20.068283	-8.915751	0.000000	57168.449219	17622.966797	82998.468750
2010	01	0.000000	-3.388311	3.417385	6.517275	-0.000002	-0.000001	0.029074	-13.932502	-7.225655	0.000000	57168.449219	17621.722656	82998.250000
2010	01	0.000000	-3.322109	3.350683	6.450371	-0.000002	-0.000001	0.028574	-5.239467	-3.657223	0.000000	57168.449219	17620.480469	82998.023438
2010	01	0.000000	-3.377351	3.405467	6.504951	-0.000002	-0.000001	0.028116	-7.521361	-2.284080	0.000000	57168.449219	17619.240234	82997.804688
2010	01	0.000000	-3.410032	3.437716	6.536997	-0.000002	-0.000001	0.027684	-14.209002	-6.515930	0.000000	57168.449219	17617.996094	82997.578125
2010	01	0.000000	-3.618265	3.645569	6.744645	-0.000003	-0.000001	0.027304	-13.982228	-5.946867	0.000000	57168.449219	17616.751953	82997.359375
2010	01	0.000000	-3.293355	3.320307	6.419179	-0.000002	-0.000001	0.026952	-12.844698	-5.616361	0.000000	57168.445312	17615.509766	82997.132812
2010	01	0.000000	-3.503524	3.530169	6.628837	-0.000002	-0.000001	0.026645	-14.286729	-5.820717	0.000000	57168.445312	17614.269531	82996.914062
2010	01	0.000000	-3.757165	3.783516	6.881980	-0.000003	-0.000001	0.026351	-7.555918	-3.044702	0.000000	57168.445312	17613.023438	82996.687500
2010	01	0.000000	-3.573141	3.599230	6.697489	-0.000003	-0.000001	0.026090	-7.107373	-4.755405	0.000000	57168.445312	17611.779297	82996.460938
2010	01	0.000000	-3.726630	3.752491	6.850545	-0.000003	-0.000001	0.025862	-7.075669	-4.094733	0.000000	57168.445312	17610.535156	82996.242188
2010	01	0.000000	-3.630961	3.656615	6.754463	-0.000003	-0.000001	0.025654	-6.129601	-4.676134	0.000000	57168.445312	17609.291016	82996.015625
2010	01	0.000000	-3.270531	3.296006	6.393651	-0.000002	-0.000001	0.025475	-0.657827	-1.961431	0.000000	57168.441406	17608.050781	82995.796875
2010	01	0.000000	-3.387398	3.412701	6.510143	-0.000002	-0.000001	0.025304	4.997174	-2.719468	0.000000	57168.441406	17606.812500	82995.578125
2010	01	0.000000	-2.408388	2.433530	5.530769	-0.000002	-0.000001	0.025142	7.991449	-7.317920	0.000000	57168.441406	17605.578125	82995.359375
2010	01	0.000000	-2.032034	2.057017	5.154058	-0.000002	-0.000001	0.024983	12.010106	-1.173048	0.000000	57168.441406	17604.359375	82995.164062
2010	01	0.000000	-2.264498	2.289310	5.386153	-0.000002	-0.000001	0.024812	7.456978	-5.017493	0.000000	57168.441406	17603.140625	82994.960938
2010	01	0.000000	-2.339236	2.363866	5.460511	-0.000002	-0.000001	0.024630	9.905135	0.484933	0.000000	57168.441406	17601.921875	82994.765625
2010	01	0.000000	-2.299344	2.323772	5.420218	-0.000002	-0.000001	0.024429	21.071413	-0.816041	0.000000	57168.441406	17600.701172	82994.562500
2010	01	0.000000	-2.089144	2.113360	5.209607	-0.000002	-0.000001	0.024216	21.680136	1.279573	0.000000	57168.437500	17599.484375	82994.359375
2010	02	0.000000	-1.640847	1.662525	4.458956	-0.000002	-0.000001	0.021678	25.510618	-1.711595	0.000000	57168.437500	17598.271484	82994.171875
2010	02	0.000000	-1.842090	1.863559	4.659811	-0.000002	-0.000001	0.021469	13.955861	0.594658	0.000000	57168.437500	17597.062500	82993.976562
2010	02	0.000000	-2.202357	2.223600	5.019671	-0.000002	-0.000001	0.021243	16.098963	0.737431	0.000000	57168.437500	17595.847656	82993.781250
2010	02	0.000000	-2.169523	2.190543	4.986434	-0.000002	-0.000001	0.021020	7.365407	0.941555	0.000000	57168.437500	17594.630859	82993.585938
2010	02	0.000000	-2.504025	2.524806	5.320514	-0.000002	-0.000001	0.020781	9.831201	-2.648160	0.000000	57168.437500	17593.412109	82993.382812
2010	02	0.000000	-2.368875	2.389430	5.184956	-0.000002	-0.000001	0.020556	2.504798	-0.426534	0.000000	57168.437500	17592.193359	82993.187500
2010	02	0.000000	-2.369399	2.389734	5.185077	-0.000002	-0.000001	0.020335	3.498304	0.308906	0.000000	57168.433594	17590.974609	82992.984375
2010	02	0.000000	-2.067295	2.087415	4.882576	-0.000002	-0.000001	0.020120	8.995625	-4.231050	0.000000	57168.433594	17589.759766	82992.789062
2010	02	0.000000	-1.812440	1.832350	4.627331	-0.000002	-0.000001	0.019910	16.917515	-0.164562	0.000000	57168.433594	17588.550781	82992.601562
2010	02	0.000000	-1.974166	1.993858	4.788659	-0.000002	-0.000001	0.019692	11.009985	-1.239172	0.000000	57168.433594	17587.343750	82992.406250
2010	02	0.000000	-1.917515	1.936982	4.731602	-0.000002	-0.000001	0.019467	14.479408	0.103761	0.000000	57168.433594	17586.134766	82992.218750
2010	02	0.000000	-2.138627	2.157864	4.952303	-0.000002	-0.000001	0.019237	19.118290	2.894800	0.000000	57168.433594	17584.927734	82992.031250
2010	02	0.000000	-2.175755	2.194758	4.989015	-0.000002	-0.000001	0.019003	18.428463	0.872663	0.000000	57168.433594	17583.716797	82991.835938
2010	02	0.000000	-2.074900	2.093670	4.887745	-0.000002	-0.000001	0.018770	12.671195	-0.479828	0.000000	57168.433594	17582.505859	82991.648438
2010	02	0.000000	-2.022523	2.041066	4.834960	-0.000002	-0.000001	0.018542	17.448626	2.666121	0.000000	57168.429688	17581.298828	82991.453125
2010	02	0.000000	-2.286804	2.305118	5.098829	-0.000002	-0.000001	0.018314	2.778111	0.045850	0.000000	57168.429688	17580.089844	82991.265625
2010	02	0.000000	-2.724392	2.742483	5.536011	-0.000002	-0.000001	0.018092	5.241038	2.823944	0.000000	57168.429688	17578.876953	82991.070312
2010	02	0.000000	-2.662119	2.679995	5.473337	-0.000002	-0.000001	0.017875	9.553614	2.055475	0.000000	57168.429688	17577.658203	82990.867188
2010	02	0.000000	-2.561405	2.579075	5.372233	-0.000002	-0.000001	0.017670	6.902992	3.285363	0.000000	57168.429688	17576.445312	82990.671875
2010	02	0.000000	-2.893529	2.911009	5.703982	-0.000002	-0.000001	0.017481	3.774467	1.289332	0.000000	57168.429688	17575.224609	82990.468750
2010	02	0.000000	-2.330301	2.347606	5.140395	-0.000002	-0.000001	0.017306	8.678370	-0.845854	0.000000	57168.429688	17574.009766	82990.273438
2010	02	0.000000	-2.467015	2.484162	5.276768	-0.000002	-0.000001	0.017147	9.224669	6.161705	0.000000	57168.429688	17572.800781	82990.085938
2010	02	0.000000	-2.759049	2.776044	5.568465	-0.000002	-0.000001	0.016995	6.881216	0.583196	0.000000	57168.425781	17571.582031	82989.882812
2010	02	0.000000	-2.378599	2.395451	5.187690	-0.000002	-0.000001	0.016853	14.680893	5.079392	0.000000	57168.425781	17570.373047	82989.687500
2010	02	0.000000	-2.737027	2.753747	5.545801	-0.000002	-0.000001	0.016720	5.938072	3.785969	0.000000	57168.425781	17569.158203	82989.492188
2010	02	0.000000	-2.940084	2.956680	5.748549	-0.000002	-0.000001	0.016596	9.008138	4.493399	0.000000	57168.425781	17567.939453	82989.289062
2010	02	0.000000	-3.066494	3.082974	5.874658	-0.000002	-0.000001	0.016481	5.191074	4.133698	0.000000	57168.425781	17566.718750	82989.085938
2010	02	0.000000	-3.018815	3.035196	5.826693	-0.000002	-0.000001	0.016381	6.665918	5.842298	0.000000	57168.425781	17565.496094	82988.882812
2010	03	0.000000	-3.212583	3.230628	6.321008	-0.000002	-0.000001	0.018045	6.473266	5.095808	0.000000	57168.425781	17564.275391	82988.679688
2010	03	0.000000	-3.502851	3.520819	6.610994	-0.000002	-0.000001	0.017968	0.242389	0.893873	0.000000	57168.425781	17563.054688	82988.476562
2010	03	0.000000	-3.799285	3.817187	6.907155	-0.000003	-0.000001	0.017902	2.547045	6.722128	0.000000	57168.425781	17561.828125	82988.265625
2010	03	0.000000	-3.637832	3.655689	6.745450	-0.000003	-0.000001	0.017857	6.821108	12.601091	0.000000	57168.425781	17560.599609	82988.054688
2010	03	0.000000	-3.773537	3.791377	6.880932	-0.000003	-0.000001	0.017840	-7.566587	-3.730257	0.000000	57168.421875	17559.373047	82987.843750
2010	03	0.000000	-4.066681	4.084518	7.173865	-0.000003	-0.000002	0.017838	-5.980680	-0.798957	0.000000	57168.421875	17558.142578	82987.632812
2010	03	0.000000	-4.144287	4.162138	7.251276	-0.000003	-0.000002	0.017851	-10.159148	-1.408915	0.000000	57168.421875	17556.908203	82987.414062
2010	03	0.000000	-4.197159	4.215039	7.303968	-0.000003	-0.000002	0.017880	-5.763576	2.829776	0.000000	57168.421875	17555.671875	82987.195312
2010	03	0.000000	-4.110342	4.128267	7.216988	-0.000003	-0.000002	0.017924	4.448399	2.349706	0.000000	57168.421875	17554.435547	82986.976562
2010	03	0.000000	-4.200457	4.218435	7.306948	-0.000003	-0.000002	0.017978	23.050137	16.527729	0.000000	57168.421875	17553.197266	82986.750000
2010	03	0.000000	-3.868030	3.886070	6.974376	-0.000003	-0.000001	0.018040	27.746267	20.095896	0.000000	57168.421875	17551.964844	82986.539062
2010	03	0.000000	-4.096057	8.651643	11.739741	-0.000004	-0.000003	4.555586	21.234369	16.466156	0.000000	57168.441406	17550.730469	82986.304688
2010	03	0.000000	-4.247047	20.915340	24.003231	-0.000009	-0.000008	16.668293	11.550082	15.229211	0.000000	57168.972656	17549.492188	82985.632812
2010	03	0.000000	-4.363554	8.505720	11.593403	-0.000004	-0.000003	4.142166	5.310558	14.515134	0.000000	57169.226562	17548.250000	82985.117188
2010	03	0.000000	-4.625879	13.230602	16.318077	-0.000006	-0.000005	8.604722	0.196317	18.877239	0.000000	57169.269531	17547.005859	82984.710938
2010	03	0.000000	-4.213512	22.842081	25.929346	-0.000010	-0.000009	18.628569	2.309667	27.070951	0.000000	57169.617188	17545.763672	82984.023438
2010	03	0.000000	-4.542515	16.266144	19.353203	-0.000007	-0.000006	11.723627	-4.626381	5.076220	0.000000	57170.011719	17544.521484	82983.281250
2010	03	0.000000	-4.917719	24.065866	27.152718	-0.000010	-0.000009	19.148148	-14.152609	-0.961864	0.000000	57170.109375	17543.271484	82982.578125
2010	03	0.000000	-4.091158	28.349234	31.435875	-0.000012	-0.000011	24.258074	46.423218	41.850677	0.000000	57170.257812	17542.023438	82981.617188
2010	03	0.000000	-3.456121	16.097027	19.183464	-0.000007	-0.000006	12.640907	68.277603	44.347115	0.000000	57170.406250	17540.789062	82980.757812
2010	03	0.000000	-3.842330	8.946265	12.032500	-0.000004	-0.000003	5.103936	7.196141	13.122118	0.000000	57170.460938	17539.558594	82980.343750
2010	03	0.000000	-3.816815	8.965759	12.051789	-0.000004	-0.000003	5.148944	23.663828	48.210186	0.000000	57170.511719	17538.320312	82979.921875
2010	03	0.000000	-3.584897	6.268164	9.353990	-0.000003	-0.000002	2.683267	39.956352	27.752924	0.000000	57170.546875	17537.085938	82979.593750
2010	03	0.000000	-3.524421	4.778171	7.863794	-0.000003	-0.000002	1.253749	16.561878	11.508649	0.000000	57170.566406	17535.855469	82979.320312
2010	03	0.000000	-3.061852	3.541376	6.626796	-0.000002	-0.000001	0.479524	71.802521	33.163998	0.000000	57170.574219	17534.625000	82979.078125
2010	03	0.000000	-3.124833	3.143676	6.228897	-0.000002	-0.000001	0.018844	23.790026	30.009773	0.000000	57170.578125	17533.404297	82978.867188
2010	03	0.000000	-4.218342	6.732152	9.817168	-0.000004	-0.000003	2.513809	-3.116139	6.084715	0.000000	57170.585938	17532.169922	82978.640625
2010	03	0.000000	-4.409565	13.095374	16.180185	-0.000006	-0.000005	8.685809	0.646012	9.876474	0.000000	57170.652344	17530.927734	82978.226562
2010	03	0.000000	-4.644335	22.093971	25.178577	-0.000009	-0.000008	17.449638	10.117229	18.679089	0.000000	57170.746094	17529.679688	82977.539062
2010	03	0.000000	-5.233188	37.588726	40.673119	-0.000015	-0.000014	32.355537	-14.854858	3.954426	0.000000	57170.898438	17528.425781	82976.539062
2010	03	0.000000	-5.359508	75.474289	78.558479	-0.000029	-0.000028	70.114784	-2.083704	18.936459	0.000000	57171.535156	17527.166016	82974.656250
2010	04	0.000000	-4.748638	83.482224	86.466713	-0.000033	-0.000032	78.733589	11.120089	27.420855	0.000000	57172.476562	17525.906250	82971.914062
2010	04	0.000000	-4.617742	78.859550	81.843842	-0.000032	-0.000030	74.241806	23.854158	14.096610	0.000000	57173.167969	17524.652344	82968.937500
2010	04	0.000000	-4.602766	49.344070	52.328163	-0.000020	-0.000019	44.741302	36.207985	16.157875	0.000000	57173.621094	17523.402344	82966.851562
2010	04	0.000000	-5.348281	82.734833	85.718727	-0.000033	-0.000032	77.386559	18.063953	26.689497	0.000000	57174.039062	17522.140625	82964.671875
2010	04	0.000000	-5.273104	111.920380	114.904060	-0.000044	-0.000043	106.647270	25.466021	17.173674	0.000000	57174.703125	17520.875000	82961.406250
2010	04	0.000000	-5.206387	112.316551	115.300034	-0.000044	-0.000043	107.110161	41.992538	27.445507	0.000000	57175.531250	17519.609375	82957.445312
2010	04	0.000000	-4.968766	120.898483	123.881767	-0.000048	-0.000047	115.929710	49.076981	22.102383	0.000000	57176.332031	17518.345703	82953.554688
2010	04	0.000000	-5.360662	141.528961	144.512039	-0.000056	-0.000055	136.168304	38.417187	37.704140	0.000000	57177.281250	17517.078125	82949.046875
2010	04	0.000000	-5.173231	131.418793	134.401657	-0.000052	-0.000051	126.245552	23.184500	33.761475	0.000000	57178.152344	17515.810547	82944.414062
2010	04	0.000000	-4.713402	128.102432	131.085114	-0.000051	-0.000049	123.389023	31.438501	60.136536	0.000000	57178.871094	17514.542969	82939.937500
2010	04	0.000000	-4.092425	108.397400	111.379883	-0.000043	-0.000042	104.304977	34.150696	69.058243	0.000000	57179.429688	17513.289062	82935.945312
2010	04	0.000000	-4.423687	114.399002	117.381287	-0.000045	-0.000044	109.975319	59.715801	39.965160	0.000000	57179.863281	17512.037109	82932.218750
2010	04	0.000000	-4.803540	124.764961	127.747047	-0.000049	-0.000048	119.961426	58.056801	27.992802	0.000000	57180.304688	17510.779297	82928.125000
2010	04	0.000000	-4.983783	124.390739	127.372627	-0.000049	-0.000048	119.406960	10.123539	36.801128	0.000000	57180.718750	17509.513672	82923.804688
2010	04	0.000000	-4.870919	124.699066	127.680756	-0.000049	-0.000048	119.828148	-7.221475	17.719421	0.000000	57181.058594	17508.246094	82919.578125
2010	04	0.000000	-4.923350	129.099457	132.080933	-0.000051	-0.000050	124.176094	71.637589	21.360128	0.000000	57181.328125	17506.984375	82915.343750
2010	04	0.000000	-5.034636	128.868225	131.849503	-0.000051	-0.000050	123.833580	70.686310	34.464367	0.000000	57181.574219	17505.720703	82910.960938
2010	04	0.000000	-6.064655	140.608749	143.589828	-0.000055	-0.000054	134.544083	39.624874	33.427544	0.000000	57181.789062	17504.445312	82906.414062
2010	04	0.000000	-6.162332	142.377563	145.358429	-0.000056	-0.000055	136.215225	24.090532	18.337629	0.000000	57182.000000	17503.154297	82901.531250
2010	04	0.000000	-6.278454	145.799774	148.780457	-0.000057	-0.000056	139.521332	17.019533	18.221315	0.000000	57182.156250	17501.865234	82896.695312
2010	04	0.000000	-5.829697	140.010391	142.990860	-0.000055	-0.000054	134.180695	58.418354	36.535408	0.000000	57182.281250	17500.578125	82891.835938
2010	04	0.000000	-5.505923	132.298874	135.279144	-0.000052	-0.000051	126.792946	75.018478	39.931335	0.000000	57182.363281	17499.298828	82887.281250
2010	04	0.000000	-6.304993	138.811188	141.791275	-0.000055	-0.000054	132.506195	55.423901	35.555325	0.000000	57182.433594	17498.015625	82882.757812
2010	04	0.000000	-5.654107	131.186890	134.166763	-0.000052	-0.000051	125.532784	20.742403	29.928905	0.000000	57182.515625	17496.718750	82877.984375
2010	04	0.000000	-5.101914	128.797348	131.777023	-0.000051	-0.000050	123.695435	78.267860	29.196840	0.000000	57182.527344	17495.441406	82873.656250
2010	04	0.000000	-4.544369	119.694618	122.674095	-0.000047	-0.000046	115.150253	105.355850	34.742218	0.000000	57182.523438	17494.171875	82869.453125
2010	04	0.000000	-4.667473	118.706322	121.685593	-0.000047	-0.000046	114.038841	91.877853	43.740978	0.000000	57182.496094	17492.906250	82865.429688
2010	04	0.000000	-5.297346	128.474640	131.453720	-0.000051	-0.000050	123.177292	82.683098	44.368881	0.000000	57182.476562	17491.634766	82861.171875
2010	04	2.845143	-2.887386	125.425835	125.559586	-0.000048	-0.000047	119.693314	9.140150	27.697252	7895.936035	57182.460938	17490.357422	82856.757812
2010	04	16.169449	7.002135	122.633942	109.443199	-0.000042	-0.000041	113.466629	-8.550429	37.411774	44874.003906	57182.414062	17489.224609	82852.757812
2010	05	51.010414	32.254768	140.261139	92.328529	-0.000034	-0.000033	121.505493	58.833050	53.236092	136999.187500	57182.347656	17488.542969	82849.296875
2010	05	40.758022	24.269524	126.625259	88.944832	-0.000033	-0.000032	110.136757	33.310318	61.554501	109464.234375	57182.285156	17488.482422	82846.437500
2010	05	51.617043	32.144886	116.180832	67.641197	-0.000025	-0.000024	96.708679	47.591217	47.271999	138628.406250	57182.187500	17488.173828	82843.867188
2010	05	72.209030	47.142212	126.392006	57.260185	-0.000021	-0.000020	101.325188	65.325043	46.071838	193932.515625	57182.085938	17488.246094	82841.750000
2010	05	86.887390	57.595806	131.495071	47.684689	-0.000018	-0.000017	102.203484	80.880775	46.158779	233354.343750	57182.000000	17488.820312	82840.054688
2010	05	110.061035	74.633278	138.167831	31.183598	-0.000012	-0.000010	102.740067	93.949471	47.288162	295592.062500	57181.914062	17489.769531	82838.726562
2010	05	112.867767	76.369072	137.463196	27.672035	-0.000010	-0.000009	100.964500	96.768089	40.046825	303130.125000	57181.828125	17491.142578	82837.820312
2010	05	129.089218	87.907310	142.004959	15.992155	-0.000006	-0.000005	100.823051	92.550720	37.966228	346696.218750	57181.738281	17492.636719	82837.085938
2010	05	166.457382	115.507248	153.687012	-9.694135	0.000004	0.000005	102.736900	94.986526	42.152573	447056.250000	57181.648438	17494.636719	82836.835938
2010	05	190.909912	132.616470	165.177490	-22.656410	0.000008	0.000010	106.884048	86.084091	48.740501	512728.656250	57181.562500	17497.634766	82837.437500
2010	05	214.778122	150.388931	171.733856	-39.968472	0.000015	0.000016	107.344666	78.578346	52.550171	576831.812500	57181.472656	17501.039062	82838.398438
2010	05	229.263351	160.332672	177.171783	-49.015984	0.000018	0.000019	108.241089	90.181145	52.649696	615734.937500	57181.371094	17505.013672	82839.921875
2010	05	239.125031	166.209946	181.295486	-54.754150	0.000020	0.000022	108.380386	75.396561	61.265865	642220.500000	57181.269531	17509.298828	82841.726562
2010	05	244.846237	167.353333	190.884811	-50.886250	0.000019	0.000020	113.391907	14.336799	81.178505	657586.062500	57181.160156	17513.666016	82843.531250
2010	05	276.751709	191.036133	201.526398	-72.150337	0.000027	0.000028	115.810829	55.076336	69.933266	743274.875000	57181.046875	17518.289062	82845.460938
2010	05	270.078857	185.570068	197.689255	-69.314850	0.000026	0.000027	113.180489	7.714266	67.384850	725353.500000	57180.921875	17523.574219	82848.070312
2010	05	275.122253	185.419113	206.752747	-65.294998	0.000024	0.000026	117.049591	19.458391	75.855011	738898.625000	57180.792969	17528.429688	82850.226562
2010	05	269.635254	175.366074	215.683502	-50.877480	0.000019	0.000020	121.414314	-20.160419	93.829262	724162.125000	57180.660156	17533.359375	82852.312500
2010	05	317.634186	217.318848	218.315536	-96.244614	0.000036	0.000037	118.000206	21.670807	85.163666	853073.375000	57180.519531	17538.943359	82855.054688
2010	05	335.456848	230.696930	221.489288	-110.893730	0.000041	0.000043	116.729385	31.774950	92.707214	900939.750000	57180.371094	17544.902344	82858.242188
2010	05	332.244476	226.413361	224.401993	-104.768929	0.000039	0.000040	118.570862	5.077297	103.737083	892312.437500	57180.214844	17551.576172	82862.156250
2010	05	275.872314	188.120560	235.686478	-37.112503	0.000014	0.000015	147.934723	75.330589	97.813896	740913.125000	57180.019531	17557.435547	82864.632812
2010	05	295.167084	205.377396	217.965363	-74.128601	0.000028	0.000029	128.175659	87.819283	66.960297	792733.312500	57179.785156	17562.951172	82866.781250
2010	05	219.506805	147.439117	194.107956	-22.325924	0.000008	0.000009	122.040253	34.205723	74.064880	589531.687500	57179.558594	17568.000000	82868.789062
2010	05	320.432617	224.554077	216.046249	-101.313622	0.000038	0.000039	120.167740	79.362083	71.024391	860589.187500	57179.328125	17572.408203	82870.367188
2010	05	185.166382	119.940102	185.394852	3.300967	-0.000001	-0.000000	120.168549	-30.242153	129.476700	497303.250000	57179.109375	17577.865234	82872.921875
2010	05	273.946442	190.647888	202.454376	-68.419769	0.000026	0.000027	119.155807	82.299530	69.391937	735740.750000	57178.871094	17581.144531	82873.382812
2010	05	326.686096	231.543732	211.632935	-111.980995	0.000042	0.000043	116.490601	117.371658	63.054424	877384.125000	57178.636719	17586.818359	82876.289062
2010	05	303.502655	212.048019	207.332016	-93.098686	0.000035	0.000036	115.877380	105.678627	66.218674	815120.187500	57178.406250	17593.193359	82879.914062
2010	05	307.221130	216.838165	202.102356	-102.047005	0.000038	0.000039	111.719398	123.377243	60.706429	825106.937500	57178.167969	17599.005859	82883.085938
2010	05	294.095306	206.527023	197.841995	-93.181717	0.000035	0.000036	110.273720	114.726547	55.930298	789854.812500	57177.933594	17604.808594	82886.335938
2010	06	272.244049	190.498367	187.131866	-82.139870	0.000032	0.000033	105.386169	74.384399	51.036652	755540.937500	57177.699219	17610.275391	82889.289062
2010	06	320.009918	222.954865	206.761566	-110.276199	0.000043	0.000044	109.706520	74.819527	80.271011	888102.312500	57177.460938	17615.777344	82892.257812
2010	06	328.288025	228.946426	212.405060	-112.910965	0.000044	0.000045	113.063477	63.628349	81.451996	911076.000000	57177.222656	17622.523438	82896.281250
2010	06	288.938019	195.501389	209.042191	-76.924042	0.000030	0.000031	115.605568	-0.451659	68.470299	801870.500000	57176.976562	17628.455078	82899.414062
2010	06	339.725220	235.244385	229.261642	-107.492027	0.000041	0.000043	124.780792	49.645004	101.050735	942816.937500	57176.714844	17634.544922	82902.546875
2010	06	340.358398	236.547501	225.988586	-111.398422	0.000043	0.000044	122.177689	36.720020	82.081894	944574.187500	57176.437500	17641.599609	82906.484375
2010	06	324.519928	221.817703	224.267761	-97.280960	0.000038	0.000039	121.565544	37.562439	90.910248	900618.687500	57176.152344	17648.085938	82909.929688
2010	06	344.983490	239.668686	224.856216	-117.156258	0.000045	0.000046	119.541420	34.153961	89.596924	957409.875000	57175.863281	17654.894531	82913.750000
2010	06	303.145355	205.563065	218.249084	-81.925438	0.000032	0.000033	120.666809	33.853714	70.642830	841299.187500	57175.570312	17661.275391	82917.140625
2010	06	335.279572	231.769150	221.610672	-110.698250	0.000043	0.000044	118.100266	62.427845	84.456467	930479.187500	57175.265625	17667.271484	82920.187500
2010	06	273.718933	185.727158	201.518951	-69.229546	0.000027	0.000028	113.527153	28.210213	63.933933	759634.062500	57174.964844	17673.931641	82923.984375
2010	06	208.465302	136.340149	180.714325	-24.780722	0.000010	0.000011	108.589165	9.888293	53.290993	578540.000000	57174.660156	17677.988281	82925.390625
2010	06	365.370453	257.853760	216.897003	-145.503372	0.000056	0.000057	109.380302	85.720413	90.933517	1013988.437500	57174.355469	17683.089844	82927.921875
2010	06	384.628998	267.689362	232.528778	-149.130295	0.000058	0.000059	115.589142	61.822121	116.561150	1067435.375000	57174.054688	17690.945312	82933.046875
2010	06	362.842255	244.445419	241.400925	-118.471642	0.000046	0.000047	123.004066	4.939633	124.555077	1006972.125000	57173.746094	17698.800781	82937.937500
2010	06	348.225098	238.500290	239.559509	-105.696083	0.000041	0.000042	129.834717	25.675703	90.841537	966406.062500	57173.417969	17705.626953	82941.570312
2010	06	346.766235	238.616592	232.686905	-111.109985	0.000043	0.000044	124.537277	36.550968	95.375488	962357.375000	57173.058594	17712.683594	82945.398438
2010	06	263.414032	174.272537	209.576889	-50.868004	0.000020	0.000021	120.435402	-15.018776	79.844620	731035.437500	57172.699219	17718.689453	82948.328125
2010	06	280.767609	185.833389	221.219177	-56.579483	0.000022	0.000023	126.284958	-43.733231	127.497925	779195.687500	57172.328125	17723.113281	82949.695312
2010	06	354.988861	242.348251	238.091019	-113.929092	0.000044	0.000045	125.450401	36.698631	112.053726	985177.062500	57171.949219	17729.365234	82952.773438
2010	06	366.153656	252.270828	240.238037	-122.947044	0.000047	0.000049	126.355217	31.975254	107.432579	1016162.000000	57171.550781	17736.796875	82957.054688
2010	06	374.474915	256.501068	242.767471	-128.739075	0.000050	0.000051	124.793625	44.380688	114.633583	1039255.437500	57171.105469	17744.171875	82961.250000
2010	06	340.626465	232.045563	229.347244	-108.311028	0.000042	0.000043	120.766350	25.209938	93.282715	945318.062500	57170.609375	17751.390625	82965.390625
2010	06	336.484772	226.555664	229.533966	-103.982803	0.000040	0.000041	119.604866	15.190943	106.718208	933823.937500	57170.144531	17757.953125	82969.007812
2010	06	269.970520	176.169907	212.144577	-54.858139	0.000021	0.000022	118.343956	-1.248740	59.104561	749231.375000	57169.695312	17763.691406	82971.796875
2010	06	353.634216	240.636444	229.510849	-121.155731	0.000047	0.000048	116.513100	27.720240	96.200089	981417.625000	57169.281250	17769.388672	82974.625000
2010	06	350.958984	240.243027	230.228088	-117.763466	0.000045	0.000047	119.512123	30.724985	99.591583	973993.250000	57168.796875	17776.509766	82978.835938
2010	06	344.115448	237.529053	226.800262	-114.347939	0.000044	0.000045	120.213852	53.527699	87.928711	955000.812500	57168.296875	17783.423828	82982.773438
2010	06	343.353210	236.150238	224.727600	-115.658546	0.000045	0.000046	117.524612	50.211742	92.500214	952885.437500	57167.800781	17790.324219	82986.742188
2010	06	344.511902	234.742050	225.049622	-116.495369	0.000045	0.000046	115.279793	50.537743	101.329094	956101.000000	57167.312500	17796.982422	82990.554688
2010	07	355.144348	242.669052	232.861801	-119.216965	0.000045	0.000046	120.386520	25.080282	96.493347	953814.812500	57166.816406	17803.890625	82994.664062
2010	07	332.055298	221.685471	233.049911	-95.939987	0.000036	0.000037	122.680092	72.174728	99.148712	891804.312500	57166.320312	17810.605469	82998.484375
2010	07	383.158295	265.596680	234.436066	-145.656967	0.000054	0.000056	116.874481	27.798124	104.845375	1029052.062500	57165.847656	17817.134766	83002.179688
2010	07	344.868805	235.376907	232.309616	-109.494156	0.000041	0.000042	122.817703	24.103859	106.569473	926217.687500	57165.332031	17824.132812	83006.359375
2010	07	356.216309	241.389679	239.125565	-114.025887	0.000043	0.000044	124.298935	22.415342	110.144279	956693.750000	57164.828125	17830.894531	83010.148438
2010	07	299.358185	200.821548	225.644089	-70.649406	0.000026	0.000028	127.107460	-17.931358	100.583946	803989.250000	57164.339844	17836.914062	83013.195312
2010	07	343.166351	233.953903	241.919540	-98.182320	0.000037	0.000038	132.707092	34.703594	96.376724	921645.375000	57163.855469	17842.810547	83015.875000
2010	07	336.529053	231.455002	233.404953	-100.059776	0.000037	0.000039	128.330902	24.794605	99.586365	903819.500000	57163.355469	17849.210938	83019.125000
2010	07	342.568512	235.500580	232.461288	-107.043068	0.000040	0.000041	125.393349	27.969307	80.533218	920039.750000	57162.847656	17855.619141	83022.476562
2010	07	351.181824	240.037384	235.378784	-112.739075	0.000042	0.000043	124.234322	34.014664	94.536316	943172.562500	57162.339844	17862.253906	83026.125000
2010	07	274.581055	181.140869	219.084534	-52.432705	0.000020	0.000021	125.644348	1.855036	91.273972	737445.062500	57161.835938	17867.892578	83028.781250
2010	07	358.411285	243.774139	247.870209	-107.477455	0.000040	0.000041	133.233063	24.943277	121.712074	962588.812500	57161.343750	17873.638672	83031.375000
2010	07	340.752472	227.061783	244.654892	-93.034157	0.000035	0.000036	130.964188	-39.322521	110.360191	915162.375000	57160.828125	17880.392578	83034.898438
2010	07	332.957031	224.400635	245.933701	-83.960091	0.000031	0.000032	137.377289	22.716682	109.832184	894226.000000	57160.308594	17886.529297	83037.773438
2010	07	349.889679	241.282318	237.613495	-109.213097	0.000041	0.000042	129.006149	44.504795	86.756340	939702.250000	57159.773438	17892.878906	83040.835938
2010	07	354.539764	243.229919	239.712799	-111.764038	0.000042	0.000043	128.403000	30.437334	87.493080	952191.000000	57159.242188	17899.478516	83044.343750
2010	07	322.839569	216.599091	236.948669	-82.828186	0.000031	0.000032	130.708176	9.407062	72.839523	867053.500000	57158.691406	17905.994141	83047.710938
2010	07	344.112823	235.560791	237.185318	-103.864975	0.000039	0.000040	128.633270	24.564829	90.424667	924187.312500	57158.164062	17912.109375	83050.687500
2010	07	348.662476	235.638397	242.116364	-103.483727	0.000039	0.000040	129.092285	48.114727	100.441788	936406.250000	57157.628906	17918.548828	83054.007812
2010	07	349.253540	236.611816	238.871109	-107.320236	0.000040	0.000041	126.229385	47.381725	97.356834	937993.812500	57157.085938	17925.167969	83057.554688
2010	07	350.181610	238.470535	233.728134	-113.391464	0.000042	0.000043	122.017052	46.440273	91.963242	940486.375000	57156.546875	17931.599609	83061.015625
2010	07	350.841339	238.319489	232.787766	-114.991730	0.000043	0.000044	120.265915	48.703938	91.226227	942258.125000	57156.000000	17938.347656	83064.906250
2010	07	340.529266	229.441513	230.259659	-107.207970	0.000040	0.000041	119.171883	34.875267	103.838737	914562.937500	57155.460938	17944.701172	83068.460938
2010	07	331.764954	220.434586	230.957306	-97.746170	0.000036	0.000038	119.626930	28.230141	110.265381	891024.562500	57154.929688	17951.009766	83071.953125
2010	07	330.299347	219.230652	229.208435	-98.029633	0.000037	0.000038	118.139717	43.958000	107.286209	887088.375000	57154.414062	17957.101562	83075.257812
2010	07	288.124084	183.785416	222.999268	-62.063717	0.000023	0.000024	118.660591	47.611378	95.617950	773817.812500	57153.902344	17962.716797	83078.093750
2010	07	320.551453	213.456192	219.828171	-97.662331	0.000036	0.000038	112.732933	51.981983	105.594864	860908.312500	57153.417969	17967.894531	83080.578125
2010	07	337.592468	226.339966	221.741852	-112.789886	0.000042	0.000043	110.489342	26.904037	103.027367	906675.625000	57152.933594	17973.777344	83083.906250
2010	07	321.965668	212.633682	221.250870	-97.654205	0.000036	0.000038	111.918907	29.411316	97.051689	864706.500000	57152.433594	17979.529297	83087.117188
2010	07	301.889099	198.876068	216.723984	-82.104721	0.000031	0.000032	113.710953	-0.443729	91.113480	810786.625000	57151.925781	17985.341797	83090.367188
2010	07	317.775940	211.099518	230.235626	-84.480125	0.000032	0.000033	123.559204	11.313965	97.978615	853454.125000	57151.417969	17990.845703	83093.070312
2010	08	321.797150	213.316132	238.396500	-80.340637	0.000030	0.000031	129.915497	37.150082	102.522835	864253.875000	57150.878906	17996.593750	83095.742188
2010	08	324.110352	215.132004	233.376984	-87.673546	0.000033	0.000034	124.398636	65.327919	96.213364	870466.500000	57150.339844	18002.390625	83098.492188
2010	08	325.201660	216.469223	228.533875	-93.608154	0.000035	0.000036	119.801422	61.722782	94.936066	873397.437500	57149.808594	18008.408203	83101.625000
2010	08	324.522888	215.757950	225.282120	-96.181320	0.000036	0.000037	116.517174	64.801064	99.172424	871574.500000	57149.285156	18014.275391	83104.718750
2010	08	321.348755	213.125305	220.983017	-97.306442	0.000036	0.000037	112.759590	53.957253	105.279640	863049.562500	57148.765625	18020.146484	83107.953125
2010	08	319.038879	210.111481	220.658051	-95.321716	0.000036	0.000037	111.730667	50.239349	104.344139	856845.937500	57148.250000	18025.853516	83111.093750
2010	08	293.868561	188.572144	217.096558	-73.713074	0.000028	0.000029	111.800148	38.194401	104.774307	789245.750000	57147.738281	18031.414062	83114.117188
2010	08	265.531250	164.495560	213.556198	-48.916313	0.000018	0.000019	112.520508	-9.629158	95.642448	713140.000000	57147.250000	18036.074219	83116.187500
2010	08	268.755493	165.413513	216.070908	-49.626060	0.000019	0.000020	112.728912	17.585827	91.711830	721799.375000	57146.769531	18040.212891	83117.734375
2010	08	263.155243	163.312042	209.098923	-50.998001	0.000019	0.000020	109.255730	1.011057	80.360786	706758.687500	57146.300781	18044.595703	83119.585938
2010	08	181.178146	102.359047	189.174606	11.054565	-0.000004	-0.000003	110.355499	-20.108589	63.033665	486592.000000	57145.835938	18048.048828	83120.578125
2010	08	269.748413	172.255447	215.899002	-50.791500	0.000019	0.000020	118.406021	21.042896	78.146118	724466.062500	57145.347656	18051.220703	83121.078125
2010	08	260.069489	163.896988	210.828033	-46.183716	0.000017	0.000018	114.655548	22.848499	86.121475	698471.250000	57144.855469	18055.761719	83122.914062
2010	08	238.027328	150.450089	215.108749	-19.861036	0.000007	0.000009	127.531517	-0.193830	85.294334	639272.437500	57144.343750	18059.613281	83123.914062
2010	08	214.477631	133.650345	208.972641	-2.447632	0.000001	0.000002	128.145355	3.039824	121.746147	576024.750000	57143.792969	18063.269531	83124.476562
2010	08	255.237061	166.062149	214.205231	-37.974659	0.000014	0.000015	125.030304	67.125488	85.411087	685492.750000	57143.230469	18066.919922	83125.078125
2010	08	248.324585	162.189331	202.133331	-43.134254	0.000016	0.000017	115.998085	76.230171	66.960808	666927.875000	57142.683594	18071.064453	83126.398438
2010	08	242.872955	158.552872	196.950043	-42.866089	0.000016	0.000017	112.629944	79.876480	52.470978	652286.375000	57142.164062	18075.208984	83127.914062
2010	08	232.957321	152.281235	187.586655	-42.313995	0.000016	0.000017	106.910553	45.831120	53.539223	625655.875000	57141.664062	18079.007812	83129.242188
2010	08	260.631592	166.887711	205.024933	-52.550133	0.000020	0.000021	111.281059	17.886856	86.858429	699980.937500	57141.171875	18082.943359	83130.726562
2010	08	241.350128	150.357803	204.656052	-33.637760	0.000013	0.000014	113.663719	50.488037	74.185150	648196.500000	57140.679688	18087.115234	83132.273438
2010	08	251.406082	164.280396	192.253189	-56.096714	0.000021	0.000022	105.127525	51.640411	65.945419	675203.875000	57140.195312	18090.960938	83133.679688
2010	08	254.915314	162.264877	199.813141	-52.046173	0.000019	0.000021	107.162704	23.669453	88.822395	684628.625000	57139.718750	18095.074219	83135.429688
2010	08	246.069351	155.732086	197.669815	-45.343716	0.000017	0.000018	107.332550	40.706429	73.309464	660870.937500	57139.242188	18099.130859	83137.031250
2010	08	222.622177	140.100494	181.551102	-38.015453	0.000014	0.000015	99.029411	30.791355	77.272369	597898.625000	57138.777344	18102.943359	83138.585938
2010	08	222.200439	140.621201	178.658905	-40.486088	0.000015	0.000016	97.079666	33.625591	60.095253	596766.000000	57138.324219	18106.335938	83139.906250
2010	08	200.449066	117.906586	183.806732	-13.587054	0.000005	0.000006	101.264259	0.068732	69.806892	538348.125000	57137.882812	18109.597656	83141.015625
2010	08	196.098663	116.626411	179.927872	-13.115705	0.000005	0.000006	100.455627	10.962743	60.651291	526664.187500	57137.437500	18112.238281	83141.421875
2010	08	196.638626	120.328644	170.609787	-22.973957	0.000009	0.000010	94.299797	33.007072	64.567856	528114.375000	57136.996094	18115.039062	83142.132812
2010	08	205.733368	131.939407	162.298950	-40.379673	0.000015	0.000016	88.505005	72.811829	46.807922	552540.187500	57136.570312	18117.917969	83143.156250
2010	08	204.533585	130.077408	162.217590	-39.261410	0.000015	0.000016	87.761414	49.196880	48.496792	549317.937500	57136.160156	18120.962891	83144.414062
2010	09	202.421951	125.597794	164.790405	-34.675667	0.000013	0.000015	87.966248	22.918451	56.635277	561768.250000	57135.753906	18123.833984	83145.445312
2010	09	216.996658	136.425995	173.141342	-40.899605	0.000016	0.000017	92.570671	37.800594	67.564217	602216.500000	57135.347656	18127.023438	83146.695312
2010	09	222.276520	142.692337	169.383041	-49.937931	0.000019	0.000020	89.798851	41.112858	58.236401	616869.312500	57134.929688	18130.585938	83148.265625
2010	09	224.348602	142.351440	172.580002	-48.813217	0.000019	0.000020	90.582832	24.561962	72.878616	622619.875000	57134.519531	18134.203125	83149.945312
2010	09	191.137283	110.685089	173.424301	-14.757752	0.000006	0.000007	92.972122	-49.424835	78.985603	530450.625000	57134.105469	18137.541016	83151.265625
2010	09	153.749237	86.987373	156.168335	5.374131	-0.000002	-0.000001	89.406471	-12.781788	37.984051	426690.062500	57133.687500	18139.935547	83151.640625
2010	09	99.563164	49.998146	132.910477	36.302177	-0.000014	-0.000013	83.345459	-3.774298	24.237310	276311.062500	57133.281250	18141.390625	83151.281250
2010	09	164.242264	100.689018	145.873245	-15.414302	0.000006	0.000007	82.320015	43.718048	34.691101	455810.687500	57132.882812	18142.328125	83150.531250
2010	09	177.501892	111.558815	146.240967	-28.306356	0.000011	0.000012	80.297890	41.927151	40.506714	492609.218750	57132.492188	18144.628906	83151.179688
2010	09	63.661812	20.429819	127.142815	66.435402	-0.000026	-0.000024	83.910820	-44.321690	41.682484	176676.406250	57132.109375	18146.447266	83151.343750
2010	09	33.434212	-2.157651	130.933289	100.453285	-0.000039	-0.000038	95.341423	-33.822899	33.422070	92787.757812	57131.691406	18145.650391	83148.546875
2010	09	160.998566	97.729294	156.691162	-1.353358	0.000001	0.000002	93.421890	23.544125	58.465118	446808.625000	57131.253906	18145.398438	83146.242188
2010	09	170.708176	104.153122	159.638901	-8.115396	0.000003	0.000004	93.083855	32.469280	43.944298	473755.062500	57130.820312	18147.707031	83146.492188
2010	09	140.820816	85.068054	142.411148	4.544065	-0.000002	-0.000001	86.658394	65.625366	29.659262	390810.718750	57130.390625	18149.857422	83146.695312
2010	09	157.327301	97.788757	143.416656	-10.957063	0.000004	0.000005	83.878113	51.523342	33.248543	436620.062500	57129.976562	18151.560547	83146.640625
2010	09	156.395157	95.347099	145.836777	-7.604934	0.000003	0.000004	84.788727	37.588383	35.237175	434033.125000	57129.570312	18153.591797	83146.906250
2010	09	108.202621	58.747726	132.604065	27.354725	-0.000011	-0.000009	83.149170	61.042580	37.241360	300287.562500	57129.167969	18155.298828	83146.851562
2010	09	75.551003	37.264690	114.707443	42.109581	-0.000016	-0.000015	76.421135	64.190613	42.798325	209671.687500	57128.773438	18155.894531	83145.851562
2010	09	104.050354	59.503468	119.175598	18.078243	-0.000007	-0.000006	74.628708	60.489594	24.256496	288764.062500	57128.394531	18156.078125	83144.593750
2010	09	115.469048	68.074028	121.932709	9.416532	-0.000004	-0.000002	74.537682	46.774117	23.809370	320453.625000	57128.031250	18156.886719	83143.976562
2010	09	53.395344	18.358595	116.609024	66.166412	-0.000026	-0.000024	81.572281	-31.080904	48.615490	148184.562500	57127.660156	18157.476562	83143.031250
2010	09	82.498276	41.228954	125.922890	46.377186	-0.000018	-0.000017	84.653557	27.516567	50.339542	228952.015625	57127.261719	18157.068359	83140.875000
2010	09	111.105614	64.272057	128.602692	20.449516	-0.000008	-0.000007	81.769142	50.280918	22.359259	308344.062500	57126.863281	18157.488281	83139.593750
2010	09	116.525963	68.157326	128.803619	15.229946	-0.000006	-0.000005	80.434982	37.428856	25.268702	323386.781250	57126.472656	18158.451172	83138.914062
2010	09	128.755722	75.623947	135.165527	9.361952	-0.000004	-0.000002	82.033760	18.491213	30.216379	357327.250000	57126.085938	18159.533203	83138.359375
2010	09	149.298492	89.056229	145.364960	-0.981551	0.000000	0.000002	85.122688	-7.485756	38.644310	414338.218750	57125.695312	18161.031250	83138.117188
2010	09	130.840393	70.670151	149.689453	21.800877	-0.000008	-0.000007	89.519226	-32.312107	34.282524	363112.687500	57125.296875	18162.693359	83137.921875
2010	09	144.884689	83.443878	150.546204	8.613140	-0.000003	-0.000002	89.105377	-1.578738	31.375519	402088.906250	57124.886719	18164.115234	83137.414062
2010	09	125.395439	65.899017	149.785919	27.341923	-0.000011	-0.000009	90.289490	-33.896168	40.462238	348001.687500	57124.472656	18165.632812	83137.007812
2010	09	129.267807	70.391525	147.882874	21.566343	-0.000008	-0.000007	89.006607	-16.748089	39.265247	358748.375000	57124.054688	18166.878906	83136.304688
2010	10	116.472366	63.661224	139.127197	25.704302	-0.000010	-0.000008	86.316055	-8.287600	26.706820	312811.031250	57123.640625	18168.039062	83135.656250
2010	10	134.536270	78.769104	139.475998	7.989050	-0.000003	-0.000002	83.708839	18.084318	30.780394	361325.375000	57123.238281	18169.048828	83134.992188
2010	10	141.519974	82.153412	143.260437	4.789625	-0.000002	-0.000001	83.893883	-9.892094	39.629528	380081.656250	57122.839844	18170.412109	83134.718750
2010	10	143.733917	83.505249	144.627670	3.942761	-0.000001	-0.000000	84.399017	-3.533748	37.090572	386027.656250	57122.449219	18171.910156	83134.554688
2010	10	110.838943	56.834743	139.102905	31.312786	-0.000012	-0.000011	85.098701	-23.429295	30.590178	297681.281250	57122.058594	18173.232422	83134.195312
2010	10	108.052467	54.510399	138.926498	33.922672	-0.000013	-0.000012	85.384422	1.998104	32.460857	290197.593750	57121.664062	18173.949219	83133.195312
2010	10	141.300797	81.001480	142.450638	4.198327	-0.000002	-0.000000	82.151321	-24.387186	46.076084	379493.000000	57121.273438	18174.812500	83132.460938
2010	10	136.200348	75.374130	145.266724	12.114680	-0.000005	-0.000003	84.440506	-16.396576	38.973572	365794.656250	57120.886719	18176.222656	83132.226562
2010	10	128.906204	71.095200	140.997055	15.138987	-0.000006	-0.000005	83.186050	-5.693848	33.691727	346204.687500	57120.500000	18177.529297	83131.882812
2010	10	129.211899	71.440407	140.256790	14.092862	-0.000005	-0.000004	82.485313	-5.151687	29.910889	347025.718750	57120.117188	18178.304688	83131.445312
2010	10	116.944496	60.941936	139.919754	26.023050	-0.000010	-0.000009	83.917198	-22.625900	32.264191	314079.031250	57119.761719	18176.806641	83130.929688
2010	10	81.134911	34.849308	134.686859	56.599548	-0.000021	-0.000020	88.401253	-8.924239	45.084408	217904.843750	57119.484375	18172.123047	83129.835938
2010	10	84.452240	41.855976	127.153290	45.748508	-0.000017	-0.000016	84.557037	8.871283	22.741537	226814.218750	57119.324219	18164.185547	83128.234375
2010	10	94.498817	49.027699	132.311722	40.860195	-0.000015	-0.000014	86.840599	3.072858	24.260408	253796.437500	57119.308594	18153.623047	83126.750000
2010	10	97.003571	50.599926	137.883560	43.927143	-0.000016	-0.000015	91.479927	-9.664660	25.194683	260523.468750	57119.480469	18140.517578	83125.312500
2010	10	64.530975	24.941031	137.599915	76.115921	-0.000028	-0.000027	98.009979	-11.851471	26.083134	173311.500000	57119.859375	18124.582031	83123.554688
2010	10	47.805656	16.848106	126.416039	81.657204	-0.000030	-0.000029	95.458488	-1.317649	25.627314	128392.132812	57120.433594	18105.273438	83121.101562
2010	10	53.334835	24.372248	124.489647	74.201515	-0.000028	-0.000027	95.527061	17.746433	13.315452	143241.906250	57121.187500	18082.992188	83118.445312
2010	10	52.243191	23.232727	131.170624	81.974014	-0.000031	-0.000029	102.160156	7.591721	14.460222	140310.062500	57122.164062	18058.121094	83115.789062
2010	10	47.171619	18.407084	141.189087	97.063919	-0.000036	-0.000035	112.424545	1.651040	20.454159	126689.289062	57123.417969	18030.494141	83112.796875
2010	10	25.419670	6.059409	131.787964	109.414635	-0.000041	-0.000040	112.427696	-2.597400	15.888815	68269.867188	57124.933594	17999.968750	83109.421875
2010	10	21.048769	5.434663	129.411636	111.409103	-0.000042	-0.000040	113.797539	8.477303	8.733232	56530.890625	57126.617188	17966.384766	83105.710938
2010	10	11.297868	-0.098905	132.442230	124.190514	-0.000046	-0.000045	121.045464	19.915131	4.405185	30342.794922	57128.558594	17930.017578	83101.695312
2010	10	1.631940	-5.345094	129.371933	130.786057	-0.000049	-0.000048	122.394905	-13.401735	24.640779	4382.918457	57130.730469	17890.808594	83097.312500
2010	10	0.000000	-5.588100	122.694649	125.740639	-0.000047	-0.000046	117.106552	1.020507	15.670536	0.000000	57132.640625	17867.050781	83092.929688
2010	10	0.000000	-5.786016	121.202736	124.248627	-0.000046	-0.000045	115.416710	-7.206730	16.994841	0.000000	57134.308594	17865.384766	83088.609375
2010	10	0.000000	-4.705926	111.303696	114.349510	-0.000043	-0.000042	106.597771	3.767685	28.707962	0.000000	57135.769531	17863.806641	83084.468750
2010	10	0.000000	-4.268708	99.360413	102.406143	-0.000038	-0.000037	95.091713	18.195780	25.499088	0.000000	57136.984375	17862.246094	83080.703125
2010	10	0.000000	-4.051451	89.493881	92.539536	-0.000035	-0.000033	85.442436	27.831011	5.345948	0.000000	57137.980469	17860.701172	83077.320312
2010	10	0.000000	-4.195272	87.434456	90.480011	-0.000034	-0.000033	83.239182	24.113916	2.433498	0.000000	57138.839844	17859.166016	83074.109375
2010	10	0.000000	-4.550820	87.679771	90.725227	-0.000034	-0.000033	83.128952	16.867081	1.392221	0.000000	57139.617188	17857.632812	83070.929688
2010	11	0.000000	-4.611607	85.619980	88.567108	-0.000034	-0.000033	81.008377	13.788770	1.091910	0.000000	57140.332031	17856.107422	83067.757812
2010	11	0.000000	-4.368538	84.249168	87.196205	-0.000034	-0.000033	79.880623	7.565088	2.281317	0.000000	57140.992188	17854.589844	83064.585938
2010	11	0.000000	-5.506094	89.018547	91.965485	-0.000035	-0.000034	83.512459	-21.375256	2.578120	0.000000	57141.601562	17853.072266	83061.414062
2010	11	0.000000	-5.171835	94.804085	97.750923	-0.000038	-0.000037	89.632256	-31.914812	14.019507	0.000000	57142.214844	17851.554688	83058.007812
2010	11	0.000000	-4.355150	86.835167	89.781906	-0.000035	-0.000034	82.480011	6.568301	8.192088	0.000000	57142.789062	17850.056641	83054.664062
2010	11	0.000000	-5.055129	82.785858	85.732483	-0.000033	-0.000032	77.730721	-17.023777	10.788036	0.000000	57143.265625	17848.562500	83051.570312
2010	11	0.000000	-4.981158	89.087540	92.034073	-0.000036	-0.000034	84.106392	-5.248746	5.030099	0.000000	57143.718750	17847.070312	83048.406250
2010	11	0.000000	-5.116402	88.076019	91.022438	-0.000035	-0.000034	82.959618	-14.810719	1.270557	0.000000	57144.164062	17845.587891	83045.195312
2010	11	0.000000	-4.962477	91.968437	94.914749	-0.000037	-0.000035	87.005959	-10.219233	1.214818	0.000000	57144.593750	17844.107422	83041.898438
2010	11	0.000000	-4.765127	90.574211	93.520409	-0.000036	-0.000035	85.809082	-10.341352	3.882066	0.000000	57145.000000	17842.638672	83038.585938
2010	11	0.000000	-4.653601	78.464172	81.410271	-0.000031	-0.000030	73.810577	-0.951180	14.651171	0.000000	57145.335938	17841.173828	83035.484375
2010	11	0.000000	-4.053627	45.942436	48.888416	-0.000019	-0.000018	41.888809	14.685916	5.909132	0.000000	57145.523438	17839.722656	83033.078125
2010	11	0.000000	-3.852328	30.689465	33.635334	-0.000013	-0.000012	26.837135	19.194258	3.738905	0.000000	57145.574219	17838.283203	83031.648438
2010	11	0.000000	-4.245092	24.702244	27.648003	-0.000011	-0.000010	20.457151	8.949829	6.449484	0.000000	57145.597656	17836.843750	83030.429688
2010	11	0.000000	-4.532274	20.770752	23.716396	-0.000009	-0.000008	16.238478	-0.258477	8.914334	0.000000	57145.617188	17835.408203	83029.460938
2010	11	0.000000	-4.221500	19.786493	22.732023	-0.000009	-0.000008	15.564995	4.237716	11.141763	0.000000	57145.632812	17833.980469	83028.539062
2010	11	0.000000	-3.806523	17.813967	20.759380	-0.000008	-0.000007	14.007444	4.808518	9.182866	0.000000	57145.640625	17832.558594	83027.656250
2010	11	0.000000	-3.693866	15.831457	18.776754	-0.000007	-0.000006	12.137591	19.622633	5.169789	0.000000	57145.640625	17831.146484	83026.843750
2010	11	0.000000	-2.976337	12.688801	15.633985	-0.000006	-0.000005	9.712463	55.803276	0.910609	0.000000	57145.632812	17829.744141	83026.117188
2010	11	0.000000	-2.669350	15.473640	18.418711	-0.000007	-0.000006	12.804291	37.158714	-4.531803	0.000000	57145.613281	17828.355469	83025.414062
2010	11	0.000000	-2.263399	16.013008	18.957968	-0.000007	-0.000006	13.749608	36.020596	-3.704905	0.000000	57145.601562	17826.976562	83024.601562
2010	11	0.000000	-2.281324	15.254532	18.199379	-0.000007	-0.000006	12.973208	31.669922	-1.393456	0.000000	57145.589844	17825.607422	83023.828125
2010	11	0.000000	-2.388132	14.867779	17.812511	-0.000007	-0.000006	12.479647	29.464125	-5.251974	0.000000	57145.582031	17824.238281	83023.070312
2010	11	0.000000	-2.142786	13.841587	16.786203	-0.000006	-0.000005	11.698802	33.276230	-4.458338	0.000000	57145.570312	17822.878906	83022.343750
2010	11	0.000000	-1.987481	12.409207	15.353708	-0.000006	-0.000005	10.421726	29.924515	-1.788741	0.000000	57145.562500	17821.525391	83021.656250
2010	11	0.000000	-2.353832	11.741129	14.685513	-0.000006	-0.000005	9.387298	24.444157	-3.285256	0.000000	57145.558594	17820.177734	83021.015625
2010	11	0.000000	-3.384940	12.390876	15.335137	-0.000006	-0.000005	9.005936	-3.828586	0.398188	0.000000	57145.554688	17818.824219	83020.390625
2010	11	0.000000	-3.554776	12.618068	15.562203	-0.000006	-0.000005	9.063292	1.097686	0.968904	0.000000	57145.554688	17817.464844	83019.765625
2010	11	0.000000	-3.270953	12.203352	15.147361	-0.000006	-0.000005	8.932400	1.098035	-1.847908	0.000000	57145.554688	17816.111328	83019.148438
2010	11	0.000000	-2.846084	11.386897	14.330779	-0.000006	-0.000004	8.540813	5.938553	-7.455560	0.000000	57145.550781	17814.765625	83018.546875
2010	12	0.000000	-2.287538	10.775642	13.817526	-0.000005	-0.000004	8.488105	23.652235	-4.097219	0.000000	57145.542969	17813.433594	83017.968750
2010	12	0.000000	-2.841794	11.002625	14.044378	-0.000005	-0.000004	8.160831	14.806581	-4.871477	0.000000	57145.535156	17812.101562	83017.406250
2010	12	0.000000	-3.192949	11.234413	14.276035	-0.000005	-0.000004	8.041464	6.343189	-3.750522	0.000000	57145.527344	17810.769531	83016.851562
2010	12	0.000000	-3.226010	11.325515	14.367002	-0.000005	-0.000004	8.099504	5.340180	0.505104	0.000000	57145.523438	17809.439453	83016.296875
2010	12	0.000000	-2.555175	10.564146	13.605499	-0.000005	-0.000004	8.008971	13.671916	-6.966259	0.000000	57145.519531	17808.115234	83015.742188
2010	12	0.000000	-2.647416	10.437171	13.478392	-0.000005	-0.000004	7.789755	9.106749	-5.864502	0.000000	57145.515625	17806.798828	83015.210938
2010	12	0.000000	-2.319317	9.832821	12.873910	-0.000005	-0.000004	7.513504	16.301355	-3.168861	0.000000	57145.511719	17805.486328	83014.687500
2010	12	0.000000	-2.438610	9.667671	12.708627	-0.000005	-0.000004	7.229061	7.439407	-0.784254	0.000000	57145.507812	17804.179688	83014.171875
2010	12	0.000000	-2.504339	9.351047	12.391868	-0.000005	-0.000003	6.846708	4.522200	-5.937139	0.000000	57145.507812	17802.875000	83013.679688
2010	12	0.000000	-2.733271	9.411861	12.452545	-0.000005	-0.000004	6.678590	20.798237	-5.701953	0.000000	57145.503906	17801.570312	83013.187500
2010	12	0.000000	-2.251408	8.859307	11.899855	-0.000004	-0.000003	6.607899	26.071711	-5.639192	0.000000	57145.503906	17800.271484	83012.710938
2010	12	0.000000	-2.033808	8.530102	11.570514	-0.000004	-0.000003	6.496293	29.809820	-4.529697	0.000000	57145.503906	17798.980469	83012.242188
2010	12	0.000000	-2.273044	8.614636	11.654912	-0.000004	-0.000003	6.341592	18.987217	-11.248003	0.000000	57145.507812	17797.691406	83011.781250
2010	12	0.000000	-2.597059	8.747516	11.787654	-0.000004	-0.000003	6.150457	18.128345	-10.003175	0.000000	57145.507812	17796.400391	83011.320312
2010	12	0.000000	-3.353192	9.544359	12.584355	-0.000005	-0.000004	6.191166	-12.909647	-5.308290	0.000000	57145.511719	17795.107422	83010.867188
2010	12	0.000000	-3.915208	10.222489	13.262340	-0.000005	-0.000004	6.307282	-9.334824	-4.540241	0.000000	57145.515625	17793.804688	83010.398438
2010	12	0.000000	-2.829859	9.196974	12.236679	-0.000005	-0.000003	6.367115	1.006062	-4.493301	0.000000	57145.523438	17792.509766	83009.929688
2010	12	0.000000	-2.317982	8.634521	11.674086	-0.000004	-0.000003	6.316539	12.010741	-5.070207	0.000000	57145.531250	17791.226562	83009.476562
2010	12	0.000000	-2.221023	8.453257	11.492681	-0.000004	-0.000003	6.232234	11.634606	-8.426512	0.000000	57145.535156	17789.949219	83009.031250
2010	12	0.000000	-2.443428	8.593982	11.633265	-0.000004	-0.000003	6.150554	11.913276	-9.264754	0.000000	57145.542969	17788.673828	83008.585938
2010	12	0.000000	-2.068482	8.159703	11.198844	-0.000004	-0.000003	6.091221	22.827520	-5.067800	0.000000	57145.550781	17787.404297	83008.156250
2010	12	0.000000	-2.199086	8.225071	11.264071	-0.000004	-0.000003	6.025986	6.403842	-4.447140	0.000000	57145.558594	17786.134766	83007.726562
2010	12	0.000000	-2.717092	8.702199	11.741055	-0.000004	-0.000003	5.985107	3.106115	-9.276613	0.000000	57145.566406	17784.865234	83007.296875
2010	12	0.000000	-2.310277	8.252180	11.290892	-0.000004	-0.000003	5.941903	4.402039	-7.654122	0.000000	57145.574219	17783.595703	83006.867188
2010	12	0.000000	-2.379061	8.248169	11.286737	-0.000004	-0.000003	5.869108	10.514925	-7.195146	0.000000	57145.582031	17782.332031	83006.445312
2010	12	0.000000	-2.883752	8.704682	11.743106	-0.000004	-0.000003	5.820930	-6.113387	-6.459169	0.000000	57145.589844	17781.066406	83006.023438
2010	12	0.000000	-3.733629	9.586624	12.624896	-0.000005	-0.000004	5.852995	-11.656753	-6.023023	0.000000	57145.601562	17779.791016	83005.593750
2010	12	0.000000	-3.740694	9.670607	12.708726	-0.000005	-0.000004	5.929912	-7.719679	-4.839238	0.000000	57145.609375	17778.511719	83005.156250
2010	12	0.000000	-2.831161	8.758739	11.796710	-0.000004	-0.000003	5.927579	-0.019864	-11.769397	0.000000	57145.621094	17777.240234	83004.726562
2010	12	0.000000	-2.030386	7.862339	10.900163	-0.000004	-0.000003	5.831953	8.492802	-9.698998	0.000000	57145.632812	17775.982422	83004.312500
2010	12	0.000000	-1.912642	7.606544	10.644224	-0.000004	-0.000003	5.693902	15.867455	-7.171962	0.000000	57145.640625	17774.730469	83003.906250
