# Monthly output values extracted from ELM simulation
# Source file: tmpgxpz4de1.nc
# Years: 2008 - 2014
#
# Variables:
#   GPP: gross primary production (monthly sum, gC/m2/month)
#   NPP: net primary production (monthly sum, gC/m2/month)
#   ER: total ecosystem respiration, autotrophic + heterotrophic (monthly sum, gC/m2/month)
#   NEE: net ecosystem exchange of carbon, includes fire, landuse, harvest, and hrv_xsmrpool flux, positive for source (monthly sum, gC/m2/month)
#   NBP: net biome production, includes fire, landuse, and harvest flux, positive for sink (monthly mean, gC/m^2/s)
#   NEP: net ecosystem production, excludes fire, landuse, and harvest flux, positive for sink (monthly mean, gC/m^2/s)
#   HR: total heterotrophic respiration (monthly sum, gC/m2/month)
#   FSH: sensible heat (monthly mean, W/m^2)
#   EFLX_LH_TOT: total latent heat flux [+ to atm] (monthly mean, W/m^2)
#   FPSN: photosynthesis (mean daily flux, umol/m2/day)
#   TOTSOMC: total soil organic matter carbon (monthly mean, gC/m^2)
#   TOTVEGC: total vegetation carbon, excluding cpool (monthly mean, gC/m^2)
#   TOTECOSYSC: total ecosystem carbon, incl veg but excl cpool but excl product pools (monthly mean, gC/m^2)
#
Year	Month	GPP	NPP	ER	NEE	NBP	NEP	HR	FSH	EFLX_LH_TOT	FPSN	TOTSOMC	TOTVEGC	TOTECOSYSC
2008	01	8.301415	-12.656994	39.032696	35.288826	-0.000013	-0.000011	18.074287	4.081165	6.564925	22295.195312	33488.722656	12380.203125	54336.765625
2008	01	8.020805	-12.613411	39.113331	35.652111	-0.000013	-0.000012	18.479118	-0.360113	1.699895	21541.558594	33488.816406	12378.141602	54335.523438
2008	01	3.554461	-16.389820	39.479309	40.483727	-0.000015	-0.000013	19.535028	16.231730	-1.610925	9546.252930	33488.910156	12376.108398	54334.261719
2008	01	2.868376	-15.058125	41.887886	43.577675	-0.000016	-0.000015	23.961384	18.881020	-6.830104	7703.625000	33489.039062	12374.055664	54332.875000
2008	01	8.199625	-11.454293	43.817986	40.175827	-0.000015	-0.000013	24.164066	4.369739	5.834297	22021.816406	33489.187500	12372.015625	54331.425781
2008	01	9.904375	-10.800759	44.802959	39.455360	-0.000015	-0.000013	24.097820	2.191570	4.856963	26600.279297	33489.324219	12370.015625	54330.023438
2008	01	13.081916	-9.510002	46.721462	38.195633	-0.000014	-0.000013	24.129543	4.084915	-0.629276	35134.234375	33489.460938	12368.069336	54328.671875
2008	01	17.513227	-6.904736	48.676136	35.718296	-0.000013	-0.000012	24.258169	-12.956033	-8.695772	47035.453125	33489.589844	12366.198242	54327.390625
2008	01	16.485018	-9.398020	50.252800	38.322453	-0.000014	-0.000013	24.369764	2.529020	1.091394	44273.980469	33489.714844	12364.388672	54326.167969
2008	01	18.169605	-8.748595	51.829845	38.214184	-0.000014	-0.000013	24.911644	-35.451691	-16.294050	48798.292969	33489.839844	12362.574219	54324.925781
2008	01	13.174326	-11.050246	49.753120	41.132019	-0.000015	-0.000014	25.528547	-29.017376	13.879084	35382.417969	33489.964844	12360.759766	54323.664062
2008	01	12.283503	-10.107696	60.667873	52.936897	-0.000020	-0.000018	38.276676	-22.837280	-5.381504	32989.925781	33490.101562	12358.855469	54322.160156
2008	01	15.692143	-8.922626	70.739746	59.599419	-0.000022	-0.000021	46.124981	-0.985332	0.692697	42144.550781	33490.285156	12356.969727	54320.199219
2008	01	7.338045	-13.580739	66.497375	63.710442	-0.000024	-0.000022	45.578587	6.049093	8.951803	19707.863281	33490.460938	12355.085938	54318.199219
2008	01	7.942967	-12.678082	65.162575	61.770027	-0.000023	-0.000021	44.541534	6.980466	9.129664	21332.507812	33490.613281	12353.083984	54316.105469
2008	01	6.038888	-14.284030	63.924023	62.434849	-0.000023	-0.000022	43.601105	8.223081	4.964315	16218.704102	33490.750000	12351.083984	54314.046875
2008	01	5.831732	-13.506572	62.198429	60.915714	-0.000023	-0.000021	42.860123	15.239924	2.255139	15662.340820	33490.875000	12349.072266	54312.000000
2008	01	8.571353	-10.741427	61.298855	57.275833	-0.000021	-0.000020	41.986076	15.679120	3.948613	23020.169922	33490.988281	12347.080078	54309.996094
2008	01	15.680887	-8.490853	65.670570	54.537319	-0.000020	-0.000019	41.498829	-31.423643	-11.957432	42114.316406	33491.089844	12345.173828	54308.105469
2008	01	9.770982	-11.369488	64.612938	59.388889	-0.000022	-0.000020	43.472473	11.441900	8.264935	26242.025391	33491.195312	12343.326172	54306.234375
2008	01	3.436072	-14.825205	61.311775	62.421932	-0.000023	-0.000022	43.050499	38.569649	4.515875	9228.293945	33491.296875	12341.375977	54304.242188
2008	01	5.276775	-12.714726	59.264431	58.533184	-0.000022	-0.000020	41.272930	29.626781	4.118399	14171.886719	33491.390625	12339.381836	54302.238281
2008	01	9.409891	-10.329681	58.440624	53.575569	-0.000020	-0.000018	38.701050	9.427655	5.936573	25272.238281	33491.476562	12337.409180	54300.324219
2008	01	5.769303	-14.101731	56.796700	55.571533	-0.000021	-0.000019	36.925663	20.954996	10.019176	15494.674805	33491.546875	12335.469727	54298.523438
2008	01	3.074877	-14.359724	53.807667	55.276234	-0.000021	-0.000019	36.373066	42.898830	2.752037	8258.227539	33491.617188	12333.485352	54296.703125
2008	01	4.671397	-12.310360	48.130199	48.001545	-0.000018	-0.000016	31.148445	43.282799	4.938582	12546.018555	33491.675781	12331.505859	54294.968750
2008	01	5.735639	-12.060211	46.842190	45.648609	-0.000017	-0.000015	29.046341	36.221245	6.769489	15404.263672	33491.710938	12329.529297	54293.386719
2008	01	7.045120	-10.549017	43.239212	40.735470	-0.000015	-0.000014	25.645073	48.755100	4.788126	18921.150391	33491.746094	12327.566406	54291.863281
2008	01	9.965309	-9.275298	41.275993	35.851383	-0.000013	-0.000012	22.035389	30.394045	6.805254	26763.933594	33491.765625	12325.639648	54290.535156
2008	01	20.024303	-2.539726	42.950279	27.466000	-0.000010	-0.000009	20.386253	0.873757	-3.911184	53779.472656	33491.792969	12323.813477	54289.371094
2008	01	20.128599	-4.750356	45.635014	30.045736	-0.000011	-0.000010	20.756060	-44.415016	-19.430435	54059.582031	33491.820312	12322.161133	54288.394531
2008	02	11.758360	-8.385218	39.968704	32.456150	-0.000013	-0.000011	19.825127	13.494926	16.549280	33757.449219	33491.855469	12320.437500	54287.328125
2008	02	8.494115	-9.321592	35.670971	31.422024	-0.000013	-0.000011	17.855263	17.576426	12.094834	24386.023438	33491.894531	12318.583008	54286.160156
2008	02	15.486261	-6.114120	38.483707	27.241964	-0.000011	-0.000009	16.883327	14.352721	11.390179	44459.996094	33491.929688	12316.742188	54285.066406
2008	02	10.019414	-8.401025	34.611187	28.835648	-0.000012	-0.000010	16.190750	32.021152	9.467377	28765.048828	33491.968750	12314.959961	54284.042969
2008	02	9.832670	-8.052872	33.640911	28.051477	-0.000011	-0.000010	15.755366	28.622631	5.667919	28228.923828	33492.003906	12313.105469	54282.976562
2008	02	16.611931	-3.382086	35.391399	23.022078	-0.000009	-0.000007	15.397384	-8.404658	-1.319615	47691.718750	33492.039062	12311.302734	54281.964844
2008	02	10.178878	-9.419545	33.332798	27.395874	-0.000011	-0.000009	13.734376	15.725730	15.471799	29222.859375	33492.074219	12309.572266	54281.070312
2008	02	6.375140	-10.819949	31.283253	29.149426	-0.000012	-0.000010	14.088165	43.298897	10.502721	18302.587891	33492.113281	12307.704102	54280.054688
2008	02	13.091359	-6.008899	33.204403	24.353716	-0.000010	-0.000008	14.104148	27.603704	8.694472	37584.398438	33492.156250	12305.833008	54279.023438
2008	02	16.504251	-3.459556	33.939434	21.675207	-0.000009	-0.000007	13.975625	36.799843	6.914792	47382.578125	33492.199219	12304.098633	54278.132812
2008	02	17.047632	-4.032818	34.785950	21.977705	-0.000009	-0.000007	13.705503	-7.221600	12.096286	48942.582031	33492.246094	12302.422852	54277.304688
2008	02	6.695115	-10.602829	31.204403	28.748034	-0.000011	-0.000010	13.906461	49.640099	11.286342	19221.216797	33492.289062	12300.675781	54276.410156
2008	02	5.965761	-10.141205	33.387100	31.659445	-0.000013	-0.000011	17.280132	55.748901	2.240597	17127.292969	33492.347656	12298.771484	54275.296875
2008	02	21.753090	1.089855	37.983276	20.467659	-0.000008	-0.000006	17.320038	-15.482738	-8.236456	62451.636719	33492.425781	12296.972656	54274.210938
2008	02	6.727829	-11.474247	35.575691	33.084690	-0.000013	-0.000012	17.373615	48.204323	15.041851	19315.134766	33492.500000	12295.334961	54273.304688
2008	02	16.972862	-2.336814	36.862206	24.125532	-0.000010	-0.000008	17.552530	19.911736	10.265093	48727.925781	33492.574219	12293.513672	54272.195312
2008	02	5.849890	-9.781034	33.654491	32.040165	-0.000013	-0.000011	18.023569	82.571571	6.765398	16794.632812	33492.644531	12291.797852	54271.183594
2008	02	14.035213	-3.748250	34.299107	24.498823	-0.000010	-0.000008	16.515644	49.690449	7.494834	40294.136719	33492.718750	12289.966797	54270.074219
2008	02	21.933231	-0.846959	38.306557	20.607609	-0.000008	-0.000007	15.526368	-30.817225	-4.952189	62968.808594	33492.785156	12288.322266	54269.195312
2008	02	20.317442	-1.567820	37.497467	21.413654	-0.000009	-0.000007	15.612206	35.413536	25.278170	58329.980469	33492.851562	12286.794922	54268.453125
2008	02	9.497086	-7.823339	33.613186	28.349089	-0.000011	-0.000010	16.292761	61.020641	19.855577	27265.484375	33492.917969	12285.165039	54267.585938
2008	02	9.698145	-7.323242	33.579777	28.113991	-0.000011	-0.000010	16.558392	66.319717	18.397924	27842.708984	33492.988281	12283.359375	54266.527344
2008	02	20.773249	1.216555	36.020882	19.479361	-0.000008	-0.000006	16.464186	53.889652	15.942168	59638.578125	33493.054688	12281.642578	54265.546875
2008	02	22.258888	1.378550	37.071201	19.043407	-0.000008	-0.000006	16.190863	55.565075	22.291641	63903.746094	33493.121094	12280.134766	54264.789062
2008	02	20.856045	0.691506	36.444775	19.819185	-0.000008	-0.000006	16.280233	50.280067	17.042772	59876.277344	33493.187500	12278.648438	54264.050781
2008	02	32.306675	8.975595	39.281799	11.204946	-0.000004	-0.000003	15.950720	19.797823	9.960170	92750.250000	33493.253906	12277.234375	54263.390625
2008	02	22.258957	0.917580	37.441444	19.411663	-0.000008	-0.000006	16.100069	49.062614	20.871233	63903.937500	33493.320312	12275.947266	54262.859375
2008	02	11.905052	-6.775569	34.859070	27.182547	-0.000011	-0.000009	16.178450	45.442593	17.856600	34178.585938	33493.386719	12274.405273	54262.070312
2008	03	10.881420	-7.496063	36.038261	29.676310	-0.000011	-0.000009	17.660778	83.831619	12.504915	29224.341797	33493.453125	12272.666016	54261.074219
2008	03	27.460934	4.464021	40.337269	17.395128	-0.000006	-0.000005	17.340357	-35.118412	-7.392764	73752.109375	33493.523438	12271.017578	54260.160156
2008	03	22.750164	-0.853673	40.726963	22.494884	-0.000008	-0.000007	17.123123	25.208805	28.771584	61100.347656	33493.589844	12269.622070	54259.515625
2008	03	32.814972	8.200358	41.886211	13.588640	-0.000005	-0.000003	17.271599	-6.559184	-14.127189	88131.500000	33493.656250	12268.204102	54258.843750
2008	03	35.340500	7.889476	44.359348	13.535540	-0.000005	-0.000003	16.908323	-41.745903	-19.424604	94914.335938	33493.722656	12267.010742	54258.402344
2008	03	25.703526	2.326880	40.619587	19.432055	-0.000007	-0.000006	17.242941	-10.366329	12.210585	69032.218750	33493.789062	12265.755859	54257.894531
2008	03	27.903038	4.931551	40.419144	17.031410	-0.000006	-0.000005	17.447657	53.585991	15.225821	74939.468750	33493.859375	12264.370117	54257.250000
2008	03	37.698326	12.794761	42.371201	9.187510	-0.000003	-0.000002	17.467634	15.841980	-10.801676	101246.773438	33493.925781	12263.093750	54256.707031
2008	03	31.802019	6.509666	42.456184	15.168111	-0.000006	-0.000004	17.163830	-26.787851	-7.594223	85411.000000	33493.996094	12261.942383	54256.296875
2008	03	24.204733	0.650064	40.736004	21.044516	-0.000008	-0.000006	17.181334	17.136042	10.122858	65006.898438	33494.066406	12260.631836	54255.730469
2008	03	21.271387	0.831398	38.189407	21.430592	-0.000008	-0.000006	17.749418	82.750481	16.035601	57128.777344	33494.136719	12259.163086	54254.992188
2008	03	25.653753	4.598946	57.090420	35.948570	-0.000013	-0.000012	36.035610	83.355591	15.399173	68898.546875	33494.226562	12257.695312	54254.015625
2008	03	34.293320	10.704040	65.076790	35.294697	-0.000013	-0.000011	41.487507	51.047501	11.571545	92101.914062	33494.378906	12256.390625	54252.675781
2008	03	16.211792	-2.891335	60.084011	48.382774	-0.000018	-0.000016	40.980885	99.078674	19.089407	43540.179688	33494.523438	12255.077148	54251.328125
2008	03	32.491749	9.779889	62.269260	34.287399	-0.000013	-0.000011	39.557396	43.612331	6.531003	87263.421875	33494.652344	12253.583008	54249.820312
2008	03	40.896118	14.979749	64.833504	28.446596	-0.000011	-0.000009	38.917141	65.652275	4.674767	109835.117188	33494.769531	12252.460938	54248.730469
2008	03	36.515705	12.050698	63.772022	31.764843	-0.000012	-0.000010	39.307014	72.296608	10.023324	98070.601562	33494.882812	12251.422852	54247.722656
2008	03	22.788780	1.230016	61.134613	42.853676	-0.000016	-0.000014	39.575851	98.372543	30.922489	61204.054688	33494.988281	12250.222656	54246.539062
2008	03	34.807861	11.403129	62.298920	31.998224	-0.000012	-0.000010	38.894188	69.351212	16.708200	93483.835938	33495.093750	12248.877930	54245.210938
2008	03	41.299011	15.990573	63.477394	26.684874	-0.000010	-0.000008	38.168957	32.519386	11.365906	110917.171875	33495.191406	12247.801758	54244.183594
2008	03	31.230579	7.149695	50.323925	23.599146	-0.000009	-0.000007	26.243044	7.859270	28.716749	83876.281250	33495.273438	12246.743164	54243.328125
2008	03	19.138439	-1.146092	45.174637	30.541315	-0.000011	-0.000010	24.890104	100.957909	27.557762	51400.304688	33495.332031	12245.408203	54242.511719
2008	03	22.358715	2.239553	44.687416	26.833153	-0.000010	-0.000008	24.568254	119.836380	20.572910	60049.031250	33495.410156	12243.906250	54241.496094
2008	03	20.817432	1.389126	45.480335	29.166691	-0.000011	-0.000009	26.052025	111.706451	18.690464	55909.593750	33495.488281	12242.452148	54240.535156
2008	03	30.527113	9.228606	55.978237	29.954248	-0.000011	-0.000010	34.679726	115.331589	18.034922	81986.976562	33495.582031	12241.048828	54239.402344
2008	03	36.916481	14.156710	53.082798	20.668779	-0.000008	-0.000006	30.323023	103.651421	12.790866	99146.976562	33495.683594	12239.868164	54238.429688
2008	03	52.115772	23.968937	53.643654	6.029671	-0.000002	-0.000001	25.496819	-4.581337	-14.063495	139967.859375	33495.773438	12238.929688	54237.906250
2008	03	28.272017	6.330030	45.505383	21.734474	-0.000008	-0.000006	23.563398	134.703568	29.433559	75930.437500	33495.859375	12238.063477	54237.515625
2008	03	31.652433	10.114826	39.726246	12.574256	-0.000005	-0.000003	18.188639	118.068100	25.420683	85009.257812	33495.937500	12236.810547	54236.863281
2008	03	29.791739	8.054659	36.158512	10.866548	-0.000004	-0.000002	14.421432	127.035049	27.837183	80011.968750	33495.988281	12235.612305	54236.425781
2008	03	40.227039	16.399860	36.569256	0.841321	-0.000000	0.000001	12.742076	103.699295	15.743409	108038.164062	33496.031250	12234.458984	54236.128906
2008	04	50.269920	24.786062	38.697693	-7.218900	0.000003	0.000004	13.213834	36.045971	-5.878425	139510.781250	33496.074219	12233.597656	54236.121094
2008	04	34.447529	10.276793	39.375340	9.280474	-0.000004	-0.000002	15.204600	-44.620045	-8.824438	95599.953125	33496.128906	12232.778320	54236.101562
2008	04	25.702665	4.746490	35.542660	14.191996	-0.000005	-0.000004	14.586484	89.632980	60.766476	71330.906250	33496.187500	12231.640625	54235.746094
2008	04	45.768513	21.272469	35.587898	-5.829263	0.000002	0.000004	11.091855	60.336876	44.078205	127018.320312	33496.238281	12230.500977	54235.449219
2008	04	54.632702	27.573168	37.845703	-12.436303	0.000005	0.000006	10.786168	3.346545	6.507157	151618.515625	33496.281250	12229.809570	54235.671875
2008	04	55.891804	27.952312	38.815208	-12.726562	0.000005	0.000007	10.875716	40.050636	10.980722	155112.828125	33496.328125	12229.273438	54236.050781
2008	04	63.414196	34.695889	41.091618	-17.973200	0.000007	0.000009	12.373310	20.141708	-3.550085	175989.218750	33496.378906	12228.819336	54236.476562
2008	04	64.645111	35.348484	42.019913	-18.276476	0.000007	0.000009	12.723284	6.013440	2.173931	179405.296875	33496.437500	12228.522461	54237.035156
2008	04	72.620804	41.367546	44.311474	-23.961262	0.000009	0.000011	13.058223	-4.623773	20.984207	201539.703125	33496.500000	12228.311523	54237.671875
2008	04	68.232338	37.532360	44.911797	-18.973139	0.000007	0.000009	14.211819	-59.400490	47.701832	189360.687500	33496.570312	12228.214844	54238.390625
2008	04	68.659233	37.325005	45.950645	-18.361853	0.000007	0.000009	14.616414	-75.236343	39.498859	190545.421875	33496.640625	12228.021484	54238.988281
2008	04	88.441406	51.816544	58.965214	-25.130121	0.000010	0.000011	22.340355	13.503709	32.860466	245445.578125	33496.714844	12228.003906	54239.718750
2008	04	49.392658	21.579281	77.420036	32.372772	-0.000012	-0.000011	49.606659	20.779970	24.341436	137076.171875	33496.871094	12227.981445	54239.648438
2008	04	67.868561	36.011269	80.470345	16.946510	-0.000007	-0.000005	48.613049	19.069984	23.454418	188351.125000	33497.050781	12227.430664	54238.757812
2008	04	91.472404	53.929012	86.687614	-0.440725	0.000000	0.000002	49.144226	84.646080	57.809631	253857.312500	33497.210938	12227.418945	54238.386719
2008	04	96.202415	57.033821	87.397598	-4.461411	0.000002	0.000003	48.229008	87.280289	46.902985	266984.187500	33497.355469	12227.821289	54238.453125
2008	04	127.474243	80.182793	97.193359	-25.938139	0.000010	0.000012	49.901905	74.639175	53.103844	353770.812500	33497.492188	12228.512695	54238.792969
2008	04	134.309845	84.571861	101.008041	-28.959723	0.000011	0.000013	51.270054	71.347160	57.174095	372741.218750	33497.625000	12229.802734	54239.660156
2008	04	134.040909	83.530647	103.072350	-26.627151	0.000010	0.000012	52.562092	51.390663	53.808041	371994.875000	33497.750000	12231.208984	54240.609375
2008	04	118.581779	72.766151	96.404556	-17.836491	0.000007	0.000009	50.588936	75.407990	41.345615	329092.187500	33497.867188	12232.490234	54241.437500
2008	04	116.546227	71.404419	94.940666	-17.265505	0.000007	0.000008	49.798862	54.771915	36.647854	323443.000000	33497.972656	12233.502930	54242.046875
2008	04	159.524353	101.918991	111.093178	-44.091793	0.000017	0.000019	53.487823	55.666203	56.986034	442717.343750	33498.074219	12234.841797	54242.964844
2008	04	147.442871	93.040390	108.284576	-34.819614	0.000013	0.000015	53.882099	-1.445126	32.076221	409188.437500	33498.179688	12236.775391	54244.367188
2008	04	160.021317	100.639107	115.664772	-40.018547	0.000015	0.000017	56.282578	14.463172	50.442398	444096.531250	33498.281250	12238.644531	54245.679688
2008	04	164.079071	104.866508	115.472748	-44.269047	0.000017	0.000019	56.260178	52.820518	59.052811	455357.812500	33498.378906	12240.734375	54247.167969
2008	04	143.697128	90.616478	107.031540	-32.328991	0.000012	0.000014	53.950890	107.232971	48.164654	398793.125000	33498.464844	12242.678711	54248.550781
2008	04	143.863266	91.741692	103.994972	-35.532360	0.000014	0.000015	51.873409	118.920456	44.979866	399254.218750	33498.542969	12244.326172	54249.726562
2008	04	153.931961	98.917389	106.921585	-42.675121	0.000016	0.000018	51.907021	75.560432	43.424675	427197.187500	33498.621094	12246.045898	54251.000000
2008	04	141.760147	89.548920	103.200089	-34.225471	0.000013	0.000015	50.988869	51.458378	44.511166	393417.500000	33498.695312	12247.920898	54252.437500
2008	04	62.943459	26.133526	89.649155	31.039593	-0.000012	-0.000010	52.839226	-52.767750	55.932476	174682.796875	33498.765625	12248.767578	54252.863281
2008	05	116.813866	70.935036	104.482941	-7.853268	0.000003	0.000005	58.604103	120.698479	75.217720	313728.187500	33498.835938	12248.713867	54252.222656
2008	05	127.428619	79.741974	102.121246	-20.830381	0.000008	0.000009	54.434597	114.503304	55.081757	342236.343750	33498.898438	12249.646484	54252.644531
2008	05	150.363297	96.733704	108.156815	-37.730156	0.000014	0.000016	54.527210	105.878731	53.158321	403832.250000	33498.960938	12250.907227	54253.445312
2008	05	190.272949	127.407257	118.899261	-66.898033	0.000025	0.000027	56.033566	89.472733	63.535843	511018.000000	33499.023438	12252.870117	54254.914062
2008	05	187.084396	124.071098	119.588959	-63.020447	0.000024	0.000025	56.575668	87.171349	66.460381	502454.437500	33499.085938	12255.525391	54257.031250
2008	05	192.402145	125.697388	125.683792	-62.244057	0.000023	0.000025	58.979042	37.782982	51.913349	516736.343750	33499.148438	12258.073242	54259.003906
2008	05	179.613403	116.452843	122.369865	-52.769955	0.000020	0.000021	59.209305	35.963917	45.041710	482389.562500	33499.207031	12260.657227	54260.968750
2008	05	171.995178	109.260246	122.618835	-44.903469	0.000017	0.000018	59.883892	77.821915	66.587860	461929.187500	33499.261719	12263.061523	54262.742188
2008	05	86.220337	40.940434	103.547806	21.799643	-0.000008	-0.000006	58.267895	-19.730976	24.481838	231562.843750	33499.312500	12264.277344	54263.343750
2008	05	183.562759	117.405968	126.530380	-52.560917	0.000020	0.000021	60.373581	77.031471	69.773033	492996.375000	33499.363281	12265.205078	54263.648438
2008	05	166.362717	105.690201	117.064781	-44.827171	0.000017	0.000018	56.392254	89.716400	72.889679	446802.031250	33499.398438	12267.458984	54265.312500
2008	05	187.481888	122.208679	119.047180	-63.964638	0.000024	0.000026	53.773968	80.150757	70.128654	503522.031250	33499.398438	12269.612305	54266.988281
2008	05	191.731689	126.093597	118.968575	-68.293716	0.000025	0.000027	53.330490	79.270378	60.372658	514935.718750	33499.347656	12272.201172	54269.136719
2008	05	185.378052	119.353142	119.685669	-61.223679	0.000023	0.000025	53.660767	67.110512	65.870079	497871.687500	33499.300781	12274.747070	54271.261719
2008	05	158.144592	95.962959	117.005043	-36.671535	0.000014	0.000015	54.823406	92.760017	55.386471	424730.562500	33499.253906	12277.162109	54273.250000
2008	05	30.656927	-7.758545	93.252876	67.063179	-0.000025	-0.000023	54.837406	-7.128168	4.675576	82335.617188	33499.253906	12277.676758	54273.277344
2008	05	203.964798	132.356812	128.974197	-70.524162	0.000026	0.000028	57.366219	43.339676	47.442322	547790.312500	33499.289062	12278.049805	54273.167969
2008	05	55.390606	13.665080	99.663467	48.738579	-0.000018	-0.000017	57.937943	-20.180412	15.009483	148763.109375	33499.308594	12279.424805	54273.972656
2008	05	197.152100	128.053482	128.098587	-64.588501	0.000024	0.000026	58.999966	11.954050	42.681370	529493.437500	33499.347656	12279.728516	54273.703125
2008	05	210.730225	140.106628	127.359673	-78.906219	0.000029	0.000031	56.736088	76.574341	63.795830	565960.312500	33499.335938	12282.710938	54276.101562
2008	05	204.209152	134.749435	124.530716	-75.214775	0.000028	0.000030	55.071003	97.059135	70.054230	548446.562500	33499.261719	12285.695312	54278.593750
2008	05	212.915787	140.689819	127.476906	-80.975906	0.000030	0.000032	55.250946	89.408470	65.443764	571830.125000	33499.191406	12288.731445	54281.164062
2008	05	182.668030	117.746246	120.766418	-57.439335	0.000021	0.000023	55.844624	42.448410	41.255726	490593.406250	33499.128906	12291.463867	54283.414062
2008	05	199.522690	130.855255	125.378654	-69.682434	0.000026	0.000028	56.711220	54.009068	42.528519	535860.125000	33499.082031	12293.999023	54285.437500
2008	05	225.733734	148.313919	135.288879	-85.983948	0.000032	0.000034	57.869072	84.643486	78.595741	606255.375000	33499.011719	12297.102539	54288.015625
2008	05	228.815094	151.050095	135.028336	-89.326530	0.000033	0.000035	57.263336	89.757515	75.843811	614531.000000	33498.929688	12300.453125	54290.824219
2008	05	239.872284	158.250961	138.846298	-96.566475	0.000036	0.000038	57.224960	35.550728	84.688362	644227.437500	33498.835938	12304.021484	54293.867188
2008	05	203.091522	128.425964	133.490845	-65.141869	0.000024	0.000026	58.825298	49.615986	65.059479	545444.937500	33498.753906	12307.414062	54296.679688
2008	05	199.851578	130.213791	123.482353	-71.911102	0.000027	0.000029	53.844570	122.363144	65.795235	536743.375000	33498.687500	12310.207031	54299.003906
2008	05	233.045959	152.824768	134.927811	-93.660744	0.000035	0.000037	54.706604	71.197266	84.209435	625893.937500	33498.609375	12313.198242	54301.578125
2008	05	205.179947	131.223267	129.153839	-71.569366	0.000027	0.000028	55.197155	127.438583	60.319851	551053.875000	33498.523438	12316.497070	54304.421875
2008	06	152.306839	94.042030	110.134514	-37.859993	0.000015	0.000016	51.869694	17.916010	27.045902	422687.125000	33498.460938	12319.033203	54306.546875
2008	06	264.251923	175.496704	149.640579	-110.299683	0.000043	0.000044	60.885365	50.369652	68.494728	733360.875000	33498.410156	12321.568359	54308.546875
2008	06	243.800217	158.904724	148.208267	-91.280975	0.000035	0.000037	63.312782	98.706947	94.987274	676602.562500	33498.312500	12325.774414	54311.972656
2008	06	243.419571	161.610123	140.462204	-98.647034	0.000038	0.000040	58.652767	77.507050	82.639137	675546.187500	33498.207031	12329.762695	54315.265625
2008	06	226.768768	150.895050	130.812073	-91.646996	0.000035	0.000037	54.938366	101.486107	72.022438	629336.312500	33498.097656	12333.666992	54318.640625
2008	06	186.814529	116.624733	126.781517	-55.723969	0.000021	0.000023	56.591732	21.507278	43.009048	518453.968750	33498.027344	12336.534180	54320.972656
2008	06	200.719742	128.698120	128.402832	-68.008537	0.000026	0.000028	56.381214	41.326023	44.788864	557044.187500	33497.968750	12339.268555	54323.164062
2008	06	166.357910	97.871094	127.251122	-34.799099	0.000013	0.000015	58.764286	8.703339	20.275085	461682.125000	33497.910156	12341.750977	54325.085938
2008	06	220.401016	131.057251	156.465317	-59.628704	0.000023	0.000025	67.121552	53.291042	104.233101	611664.375000	33497.882812	12343.990234	54326.582031
2008	06	210.417908	122.770775	156.317398	-49.794224	0.000019	0.000021	68.670265	73.020393	93.433495	583958.937500	33497.816406	12347.184570	54328.851562
2008	06	215.162552	128.742676	156.655075	-54.201893	0.000021	0.000023	70.235222	6.757211	44.579445	597126.375000	33497.769531	12349.725586	54330.406250
2008	06	243.802200	152.074707	161.755173	-77.742149	0.000030	0.000032	70.027695	88.227211	124.124374	676608.062500	33497.695312	12352.932617	54332.613281
2008	06	225.052826	141.541382	146.979691	-73.768974	0.000028	0.000030	63.468231	128.491974	98.682503	624574.250000	33497.589844	12356.730469	54335.539062
2008	06	225.638321	142.823242	143.497925	-77.836861	0.000030	0.000032	60.682842	48.135014	79.545403	626199.062500	33497.480469	12360.119141	54338.238281
2008	06	212.257706	132.903717	138.699142	-69.255699	0.000027	0.000028	59.345150	9.221520	57.755566	589064.750000	33497.390625	12363.193359	54340.664062
2008	06	202.526169	124.015587	137.584595	-60.639381	0.000023	0.000025	59.074005	12.959373	40.151669	562057.500000	33497.308594	12366.178711	54343.027344
2008	06	275.124695	180.667145	154.742218	-116.080956	0.000045	0.000046	60.284657	89.217224	77.703232	763535.312500	33497.210938	12369.561523	54345.800781
2008	06	187.205017	111.542191	140.356598	-42.547577	0.000016	0.000018	64.693764	21.802956	72.088974	519537.750000	33497.105469	12373.180664	54348.691406
2008	06	207.813919	129.200211	147.827118	-55.686634	0.000021	0.000023	69.213409	19.054783	77.513588	576732.250000	33497.042969	12375.755859	54350.398438
2008	06	249.050186	163.055832	155.952667	-88.798004	0.000034	0.000036	69.958305	43.849453	75.116936	691172.500000	33496.949219	12379.135742	54352.816406
2008	06	273.138489	180.677109	162.321136	-106.518471	0.000041	0.000043	69.859787	71.931030	68.838577	758023.125000	33496.820312	12383.244141	54355.968750
2008	06	283.815735	186.500854	169.875076	-109.642464	0.000042	0.000044	72.560196	55.985611	68.765053	787655.062500	33496.671875	12387.943359	54359.667969
2008	06	285.802399	186.274551	173.866043	-107.638847	0.000042	0.000043	74.338188	85.036377	114.857361	793168.500000	33496.519531	12392.725586	54363.363281
2008	06	254.892715	161.081146	168.508560	-82.087349	0.000032	0.000033	74.696976	28.517431	81.537338	707386.875000	33496.375000	12397.182617	54366.722656
2008	06	281.414215	180.703568	176.132248	-100.985832	0.000039	0.000041	75.421600	79.636543	127.263420	780990.312500	33496.234375	12401.480469	54369.882812
2008	06	264.236755	169.513275	165.040985	-94.900314	0.000037	0.000038	70.317513	70.694199	113.434845	733318.750000	33496.085938	12405.910156	54373.273438
2008	06	268.369934	172.538315	166.154327	-97.920807	0.000038	0.000039	70.322701	57.269707	82.818840	744789.312500	33495.941406	12410.089844	54376.515625
2008	06	255.352814	160.845352	167.622391	-83.436295	0.000032	0.000034	73.114922	97.863297	120.292000	708663.750000	33495.796875	12414.440430	54379.843750
2008	06	198.444321	118.424713	148.039597	-46.111259	0.000018	0.000019	68.019974	3.190109	58.607903	550729.437500	33495.675781	12417.945312	54382.394531
2008	06	151.624237	80.432220	138.271576	-9.059859	0.000003	0.000005	67.079552	6.748354	40.139282	420792.718750	33495.609375	12419.842773	54383.449219
2008	07	133.733200	58.699009	151.747498	22.449463	-0.000008	-0.000007	76.713287	-15.812896	28.574976	359168.625000	33495.585938	12420.796875	54383.496094
2008	07	283.411926	177.715530	188.832321	-90.145157	0.000034	0.000035	83.135918	22.643103	74.393410	761162.312500	33495.550781	12422.702148	54384.152344
2008	07	290.809540	184.394531	187.735794	-98.640015	0.000037	0.000038	81.320778	58.088703	116.171303	781030.187500	33495.421875	12427.147461	54387.328125
2008	07	300.115265	191.117065	187.705338	-107.976875	0.000040	0.000042	78.707161	54.189560	97.014542	806022.562500	33495.253906	12431.800781	54390.804688
2008	07	271.481232	170.068512	178.309219	-88.739685	0.000033	0.000035	76.896484	90.608635	112.639069	729119.875000	33495.085938	12436.356445	54394.250000
2008	07	286.858398	184.584000	175.495682	-106.931030	0.000040	0.000042	73.221275	80.758148	112.635307	770418.500000	33494.929688	12440.545898	54397.453125
2008	07	290.320587	184.422150	179.986130	-105.903473	0.000040	0.000041	74.087662	75.286705	113.751358	779716.937500	33494.761719	12444.967773	54400.898438
2008	07	242.436584	141.717361	178.050964	-59.955326	0.000022	0.000024	77.331734	45.950924	117.333923	651114.375000	33494.613281	12449.024414	54403.941406
2008	07	238.799026	137.699997	178.715515	-55.653904	0.000021	0.000022	77.616486	33.513222	110.677917	641344.937500	33494.511719	12452.099609	54405.929688
2008	07	271.221191	159.505920	191.930313	-74.862015	0.000028	0.000030	80.215034	60.522686	106.417435	728421.500000	33494.402344	12455.381836	54408.070312
2008	07	285.473145	172.162720	194.552994	-86.491989	0.000032	0.000034	81.242592	58.223026	135.728683	766698.062500	33494.261719	12459.351562	54410.816406
2008	07	269.774048	167.828156	173.516785	-91.829834	0.000034	0.000036	71.570885	103.776207	102.356911	724534.875000	33494.105469	12463.507812	54413.937500
2008	07	273.335388	171.559937	171.004578	-97.904022	0.000037	0.000038	69.229134	83.950470	99.600746	734099.562500	33493.945312	12467.493164	54417.109375
2008	07	246.018646	145.721313	170.509247	-71.083282	0.000027	0.000028	70.211929	19.362989	71.780708	660734.750000	33493.796875	12471.175781	54419.968750
2008	07	253.661392	147.230621	183.108627	-66.127403	0.000025	0.000026	76.677849	-7.762469	81.385078	681261.000000	33493.679688	12474.407227	54422.250000
2008	07	275.310394	166.520309	186.428528	-84.457237	0.000032	0.000033	77.638428	57.532925	111.445099	739403.937500	33493.542969	12478.218750	54424.992188
2008	07	278.251312	170.829773	182.531113	-91.296272	0.000034	0.000036	75.109566	72.567734	108.155556	747302.375000	33493.390625	12482.232422	54427.976562
2008	07	261.380615	155.390533	182.318253	-74.639145	0.000028	0.000030	76.328163	70.213264	110.374153	701992.562500	33493.242188	12486.164062	54430.902344
2008	07	262.401794	157.303482	178.763031	-79.216232	0.000030	0.000031	73.664734	43.282452	94.612274	704735.125000	33493.101562	12489.800781	54433.558594
2008	07	263.188202	157.036255	178.971451	-79.794937	0.000030	0.000031	72.819504	44.902657	81.736069	706847.187500	33492.960938	12493.365234	54436.199219
2008	07	252.494476	149.423462	176.724884	-71.348488	0.000027	0.000028	73.653870	30.691969	59.404472	678127.000000	33492.824219	12496.907227	54438.835938
2008	07	265.343201	159.803101	182.906845	-78.015938	0.000029	0.000031	77.366753	62.093491	120.213860	712634.937500	33492.687500	12500.526367	54441.433594
2008	07	263.575745	159.532394	177.760818	-81.395203	0.000030	0.000032	73.717484	40.356991	78.191284	707888.062500	33492.542969	12504.264648	54444.191406
2008	07	273.009369	168.343628	176.101898	-92.488457	0.000035	0.000036	71.436150	51.052677	66.101128	733224.000000	33492.394531	12507.987305	54447.019531
2008	07	197.803955	105.733673	171.369400	-22.016211	0.000008	0.000010	79.299126	14.584169	50.895199	531244.125000	33492.257812	12511.294922	54449.375000
2008	07	267.258820	159.115005	191.871246	-70.969963	0.000026	0.000028	83.727425	38.836330	79.074814	717779.750000	33492.160156	12513.877930	54450.742188
2008	07	265.290802	157.067261	190.010666	-70.863251	0.000026	0.000028	81.787102	41.072899	99.672356	712494.250000	33492.019531	12517.621094	54453.265625
2008	07	239.670380	137.164505	184.110046	-51.144123	0.000019	0.000021	81.604187	19.420023	89.827682	643685.187500	33491.878906	12520.974609	54455.460938
2008	07	261.464142	158.244125	182.568375	-74.480270	0.000028	0.000029	79.348343	51.628365	71.413841	702216.937500	33491.746094	12524.304688	54457.640625
2008	07	262.096130	158.316742	182.235931	-75.445366	0.000028	0.000030	78.456528	50.422031	70.407463	703914.250000	33491.593750	12527.908203	54460.171875
2008	07	249.797897	146.696304	181.352463	-64.031273	0.000024	0.000026	78.250854	48.461105	106.749344	670884.750000	33491.445312	12531.394531	54462.601562
2008	08	213.756287	118.987183	172.245453	-37.097363	0.000014	0.000015	77.476326	44.370262	50.991859	574087.437500	33491.320312	12534.162109	54464.312500
2008	08	216.710739	121.201874	172.532410	-39.765522	0.000015	0.000016	77.023544	28.095871	53.141277	582022.250000	33491.218750	12536.522461	54465.660156
2008	08	241.166611	139.971619	179.388855	-57.365616	0.000021	0.000023	78.193871	48.414894	71.731071	647703.625000	33491.105469	12539.305664	54467.406250
2008	08	227.427475	128.124557	185.316345	-37.699684	0.000014	0.000016	86.013435	27.622353	80.024132	610804.250000	33490.976562	12542.153320	54469.078125
2008	08	268.387573	161.141693	190.052231	-73.924583	0.000028	0.000029	82.806358	82.759804	104.925415	720811.187500	33490.851562	12545.244141	54470.886719
2008	08	244.943741	143.871307	179.973206	-60.560452	0.000023	0.000024	78.900764	72.127144	84.356834	657847.875000	33490.695312	12548.764648	54473.289062
2008	08	253.721970	152.403229	177.256653	-72.055901	0.000027	0.000029	75.937889	72.099319	78.075554	681423.687500	33490.554688	12551.982422	54475.492188
2008	08	208.036636	116.542480	165.317413	-38.310448	0.000014	0.000016	73.823242	23.707605	55.652683	558726.125000	33490.414062	12554.953125	54477.519531
2008	08	193.784378	106.006386	159.418594	-29.957664	0.000011	0.000013	71.640594	24.901424	47.791271	520448.687500	33490.316406	12557.067383	54478.773438
2008	08	194.000916	104.973312	161.558060	-28.035368	0.000010	0.000012	72.530464	19.563915	50.925194	521030.156250	33490.230469	12558.758789	54479.640625
2008	08	249.400085	148.179062	175.027176	-69.966087	0.000026	0.000028	73.806137	80.586006	92.450775	669816.312500	33490.128906	12561.166016	54481.156250
2008	08	219.152145	125.046539	168.417877	-46.328064	0.000017	0.000019	74.312271	16.643497	63.993664	588579.125000	33489.992188	12564.141602	54483.238281
2008	08	219.422882	124.953613	171.161530	-43.855816	0.000016	0.000018	76.692261	13.551525	60.412575	589306.250000	33489.878906	12566.580078	54484.722656
2008	08	235.899612	136.480698	174.737686	-56.757065	0.000021	0.000023	75.318741	58.461208	98.220856	633558.000000	33489.761719	12569.229492	54486.386719
2008	08	237.593781	141.145157	168.547745	-64.641769	0.000024	0.000026	72.099136	65.648521	74.247192	638108.000000	33489.632812	12572.093750	54488.375000
2008	08	239.786301	140.478943	171.208023	-64.174675	0.000024	0.000026	71.900673	72.269432	75.520126	643996.500000	33489.496094	12575.038086	54490.492188
2008	08	233.808777	135.633469	169.349091	-60.056728	0.000022	0.000024	71.173782	62.486000	83.573174	627942.625000	33489.363281	12577.939453	54492.578125
2008	08	207.793274	116.201187	160.789108	-42.601875	0.000016	0.000018	69.197014	23.133274	58.310146	558072.500000	33489.242188	12580.529297	54494.378906
2008	08	231.293060	134.589691	163.917328	-62.974064	0.000024	0.000025	67.213951	49.320599	88.812798	621186.125000	33489.128906	12582.923828	54496.105469
2008	08	216.454544	121.859024	163.697144	-48.356422	0.000018	0.000020	69.101608	58.083359	87.510735	581334.187500	33489.007812	12585.544922	54497.984375
2008	08	213.343262	121.569748	156.766785	-52.176117	0.000019	0.000021	64.993286	78.519348	84.794418	572978.125000	33488.894531	12587.943359	54499.738281
2008	08	223.877304	125.861038	164.545151	-54.932442	0.000021	0.000022	66.528893	56.405502	91.746727	601269.500000	33488.781250	12590.319336	54501.519531
2008	08	189.516205	93.725914	167.886810	-17.230354	0.000006	0.000008	72.096519	55.648983	83.515877	508985.625000	33488.683594	12592.481445	54502.957031
2008	08	222.722061	119.885323	174.132858	-44.190861	0.000016	0.000018	71.296104	68.461906	81.629242	598166.875000	33488.613281	12594.279297	54503.917969
2008	08	227.111496	126.258301	169.221405	-53.492401	0.000020	0.000022	68.368217	70.180038	78.984833	609955.625000	33488.507812	12596.755859	54505.640625
2008	08	196.772583	102.428337	161.803726	-30.571865	0.000011	0.000013	67.459473	29.331909	57.728493	528474.125000	33488.402344	12598.954102	54507.152344
2008	08	197.818863	110.546432	149.721497	-43.701008	0.000016	0.000018	62.449066	88.226418	60.277374	531284.125000	33488.312500	12600.910156	54508.515625
2008	08	210.249527	119.886543	151.109711	-54.744080	0.000020	0.000022	60.746716	82.050575	68.243401	564669.312500	33488.210938	12602.917969	54510.066406
2008	08	213.961807	118.553848	157.942123	-51.624542	0.000019	0.000021	62.534184	66.509888	73.297226	574639.375000	33488.109375	12605.138672	54511.808594
2008	08	185.336960	94.609055	153.577637	-27.364857	0.000010	0.000012	62.849724	8.000224	41.671711	497761.375000	33488.015625	12607.153320	54513.304688
2008	08	186.158127	92.340111	159.019135	-22.745211	0.000008	0.000010	65.201103	9.226272	40.681461	499966.781250	33487.949219	12608.528320	54514.132812
2008	09	192.201584	102.486763	152.101852	-35.848301	0.000014	0.000015	62.387039	45.681637	77.880089	533404.312500	33487.882812	12610.192383	54515.191406
2008	09	186.393097	96.550880	150.334595	-31.807734	0.000012	0.000014	60.492367	47.623695	81.614510	517284.406250	33487.796875	12611.996094	54516.480469
2008	09	192.425720	102.405800	149.913712	-38.261875	0.000015	0.000016	59.893780	54.987663	70.378708	534026.375000	33487.714844	12613.763672	54517.765625
2008	09	180.249649	93.626472	145.665070	-30.335058	0.000012	0.000013	59.041897	31.017023	55.334965	500234.906250	33487.636719	12615.465820	54518.992188
2008	09	188.174545	97.387894	150.404770	-33.520882	0.000013	0.000015	59.618122	49.936302	72.505844	522228.343750	33487.562500	12617.096680	54520.179688
2008	09	185.618378	93.699295	151.955032	-29.415102	0.000011	0.000013	60.035961	42.966904	65.496445	515134.437500	33487.488281	12618.774414	54521.367188
2008	09	167.703674	79.808014	151.690918	-11.765171	0.000005	0.000006	63.795261	-11.867505	50.901142	465416.906250	33487.421875	12620.250977	54522.343750
2008	09	174.985565	86.828003	161.646912	-9.091744	0.000004	0.000005	73.489349	51.731503	97.271416	485625.843750	33487.367188	12621.486328	54522.726562
2008	09	172.173874	90.345093	147.112457	-20.815105	0.000008	0.000010	65.283684	33.520729	64.067726	477822.750000	33487.312500	12622.911133	54523.394531
2008	09	131.384705	60.642933	135.002075	7.863079	-0.000003	-0.000001	64.260300	-0.485507	56.500992	364623.281250	33487.250000	12623.915039	54523.781250
2008	09	153.097870	79.129692	137.006516	-11.846229	0.000005	0.000006	63.038349	76.770020	61.869442	424882.375000	33487.210938	12624.485352	54523.730469
2008	09	169.668777	92.642403	137.361877	-28.062347	0.000011	0.000012	60.335491	69.427811	55.200180	470870.562500	33487.164062	12625.563477	54524.292969
2008	09	146.722015	74.596428	131.107025	-11.370996	0.000004	0.000006	58.981434	37.529228	41.482769	407187.906250	33487.109375	12626.751953	54525.007812
2008	09	179.982712	95.919052	144.671066	-31.068241	0.000012	0.000014	60.607410	52.064293	55.693810	499494.062500	33487.058594	12627.717773	54525.511719
2008	09	134.819168	57.755287	140.808777	10.232399	-0.000004	-0.000002	63.744896	-11.966598	35.300732	374154.718750	33486.992188	12628.916016	54526.171875
2008	09	154.157272	68.834816	159.178848	9.263663	-0.000004	-0.000002	73.856384	17.372305	73.098366	427822.500000	33486.957031	12629.463867	54525.894531
2008	09	145.285248	74.306480	133.339111	-7.704646	0.000003	0.000005	62.360329	75.755043	52.432838	403200.562500	33486.914062	12630.292969	54526.011719
2008	09	153.323395	80.174225	133.267105	-15.815350	0.000006	0.000008	60.117916	66.829422	51.508915	425508.281250	33486.867188	12631.079102	54526.296875
2008	09	129.993378	62.596325	125.954063	0.201078	-0.000000	0.000002	58.557018	79.207237	43.674332	360762.000000	33486.828125	12631.837891	54526.585938
2008	09	135.471420	70.204033	120.282608	-10.948972	0.000004	0.000006	55.015213	76.954605	39.345482	375964.875000	33486.792969	12632.244141	54526.644531
2008	09	144.327621	75.405540	123.377129	-16.711185	0.000006	0.000008	54.455044	57.257915	47.724495	400542.906250	33486.757812	12632.825195	54526.929688
2008	09	136.376434	68.923386	122.015953	-10.121728	0.000004	0.000006	54.562897	39.202045	33.282932	378476.500000	33486.722656	12633.514648	54527.324219
2008	09	119.750221	58.873974	113.191277	-2.320726	0.000001	0.000003	52.315029	80.632774	32.137856	332334.875000	33486.695312	12633.912109	54527.468750
2008	09	123.166183	61.762272	112.311272	-6.617225	0.000003	0.000004	50.907364	73.378998	33.468193	341814.937500	33486.667969	12634.097656	54527.468750
2008	09	140.117325	72.913025	118.547348	-17.332848	0.000007	0.000008	51.343044	57.984467	37.710606	388858.343750	33486.648438	12634.505859	54527.703125
2008	09	155.046600	80.018608	128.435074	-22.374966	0.000009	0.000010	53.407074	40.127846	45.954720	430290.531250	33486.613281	12635.310547	54528.289062
2008	09	142.755646	70.693916	126.206772	-12.312912	0.000005	0.000006	54.145039	38.636379	40.744217	396180.312500	33486.566406	12636.221680	54528.925781
2008	09	107.204948	39.673622	125.716835	22.747238	-0.000009	-0.000007	58.185505	1.538553	31.480700	297518.781250	33486.539062	12636.541992	54528.925781
2008	09	109.187904	36.774048	141.972504	37.019287	-0.000014	-0.000013	69.558655	-16.250807	41.634201	303021.968750	33486.523438	12636.313477	54528.097656
2008	09	129.376297	56.802814	141.848450	16.706182	-0.000006	-0.000005	69.274963	36.679066	63.280788	359049.437500	33486.500000	12636.382812	54527.316406
2008	10	139.732239	67.988403	136.811722	1.454033	-0.000001	0.000001	65.067886	48.551228	36.360237	375280.312500	33486.464844	12636.804688	54527.101562
2008	10	116.935074	51.088764	128.786789	16.225677	-0.000006	-0.000004	62.940487	16.502403	38.902012	314053.687500	33486.433594	12637.173828	54526.933594
2008	10	121.015472	52.426292	135.905396	19.263254	-0.000007	-0.000006	67.316216	36.130875	55.804276	325012.468750	33486.398438	12637.169922	54526.347656
2008	10	99.750435	40.783306	120.050110	24.672401	-0.000009	-0.000008	61.082977	29.290054	48.062695	267900.750000	33486.367188	12637.079102	54525.714844
2008	10	97.241386	40.462120	113.555893	20.686676	-0.000008	-0.000006	56.776630	55.760967	41.050652	261162.156250	33486.335938	12636.649414	54524.921875
2008	10	105.060936	47.377655	112.789696	12.100367	-0.000005	-0.000003	55.106415	58.303108	30.234617	282163.218750	33486.308594	12636.252930	54524.257812
2008	10	98.038040	41.519054	110.757721	17.090738	-0.000006	-0.000005	54.238743	39.775867	30.502989	263301.750000	33486.289062	12635.928711	54523.695312
2008	10	106.650917	46.577003	114.241653	11.961216	-0.000004	-0.000003	54.167744	33.260220	42.369686	286433.437500	33486.269531	12635.570312	54523.117188
2008	10	122.545448	58.735168	118.030472	-0.145070	0.000000	0.000002	54.220188	22.957270	35.668705	329121.562500	33486.253906	12635.448242	54522.785156
2008	10	123.368279	56.789249	122.183792	3.184865	-0.000001	0.000000	55.604763	6.022167	32.483833	331331.437500	33486.242188	12635.586914	54522.687500
2008	10	116.196259	49.051186	124.464417	12.636879	-0.000005	-0.000003	57.319347	8.720016	42.246696	312069.468750	33486.234375	12635.637695	54522.417969
2008	10	113.074959	49.335392	119.210007	10.503156	-0.000004	-0.000002	55.470436	30.416201	31.864305	303686.562500	33486.222656	12635.615234	54522.113281
2008	10	113.552841	50.338196	117.806465	8.621136	-0.000003	-0.000002	54.591812	30.446619	27.903057	304970.031250	33486.210938	12635.541992	54521.796875
2008	10	105.967033	42.463081	119.175354	17.575235	-0.000007	-0.000005	55.671413	32.746788	25.762627	284596.718750	33486.203125	12635.427734	54521.425781
2008	10	84.421593	29.104246	108.082680	28.027407	-0.000010	-0.000009	52.765335	12.124938	20.906017	226731.921875	33486.191406	12635.013672	54520.789062
2008	10	102.014961	39.031624	117.417358	19.768095	-0.000007	-0.000006	54.434021	21.533693	27.647448	273982.593750	33486.183594	12634.393555	54519.964844
2008	10	85.589722	27.512327	112.018600	30.793972	-0.000012	-0.000010	53.941200	2.771562	22.558046	229869.187500	33486.175781	12633.963867	54519.320312
2008	10	56.199879	8.414079	99.442207	47.606812	-0.000018	-0.000016	51.656410	34.438545	33.493416	150936.578125	33486.171875	12632.963867	54518.113281
2008	10	59.229801	14.573826	91.960838	37.094971	-0.000014	-0.000012	47.304867	51.127861	20.740198	159074.078125	33486.160156	12631.579102	54516.679688
2008	10	58.319885	15.585251	88.338425	34.381931	-0.000013	-0.000011	45.603786	58.140709	13.843519	156630.312500	33486.156250	12630.259766	54515.390625
2008	10	70.586494	24.628557	91.191940	24.968317	-0.000009	-0.000008	45.234001	45.031994	16.056736	189574.843750	33486.156250	12629.027344	54514.222656
2008	10	49.347263	5.955199	89.487549	44.502598	-0.000017	-0.000015	46.095474	2.831989	18.624708	132532.453125	33486.164062	12627.812500	54513.050781
2008	10	35.651134	-2.777595	83.534027	52.244637	-0.000020	-0.000018	45.105293	-4.391467	50.722176	95748.609375	33486.167969	12626.162109	54511.441406
2008	10	50.561996	11.143229	78.978348	32.777573	-0.000012	-0.000011	39.559582	27.543919	39.220955	135794.875000	33486.171875	12624.425781	54509.878906
2008	10	71.629196	25.312325	90.145706	22.877199	-0.000009	-0.000007	43.828835	27.356552	18.618435	192375.265625	33486.179688	12623.114258	54508.742188
2008	10	75.794640	27.697296	92.542068	21.107584	-0.000008	-0.000006	44.444725	14.330327	18.951471	203562.437500	33486.195312	12622.152344	54507.875000
2008	10	40.376339	-10.549156	109.408485	73.391670	-0.000027	-0.000026	58.482986	-84.765610	48.139465	108439.140625	33486.210938	12620.956055	54506.566406
2008	10	79.480446	25.869001	112.534058	37.412506	-0.000014	-0.000012	58.922611	-5.883271	23.545103	213461.453125	33486.230469	12619.480469	54504.644531
2008	10	70.134659	18.889385	107.186462	41.410110	-0.000015	-0.000014	55.941185	-8.279067	17.164902	188361.375000	33486.234375	12618.597656	54503.453125
2008	10	35.533859	-4.911832	95.383003	64.206856	-0.000024	-0.000022	54.937317	1.735394	50.290371	95433.648438	33486.234375	12617.308594	54501.847656
2008	10	36.589291	-0.538797	85.009117	52.776978	-0.000020	-0.000018	47.881027	30.281975	28.173092	98268.234375	33486.230469	12615.485352	54499.906250
2008	11	57.296429	15.603376	87.860291	34.779945	-0.000013	-0.000012	46.167240	19.407639	15.650027	159010.984375	33486.226562	12613.862305	54498.273438
2008	11	34.086842	-2.741863	82.776512	52.905201	-0.000020	-0.000019	45.947803	28.200006	18.850395	94598.960938	33486.234375	12612.425781	54496.789062
2008	11	33.047188	-0.796226	76.549171	47.716995	-0.000018	-0.000017	42.705761	37.272648	15.625182	91713.671875	33486.234375	12610.607422	54495.015625
2008	11	46.903576	8.490019	81.459152	38.770069	-0.000015	-0.000013	43.045601	19.637432	16.439152	130168.390625	33486.242188	12608.899414	54493.394531
2008	11	68.678398	23.498690	90.136871	25.672436	-0.000010	-0.000008	44.957172	15.441186	9.851939	190598.609375	33486.250000	12607.587891	54492.128906
2008	11	80.509071	29.448757	98.488251	22.192585	-0.000009	-0.000007	47.427944	-0.822560	12.360026	223431.484375	33486.265625	12606.726562	54491.238281
2008	11	78.858803	27.471138	99.998291	25.352306	-0.000010	-0.000008	48.610615	4.883434	13.250197	218851.625000	33486.281250	12606.035156	54490.441406
2008	11	68.941216	19.753492	97.964020	33.235062	-0.000013	-0.000011	48.776299	3.707727	10.603319	191328.000000	33486.292969	12605.222656	54489.507812
2008	11	51.812759	7.242234	92.698593	45.097507	-0.000017	-0.000016	48.128071	3.282994	10.887233	143792.531250	33486.304688	12604.119141	54488.285156
2008	11	56.664684	7.463699	103.371529	50.917904	-0.000020	-0.000018	54.170540	-13.097459	27.132412	157257.734375	33486.316406	12602.792969	54486.773438
2008	11	42.216404	2.850097	88.878883	50.872974	-0.000020	-0.000018	49.512581	6.420357	22.989178	117160.390625	33486.324219	12601.408203	54485.148438
2008	11	27.712196	-6.431489	79.965874	56.463634	-0.000022	-0.000020	45.822189	9.737148	27.541319	76907.820312	33486.328125	12599.686523	54483.332031
2008	11	28.408209	-4.624657	76.237518	52.038734	-0.000020	-0.000018	43.204651	24.200478	11.391493	78839.421875	33486.332031	12597.753906	54481.425781
2008	11	30.077559	-2.967469	74.976974	49.108322	-0.000019	-0.000017	41.931946	12.086547	11.978875	83472.250000	33486.335938	12595.845703	54479.605469
2008	11	21.220697	-15.346909	84.973106	67.960762	-0.000026	-0.000025	48.405499	-27.570635	0.934946	58892.402344	33486.347656	12593.898438	54477.667969
2008	11	53.478104	7.682976	97.882736	48.612396	-0.000019	-0.000017	52.087612	-13.791734	7.645251	148414.234375	33486.359375	12592.052734	54475.625000
2008	11	46.727180	-2.355844	107.461060	64.941010	-0.000025	-0.000023	58.378036	-35.815983	29.935997	129678.843750	33486.371094	12590.673828	54473.875000
2008	11	23.293266	-9.215501	80.056587	60.969887	-0.000024	-0.000022	47.547825	17.970779	20.338789	64644.261719	33486.375000	12588.970703	54471.906250
2008	11	18.685480	-10.356480	71.367401	56.887970	-0.000022	-0.000020	42.325443	30.764425	33.152538	51856.578125	33486.375000	12586.897461	54469.824219
2008	11	13.119843	-13.294739	59.017761	50.103458	-0.000019	-0.000018	32.603180	38.839722	56.185410	36410.632812	33486.371094	12584.723633	54467.894531
2008	11	12.417798	-12.428040	47.795368	39.582615	-0.000015	-0.000014	22.949530	42.610790	42.915764	34462.292969	33486.355469	12582.476562	54466.218750
2008	11	11.550713	-12.816957	43.367699	36.021534	-0.000014	-0.000012	19.000025	26.521152	32.924019	32055.929688	33486.328125	12580.237305	54464.789062
2008	11	8.473534	-14.525796	40.018181	35.748699	-0.000014	-0.000012	17.018850	32.152882	32.778683	23516.037109	33486.304688	12577.989258	54463.425781
2008	11	7.324563	-13.869086	34.209251	31.088247	-0.000012	-0.000010	13.015604	38.830166	29.160946	20327.373047	33486.289062	12575.702148	54462.128906
2008	11	14.466170	-9.003594	35.383366	25.120262	-0.000010	-0.000008	11.913601	26.774485	9.449944	40147.003906	33486.273438	12573.464844	54460.964844
2008	11	13.096378	-12.028069	37.753681	28.859867	-0.000011	-0.000010	12.629236	-14.559780	22.184853	36345.507812	33486.265625	12571.328125	54459.910156
2008	11	15.627360	-12.286854	44.744411	33.319080	-0.000013	-0.000011	16.830198	-47.465923	24.526997	43369.578125	33486.308594	12569.189453	54458.757812
2008	11	17.830887	-8.067411	43.717285	30.087910	-0.000012	-0.000010	17.818991	12.138286	4.282376	49484.882812	33486.328125	12567.111328	54457.574219
2008	11	15.927241	-9.986696	43.932228	32.205986	-0.000012	-0.000011	18.018291	-8.662543	11.254143	44201.820312	33486.371094	12565.059570	54456.406250
2008	11	14.447322	-10.764480	43.971035	33.724190	-0.000013	-0.000011	18.759232	2.032154	13.752109	40094.695312	33486.410156	12562.973633	54455.175781
2008	12	12.777822	-11.599173	42.856255	34.418400	-0.000013	-0.000011	18.479263	17.303549	16.433838	34317.527344	33486.441406	12560.861328	54453.929688
2008	12	18.307146	-8.781958	45.804741	31.837030	-0.000012	-0.000010	18.715633	-1.030754	11.886296	49167.687500	33486.468750	12558.753906	54452.703125
2008	12	14.241309	-12.198078	47.831932	37.929512	-0.000014	-0.000013	21.392544	8.064453	21.852907	38248.027344	33486.507812	12556.716797	54451.480469
2008	12	15.366489	-10.073460	45.797783	34.769650	-0.000013	-0.000011	20.357834	19.451965	17.684769	41269.937500	33486.550781	12554.624023	54450.187500
2008	12	20.466940	-7.736397	49.707993	33.578873	-0.000013	-0.000011	21.504654	-22.207125	6.574051	54968.269531	33486.589844	12552.593750	54448.960938
2008	12	6.823215	-16.358006	44.569752	42.083805	-0.000016	-0.000014	21.388529	64.741478	34.922218	18325.177734	33486.640625	12550.553711	54447.660156
2008	12	11.919395	-10.975713	38.692184	31.109531	-0.000012	-0.000010	15.797076	37.554901	23.591129	32012.044922	33486.675781	12548.360352	54446.355469
2008	12	11.802349	-12.148450	39.085503	31.619366	-0.000012	-0.000010	15.134702	9.118710	18.365067	31697.689453	33486.703125	12546.237305	54445.203125
2008	12	3.011619	-17.357969	33.809792	35.133842	-0.000013	-0.000011	13.440202	83.007912	38.391365	8088.335449	33486.722656	12544.086914	54444.046875
2008	12	10.586313	-10.539633	30.894678	24.643501	-0.000009	-0.000008	9.768731	1.162680	13.933070	28431.769531	33486.730469	12541.897461	54442.953125
2008	12	12.670443	-12.349573	35.188110	26.852272	-0.000010	-0.000008	10.168094	-36.049110	16.024723	34029.136719	33486.738281	12539.789062	54441.996094
2008	12	5.903862	-15.053299	31.836733	30.266937	-0.000011	-0.000010	10.879571	41.464157	26.342686	15856.061523	33486.777344	12537.661133	54440.972656
2008	12	9.049797	-13.189478	33.175919	28.459656	-0.000011	-0.000009	10.936646	-3.977886	20.570387	24305.130859	33486.800781	12535.482422	54439.906250
2008	12	2.647185	-17.296076	31.343672	33.029480	-0.000012	-0.000011	11.400412	21.111742	0.468789	7109.570312	33486.824219	12533.321289	54438.835938
2008	12	10.436882	-10.693295	33.001499	26.897064	-0.000010	-0.000008	11.871322	7.825095	11.608749	28030.441406	33486.851562	12531.158203	54437.753906
2008	12	15.077453	-11.015471	38.325222	27.579681	-0.000010	-0.000009	12.232298	-62.039524	-13.989071	40493.667969	33486.878906	12529.083984	54436.742188
2008	12	7.943208	-15.769398	37.221268	33.609409	-0.000013	-0.000011	13.508663	-9.788908	14.409693	21333.154297	33486.910156	12527.024414	54435.718750
2008	12	8.036143	-13.378409	34.821625	31.116291	-0.000012	-0.000010	13.407070	0.218357	6.460049	21582.753906	33486.945312	12524.871094	54434.574219
2008	12	6.404381	-14.910436	34.696514	32.622406	-0.000012	-0.000011	13.381699	5.782769	8.167600	17200.310547	33486.980469	12522.723633	54433.445312
2008	12	2.392679	-16.617666	32.467400	34.404449	-0.000013	-0.000011	13.457051	33.508873	0.782207	6426.042969	33487.011719	12520.564453	54432.300781
2008	12	3.370501	-15.367105	31.971838	32.930511	-0.000012	-0.000011	13.234233	41.010307	1.228977	9052.188477	33487.046875	12518.408203	54431.156250
2008	12	4.827838	-14.245958	32.076283	31.577072	-0.000012	-0.000010	13.002484	25.097561	1.353351	12966.173828	33487.082031	12516.254883	54430.023438
2008	12	2.914448	-16.761671	32.697041	34.110668	-0.000013	-0.000011	13.020923	25.448036	4.997308	7827.362793	33487.121094	12514.104492	54428.894531
2008	12	2.258108	-16.140114	31.649578	33.718990	-0.000013	-0.000011	13.251358	31.430918	-3.729040	6064.623047	33487.156250	12511.958984	54427.765625
2008	12	15.142605	-8.603100	37.296078	26.480438	-0.000010	-0.000008	13.550374	-22.847195	-5.185090	40668.648438	33487.195312	12509.873047	54426.687500
2008	12	7.863259	-15.899390	38.106701	34.569843	-0.000013	-0.000011	14.344050	11.137756	23.411268	21118.433594	33487.234375	12507.864258	54425.667969
2008	12	4.173878	-15.265420	34.530857	34.682835	-0.000013	-0.000011	15.091558	26.928143	2.792276	11209.825195	33487.281250	12505.748047	54424.511719
2008	12	14.590982	-9.313006	39.420410	29.154730	-0.000011	-0.000009	15.516418	-4.109706	-2.074155	39187.152344	33487.328125	12503.664062	54423.367188
2008	12	17.116686	-10.051036	43.197315	30.405375	-0.000011	-0.000010	16.029593	-39.501148	0.145253	45970.453125	33487.375000	12501.712891	54422.339844
2008	12	11.270233	-12.378944	40.562675	33.616631	-0.000013	-0.000011	16.913500	2.912750	12.543753	30268.582031	33487.425781	12499.761719	54421.285156
2008	12	10.145519	-12.360027	39.770184	33.948307	-0.000013	-0.000011	17.264637	8.770696	9.065910	27247.923828	33487.480469	12497.715820	54420.117188
2009	01	5.507098	-14.903595	37.954540	36.770588	-0.000014	-0.000012	17.543848	4.665131	12.581956	14790.468750	33487.539062	12495.639648	54418.910156
2009	01	4.708254	-15.109839	37.578671	37.193855	-0.000014	-0.000012	17.760576	-5.944822	23.575918	12645.003906	33487.593750	12493.540039	54417.652344
2009	01	7.196964	-12.702391	37.329029	34.454712	-0.000013	-0.000011	17.429674	-10.584808	10.882897	19328.958984	33487.652344	12491.460938	54416.402344
2009	01	4.220373	-14.964139	36.150703	36.252190	-0.000014	-0.000012	16.966188	-1.791939	15.140526	11334.697266	33487.703125	12489.392578	54415.179688
2009	01	7.712796	-12.255050	36.842194	33.450462	-0.000012	-0.000011	16.874348	-7.305203	10.977875	20714.332031	33487.757812	12487.326172	54413.964844
2009	01	12.297867	-9.235454	38.443012	30.465427	-0.000011	-0.000010	16.909689	-11.000527	7.811698	33028.507812	33487.808594	12485.309570	54412.800781
2009	01	4.983947	-14.315310	36.301094	35.636642	-0.000013	-0.000012	17.001839	-5.507507	16.123772	13385.436523	33487.859375	12483.330078	54411.667969
2009	01	7.419587	-11.695827	35.905949	32.805069	-0.000012	-0.000011	16.790533	3.297307	3.883967	19926.859375	33487.914062	12481.278320	54410.460938
2009	01	9.563670	-11.285678	37.516243	32.270496	-0.000012	-0.000010	16.666897	-2.543201	2.566558	25685.246094	33487.964844	12479.260742	54409.296875
2009	01	5.191975	-13.746281	35.687260	34.812424	-0.000013	-0.000011	16.749006	3.371644	-0.429342	13944.140625	33488.015625	12477.250000	54408.136719
2009	01	5.001469	-13.639078	35.489040	34.803921	-0.000013	-0.000011	16.848495	2.647405	-1.311286	13432.494141	33488.066406	12475.202148	54406.937500
2009	01	5.857748	-12.536519	35.316757	33.774570	-0.000013	-0.000011	16.922491	6.415215	3.797024	15732.213867	33488.117188	12473.161133	54405.738281
2009	01	5.943597	-12.446888	35.367153	33.738335	-0.000013	-0.000011	16.976665	-1.000176	1.563281	15962.779297	33488.167969	12471.126953	54404.542969
2009	01	11.576079	-8.876751	37.492764	30.230682	-0.000011	-0.000010	17.039930	-20.126146	-1.388067	31089.996094	33488.214844	12469.128906	54403.378906
2009	01	0.986055	-18.923891	37.459602	40.786728	-0.000015	-0.000014	17.549654	56.091454	-10.056284	2648.259277	33488.269531	12467.185547	54402.261719
2009	01	2.447843	-14.945238	35.247456	37.111973	-0.000014	-0.000012	17.854372	39.315327	-0.557396	6574.197754	33488.320312	12465.158203	54401.042969
2009	01	2.036627	-14.982576	34.993599	37.268528	-0.000014	-0.000012	17.974398	43.195225	-1.178601	5469.790039	33488.375000	12463.133789	54399.820312
2009	01	1.790378	-14.771075	34.047138	36.567509	-0.000014	-0.000012	17.485683	42.522789	-2.309085	4808.436523	33488.425781	12461.110352	54398.605469
2009	01	5.743605	-12.060332	34.966305	33.532658	-0.000013	-0.000011	17.162371	25.098845	-3.810928	15425.658203	33488.476562	12459.093750	54397.406250
2009	01	6.946053	-13.820127	37.820992	35.184097	-0.000013	-0.000012	17.054813	20.196026	2.687996	18655.082031	33488.527344	12457.095703	54396.230469
2009	01	5.104134	-13.100898	35.327232	34.531464	-0.000013	-0.000011	17.122202	29.535524	1.953594	13708.223633	33488.578125	12455.100586	54395.058594
2009	01	4.135603	-13.293504	34.623508	34.795483	-0.000013	-0.000011	17.194399	28.258678	1.124027	11107.031250	33488.625000	12453.090820	54393.867188
2009	01	8.605813	-10.382687	36.220879	31.921860	-0.000012	-0.000010	17.232380	18.755541	4.946941	23112.716797	33488.675781	12451.099609	54392.695312
2009	01	5.383873	-12.400839	35.053898	33.976040	-0.000013	-0.000011	17.269184	18.542673	2.812994	14459.524414	33488.722656	12449.134766	54391.542969
2009	01	4.388946	-15.034483	36.748283	36.664558	-0.000014	-0.000012	17.324852	33.507156	-0.749613	11787.436523	33488.773438	12447.138672	54390.355469
2009	01	3.644568	-13.320093	34.373661	35.033516	-0.000013	-0.000011	17.409000	33.389999	0.297354	9788.252930	33488.820312	12445.147461	54389.171875
2009	01	3.099350	-13.655960	34.132896	35.337177	-0.000013	-0.000012	17.377586	36.411659	2.220488	8323.956055	33488.871094	12443.156250	54387.984375
2009	01	4.276009	-12.342132	33.628838	33.655666	-0.000013	-0.000011	17.010696	45.535545	2.794864	11484.119141	33488.917969	12441.167969	54386.804688
2009	01	6.857492	-10.481732	34.004108	31.448675	-0.000012	-0.000010	16.664883	42.956539	4.454305	18417.236328	33488.964844	12439.191406	54385.648438
2009	01	5.425415	-12.761736	34.718182	33.594044	-0.000013	-0.000011	16.531029	34.332569	-0.126193	14571.092773	33489.007812	12437.232422	54384.515625
2009	01	8.185216	-9.487506	34.185478	30.300766	-0.000011	-0.000010	16.512756	38.459705	3.152622	21983.117188	33489.054688	12435.269531	54383.382812
2009	02	6.919055	-9.431640	31.266262	28.230835	-0.000012	-0.000010	14.915566	33.712376	4.961267	20573.568359	33489.101562	12433.339844	54382.277344
2009	02	11.078073	-6.477413	32.466518	25.271378	-0.000010	-0.000009	14.911032	17.050152	4.156123	32940.257812	33489.144531	12431.427734	54381.191406
2009	02	10.941245	-8.117679	34.034412	26.975388	-0.000011	-0.000010	14.975491	13.675392	4.564272	32533.404297	33489.191406	12429.611328	54380.195312
2009	02	7.954899	-9.488911	32.476208	28.402824	-0.000012	-0.000010	15.032396	25.640232	7.641577	23653.613281	33489.234375	12427.739258	54379.144531
2009	02	3.208173	-12.496647	30.748930	31.421562	-0.000013	-0.000011	15.044111	52.897629	-0.024076	9539.389648	33489.281250	12425.811523	54378.031250
2009	02	6.527890	-9.357458	30.913296	28.265497	-0.000012	-0.000010	15.027947	39.811131	-0.346607	19410.451172	33489.324219	12423.868164	54376.902344
2009	02	7.888054	-8.383219	31.274591	27.265930	-0.000011	-0.000010	15.003318	33.527725	1.559489	23454.851562	33489.367188	12421.959961	54375.808594
2009	02	16.625820	-2.359487	33.981258	21.234133	-0.000009	-0.000007	14.995952	20.171629	-1.613259	49436.292969	33489.414062	12420.142578	54374.804688
2009	02	12.930316	-7.961814	36.190319	27.137976	-0.000011	-0.000010	15.298189	12.195092	-4.580539	38447.839844	33489.457031	12418.473633	54373.945312
2009	02	6.588091	-9.837341	32.541695	29.830868	-0.000012	-0.000011	16.116264	51.861107	8.162337	19589.455078	33489.503906	12416.644531	54372.898438
2009	02	10.678797	-6.510026	33.616455	26.814222	-0.000011	-0.000009	16.427631	52.968155	6.815661	31753.025391	33489.550781	12414.752930	54371.769531
2009	02	27.535353	4.479674	39.610783	15.951287	-0.000007	-0.000005	16.555099	6.222293	-10.143386	81875.398438	33489.601562	12413.066406	54370.839844
2009	02	14.213591	-7.424721	38.966244	28.627802	-0.000012	-0.000010	17.327932	-13.351935	-7.604878	42263.613281	33489.652344	12411.553711	54370.066406
2009	02	6.880612	-11.533745	37.447376	34.441189	-0.000014	-0.000013	19.033022	38.645641	2.405143	20459.257812	33489.726562	12409.754883	54368.957031
2009	02	11.855465	-6.401023	38.289883	30.308138	-0.000013	-0.000011	20.033394	38.891468	9.725319	35251.808594	33489.820312	12407.876953	54367.722656
2009	02	14.531611	-4.479362	37.796539	27.137951	-0.000011	-0.000010	18.785566	25.559353	9.970150	43209.234375	33489.937500	12406.102539	54366.582031
2009	02	14.855122	-4.230637	37.376968	26.394173	-0.000011	-0.000009	18.291212	46.869392	10.180332	44171.175781	33490.066406	12404.386719	54365.554688
2009	02	19.276905	-0.720880	38.736771	23.331488	-0.000010	-0.000008	18.738985	38.063057	12.403505	57319.203125	33490.210938	12402.712891	54364.550781
2009	02	24.141232	2.771660	39.440189	19.169886	-0.000008	-0.000006	18.070620	29.200554	4.210938	71783.101562	33490.363281	12401.170898	54363.683594
2009	02	23.326340	0.719090	39.337006	19.880882	-0.000008	-0.000007	16.729755	-49.054771	-6.981169	69360.046875	33490.515625	12399.715820	54362.949219
2009	02	21.225420	-1.256088	40.474426	23.118505	-0.000010	-0.000008	17.992920	32.633678	20.353043	63113.039062	33490.675781	12398.228516	54362.175781
2009	02	13.192210	-5.465108	37.217976	27.894558	-0.000012	-0.000010	18.560654	67.402618	17.038637	39226.574219	33490.859375	12396.633789	54361.253906
2009	02	30.212198	7.473825	40.093819	13.749714	-0.000006	-0.000004	17.355444	-14.355028	-15.910634	89834.914062	33491.000000	12395.032227	54360.367188
2009	02	18.715534	-3.272723	45.837933	30.989777	-0.000013	-0.000011	23.849676	10.730539	26.144287	55649.984375	33491.105469	12393.676758	54359.578125
2009	02	12.493405	-6.097670	42.731804	34.105068	-0.000014	-0.000012	24.140726	78.681755	15.126313	37148.703125	33491.195312	12392.041992	54358.417969
2009	02	24.214170	3.758184	44.822731	24.474533	-0.000010	-0.000009	24.366743	66.415520	4.405601	71999.984375	33491.281250	12390.393555	54357.230469
2009	02	31.597301	8.855772	47.339291	19.607265	-0.000008	-0.000007	24.597761	-0.014529	-11.680403	93953.468750	33491.363281	12389.037109	54356.324219
2009	02	30.071697	6.040281	49.156330	22.949203	-0.000009	-0.000008	25.124914	-67.901520	-30.895765	89417.140625	33491.441406	12387.802734	54355.527344
2009	03	19.360861	-3.676953	51.897976	36.814957	-0.000014	-0.000012	28.860165	56.706772	32.524605	51997.652344	33491.523438	12386.439453	54354.574219
2009	03	21.401892	0.247331	48.780628	31.655798	-0.000012	-0.000010	27.626064	51.535538	15.493616	57479.277344	33491.601562	12384.854492	54353.390625
2009	03	15.777837	-4.426763	44.449398	32.947853	-0.000012	-0.000011	24.244801	13.706747	18.353409	42374.695312	33491.671875	12383.283203	54352.312500
2009	03	9.166052	-8.876850	41.619514	36.728977	-0.000014	-0.000012	23.576611	76.817551	13.379472	24617.355469	33491.730469	12381.577148	54351.160156
2009	03	9.336630	-7.864837	40.396946	35.335068	-0.000013	-0.000012	23.195478	81.953735	7.136328	25075.480469	33491.789062	12379.766602	54349.914062
2009	03	16.491959	-2.650507	41.772713	29.554741	-0.000011	-0.000009	22.630247	53.469208	8.524231	44292.621094	33491.843750	12378.018555	54348.746094
2009	03	22.739054	1.059928	43.980076	25.514238	-0.000010	-0.000008	22.300949	-25.575075	-2.382937	61070.511719	33491.902344	12376.431641	54347.753906
2009	03	41.389462	13.638924	51.908360	14.791328	-0.000006	-0.000004	24.157818	12.243833	9.668872	111160.109375	33491.964844	12375.088867	54346.984375
2009	03	36.621567	10.418287	51.816830	19.466913	-0.000007	-0.000006	25.613546	35.699100	16.286221	98354.914062	33492.031250	12374.017578	54346.421875
2009	03	30.432961	6.808652	49.915890	23.753809	-0.000009	-0.000007	26.291580	57.075226	25.705893	81734.101562	33492.105469	12372.803711	54345.679688
2009	03	41.199997	15.427634	51.039463	14.109584	-0.000005	-0.000004	25.267105	37.211731	4.493461	110651.242188	33492.179688	12371.594727	54344.949219
2009	03	16.980507	-5.261995	47.437546	34.726372	-0.000013	-0.000011	25.195044	-42.607018	0.594983	45604.718750	33492.250000	12370.375977	54344.234375
2009	03	14.440611	-5.507967	46.047024	35.874962	-0.000013	-0.000012	26.098448	89.095879	30.887512	38783.296875	33492.320312	12368.740234	54343.078125
2009	03	24.920385	4.071401	42.734940	22.082342	-0.000008	-0.000007	21.885956	75.742462	30.857687	66928.937500	33492.382812	12367.133789	54342.007812
2009	03	36.481262	12.317659	44.526913	12.312675	-0.000005	-0.000003	20.363312	18.548214	25.620972	97978.085938	33492.433594	12365.820312	54341.328125
2009	03	41.942039	15.787527	47.178062	9.502275	-0.000004	-0.000002	21.023552	25.000046	21.159542	112644.156250	33492.488281	12364.753906	54340.906250
2009	03	28.101408	6.280514	42.011631	18.175705	-0.000007	-0.000005	20.190737	92.884811	37.905544	75472.234375	33492.542969	12363.654297	54340.437500
2009	03	36.700550	13.164168	42.183167	9.747337	-0.000004	-0.000002	18.646784	25.935186	20.654865	98567.046875	33492.593750	12362.406250	54339.878906
2009	03	48.944809	20.970819	47.315220	2.634357	-0.000001	0.000001	19.341227	-69.817131	-33.066505	131451.578125	33492.648438	12361.405273	54339.578125
2009	03	44.198380	16.915174	48.496601	8.561393	-0.000003	-0.000002	21.213400	39.901062	47.729614	118704.031250	33492.707031	12360.584961	54339.406250
2009	03	26.946623	5.672968	40.045368	17.361141	-0.000006	-0.000005	18.771711	101.066818	89.904358	72370.820312	33492.769531	12359.517578	54338.984375
2009	03	33.653122	11.428889	38.101494	8.710016	-0.000003	-0.000002	15.877262	91.194199	57.276184	90382.523438	33492.820312	12358.214844	54338.433594
2009	03	34.057404	11.160526	38.087872	8.291352	-0.000003	-0.000002	15.190992	55.690773	64.447365	91468.312500	33492.863281	12357.071289	54338.097656
2009	03	24.598711	4.777089	34.077930	13.739350	-0.000005	-0.000004	14.256307	93.065651	85.398628	66065.007812	33492.910156	12355.817383	54337.667969
2009	03	30.532509	9.356590	34.772678	8.499548	-0.000003	-0.000002	13.596759	51.221703	75.401932	82001.476562	33492.957031	12354.468750	54337.175781
2009	03	39.150990	15.673584	37.057312	2.164947	-0.000001	0.000001	13.579907	45.588226	52.780273	105148.210938	33493.007812	12353.308594	54336.875000
2009	03	47.514542	21.977062	39.306229	-3.950444	0.000001	0.000003	13.768750	6.403289	20.357088	127610.289062	33493.062500	12352.352539	54336.777344
2009	03	64.022247	34.018295	44.997753	-14.767384	0.000006	0.000007	14.993805	-8.337290	-2.920373	171945.203125	33493.117188	12351.666992	54336.933594
2009	03	71.579048	39.192478	49.970055	-17.352655	0.000006	0.000008	17.583483	-10.329278	24.352253	192240.562500	33493.183594	12351.327148	54337.363281
2009	03	65.860748	34.887333	50.707458	-10.897719	0.000004	0.000006	19.734041	-34.408524	15.317774	176882.875000	33493.265625	12351.104492	54337.835938
2009	03	35.914558	10.847258	50.012745	18.352978	-0.000007	-0.000005	24.945446	-75.899101	11.341051	96456.093750	33493.367188	12350.475586	54337.781250
2009	04	79.271919	45.433334	60.274616	-14.880516	0.000006	0.000007	26.436028	35.819046	36.207962	219998.109375	33493.488281	12349.749023	54337.515625
2009	04	71.314880	38.888977	64.425827	-2.773010	0.000001	0.000003	31.999924	25.298004	17.667057	197915.468750	33493.628906	12349.740234	54337.824219
2009	04	89.682365	51.334862	79.689301	-5.877785	0.000002	0.000004	41.341797	2.442114	36.101185	248889.546875	33493.812500	12349.696289	54337.835938
2009	04	92.502693	53.459934	74.823006	-13.565161	0.000005	0.000007	35.780251	-3.731222	23.368429	256716.609375	33494.011719	12350.084961	54338.238281
2009	04	71.888649	33.791157	79.287880	11.512974	-0.000004	-0.000003	41.190392	-55.608536	18.911547	199507.812500	33494.199219	12350.171875	54338.355469
2009	04	88.288940	49.262234	86.292229	2.116263	-0.000001	0.000001	47.265530	36.961094	52.157219	245022.453125	33494.414062	12350.174805	54338.207031
2009	04	94.140083	55.376560	89.906158	-0.121715	0.000000	0.000002	51.142635	50.758488	30.088224	261260.765625	33494.644531	12350.496094	54338.136719
2009	04	97.879768	54.850803	99.332077	5.563741	-0.000002	-0.000001	56.303104	-21.218731	38.011189	271639.250000	33494.863281	12350.875000	54338.031250
2009	04	73.085030	37.059074	90.235100	21.260736	-0.000008	-0.000007	54.209145	29.334232	47.652985	202828.046875	33495.085938	12351.179688	54337.753906
2009	04	88.152954	50.080799	88.119606	4.076570	-0.000002	0.000000	50.047462	71.975723	46.359016	244645.046875	33495.269531	12351.139648	54337.300781
2009	04	101.367195	60.173645	89.977371	-7.280680	0.000003	0.000004	48.783813	79.285583	49.819622	281317.687500	33495.429688	12351.495117	54337.312500
2009	04	88.964455	50.555733	87.800400	2.944338	-0.000001	0.000000	49.391674	49.386589	24.771713	246897.171875	33495.582031	12351.993164	54337.457031
2009	04	75.161339	40.026680	82.412827	11.359132	-0.000004	-0.000003	47.278175	90.637337	47.786594	208590.281250	33495.722656	12352.147461	54337.292969
2009	04	82.096443	46.229778	78.959770	0.970225	-0.000000	0.000001	43.093105	88.091484	80.990646	227836.828125	33495.843750	12352.089844	54337.039062
2009	04	104.926003	63.609993	86.612953	-14.206900	0.000005	0.000007	45.296936	104.111046	39.615593	291194.187500	33495.957031	12352.365234	54337.144531
2009	04	102.530411	61.061161	88.268051	-10.156948	0.000004	0.000006	46.798798	110.052582	42.159515	284545.875000	33496.078125	12353.011719	54337.542969
2009	04	99.955887	59.789024	84.340981	-11.510236	0.000004	0.000006	44.174114	109.719894	42.930550	277400.968750	33496.191406	12353.554688	54337.875000
2009	04	129.986740	82.901978	92.967957	-32.914856	0.000013	0.000014	45.883186	53.005707	42.046509	360743.625000	33496.300781	12354.333984	54338.453125
2009	04	107.911491	64.307091	91.558815	-12.249499	0.000005	0.000006	47.954407	84.414848	35.079803	299479.625000	33496.414062	12355.475586	54339.304688
2009	04	106.261230	63.822445	88.747337	-13.411457	0.000005	0.000007	46.308556	123.120850	38.116219	294899.750000	33496.527344	12356.176758	54339.742188
2009	04	109.536392	66.764458	87.434586	-18.000111	0.000007	0.000009	44.662651	111.270622	41.400230	303989.093750	33496.628906	12356.902344	54340.257812
2009	04	74.203949	37.639984	82.481239	12.378237	-0.000005	-0.000003	45.917278	-17.469021	39.089260	205933.312500	33496.730469	12357.352539	54340.492188
2009	04	160.364792	101.173576	115.971260	-40.293362	0.000016	0.000017	56.780056	31.349596	60.941975	445049.781250	33496.843750	12357.941406	54340.656250
2009	04	115.406311	67.579811	102.698700	-8.608219	0.000003	0.000005	54.872204	38.919193	54.580956	320279.500000	33496.968750	12359.578125	54341.710938
2009	04	143.676025	89.579689	106.888016	-32.689369	0.000013	0.000014	52.791691	80.051003	66.119339	398734.531250	33497.070312	12360.670898	54342.339844
2009	04	187.392639	123.107765	119.271652	-64.023117	0.000025	0.000026	54.986782	77.553368	65.206947	520058.375000	33497.175781	12362.656250	54343.828125
2009	04	170.646957	106.315277	122.177528	-44.372341	0.000017	0.000019	57.845863	65.342514	58.449539	473585.187500	33497.285156	12365.272461	54345.851562
2009	04	141.187241	87.922432	106.938416	-30.152515	0.000012	0.000013	53.673607	26.053196	30.635382	391827.625000	33497.382812	12367.325195	54347.343750
2009	04	190.722122	121.478241	128.924454	-57.702148	0.000022	0.000024	59.680561	-4.459898	72.539764	529298.500000	33497.476562	12369.221680	54348.675781
2009	04	116.720390	69.202408	101.691307	-10.934314	0.000004	0.000006	54.173332	126.222153	60.257515	323926.343750	33497.578125	12371.322266	54350.148438
2009	05	144.872421	90.440651	107.842094	-32.799816	0.000012	0.000014	53.410332	111.875183	54.316753	389085.312500	33497.652344	12372.433594	54350.839844
2009	05	103.440559	53.181583	109.557053	10.346211	-0.000004	-0.000002	59.298069	-49.393883	56.652363	277811.375000	33497.734375	12373.307617	54351.210938
2009	05	171.366165	108.334503	124.836479	-42.300755	0.000016	0.000017	61.804817	63.692299	66.223854	460239.875000	33497.828125	12374.378906	54351.589844
2009	05	169.310959	108.557838	118.582550	-46.500248	0.000017	0.000019	57.829422	105.430496	63.134430	454720.156250	33497.906250	12376.465820	54353.078125
2009	05	176.565506	113.907578	120.104935	-52.233192	0.000020	0.000021	57.446983	89.610878	57.203918	474203.812500	33497.976562	12378.608398	54354.667969
2009	05	188.394760	123.264381	121.708923	-62.459202	0.000023	0.000025	56.578541	104.040138	60.531219	505973.718750	33498.042969	12380.926758	54356.468750
2009	05	177.043427	115.105942	115.450768	-57.366795	0.000021	0.000023	53.513268	51.725101	40.896824	475487.375000	33498.082031	12383.375977	54358.433594
2009	05	69.549873	26.274845	99.824821	34.500046	-0.000013	-0.000011	56.549793	-13.242579	18.350655	186790.796875	33498.089844	12384.662109	54359.261719
2009	05	224.406342	147.204468	140.685379	-79.496651	0.000030	0.000031	63.483513	24.364241	84.103905	602690.437500	33498.144531	12385.444336	54359.417969
2009	05	214.964447	139.431702	138.845474	-71.895454	0.000027	0.000028	63.312744	45.028885	59.951496	577332.125000	33498.128906	12388.751953	54361.980469
2009	05	200.823898	128.202896	137.801743	-58.799450	0.000022	0.000024	65.180733	53.630039	111.009453	539354.812500	33498.097656	12391.742188	54364.187500
2009	05	188.891296	122.385658	125.936203	-58.733170	0.000022	0.000024	59.430565	89.966324	60.788139	507307.281250	33498.066406	12394.506836	54366.281250
2009	05	189.958862	123.444382	123.984238	-61.753452	0.000023	0.000025	57.469765	115.395149	61.762077	510174.437500	33498.035156	12397.041016	54368.265625
2009	05	199.398727	130.281967	125.601791	-69.576538	0.000026	0.000028	56.485016	109.204971	69.210495	535527.187500	33497.996094	12399.585938	54370.296875
2009	05	181.525543	116.660545	119.989143	-57.316753	0.000021	0.000023	55.124153	96.720863	70.692375	487524.968750	33497.953125	12402.251953	54372.464844
2009	05	203.461929	130.021362	131.868118	-67.374939	0.000025	0.000027	58.427570	77.351624	88.366455	546439.750000	33497.917969	12404.718750	54374.437500
2009	05	199.413116	131.190155	123.133537	-72.061501	0.000027	0.000028	54.910561	64.909737	63.477791	535565.875000	33497.871094	12407.537109	54376.750000
2009	05	192.506165	122.325958	130.174271	-58.114605	0.000022	0.000023	59.994061	44.744118	85.468941	517015.750000	33497.828125	12410.209961	54378.894531
2009	05	183.269089	118.364151	121.486488	-57.566067	0.000021	0.000023	56.581554	133.206406	59.835911	492207.625000	33497.792969	12412.734375	54380.871094
2009	05	199.165680	130.204697	123.888191	-71.061707	0.000027	0.000028	54.927204	118.635757	70.267899	534901.312500	33497.753906	12415.192383	54382.867188
2009	05	178.621948	110.997452	124.335617	-50.071339	0.000019	0.000020	56.711109	106.068428	59.341904	479726.843750	33497.714844	12417.740234	54384.937500
2009	05	221.896240	138.089798	144.475815	-73.206200	0.000027	0.000029	60.669380	36.471970	108.589218	595948.937500	33497.679688	12420.230469	54386.890625
2009	05	234.794083	148.432861	147.903366	-82.677315	0.000031	0.000032	61.542152	41.060196	84.211220	630588.875000	33497.621094	12423.521484	54389.500000
2009	05	197.807373	124.627274	130.903595	-62.691170	0.000023	0.000025	57.723495	122.164497	61.640842	531253.250000	33497.558594	12426.676758	54392.085938
2009	05	235.777863	155.801163	136.595413	-94.970604	0.000035	0.000037	56.618717	99.016563	82.327362	633231.000000	33497.500000	12429.637695	54394.550781
2009	05	213.600464	139.698624	129.123749	-80.265648	0.000030	0.000032	55.221905	131.741165	63.930172	573668.937500	33497.421875	12433.109375	54397.546875
2009	05	174.623184	108.047081	120.697060	-49.715805	0.000019	0.000020	54.120960	128.985489	51.949398	468987.281250	33497.363281	12435.769531	54399.812500
2009	05	116.717812	64.461601	105.888206	-6.620047	0.000002	0.000004	53.632000	10.798728	43.550396	313470.187500	33497.351562	12437.448242	54401.078125
2009	05	222.903793	149.032379	125.947495	-92.747505	0.000035	0.000036	52.076065	71.285553	56.793736	598655.000000	33497.351562	12438.890625	54402.171875
2009	05	163.394165	100.248222	121.147087	-38.039051	0.000014	0.000016	58.001141	13.005162	41.517788	438829.343750	33497.304688	12441.541016	54404.398438
2009	05	239.368973	157.778809	142.004761	-93.156967	0.000035	0.000036	60.414600	41.110840	64.140785	642875.687500	33497.269531	12444.111328	54406.375000
2009	06	218.333450	147.610626	124.839462	-89.423172	0.000034	0.000036	54.116631	51.961693	60.438255	605926.375000	33497.187500	12447.738281	54409.476562
2009	06	206.520477	136.763962	122.659027	-79.791351	0.000031	0.000032	52.902508	129.533600	72.681038	573142.625000	33497.105469	12450.958984	54412.273438
2009	06	224.480331	149.033508	128.950806	-91.460152	0.000035	0.000037	53.503990	127.944710	75.209572	622985.437500	33497.027344	12454.178711	54415.074219
2009	06	238.934982	161.111542	130.353165	-104.513145	0.000040	0.000042	52.529747	85.338409	73.930229	663100.437500	33496.937500	12457.819336	54418.308594
2009	06	237.508163	158.255966	132.629227	-100.810989	0.000039	0.000040	53.377033	122.260132	72.680428	659140.687500	33496.843750	12461.578125	54421.660156
2009	06	261.243317	178.066742	135.732315	-121.443764	0.000047	0.000048	52.555752	104.418663	75.363113	725011.312500	33496.742188	12465.557617	54425.222656
2009	06	238.464264	156.948715	135.477493	-98.920273	0.000038	0.000040	53.961941	111.412613	79.012978	661794.125000	33496.632812	12469.812500	54429.085938
2009	06	228.116196	147.192337	135.909897	-88.140533	0.000034	0.000036	54.986038	89.582092	70.383850	633075.812500	33496.554688	12473.341797	54432.132812
2009	06	240.490814	159.189056	134.382706	-102.043068	0.000039	0.000041	53.080940	129.286438	69.956314	667418.250000	33496.468750	12477.000000	54435.371094
2009	06	199.978012	127.886520	124.880508	-71.033211	0.000027	0.000029	52.788998	19.754280	44.036465	554985.812500	33496.382812	12480.545898	54438.515625
2009	06	168.387115	101.730713	122.643089	-41.680458	0.000016	0.000018	55.986687	9.776159	40.334564	467313.625000	33496.335938	12482.979492	54440.507812
2009	06	145.089188	80.832306	124.513641	-16.512716	0.000006	0.000008	60.256763	-6.161646	26.295937	402656.406250	33496.328125	12484.695312	54441.687500
2009	06	222.937744	140.248688	154.283646	-64.592049	0.000025	0.000026	71.594574	5.195584	48.331959	618704.375000	33496.335938	12486.424805	54442.539062
2009	06	270.729767	177.434814	163.094131	-103.574341	0.000040	0.000042	69.799164	61.795166	108.316605	751338.437500	33496.257812	12490.319336	54445.457031
2009	06	249.562653	160.936310	156.781006	-88.721069	0.000034	0.000036	68.154655	90.273529	98.176300	692594.750000	33496.148438	12494.623047	54448.855469
2009	06	272.292084	180.176193	157.688766	-110.543488	0.000043	0.000044	65.572861	81.395523	95.645027	755674.187500	33496.042969	12498.714844	54452.078125
2009	06	260.505890	171.176025	152.985641	-103.461174	0.000040	0.000041	63.655769	80.130821	77.606491	722964.812500	33495.925781	12503.076172	54455.667969
2009	06	289.861481	192.944427	160.778564	-125.024567	0.000048	0.000050	63.861530	97.466919	103.983475	804433.375000	33495.796875	12507.749023	54459.617188
2009	06	291.255157	195.568863	158.483978	-128.713547	0.000050	0.000051	62.797699	79.693680	77.390556	808301.125000	33495.652344	12512.810547	54463.949219
2009	06	240.819244	156.106186	147.069229	-89.693153	0.000035	0.000036	62.356174	44.995026	52.771015	668329.750000	33495.523438	12517.543945	54467.972656
2009	06	195.171585	117.201660	142.822998	-48.292473	0.000019	0.000020	64.853073	16.766771	44.879414	541646.812500	33495.445312	12520.561523	54470.277344
2009	06	163.544250	89.226929	141.903412	-17.585489	0.000007	0.000008	67.586098	-13.108252	35.083961	453873.531250	33495.410156	12522.852539	54471.750000
2009	06	166.811859	96.904640	136.604416	-26.152855	0.000010	0.000012	66.697189	7.360287	68.530205	462941.937500	33495.398438	12524.719727	54472.789062
2009	06	220.228668	138.062881	151.980347	-64.194458	0.000025	0.000026	69.814575	7.279110	52.967495	611186.000000	33495.359375	12526.790039	54473.949219
2009	06	294.893097	194.353958	170.599670	-120.240334	0.000046	0.000048	70.060509	75.528473	105.466301	818397.375000	33495.261719	12530.659180	54476.910156
2009	06	279.389435	177.972946	176.234314	-99.102745	0.000038	0.000040	74.817856	61.520748	89.612053	775371.000000	33495.113281	12535.639648	54480.886719
2009	06	264.950745	165.075317	182.789688	-78.109489	0.000030	0.000032	82.914238	0.984533	67.045334	735300.375000	33495.000000	12539.889648	54483.886719
2009	06	293.971527	189.563828	186.660599	-103.260132	0.000040	0.000041	82.252884	52.452396	74.459602	815839.750000	33494.878906	12544.410156	54487.058594
2009	06	277.569061	174.443207	185.219437	-88.299576	0.000034	0.000036	82.093575	69.935249	114.533676	770319.000000	33494.738281	12549.158203	54490.457031
2009	06	296.840820	191.042267	185.484711	-107.306839	0.000041	0.000043	79.686150	72.244026	87.937431	823802.750000	33494.597656	12553.832031	54493.855469
2009	07	300.320190	193.992310	187.177368	-108.959343	0.000041	0.000042	80.849495	69.301483	83.999298	806573.000000	33494.441406	12558.766602	54497.570312
2009	07	302.454651	195.819626	185.457718	-112.814240	0.000042	0.000044	78.822693	79.369301	100.916397	812305.500000	33494.281250	12563.614258	54501.250000
2009	07	284.260895	181.478607	179.393204	-100.685745	0.000038	0.000039	76.610947	63.784306	88.590370	763442.312500	33494.125000	12568.306641	54504.867188
2009	07	265.477814	167.830536	173.452209	-87.844452	0.000033	0.000034	75.804924	30.648798	52.705173	712996.500000	33493.988281	12572.583984	54508.121094
2009	07	281.483917	178.108856	179.967438	-97.336105	0.000036	0.000038	76.592361	60.309593	106.661217	755984.250000	33493.855469	12576.629883	54511.109375
2009	07	281.132965	180.876511	172.215027	-104.738327	0.000039	0.000041	71.958565	86.016525	105.306870	755041.687500	33493.707031	12581.102539	54514.625000
2009	07	281.407715	181.232025	171.105988	-106.122841	0.000040	0.000041	70.930313	75.198387	93.305885	755779.500000	33493.558594	12585.473633	54518.136719
2009	07	222.404221	137.193405	154.035904	-64.190186	0.000024	0.000026	68.825081	49.447952	58.306076	597313.312500	33493.433594	12589.109375	54520.933594
2009	07	250.074783	159.449509	157.660904	-88.236488	0.000033	0.000035	67.035629	60.721882	62.298542	671628.375000	33493.332031	12592.332031	54523.402344
2009	07	274.724304	177.328445	164.613464	-105.934204	0.000040	0.000041	67.217583	56.111832	80.372047	737829.875000	33493.203125	12596.070312	54526.417969
2009	07	294.423309	190.012939	172.964157	-117.283226	0.000044	0.000045	68.553802	93.784660	109.151070	790735.625000	33493.058594	12600.507812	54530.109375
2009	07	274.425049	175.029877	165.633972	-104.615913	0.000039	0.000041	66.238815	81.586365	100.088333	737026.062500	33492.906250	12605.008789	54533.859375
2009	07	282.340363	178.267212	171.949753	-106.216194	0.000040	0.000041	67.876610	43.746250	98.472427	758284.375000	33492.769531	12609.151367	54537.292969
2009	07	264.823547	168.637680	161.841614	-98.808281	0.000037	0.000038	65.655762	67.431847	80.393829	711239.312500	33492.625000	12613.429688	54540.859375
2009	07	248.726944	155.883347	156.403824	-88.150215	0.000033	0.000034	63.560211	73.785126	77.337372	668008.500000	33492.500000	12617.180664	54543.976562
2009	07	269.974792	171.261948	161.664200	-104.138435	0.000039	0.000040	62.951370	105.913445	88.487877	725074.000000	33492.382812	12620.775391	54546.980469
2009	07	283.678558	184.898788	159.715714	-119.791435	0.000045	0.000046	60.935940	84.741180	77.585564	761878.375000	33492.246094	12624.983398	54550.652344
2009	07	278.448303	171.442444	177.944336	-96.333344	0.000036	0.000038	70.938499	21.742376	84.122101	747831.437500	33492.105469	12629.301758	54554.308594
2009	07	233.024292	134.712509	178.045502	-50.808968	0.000019	0.000021	79.733719	6.789399	68.750397	625835.687500	33491.996094	12632.922852	54556.953125
2009	07	281.046051	175.788742	181.511307	-95.365692	0.000036	0.000037	76.254013	76.775528	117.440193	754808.187500	33491.898438	12636.499023	54559.437500
2009	07	273.995392	170.036652	178.020660	-91.806458	0.000034	0.000036	74.061928	57.090500	102.638817	735872.187500	33491.757812	12640.716797	54562.710938
2009	07	265.561859	164.210205	175.398636	-85.995728	0.000032	0.000034	74.046974	36.647385	70.964912	713222.187500	33491.628906	12644.564453	54565.625000
2009	07	275.868225	169.759262	182.016998	-89.684509	0.000033	0.000035	75.908012	65.191284	83.915016	740902.125000	33491.496094	12648.581055	54568.722656
2009	07	277.090118	168.198837	186.487396	-86.436768	0.000032	0.000034	77.596115	70.953712	96.046829	744183.687500	33491.363281	12652.612305	54571.714844
2009	07	224.546463	128.117630	172.437912	-47.943378	0.000018	0.000019	76.009071	35.614838	64.971893	603066.750000	33491.246094	12656.092773	54574.179688
2009	07	209.530731	115.748703	176.708221	-28.658134	0.000011	0.000012	82.926178	2.356838	48.566128	562738.812500	33491.167969	12658.581055	54575.601562
2009	07	260.150909	153.685043	191.202133	-64.785172	0.000024	0.000026	84.736282	43.492973	81.830315	698689.937500	33491.085938	12661.455078	54577.242188
2009	07	267.106201	155.685577	199.637222	-63.306168	0.000024	0.000025	88.216614	17.182730	95.567581	717369.875000	33490.964844	12665.125977	54579.585938
2009	07	280.697906	167.675064	199.845688	-76.690201	0.000029	0.000030	86.822853	52.920883	107.942955	753873.187500	33490.835938	12668.934570	54582.035156
2009	07	253.056198	144.618973	193.889359	-55.005623	0.000021	0.000022	85.452141	34.459305	108.063232	679635.625000	33490.699219	12672.828125	54584.644531
2009	07	166.723694	74.035835	177.721832	15.158551	-0.000006	-0.000004	85.033974	-20.366283	50.694180	447771.531250	33490.601562	12675.073242	54585.640625
2009	08	252.235687	144.613052	190.723267	-57.352772	0.000021	0.000023	83.100662	48.635574	105.411797	677431.937500	33490.546875	12677.043945	54586.367188
2009	08	254.313965	146.224182	191.549911	-58.605194	0.000022	0.000023	83.460136	55.438122	121.505127	683013.625000	33490.441406	12680.318359	54588.453125
2009	08	223.427658	125.577072	178.029892	-41.239677	0.000015	0.000017	80.179298	16.618946	61.645939	600061.937500	33490.324219	12683.441406	54590.406250
2009	08	247.845551	140.876984	189.308838	-54.379402	0.000020	0.000022	82.340263	62.130096	110.608452	665641.312500	33490.222656	12686.090820	54591.921875
2009	08	265.222717	159.291809	184.854996	-76.211159	0.000028	0.000030	78.924072	51.941589	78.585754	712311.375000	33490.089844	12689.425781	54594.167969
2009	08	256.127472	149.751495	188.314453	-63.657204	0.000024	0.000025	81.938469	46.413074	102.765106	687884.187500	33489.953125	12692.871094	54596.472656
2009	08	251.440689	151.757126	174.509842	-72.775757	0.000027	0.000029	74.826279	58.343391	84.274025	675296.812500	33489.820312	12696.203125	54598.781250
2009	08	244.774826	148.132736	167.273300	-73.347145	0.000027	0.000029	70.631210	104.412346	92.945923	657394.187500	33489.683594	12699.474609	54601.203125
2009	08	249.601501	151.149277	167.233322	-78.214485	0.000029	0.000031	68.781113	78.103714	91.579308	670357.250000	33489.546875	12702.643555	54603.640625
2009	08	228.983978	131.822845	166.892700	-57.938320	0.000022	0.000023	69.731567	41.046860	74.558685	614984.562500	33489.414062	12705.826172	54606.082031
2009	08	220.179062	119.918098	176.698959	-39.327908	0.000015	0.000016	76.438004	25.445656	62.538151	591337.125000	33489.312500	12708.166992	54607.574219
2009	08	242.471893	137.785446	181.258713	-57.061756	0.000021	0.000023	76.572258	63.671654	100.714928	651209.187500	33489.218750	12710.933594	54609.371094
2009	08	246.035309	140.357147	180.857529	-61.027103	0.000023	0.000024	75.179359	43.689114	69.157852	660779.500000	33489.101562	12713.828125	54611.304688
2009	08	254.662903	146.304657	184.672501	-65.840477	0.000025	0.000026	76.314270	73.449165	93.370659	683950.687500	33488.980469	12716.999023	54613.542969
2009	08	229.051544	123.498108	182.836472	-42.065918	0.000016	0.000017	77.283035	53.680931	101.974174	615166.062500	33488.859375	12720.015625	54615.605469
2009	08	219.667969	117.052010	178.833710	-36.685856	0.000014	0.000015	76.217751	56.087822	103.243355	589964.500000	33488.765625	12722.454102	54617.074219
2009	08	221.853790	115.613693	182.802246	-34.903919	0.000013	0.000015	76.562134	56.978851	101.007942	595835.000000	33488.679688	12724.742188	54618.410156
2009	08	230.946869	122.295738	184.523514	-42.276497	0.000016	0.000017	75.872391	47.608139	86.059212	620256.375000	33488.585938	12727.124023	54619.839844
2009	08	234.896942	123.765541	187.006638	-43.744259	0.000016	0.000018	75.875229	43.248241	82.451874	630865.125000	33488.484375	12729.702148	54621.472656
2009	08	222.869324	114.112144	184.144440	-34.579651	0.000013	0.000014	75.387253	28.687468	84.417595	598562.437500	33488.378906	12732.223633	54623.058594
2009	08	216.594803	113.574928	175.003159	-37.447163	0.000014	0.000016	71.983292	33.635128	77.453606	581710.875000	33488.281250	12734.609375	54624.597656
2009	08	219.063019	109.564346	191.088104	-23.831228	0.000009	0.000010	81.589432	27.920296	65.818527	588339.750000	33488.187500	12736.727539	54625.765625
2009	08	219.736404	109.623268	194.462631	-21.130886	0.000008	0.000009	84.349510	24.219772	79.736328	590148.312500	33488.101562	12738.940430	54626.800781
2009	08	153.128769	60.386837	173.836441	24.849752	-0.000009	-0.000008	81.094513	1.079552	51.766510	411259.500000	33488.019531	12740.573242	54627.281250
2009	08	159.681808	69.922150	167.296097	11.755600	-0.000004	-0.000003	77.536446	7.602141	42.574734	428859.062500	33487.960938	12741.139648	54626.800781
2009	08	222.049561	122.338058	173.689468	-44.219513	0.000017	0.000018	73.977959	49.265953	81.013237	596360.812500	33487.902344	12742.599609	54627.375000
2009	08	220.929337	116.678619	177.432846	-39.356655	0.000015	0.000016	73.182121	44.319958	102.039978	593352.125000	33487.832031	12744.898438	54628.796875
2009	08	166.210449	85.009537	146.534805	-15.536530	0.000006	0.000007	65.333878	98.762764	62.535358	446393.093750	33487.738281	12746.781250	54629.957031
2009	08	171.402756	92.707970	139.185349	-28.078939	0.000010	0.000012	60.490566	99.155266	50.969166	460338.093750	33487.675781	12747.932617	54630.628906
2009	08	124.874062	56.652271	126.946350	6.210089	-0.000002	-0.000001	58.724552	10.724716	36.116810	335375.531250	33487.613281	12748.809570	54631.113281
2009	08	198.347687	108.305138	152.747025	-41.463535	0.000015	0.000017	62.704475	24.558620	59.233200	532704.375000	33487.574219	12749.385742	54631.257812
2009	09	197.009018	109.193298	148.862183	-44.143841	0.000017	0.000019	61.046467	67.709595	65.521088	546746.062500	33487.503906	12751.223633	54632.562500
2009	09	188.472946	103.794434	143.758026	-40.712585	0.000016	0.000017	59.079521	78.573418	62.960789	523056.500000	33487.417969	12753.100586	54633.980469
2009	09	197.927841	107.440674	150.762650	-43.163544	0.000017	0.000018	60.275478	60.099243	75.141678	549296.062500	33487.335938	12754.938477	54635.359375
2009	09	187.728668	98.522522	149.998184	-33.729523	0.000013	0.000015	60.792034	54.647923	75.517174	520990.937500	33487.253906	12756.806641	54636.734375
2009	09	186.148041	97.307556	148.869568	-33.278183	0.000013	0.000014	60.029099	55.489635	67.288612	516604.312500	33487.179688	12758.493164	54637.933594
2009	09	172.560867	92.140144	137.539856	-31.021425	0.000012	0.000014	57.119122	90.624420	50.088432	478896.750000	33487.109375	12760.022461	54639.027344
2009	09	169.262970	91.932175	131.829498	-33.434513	0.000013	0.000014	54.498714	96.927361	45.892513	469744.312500	33487.046875	12761.398438	54640.085938
2009	09	183.661942	102.051491	135.165024	-44.498623	0.000017	0.000019	53.554573	78.593224	55.242741	509704.843750	33486.980469	12762.832031	54641.253906
2009	09	162.777222	80.200462	138.699600	-20.080015	0.000008	0.000009	56.122841	80.783638	52.127193	451744.875000	33486.914062	12764.317383	54642.437500
2009	09	147.274796	76.103989	123.574371	-19.703472	0.000008	0.000009	52.403564	100.980247	37.812038	408721.968750	33486.871094	12765.299805	54643.140625
2009	09	166.120026	92.391953	123.410248	-38.713444	0.000015	0.000016	49.682182	96.547691	42.652290	461021.906250	33486.824219	12766.258789	54643.941406
2009	09	154.670486	79.753754	125.636879	-25.037931	0.000010	0.000011	50.720139	45.269661	41.346313	429246.781250	33486.769531	12767.471680	54645.011719
2009	09	142.658188	65.737740	129.975479	-8.687703	0.000003	0.000005	53.055042	4.299444	33.165092	395909.843750	33486.730469	12768.254883	54645.597656
2009	09	162.907181	81.131233	137.327621	-21.585255	0.000008	0.000010	55.551666	15.568274	48.508579	452105.531250	33486.707031	12769.042969	54646.125000
2009	09	145.989319	69.578140	135.119293	-6.876417	0.000003	0.000004	58.708107	10.104726	53.094112	405154.500000	33486.671875	12769.964844	54646.636719
2009	09	163.556839	84.314468	135.937042	-23.626871	0.000009	0.000011	56.694664	68.875458	48.716137	453908.500000	33486.648438	12770.864258	54647.160156
2009	09	146.530807	75.061546	125.367699	-17.170834	0.000007	0.000008	53.898438	89.196350	38.030369	406657.250000	33486.605469	12771.925781	54647.914062
2009	09	159.893875	87.179993	123.800514	-32.101734	0.000012	0.000014	51.086613	79.657211	41.825054	443742.906250	33486.570312	12772.810547	54648.601562
2009	09	145.909225	75.423698	121.572876	-20.345348	0.000008	0.000009	51.087345	48.471375	37.861469	404932.218750	33486.523438	12773.828125	54649.441406
2009	09	120.203217	57.156841	112.357468	-3.855390	0.000001	0.000003	49.311081	78.937973	34.054485	333592.031250	33486.500000	12774.352539	54649.832031
2009	09	155.484238	82.314964	122.252731	-29.241770	0.000011	0.000013	49.083462	57.224792	44.644257	431505.125000	33486.484375	12774.765625	54650.156250
2009	09	164.194687	85.581505	129.629837	-30.575760	0.000012	0.000013	51.016659	43.942078	47.329300	455678.656250	33486.445312	12775.815430	54651.070312
2009	09	155.645691	76.458237	131.394699	-20.262585	0.000008	0.000009	52.207230	9.509186	44.812588	431953.187500	33486.406250	12776.891602	54651.957031
2009	09	143.841141	59.831844	139.560852	-0.292586	0.000000	0.000002	55.551552	-5.915121	39.198517	399192.781250	33486.382812	12777.767578	54652.582031
2009	09	147.136322	68.034317	134.959305	-8.190050	0.000003	0.000005	55.857296	46.218536	48.250565	408337.718750	33486.371094	12778.351562	54652.820312
2009	09	93.627762	33.212734	112.063652	22.422173	-0.000009	-0.000007	51.648628	56.848774	24.461843	259838.937500	33486.355469	12778.683594	54652.898438
2009	09	121.195030	58.733772	110.283478	-6.925905	0.000003	0.000004	47.822224	64.359650	30.485523	336344.531250	33486.355469	12778.398438	54652.523438
2009	09	120.415489	51.601295	118.897743	2.467227	-0.000001	0.000001	50.083546	15.040195	29.793795	334181.125000	33486.359375	12778.580078	54652.609375
2009	09	148.003738	67.975899	135.971771	-8.047697	0.000003	0.000005	55.943924	14.942891	50.033592	410745.000000	33486.363281	12778.854492	54652.656250
2009	09	126.372101	52.339512	132.954041	10.565485	-0.000004	-0.000003	58.921444	31.945408	51.939102	350712.156250	33486.359375	12779.473633	54652.882812
2009	10	113.884285	45.993496	126.189056	16.420403	-0.000006	-0.000005	58.298267	25.247402	36.123657	305860.187500	33486.355469	12779.597656	54652.617188
2009	10	106.698120	43.856709	117.125458	14.542280	-0.000005	-0.000004	54.284039	67.845573	30.726891	286560.250000	33486.355469	12779.417969	54652.164062
2009	10	113.882729	52.173801	113.103111	3.334675	-0.000001	0.000000	51.394184	76.998726	31.369944	305856.000000	33486.351562	12779.181641	54651.773438
2009	10	71.594902	17.699305	105.904442	38.423183	-0.000014	-0.000013	52.008842	-12.488551	39.914524	192283.140625	33486.355469	12778.733398	54651.203125
2009	10	104.372627	34.935276	131.372025	31.112316	-0.000012	-0.000010	61.934666	-18.431097	28.969894	280314.625000	33486.363281	12777.815430	54649.976562
2009	10	124.734550	54.060829	137.926575	17.304253	-0.000006	-0.000005	67.252869	29.150969	39.932625	335000.812500	33486.367188	12777.602539	54649.207031
2009	10	96.706635	34.573128	125.900238	33.305138	-0.000012	-0.000011	63.766731	10.456156	39.035725	259725.984375	33486.359375	12777.496094	54648.511719
2009	10	24.843857	-21.049883	107.260796	86.527802	-0.000032	-0.000031	61.367062	-12.746666	20.330496	66723.398438	33486.351562	12776.367188	54646.925781
2009	10	108.338264	46.515205	123.203461	18.975372	-0.000007	-0.000006	61.380398	45.499611	42.916050	290965.187500	33486.339844	12774.721680	54644.808594
2009	10	124.999397	59.330566	125.110519	4.220664	-0.000002	-0.000000	59.441692	36.450367	33.903671	335712.156250	33486.328125	12774.632812	54644.332031
2009	10	99.878326	37.528053	122.917053	27.147585	-0.000010	-0.000009	60.566784	35.430119	36.896088	268244.218750	33486.320312	12774.581055	54643.851562
2009	10	75.654106	24.685467	105.065697	33.519783	-0.000013	-0.000011	54.097054	44.845505	32.731041	203185.015625	33486.308594	12773.992188	54642.953125
2009	10	73.091599	23.863317	100.236481	31.252443	-0.000012	-0.000010	51.008202	58.703403	28.392929	196302.843750	33486.300781	12772.989258	54641.800781
2009	10	37.506332	-2.642721	89.271477	55.872063	-0.000021	-0.000019	49.122421	20.736324	31.243969	100731.132812	33486.296875	12771.691406	54640.410156
2009	10	51.045586	9.315661	88.363495	41.424202	-0.000015	-0.000014	46.633572	69.286522	24.621689	137093.640625	33486.292969	12769.931641	54638.644531
2009	10	59.131523	16.429420	88.239883	33.214027	-0.000012	-0.000011	45.537777	64.202370	20.128654	158810.140625	33486.296875	12768.479492	54637.242188
2009	10	50.493835	9.770780	85.364067	38.975288	-0.000015	-0.000013	44.641010	50.321129	21.613699	135611.812500	33486.304688	12767.083008	54635.917969
2009	10	62.001217	17.424343	90.048378	32.151592	-0.000012	-0.000010	45.471508	46.609055	17.963558	166517.296875	33486.316406	12765.653320	54634.566406
2009	10	69.710732	23.032000	92.745750	27.138826	-0.000010	-0.000009	46.067024	44.944534	18.156469	187222.812500	33486.328125	12764.475586	54633.437500
2009	10	61.761776	14.566248	94.959435	37.300816	-0.000014	-0.000012	47.763908	1.145655	19.869926	165874.218750	33486.343750	12763.345703	54632.316406
2009	10	83.433372	31.697336	99.883621	20.552763	-0.000008	-0.000006	48.147587	20.930412	19.906111	224077.828125	33486.363281	12762.273438	54631.230469
2009	10	70.573975	20.917376	98.286629	31.814514	-0.000012	-0.000010	48.630032	35.077831	18.497971	189541.250000	33486.382812	12761.439453	54630.347656
2009	10	33.956322	-4.896525	85.375565	55.520458	-0.000021	-0.000019	46.522724	8.500819	24.279465	91196.828125	33486.398438	12760.125977	54629.023438
2009	10	40.388802	2.317666	82.169342	45.881107	-0.000017	-0.000016	44.098202	43.452950	35.226746	108472.625000	33486.414062	12758.272461	54627.222656
2009	10	49.030109	5.570354	90.420570	45.490410	-0.000017	-0.000015	46.960819	-12.857051	24.590319	131680.656250	33486.429688	12756.603516	54625.648438
2009	10	63.606213	11.693946	109.142136	49.635151	-0.000019	-0.000017	57.229862	12.579546	34.906593	170827.859375	33486.453125	12755.204102	54624.015625
2009	10	52.400993	9.676454	92.599663	44.297253	-0.000017	-0.000015	49.875118	35.045567	22.991333	140733.875000	33486.468750	12753.920898	54622.554688
2009	10	27.412840	-9.462383	84.842758	61.527863	-0.000023	-0.000021	47.967529	-0.511993	18.034876	73622.945312	33486.484375	12752.297852	54620.878906
2009	10	52.607479	8.088801	95.062592	46.552402	-0.000017	-0.000016	50.543922	13.318769	17.941513	141288.437500	33486.496094	12750.457031	54618.964844
2009	10	53.026623	11.554312	89.694366	40.764378	-0.000015	-0.000014	48.222046	40.998219	12.692741	142414.140625	33486.511719	12749.047852	54617.472656
2009	10	61.402504	16.330063	92.941277	35.634789	-0.000013	-0.000012	47.868839	13.789693	9.696923	164909.328125	33486.523438	12747.702148	54616.105469
2009	11	52.058762	2.543564	101.222450	53.126919	-0.000020	-0.000019	51.707256	-51.915257	36.047630	144475.250000	33486.542969	12746.448242	54614.750000
2009	11	53.213306	9.167768	98.086464	48.835709	-0.000019	-0.000017	54.040924	11.258908	29.111038	147679.375000	33486.562500	12744.997070	54612.988281
2009	11	45.453644	6.498939	87.229881	45.738178	-0.000018	-0.000016	48.275181	36.515865	12.504441	126144.476562	33486.570312	12743.584961	54611.406250
2009	11	51.921932	10.914638	87.795181	39.834572	-0.000015	-0.000014	46.787884	22.191198	10.359413	144095.500000	33486.582031	12742.100586	54609.863281
2009	11	32.452000	-3.724931	81.691780	53.200474	-0.000021	-0.000019	45.514854	23.094589	18.298714	90061.890625	33486.593750	12740.583984	54608.296875
2009	11	33.457993	-1.503051	78.388138	48.890224	-0.000019	-0.000017	43.427090	27.801090	13.043282	92853.750000	33486.601562	12738.753906	54606.507812
2009	11	34.045315	-1.496226	78.558846	48.473003	-0.000019	-0.000017	43.017311	24.593697	17.899334	94483.703125	33486.617188	12736.956055	54604.773438
2009	11	36.317989	1.287021	76.899628	44.540489	-0.000017	-0.000016	41.868656	27.884285	12.222861	100790.914062	33486.632812	12735.192383	54603.101562
2009	11	52.751167	11.806917	84.299400	35.506477	-0.000014	-0.000012	43.355156	-5.709395	15.088158	146396.812500	33486.648438	12733.590820	54601.593750
2009	11	46.776424	6.129100	84.574547	41.755741	-0.000016	-0.000015	43.927223	-11.226606	12.777524	129815.500000	33486.667969	12732.213867	54600.261719
2009	11	44.881851	1.114428	90.754448	49.829548	-0.000019	-0.000018	46.987026	-18.640162	18.797859	124557.632812	33486.695312	12730.729492	54598.742188
2009	11	32.040436	-2.642345	77.662285	49.578167	-0.000019	-0.000018	42.979504	23.313274	10.659173	88919.703125	33486.714844	12729.104492	54597.125000
2009	11	37.587685	2.658704	76.304688	42.672718	-0.000016	-0.000015	41.375706	28.467274	8.702497	104314.609375	33486.734375	12727.333008	54595.457031
2009	11	37.024979	2.275534	75.579681	42.509823	-0.000016	-0.000015	40.830238	27.483629	7.058444	102752.968750	33486.753906	12725.650391	54593.902344
2009	11	41.551010	4.852971	77.832802	40.236301	-0.000016	-0.000014	41.134762	21.980822	7.753121	115313.765625	33486.777344	12723.991211	54592.378906
2009	11	54.577847	10.131781	90.264687	39.640709	-0.000015	-0.000014	45.818611	-4.303991	5.431713	151466.281250	33486.800781	12722.506836	54590.945312
2009	11	45.695507	4.763728	86.543190	44.800915	-0.000017	-0.000016	45.611408	1.346020	13.449105	126815.718750	33486.832031	12721.182617	54589.574219
2009	11	31.370054	-3.462868	77.692436	50.274986	-0.000019	-0.000018	42.859509	12.840208	11.227457	87059.234375	33486.855469	12719.580078	54587.988281
2009	11	35.353931	0.856483	75.565544	44.163612	-0.000017	-0.000016	41.068096	11.267686	10.674006	98115.421875	33486.875000	12717.791016	54586.304688
2009	11	40.788628	4.622775	77.263832	40.426586	-0.000016	-0.000014	41.097977	7.168304	9.987159	113197.984375	33486.898438	12716.125000	54584.761719
2009	11	38.016094	-0.490308	81.654129	47.588818	-0.000018	-0.000017	43.147732	-30.641182	23.358278	105503.539062	33486.921875	12714.514648	54583.265625
2009	11	35.576721	-4.264480	87.470932	55.844322	-0.000022	-0.000020	47.629730	-28.288702	20.123388	98733.718750	33486.953125	12712.821289	54581.496094
2009	11	25.641251	-7.439799	76.166161	54.474380	-0.000021	-0.000019	43.085110	6.175899	11.553435	71160.460938	33486.980469	12711.064453	54579.722656
2009	11	26.309170	-4.998974	72.130150	49.769844	-0.000019	-0.000018	40.822010	19.302420	4.284784	73014.101562	33487.003906	12709.159180	54577.914062
2009	11	21.443094	-9.585982	71.188309	53.693466	-0.000021	-0.000019	40.159229	-4.152363	7.489021	59509.597656	33487.023438	12707.228516	54576.128906
2009	11	29.746130	-4.405987	75.788933	49.990421	-0.000019	-0.000018	41.636810	9.577530	4.514378	82552.468750	33487.050781	12705.285156	54574.296875
2009	11	32.577568	-5.577107	81.867287	53.236710	-0.000021	-0.000019	43.712616	-13.871969	2.242853	90410.367188	33487.074219	12703.499023	54572.585938
2009	11	18.821447	-21.573402	95.580376	80.705231	-0.000031	-0.000030	55.185532	-44.822536	-0.430943	52233.917969	33487.105469	12701.614258	54570.542969
2009	11	20.463913	-14.511934	88.123283	71.604988	-0.000028	-0.000026	53.147438	-18.092360	48.797516	56792.140625	33487.136719	12699.518555	54568.050781
2009	11	16.528557	-13.002382	71.290977	58.707409	-0.000023	-0.000021	41.760036	0.609053	54.336823	45870.609375	33487.148438	12697.452148	54565.910156
2009	12	16.972950	-13.779787	74.766220	61.869118	-0.000023	-0.000022	44.013485	-9.496213	6.102854	45584.421875	33487.160156	12695.336914	54563.886719
2009	12	15.686879	-12.984789	68.701927	57.090267	-0.000021	-0.000020	40.030258	14.296035	23.284887	42130.410156	33487.175781	12693.213867	54561.871094
2009	12	19.493032	-9.869717	67.019913	51.601471	-0.000019	-0.000018	37.657162	-6.153256	5.228158	52352.632812	33487.183594	12691.113281	54560.007812
2009	12	21.899635	-9.790380	74.145737	56.320068	-0.000021	-0.000020	42.455719	-31.944021	-13.817715	58816.070312	33487.195312	12689.093750	54558.191406
2009	12	18.703138	-10.660344	75.076302	60.446495	-0.000023	-0.000021	45.712814	-5.039574	9.191944	50231.210938	33487.222656	12687.082031	54556.183594
2009	12	17.271290	-11.257279	71.730309	58.531734	-0.000022	-0.000020	43.201744	2.740805	3.894952	46385.675781	33487.246094	12685.023438	54554.164062
2009	12	12.599561	-14.848724	66.004616	57.477139	-0.000021	-0.000020	38.556332	10.690033	37.683662	33838.769531	33487.265625	12682.915039	54552.187500
2009	12	14.574574	-12.099882	57.561600	47.058495	-0.000018	-0.000016	30.887146	17.290899	30.426537	39143.078125	33487.277344	12680.759766	54550.386719
2009	12	11.279723	-13.875890	50.092785	42.883915	-0.000016	-0.000014	24.937172	18.004202	24.790974	30294.068359	33487.269531	12678.621094	54548.820312
2009	12	11.175087	-13.101223	43.963093	36.858250	-0.000014	-0.000012	19.686781	0.449925	25.165743	30013.042969	33487.250000	12676.439453	54547.394531
2009	12	14.677260	-13.910989	57.091614	46.483971	-0.000017	-0.000016	28.503368	-24.115631	7.593036	39418.867188	33487.261719	12674.291016	54545.949219
2009	12	6.562285	-16.367762	44.534195	42.040905	-0.000016	-0.000014	21.604151	45.143124	47.595951	17624.396484	33487.277344	12672.146484	54544.402344
2009	12	4.408182	-16.271948	34.467609	34.127808	-0.000013	-0.000011	13.787481	51.003082	33.117046	11839.100586	33487.269531	12669.912109	54543.085938
2009	12	12.874738	-10.494734	35.980186	27.173220	-0.000010	-0.000009	12.610713	-6.967934	4.144627	34577.812500	33487.265625	12667.718750	54541.953125
2009	12	10.619590	-14.686931	39.741505	33.189064	-0.000012	-0.000011	14.434986	-0.495449	13.337435	28521.142578	33487.289062	12665.604492	54540.839844
2009	12	13.675606	-11.313702	38.305386	28.696318	-0.000011	-0.000009	13.316079	-8.003024	7.513587	36728.714844	33487.304688	12663.470703	54539.718750
2009	12	1.774716	-17.784292	31.693550	33.984753	-0.000013	-0.000011	12.134543	72.580803	14.892194	4766.372070	33487.312500	12661.352539	54538.632812
2009	12	2.290308	-15.319918	26.523422	28.298407	-0.000011	-0.000009	8.913196	68.073486	3.839564	6151.103027	33487.316406	12659.148438	54537.546875
2009	12	3.205783	-14.651363	25.747904	26.606798	-0.000010	-0.000008	7.890757	40.505131	3.025580	8609.805664	33487.320312	12656.950195	54536.531250
2009	12	4.600030	-13.908629	25.883844	25.347887	-0.000009	-0.000008	7.375186	23.834827	3.509018	12354.348633	33487.324219	12654.756836	54535.539062
2009	12	6.277092	-12.936881	26.178316	23.964699	-0.000009	-0.000007	6.964345	9.084579	6.923520	16858.449219	33487.332031	12652.571289	54534.570312
2009	12	6.449040	-13.549183	26.620525	24.234358	-0.000009	-0.000008	6.622302	-7.775643	10.160745	17320.251953	33487.339844	12650.392578	54533.617188
2009	12	7.584068	-12.948175	27.061930	23.540129	-0.000009	-0.000007	6.529685	-15.133681	10.172476	20368.609375	33487.347656	12648.223633	54532.679688
2009	12	12.655302	-11.420916	30.711393	22.117752	-0.000008	-0.000007	6.635176	-40.535347	-4.249524	33988.472656	33487.355469	12646.103516	54531.789062
2009	12	13.571852	-11.765449	32.208752	22.697931	-0.000008	-0.000007	6.871454	-24.047899	4.837937	36450.058594	33487.363281	12644.069336	54530.976562
2009	12	9.283893	-12.375614	28.732582	23.509102	-0.000009	-0.000007	7.073075	10.697791	6.565398	24933.845703	33487.371094	12642.023438	54530.144531
2009	12	10.122093	-11.005768	28.287319	22.225035	-0.000008	-0.000007	7.159458	3.839553	5.045704	27185.007812	33487.382812	12639.930664	54529.257812
2009	12	12.217590	-12.371831	33.349277	25.190882	-0.000009	-0.000008	8.759855	-42.419277	-11.526172	32812.902344	33487.406250	12637.872070	54528.394531
2009	12	9.898837	-12.535522	32.830650	26.990376	-0.000010	-0.000009	10.396290	-3.029464	7.715790	26585.406250	33487.511719	12635.824219	54527.437500
2009	12	3.936675	-15.527431	28.167040	28.288313	-0.000011	-0.000009	8.702934	52.752911	26.544399	10572.768555	33487.546875	12633.734375	54526.488281
2009	12	3.498051	-14.328404	25.373358	25.932634	-0.000010	-0.000008	7.546905	86.818283	32.100651	9394.750977	33487.574219	12631.603516	54525.527344
2010	01	7.669024	-11.324140	25.616163	22.003836	-0.000008	-0.000007	6.623002	1.009233	4.824176	20596.773438	33487.589844	12629.486328	54524.613281
2010	01	7.565088	-13.128023	27.246929	23.737467	-0.000009	-0.000007	6.553819	-16.964203	8.226640	20317.634766	33487.605469	12627.383789	54523.734375
2010	01	8.211850	-12.779671	27.627195	23.470493	-0.000009	-0.000007	6.635675	-13.543985	12.904596	22054.648438	33487.625000	12625.275391	54522.855469
2010	01	13.807096	-10.448333	31.001749	21.249311	-0.000008	-0.000006	6.746319	-65.079788	6.679865	37081.859375	33487.644531	12623.220703	54522.023438
2010	01	14.816645	-10.528939	33.747368	22.984880	-0.000009	-0.000007	8.401781	-48.058277	0.739167	39793.210938	33487.679688	12621.257812	54521.261719
2010	01	13.544125	-11.400749	33.431271	23.940804	-0.000009	-0.000007	8.486398	-19.000246	0.971989	36375.593750	33487.742188	12619.306641	54520.468750
2010	01	9.579799	-13.272432	31.788031	26.261389	-0.000010	-0.000008	8.935802	9.591873	14.112530	25728.560547	33487.777344	12617.311523	54519.625000
2010	01	7.692073	-12.595439	29.259321	25.619925	-0.000010	-0.000008	8.971810	6.823895	11.523511	20658.677734	33487.816406	12615.248047	54518.703125
2010	01	4.910034	-13.543676	27.078060	26.220228	-0.000010	-0.000008	8.624351	29.289104	10.336864	13186.928711	33487.855469	12613.159180	54517.761719
2010	01	2.690116	-14.837527	25.713995	27.075598	-0.000010	-0.000009	8.186351	52.561886	8.647666	7224.872559	33487.890625	12611.059570	54516.824219
2010	01	3.704658	-13.330966	24.557508	24.904081	-0.000009	-0.000008	7.521885	50.083710	9.550646	9949.638672	33487.929688	12608.965820	54515.906250
2010	01	6.479290	-11.953444	25.687223	23.258688	-0.000009	-0.000007	7.254489	18.677860	10.578992	17401.496094	33487.964844	12606.877930	54515.007812
2010	01	2.243434	-14.624639	24.069307	25.876150	-0.000010	-0.000008	7.201233	53.755180	6.066231	6025.213379	33488.000000	12604.799805	54514.121094
2010	01	2.651749	-13.921379	23.454679	24.852718	-0.000009	-0.000008	6.881552	53.172146	4.910324	7121.828613	33488.035156	12602.719727	54513.238281
2010	01	4.713780	-11.948969	22.758066	22.093592	-0.000008	-0.000007	6.095318	32.499561	6.531980	12659.846680	33488.066406	12600.643555	54512.375000
2010	01	9.775358	-9.677844	25.411942	19.685417	-0.000007	-0.000006	5.958740	5.042068	0.750834	26253.777344	33488.093750	12598.597656	54511.558594
2010	01	11.988506	-7.876203	26.087116	18.146976	-0.000007	-0.000005	6.222407	-11.682838	-7.159244	32197.652344	33488.121094	12596.625977	54510.816406
2010	01	5.239521	-11.883019	23.911327	22.719702	-0.000008	-0.000007	6.788788	48.555439	16.946428	14071.834961	33488.175781	12594.659180	54510.046875
2010	01	7.035953	-10.710265	23.989054	21.000528	-0.000008	-0.000006	6.242836	34.610748	10.608898	18896.529297	33488.214844	12592.613281	54509.214844
2010	01	8.357606	-10.060142	24.605980	20.295332	-0.000008	-0.000006	6.188232	19.838772	7.049776	22446.105469	33488.250000	12590.598633	54508.414062
2010	01	8.136649	-10.905880	25.257193	21.167028	-0.000008	-0.000006	6.214664	-5.216322	12.495096	21852.681641	33488.289062	12588.606445	54507.636719
2010	01	6.250524	-11.992834	24.277327	22.072807	-0.000008	-0.000007	6.033969	24.765244	9.750998	16787.095703	33488.328125	12586.601562	54506.847656
2010	01	5.845014	-11.549891	23.212852	21.413368	-0.000008	-0.000006	5.817947	27.205702	7.871564	15698.012695	33488.359375	12584.580078	54506.046875
2010	01	5.804298	-10.704413	22.173559	20.414324	-0.000008	-0.000006	5.664847	36.608238	9.524881	15588.662109	33488.390625	12582.561523	54505.250000
2010	01	9.407774	-8.197100	23.120008	17.756830	-0.000007	-0.000005	5.515134	33.954735	6.111790	25266.556641	33488.417969	12580.570312	54504.488281
2010	01	13.553980	-6.816325	25.894850	16.385000	-0.000006	-0.000005	5.524547	-91.299171	-41.176872	36402.058594	33488.449219	12578.655273	54503.804688
2010	01	13.884921	-7.607531	28.849951	19.008671	-0.000007	-0.000006	7.357497	-11.109933	-3.485659	37290.875000	33488.496094	12576.792969	54503.152344
2010	01	11.980954	-8.732631	28.022226	20.084425	-0.000008	-0.000006	7.308640	13.318510	25.984558	32177.373047	33488.574219	12574.934570	54502.449219
2010	01	10.124712	-8.613106	25.287653	19.205626	-0.000007	-0.000006	6.549837	14.280266	13.959487	27192.041016	33488.625000	12573.030273	54501.722656
2010	01	3.770010	-12.946306	23.244080	23.516273	-0.000009	-0.000007	6.527764	74.040977	20.586834	10125.152344	33488.667969	12571.085938	54500.968750
2010	01	5.500439	-11.342645	23.372704	21.913982	-0.000008	-0.000007	6.529621	46.665665	16.541313	14772.583984	33488.714844	12569.090820	54500.164062
2010	02	5.614905	-9.611210	21.126699	19.161947	-0.000008	-0.000006	5.900585	42.805428	15.723778	16695.722656	33488.761719	12567.105469	54499.367188
2010	02	3.479149	-11.440572	20.826616	20.997187	-0.000009	-0.000007	5.906896	49.487011	23.132374	10345.127930	33488.808594	12565.128906	54498.578125
2010	02	5.958272	-9.057540	20.812412	18.503420	-0.000008	-0.000006	5.796600	41.817631	23.790602	17716.710938	33488.859375	12563.154297	54497.789062
2010	02	5.710819	-9.321545	20.782488	18.720520	-0.000008	-0.000006	5.750124	49.253670	19.957449	16980.919922	33488.906250	12561.202148	54497.027344
2010	02	3.270617	-10.874247	19.558462	19.936264	-0.000008	-0.000007	5.413599	85.964111	32.147411	9725.063477	33488.953125	12559.247070	54496.261719
2010	02	3.586291	-9.992878	18.020176	18.081867	-0.000007	-0.000006	4.441008	80.171234	17.058294	10663.708008	33488.992188	12557.279297	54495.507812
2010	02	5.861220	-8.283061	18.028818	15.815151	-0.000007	-0.000005	3.884537	39.997704	10.458343	17428.132812	33489.019531	12555.324219	54494.800781
2010	02	4.790133	-9.530502	18.030159	16.887152	-0.000007	-0.000005	3.709525	15.960123	25.490850	14243.291016	33489.046875	12553.388672	54494.117188
2010	02	6.968415	-8.285981	18.900232	15.578513	-0.000006	-0.000005	3.645836	15.509156	20.615616	20720.335938	33489.074219	12551.447266	54493.433594
2010	02	7.822226	-7.749399	19.217350	15.041392	-0.000006	-0.000005	3.645726	18.194956	18.509659	23259.111328	33489.101562	12549.535156	54492.777344
2010	02	6.492121	-8.532207	18.660158	15.813881	-0.000007	-0.000005	3.635830	35.206051	20.118298	19304.095703	33489.128906	12547.625977	54492.121094
2010	02	8.025331	-7.374110	19.003225	14.623313	-0.000006	-0.000005	3.603784	18.211815	18.104507	23863.039062	33489.160156	12545.715820	54491.464844
2010	02	8.306019	-7.254821	19.170563	14.509537	-0.000006	-0.000004	3.609723	22.454933	23.558250	24697.656250	33489.187500	12543.831055	54490.832031
2010	02	7.877129	-7.520661	19.011070	14.778510	-0.000006	-0.000005	3.613279	32.823151	29.815401	23422.367188	33489.218750	12541.955078	54490.210938
2010	02	6.825118	-8.323435	18.757658	15.576682	-0.000006	-0.000005	3.609105	14.967600	26.590927	20294.246094	33489.246094	12540.067383	54489.570312
2010	02	8.573266	-7.171294	19.364059	14.434509	-0.000006	-0.000004	3.619500	-0.577912	9.442338	25492.304688	33489.277344	12538.176758	54488.929688
2010	02	10.044717	-6.248580	19.967140	13.565709	-0.000006	-0.000004	3.673842	19.629042	7.100204	29867.611328	33489.312500	12536.329102	54488.328125
2010	02	8.800083	-7.461111	19.983694	14.826466	-0.000006	-0.000005	3.722498	13.014432	8.898027	26166.740234	33489.343750	12534.499023	54487.742188
2010	02	9.415672	-7.023684	20.193916	14.420669	-0.000006	-0.000004	3.754561	-10.304969	2.946836	27997.171875	33489.378906	12532.654297	54487.136719
2010	02	20.826490	1.001068	24.089710	6.905208	-0.000003	-0.000001	4.264287	-29.564669	1.986697	61926.839844	33489.414062	12530.911133	54486.628906
2010	02	27.618780	4.967002	30.468931	6.491690	-0.000003	-0.000001	7.817153	-7.125783	22.733166	82123.476562	33489.539062	12529.451172	54486.320312
2010	02	25.876383	3.592533	28.917524	6.682229	-0.000003	-0.000001	6.633674	3.174408	19.437468	76942.515625	33489.664062	12528.099609	54486.082031
2010	02	28.478899	6.096545	30.018021	5.179758	-0.000002	-0.000001	7.635665	5.175098	8.118461	84681.007812	33489.750000	12526.732422	54485.828125
2010	02	26.043036	3.822170	31.171267	8.768419	-0.000004	-0.000002	8.950400	-10.107652	7.914432	77438.046875	33489.859375	12525.403320	54485.570312
2010	02	23.562601	1.979027	31.403685	11.480821	-0.000005	-0.000003	9.820111	-21.122717	6.606856	70062.562500	33489.988281	12524.005859	54485.199219
2010	02	20.607626	-0.586735	31.999699	15.031358	-0.000006	-0.000005	10.805340	-42.091320	14.676196	61276.046875	33490.136719	12522.543945	54484.734375
2010	02	24.232162	1.807908	36.840607	16.247269	-0.000007	-0.000005	14.416348	-121.167587	7.701760	72053.484375	33490.308594	12521.053711	54484.191406
2010	02	26.643780	3.620209	51.825516	28.820101	-0.000012	-0.000010	28.801941	-35.820103	16.866550	79224.343750	33490.820312	12519.650391	54483.363281
2010	03	36.737370	9.661700	53.286861	20.577179	-0.000008	-0.000006	26.211191	30.858488	6.585038	98665.921875	33491.371094	12518.355469	54482.472656
2010	03	29.157259	3.312176	60.553696	35.423615	-0.000013	-0.000012	34.708611	-54.137611	29.262335	78307.937500	33491.738281	12517.119141	54481.636719
2010	03	38.998287	11.226074	59.096767	24.125149	-0.000009	-0.000008	31.324554	27.734623	15.686709	104738.093750	33492.171875	12515.831055	54480.582031
2010	03	40.123795	12.722778	56.271004	20.173378	-0.000008	-0.000006	28.869987	26.210337	13.696200	107760.875000	33492.441406	12514.723633	54479.906250
2010	03	34.478382	7.819388	58.567608	28.114891	-0.000010	-0.000009	31.908615	-4.937598	28.855885	92598.937500	33492.718750	12513.589844	54479.148438
2010	03	31.522747	6.351209	56.176575	28.678991	-0.000011	-0.000009	31.005037	91.168999	32.905563	84660.968750	33493.019531	12512.341797	54478.226562
2010	03	49.527714	20.590357	52.896576	7.393537	-0.000003	-0.000001	23.959219	25.253447	18.369085	133017.078125	33493.281250	12511.190430	54477.558594
2010	03	56.283867	25.485363	58.234360	5.974679	-0.000002	-0.000001	27.435856	23.784538	12.219246	151162.156250	33493.492188	12510.366211	54477.273438
2010	03	48.863079	19.483047	61.108791	16.269409	-0.000006	-0.000005	31.728764	35.268707	25.969147	131232.062500	33493.726562	12509.619141	54476.925781
2010	03	37.465374	11.352035	49.678837	16.236668	-0.000006	-0.000005	23.565498	96.901215	31.126806	100621.132812	33493.968750	12508.636719	54476.359375
2010	03	46.900703	19.222071	41.493568	-1.384417	0.000001	0.000002	13.814932	75.789413	17.563238	125961.695312	33494.148438	12507.553711	54476.066406
2010	03	59.569706	28.892525	44.225327	-11.322139	0.000004	0.000006	13.548145	50.135128	15.039708	159986.953125	33494.296875	12506.738281	54476.171875
2010	03	61.933655	30.610949	48.908100	-9.003795	0.000003	0.000005	17.585396	22.496801	7.804405	166335.843750	33494.445312	12506.150391	54476.472656
2010	03	56.515732	25.813562	56.618610	4.124145	-0.000002	-0.000000	25.916439	40.842834	22.540133	151784.875000	33494.617188	12505.561523	54476.500000
2010	03	35.561256	8.722273	53.899105	22.358620	-0.000008	-0.000007	27.060120	-48.806992	35.050739	95507.226562	33494.804688	12504.706055	54476.148438
2010	03	64.504318	30.706251	66.430397	5.946349	-0.000002	-0.000001	32.632328	-14.709207	52.334229	173239.906250	33495.011719	12503.736328	54475.574219
2010	03	71.274040	36.094093	71.242355	3.988090	-0.000001	0.000000	36.062412	22.557772	27.639036	191421.421875	33495.242188	12503.305664	54475.367188
2010	03	85.932053	46.840298	76.307037	-5.605732	0.000002	0.000004	37.215290	26.448336	32.763046	230788.578125	33495.484375	12503.094727	54475.335938
2010	03	73.558777	37.784061	74.938744	5.398737	-0.000002	-0.000001	39.164028	51.183548	33.182762	197557.546875	33495.746094	12503.049805	54475.386719
2010	03	83.642975	46.371696	74.826538	-4.798151	0.000002	0.000003	37.555260	44.942558	26.104113	224640.781250	33496.003906	12502.868164	54475.328125
2010	03	71.250282	36.434086	78.724113	11.491621	-0.000004	-0.000003	43.907921	50.091419	30.483080	191357.593750	33496.273438	12502.772461	54475.277344
2010	03	64.168213	31.870409	78.155693	18.004784	-0.000007	-0.000005	45.857883	83.015717	31.772268	172337.218750	33496.582031	12502.353516	54474.746094
2010	03	84.928665	47.202812	86.270790	5.358953	-0.000002	-0.000001	48.544937	52.816845	31.559200	228093.781250	33496.894531	12502.034180	54474.250000
2010	03	22.094326	-2.655875	72.839890	54.761898	-0.000020	-0.000019	48.089691	-63.990479	6.665596	59338.953125	33497.195312	12501.500977	54473.496094
2010	03	50.338104	20.881943	77.421219	31.098963	-0.000012	-0.000010	47.965061	46.478966	21.328201	135193.546875	33497.476562	12500.157227	54471.914062
2010	03	71.893608	37.392521	71.263527	3.385282	-0.000001	0.000000	36.762440	68.752029	13.447330	193085.390625	33497.695312	12499.484375	54471.277344
2010	03	31.410994	6.198475	62.469166	35.073044	-0.000013	-0.000012	37.256653	198.403152	49.079929	84360.820312	33497.921875	12498.889648	54470.765625
2010	03	43.393047	17.737589	38.347588	-1.031068	0.000000	0.000002	12.692126	198.378799	30.040144	116541.148438	33498.078125	12497.684570	54470.156250
2010	03	64.834335	33.830029	43.544235	-17.276182	0.000006	0.000008	12.539922	43.706120	23.073448	174126.250000	33498.160156	12496.893555	54470.324219
2010	03	61.995499	27.770002	49.132011	-8.850053	0.000003	0.000005	14.906515	-76.038429	-24.186386	166501.937500	33498.250000	12496.401367	54470.742188
2010	03	38.865181	7.016716	62.973396	28.121130	-0.000011	-0.000009	31.124931	-63.036148	-10.498528	104380.609375	33498.378906	12495.625000	54470.558594
2010	04	69.339249	32.746002	77.056747	11.600457	-0.000004	-0.000003	40.463501	-47.684681	40.534828	192432.609375	33498.589844	12494.737305	54469.808594
2010	04	129.725327	80.613823	90.863647	-34.979214	0.000013	0.000015	41.752140	30.821491	33.604691	360018.125000	33498.824219	12494.905273	54469.960938
2010	04	148.765259	94.110649	98.551765	-46.331520	0.000018	0.000019	43.897148	24.424164	41.706059	412858.375000	33499.066406	12496.289062	54471.261719
2010	04	151.076599	93.645668	104.529610	-42.665516	0.000016	0.000018	47.098675	7.243475	52.480949	419272.875000	33499.312500	12498.014648	54472.820312
2010	04	137.857727	83.952385	112.139450	-21.837292	0.000008	0.000010	58.234116	-11.160450	39.826775	382587.406250	33499.597656	12499.611328	54474.011719
2010	04	142.086258	88.548302	112.210190	-25.995590	0.000010	0.000012	58.672226	30.787754	58.545731	394322.593750	33499.906250	12501.063477	54474.824219
2010	04	135.339722	81.205276	113.109940	-18.349810	0.000007	0.000009	58.975487	21.417944	55.753410	375599.406250	33500.125000	12502.496094	54475.613281
2010	04	139.054718	85.211014	111.452545	-23.722681	0.000009	0.000011	57.608860	30.307512	39.065269	385909.343750	33500.289062	12503.811523	54476.347656
2010	04	110.327423	63.670940	102.553474	-3.894962	0.000002	0.000003	55.896992	38.087238	37.397228	306184.406250	33500.441406	12505.109375	54477.093750
2010	04	60.682201	21.092228	101.290718	44.486980	-0.000017	-0.000016	61.700745	-25.478836	12.687979	168407.296875	33500.617188	12505.226562	54476.625000
2010	04	97.896164	55.055679	100.367668	6.349466	-0.000002	-0.000001	57.527176	76.731247	57.369541	271684.750000	33500.828125	12505.019531	54475.746094
2010	04	116.742935	70.915909	98.174332	-14.691116	0.000006	0.000007	52.347298	47.812916	54.428600	323988.937500	33500.988281	12505.569336	54475.828125
2010	04	103.927391	60.986919	93.937027	-6.113350	0.000002	0.000004	50.996555	95.441978	44.084366	288422.812500	33501.105469	12506.330078	54476.214844
2010	04	104.601875	62.507252	91.487129	-9.238197	0.000004	0.000005	49.392502	109.674881	37.452217	290294.687500	33501.214844	12506.915039	54476.480469
2010	04	116.610489	72.138962	92.635078	-20.099316	0.000008	0.000009	48.163551	102.226891	39.625767	323621.375000	33501.312500	12507.563477	54476.851562
2010	04	105.160347	62.546207	90.149414	-11.135292	0.000004	0.000006	47.535275	105.071571	49.075966	291844.562500	33501.402344	12508.324219	54477.363281
2010	04	112.439056	68.317627	90.699615	-17.864269	0.000007	0.000008	46.578182	72.942886	38.810089	312044.656250	33501.488281	12508.952148	54477.773438
2010	04	97.716599	57.456120	87.560501	-6.281384	0.000002	0.000004	47.300018	53.356709	35.729099	271186.406250	33501.570312	12509.649414	54478.257812
2010	04	79.655243	42.734505	85.958809	10.177822	-0.000004	-0.000002	49.038074	48.040234	18.346205	221061.921875	33501.671875	12509.818359	54478.164062
2010	04	117.751358	71.695396	95.143700	-18.733879	0.000007	0.000009	49.087730	44.679951	31.031057	326787.562500	33501.781250	12510.065430	54478.121094
2010	04	144.999451	92.365646	102.272423	-38.853718	0.000015	0.000016	49.638615	45.959862	38.923676	402407.375000	33501.847656	12511.234375	54478.988281
2010	04	157.137939	101.442627	105.595932	-47.669167	0.000018	0.000020	49.900620	80.152176	46.724766	436094.500000	33501.882812	12512.932617	54480.382812
2010	04	148.057724	95.112411	102.562492	-41.622864	0.000016	0.000018	49.617176	58.458546	39.717602	410894.781250	33501.914062	12514.708008	54481.847656
2010	04	155.493835	98.933136	106.961868	-44.660076	0.000017	0.000019	50.401173	83.191330	57.566288	431531.781250	33501.949219	12516.472656	54483.292969
2010	04	162.267090	103.739052	109.389648	-49.006027	0.000019	0.000020	50.861618	46.105434	53.838474	450329.093750	33501.976562	12518.323242	54484.812500
2010	04	173.420334	112.722778	111.508293	-58.041100	0.000022	0.000024	50.810745	45.348213	47.084221	481281.968750	33501.996094	12520.484375	54486.628906
2010	04	177.760849	113.552612	117.032822	-56.857578	0.000022	0.000023	52.824589	82.675102	56.845226	493327.906250	33502.007812	12522.812500	54488.589844
2010	04	117.141472	68.816193	100.953896	-12.317616	0.000005	0.000006	52.628613	4.980432	36.004925	325094.968750	33502.039062	12524.603516	54489.968750
2010	04	117.125137	69.483452	101.394882	-11.860773	0.000005	0.000006	53.753197	22.804537	37.926464	325049.656250	33502.113281	12525.410156	54490.355469
2010	04	141.327591	88.503151	104.854355	-32.604229	0.000013	0.000014	52.029915	91.195992	56.440525	392217.093750	33502.175781	12526.522461	54491.058594
2010	05	175.107834	113.577133	114.388908	-56.721451	0.000021	0.000023	52.858204	93.437180	66.925919	470288.906250	33502.203125	12528.200195	54492.378906
2010	05	172.666733	108.139809	119.437386	-49.232349	0.000018	0.000020	54.910469	47.122311	58.426735	463732.812500	33502.210938	12530.362305	54494.175781
2010	05	154.066803	91.879318	119.481461	-30.588846	0.000011	0.000013	57.293983	-12.836931	21.397696	413778.750000	33502.238281	12532.148438	54495.500000
2010	05	199.082672	124.418724	134.862183	-60.224514	0.000022	0.000024	60.198242	-9.244332	59.690578	534678.375000	33502.269531	12533.960938	54496.781250
2010	05	214.770355	136.131577	139.450790	-71.324112	0.000027	0.000028	60.812031	37.789890	90.945534	576810.875000	33502.265625	12536.828125	54499.035156
2010	05	207.292511	131.251236	136.233948	-67.063637	0.000025	0.000027	60.192684	61.696983	73.084435	556727.625000	33502.246094	12539.862305	54501.488281
2010	05	171.646118	104.970558	126.371284	-41.280434	0.000015	0.000017	59.695713	-25.957075	59.278206	460991.718750	33502.250000	12542.258789	54503.320312
2010	05	199.832336	129.080780	128.006409	-67.832024	0.000025	0.000027	57.254852	72.803352	75.273941	536691.750000	33502.253906	12544.568359	54505.097656
2010	05	146.704559	90.391464	112.284187	-30.426950	0.000011	0.000013	55.971100	9.582376	58.253021	394005.906250	33502.246094	12546.929688	54507.019531
2010	05	153.091049	94.100479	117.219002	-31.879128	0.000012	0.000013	58.228428	14.624266	54.556118	411158.187500	33502.277344	12548.309570	54507.902344
2010	05	160.746201	102.123871	112.826149	-43.927620	0.000016	0.000018	54.203808	102.093666	52.497074	431717.718750	33502.296875	12549.974609	54509.132812
2010	05	173.436554	112.716454	112.937065	-56.507507	0.000021	0.000023	52.216980	117.972404	52.210571	465800.312500	33502.296875	12551.880859	54510.707031
2010	05	200.019241	131.937607	120.761597	-75.266159	0.000028	0.000030	52.679955	93.872681	55.291885	537193.750000	33502.277344	12554.195312	54512.707031
2010	05	202.994736	134.403290	121.312988	-77.690735	0.000029	0.000030	52.721531	104.932228	62.774063	545185.000000	33502.246094	12556.935547	54515.105469
2010	05	202.443298	132.044296	123.906952	-74.545792	0.000028	0.000029	53.507961	47.786869	51.952145	543704.000000	33502.210938	12559.859375	54517.703125
2010	05	181.508102	115.356384	122.747139	-54.770912	0.000020	0.000022	56.595428	18.445581	50.912548	487478.125000	33502.199219	12562.170898	54519.605469
2010	05	211.732101	138.584854	129.282715	-78.459816	0.000029	0.000031	56.135483	97.090385	73.267761	568651.000000	33502.183594	12564.807617	54521.792969
2010	05	228.744980	151.204910	133.274246	-91.481667	0.000034	0.000036	55.734180	84.202484	75.347321	614342.687500	33502.140625	12567.953125	54524.515625
2010	05	242.081863	161.778519	135.965408	-102.127876	0.000038	0.000040	55.662064	75.670769	75.920364	650161.687500	33502.082031	12571.504883	54527.656250
2010	05	208.492065	136.029694	128.096619	-76.407379	0.000029	0.000030	55.634243	45.892101	51.520859	559949.312500	33502.031250	12575.003906	54530.734375
2010	05	247.464706	163.015106	144.423721	-99.053398	0.000037	0.000038	59.974129	65.102768	90.012604	664618.437500	33501.992188	12578.156250	54533.414062
2010	05	201.524750	128.379898	131.967087	-65.570587	0.000024	0.000026	58.822227	89.023239	65.735390	541237.062500	33501.949219	12581.571289	54536.289062
2010	05	234.823959	158.511841	131.204269	-99.633080	0.000037	0.000039	54.892159	77.301834	54.321186	630669.062500	33501.910156	12584.614258	54538.882812
2010	05	268.827148	181.381638	143.859879	-120.981163	0.000045	0.000047	56.414379	69.833588	71.434479	721991.750000	33501.835938	12588.462891	54542.339844
2010	05	196.352615	113.912659	147.755783	-44.611237	0.000017	0.000018	65.315849	39.456711	76.052704	527346.187500	33501.781250	12592.188477	54545.527344
2010	05	180.435303	96.081703	156.009827	-20.440453	0.000008	0.000009	71.656219	25.171717	71.993866	484596.937500	33501.804688	12594.322266	54546.839844
2010	05	236.385025	145.454300	157.591934	-74.808617	0.000028	0.000029	66.661217	-5.941415	62.285816	634861.625000	33501.828125	12596.597656	54548.207031
2010	05	238.247391	151.490982	148.926758	-85.336700	0.000032	0.000033	62.170364	101.313370	78.325439	639863.375000	33501.773438	12600.049805	54550.996094
2010	05	223.358322	143.196762	138.390839	-80.984055	0.000030	0.000032	58.229282	116.768593	66.845840	599875.750000	33501.710938	12603.436523	54553.859375
2010	05	220.979538	139.174713	140.016861	-76.979729	0.000029	0.000030	58.212040	73.939926	72.466042	593487.000000	33501.652344	12606.592773	54556.554688
2010	05	229.636292	146.485092	140.227417	-85.426437	0.000032	0.000033	57.076206	108.097328	73.481445	616736.562500	33501.605469	12609.602539	54559.070312
2010	06	209.313309	132.321564	130.557571	-74.902222	0.000029	0.000030	53.565823	103.640556	64.017433	580893.375000	33501.542969	12612.786133	54561.871094
2010	06	197.008530	122.936478	129.093277	-64.062218	0.000025	0.000026	55.021229	34.578194	43.590958	546744.750000	33501.503906	12615.436523	54564.101562
2010	06	231.487030	148.369629	140.843201	-86.791275	0.000033	0.000035	57.725796	25.665581	69.503159	642430.625000	33501.453125	12618.532227	54566.742188
2010	06	140.544128	72.561523	139.222137	2.530082	-0.000001	0.000001	71.239555	-3.467435	25.234518	390042.812500	33501.437500	12620.908203	54568.414062
2010	06	265.911285	172.666306	167.001907	-95.057838	0.000037	0.000038	73.756927	59.769371	118.108047	737966.000000	33501.460938	12623.293945	54569.722656
2010	06	229.488403	147.724060	152.511765	-73.125557	0.000028	0.000030	70.747421	13.071333	65.782555	636883.937500	33501.382812	12627.274414	54572.726562
2010	06	247.111771	161.456238	156.730667	-86.530518	0.000033	0.000035	71.075111	23.243021	72.918709	685792.937500	33501.320312	12630.893555	54575.363281
2010	06	257.220581	167.345764	158.793549	-94.576904	0.000036	0.000038	68.918739	80.527092	106.268135	713847.250000	33501.238281	12634.831055	54578.390625
2010	06	267.966583	179.565811	154.013992	-110.102921	0.000042	0.000044	65.613235	83.250877	82.763138	743669.875000	33501.132812	12639.129883	54581.875000
2010	06	261.684357	171.567947	156.682602	-101.152550	0.000039	0.000041	66.566208	84.890656	99.380341	726235.250000	33501.023438	12643.479492	54585.453125
2010	06	227.654221	146.805191	145.213501	-78.591995	0.000030	0.000032	64.364479	45.018795	61.147591	631793.687500	33500.933594	12647.452148	54588.648438
2010	06	168.805588	99.867294	134.092438	-30.864887	0.000012	0.000013	65.154160	4.243910	44.962353	468474.968750	33500.882812	12650.049805	54590.542969
2010	06	247.640289	159.843002	153.744614	-90.047874	0.000035	0.000036	65.947350	96.796127	94.855392	687259.687500	33500.851562	12652.737305	54592.449219
2010	06	276.837006	186.532104	153.743362	-119.246315	0.000046	0.000047	63.438473	67.649094	82.609673	768287.437500	33500.750000	12656.819336	54595.808594
2010	06	257.881226	165.757278	159.225952	-94.808411	0.000037	0.000038	67.102013	90.885773	106.564301	715680.687500	33500.636719	12661.296875	54599.539062
2010	06	232.334061	147.806870	148.047592	-80.440071	0.000031	0.000033	63.520409	117.076759	95.527824	644781.375000	33500.546875	12665.094727	54602.578125
2010	06	259.588867	169.436584	152.200714	-103.542221	0.000040	0.000041	62.048435	92.811455	100.287384	720419.812500	33500.453125	12668.743164	54605.593750
2010	06	261.935028	167.878235	158.573883	-99.515709	0.000038	0.000040	64.517082	62.869839	96.553085	726931.000000	33500.355469	12672.685547	54608.855469
2010	06	253.852570	157.229843	163.871552	-86.136078	0.000033	0.000035	67.248802	61.063221	105.939362	704500.250000	33500.253906	12676.930664	54612.347656
2010	06	267.879944	165.596680	170.869278	-93.166214	0.000036	0.000037	68.586021	42.533478	112.411186	743429.437500	33500.164062	12680.778320	54615.359375
2010	06	263.548492	160.290695	176.632385	-83.072197	0.000032	0.000034	73.374580	37.791405	98.384117	731408.625000	33500.062500	12684.986328	54618.695312
2010	06	269.294983	167.632935	177.821457	-87.630119	0.000034	0.000035	76.159424	68.533478	116.825371	747356.562500	33499.984375	12688.894531	54621.480469
2010	06	271.476929	174.157242	166.269669	-101.364334	0.000039	0.000041	68.949989	46.253475	95.142365	753412.000000	33499.875000	12693.240234	54624.875000
2010	06	234.575745	144.321869	161.938522	-68.794769	0.000027	0.000028	71.684662	30.386692	65.316795	651002.500000	33499.781250	12696.929688	54627.683594
2010	06	293.627228	188.033386	180.196671	-109.588623	0.000042	0.000044	74.602829	58.399071	117.727226	814884.187500	33499.687500	12700.959961	54630.718750
2010	06	247.220810	154.624115	162.061081	-81.318291	0.000031	0.000033	69.464378	101.270905	108.701057	686095.500000	33499.566406	12705.458984	54634.250000
2010	06	274.708374	180.221848	159.311417	-111.555977	0.000043	0.000045	64.824883	44.311764	93.479958	762379.937500	33499.457031	12709.333984	54637.371094
2010	06	249.247574	157.489334	158.943359	-86.463707	0.000033	0.000035	67.185112	103.785095	103.365601	691720.312500	33499.335938	12713.561523	54640.851562
2010	06	196.269608	116.589851	148.371613	-44.057941	0.000017	0.000018	68.691849	26.515600	50.567593	544694.062500	33499.253906	12716.705078	54643.214844
2010	06	290.473816	187.477280	175.079498	-111.554726	0.000043	0.000045	72.082977	62.210876	116.439827	806132.750000	33499.183594	12719.965820	54645.578125
2010	07	268.515594	173.068497	166.073364	-98.475143	0.000037	0.000038	70.626266	100.000381	109.770470	721155.125000	33499.054688	12724.560547	54649.277344
2010	07	292.574310	193.935837	165.501694	-123.106010	0.000046	0.000047	66.863205	77.803902	86.342949	785769.812500	33498.933594	12728.750977	54652.730469
2010	07	289.296265	186.455612	170.891190	-114.438919	0.000043	0.000044	68.050552	73.086746	110.783455	776965.937500	33498.792969	12733.388672	54656.675781
2010	07	280.935303	177.955902	171.913025	-105.056595	0.000039	0.000041	68.933632	53.238567	110.487740	754510.812500	33498.667969	12737.703125	54660.253906
2010	07	238.031342	138.708389	172.898804	-61.167351	0.000023	0.000024	73.575851	58.192455	110.736885	639283.187500	33498.566406	12741.566406	54663.316406
2010	07	256.650970	149.768707	181.451584	-71.234741	0.000027	0.000028	74.569305	3.798481	84.978760	689290.125000	33498.496094	12744.658203	54665.472656
2010	07	284.546692	171.279877	188.052963	-92.529602	0.000035	0.000036	74.786156	33.334549	63.078602	764209.937500	33498.410156	12748.228516	54668.101562
2010	07	233.145172	127.309456	186.725632	-42.455948	0.000016	0.000017	80.889931	38.627178	65.514084	626160.375000	33498.312500	12752.075195	54670.957031
2010	07	227.126816	122.344826	184.301910	-38.861889	0.000015	0.000016	79.519905	16.766804	37.557995	609996.750000	33498.269531	12754.551758	54672.277344
2010	07	250.543137	141.927124	187.514496	-59.066177	0.000022	0.000024	78.898483	21.154673	53.557198	672886.187500	33498.210938	12757.510742	54674.167969
2010	07	212.413086	115.217651	174.262589	-34.188583	0.000013	0.000014	77.067139	-2.159730	63.626621	570480.000000	33498.144531	12760.136719	54675.769531
2010	07	288.104126	176.749084	187.407639	-96.735077	0.000036	0.000038	76.052589	41.986328	80.743477	773764.125000	33498.070312	12763.367188	54678.035156
2010	07	295.551758	181.573776	190.277893	-101.312950	0.000038	0.000039	76.299919	56.490582	99.256912	793766.375000	33497.937500	12767.673828	54681.355469
2010	07	278.439728	169.247177	184.264725	-90.214600	0.000034	0.000035	75.072159	46.352070	55.656513	747808.375000	33497.808594	12771.879883	54684.617188
2010	07	282.843781	167.957947	196.238846	-82.645065	0.000031	0.000032	81.353035	41.233055	132.249481	759636.375000	33497.691406	12775.844727	54687.546875
2010	07	265.524628	159.702972	182.508377	-79.056900	0.000030	0.000031	76.686737	66.485970	113.097908	713122.187500	33497.570312	12779.833008	54690.488281
2010	07	299.071136	187.446030	184.519897	-110.592377	0.000041	0.000043	72.894791	61.168575	103.194427	803218.375000	33497.445312	12783.779297	54693.527344
2010	07	271.661743	156.564621	192.398148	-75.305305	0.000028	0.000030	77.301010	50.762260	118.243790	729604.687500	33497.308594	12788.036133	54696.851562
2010	07	275.149231	161.653687	187.962830	-83.228638	0.000031	0.000033	74.467285	41.100018	97.192970	738971.062500	33497.187500	12791.887695	54699.746094
2010	07	274.220459	164.068161	181.700577	-88.562630	0.000033	0.000035	71.548286	32.813931	88.144989	736476.687500	33497.066406	12795.669922	54702.691406
2010	07	267.226898	156.765900	181.790588	-81.479568	0.000030	0.000032	71.329613	72.187943	100.420151	717693.937500	33496.945312	12799.405273	54705.625000
2010	07	275.867310	168.377716	175.063324	-96.847755	0.000036	0.000038	67.573738	53.072979	83.581009	740899.625000	33496.824219	12803.096680	54708.593750
2010	07	278.895752	166.343933	181.910156	-93.029861	0.000035	0.000036	69.358353	64.034943	111.281395	749033.125000	33496.699219	12806.993164	54711.785156
2010	07	229.269577	128.776367	168.023422	-57.290894	0.000021	0.000023	67.530228	63.400631	86.917992	615751.625000	33496.578125	12810.682617	54714.800781
2010	07	75.124023	2.511119	140.162857	68.993515	-0.000026	-0.000024	67.549950	-6.484692	23.966251	201761.343750	33496.523438	12811.708984	54715.152344
2010	07	261.697845	153.444229	177.836624	-79.907043	0.000030	0.000031	69.583023	58.512413	101.083183	702844.562500	33496.531250	12812.162109	54714.937500
2010	07	277.521057	166.936676	175.704453	-97.862923	0.000037	0.000038	65.120110	80.103470	97.035461	745341.062500	33496.476562	12815.701172	54717.769531
2010	07	262.225067	150.980804	176.788940	-81.482964	0.000030	0.000032	65.544701	53.008175	104.374649	704260.500000	33496.351562	12819.477539	54720.972656
2010	07	251.000793	144.371140	170.774521	-76.273605	0.000028	0.000030	64.144867	58.816734	106.030800	674115.375000	33496.242188	12822.822266	54723.753906
2010	07	262.860901	149.584274	176.969360	-81.939384	0.000031	0.000032	63.692764	43.316494	77.973145	705968.125000	33496.140625	12826.000000	54726.363281
2010	07	251.414520	151.566711	158.436111	-89.026733	0.000033	0.000035	58.588303	101.395546	73.074821	675226.562500	33496.027344	12829.395508	54729.328125
2010	08	251.268631	151.348145	157.275772	-90.041626	0.000034	0.000035	57.355293	93.743431	76.583138	674834.687500	33495.917969	12832.600586	54732.195312
2010	08	254.250381	152.348145	158.757660	-91.541924	0.000034	0.000036	56.855427	100.991821	83.899826	682842.812500	33495.812500	12835.813477	54735.101562
2010	08	257.854248	154.814056	158.633835	-95.270073	0.000036	0.000037	55.593647	92.394730	78.128220	692521.750000	33495.707031	12839.123047	54738.117188
2010	08	251.205231	146.762817	160.049988	-87.205353	0.000033	0.000034	55.607582	46.660065	80.591415	674664.437500	33495.605469	12842.402344	54741.136719
2010	08	245.592834	138.687897	166.705582	-74.937866	0.000028	0.000029	59.800636	19.235271	82.996094	659591.187500	33495.519531	12845.397461	54743.808594
2010	08	227.021988	121.508827	172.225983	-50.847111	0.000019	0.000020	66.712830	63.927433	98.973137	609715.250000	33495.449219	12848.336914	54746.234375
2010	08	249.745071	143.681427	168.156876	-77.639786	0.000029	0.000030	62.093250	80.299995	75.350685	670742.875000	33495.386719	12850.908203	54748.230469
2010	08	230.521469	137.561295	148.904236	-77.669273	0.000029	0.000030	55.944069	126.132416	61.305607	619113.812500	33495.300781	12853.884766	54750.863281
2010	08	225.683533	129.390793	151.692703	-70.043312	0.000026	0.000028	55.399940	89.157654	78.564568	606120.562500	33495.214844	12856.550781	54753.292969
2010	08	236.549866	129.647308	166.040604	-66.562233	0.000025	0.000026	59.138031	12.335203	77.201843	635304.375000	33495.148438	12859.004883	54755.433594
2010	08	234.836426	129.269501	166.711594	-64.178284	0.000024	0.000025	61.144661	50.370300	83.710052	630702.625000	33495.082031	12861.605469	54757.621094
2010	08	230.307480	132.622589	155.145126	-71.216248	0.000027	0.000028	57.460239	106.213089	68.280762	618539.125000	33495.011719	12864.321289	54759.960938
2010	08	225.987549	131.847641	148.589935	-73.451935	0.000027	0.000029	54.450024	111.390633	63.119507	606937.062500	33494.937500	12866.902344	54762.292969
2010	08	231.129211	133.544983	151.542923	-75.641022	0.000028	0.000030	53.958702	92.717728	73.581566	620746.062500	33494.863281	12869.444336	54764.640625
2010	08	231.088089	127.566872	159.491745	-67.651558	0.000025	0.000027	55.970528	65.262138	73.941910	620635.625000	33494.789062	12872.035156	54767.000000
2010	08	212.913101	112.342186	156.328705	-52.640095	0.000020	0.000021	55.757793	52.364643	74.109650	571822.875000	33494.726562	12874.566406	54769.269531
2010	08	99.499252	19.650414	135.617188	40.061710	-0.000015	-0.000013	55.768341	-26.268589	26.233732	267226.156250	33494.703125	12875.527344	54769.992188
2010	08	219.938446	114.472343	166.106888	-49.888321	0.000019	0.000020	60.640781	4.879012	94.434875	590690.937500	33494.734375	12875.754883	54769.910156
2010	08	209.731216	110.811432	159.302673	-46.485798	0.000017	0.000019	60.382889	83.709938	71.471024	563277.250000	33494.714844	12878.044922	54771.757812
2010	08	193.777710	100.045822	152.169586	-37.665833	0.000014	0.000016	58.437695	71.879692	69.697678	520430.781250	33494.675781	12879.944336	54773.316406
2010	08	204.446198	108.690559	159.087082	-41.417328	0.000015	0.000017	63.331429	8.118027	81.558571	549083.250000	33494.644531	12881.526367	54774.496094
2010	08	217.608078	119.533958	162.769363	-50.897385	0.000019	0.000020	64.695251	62.071690	80.476456	584432.187500	33494.601562	12883.699219	54776.125000
2010	08	211.360809	114.949356	159.147247	-48.272697	0.000018	0.000019	62.735783	55.304424	72.718903	567653.875000	33494.550781	12885.892578	54777.824219
2010	08	225.730637	126.491325	160.548782	-61.241444	0.000023	0.000024	61.309471	56.815662	62.357731	606247.062500	33494.496094	12888.092773	54779.570312
2010	08	217.085403	121.066093	156.086121	-57.059330	0.000021	0.000023	60.066811	72.778954	67.760384	583028.437500	33494.429688	12890.514648	54781.589844
2010	08	204.478165	112.235901	150.050461	-50.488186	0.000019	0.000020	57.808201	74.225555	62.123878	549169.062500	33494.375000	12892.700195	54783.433594
2010	08	205.514328	110.776031	151.788513	-49.786758	0.000019	0.000020	57.050205	19.167051	54.253593	551951.937500	33494.324219	12894.620117	54785.058594
2010	08	202.115814	108.533913	149.719223	-48.457989	0.000018	0.000020	56.137325	72.219925	57.487656	542824.500000	33494.277344	12896.514648	54786.679688
2010	08	199.437668	105.070122	149.894196	-45.605305	0.000017	0.000018	55.526661	39.526489	65.986580	535631.750000	33494.230469	12898.338867	54788.277344
2010	08	185.680145	89.369537	153.560226	-28.182224	0.000011	0.000012	57.249622	44.896259	69.894333	498683.031250	33494.195312	12899.927734	54789.609375
2010	08	184.083725	87.580132	153.703918	-26.442577	0.000010	0.000011	57.200333	44.716198	68.642967	494395.531250	33494.179688	12901.234375	54790.632812
2010	09	165.762268	69.887581	153.423416	-8.529125	0.000003	0.000005	57.548725	37.536407	73.867577	460029.062500	33494.167969	12902.332031	54791.417969
2010	09	189.985489	89.095848	159.695969	-26.480318	0.000010	0.000012	58.806332	22.356899	80.662926	527254.187500	33494.167969	12903.422852	54792.132812
2010	09	168.278671	70.758263	158.008362	-6.461632	0.000002	0.000004	60.487957	43.073254	74.027374	467012.656250	33494.152344	12904.856445	54793.128906
2010	09	186.821930	85.873627	169.034729	-13.979048	0.000005	0.000007	68.086433	56.325027	87.413940	518474.531250	33494.152344	12905.958984	54793.644531
2010	09	194.064896	96.373535	161.522751	-28.734528	0.000011	0.000013	63.831371	58.686378	69.426796	538575.500000	33494.136719	12907.547852	54794.585938
2010	09	178.317291	89.459267	148.427612	-26.082520	0.000010	0.000012	59.569588	83.663506	61.045132	494872.187500	33494.101562	12909.204102	54795.746094
2010	09	170.830963	84.685837	142.566574	-24.457663	0.000009	0.000011	56.421455	85.346474	57.907429	474095.843750	33494.074219	12910.546875	54796.734375
2010	09	170.099487	81.301300	144.622162	-21.671038	0.000008	0.000010	55.823978	21.660551	62.312008	472065.843750	33494.050781	12911.669922	54797.566406
2010	09	186.857712	90.171440	154.914474	-28.137426	0.000011	0.000012	58.228218	35.364250	60.688576	518573.812500	33494.027344	12912.923828	54798.484375
2010	09	180.341736	90.512177	147.032181	-29.504236	0.000011	0.000013	57.202614	69.819229	52.940552	500490.500000	33493.996094	12914.448242	54799.636719
2010	09	157.153275	75.886467	135.304825	-18.043560	0.000007	0.000008	54.038021	65.708946	43.333042	436137.093750	33493.968750	12915.686523	54800.585938
2010	09	162.085876	80.169388	134.152603	-24.128820	0.000009	0.000011	52.236111	96.946533	44.295509	449826.250000	33493.953125	12916.603516	54801.304688
2010	09	151.134308	74.248260	126.889221	-20.441027	0.000008	0.000009	50.003174	88.664986	39.555458	419433.031250	33493.933594	12917.596680	54802.171875
2010	09	40.828369	-14.201217	107.753143	70.728394	-0.000027	-0.000026	52.723553	-1.907119	24.571962	113308.273438	33493.929688	12917.314453	54801.765625
2010	09	125.829750	53.371254	131.035950	9.009390	-0.000003	-0.000002	58.577446	19.854698	58.338223	349207.000000	33493.968750	12915.906250	54800.066406
2010	09	143.979553	71.364365	129.340378	-10.836376	0.000004	0.000006	56.725193	83.031776	43.327175	399576.875000	33494.003906	12916.230469	54800.011719
2010	09	151.001251	75.551865	130.303925	-16.894911	0.000007	0.000008	54.854546	77.784363	47.797539	419063.750000	33494.031250	12916.904297	54800.410156
2010	09	147.709900	72.482414	137.681778	-6.226118	0.000002	0.000004	62.454300	65.300484	70.582817	409929.468750	33494.054688	12917.586914	54800.718750
2010	09	161.303116	84.786079	136.915039	-20.586462	0.000008	0.000009	60.397995	68.772705	53.825287	447653.875000	33494.054688	12918.456055	54801.082031
2010	09	134.341980	61.531799	132.208023	1.667265	-0.000001	0.000001	59.397831	12.486521	34.647419	372830.437500	33494.046875	12919.253906	54801.457031
2010	09	134.267303	64.991356	125.792839	-4.673638	0.000002	0.000003	56.516891	76.953079	47.592461	372623.156250	33494.054688	12919.585938	54801.414062
2010	09	134.717697	66.188087	122.342155	-8.575091	0.000003	0.000005	53.812542	68.375809	43.246059	373873.125000	33494.058594	12919.958008	54801.531250
2010	09	158.781540	73.674995	142.964035	-12.017470	0.000005	0.000006	57.857494	15.289209	73.375313	440655.906250	33494.058594	12920.532227	54801.820312
2010	09	134.569031	61.468697	129.422867	-1.346560	0.000001	0.000002	56.322529	64.079498	43.348053	373460.531250	33494.050781	12921.227539	54802.164062
2010	09	140.226013	63.371422	132.458710	-3.968116	0.000002	0.000003	55.604118	18.400093	45.732887	389160.000000	33494.058594	12921.587891	54802.242188
2010	09	134.817627	50.597389	144.003891	12.984942	-0.000005	-0.000004	59.783657	-4.768034	47.218460	374150.437500	33494.062500	12922.040039	54802.320312
2010	09	93.779816	31.060448	117.073341	27.091764	-0.000010	-0.000009	54.353973	15.445179	16.496666	260260.906250	33494.078125	12922.000977	54801.953125
2010	09	97.202888	33.861088	121.436775	28.031704	-0.000011	-0.000009	58.094978	7.720183	45.287754	269760.750000	33494.093750	12921.396484	54801.082031
2010	09	87.729614	26.305733	123.514389	39.582195	-0.000015	-0.000014	62.090515	0.771514	32.358250	243470.187500	33494.113281	12920.826172	54800.070312
2010	09	143.823441	61.388733	156.983368	16.956865	-0.000007	-0.000005	74.548653	7.374502	51.622082	399143.687500	33494.128906	12920.441406	54798.933594
2010	10	126.517731	45.565662	156.998489	34.403774	-0.000013	-0.000011	76.046417	-3.970995	32.398930	339789.937500	33494.140625	12920.708008	54798.304688
2010	10	134.609375	50.539677	166.152618	35.465744	-0.000013	-0.000012	82.082924	-27.678444	75.451004	361521.781250	33494.140625	12920.796875	54797.421875
2010	10	124.850258	50.899002	148.162155	27.233919	-0.000010	-0.000009	74.210892	48.254631	54.719460	335311.593750	33494.132812	12920.971680	54796.601562
2010	10	114.113647	50.101585	128.676071	18.484058	-0.000007	-0.000005	64.664017	58.524456	42.633888	306476.187500	33494.117188	12920.888672	54795.878906
2010	10	127.712677	60.788811	129.154510	5.363104	-0.000002	-0.000001	62.230648	45.931076	37.338425	342999.218750	33494.105469	12920.770508	54795.300781
2010	10	131.312683	60.563515	133.447174	6.055361	-0.000002	-0.000001	62.697994	36.170380	45.608673	352667.843750	33494.097656	12920.908203	54794.988281
2010	10	66.422516	11.553832	116.038307	53.536278	-0.000020	-0.000019	61.169624	-12.033907	36.670376	178391.609375	33494.097656	12920.601562	54794.242188
2010	10	102.359695	36.377033	132.892960	34.453327	-0.000013	-0.000011	66.910301	10.964707	42.609127	274908.468750	33494.093750	12919.460938	54792.582031
2010	10	106.046135	43.640106	123.833748	21.707273	-0.000008	-0.000007	61.427711	29.819521	55.386444	284809.187500	33494.089844	12919.002930	54791.628906
2010	10	75.012665	22.173285	110.048157	38.954773	-0.000015	-0.000013	57.208782	58.668499	38.178623	201462.265625	33494.085938	12918.379883	54790.648438
2010	10	90.115204	35.068993	109.098236	22.901941	-0.000009	-0.000007	54.052021	37.274620	40.065796	242023.328125	33494.085938	12917.390625	54789.453125
2010	10	84.512115	31.207844	106.773270	26.179689	-0.000010	-0.000008	53.468994	48.785019	28.629490	226975.046875	33494.089844	12916.659180	54788.546875
2010	10	101.650185	45.058907	109.361794	11.629784	-0.000004	-0.000003	52.770515	47.544701	25.892128	273002.937500	33494.093750	12915.964844	54787.714844
2010	10	96.459160	40.191177	109.325111	16.783760	-0.000006	-0.000005	53.057133	41.087887	26.613964	259061.328125	33494.105469	12915.520508	54787.117188
2010	10	91.079849	36.174084	107.235649	20.073244	-0.000007	-0.000006	52.329891	17.205793	19.226461	244614.062500	33494.117188	12914.964844	54786.429688
2010	10	17.331198	-25.033957	96.588570	83.174408	-0.000031	-0.000030	54.223412	-41.676888	42.175030	46546.574219	33494.132812	12913.706055	54785.015625
2010	10	78.577225	23.404472	112.754066	38.093437	-0.000014	-0.000013	57.581306	7.272750	35.282585	211035.656250	33494.148438	12911.705078	54782.750000
2010	10	88.524788	32.423058	111.067451	26.458879	-0.000010	-0.000008	54.965725	18.490026	33.683292	237751.906250	33494.160156	12910.833008	54781.632812
2010	10	60.976223	13.100996	100.000900	42.940502	-0.000016	-0.000015	52.125679	33.056335	33.070915	163764.453125	33494.171875	12909.905273	54780.523438
2010	10	75.875099	26.326727	99.296143	27.336502	-0.000010	-0.000009	49.747765	32.955200	26.958611	203778.546875	33494.183594	12908.645508	54779.199219
2010	10	83.705307	30.457705	104.217331	24.427120	-0.000009	-0.000008	50.969738	7.013629	25.104439	224808.187500	33494.199219	12907.708984	54778.191406
2010	10	75.261909	22.487448	105.298592	33.951374	-0.000013	-0.000011	52.524124	-3.841607	27.521202	202131.687500	33494.214844	12906.807617	54777.183594
2010	10	50.678207	6.290035	94.711296	47.947403	-0.000018	-0.000016	50.323124	38.211178	24.615557	136106.968750	33494.234375	12905.599609	54775.843750
2010	10	50.912155	8.373087	89.547012	42.548805	-0.000016	-0.000014	47.007938	31.964170	26.032022	136735.296875	33494.250000	12904.003906	54774.250000
2010	10	60.526463	16.208820	90.512024	33.899158	-0.000013	-0.000011	46.194382	25.063780	19.767620	162556.546875	33494.269531	12902.502930	54772.804688
2010	10	40.967896	-1.788670	90.791183	53.736515	-0.000020	-0.000019	48.034622	-1.809252	18.165068	110027.890625	33494.289062	12901.012695	54771.343750
2010	10	92.288643	32.606720	113.383400	25.007559	-0.000009	-0.000008	53.701473	7.968055	17.215857	247860.546875	33494.316406	12899.622070	54769.875000
2010	10	47.832100	-6.647092	111.146400	67.226654	-0.000025	-0.000024	56.667202	-31.927752	10.239372	128463.148438	33494.343750	12898.640625	54768.656250
2010	10	87.988037	21.639109	132.595261	48.519073	-0.000018	-0.000017	66.246338	-23.203352	31.012199	236310.375000	33494.371094	12897.219727	54766.789062
2010	10	71.408821	19.499945	110.581635	43.084240	-0.000016	-0.000015	58.672760	22.335138	18.641403	191783.406250	33494.386719	12896.345703	54765.437500
2010	10	45.260178	2.897181	94.673264	53.324123	-0.000020	-0.000018	52.310261	27.915924	24.834873	121555.718750	33494.398438	12895.044922	54763.890625
2010	11	45.963905	4.327029	90.620964	48.441570	-0.000019	-0.000017	48.984085	30.179367	19.615297	127560.578125	33494.406250	12893.366211	54762.113281
2010	11	37.143768	-0.752341	84.193314	50.833702	-0.000020	-0.000018	46.297203	35.021996	20.916559	103082.640625	33494.417969	12891.660156	54760.363281
2010	11	34.217381	-1.348158	79.631493	49.197922	-0.000019	-0.000018	44.065952	46.214943	13.283686	94961.226562	33494.429688	12889.806641	54758.546875
2010	11	38.079929	2.513974	78.621666	44.325207	-0.000017	-0.000016	43.055710	46.294098	9.512857	105680.710938	33494.445312	12887.958984	54756.796875
2010	11	42.603485	5.486404	79.789833	40.969479	-0.000016	-0.000014	42.672749	19.754875	10.652592	118234.640625	33494.460938	12886.209961	54755.167969
2010	11	66.333954	13.493416	107.929695	45.378479	-0.000018	-0.000016	55.089149	-37.942265	20.413351	184092.218750	33494.484375	12884.682617	54753.578125
2010	11	44.289677	1.414845	96.014122	55.506775	-0.000021	-0.000020	53.139290	15.707230	14.180911	122914.210938	33494.515625	12883.401367	54751.968750
2010	11	32.225349	-5.474411	86.123489	57.680080	-0.000022	-0.000021	48.423725	9.354485	31.833870	89432.875000	33494.535156	12881.668945	54750.093750
2010	11	39.551498	-1.052333	89.523285	53.753357	-0.000021	-0.000019	48.919449	-42.395370	42.333298	109764.656250	33494.550781	12879.784180	54748.148438
2010	11	42.024105	-1.477912	95.296631	57.053699	-0.000022	-0.000021	51.794617	-22.910316	33.482441	116626.718750	33494.570312	12878.053711	54746.250000
2010	11	34.304165	-3.560510	85.182373	54.658989	-0.000021	-0.000020	47.317692	11.315447	32.712273	95202.078125	33494.585938	12876.304688	54744.382812
2010	11	36.236916	0.010728	80.477402	48.020912	-0.000019	-0.000017	44.251217	14.147796	22.748053	100565.914062	33494.601562	12874.462891	54742.558594
2010	11	49.304821	10.339900	83.020248	37.495502	-0.000014	-0.000013	44.055321	19.859966	13.953968	136832.406250	33494.617188	12872.770508	54740.933594
2010	11	53.736576	12.375299	86.187241	36.230389	-0.000014	-0.000013	44.825958	6.700610	15.976390	149131.562500	33494.636719	12871.313477	54739.527344
2010	11	34.444962	-1.547112	80.226135	49.560539	-0.000019	-0.000018	44.234058	22.040476	7.876553	95592.820312	33494.660156	12869.787109	54738.035156
2010	11	37.770138	0.188900	81.493195	47.502075	-0.000018	-0.000017	43.911961	-8.921264	8.547978	104820.960938	33494.683594	12867.973633	54736.296875
2010	11	44.359608	2.695547	88.907372	48.326393	-0.000019	-0.000017	47.243313	13.672009	12.095499	123108.273438	33494.710938	12866.270508	54734.585938
2010	11	55.309551	7.783295	99.557190	48.025864	-0.000019	-0.000017	52.030930	-38.139824	29.620319	153496.937500	33494.734375	12864.755859	54732.980469
2010	11	29.110704	-9.056351	89.038666	63.705776	-0.000025	-0.000023	50.871616	-2.568803	33.787056	80789.007812	33494.765625	12863.208984	54731.171875
2010	11	19.234087	-11.539008	74.334526	58.877888	-0.000023	-0.000021	43.561428	26.167484	19.852764	53379.089844	33494.781250	12861.170898	54729.101562
2010	11	20.734219	-9.989325	71.372238	54.415131	-0.000021	-0.000020	40.648705	7.682821	20.053230	57542.304688	33494.796875	12858.999023	54727.066406
2010	11	14.714144	-13.694492	65.485573	54.548176	-0.000021	-0.000020	37.076935	30.022066	36.688313	40835.191406	33494.816406	12856.832031	54725.097656
2010	11	14.644913	-14.118757	63.917343	53.048832	-0.000020	-0.000019	35.153671	0.884620	12.773978	40643.058594	33494.824219	12854.593750	54723.222656
2010	11	18.031303	-13.137917	72.189865	57.934593	-0.000022	-0.000021	41.020641	-5.722427	-0.143073	50041.082031	33494.847656	12852.379883	54721.238281
2010	11	13.809540	-14.897175	70.389038	60.355164	-0.000023	-0.000022	41.682327	19.712915	37.932755	38324.699219	33494.878906	12850.201172	54719.156250
2010	11	14.482819	-12.357023	60.068539	49.361031	-0.000019	-0.000018	33.228699	42.218636	22.748465	40193.207031	33494.894531	12847.965820	54717.214844
2010	11	16.052277	-12.228344	60.660667	48.383350	-0.000019	-0.000017	32.380047	-0.220660	17.342173	44548.820312	33494.906250	12845.762695	54715.453125
2010	11	12.701704	-13.686800	56.740234	47.813137	-0.000018	-0.000017	30.351728	16.495138	32.222214	35250.199219	33494.917969	12843.565430	54713.683594
2010	11	14.924023	-11.771396	52.868080	41.718315	-0.000016	-0.000015	26.172657	18.162167	21.013866	41417.652344	33494.914062	12841.345703	54712.062500
2010	11	16.160194	-10.852297	52.907753	40.521477	-0.000016	-0.000014	25.895266	17.932285	12.057796	44848.316406	33494.917969	12839.177734	54710.542969
2010	12	18.947365	-10.127893	58.722725	43.674709	-0.000016	-0.000015	29.647465	8.170444	1.805974	50887.125000	33494.925781	12837.051758	54709.019531
2010	12	22.103695	-8.587982	63.864567	45.659851	-0.000017	-0.000016	33.172890	-40.769901	-1.883384	59364.117188	33494.949219	12834.987305	54707.445312
2010	12	19.454981	-14.337672	78.546173	62.989761	-0.000024	-0.000022	44.753521	-44.611038	-4.110812	52250.437500	33494.988281	12832.958008	54705.656250
2010	12	22.316036	-7.760135	74.283363	55.865524	-0.000021	-0.000019	44.207191	1.017606	3.292743	59934.410156	33495.042969	12830.901367	54703.644531
2010	12	14.801487	-15.420600	73.898064	62.994381	-0.000024	-0.000022	43.675972	-22.020466	-1.145756	39752.503906	33495.085938	12828.844727	54701.679688
2010	12	17.119995	-12.286687	73.186440	59.963863	-0.000022	-0.000021	43.779755	9.016826	12.656631	45979.343750	33495.128906	12826.691406	54699.605469
2010	12	14.808004	-14.120066	71.193687	60.282722	-0.000023	-0.000021	42.265617	-16.129070	17.616465	39770.011719	33495.167969	12824.556641	54697.589844
2010	12	10.810540	-16.009623	67.371391	60.457520	-0.000023	-0.000021	40.551231	8.654412	23.784985	29033.978516	33495.207031	12822.366211	54695.542969
2010	12	8.982221	-16.225294	61.273895	56.187969	-0.000021	-0.000020	36.066380	16.214720	19.594639	24123.640625	33495.238281	12820.111328	54693.554688
2010	12	6.717031	-16.834547	54.110741	51.289646	-0.000019	-0.000018	30.559164	35.461964	23.225121	18040.000000	33495.261719	12817.834961	54691.683594
2010	12	8.253625	-14.288454	44.857655	40.499615	-0.000015	-0.000014	22.315577	33.313675	15.866467	22166.845703	33495.257812	12815.558594	54690.062500
2010	12	15.808058	-10.547354	47.566128	35.653297	-0.000013	-0.000012	21.210718	8.351547	6.414102	42455.859375	33495.253906	12813.350586	54688.671875
2010	12	14.290104	-11.056948	48.276031	37.880798	-0.000014	-0.000013	22.928978	-4.267835	9.502457	38379.078125	33495.269531	12811.241211	54687.332031
2010	12	13.724495	-15.888393	59.406986	49.576981	-0.000019	-0.000017	29.794100	-60.411121	-6.338904	36860.015625	33495.285156	12809.108398	54685.847656
2010	12	14.268827	-13.634932	63.307625	52.932892	-0.000020	-0.000018	35.403870	-2.215587	8.711371	38321.933594	33495.328125	12806.970703	54684.121094
2010	12	10.192859	-15.243961	61.916710	55.617569	-0.000021	-0.000019	36.479889	28.791683	26.198164	27375.062500	33495.382812	12804.821289	54682.289062
2010	12	10.074969	-14.338841	57.176613	50.994995	-0.000019	-0.000018	32.762802	43.561165	37.484158	27058.447266	33495.437500	12802.617188	54680.433594
2010	12	9.198739	-14.046688	47.258190	41.952442	-0.000016	-0.000014	24.012760	48.689045	34.580692	24705.146484	33495.472656	12800.416016	54678.804688
2010	12	10.067317	-12.740106	41.835831	35.661148	-0.000013	-0.000012	19.028404	41.802746	27.467499	27037.894531	33495.476562	12798.219727	54677.406250
2010	12	11.035427	-11.770771	38.963665	31.820524	-0.000012	-0.000010	16.157467	32.900093	18.415678	29637.958984	33495.476562	12796.053711	54676.152344
2010	12	9.881774	-12.459701	36.147728	30.157890	-0.000011	-0.000010	13.806254	17.395399	20.146965	26539.580078	33495.480469	12793.902344	54674.996094
2010	12	13.715509	-12.721583	42.147438	32.323494	-0.000012	-0.000011	15.710345	-56.188046	25.763229	36835.882812	33495.496094	12791.765625	54673.882812
2010	12	11.299931	-13.466037	41.770908	34.362164	-0.000013	-0.000011	17.004944	-12.650779	30.268988	30348.335938	33495.542969	12789.667969	54672.707031
2010	12	9.849538	-13.912651	40.426739	34.468014	-0.000013	-0.000011	16.664553	1.168956	26.379709	26453.003906	33495.574219	12787.534180	54671.503906
2010	12	8.532237	-13.634809	38.032360	33.390568	-0.000012	-0.000011	15.865312	20.311724	15.353928	22915.115234	33495.601562	12785.377930	54670.289062
2010	12	6.309275	-14.263628	34.552769	32.133587	-0.000012	-0.000011	13.979866	27.726120	15.010436	16944.882812	33495.625000	12783.202148	54669.101562
2010	12	7.155562	-13.290912	33.030357	29.764528	-0.000011	-0.000010	12.583883	26.064016	12.715683	19217.767578	33495.640625	12781.018555	54667.960938
2010	12	9.627014	-12.166144	33.139545	27.401907	-0.000010	-0.000009	11.346388	-8.578667	23.625086	25855.371094	33495.656250	12778.868164	54666.894531
2010	12	4.244635	-15.222129	30.905704	30.550085	-0.000011	-0.000010	11.438942	22.086241	5.890284	11399.860352	33495.671875	12776.727539	54665.851562
2010	12	6.093515	-13.542220	31.118143	28.913273	-0.000011	-0.000009	11.482408	9.852110	4.817595	16365.414062	33495.691406	12774.556641	54664.769531
2010	12	12.859393	-8.745642	33.104683	24.133577	-0.000009	-0.000008	11.499645	-9.454523	-4.185441	34536.601562	33495.710938	12772.433594	54663.738281
2011	01	16.294668	-8.800768	36.861126	24.454296	-0.000009	-0.000008	11.765691	1.050639	0.557595	43762.753906	33495.734375	12770.431641	54662.820312
2011	01	14.992023	-10.393696	37.606178	26.499855	-0.000010	-0.000008	12.220459	-5.098144	-0.138377	40264.230469	33495.757812	12768.434570	54661.925781
2011	01	13.507833	-12.153752	38.367302	28.745283	-0.000011	-0.000009	12.705719	-13.147182	2.196572	36278.121094	33495.785156	12766.391602	54660.988281
2011	01	8.281214	-14.147399	35.566597	31.171316	-0.000012	-0.000010	13.137981	-10.070095	8.777709	22240.941406	33495.812500	12764.291992	54659.976562
2011	01	7.304470	-13.511741	34.223160	30.804762	-0.000012	-0.000010	13.406947	-7.235044	6.876323	19617.689453	33495.843750	12762.115234	54658.875000
2011	01	5.716408	-14.176650	33.292580	31.462387	-0.000012	-0.000010	13.399521	4.994753	13.594144	15352.615234	33495.875000	12759.936523	54657.769531
2011	01	7.819693	-12.181889	33.269382	29.336046	-0.000011	-0.000010	13.267802	0.616450	8.710752	21001.427734	33495.906250	12757.761719	54656.664062
2011	01	7.324429	-12.331366	32.756149	29.318226	-0.000011	-0.000009	13.100354	9.420782	5.656627	19671.292969	33495.937500	12755.613281	54655.593750
2011	01	9.645201	-10.818547	33.436710	27.678162	-0.000010	-0.000009	12.972961	0.351146	4.915834	25904.214844	33495.968750	12753.474609	54654.531250
2011	01	8.290174	-12.480687	33.732525	29.329144	-0.000011	-0.000009	12.961663	-1.968393	10.653141	22265.003906	33496.003906	12751.368164	54653.503906
2011	01	11.528231	-10.032071	34.585854	26.944555	-0.000010	-0.000009	13.025553	-17.643917	14.107894	30961.486328	33496.039062	12749.263672	54652.476562
2011	01	10.181690	-10.926767	34.200272	27.905647	-0.000010	-0.000009	13.091814	-1.868172	6.155689	27345.068359	33496.074219	12747.205078	54651.492188
2011	01	9.410180	-11.401399	33.887623	28.364647	-0.000011	-0.000009	13.076046	-10.826766	11.366347	25273.015625	33496.113281	12745.125977	54650.484375
2011	01	7.539264	-12.990905	33.620667	29.968739	-0.000011	-0.000010	13.090498	-1.007558	10.783638	20248.277344	33496.152344	12743.028320	54649.457031
2011	01	6.136098	-13.152163	32.400723	30.152092	-0.000011	-0.000010	13.112462	5.172351	3.110989	16479.781250	33496.187500	12740.901367	54648.394531
2011	01	6.467217	-12.320340	31.803665	29.224051	-0.000011	-0.000009	13.016107	3.242458	6.695663	17369.072266	33496.226562	12738.773438	54647.335938
2011	01	6.769039	-12.475196	32.149784	29.268478	-0.000011	-0.000009	12.905547	9.720398	9.192506	18179.677734	33496.269531	12736.655273	54646.285156
2011	01	4.247341	-13.643030	30.737450	30.377977	-0.000011	-0.000010	12.847078	14.205392	2.261439	11407.125977	33496.308594	12734.536133	54645.238281
2011	01	14.974813	-5.875180	33.545113	22.458302	-0.000008	-0.000007	12.695119	-4.744878	-5.949851	40218.011719	33496.347656	12732.471680	54644.242188
2011	01	15.081298	-9.557584	37.508339	26.315157	-0.000010	-0.000008	12.869459	-19.826149	2.200984	40503.996094	33496.390625	12730.548828	54643.394531
2011	01	6.680380	-14.106595	34.009937	31.217766	-0.000012	-0.000010	13.222961	24.274210	13.942650	17941.564453	33496.433594	12728.561523	54642.464844
2011	01	7.947510	-11.983391	33.408623	29.349445	-0.000011	-0.000010	13.477722	8.489326	7.853585	21344.708984	33496.480469	12726.463867	54641.417969
2011	01	2.604622	-15.263016	31.418404	32.702229	-0.000012	-0.000011	13.550764	34.499165	0.660419	6995.259277	33496.527344	12724.375977	54640.371094
2011	01	3.320905	-13.927710	30.748295	31.315939	-0.000012	-0.000010	13.499679	45.858963	1.971193	8918.988281	33496.570312	12722.271484	54639.304688
2011	01	2.206472	-14.421256	29.820993	31.503176	-0.000012	-0.000010	13.193264	44.337830	-1.413002	5925.942871	33496.617188	12720.170898	54638.250000
2011	01	10.244347	-8.437214	31.398146	25.042570	-0.000009	-0.000008	12.716585	12.988440	4.233794	27513.343750	33496.660156	12718.097656	54637.234375
2011	01	15.652785	-5.323738	33.550457	21.786589	-0.000008	-0.000007	12.573933	-5.358981	-0.546267	42038.843750	33496.707031	12716.126953	54636.328125
2011	01	12.487845	-8.619861	33.837383	25.238588	-0.000009	-0.000008	12.729679	12.703140	10.952650	33538.730469	33496.753906	12714.214844	54635.480469
2011	01	7.587806	-11.853866	32.342907	28.644276	-0.000011	-0.000009	12.901237	27.580742	6.036043	20378.646484	33496.800781	12712.220703	54634.539062
2011	01	8.277307	-10.416164	31.576958	27.188951	-0.000010	-0.000009	12.883486	33.960846	5.244062	22230.445312	33496.851562	12710.173828	54633.542969
2011	01	5.592570	-12.029250	30.385548	28.682413	-0.000011	-0.000009	12.763728	40.360558	5.101159	15020.020508	33496.898438	12708.130859	54632.554688
2011	02	2.254559	-12.635666	26.174587	27.433172	-0.000011	-0.000010	11.284363	47.585598	0.360863	6703.851562	33496.945312	12706.063477	54631.546875
2011	02	4.926983	-10.322312	26.270321	24.856579	-0.000010	-0.000009	11.021023	17.877560	6.311784	14650.210938	33496.992188	12703.998047	54630.546875
2011	02	4.110599	-11.080308	26.098383	25.501144	-0.000011	-0.000009	10.907476	20.809124	2.764704	12222.722656	33497.042969	12701.936523	54629.554688
2011	02	6.554854	-9.702236	27.143827	24.102438	-0.000010	-0.000009	10.886738	22.737291	1.794518	19490.626953	33497.089844	12699.885742	54628.574219
2011	02	10.290637	-6.613485	27.835245	21.058193	-0.000009	-0.000007	10.931124	19.050915	5.894221	30598.845703	33497.140625	12697.887695	54627.648438
2011	02	13.677937	-4.387556	29.042580	18.878351	-0.000008	-0.000006	10.977088	18.221056	1.661659	40670.863281	33497.191406	12695.980469	54626.804688
2011	02	14.281255	-5.284362	30.656082	19.888639	-0.000008	-0.000007	11.090466	15.839060	9.499748	42464.804688	33497.242188	12694.144531	54626.031250
2011	02	18.209633	-1.781918	31.189726	16.494015	-0.000007	-0.000005	11.198175	9.555166	-1.361837	54145.703125	33497.292969	12692.337891	54625.285156
2011	02	15.771707	-4.958967	32.019279	19.761587	-0.000008	-0.000007	11.288606	0.022641	8.750892	46896.617188	33497.347656	12690.604492	54624.601562
2011	02	8.894808	-8.168548	28.435150	23.054459	-0.000010	-0.000008	11.371793	34.979416	5.369256	26448.398438	33497.402344	12688.744141	54623.789062
2011	02	5.919217	-10.319386	27.680853	25.275869	-0.000010	-0.000009	11.442251	34.474800	2.677912	17600.582031	33497.453125	12686.762695	54622.851562
2011	02	8.484319	-7.646849	27.612375	22.642401	-0.000009	-0.000008	11.481206	37.863625	5.298083	25227.826172	33497.507812	12684.760742	54621.890625
2011	02	14.140864	-3.322560	28.922890	18.296499	-0.000008	-0.000006	11.459465	12.435729	8.714876	42047.363281	33497.562500	12682.835938	54621.003906
2011	02	7.043267	-9.111502	27.599005	24.070326	-0.000010	-0.000008	11.444236	25.612455	3.801859	20942.908203	33497.617188	12680.974609	54620.179688
2011	02	17.974939	-1.424366	30.859997	16.399755	-0.000007	-0.000005	11.460692	-11.414660	-0.679937	53447.847656	33497.671875	12679.077148	54619.320312
2011	02	5.597142	-10.873382	28.060217	25.977877	-0.000011	-0.000009	11.589694	57.140869	9.730939	16642.906250	33497.726562	12677.277344	54618.554688
2011	02	16.893814	-2.076851	30.763275	17.384365	-0.000007	-0.000006	11.792610	25.077805	7.521364	50233.164062	33497.781250	12675.349609	54617.652344
2011	02	29.654444	6.952959	34.730846	8.591412	-0.000004	-0.000002	12.029361	7.360304	-13.479524	88176.445312	33497.835938	12673.723633	54617.042969
2011	02	23.546455	1.659087	34.170448	14.139103	-0.000006	-0.000004	12.283081	-23.378134	-11.822062	70014.554688	33497.894531	12672.284180	54616.609375
2011	02	12.412260	-7.585701	32.546196	23.649126	-0.000010	-0.000008	12.548233	32.762669	18.509979	36907.417969	33497.953125	12670.636719	54615.957031
2011	02	9.771172	-7.936581	30.477144	24.221256	-0.000010	-0.000009	12.769390	62.787273	15.265161	29054.236328	33498.011719	12668.760742	54615.066406
2011	02	5.857386	-9.874884	28.583977	26.241982	-0.000011	-0.000009	12.851707	71.782120	6.705477	17416.730469	33498.070312	12666.829102	54614.113281
2011	02	10.539692	-6.037149	29.200546	22.176352	-0.000009	-0.000008	12.623707	52.749325	8.230015	31339.400391	33498.128906	12664.883789	54613.148438
2011	02	11.073900	-5.635565	29.112181	21.553886	-0.000009	-0.000007	12.402714	50.583614	8.730277	32927.851562	33498.187500	12663.013672	54612.265625
2011	02	16.049299	-1.651588	29.916670	17.383093	-0.000007	-0.000006	12.215785	53.222954	11.386713	47722.023438	33498.242188	12661.203125	54611.449219
2011	02	19.881201	1.014198	30.942411	14.577042	-0.000006	-0.000005	12.075409	13.486592	14.769916	59116.046875	33498.296875	12659.528320	54610.773438
2011	02	4.845182	-10.854511	27.865280	26.536024	-0.000011	-0.000010	12.165587	91.215248	12.904003	14406.978516	33498.351562	12657.811523	54610.054688
2011	02	9.592959	-6.183532	27.938969	21.862032	-0.000009	-0.000008	12.162478	83.544693	9.924182	28524.328125	33498.410156	12655.875977	54609.109375
2011	03	25.744535	4.367582	34.599419	12.747744	-0.000005	-0.000003	13.222462	-14.776388	-0.249235	69142.359375	33498.464844	12654.115234	54608.347656
2011	03	11.524389	-7.973646	32.806175	25.174749	-0.000009	-0.000008	13.308141	67.833992	23.594034	30951.169922	33498.519531	12652.513672	54607.746094
2011	03	25.037424	3.245410	35.069565	13.925218	-0.000005	-0.000004	13.277555	16.756920	2.677834	67243.257812	33498.574219	12650.772461	54607.000000
2011	03	5.655992	-10.380280	29.114450	27.351645	-0.000010	-0.000009	13.078178	119.837051	14.989974	15190.354492	33498.628906	12649.123047	54606.347656
2011	03	15.179515	-2.844416	29.840851	18.554636	-0.000007	-0.000005	11.816921	78.208672	10.695234	40767.777344	33498.679688	12647.242188	54605.488281
2011	03	28.204351	4.932807	34.789803	10.478853	-0.000004	-0.000002	11.518256	-44.273602	-23.564852	75748.718750	33498.726562	12645.605469	54604.898438
2011	03	33.048363	6.769590	38.723236	9.568358	-0.000004	-0.000002	12.444463	-96.576157	-44.265339	88758.320312	33498.781250	12644.218750	54604.554688
2011	03	12.526615	-7.034845	35.639515	27.006475	-0.000010	-0.000009	16.078056	10.483515	22.176212	33642.859375	33498.937500	12642.727539	54604.011719
2011	03	13.783807	-4.288337	34.158859	24.268744	-0.000009	-0.000008	16.086714	76.503159	12.514140	37019.308594	33499.144531	12640.922852	54603.105469
2011	03	21.645084	1.976916	35.733845	17.982576	-0.000007	-0.000005	16.065678	89.191376	10.072147	58132.421875	33499.351562	12639.209961	54602.289062
2011	03	23.454863	2.429172	37.547977	17.987051	-0.000007	-0.000005	16.522289	-23.042259	-3.171806	62992.957031	33499.562500	12637.652344	54601.625000
2011	03	32.833546	7.371160	39.186039	10.246517	-0.000004	-0.000002	13.723653	-84.286293	-32.292915	88181.390625	33499.730469	12636.183594	54601.074219
2011	03	44.222164	16.427217	41.672329	1.344272	-0.000001	0.000001	13.877385	-14.279064	-16.823236	118767.906250	33499.800781	12634.972656	54600.839844
2011	03	43.787807	17.292791	41.415981	1.522372	-0.000001	0.000001	14.920964	-5.955861	-13.437912	117601.367188	33499.875000	12633.929688	54600.750000
2011	03	22.309563	1.327969	35.930164	17.514904	-0.000007	-0.000005	14.948572	50.382034	55.694569	59917.011719	33499.972656	12632.748047	54600.484375
2011	03	36.786236	13.143606	38.352833	5.461012	-0.000002	-0.000001	14.710207	34.620319	21.782209	98797.164062	33500.066406	12631.303711	54599.992188
2011	03	41.917538	15.972553	48.720680	10.697653	-0.000004	-0.000003	22.775692	-23.129082	0.496893	112578.351562	33500.281250	12630.167969	54599.687500
2011	03	62.459347	31.312346	59.065884	0.501141	-0.000000	0.000001	27.918884	-1.826968	-0.460247	167747.703125	33500.726562	12629.258789	54599.296875
2011	03	72.276314	37.185860	68.125687	-0.255944	0.000000	0.000002	33.035233	-95.427055	-0.806256	194113.234375	33500.945312	12628.809570	54599.335938
2011	03	34.982815	9.761251	58.131626	27.043573	-0.000010	-0.000009	32.910069	131.654434	52.302509	93953.695312	33501.164062	12628.179688	54598.960938
2011	03	55.714603	27.216333	49.241501	-2.578245	0.000001	0.000002	20.743229	102.815933	30.755180	149633.281250	33501.308594	12627.093750	54598.464844
2011	03	47.385849	20.013147	47.272503	3.781616	-0.000001	0.000000	19.899799	9.508338	25.548723	127264.664062	33501.417969	12626.317383	54598.445312
2011	03	47.255733	18.674349	53.213066	9.852386	-0.000004	-0.000002	24.631685	17.027843	17.292553	126915.195312	33501.535156	12625.351562	54598.171875
2011	03	47.193432	19.245043	51.762936	8.464643	-0.000003	-0.000002	23.814545	54.049034	23.847208	126747.875000	33501.664062	12624.411133	54597.843750
2011	03	38.759266	13.580542	44.151146	9.287121	-0.000003	-0.000002	18.972424	118.310959	28.455006	104096.156250	33501.777344	12623.394531	54597.535156
2011	03	33.148487	10.081814	35.605022	6.351875	-0.000002	-0.000001	12.538345	197.013611	30.378811	89027.234375	33501.863281	12622.213867	54597.250000
2011	03	23.374437	3.542649	27.995087	8.516109	-0.000003	-0.000002	8.163298	190.704926	45.025169	62776.960938	33501.910156	12620.872070	54596.980469
2011	03	22.417934	3.131343	24.133371	5.611018	-0.000002	-0.000001	4.846782	165.247803	61.858311	60208.070312	33501.933594	12619.364258	54596.679688
2011	03	35.270390	13.099423	29.145660	-2.229033	0.000001	0.000002	6.974692	96.418793	33.345829	94726.046875	33501.953125	12617.937500	54596.484375
2011	03	53.381329	26.233088	37.220631	-12.264886	0.000005	0.000006	10.072393	52.404015	12.532843	143366.765625	33502.003906	12616.875977	54596.566406
2011	03	66.909317	35.765816	48.192493	-14.820916	0.000006	0.000007	17.048996	61.838120	31.840908	179699.015625	33502.101562	12616.249023	54596.859375
2011	04	71.635437	40.025963	46.711750	-21.153368	0.000008	0.000010	15.102276	48.828419	36.920742	198805.078125	33502.210938	12615.902344	54597.363281
2011	04	42.372375	16.506035	38.323471	-0.278502	0.000000	0.000002	12.457131	22.925018	34.767658	117593.250000	33502.308594	12615.452148	54597.867188
2011	04	49.185848	21.997066	41.952019	-3.463347	0.000001	0.000003	14.763235	60.558128	52.877251	136502.234375	33502.398438	12614.503906	54597.882812
2011	04	47.945301	21.520432	42.300869	-1.873862	0.000001	0.000002	15.876000	61.723896	67.472450	133059.421875	33502.511719	12613.682617	54597.917969
2011	04	54.756588	27.069595	41.085285	-9.900641	0.000004	0.000005	13.398297	44.489944	40.376820	151962.328125	33502.613281	12612.924805	54598.082031
2011	04	65.446053	33.528141	48.773918	-12.901408	0.000005	0.000006	16.856007	-49.399456	4.137522	181628.109375	33502.722656	12612.311523	54598.355469
2011	04	68.375740	36.777397	49.678631	-14.926312	0.000006	0.000007	18.080282	59.236050	31.768175	189758.671875	33502.843750	12611.981445	54598.835938
2011	04	76.630157	43.489773	53.401257	-19.458023	0.000008	0.000009	20.260868	82.993835	29.787096	212666.609375	33502.976562	12611.750977	54599.359375
2011	04	84.180603	48.986000	57.481693	-22.927948	0.000009	0.000010	22.287088	71.455177	30.991474	233620.859375	33503.121094	12611.706055	54599.996094
2011	04	89.440269	52.856522	61.858513	-23.810713	0.000009	0.000011	25.274769	82.247467	31.847370	248217.656250	33503.281250	12611.859375	54600.753906
2011	04	108.681702	68.031929	71.046898	-33.863693	0.000013	0.000015	30.397116	17.946270	30.498119	301617.156250	33503.464844	12612.242188	54601.625000
2011	04	119.059593	71.930672	86.364120	-28.924297	0.000011	0.000013	39.235210	-39.970493	20.462719	330418.187500	33503.695312	12613.009766	54602.617188
2011	04	117.444931	67.847038	92.831573	-20.842213	0.000008	0.000009	43.233673	28.699600	64.634544	325937.156250	33503.980469	12614.016602	54603.585938
2011	04	97.901237	59.447750	83.192261	-10.937753	0.000004	0.000006	44.738773	55.499992	30.658766	271698.843750	33504.277344	12614.793945	54604.359375
2011	04	127.324333	80.146439	103.669472	-19.883570	0.000008	0.000009	56.491573	64.126534	56.378376	353354.781250	33504.644531	12615.414062	54604.640625
2011	04	65.732323	34.188065	80.660652	18.699694	-0.000007	-0.000006	49.116386	125.381584	45.986469	182422.562500	33504.992188	12616.083008	54604.929688
2011	04	75.074669	42.407398	77.629295	6.326093	-0.000002	-0.000001	44.962017	91.052353	39.945827	208349.765625	33505.269531	12615.756836	54604.449219
2011	04	78.979767	42.570385	88.238243	13.030027	-0.000005	-0.000004	51.828861	-24.742769	30.703022	219187.312500	33505.527344	12615.561523	54604.050781
2011	04	112.104637	69.393333	95.520973	-12.812041	0.000005	0.000006	52.809673	94.272125	50.016693	311116.593750	33505.796875	12615.779297	54603.894531
2011	04	103.892097	62.972141	92.291298	-7.829100	0.000003	0.000004	51.371346	115.539665	43.778404	288324.875000	33506.039062	12616.541016	54604.316406
2011	04	45.829464	18.101982	74.773590	32.715904	-0.000013	-0.000011	47.046112	10.558369	33.799229	127187.484375	33506.261719	12616.588867	54604.101562
2011	04	81.445541	45.720642	84.584061	6.910362	-0.000003	-0.000001	48.859158	57.368698	58.220192	226030.421875	33506.457031	12615.968750	54603.292969
2011	04	108.220634	67.143776	89.851768	-14.596943	0.000006	0.000007	48.774902	104.603394	53.907360	300337.562500	33506.644531	12616.182617	54603.285156
2011	04	68.219711	36.050179	80.229034	15.781339	-0.000006	-0.000005	48.059505	26.413954	38.345798	189325.656250	33506.820312	12616.610352	54603.472656
2011	04	141.944916	91.714996	102.704041	-35.468811	0.000014	0.000015	52.474113	101.153130	58.418324	393930.343750	33506.984375	12616.819336	54603.417969
2011	04	151.481033	100.398460	102.886993	-44.821899	0.000017	0.000019	51.804420	86.388191	39.834061	420395.312500	33507.152344	12618.470703	54604.726562
2011	04	168.147949	111.776840	109.908569	-54.467159	0.000021	0.000022	53.537472	54.659725	47.643902	466649.875000	33507.308594	12620.441406	54606.339844
2011	04	105.793472	59.218296	105.484642	3.463414	-0.000001	0.000000	58.909470	-3.421247	27.871618	293601.625000	33507.472656	12622.114258	54607.511719
2011	04	153.383453	93.020004	124.398689	-25.212524	0.000010	0.000011	64.035233	-23.926231	21.502605	425674.968750	33507.636719	12622.976562	54607.726562
2011	04	200.137329	128.279648	141.880753	-54.484356	0.000021	0.000022	70.023079	20.736839	69.346443	555427.875000	33507.800781	12625.221680	54609.125000
2011	05	148.365982	91.912933	120.812271	-23.655731	0.000009	0.000010	64.359238	58.958305	51.215393	398468.031250	33507.933594	12627.621094	54610.675781
2011	05	167.553650	109.415306	115.858940	-47.796669	0.000018	0.000019	57.720592	132.214890	63.800209	450000.562500	33508.000000	12629.302734	54611.820312
2011	05	188.397705	125.247101	120.012451	-64.487144	0.000024	0.000026	56.861839	117.008064	61.021938	505981.625000	33508.031250	12631.466797	54613.542969
2011	05	177.623016	115.118233	120.887375	-52.837479	0.000020	0.000021	58.382580	54.026928	49.127972	477043.968750	33508.050781	12633.939453	54615.546875
2011	05	156.849670	98.071381	122.663536	-30.287905	0.000011	0.000013	63.885262	46.646923	51.891148	421252.750000	33508.093750	12635.941406	54616.980469
2011	05	96.383713	50.226425	110.564758	18.079294	-0.000007	-0.000005	64.407471	-10.818456	48.452984	258858.703125	33508.167969	12637.123047	54617.488281
2011	05	153.200500	96.922417	118.414009	-30.888186	0.000012	0.000013	62.135933	52.774723	53.215805	411452.125000	33508.273438	12637.717773	54617.445312
2011	05	195.063248	128.987793	126.507164	-64.657730	0.000024	0.000026	60.431698	98.472572	65.722290	523883.343750	33508.320312	12639.797852	54618.960938
2011	05	206.609055	138.199478	127.976250	-74.734383	0.000028	0.000029	59.566658	102.842072	68.761681	554892.000000	33508.320312	12642.555664	54621.191406
2011	05	171.014435	109.929108	120.237381	-46.878574	0.000018	0.000019	59.152058	62.700207	64.146751	459295.187500	33508.324219	12645.165039	54623.269531
2011	05	185.104355	120.684029	121.914391	-59.291454	0.000022	0.000024	57.494057	79.308495	72.159233	497136.687500	33508.335938	12647.375977	54625.019531
2011	05	176.944031	114.566376	119.226677	-53.818794	0.000020	0.000022	56.849018	86.575218	67.760948	475220.343750	33508.343750	12649.649414	54626.855469
2011	05	218.879654	147.495697	127.433701	-87.547340	0.000033	0.000034	56.049736	121.808807	76.781258	587847.312500	33508.335938	12652.230469	54629.039062
2011	05	222.495300	148.232651	132.407120	-86.189507	0.000032	0.000034	58.144466	86.178871	68.502731	597557.875000	33508.304688	12655.586914	54631.968750
2011	05	138.483398	79.649727	118.766899	-15.817805	0.000006	0.000007	59.933216	6.232137	28.371624	371926.281250	33508.304688	12658.152344	54634.027344
2011	05	171.442276	107.405548	124.839127	-42.704422	0.000016	0.000017	60.802402	47.833935	61.572872	460444.250000	33508.355469	12659.426758	54634.773438
2011	05	91.103897	46.622253	104.454208	17.249081	-0.000006	-0.000005	59.972569	16.396858	59.059410	244678.656250	33508.394531	12660.952148	54635.765625
2011	05	134.431168	78.866737	115.639595	-14.892762	0.000006	0.000007	60.075157	11.790914	23.598812	361043.125000	33508.472656	12661.378906	54635.687500
2011	05	237.353973	157.619064	141.906708	-91.548431	0.000034	0.000036	62.171791	60.663361	70.939873	637464.000000	33508.515625	12663.125000	54636.867188
2011	05	214.891052	140.007721	137.389984	-73.602196	0.000027	0.000029	62.506660	33.515858	40.706768	577135.062500	33508.480469	12666.652344	54639.789062
2011	05	254.121643	168.427277	150.578506	-99.644264	0.000037	0.000039	64.884125	84.636345	83.133247	682497.125000	33508.445312	12669.989258	54642.511719
2011	05	254.742447	168.810425	152.741028	-98.102509	0.000037	0.000038	66.809006	106.070969	88.616714	684164.375000	33508.390625	12674.047852	54645.843750
2011	05	195.665756	126.905014	131.746338	-60.020489	0.000022	0.000024	62.985580	72.404144	65.329086	525501.500000	33508.351562	12677.460938	54648.585938
2011	05	117.879700	63.842033	116.734200	2.753477	-0.000001	0.000000	62.696533	12.676524	41.578869	316590.687500	33508.359375	12679.500000	54650.031250
2011	05	221.966873	143.628784	143.273407	-74.794479	0.000028	0.000029	64.935303	17.186981	65.885963	596138.687500	33508.402344	12680.851562	54650.773438
2011	05	210.940735	134.558182	145.049530	-61.992195	0.000023	0.000025	68.666985	24.249334	68.072502	566525.625000	33508.382812	12684.004883	54653.152344
2011	05	215.167130	140.124451	139.816299	-71.451813	0.000027	0.000028	64.773598	21.830734	51.672638	577876.562500	33508.351562	12687.010742	54655.449219
2011	05	168.855545	96.970619	140.107864	-24.848669	0.000009	0.000011	68.222931	-3.317271	50.153522	453497.031250	33508.320312	12689.854492	54657.585938
2011	05	56.929901	4.454105	125.268127	72.237137	-0.000027	-0.000026	72.792328	-12.549754	19.535448	152897.218750	33508.347656	12690.453125	54657.347656
2011	05	271.455811	178.277130	166.971588	-100.585358	0.000038	0.000039	73.792900	75.151718	111.989662	729051.687500	33508.406250	12691.225586	54657.199219
2011	05	239.588913	148.802032	165.163208	-70.526840	0.000026	0.000028	74.376320	82.785187	113.770691	643466.437500	33508.394531	12695.331055	54660.332031
2011	06	229.549683	144.645218	154.579376	-71.197166	0.000027	0.000029	69.674942	58.355503	87.475151	637054.000000	33508.339844	12698.809570	54662.890625
2011	06	259.927582	168.044235	161.770096	-94.384338	0.000036	0.000038	69.886749	30.520987	70.571899	721359.875000	33508.277344	12702.303711	54665.496094
2011	06	251.108307	161.781021	159.093811	-88.241333	0.000034	0.000035	69.766541	46.561817	98.921669	696884.250000	33508.199219	12706.497070	54668.757812
2011	06	212.791473	138.232422	136.160858	-72.857422	0.000028	0.000030	61.601795	70.245811	74.166855	590546.125000	33508.121094	12710.208008	54671.742188
2011	06	253.829865	169.525742	144.980865	-105.075714	0.000041	0.000042	60.676754	100.973633	80.879768	704437.250000	33508.046875	12713.485352	54674.445312
2011	06	274.270111	185.227341	149.775223	-120.721558	0.000047	0.000048	60.732441	95.401260	87.541306	761163.687500	33507.945312	12717.766602	54678.148438
2011	06	275.896179	184.783646	152.682251	-119.440536	0.000046	0.000048	61.569695	101.773994	92.740837	765676.437500	33507.828125	12722.384766	54682.171875
2011	06	269.813843	178.861755	152.888992	-113.151375	0.000044	0.000045	61.936920	85.466667	90.974541	748796.500000	33507.718750	12726.950195	54686.140625
2011	06	263.049805	171.260590	154.892365	-104.383949	0.000040	0.000042	63.103130	56.509220	87.524689	730024.750000	33507.613281	12731.333984	54689.890625
2011	06	250.497574	158.717743	156.790878	-89.933136	0.000035	0.000036	65.011070	17.332104	61.558899	695189.250000	33507.531250	12735.216797	54693.085938
2011	06	236.979874	150.535919	149.408661	-83.797668	0.000032	0.000034	62.964703	112.397903	91.573631	657674.562500	33507.453125	12739.074219	54696.246094
2011	06	240.785049	156.322479	144.628433	-92.382973	0.000036	0.000037	60.165867	103.960342	80.470444	668234.812500	33507.367188	12742.680664	54699.296875
2011	06	217.776077	138.961136	137.266846	-76.735527	0.000030	0.000031	58.451923	39.954910	56.023758	604379.500000	33507.289062	12746.091797	54702.167969
2011	06	216.372833	140.443863	133.705063	-78.894012	0.000030	0.000032	57.776100	112.033485	60.288895	600485.187500	33507.222656	12749.052734	54704.667969
2011	06	253.108978	168.570267	141.524765	-107.810387	0.000042	0.000043	56.986061	86.582680	82.836166	702436.562500	33507.144531	12752.529297	54707.695312
2011	06	262.291382	172.291031	149.124832	-109.392632	0.000042	0.000044	59.124485	67.628166	88.821602	727919.875000	33507.039062	12756.658203	54711.375000
2011	06	263.676147	172.630859	150.428070	-109.474129	0.000042	0.000044	59.382793	49.796734	68.188240	731762.937500	33506.941406	12760.750000	54714.929688
2011	06	261.660492	170.032913	152.176773	-105.709724	0.000041	0.000042	60.549210	47.903816	72.624115	726169.000000	33506.839844	12765.136719	54718.816406
2011	06	178.635651	102.028671	146.897064	-27.964594	0.000011	0.000012	70.290085	-1.402776	43.336372	495755.687500	33506.789062	12768.268555	54721.226562
2011	06	275.709106	183.764435	156.745224	-115.189842	0.000044	0.000046	64.800537	86.865585	107.926498	765157.250000	33506.750000	12771.241211	54723.414062
2011	06	275.174164	182.601807	156.079742	-115.320312	0.000044	0.000046	63.507397	93.231842	97.847466	763672.687500	33506.632812	12775.798828	54727.316406
2011	06	281.719513	187.713562	156.374939	-121.570412	0.000047	0.000048	62.368977	76.826775	94.043762	781837.562500	33506.511719	12780.375000	54731.281250
2011	06	257.310211	166.523697	153.558899	-99.977074	0.000039	0.000040	62.772385	40.959377	75.566574	714096.000000	33506.390625	12784.965820	54735.273438
2011	06	232.022858	147.202667	146.919083	-81.329491	0.000031	0.000033	62.098888	32.183414	53.673813	643917.687500	33506.312500	12788.581055	54738.273438
2011	06	146.873871	81.414124	127.812035	-15.287504	0.000006	0.000007	62.352303	22.547743	42.978210	407609.312500	33506.269531	12790.954102	54740.078125
2011	06	166.038086	98.189941	129.409607	-32.854099	0.000013	0.000014	61.561470	19.180433	37.520073	460794.500000	33506.273438	12792.513672	54741.058594
2011	06	286.949860	189.929260	163.685669	-119.489754	0.000046	0.000048	66.665085	60.615566	81.720322	796352.937500	33506.218750	12795.324219	54743.242188
2011	06	279.000946	180.964783	168.110947	-107.115540	0.000041	0.000043	70.074768	71.707863	107.006615	774292.875000	33506.105469	12799.978516	54747.078125
2011	06	272.675842	176.897430	163.899551	-105.001770	0.000041	0.000042	68.121132	50.343658	83.296715	756739.250000	33505.988281	12804.488281	54750.777344
2011	06	180.487717	98.976326	154.743164	-21.970028	0.000008	0.000010	73.231758	-9.511512	43.335979	500895.593750	33505.917969	12807.589844	54753.035156
2011	07	297.543549	193.042877	178.044785	-115.598412	0.000043	0.000045	73.544113	82.660133	109.464333	799115.687500	33505.875000	12810.734375	54755.242188
2011	07	289.558014	187.875519	173.307343	-112.350258	0.000042	0.000043	71.624870	60.972683	98.605751	777668.875000	33505.746094	12815.395508	54759.085938
2011	07	289.205933	184.956955	176.675064	-108.630402	0.000041	0.000042	72.426102	69.218132	107.781807	776723.312500	33505.625000	12819.792969	54762.652344
2011	07	276.317474	174.032043	173.489151	-98.927849	0.000037	0.000038	71.203712	26.406366	80.845261	742108.687500	33505.511719	12824.014648	54766.062500
2011	07	270.450958	164.385223	181.975494	-84.574974	0.000032	0.000033	75.909775	32.919689	97.834366	726352.875000	33505.406250	12828.110352	54769.296875
2011	07	240.498749	141.615189	172.713135	-63.885105	0.000024	0.000025	73.829597	79.992012	99.176361	645909.875000	33505.312500	12831.794922	54772.066406
2011	07	261.540283	154.900009	180.614883	-77.024910	0.000029	0.000030	73.974617	11.908617	106.757713	702421.375000	33505.238281	12834.916992	54774.324219
2011	07	259.602875	157.020401	174.934433	-80.767975	0.000030	0.000032	72.351952	73.948921	100.487495	697218.062500	33505.148438	12838.381836	54776.921875
2011	07	276.805420	176.575699	166.989655	-105.915245	0.000040	0.000041	66.759918	48.465683	88.230217	743419.125000	33505.039062	12842.281250	54780.105469
2011	07	292.474792	185.713928	173.056412	-115.517822	0.000043	0.000045	66.295532	55.353077	94.860603	785502.500000	33504.910156	12846.476562	54783.660156
2011	07	258.529663	157.327972	167.159271	-87.469788	0.000033	0.000034	65.957596	62.960567	94.250900	694335.687500	33504.781250	12850.663086	54787.246094
2011	07	243.072433	141.684814	169.198486	-69.973328	0.000026	0.000028	67.810883	19.784092	82.436668	652822.125000	33504.687500	12853.956055	54789.914062
2011	07	271.656952	162.740021	179.138962	-88.617424	0.000033	0.000035	70.222023	40.590466	78.136406	729591.875000	33504.605469	12857.287109	54792.535156
2011	07	295.178253	186.272354	179.527756	-111.749901	0.000042	0.000043	70.621864	62.882111	85.170395	792763.187500	33504.496094	12861.413086	54795.890625
2011	07	274.641937	172.559555	169.023605	-101.717728	0.000038	0.000039	66.941223	81.788467	90.097954	737608.625000	33504.371094	12865.738281	54799.519531
2011	07	267.938690	167.890671	164.297318	-99.740738	0.000037	0.000039	64.249313	79.966805	96.042961	719605.687500	33504.250000	12869.718750	54802.933594
2011	07	240.742523	142.100815	164.541687	-72.300156	0.000027	0.000028	65.899979	63.954346	96.911690	646564.625000	33504.144531	12873.400391	54806.066406
2011	07	245.375076	142.490768	169.674255	-71.800140	0.000027	0.000028	66.789955	33.839771	94.309387	659006.312500	33504.062500	12876.389648	54808.437500
2011	07	236.147400	133.584732	170.997772	-61.248993	0.000023	0.000024	68.435097	1.714772	72.785645	634223.500000	33503.988281	12879.345703	54810.746094
2011	07	242.655060	144.823502	164.759262	-73.995171	0.000028	0.000029	66.927673	89.069969	86.019112	651701.187500	33503.914062	12882.350586	54813.089844
2011	07	245.233902	146.849731	162.782410	-78.550789	0.000029	0.000031	64.398239	68.088196	93.730537	658627.187500	33503.824219	12885.538086	54815.718750
2011	07	242.216232	139.976151	167.410049	-70.905449	0.000026	0.000028	65.169968	18.792072	92.091423	650522.625000	33503.734375	12888.607422	54818.234375
2011	07	256.750824	147.620331	175.916565	-76.933594	0.000029	0.000030	66.786041	34.423584	85.797173	689558.375000	33503.656250	12891.628906	54820.648438
2011	07	240.547211	136.167801	170.261063	-66.385468	0.000025	0.000026	65.881653	52.350479	95.850555	646040.125000	33503.570312	12894.894531	54823.332031
2011	07	254.436966	148.482132	168.997894	-81.538399	0.000030	0.000032	63.043076	86.924225	83.381538	683343.937500	33503.488281	12897.952148	54825.835938
2011	07	244.016937	147.319717	155.432770	-84.683449	0.000032	0.000033	58.735542	83.760506	76.509193	655358.750000	33503.386719	12901.263672	54828.750000
2011	07	190.674591	105.465446	141.933395	-44.840424	0.000017	0.000018	56.724239	3.905896	35.537735	512096.718750	33503.308594	12903.890625	54831.054688
2011	07	184.360443	100.328583	154.188263	-26.271353	0.000010	0.000011	70.156410	14.450312	55.501842	495138.687500	33503.273438	12905.391602	54832.117188
2011	07	266.326965	164.051849	175.781525	-86.644577	0.000032	0.000034	73.506393	44.269566	93.182297	715277.062500	33503.222656	12907.958984	54833.863281
2011	07	260.381287	155.496567	178.720901	-77.759506	0.000029	0.000030	73.836151	28.074579	97.379990	699308.750000	33503.121094	12911.601562	54836.675781
2011	07	249.422409	144.185699	182.454437	-63.067085	0.000024	0.000025	77.217712	0.939672	65.448601	669876.250000	33503.027344	12914.942383	54839.156250
2011	08	250.058640	147.176666	178.588333	-67.569389	0.000025	0.000027	75.706367	42.913094	111.609116	671585.062500	33502.945312	12918.090820	54841.355469
2011	08	262.049957	160.173676	173.983017	-84.165977	0.000031	0.000033	72.106728	60.999172	77.388000	703790.250000	33502.843750	12921.415039	54843.878906
2011	08	262.147736	157.594620	177.827698	-80.419014	0.000030	0.000031	73.274605	62.774582	86.952354	704052.875000	33502.738281	12924.947266	54846.605469
2011	08	253.401215	153.766037	169.948944	-79.551208	0.000030	0.000031	70.313774	72.323570	56.836208	680562.250000	33502.628906	12928.368164	54849.277344
2011	08	267.748993	162.741196	177.216354	-86.631561	0.000032	0.000034	72.208542	68.428131	73.373764	719096.250000	33502.519531	12931.860352	54852.039062
2011	08	245.272491	143.826462	174.574844	-66.796539	0.000025	0.000026	73.128815	73.081039	85.821640	658730.812500	33502.417969	12935.214844	54854.601562
2011	08	253.117340	152.272720	170.771912	-78.444244	0.000029	0.000031	69.927299	73.078209	82.627968	679799.750000	33502.316406	12938.515625	54857.167969
2011	08	245.979767	142.196304	174.314636	-67.763924	0.000025	0.000027	70.531174	41.526585	84.426048	660630.312500	33502.214844	12941.647461	54859.601562
2011	08	202.640854	107.441467	170.012787	-28.726856	0.000011	0.000012	74.813408	24.574028	78.996346	544234.625000	33502.140625	12944.070312	54861.269531
2011	08	241.365479	142.265915	170.803909	-66.660316	0.000025	0.000026	71.704330	72.467384	98.624557	648237.687500	33502.078125	12946.625000	54863.015625
2011	08	177.839722	92.208755	155.813309	-18.125120	0.000007	0.000008	70.182335	19.958994	33.675934	477626.000000	33502.000000	12948.931641	54864.593750
2011	08	209.805069	118.230957	162.613434	-43.290291	0.000016	0.000018	71.039314	38.456669	67.854317	563475.625000	33501.964844	12950.491211	54865.476562
2011	08	234.069275	137.991119	166.198166	-63.969685	0.000024	0.000025	70.120003	91.976418	88.151306	628642.250000	33501.890625	12953.027344	54867.289062
2011	08	215.894714	121.810501	163.354446	-48.638737	0.000018	0.000020	69.270233	70.623764	87.652809	579830.625000	33501.800781	12955.702148	54869.316406
2011	08	199.582993	105.961418	163.201477	-32.479965	0.000012	0.000014	69.579895	-2.932563	49.891781	536022.062500	33501.738281	12957.748047	54870.675781
2011	08	190.272202	97.918777	161.469360	-24.901285	0.000009	0.000011	69.115936	12.232234	53.159023	511016.000000	33501.691406	12959.546875	54871.812500
2011	08	178.264297	90.371140	155.228439	-19.134296	0.000007	0.000009	67.335281	6.066883	43.340515	478766.250000	33501.648438	12960.948242	54872.593750
2011	08	218.340103	124.695282	158.910339	-55.528137	0.000021	0.000022	65.265526	84.617752	73.852058	586398.187500	33501.601562	12962.795898	54873.886719
2011	08	222.694260	125.514915	162.610947	-56.181656	0.000021	0.000022	65.431587	57.625061	86.192497	598092.250000	33501.519531	12965.166992	54875.738281
2011	08	204.849655	107.681000	164.907227	-36.040726	0.000013	0.000015	67.738579	54.018265	77.237724	550166.812500	33501.449219	12967.445312	54877.453125
2011	08	232.262054	128.561584	176.714828	-51.645538	0.000019	0.000021	73.014359	44.181702	60.550816	623788.562500	33501.386719	12969.620117	54878.941406
2011	08	220.153625	118.397942	175.559219	-40.692745	0.000015	0.000017	73.803528	20.202127	67.738602	591268.875000	33501.308594	12972.127930	54880.640625
2011	08	223.734146	122.390854	179.714325	-40.118137	0.000015	0.000016	78.371048	42.467438	104.814560	600885.062500	33501.238281	12974.454102	54882.105469
2011	08	212.274597	119.454910	164.701599	-43.671310	0.000016	0.000018	71.881889	79.383896	82.924400	570108.062500	33501.164062	12976.818359	54883.617188
2011	08	217.179489	118.507034	170.154327	-43.123398	0.000016	0.000018	71.481888	55.655319	93.467278	583281.187500	33501.085938	12979.047852	54885.140625
2011	08	196.255371	99.555893	169.487625	-22.865986	0.000009	0.000010	72.788162	3.138677	54.515137	527085.062500	33501.015625	12980.994141	54886.359375
2011	08	220.695190	117.564461	182.515762	-34.277710	0.000013	0.000014	79.385033	52.119823	95.581032	592723.312500	33500.957031	12982.978516	54887.457031
2011	08	215.416565	119.078926	170.900085	-40.614700	0.000015	0.000017	74.562447	42.342632	70.976387	578546.437500	33500.882812	12985.270508	54888.871094
2011	08	194.406021	99.435966	179.172821	-11.331425	0.000004	0.000006	84.202766	10.897973	80.667229	522118.218750	33500.812500	12987.205078	54889.890625
2011	08	199.143417	107.092171	179.121841	-16.119781	0.000006	0.000007	87.070587	59.877914	107.238495	534841.500000	33500.753906	12988.965820	54890.363281
2011	08	212.952667	120.842468	170.477295	-38.573479	0.000014	0.000016	78.367096	60.561787	79.682640	571929.125000	33500.691406	12990.921875	54891.304688
2011	09	197.173904	107.258148	164.899109	-28.498690	0.000011	0.000012	74.983353	60.227394	80.897720	547203.687500	33500.617188	12992.991211	54892.445312
2011	09	193.756241	107.180542	158.018311	-31.961763	0.000012	0.000014	71.442604	73.418159	70.368813	537718.937500	33500.542969	12994.859375	54893.476562
2011	09	200.073578	110.156479	160.988922	-35.308411	0.000014	0.000015	71.071831	71.788948	72.959023	555250.937500	33500.464844	12996.776367	54894.617188
2011	09	190.859543	99.271660	164.408493	-22.674761	0.000009	0.000010	72.820618	44.839729	75.994179	529679.812500	33500.390625	12998.702148	54895.757812
2011	09	198.116211	101.323257	171.745132	-22.594809	0.000009	0.000010	74.952179	46.798592	60.920650	549818.812500	33500.328125	13000.447266	54896.621094
2011	09	174.849075	81.427101	170.650391	-0.422493	0.000000	0.000002	77.228386	15.072147	59.432949	485247.093750	33500.257812	13002.169922	54897.406250
2011	09	104.846237	34.126831	145.946121	44.876099	-0.000017	-0.000016	75.226723	-5.540708	48.895714	290972.812500	33500.210938	13002.774414	54897.027344
2011	09	140.285263	69.364937	138.189529	1.680554	-0.000001	0.000001	67.269196	38.792191	40.607845	389324.406250	33500.167969	13002.827148	54896.343750
2011	09	177.822174	94.644814	151.658356	-22.387424	0.000009	0.000010	68.481003	60.173553	72.186287	493498.093750	33500.125000	13003.589844	54896.457031
2011	09	183.361176	98.629837	152.334702	-27.250010	0.000011	0.000012	67.603355	54.547043	75.142838	508870.156250	33500.089844	13005.066406	54897.269531
2011	09	162.944824	83.934113	144.636551	-14.531733	0.000006	0.000007	65.625824	80.999809	60.444317	452210.000000	33500.050781	13006.494141	54898.054688
2011	09	171.793091	93.944321	139.650391	-28.366030	0.000011	0.000012	61.801620	72.858093	60.149261	476765.968750	33500.007812	13007.646484	54898.703125
2011	09	178.399170	92.788025	149.817032	-24.805389	0.000010	0.000011	64.205872	37.380764	67.275345	495099.437500	33499.953125	13009.000977	54899.570312
2011	09	179.946381	92.748978	153.530807	-22.638784	0.000009	0.000010	66.333382	40.103001	45.678673	499393.343750	33499.890625	13010.425781	54900.406250
2011	09	164.369034	77.022163	156.068695	-4.523533	0.000002	0.000003	68.721832	43.267361	61.336338	456162.468750	33499.835938	13011.717773	54901.035156
2011	09	120.357262	48.386536	141.060867	24.480455	-0.000009	-0.000008	69.090141	3.863995	58.755901	334019.531250	33499.792969	13012.348633	54901.019531
2011	09	126.706490	60.258034	132.004852	9.075304	-0.000004	-0.000002	65.556389	74.271126	76.803581	351640.156250	33499.757812	13012.454102	54900.421875
2011	09	131.619141	66.547554	124.838982	-3.003075	0.000001	0.000003	59.767391	79.266243	50.508736	365273.875000	33499.722656	13012.697266	54900.210938
2011	09	151.453766	81.213181	129.810028	-17.866491	0.000007	0.000008	59.569447	75.058571	45.085060	420319.625000	33499.691406	13013.228516	54900.371094
2011	09	149.257278	79.873756	127.850853	-17.629021	0.000007	0.000008	58.467342	80.228149	43.317444	414223.812500	33499.664062	13014.053711	54900.828125
2011	09	125.300125	59.765854	123.392494	1.869909	-0.000001	0.000001	57.858215	28.498104	26.090553	347737.156250	33499.640625	13014.687500	54901.132812
2011	09	162.277527	81.710594	143.043152	-15.456782	0.000006	0.000007	62.476204	36.797783	50.388962	450358.062500	33499.617188	13015.115234	54901.152344
2011	09	152.055222	71.202652	144.406036	-3.871539	0.000001	0.000003	63.553455	10.597518	34.380692	421988.781250	33499.593750	13016.076172	54901.617188
2011	09	155.347580	68.323761	158.070160	6.500222	-0.000003	-0.000001	71.046356	28.544708	56.891983	431125.843750	33499.566406	13016.883789	54901.777344
2011	09	99.395874	22.923592	146.249863	50.631577	-0.000020	-0.000018	69.777573	-4.973938	14.217857	275846.812500	33499.539062	13017.173828	54901.316406
2011	09	159.809357	69.432274	161.781540	5.749740	-0.000002	-0.000001	71.404465	22.135647	53.110058	443508.343750	33499.507812	13016.993164	54900.402344
2011	09	144.338333	63.811916	148.106659	7.545876	-0.000003	-0.000001	67.580246	32.903000	55.711544	400572.625000	33499.476562	13017.736328	54900.417969
2011	09	134.141006	61.182957	136.043381	5.679972	-0.000002	-0.000001	63.085327	50.928791	42.876286	372272.687500	33499.437500	13018.206055	54900.320312
2011	09	114.679306	49.643711	123.832283	12.930695	-0.000005	-0.000004	58.796692	22.098433	27.605921	318261.875000	33499.406250	13018.386719	54900.082031
2011	09	103.087555	34.624050	132.766861	33.457077	-0.000013	-0.000011	64.303360	8.426921	30.834070	286092.062500	33499.375000	13018.082031	54899.339844
2011	10	153.276871	65.878410	158.974136	9.600962	-0.000004	-0.000002	71.575684	4.901337	57.776646	411657.250000	33499.347656	13018.031250	54898.660156
2011	10	143.951324	58.757561	158.975494	18.927835	-0.000007	-0.000006	73.781723	4.655455	41.688217	386611.562500	33499.316406	13018.583008	54898.480469
2011	10	103.697586	30.749233	147.668793	47.874889	-0.000018	-0.000016	74.720451	-17.830921	52.468616	278501.656250	33499.277344	13018.703125	54897.808594
2011	10	137.489212	54.322044	165.028107	31.442574	-0.000012	-0.000010	81.860947	7.582608	40.304031	369256.156250	33499.230469	13018.309570	54896.464844
2011	10	98.971977	32.418045	139.322266	44.253990	-0.000017	-0.000015	72.768333	26.874674	32.131794	265810.062500	33499.179688	13018.273438	54895.515625
2011	10	78.765999	22.868490	118.660492	43.798302	-0.000016	-0.000015	62.762978	72.573631	44.125416	211542.640625	33499.128906	13017.494141	54894.175781
2011	10	71.847794	21.200161	106.954605	39.010796	-0.000015	-0.000013	56.306973	69.040779	43.197044	192962.343750	33499.085938	13016.365234	54892.746094
2011	10	98.449768	42.480492	110.378502	15.832908	-0.000006	-0.000004	54.409225	58.040100	34.724968	264407.531250	33499.050781	13015.329102	54891.550781
2011	10	135.466125	65.869484	127.759911	-3.801878	0.000001	0.000003	58.163261	25.885439	42.587425	363822.781250	33499.027344	13015.046875	54891.066406
2011	10	136.985306	64.583817	132.692215	-0.388608	0.000000	0.000002	60.290722	18.861151	44.593765	367902.843750	33499.007812	13015.309570	54891.011719
2011	10	126.219109	53.795528	134.084274	11.769731	-0.000004	-0.000003	61.660694	20.664801	42.116112	338987.968750	33498.992188	13015.501953	54890.828125
2011	10	108.370560	46.078403	120.251770	15.785880	-0.000006	-0.000004	57.959614	44.847652	30.704107	291051.906250	33498.972656	13015.422852	54890.417969
2011	10	107.230927	46.069313	117.241478	13.915371	-0.000005	-0.000004	56.079872	38.671574	28.777870	287991.187500	33498.953125	13015.105469	54889.867188
2011	10	99.837837	35.609974	122.369461	26.436539	-0.000010	-0.000008	58.141594	0.822840	16.835867	268135.500000	33498.933594	13014.664062	54889.195312
2011	10	82.870293	14.805961	133.435455	54.470085	-0.000020	-0.000019	65.371117	-22.332994	20.794786	222565.578125	33498.921875	13014.028320	54888.148438
2011	10	95.281860	26.379765	135.851639	44.474659	-0.000017	-0.000015	66.949547	7.478296	51.659790	255899.468750	33498.902344	13013.086914	54886.640625
2011	10	82.777283	24.927847	117.145294	38.272972	-0.000014	-0.000013	59.295864	21.796406	32.739155	222315.765625	33498.878906	13012.331055	54885.468750
2011	10	84.501892	26.462368	115.989975	35.393139	-0.000013	-0.000012	57.950447	32.067715	39.132496	226947.593750	33498.855469	13011.405273	54884.265625
2011	10	85.973488	29.282675	112.696037	30.627724	-0.000011	-0.000010	56.005226	31.733685	28.239868	230899.875000	33498.835938	13010.517578	54883.136719
2011	10	74.271011	19.094849	110.477211	40.111500	-0.000015	-0.000014	55.301048	8.150776	19.569986	199470.390625	33498.816406	13009.559570	54881.984375
2011	10	36.963085	-15.114984	113.227943	80.170227	-0.000030	-0.000028	61.149879	-47.421871	35.812534	99272.132812	33498.800781	13008.079102	54880.242188
2011	10	82.717850	26.096537	116.117050	37.304657	-0.000014	-0.000012	59.495728	27.561462	27.817305	222156.187500	33498.785156	13006.315430	54878.093750
2011	10	80.636696	26.889811	110.023865	33.292778	-0.000012	-0.000011	56.276989	27.075710	15.824361	216566.765625	33498.765625	13005.373047	54876.894531
2011	10	75.523491	22.834316	108.012383	36.394623	-0.000014	-0.000012	55.323204	41.830688	21.580336	202834.218750	33498.750000	13004.364258	54875.671875
2011	10	70.743591	20.775911	103.004471	36.166779	-0.000014	-0.000012	53.036789	18.334301	13.695474	189996.765625	33498.734375	13003.248047	54874.410156
2011	10	73.288414	20.837488	106.327591	36.945213	-0.000014	-0.000012	53.876667	25.054045	21.745796	196831.453125	33498.722656	13002.060547	54873.085938
2011	10	56.612167	9.202383	99.028267	46.322266	-0.000017	-0.000016	51.618484	27.065784	22.960712	152043.875000	33498.710938	13000.800781	54871.710938
2011	10	49.844917	6.457764	92.198647	46.260052	-0.000017	-0.000016	48.811493	38.069618	20.516424	133869.000000	33498.703125	12999.231445	54870.117188
2011	10	42.956776	2.793964	86.783638	47.733353	-0.000018	-0.000016	46.620823	40.753925	18.660282	115369.453125	33498.695312	12997.515625	54868.449219
2011	10	43.149403	4.171499	84.057938	44.815220	-0.000017	-0.000015	45.080032	40.583138	11.139445	115886.796875	33498.691406	12995.709961	54866.761719
2011	10	25.684359	-9.537524	79.090187	57.312691	-0.000021	-0.000020	43.868309	6.608362	40.563721	68980.742188	33498.691406	12993.777344	54864.972656
2011	11	39.783119	2.947692	78.291885	42.289780	-0.000016	-0.000015	41.456463	11.887149	18.215582	110407.445312	33498.695312	12991.709961	54863.109375
2011	11	57.328815	14.713105	87.106468	33.558834	-0.000013	-0.000011	44.490765	33.607700	13.460199	159100.859375	33498.699219	12990.048828	54861.597656
2011	11	63.919071	19.617964	89.092041	28.954308	-0.000011	-0.000010	44.790932	20.083572	15.622321	177390.359375	33498.710938	12988.732422	54860.378906
2011	11	70.389534	21.031904	96.082283	29.474199	-0.000011	-0.000010	46.724651	0.964845	18.163572	195347.421875	33498.722656	12987.575195	54859.277344
2011	11	35.211189	-4.555204	85.767838	54.338192	-0.000021	-0.000020	46.001442	33.047855	21.687531	97719.289062	33498.738281	12986.252930	54857.960938
2011	11	38.550850	1.801232	79.209915	44.440762	-0.000017	-0.000016	42.460300	35.627419	15.395540	106987.625000	33498.746094	12984.389648	54856.222656
2011	11	53.355804	12.992291	82.489738	32.915787	-0.000013	-0.000011	42.126225	17.542881	19.063477	148074.843750	33498.757812	12982.701172	54854.714844
2011	11	65.696396	20.480583	88.747566	26.833179	-0.000010	-0.000009	43.531757	8.982810	16.415661	182322.859375	33498.769531	12981.347656	54853.515625
2011	11	58.070465	12.185693	91.452377	37.164021	-0.000014	-0.000013	45.567600	9.459104	17.016790	161159.109375	33498.785156	12980.148438	54852.394531
2011	11	48.881840	6.027963	87.988708	42.889088	-0.000017	-0.000015	45.134827	2.556832	11.289429	135658.531250	33498.804688	12978.734375	54851.046875
2011	11	63.362846	12.634418	98.508392	38.927872	-0.000015	-0.000014	47.779968	-33.014732	12.331018	175846.703125	33498.820312	12977.304688	54849.664062
2011	11	28.524929	-11.925864	93.101166	68.358597	-0.000026	-0.000025	52.650372	-19.171827	40.929634	79163.343750	33498.839844	12975.766602	54847.964844
2011	11	41.967712	3.341908	84.575874	46.390652	-0.000018	-0.000016	45.950073	6.623264	22.898363	116470.210938	33498.847656	12973.820312	54845.984375
2011	11	51.663593	10.155945	87.331200	39.450230	-0.000015	-0.000014	45.823547	8.371335	12.679312	143378.562500	33498.855469	12972.188477	54844.406250
2011	11	59.375423	11.010242	98.244759	42.652054	-0.000016	-0.000015	49.879581	-24.122574	22.577818	164780.671875	33498.867188	12970.753906	54842.941406
2011	11	59.048435	9.849513	100.311882	45.046219	-0.000017	-0.000016	51.112953	-0.036097	15.880822	163873.218750	33498.882812	12969.474609	54841.542969
2011	11	41.969040	1.055210	89.693314	51.507141	-0.000020	-0.000018	48.779488	-0.309470	11.029767	116473.898438	33498.894531	12968.011719	54839.976562
2011	11	32.443733	-6.899597	88.446693	59.785923	-0.000023	-0.000022	49.103367	8.797532	26.402487	90038.937500	33498.902344	12966.225586	54838.113281
2011	11	26.998016	-7.136369	78.710609	55.495678	-0.000021	-0.000020	44.576225	14.364524	17.288322	74925.804688	33498.906250	12964.249023	54836.152344
2011	11	36.477367	-0.453824	80.676552	47.982407	-0.000019	-0.000017	43.745358	1.658843	17.366789	101233.218750	33498.910156	12962.263672	54834.273438
2011	11	44.825024	3.197038	87.337448	46.295776	-0.000018	-0.000016	45.709457	-19.405500	21.240839	124399.929688	33498.917969	12960.482422	54832.574219
2011	11	20.465284	-11.428123	74.874649	58.192833	-0.000022	-0.000021	42.981247	20.854958	11.330943	56795.945312	33498.933594	12958.689453	54830.835938
2011	11	21.470346	-8.965580	71.205612	53.518871	-0.000021	-0.000019	40.769680	27.416952	6.112084	59585.234375	33498.941406	12956.537109	54828.859375
2011	11	13.152577	-15.100113	65.605209	56.236385	-0.000022	-0.000020	37.352516	15.366510	36.619820	36501.476562	33498.953125	12954.336914	54826.910156
2011	11	15.095695	-12.697918	61.936169	50.624378	-0.000020	-0.000018	34.142555	31.658068	23.735529	41894.078125	33498.960938	12952.034180	54824.972656
2011	11	20.600138	-9.994672	65.721222	48.905132	-0.000019	-0.000017	35.126411	0.129379	-2.443010	57170.199219	33498.964844	12949.812500	54823.191406
2011	11	21.392612	-9.766220	71.670479	54.062042	-0.000021	-0.000019	40.511646	0.979121	0.032835	59369.496094	33498.988281	12947.694336	54821.343750
2011	11	18.224413	-12.591077	72.330032	57.889915	-0.000022	-0.000021	41.514542	6.522810	6.514949	50577.007812	33499.015625	12945.562500	54819.394531
2011	11	27.045212	-8.393621	79.487038	56.226215	-0.000022	-0.000020	44.048203	-21.116159	17.233192	75056.789062	33499.039062	12943.451172	54817.410156
2011	11	21.502890	-10.188354	73.844322	56.125954	-0.000022	-0.000020	42.153080	-7.012924	4.208923	59675.542969	33499.062500	12941.427734	54815.503906
2011	12	32.547119	-9.899813	91.886620	63.250225	-0.000024	-0.000022	49.439682	-40.487858	12.739530	87412.132812	33499.089844	12939.378906	54813.503906
2011	12	21.870302	-10.277245	77.159088	59.199604	-0.000022	-0.000021	45.011539	17.338406	8.554069	58737.292969	33499.113281	12937.422852	54811.554688
2011	12	22.170046	-8.677995	72.602943	54.343868	-0.000020	-0.000019	41.754906	13.344015	7.308785	59542.316406	33499.132812	12935.322266	54809.613281
2011	12	14.194116	-13.871319	65.924026	55.641022	-0.000021	-0.000019	37.858593	23.885855	27.626665	38121.281250	33499.148438	12933.180664	54807.714844
2011	12	26.836126	-5.311521	67.873634	44.948772	-0.000017	-0.000015	35.725986	-21.639879	4.913330	72074.054688	33499.160156	12931.014648	54805.957031
2011	12	32.493965	-4.001715	79.802979	51.220394	-0.000019	-0.000018	43.307304	-21.729778	1.304180	87269.367188	33499.179688	12929.090820	54804.273438
2011	12	26.867125	-10.249976	84.846741	61.891075	-0.000023	-0.000022	47.729641	-15.403396	10.366671	72157.312500	33499.210938	12927.207031	54802.460938
2011	12	20.618414	-11.604957	79.043152	62.336300	-0.000023	-0.000022	46.819782	-9.357596	16.105419	55375.085938	33499.238281	12925.181641	54800.433594
2011	12	15.672903	-14.026507	73.054337	61.293114	-0.000023	-0.000021	43.354927	0.788291	41.637703	42092.875000	33499.257812	12923.043945	54798.375000
2011	12	19.361565	-10.196487	67.377724	51.927979	-0.000019	-0.000018	37.819672	-18.360830	20.155727	51999.550781	33499.273438	12920.864258	54796.453125
2011	12	7.825274	-19.126472	66.435806	62.522476	-0.000023	-0.000022	39.484062	22.480623	36.933220	21016.414062	33499.292969	12918.674805	54794.503906
2011	12	10.812121	-13.372432	48.794159	41.894131	-0.000016	-0.000014	24.609608	42.928589	36.071854	29038.222656	33499.296875	12916.351562	54792.683594
2011	12	19.045797	-7.852602	48.626816	33.493279	-0.000013	-0.000011	21.728415	0.887765	11.730518	51151.488281	33499.273438	12914.135742	54791.320312
2011	12	15.843539	-11.133425	51.599659	39.668537	-0.000015	-0.000013	24.622694	3.661597	5.498733	42551.152344	33499.285156	12912.024414	54789.960938
2011	12	10.966330	-13.579104	47.027889	39.974125	-0.000015	-0.000013	22.482454	27.552485	7.666790	29452.382812	33499.289062	12909.834961	54788.527344
2011	12	19.717613	-8.819674	51.900803	36.095921	-0.000013	-0.000012	23.363512	-33.648392	0.216123	52955.792969	33499.289062	12907.643555	54787.179688
2011	12	14.566180	-13.906487	63.655441	53.002102	-0.000020	-0.000018	35.182777	-11.081342	16.596207	39120.535156	33499.320312	12905.544922	54785.609375
2011	12	6.780620	-16.517303	50.828674	47.961029	-0.000018	-0.000016	27.530752	58.959240	15.284232	18210.779297	33499.367188	12903.327148	54783.871094
2011	12	7.685392	-13.880416	39.132713	35.360455	-0.000013	-0.000012	17.566904	73.501175	15.344757	20640.734375	33499.378906	12901.031250	54782.402344
2011	12	10.989126	-11.426457	36.007896	28.932077	-0.000011	-0.000009	13.592313	26.643114	12.320893	29513.609375	33499.375000	12898.770508	54781.171875
2011	12	5.522694	-16.496141	35.252949	33.643703	-0.000013	-0.000011	13.234112	36.730633	9.238978	14832.355469	33499.375000	12896.536133	54780.027344
2011	12	15.135739	-8.430299	35.830318	24.608192	-0.000009	-0.000008	12.264281	3.342150	4.249758	40650.207031	33499.378906	12894.305664	54778.910156
2011	12	12.831487	-12.661012	42.110207	33.192463	-0.000012	-0.000011	16.617708	4.637719	9.987339	34461.652344	33499.425781	12892.188477	54777.835938
2011	12	7.706105	-13.965349	36.022194	32.229988	-0.000012	-0.000011	14.350741	8.130438	15.980972	20696.365234	33499.460938	12890.002930	54776.664062
2011	12	4.138368	-15.057939	30.572968	30.348652	-0.000011	-0.000010	11.376662	54.069427	16.304977	11114.458008	33499.484375	12887.750000	54775.507812
2011	12	6.355797	-12.378814	27.271215	24.829632	-0.000009	-0.000008	8.536603	36.502434	12.547072	17069.828125	33499.496094	12885.497070	54774.449219
2011	12	8.351779	-12.919996	29.403236	24.965830	-0.000009	-0.000008	8.131463	7.393803	11.392992	22430.455078	33499.500000	12883.266602	54773.464844
2011	12	11.215642	-10.408272	30.876638	23.575527	-0.000009	-0.000007	9.252725	1.688114	4.284561	30121.962891	33499.515625	12881.077148	54772.515625
2011	12	13.571176	-12.051854	37.969601	28.313087	-0.000011	-0.000009	12.346570	-46.805019	6.435160	36448.242188	33499.562500	12878.951172	54771.550781
2011	12	3.570817	-15.238203	27.977112	28.321087	-0.000011	-0.000009	9.168092	160.753204	58.604443	9590.177734	33499.593750	12876.811523	54770.546875
2011	12	7.052051	-11.573170	26.160904	23.023794	-0.000009	-0.000007	7.535683	43.577579	13.091631	18939.763672	33499.605469	12874.593750	54769.574219
2012	01	7.868351	-12.411843	27.418804	23.465654	-0.000009	-0.000007	7.138608	0.016962	2.463618	21132.111328	33499.617188	12872.400391	54768.648438
2012	01	10.619136	-12.153480	30.152407	23.450651	-0.000009	-0.000007	7.379792	-8.852192	11.130784	28519.921875	33499.628906	12870.263672	54767.746094
2012	01	14.252209	-11.695245	37.432804	27.097506	-0.000010	-0.000009	11.485351	-34.847046	0.115312	38277.300781	33499.679688	12868.219727	54766.843750
2012	01	4.782614	-15.523955	29.554878	28.688707	-0.000011	-0.000009	9.248309	36.008865	30.059284	12844.714844	33499.722656	12866.179688	54765.886719
2012	01	4.214148	-13.605951	25.206976	24.908819	-0.000009	-0.000008	7.386876	43.087132	18.365652	11317.978516	33499.746094	12864.040039	54764.933594
2012	01	6.907096	-12.095027	25.953953	22.962404	-0.000009	-0.000007	6.951830	-1.629984	5.934394	18550.457031	33499.761719	12861.911133	54764.007812
2012	01	5.043153	-13.057296	24.877966	23.749922	-0.000009	-0.000007	6.777517	6.689092	8.358498	13544.447266	33499.785156	12859.794922	54763.105469
2012	01	8.608460	-11.286337	26.563618	21.869822	-0.000008	-0.000007	6.668821	-1.762580	1.120695	23119.828125	33499.804688	12857.687500	54762.214844
2012	01	4.744633	-14.019015	25.488552	24.658134	-0.000009	-0.000008	6.724904	11.872080	8.708753	12742.710938	33499.828125	12855.602539	54761.347656
2012	01	4.129283	-12.920574	23.490646	23.275133	-0.000009	-0.000007	6.440789	19.826418	7.288887	11090.059570	33499.851562	12853.493164	54760.453125
2012	01	8.879164	-10.217199	25.335985	20.370144	-0.000008	-0.000006	6.239621	-9.127741	1.862614	23846.859375	33499.875000	12851.407227	54759.593750
2012	01	2.665587	-14.018138	22.811142	24.058430	-0.000009	-0.000008	6.127415	46.231789	15.916119	7158.994629	33499.898438	12849.353516	54758.765625
2012	01	3.812863	-12.568355	21.761503	21.861063	-0.000008	-0.000007	5.380284	33.178009	9.237289	10240.244141	33499.921875	12847.263672	54757.917969
2012	01	8.835823	-10.534207	24.628885	19.705036	-0.000007	-0.000006	5.258854	-37.465885	-10.895991	23730.458984	33499.941406	12845.193359	54757.101562
2012	01	2.946013	-15.207346	23.507885	24.473387	-0.000009	-0.000008	5.354524	41.800922	28.787149	7912.137695	33499.960938	12843.153320	54756.316406
2012	01	1.374125	-13.856018	20.366791	22.903717	-0.000009	-0.000007	5.136649	73.503227	5.089400	3690.501221	33499.980469	12841.079102	54755.492188
2012	01	3.934748	-11.529533	19.785069	19.760918	-0.000007	-0.000006	4.320786	23.571667	6.039390	10567.591797	33499.996094	12839.009766	54754.691406
2012	01	8.931910	-9.753270	22.817533	17.795778	-0.000007	-0.000005	4.132354	-3.232941	2.029469	23988.521484	33500.007812	12836.962891	54753.929688
2012	01	2.951584	-15.682068	22.778198	23.736301	-0.000009	-0.000007	4.144546	29.078043	15.027908	7927.099121	33500.019531	12834.947266	54753.195312
2012	01	2.977313	-12.646151	19.706341	20.638250	-0.000008	-0.000006	4.082877	51.450588	9.183297	7996.199219	33500.031250	12832.890625	54752.421875
2012	01	5.819685	-10.842010	20.615488	18.704578	-0.000007	-0.000006	3.953794	25.906855	3.417746	15629.986328	33500.042969	12830.843750	54751.660156
2012	01	3.277714	-12.285059	19.399687	20.030304	-0.000007	-0.000006	3.836913	37.400909	6.960885	8802.990234	33500.058594	12828.807617	54750.910156
2012	01	2.624873	-12.612545	18.933184	20.216187	-0.000008	-0.000006	3.695765	40.701054	4.266716	7049.647461	33500.070312	12826.766602	54750.160156
2012	01	6.735107	-10.038651	20.329786	17.502106	-0.000007	-0.000005	3.556029	6.801535	-7.077668	18088.546875	33500.082031	12824.738281	54749.425781
2012	01	7.372746	-11.469593	22.393341	18.927576	-0.000007	-0.000006	3.551002	-24.001862	-9.700118	19801.060547	33500.097656	12822.725586	54748.707031
2012	01	5.425587	-12.475738	21.501215	19.982155	-0.000007	-0.000006	3.599890	20.749069	21.986055	14571.553711	33500.109375	12820.708984	54747.984375
2012	01	5.499032	-11.645307	20.741060	19.148100	-0.000007	-0.000006	3.596721	50.251846	22.129292	14768.807617	33500.125000	12818.691406	54747.257812
2012	01	6.072870	-11.439655	21.100317	18.933071	-0.000007	-0.000006	3.587792	-22.824299	-6.205510	16309.968750	33500.140625	12816.677734	54746.531250
2012	01	6.301938	-11.869627	21.799643	19.402874	-0.000007	-0.000006	3.628077	0.279700	11.584792	16925.179688	33500.156250	12814.665039	54745.804688
2012	01	7.822072	-10.756431	22.246752	18.329395	-0.000007	-0.000005	3.668250	22.181164	25.226351	21007.818359	33500.171875	12812.669922	54745.093750
2012	01	3.550814	-13.594411	20.827309	21.180748	-0.000008	-0.000006	3.682083	57.015011	21.311535	9536.458008	33500.191406	12810.689453	54744.394531
2012	02	4.225613	-10.788626	18.418985	17.845310	-0.000007	-0.000006	3.404748	44.640450	14.360502	12131.443359	33500.207031	12808.691406	54743.675781
2012	02	5.566751	-10.537216	19.486097	17.570858	-0.000007	-0.000006	3.382131	-11.277202	-3.639947	15981.759766	33500.222656	12806.694336	54742.960938
2012	02	4.054635	-11.816008	19.276426	18.872877	-0.000008	-0.000006	3.405783	15.918501	7.908405	11640.579102	33500.242188	12804.703125	54742.250000
2012	02	3.807510	-11.234098	18.441673	18.284817	-0.000007	-0.000006	3.400065	14.308484	7.271388	10931.102539	33500.257812	12802.715820	54741.539062
2012	02	3.064849	-11.602898	18.023693	18.609066	-0.000007	-0.000006	3.355946	22.566133	5.361444	8798.971680	33500.277344	12800.733398	54740.832031
2012	02	3.017218	-11.168414	17.461498	18.094070	-0.000007	-0.000006	3.275866	29.165159	1.928779	8662.225586	33500.292969	12798.755859	54740.132812
2012	02	8.502584	-7.530331	19.225861	14.372641	-0.000006	-0.000004	3.192945	-7.878671	-13.396746	24410.337891	33500.312500	12796.802734	54739.460938
2012	02	3.470120	-11.826223	18.497839	18.676659	-0.000007	-0.000006	3.201495	32.918098	12.502246	9962.476562	33500.332031	12794.883789	54738.820312
2012	02	5.101065	-9.464008	17.734146	16.281591	-0.000006	-0.000005	3.169074	37.939991	8.863714	14644.807617	33500.351562	12792.921875	54738.136719
2012	02	7.669000	-7.670465	18.449209	14.428302	-0.000006	-0.000004	3.109745	13.863833	2.280677	22017.173828	33500.367188	12790.984375	54737.476562
2012	02	8.846229	-7.347717	19.299355	14.100803	-0.000006	-0.000004	3.105408	-8.232051	-12.397173	25396.916016	33500.386719	12789.082031	54736.851562
2012	02	3.218892	-11.974140	18.329027	18.757389	-0.000007	-0.000006	3.135996	54.174480	17.395035	9241.217773	33500.406250	12787.176758	54736.222656
2012	02	1.864610	-11.660804	16.616491	18.398695	-0.000007	-0.000006	3.091078	84.077316	16.296234	5353.167969	33500.425781	12785.230469	54735.550781
2012	02	2.318563	-10.590792	15.816291	17.144108	-0.000007	-0.000005	2.906937	56.890362	9.758162	6656.435547	33500.445312	12783.290039	54734.886719
2012	02	8.266183	-6.090269	16.996576	12.376349	-0.000005	-0.000003	2.640124	-4.544405	-7.245916	23731.644531	33500.464844	12781.371094	54734.253906
2012	02	10.889986	-5.442552	18.913279	11.668837	-0.000005	-0.000003	2.580740	7.991904	-9.795577	31264.406250	33500.480469	12779.522461	54733.691406
2012	02	10.774818	-5.714065	19.107733	11.978044	-0.000005	-0.000003	2.618849	8.936033	-7.960531	30933.765625	33500.500000	12777.708008	54733.167969
2012	02	8.911780	-7.526266	19.091215	13.824145	-0.000006	-0.000004	2.653168	-13.538465	-7.817561	25585.111328	33500.515625	12775.880859	54732.625000
2012	02	6.531331	-9.208961	18.425970	15.538931	-0.000006	-0.000005	2.685680	32.975456	24.812607	18751.001953	33500.535156	12774.004883	54732.031250
2012	02	5.073959	-9.611605	17.367178	15.937088	-0.000006	-0.000005	2.681615	72.178001	29.756536	14566.989258	33500.554688	12772.100586	54731.406250
2012	02	5.094206	-9.097720	16.853081	15.402320	-0.000006	-0.000005	2.661155	73.074203	34.087498	14625.117188	33500.574219	12770.194336	54730.777344
2012	02	9.759484	-5.458161	17.856741	11.740282	-0.000005	-0.000003	2.639094	23.359489	8.038681	28018.814453	33500.589844	12768.322266	54730.187500
2012	02	10.858963	-5.599627	19.129574	11.913219	-0.000005	-0.000003	2.670983	-17.728289	-11.684687	31175.341797	33500.609375	12766.525391	54729.664062
2012	02	10.823852	-5.700765	19.233955	12.052294	-0.000005	-0.000003	2.709339	-15.216555	-8.165196	31074.539062	33500.628906	12764.738281	54729.152344
2012	02	11.165908	-5.904690	19.892349	12.368205	-0.000005	-0.000003	2.821749	-1.065522	0.196449	32056.556641	33500.652344	12762.957031	54728.644531
2012	02	9.391166	-7.465155	22.159121	16.409294	-0.000007	-0.000005	5.302801	-7.900151	3.639915	26961.394531	33500.714844	12761.172852	54728.093750
2012	02	4.241252	-10.407001	21.116587	20.516241	-0.000008	-0.000007	6.468333	96.851677	28.937382	12176.345703	33500.871094	12759.335938	54727.406250
2012	02	7.704635	-7.007483	19.010693	14.946538	-0.000006	-0.000005	4.298575	65.854866	16.436565	22119.480469	33501.000000	12757.468750	54726.710938
2012	03	8.076604	-8.049012	20.460400	16.274893	-0.000006	-0.000005	4.334784	50.909073	17.407072	21691.417969	33501.070312	12755.641602	54726.109375
2012	03	4.621926	-10.231127	19.286915	18.555632	-0.000007	-0.000005	4.433861	75.474403	19.793087	12413.154297	33501.144531	12753.795898	54725.480469
2012	03	8.466298	-7.233363	20.297216	15.721107	-0.000006	-0.000004	4.597556	82.247971	11.965932	22738.021484	33501.226562	12751.943359	54724.839844
2012	03	10.437276	-6.607354	21.951302	15.403761	-0.000006	-0.000004	4.906672	-33.220016	-9.205869	28031.498047	33501.312500	12750.148438	54724.250000
2012	03	7.916098	-8.671621	20.401073	16.374254	-0.000006	-0.000005	3.813354	55.368431	27.813280	21260.345703	33501.375000	12748.357422	54723.675781
2012	03	4.207895	-10.363881	18.061628	17.742554	-0.000007	-0.000005	3.489852	116.393227	22.003803	11301.187500	33501.410156	12746.524414	54723.078125
2012	03	5.662466	-8.482544	17.191555	15.417454	-0.000006	-0.000004	3.046545	122.120499	20.360355	15207.741211	33501.437500	12744.675781	54722.476562
2012	03	11.653974	-4.370877	19.255920	11.489863	-0.000004	-0.000003	3.231069	-9.964070	-7.193210	31299.195312	33501.464844	12742.871094	54721.929688
2012	03	17.810669	-1.559052	22.975891	9.052690	-0.000003	-0.000002	3.606171	-77.206589	-63.658470	47834.296875	33501.503906	12741.184570	54721.476562
2012	03	11.988614	-5.982771	22.300169	14.198561	-0.000005	-0.000004	4.328782	24.091377	59.367416	32197.945312	33501.542969	12739.546875	54721.062500
2012	03	5.782996	-9.310124	18.742136	16.845694	-0.000006	-0.000005	3.649015	186.297928	99.253471	15531.450195	33501.578125	12737.784180	54720.515625
2012	03	12.589084	-3.816780	19.804708	11.101727	-0.000004	-0.000003	3.398845	72.172050	43.879658	33810.632812	33501.613281	12735.991211	54719.960938
2012	03	17.950476	-0.921325	22.564758	8.499935	-0.000003	-0.000002	3.692959	18.510000	-3.551041	48209.777344	33501.648438	12734.345703	54719.546875
2012	03	3.876777	-13.019449	21.159746	21.168146	-0.000008	-0.000006	4.263520	-12.554426	-7.306844	10411.898438	33501.687500	12732.696289	54719.113281
2012	03	13.461284	-4.932363	23.209892	13.633299	-0.000005	-0.000004	4.816245	-32.615856	-4.797852	36153.109375	33501.726562	12730.919922	54718.535156
2012	03	21.380142	1.453846	25.464781	7.968874	-0.000003	-0.000002	5.538484	44.240604	13.909449	57420.863281	33501.773438	12729.290039	54718.078125
2012	03	20.086348	0.377275	25.969862	9.767294	-0.000004	-0.000002	6.260789	-5.585793	-1.279195	53946.105469	33501.820312	12727.798828	54717.738281
2012	03	62.474140	31.068159	38.937935	-19.652897	0.000007	0.000009	7.531953	-1.820408	-3.646854	167787.437500	33501.878906	12726.622070	54717.683594
2012	03	92.455627	52.448471	58.295921	-30.276875	0.000011	0.000013	18.288763	-25.779285	5.266575	248309.015625	33502.019531	12726.343750	54718.410156
2012	03	85.866592	46.167347	81.208466	-0.775790	0.000000	0.000002	41.509216	23.802713	23.751148	230612.781250	33502.898438	12726.573242	54718.859375
2012	03	110.903763	62.552311	99.566635	-7.455276	0.000003	0.000004	51.215187	-13.690209	23.469707	297855.343750	33503.687500	12726.812500	54719.089844
2012	03	122.001083	68.364441	116.269951	-1.849789	0.000001	0.000002	62.633305	-26.001163	29.525108	327659.531250	33504.625000	12727.496094	54719.175781
2012	03	133.277069	76.527153	125.142548	-4.253689	0.000002	0.000003	68.392632	-25.710533	44.263855	357943.593750	33505.492188	12728.400391	54719.316406
2012	03	104.721642	57.937328	112.848953	12.007648	-0.000004	-0.000003	66.064644	7.233010	67.192314	281251.937500	33506.214844	12729.318359	54719.378906
2012	03	78.685822	41.538074	95.071327	20.265356	-0.000008	-0.000006	57.923573	64.181076	41.888615	211327.328125	33506.792969	12729.577148	54718.984375
2012	03	70.528175	36.019367	88.765152	22.116364	-0.000008	-0.000007	54.256340	26.269384	23.342714	189418.234375	33507.257812	12729.375977	54718.328125
2012	03	45.054001	15.513191	81.278564	40.103470	-0.000015	-0.000014	51.737751	70.012039	107.115891	121001.992188	33507.667969	12728.867188	54717.410156
2012	03	38.872566	13.683362	61.629772	26.635656	-0.000010	-0.000008	36.440567	121.341423	95.451508	104400.445312	33507.988281	12727.856445	54716.324219
2012	03	70.632866	37.922935	67.123741	0.368868	-0.000000	0.000001	34.413807	80.355385	24.500822	189699.406250	33508.214844	12727.024414	54715.761719
2012	03	75.408440	40.150833	76.837891	5.306984	-0.000002	-0.000001	41.580284	52.509811	19.960938	202525.218750	33508.445312	12726.762695	54715.585938
2012	03	72.989990	38.319466	77.776451	8.663521	-0.000003	-0.000002	43.105927	85.398453	31.841404	196029.968750	33508.683594	12726.580078	54715.355469
2012	04	86.094055	49.619720	78.363838	-3.978671	0.000002	0.000003	41.889496	86.119286	27.738073	238931.125000	33508.906250	12726.463867	54715.203125
2012	04	88.512833	51.127666	80.655678	-4.106047	0.000002	0.000003	43.270515	70.433250	28.007389	245643.812500	33509.125000	12726.632812	54715.292969
2012	04	70.004585	36.312775	77.608376	11.354445	-0.000004	-0.000003	43.916569	77.219269	37.545734	194279.078125	33509.339844	12726.688477	54715.218750
2012	04	80.162560	44.620350	77.788315	1.375953	-0.000001	0.000001	42.246101	61.746254	45.955235	222469.843750	33509.542969	12726.507812	54714.953125
2012	04	83.568413	47.163166	82.372353	2.553685	-0.000001	0.000000	45.967106	41.713902	28.904028	231921.890625	33509.738281	12726.546875	54714.867188
2012	04	95.554871	55.270386	89.224762	-2.580814	0.000001	0.000002	48.940285	61.196384	46.408119	265187.093750	33509.941406	12726.743164	54714.800781
2012	04	88.471817	50.846542	85.315392	0.592419	-0.000000	0.000001	47.690132	76.243523	38.233166	245529.968750	33510.136719	12727.083984	54714.875000
2012	04	93.817947	54.875736	86.687614	-3.381959	0.000001	0.000003	47.745396	77.718811	40.723171	260366.765625	33510.320312	12727.330078	54714.867188
2012	04	96.676651	56.712807	88.349388	-4.579334	0.000002	0.000003	48.385548	59.820797	39.123905	268300.312500	33510.496094	12727.721680	54714.992188
2012	04	114.986832	70.199928	95.019058	-16.220303	0.000006	0.000008	50.232159	54.224209	35.030651	319115.343750	33510.664062	12728.302734	54715.277344
2012	04	104.529800	62.449287	92.622002	-8.160792	0.000003	0.000005	50.541485	40.436859	32.662807	290094.625000	33510.832031	12729.093750	54715.718750
2012	04	85.504929	47.381565	88.296318	6.537938	-0.000003	-0.000001	50.172951	-4.617044	30.918837	237296.187500	33510.992188	12729.550781	54715.832031
2012	04	86.146126	47.142040	90.515694	8.115648	-0.000003	-0.000002	51.511600	3.897907	51.337833	239075.640625	33511.148438	12729.694336	54715.609375
2012	04	125.439575	77.802971	98.869514	-22.824432	0.000009	0.000010	51.232914	72.768776	48.922005	348124.125000	33511.296875	12730.178711	54715.734375
2012	04	110.569054	64.788864	97.058487	-9.765404	0.000004	0.000005	51.278286	64.530396	57.365185	306854.968750	33511.445312	12731.183594	54716.367188
2012	04	152.396103	96.298798	108.854164	-39.797207	0.000015	0.000017	52.756866	24.354473	50.963085	422934.781250	33511.585938	12732.212891	54717.023438
2012	04	129.073029	75.810333	108.915855	-16.412914	0.000006	0.000008	55.653168	-22.993795	17.895727	358207.812500	33511.734375	12733.694336	54718.019531
2012	04	178.003281	108.756699	131.394196	-42.865330	0.000017	0.000018	62.147625	2.812626	74.127945	494000.718750	33511.882812	12735.278320	54718.988281
2012	04	118.152763	69.622444	103.495453	-10.914040	0.000004	0.000006	54.965137	91.827087	62.174587	327901.531250	33512.015625	12737.129883	54720.183594
2012	04	146.000534	93.839249	102.105957	-40.151756	0.000015	0.000017	49.944679	83.226089	52.115982	405185.593750	33512.097656	12738.282227	54720.960938
2012	04	135.327179	83.908989	101.620773	-29.964035	0.000012	0.000013	50.202583	-5.020759	44.751858	375564.593750	33512.148438	12739.870117	54722.218750
2012	04	81.428665	38.938240	97.935562	20.248800	-0.000008	-0.000006	55.445141	-54.796562	38.987415	225983.578125	33512.222656	12740.710938	54722.656250
2012	04	118.873245	72.152466	100.622795	-14.509011	0.000006	0.000007	53.902016	53.864174	62.545319	329901.031250	33512.339844	12740.896484	54722.339844
2012	04	74.078957	36.265865	92.551308	22.213329	-0.000009	-0.000007	54.738209	-34.163860	39.918613	205586.437500	33512.441406	12741.473633	54722.472656
2012	04	157.587830	98.756775	119.245522	-34.601795	0.000013	0.000015	60.414474	46.494778	67.281166	437343.062500	33512.546875	12741.984375	54722.367188
2012	04	168.268097	109.053543	114.801247	-49.726810	0.000019	0.000021	55.586689	72.373260	57.939152	466983.312500	33512.601562	12743.983398	54723.804688
2012	04	159.410873	102.231499	112.093491	-43.577801	0.000017	0.000018	54.914120	44.997868	45.603500	442402.437500	33512.625000	12746.105469	54725.425781
2012	04	119.660400	70.853348	104.462631	-11.458657	0.000004	0.000006	55.655575	62.438179	50.662907	332085.593750	33512.667969	12747.698242	54726.519531
2012	04	99.972198	58.270779	90.886826	-5.346704	0.000002	0.000004	49.185410	121.313812	79.176132	277446.218750	33512.738281	12748.485352	54726.914062
2012	04	89.261124	51.458061	82.946358	-2.576525	0.000001	0.000002	45.143295	153.110046	47.963203	247720.484375	33512.808594	12748.817383	54727.039062
2012	05	139.974152	89.436478	98.043388	-38.068356	0.000014	0.000016	47.505714	124.226845	48.179165	375930.000000	33512.871094	12749.393555	54727.453125
2012	05	157.429153	102.785248	103.563560	-50.003632	0.000019	0.000020	48.919655	87.774429	40.254070	422809.093750	33512.902344	12750.870117	54728.710938
2012	05	186.645737	123.641937	113.680893	-69.103333	0.000026	0.000027	50.677094	110.579842	53.907852	501276.375000	33512.910156	12752.868164	54730.457031
2012	05	186.478439	119.529205	120.776749	-61.840626	0.000023	0.000025	53.827526	88.576653	61.199635	500827.000000	33512.902344	12755.329102	54732.582031
2012	05	188.609985	120.199692	123.977127	-60.772282	0.000023	0.000024	55.566845	77.245369	59.000744	506551.750000	33512.906250	12757.746094	54734.566406
2012	05	183.369080	116.634789	122.148804	-57.360191	0.000021	0.000023	55.414520	56.255947	49.807560	492476.187500	33512.910156	12760.181641	54736.570312
2012	05	202.565369	131.147202	127.033463	-71.672302	0.000027	0.000028	55.615299	90.183128	62.527107	544031.875000	33512.906250	12762.684570	54738.640625
2012	05	165.713013	102.183365	119.140045	-42.713844	0.000016	0.000017	55.610386	114.443413	53.159481	445057.125000	33512.902344	12765.170898	54740.695312
2012	05	174.379089	111.523529	116.439789	-54.080635	0.000020	0.000022	53.584236	40.882992	42.960663	468331.687500	33512.917969	12767.096680	54742.207031
2012	05	162.519302	99.821182	118.464523	-40.196590	0.000015	0.000016	55.766422	28.162500	47.213699	436479.687500	33512.921875	12769.109375	54743.832031
2012	05	165.253632	102.658257	120.976059	-40.419891	0.000015	0.000017	58.380684	22.709927	47.959511	443823.343750	33512.949219	12770.911133	54745.121094
2012	05	183.787048	119.171936	119.201813	-60.728024	0.000023	0.000024	54.586700	121.327278	60.273369	493598.750000	33512.957031	12773.034180	54746.800781
2012	05	200.045212	130.280563	124.489555	-71.698906	0.000027	0.000028	54.724915	117.234703	61.436863	537263.437500	33512.937500	12775.552734	54748.933594
2012	05	217.003540	144.314499	127.121429	-86.025818	0.000032	0.000034	54.432396	43.653370	48.131969	582808.625000	33512.906250	12778.405273	54751.382812
2012	05	225.047241	144.902725	139.483200	-81.708229	0.000031	0.000032	59.338684	91.066086	77.294716	604411.687500	33512.867188	12781.607422	54754.125000
2012	05	245.328552	160.677353	144.398926	-97.074333	0.000036	0.000038	59.747719	87.942017	80.225060	658881.437500	33512.824219	12785.117188	54757.066406
2012	05	190.942139	118.237885	134.707520	-52.379826	0.000020	0.000021	62.003258	-4.292211	66.957054	512815.218750	33512.792969	12788.345703	54759.707031
2012	05	220.877060	143.673920	141.028748	-75.993996	0.000028	0.000030	63.825630	103.845932	91.906960	593211.750000	33512.777344	12791.144531	54761.820312
2012	05	220.560410	143.674469	137.069901	-79.636688	0.000030	0.000031	60.183960	92.717407	77.404358	592361.375000	33512.738281	12794.348633	54764.433594
2012	05	209.239624	130.135971	141.453384	-63.932915	0.000024	0.000025	62.349712	27.061234	63.007496	561957.000000	33512.691406	12797.635742	54767.117188
2012	05	62.290749	13.990658	110.290802	51.852875	-0.000019	-0.000018	61.990707	-7.999235	9.786656	167294.906250	33512.695312	12799.085938	54767.929688
2012	05	226.220123	143.817154	144.831955	-77.535843	0.000029	0.000030	62.429001	14.825274	73.158829	607561.625000	33512.757812	12799.422852	54767.644531
2012	05	161.282867	96.150887	126.769958	-30.661087	0.000011	0.000013	61.637978	7.130316	48.860573	433159.000000	33512.769531	12802.301758	54769.914062
2012	05	236.103287	151.528885	149.178268	-83.073692	0.000031	0.000032	64.603867	81.128510	92.246368	634105.000000	33512.761719	12804.495117	54771.441406
2012	05	250.177521	164.072311	149.084045	-97.242622	0.000036	0.000038	62.978836	93.202866	90.737045	671904.312500	33512.699219	12808.166016	54774.441406
2012	05	266.512421	178.058090	149.530579	-113.131477	0.000042	0.000044	61.076244	98.230026	84.030159	715775.125000	33512.621094	12812.158203	54777.804688
2012	05	245.891312	153.825272	157.374008	-84.667412	0.000032	0.000033	65.307983	45.018833	97.862114	660392.750000	33512.535156	12816.220703	54781.234375
2012	05	208.719574	128.018188	144.204529	-60.665653	0.000023	0.000024	63.503159	105.330788	71.493767	560560.250000	33512.480469	12819.612305	54783.925781
2012	05	137.953293	76.769051	122.461266	-11.643112	0.000004	0.000006	61.277031	2.203787	33.290810	370502.531250	33512.464844	12821.610352	54785.308594
2012	05	152.046371	88.740761	127.693878	-20.504065	0.000008	0.000009	64.388268	13.699704	69.734703	408352.468750	33512.492188	12822.930664	54786.023438
2012	05	263.562439	175.066208	159.389297	-100.325195	0.000037	0.000039	70.893059	66.655357	92.822563	707852.250000	33512.480469	12825.179688	54787.445312
2012	06	232.078552	149.587601	151.626556	-76.728630	0.000030	0.000031	69.135612	41.569424	83.889923	644072.250000	33512.406250	12829.082031	54790.437500
2012	06	240.210632	156.784836	149.755600	-86.732132	0.000033	0.000035	66.329796	77.019279	87.506424	666640.687500	33512.332031	12832.829102	54793.339844
2012	06	208.803879	132.155655	141.817825	-63.263603	0.000024	0.000026	65.169586	34.723866	64.299225	579479.625000	33512.261719	12836.350586	54796.050781
2012	06	198.584259	127.079102	142.215073	-52.647171	0.000020	0.000022	70.709915	81.225235	95.617195	551117.750000	33512.214844	12839.118164	54797.980469
2012	06	155.922745	94.475212	127.793182	-24.407988	0.000009	0.000011	66.345650	4.282594	62.928070	432722.093750	33512.187500	12841.375977	54799.332031
2012	06	212.296616	138.927551	135.553329	-73.022148	0.000028	0.000030	62.184258	32.968826	70.167801	589172.812500	33512.171875	12843.535156	54800.757812
2012	06	241.989929	160.922318	142.685364	-95.583870	0.000037	0.000038	61.617729	97.142258	90.059799	671578.687500	33512.085938	12847.012695	54803.589844
2012	06	237.962646	156.099167	144.208069	-90.034317	0.000035	0.000036	62.344597	45.911427	73.243202	660402.000000	33511.996094	12850.752930	54806.664062
2012	06	257.127625	169.128098	151.832169	-101.575630	0.000039	0.000041	63.832634	49.394890	90.106232	713589.312500	33511.902344	12854.591797	54809.816406
2012	06	261.868927	172.989990	154.657913	-103.491638	0.000040	0.000041	65.778992	66.650032	96.014259	726747.500000	33511.796875	12858.773438	54813.238281
2012	06	266.148438	175.729431	154.523865	-107.905678	0.000042	0.000043	64.104858	71.441566	112.489151	738624.187500	33511.687500	12863.095703	54816.812500
2012	06	262.108582	173.210602	152.126129	-106.263985	0.000041	0.000042	63.228157	56.815159	84.213585	727412.625000	33511.574219	12867.356445	54820.378906
2012	06	274.588928	180.459320	158.294006	-112.576904	0.000043	0.000045	64.164413	81.602165	103.710838	762048.437500	33511.457031	12871.817383	54824.128906
2012	06	191.504669	116.848404	136.615463	-51.171650	0.000020	0.000021	61.959198	10.731403	53.837574	531470.250000	33511.363281	12875.660156	54827.292969
2012	06	263.797241	173.485825	152.740982	-107.339142	0.000041	0.000043	62.429558	90.887367	106.402542	732098.937500	33511.300781	12878.619141	54829.605469
2012	06	282.880615	188.054092	156.916000	-122.247932	0.000047	0.000049	62.089478	95.706284	99.386078	785059.875000	33511.179688	12883.068359	54833.414062
2012	06	277.066528	181.146210	159.935287	-113.415016	0.000044	0.000045	64.014992	104.526306	96.382004	768924.375000	33511.050781	12887.757812	54837.421875
2012	06	283.933014	189.683716	155.323517	-124.893723	0.000048	0.000050	61.074219	117.693413	91.837311	787980.500000	33510.925781	12892.413086	54841.425781
2012	06	272.775543	180.441711	152.161880	-116.898323	0.000045	0.000047	59.828056	113.610779	90.220154	757015.875000	33510.792969	12897.078125	54845.515625
2012	06	283.538940	188.127396	154.880264	-124.943779	0.000048	0.000050	59.468704	97.534248	95.381126	786886.875000	33510.667969	12901.664062	54849.558594
2012	06	263.438019	164.700623	163.317932	-96.405663	0.000037	0.000039	64.580513	6.373958	82.261063	731102.125000	33510.546875	12906.141602	54853.433594
2012	06	225.407425	127.235237	170.394409	-51.299091	0.000020	0.000021	72.222214	63.374722	106.841774	625558.312500	33510.468750	12909.823242	54856.253906
2012	06	266.643707	162.899918	177.660461	-85.269783	0.000033	0.000034	73.916687	45.064079	91.750618	739998.562500	33510.406250	12913.168945	54858.652344
2012	06	285.016571	177.923981	185.980316	-95.323296	0.000037	0.000038	78.887726	50.278736	121.820183	790987.625000	33510.316406	12917.320312	54861.617188
2012	06	259.257111	159.644348	173.051941	-82.492706	0.000032	0.000033	73.439178	72.076515	108.990044	719499.187500	33510.199219	12921.768555	54865.011719
2012	06	236.821716	143.473190	171.767365	-61.342361	0.000024	0.000025	78.418854	15.155499	83.922775	657235.625000	33510.105469	12925.304688	54867.519531
2012	06	269.500488	171.491730	176.733765	-89.055229	0.000034	0.000036	78.724991	55.266987	127.015221	747926.875000	33510.007812	12929.182617	54870.148438
2012	06	198.868790	115.087357	158.137817	-37.019939	0.000014	0.000016	74.356377	-21.292818	62.758240	551907.437500	33509.910156	12932.780273	54872.671875
2012	06	274.806946	174.175659	174.086945	-97.009438	0.000037	0.000039	73.455627	35.243050	90.246017	762653.625000	33509.839844	12935.812500	54874.718750
2012	06	285.007202	183.296478	176.411972	-104.885109	0.000040	0.000042	74.701241	35.136341	90.929375	790961.625000	33509.710938	12940.193359	54878.085938
2012	07	275.413483	170.701767	184.658829	-86.921356	0.000032	0.000034	79.947098	22.879864	95.339394	739680.750000	33509.574219	12944.676758	54881.484375
2012	07	290.809753	182.921188	186.750656	-100.226280	0.000037	0.000039	78.862083	31.035702	91.028908	781030.687500	33509.453125	12948.838867	54884.558594
2012	07	278.867950	175.891205	178.630569	-96.405029	0.000036	0.000037	75.653831	40.867657	98.270149	748958.375000	33509.320312	12953.157227	54887.832031
2012	07	278.372284	173.297333	180.201157	-94.339241	0.000035	0.000037	75.126205	57.844677	115.502892	747627.250000	33509.187500	12957.375000	54891.125000
2012	07	252.724731	151.499100	176.430832	-72.462502	0.000027	0.000028	75.205200	1.148535	64.904839	678745.375000	33509.074219	12961.121094	54893.910156
2012	07	298.596619	185.933609	188.768768	-105.996925	0.000040	0.000041	76.105774	51.841423	123.840805	801943.937500	33508.960938	12965.006836	54896.832031
2012	07	266.945618	158.551132	186.020432	-77.094780	0.000029	0.000030	77.625954	28.756777	89.184334	716938.562500	33508.828125	12969.238281	54900.066406
2012	07	274.431519	163.618500	188.511536	-82.090080	0.000031	0.000032	77.698494	42.044540	118.811623	737043.500000	33508.718750	12972.998047	54902.796875
2012	07	260.815704	157.774719	176.295120	-80.691177	0.000030	0.000032	73.254112	29.039915	92.747795	700475.375000	33508.605469	12976.638672	54905.468750
2012	07	263.414368	163.322357	168.423767	-91.161667	0.000034	0.000035	68.331734	100.669106	94.002235	707454.687500	33508.488281	12980.423828	54908.457031
2012	07	264.943970	169.355911	159.197556	-101.917892	0.000038	0.000039	63.609501	47.042480	73.476334	711562.750000	33508.355469	12984.201172	54911.601562
2012	07	262.310608	165.840683	159.489227	-98.993279	0.000037	0.000038	63.019310	64.886314	76.570190	704490.187500	33508.222656	12988.073242	54914.937500
2012	07	260.094452	159.008026	166.160004	-90.106766	0.000034	0.000035	65.073593	53.864841	104.178207	698538.312500	33508.105469	12991.661133	54917.957031
2012	07	259.647705	154.089035	173.277710	-82.542801	0.000031	0.000032	67.719025	5.234911	85.469872	697338.437500	33507.996094	12995.208984	54920.859375
2012	07	225.311768	122.403824	174.303665	-47.181408	0.000018	0.000019	71.395706	10.965648	84.280678	605122.062500	33507.906250	12998.328125	54923.230469
2012	07	250.873520	142.726852	179.862259	-67.185051	0.000025	0.000027	71.715599	36.978691	95.246056	673773.500000	33507.839844	13001.040039	54925.121094
2012	07	282.240448	168.317383	185.090851	-93.323898	0.000035	0.000036	71.167809	35.954659	77.110359	758016.000000	33507.738281	13004.564453	54927.832031
2012	07	272.485870	161.754028	181.479996	-87.180695	0.000033	0.000034	70.748177	47.360767	58.555355	731818.000000	33507.617188	13008.429688	54930.902344
2012	07	268.941101	158.038803	181.571823	-83.544640	0.000031	0.000033	70.669533	83.627739	99.657555	722297.875000	33507.500000	13012.334961	54934.019531
2012	07	266.681488	163.889664	167.350937	-95.506386	0.000036	0.000037	64.559113	96.154686	88.254707	716229.187500	33507.378906	13016.047852	54937.070312
2012	07	274.563568	168.962479	168.801758	-101.938118	0.000038	0.000039	63.200630	86.110954	91.721169	737398.187500	33507.250000	13019.841797	54940.320312
2012	07	247.227524	145.368454	165.861618	-77.542641	0.000029	0.000030	64.002548	74.115829	89.614914	663981.437500	33507.128906	13023.536133	54943.484375
2012	07	229.159622	128.549103	163.980728	-61.356094	0.000023	0.000024	63.370220	11.476504	75.624245	615456.312500	33507.035156	13026.605469	54946.003906
2012	07	226.797287	122.295013	170.185196	-52.789806	0.000020	0.000021	65.682907	13.947471	89.640060	609111.812500	33506.960938	13029.189453	54948.031250
2012	07	248.258743	138.753220	175.941208	-68.495758	0.000026	0.000027	66.435684	13.945623	62.893150	666751.000000	33506.894531	13031.779297	54949.992188
2012	07	254.779419	149.963181	171.903351	-79.054779	0.000030	0.000031	67.087120	58.864071	108.857620	684263.687500	33506.804688	13034.997070	54952.546875
2012	07	215.317490	118.768196	161.415085	-50.081573	0.000019	0.000020	64.865791	6.272865	64.605133	578280.312500	33506.710938	13038.092773	54955.062500
2012	07	266.740723	158.533630	172.587784	-90.332573	0.000034	0.000035	64.380707	71.374519	92.876312	716388.250000	33506.632812	13040.689453	54957.082031
2012	07	247.459183	145.782318	163.771927	-79.867371	0.000030	0.000031	62.095043	81.117226	82.341377	664603.687500	33506.527344	13044.118164	54960.000000
2012	07	255.235321	150.728378	165.871460	-85.544411	0.000032	0.000033	61.364502	78.335114	86.674080	685488.062500	33506.425781	13047.299805	54962.718750
2012	07	239.169495	136.752365	164.051254	-71.299225	0.000027	0.000028	61.634117	71.959358	86.474022	642339.937500	33506.328125	13050.432617	54965.398438
2012	08	209.128784	111.168213	160.005341	-45.304878	0.000017	0.000018	62.044769	69.176140	83.553185	561659.312500	33506.253906	13052.991211	54967.496094
2012	08	240.863983	135.605576	165.349640	-71.696259	0.000027	0.000028	60.091232	95.822693	89.546524	646890.875000	33506.195312	13055.265625	54969.312500
2012	08	209.271790	108.145950	161.580765	-43.873375	0.000016	0.000018	60.454948	42.476265	87.871956	562043.312500	33506.113281	13058.000000	54971.652344
2012	08	219.897629	113.084335	167.198029	-48.882492	0.000018	0.000020	60.384739	-5.854571	52.608173	590581.312500	33506.066406	13059.899414	54973.105469
2012	08	213.572403	112.528961	162.179688	-47.576080	0.000018	0.000019	61.136250	89.734703	81.225395	573593.500000	33506.007812	13062.194336	54974.992188
2012	08	242.720551	136.701569	164.886414	-74.017952	0.000028	0.000029	58.867443	42.470097	49.048290	651877.000000	33505.945312	13064.525391	54976.914062
2012	08	247.559967	133.747894	188.566559	-55.177750	0.000021	0.000022	74.754494	24.788744	106.776703	664874.312500	33505.875000	13067.349609	54979.097656
2012	08	218.654373	117.931999	170.992737	-43.846462	0.000016	0.000018	70.270348	80.134109	94.325043	587242.312500	33505.808594	13070.154297	54981.125000
2012	08	223.689285	116.860344	175.841568	-44.033001	0.000016	0.000018	69.012634	20.707882	73.284462	600764.562500	33505.753906	13072.367188	54982.613281
2012	08	237.482971	131.140686	174.017242	-59.651485	0.000022	0.000024	67.674973	28.495436	62.953754	637810.375000	33505.687500	13074.872070	54984.468750
2012	08	239.455414	133.244781	181.240494	-54.401226	0.000020	0.000022	75.029839	51.787228	75.224892	643107.875000	33505.609375	13077.672852	54986.503906
2012	08	204.905350	103.631096	182.658035	-18.434088	0.000007	0.000008	81.383781	14.206739	75.547852	550316.437500	33505.542969	13080.012695	54987.871094
2012	08	214.327576	108.465561	187.124710	-23.390133	0.000009	0.000010	81.262711	3.472286	52.988590	575621.750000	33505.500000	13082.062500	54988.816406
2012	08	239.608826	128.410812	193.796738	-41.999874	0.000016	0.000017	82.598724	56.465466	106.449440	643519.875000	33505.441406	13084.398438	54990.054688
2012	08	231.059082	125.669464	183.155640	-44.091698	0.000016	0.000018	77.766014	26.620497	81.683212	620557.750000	33505.355469	13087.146484	54991.773438
2012	08	220.748322	112.969574	186.890091	-30.046961	0.000011	0.000013	79.111351	38.089996	87.740395	592866.000000	33505.277344	13089.600586	54993.250000
2012	08	219.014908	113.783722	183.314743	-31.889420	0.000012	0.000013	78.083542	5.390073	83.755775	588210.562500	33505.210938	13091.631836	54994.269531
2012	08	236.889832	129.981873	181.414536	-51.665031	0.000019	0.000021	74.506554	44.852768	93.987251	636217.437500	33505.132812	13094.112305	54995.867188
2012	08	240.972443	132.616608	182.578293	-54.584343	0.000020	0.000022	74.222473	51.055462	75.375954	647182.125000	33505.035156	13096.818359	54997.710938
2012	08	223.553589	123.913551	169.919052	-49.825161	0.000019	0.000020	70.279030	84.073227	80.608368	600400.125000	33504.937500	13099.458984	54999.582031
2012	08	219.631180	119.844948	168.734329	-47.087914	0.000018	0.000019	68.948120	52.507427	71.243279	589865.687500	33504.851562	13101.818359	55001.253906
2012	08	222.268341	123.239822	166.320694	-52.139179	0.000019	0.000021	67.292175	66.564018	64.134544	596948.375000	33504.765625	13104.098633	55002.878906
2012	08	219.787659	123.594360	160.724319	-55.255291	0.000021	0.000022	64.531013	89.057426	72.235512	590285.937500	33504.675781	13106.449219	55004.679688
2012	08	205.011276	106.287384	164.703293	-36.500359	0.000014	0.000015	65.979408	47.650436	78.534332	550600.875000	33504.593750	13108.588867	55006.281250
2012	08	222.079956	120.029556	167.719559	-50.553238	0.000019	0.000020	65.669159	74.190086	73.770599	596442.312500	33504.527344	13110.557617	55007.667969
2012	08	213.490875	116.956871	159.387985	-50.296158	0.000019	0.000020	62.853977	35.906940	61.171516	573374.625000	33504.449219	13112.748047	55009.351562
2012	08	213.626007	113.620895	163.458466	-46.361233	0.000017	0.000019	63.453350	60.485149	81.775352	573737.562500	33504.371094	13114.870117	55011.015625
2012	08	198.347946	98.470329	164.038925	-30.503151	0.000011	0.000013	64.161316	35.499004	74.723991	532705.062500	33504.308594	13116.806641	55012.449219
2012	08	205.954330	101.726974	174.710968	-27.437990	0.000010	0.000012	70.483612	41.736900	94.456802	553133.625000	33504.257812	13118.339844	55013.378906
2012	08	196.652313	103.871742	157.480209	-35.367195	0.000013	0.000015	64.699623	72.172142	70.534187	528151.125000	33504.203125	13120.214844	55014.613281
2012	08	200.848831	105.191307	158.764603	-38.279713	0.000014	0.000016	63.107094	45.758232	73.996933	539421.750000	33504.140625	13121.958984	55015.886719
2012	09	185.379440	87.312828	162.284653	-19.413458	0.000007	0.000009	64.218033	32.755169	86.562050	514471.343750	33504.089844	13123.501953	55016.914062
2012	09	171.812531	86.461800	144.580978	-23.550652	0.000009	0.000011	59.230267	114.729546	50.234676	476819.937500	33504.050781	13124.865234	55017.753906
2012	09	171.329330	91.258438	134.829025	-32.819820	0.000013	0.000014	54.758114	115.187004	46.347004	475479.000000	33504.003906	13126.180664	55018.765625
2012	09	187.653717	102.957382	138.339722	-45.633865	0.000018	0.000019	53.643398	95.445602	56.073570	520782.937500	33503.949219	13127.588867	55019.941406
2012	09	182.776291	94.582565	142.896286	-36.200283	0.000014	0.000015	54.702560	43.515884	59.583691	507246.968750	33503.890625	13129.219727	55021.339844
2012	09	175.946396	85.934906	146.043091	-26.224018	0.000010	0.000012	56.031605	41.988277	47.447456	488292.343750	33503.843750	13130.617188	55022.445312
2012	09	180.143295	91.282600	144.219971	-32.244492	0.000012	0.000014	55.359272	62.317024	48.986828	499939.781250	33503.800781	13131.973633	55023.515625
2012	09	177.152802	88.289566	144.069382	-29.404987	0.000011	0.000013	55.206150	50.147438	57.619720	491640.437500	33503.753906	13133.447266	55024.738281
2012	09	163.805222	75.127403	144.175827	-15.951393	0.000006	0.000008	55.498016	23.580048	49.873772	454597.781250	33503.718750	13134.651367	55025.656250
2012	09	162.078156	69.983078	155.358582	-3.042041	0.000001	0.000003	63.263515	8.233867	68.264160	449804.781250	33503.699219	13135.428711	55026.074219
2012	09	150.663818	69.196938	143.174881	-3.811873	0.000001	0.000003	61.707996	89.408127	53.000420	418127.312500	33503.695312	13136.319336	55026.386719
2012	09	153.820999	76.017334	133.776703	-16.367615	0.000006	0.000008	55.973042	75.472946	51.132832	426889.218750	33503.679688	13137.075195	55026.785156
2012	09	170.685440	86.139481	140.470566	-26.538567	0.000010	0.000012	55.924606	59.459530	61.957172	473692.000000	33503.656250	13137.979492	55027.414062
2012	09	173.591339	86.475945	143.607925	-26.307497	0.000010	0.000012	56.492550	54.753773	61.954395	481756.531250	33503.621094	13139.124023	55028.253906
2012	09	173.217911	85.009018	144.683304	-24.859087	0.000010	0.000011	56.474426	59.085144	57.815765	480720.187500	33503.585938	13140.352539	55029.167969
2012	09	132.002914	54.669739	140.609955	12.282116	-0.000005	-0.000003	63.276783	8.614854	70.664024	366338.937500	33503.558594	13141.120117	55029.566406
2012	09	146.243790	71.226448	138.515152	-4.053951	0.000002	0.000003	63.497822	73.145401	54.431278	405860.687500	33503.558594	13141.547852	55029.394531
2012	09	161.504990	81.953690	140.137589	-17.693087	0.000007	0.000008	60.586296	49.881630	55.834862	448214.093750	33503.546875	13142.305664	55029.687500
2012	09	135.254349	59.033245	137.179321	5.598885	-0.000002	-0.000001	60.958218	-0.141473	56.636383	375362.468750	33503.531250	13143.065430	55029.980469
2012	09	143.728836	62.913151	153.632278	13.576915	-0.000005	-0.000004	72.816597	10.775084	70.455559	398881.125000	33503.519531	13143.417969	55029.664062
2012	09	144.100876	71.226700	137.405563	-3.022222	0.000001	0.000003	64.531387	59.338062	46.403759	399913.656250	33503.507812	13143.967773	55029.523438
2012	09	162.258118	81.105873	145.970734	-12.614669	0.000005	0.000006	64.818481	53.500553	56.208012	450304.218750	33503.488281	13144.674805	55029.667969
2012	09	153.074554	72.208046	145.391617	-4.010631	0.000002	0.000003	64.525101	19.783403	49.920120	424817.687500	33503.468750	13145.601562	55030.011719
2012	09	153.309372	72.739700	145.908127	-3.729350	0.000001	0.000003	65.338455	22.256559	73.146736	425469.343750	33503.449219	13146.406250	55030.238281
2012	09	136.326828	64.788925	134.140900	1.485571	-0.000001	0.000001	62.603001	58.371067	45.183754	378338.812500	33503.425781	13147.056641	55030.312500
2012	09	138.810013	67.305008	131.212677	-3.926200	0.000002	0.000003	59.707687	55.223629	47.795902	385230.250000	33503.406250	13147.476562	55030.289062
2012	09	98.252251	33.611214	126.748718	32.167202	-0.000012	-0.000011	62.107674	-11.765532	55.473942	272672.968750	33503.390625	13147.618164	55030.003906
2012	09	115.002228	49.671955	131.372604	20.040714	-0.000008	-0.000006	66.042328	56.475140	58.576138	319158.062500	33503.375000	13147.227539	55028.992188
2012	09	116.005692	53.776352	121.726662	9.390960	-0.000004	-0.000002	59.497326	51.503410	34.468372	321942.906250	33503.359375	13147.168945	55028.457031
2012	09	100.542847	39.395535	119.661690	22.788456	-0.000009	-0.000007	58.514374	27.201868	31.417147	279029.906250	33503.343750	13147.011719	55027.910156
2012	10	106.133698	39.259922	129.572556	27.230404	-0.000010	-0.000009	62.698788	1.225724	42.939709	285044.343750	33503.332031	13146.522461	55027.031250
2012	10	112.185455	41.879536	135.883118	27.488770	-0.000010	-0.000009	65.577202	16.378561	45.956608	301297.625000	33503.324219	13146.192383	55026.179688
2012	10	145.528137	67.678726	142.330765	0.593320	-0.000000	0.000001	64.481346	27.566900	47.242474	390846.437500	33503.312500	13146.189453	55025.679688
2012	10	142.468063	63.196095	144.877945	6.200141	-0.000002	-0.000001	65.605965	38.952236	45.637180	382627.937500	33503.304688	13146.635742	55025.597656
2012	10	120.552544	48.960129	135.132065	18.369373	-0.000007	-0.000005	63.539642	19.639969	31.952183	323769.187500	33503.292969	13146.881836	55025.339844
2012	10	131.366119	53.903103	145.586685	18.009993	-0.000007	-0.000005	68.123665	15.425704	30.807184	352811.343750	33503.281250	13146.795898	55024.730469
2012	10	97.103607	29.118019	137.695572	44.380959	-0.000017	-0.000015	69.709984	-7.248462	62.191750	260792.140625	33503.265625	13146.708008	55023.980469
2012	10	107.215683	43.042442	129.932205	26.505123	-0.000010	-0.000008	65.758965	48.807301	41.360600	287950.250000	33503.246094	13146.127930	55022.769531
2012	10	111.900948	46.186546	128.807220	20.694479	-0.000008	-0.000006	63.092808	57.630028	35.432293	300533.500000	33503.222656	13145.786133	55021.937500
2012	10	116.611649	51.742466	125.294815	12.471016	-0.000005	-0.000003	60.425632	55.835033	31.113111	313185.093750	33503.207031	13145.570312	55021.316406
2012	10	105.547394	42.973637	121.244034	19.484118	-0.000007	-0.000006	58.670277	42.924484	28.130060	283469.687500	33503.191406	13145.335938	55020.742188
2012	10	85.066170	25.998539	119.161423	37.882317	-0.000014	-0.000013	60.093788	27.564365	60.380268	228463.062500	33503.179688	13144.817383	55019.859375
2012	10	60.936646	11.500690	104.866890	47.716934	-0.000018	-0.000016	55.430931	48.715042	41.557980	163658.171875	33503.167969	13143.803711	55018.570312
2012	10	60.945766	14.352027	97.669556	40.510113	-0.000015	-0.000014	51.075809	60.008186	27.776640	163682.656250	33503.156250	13142.377930	55017.011719
2012	10	53.911423	6.906643	98.135918	48.010475	-0.000018	-0.000017	51.131138	2.573497	15.389953	144790.468750	33503.152344	13140.949219	55015.523438
2012	10	82.347694	17.163853	127.949173	49.387032	-0.000018	-0.000017	62.765320	-38.151863	17.940479	221162.062500	33503.152344	13139.492188	55013.808594
2012	10	76.994011	17.659723	124.989433	51.780537	-0.000019	-0.000018	65.655151	35.066917	44.371986	206783.578125	33503.156250	13138.503906	55012.253906
2012	10	77.905449	25.953762	108.351059	34.230350	-0.000013	-0.000011	56.399368	44.178047	28.901230	209231.453125	33503.148438	13137.475586	55010.867188
2012	10	88.523178	34.123211	109.227951	24.489164	-0.000009	-0.000008	54.827984	43.904251	23.742186	237747.593750	33503.136719	13136.569336	55009.750000
2012	10	81.331886	27.360401	108.391663	30.843809	-0.000012	-0.000010	54.420177	10.762988	29.504463	218433.875000	33503.132812	13135.794922	55008.785156
2012	10	100.038376	31.388874	133.793701	37.538921	-0.000014	-0.000013	65.144188	-13.777445	31.039387	268674.093750	33503.132812	13134.968750	55007.593750
2012	10	94.492729	33.426857	121.755234	31.045700	-0.000012	-0.000010	60.689365	25.978151	27.783417	253780.078125	33503.128906	13134.429688	55006.585938
2012	10	74.341270	18.497030	113.683884	43.125393	-0.000016	-0.000015	57.839630	21.071751	30.033762	199659.125000	33503.125000	13133.657227	55005.464844
2012	10	64.718834	15.020923	103.304298	42.367878	-0.000016	-0.000014	53.606384	30.532816	27.441887	173816.015625	33503.117188	13132.486328	55004.070312
2012	10	61.106892	14.343483	97.444740	40.119911	-0.000015	-0.000014	50.681332	34.411922	22.493771	164115.406250	33503.109375	13131.155273	55002.632812
2012	10	70.313515	20.593796	100.655991	34.124180	-0.000013	-0.000011	50.936268	41.025501	19.817194	188841.718750	33503.109375	13129.852539	55001.257812
2012	10	78.648521	26.805122	102.680305	27.813143	-0.000010	-0.000009	50.836903	29.883917	20.436897	211227.140625	33503.109375	13128.756836	55000.089844
2012	10	78.945984	26.207712	104.002312	28.837336	-0.000011	-0.000009	51.264042	30.994404	19.513878	212026.031250	33503.117188	13127.802734	54999.050781
2012	10	70.880051	19.005404	103.037811	35.938389	-0.000013	-0.000012	51.163158	14.842069	15.437465	190363.281250	33503.121094	13126.787109	54997.949219
2012	10	74.001022	15.738719	113.129837	42.909042	-0.000016	-0.000015	54.867535	-32.566360	29.599186	198745.296875	33503.128906	13125.665039	54996.683594
2012	10	75.011284	11.416716	129.891846	58.660339	-0.000022	-0.000020	66.297295	-65.583824	48.581184	201458.562500	33503.140625	13124.588867	54995.230469
2012	11	79.409843	14.334405	132.829910	57.077423	-0.000022	-0.000021	67.754463	-38.200584	31.006359	220380.890625	33503.144531	13123.549805	54993.511719
2012	11	63.204617	11.259398	112.447159	52.899490	-0.000020	-0.000019	60.501938	10.270315	13.904967	175407.593750	33503.136719	13122.493164	54991.867188
2012	11	61.498356	10.379803	109.292793	51.450993	-0.000020	-0.000018	58.174236	10.680611	18.610497	170672.312500	33503.125000	13121.198242	54990.171875
2012	11	46.399578	0.869366	100.006218	57.262817	-0.000022	-0.000021	54.476002	8.176150	19.972258	128769.679688	33503.113281	13119.770508	54988.417969
2012	11	41.092991	-0.836146	92.439270	55.002090	-0.000021	-0.000020	50.510136	24.002043	21.943972	114042.648438	33503.101562	13118.058594	54986.515625
2012	11	31.293732	-6.035751	84.010078	56.371807	-0.000022	-0.000020	46.680595	40.367947	26.775640	86847.429688	33503.093750	13116.193359	54984.589844
2012	11	25.962994	-7.582458	76.497932	54.190071	-0.000021	-0.000019	42.952477	39.075291	16.721975	72053.382812	33503.089844	13114.143555	54982.605469
2012	11	28.366674	-5.162457	75.025894	50.314041	-0.000019	-0.000018	41.496761	31.138941	14.345154	78724.156250	33503.089844	13112.041992	54980.656250
2012	11	19.470438	-13.444876	75.380974	59.565029	-0.000023	-0.000022	42.465664	-40.058529	40.549099	54035.019531	33503.093750	13109.913086	54978.687500
2012	11	27.334518	-7.250459	78.466309	54.785950	-0.000021	-0.000020	43.881336	-7.439369	26.278776	75859.671875	33503.105469	13107.716797	54976.593750
2012	11	25.011042	-8.096416	76.073845	54.716633	-0.000021	-0.000020	42.966389	20.027058	13.936552	69411.484375	33503.117188	13105.638672	54974.613281
2012	11	29.467056	-3.437802	73.882263	48.068718	-0.000019	-0.000017	40.977402	-1.075159	7.980916	81777.968750	33503.128906	13103.566406	54972.699219
2012	11	65.763329	16.551081	95.678925	33.568764	-0.000013	-0.000012	46.466675	-30.656239	8.447277	182508.625000	33503.144531	13101.844727	54971.089844
2012	11	29.865692	-14.516708	95.770691	69.557739	-0.000027	-0.000025	51.388290	-48.586540	41.757416	82884.281250	33503.171875	13100.423828	54969.535156
2012	11	28.602301	-5.176038	78.593498	53.643593	-0.000021	-0.000019	44.815163	24.559675	9.790528	79378.070312	33503.187500	13098.396484	54967.460938
2012	11	28.230551	-4.848560	75.506577	50.928093	-0.000020	-0.000018	42.427460	20.067640	7.298810	78346.382812	33503.199219	13096.379883	54965.542969
2012	11	29.984064	-3.659498	75.693169	49.360855	-0.000019	-0.000018	42.049606	18.477362	7.469695	83212.789062	33503.210938	13094.388672	54963.683594
2012	11	23.519762	-8.309108	72.951050	53.082703	-0.000020	-0.000019	41.122173	21.824448	7.459967	65272.835938	33503.230469	13092.380859	54961.824219
2012	11	28.169212	-3.911761	72.265602	47.747494	-0.000018	-0.000017	40.184631	22.444109	5.251272	78176.148438	33503.246094	13090.320312	54959.953125
2012	11	28.637815	-3.430659	71.734421	46.747395	-0.000018	-0.000017	39.665951	17.689753	6.189710	79476.632812	33503.265625	13088.337891	54958.179688
2012	11	26.374790	-5.111000	70.917213	48.192883	-0.000019	-0.000017	39.431423	20.292034	3.262847	73196.210938	33503.285156	13086.358398	54956.417969
2012	11	22.488806	-8.772020	70.866829	52.028152	-0.000020	-0.000019	39.606003	16.883488	3.339129	62411.695312	33503.308594	13084.322266	54954.597656
2012	11	28.471649	-4.058074	71.983948	47.162090	-0.000018	-0.000017	39.454227	12.830203	2.950172	79015.484375	33503.332031	13082.296875	54952.789062
2012	11	38.125214	0.803961	78.014191	43.538425	-0.000017	-0.000015	40.692936	-12.031802	5.400822	105806.382812	33503.359375	13080.434570	54951.136719
2012	11	19.226507	-15.931199	79.479553	63.902092	-0.000025	-0.000023	44.321838	-5.739784	15.247315	53358.050781	33503.390625	13078.597656	54949.375000
2012	11	12.790202	-15.602283	65.140450	55.998947	-0.000022	-0.000020	36.747963	19.331585	41.037991	35495.800781	33503.417969	13076.405273	54947.347656
2012	11	11.708159	-14.267760	52.153652	44.093861	-0.000017	-0.000016	26.177732	25.004351	49.465195	32492.880859	33503.429688	13074.119141	54945.546875
2012	11	13.012414	-11.970285	44.192875	34.828506	-0.000013	-0.000012	19.210173	26.371674	22.544796	36112.492188	33503.417969	13071.843750	54944.066406
2012	11	12.216384	-12.110988	41.746181	33.177532	-0.000013	-0.000011	17.418806	23.560511	20.270803	33903.324219	33503.402344	13069.596680	54942.738281
2012	11	8.179053	-15.389670	39.403660	34.872021	-0.000013	-0.000012	15.834937	30.968039	23.921673	22698.785156	33503.394531	13067.320312	54941.429688
2012	12	7.402980	-14.855286	35.891289	32.256977	-0.000012	-0.000011	13.633024	36.469936	13.075102	19882.259766	33503.390625	13064.994141	54940.144531
2012	12	11.760244	-11.671055	36.003250	28.011354	-0.000010	-0.000009	12.571953	41.135105	5.970282	31584.607422	33503.394531	13062.701172	54938.953125
2012	12	16.173353	-13.057363	46.933594	34.528259	-0.000013	-0.000011	17.702879	-28.088068	-0.437257	43436.937500	33503.425781	13060.495117	54937.820312
2012	12	22.944197	-9.732633	62.115238	42.938675	-0.000016	-0.000015	29.438410	-6.854176	10.386576	61621.460938	33503.507812	13058.376953	54936.417969
2012	12	31.907345	-1.372194	63.268280	35.128208	-0.000013	-0.000012	29.988743	-7.668469	-2.055579	85693.882812	33503.589844	13056.442383	54935.042969
2012	12	21.101618	-12.235242	72.196907	54.862179	-0.000020	-0.000019	38.860046	-15.773755	5.556114	56672.828125	33503.683594	13054.587891	54933.582031
2012	12	11.481152	-14.310033	58.309658	50.595039	-0.000019	-0.000017	32.518475	44.555122	28.418259	30835.042969	33503.785156	13052.485352	54931.792969
2012	12	20.513573	-7.852801	53.132767	36.385387	-0.000014	-0.000012	24.766396	11.193783	7.097788	55093.507812	33503.839844	13050.318359	54930.265625
2012	12	4.318829	-23.089771	55.941868	55.388859	-0.000021	-0.000019	28.533268	-4.304225	-1.541131	11599.123047	33503.890625	13048.204102	54928.789062
2012	12	15.715719	-12.378277	57.760983	45.810684	-0.000017	-0.000016	29.666986	-2.897743	8.800258	42207.867188	33503.949219	13045.955078	54927.109375
2012	12	14.709745	-13.200497	55.111485	44.166809	-0.000016	-0.000015	27.201246	-3.779229	8.542218	39506.113281	33504.007812	13043.813477	54925.550781
2012	12	11.011349	-16.855089	59.027630	51.780975	-0.000019	-0.000018	31.161190	6.902695	17.063679	29573.291016	33504.062500	13041.638672	54923.937500
2012	12	11.824487	-12.862197	46.046425	37.986290	-0.000014	-0.000013	21.359743	51.523174	9.232670	31757.144531	33504.113281	13039.420898	54922.367188
2012	12	13.838875	-11.697356	44.900455	34.825588	-0.000013	-0.000012	19.364225	13.679351	4.960710	37167.207031	33504.136719	13037.243164	54921.054688
2012	12	16.332726	-10.580232	46.992802	34.423744	-0.000013	-0.000011	20.079845	-0.004832	2.891046	43864.964844	33504.164062	13035.119141	54919.796875
2012	12	5.804375	-16.611366	39.412800	37.371738	-0.000014	-0.000013	16.997061	63.805656	16.499529	15588.868164	33504.199219	13032.977539	54918.527344
2012	12	9.313466	-12.503591	34.149487	28.598997	-0.000011	-0.000009	12.332432	45.644001	7.409753	25013.267578	33504.218750	13030.730469	54917.328125
2012	12	7.113659	-14.653659	32.687832	29.336817	-0.000011	-0.000010	10.920515	21.202652	9.530703	19105.226562	33504.238281	13028.510742	54916.230469
2012	12	12.413429	-12.673903	37.567936	28.916803	-0.000011	-0.000009	12.480604	-35.064575	9.063600	33338.871094	33504.261719	13026.303711	54915.156250
2012	12	13.905181	-13.382566	42.682011	32.538765	-0.000012	-0.000011	15.394264	-31.721972	14.489704	37345.285156	33504.308594	13024.171875	54914.054688
2012	12	6.475371	-16.490080	39.075661	36.361858	-0.000014	-0.000012	16.110210	61.606480	12.787153	17390.970703	33504.355469	13022.030273	54912.886719
2012	12	17.610214	-7.059640	38.794075	24.945087	-0.000009	-0.000008	14.124218	-25.467096	-19.627522	47295.929688	33504.398438	13019.879883	54911.757812
2012	12	13.713347	-13.510590	48.496067	38.543579	-0.000014	-0.000013	21.272127	-18.508339	4.840090	36830.078125	33504.457031	13017.851562	54910.632812
2012	12	4.094538	-17.089462	37.340027	37.005989	-0.000014	-0.000012	16.156029	146.340942	40.409557	10996.742188	33504.535156	13015.717773	54909.339844
2012	12	4.316884	-14.433262	27.912821	27.356087	-0.000010	-0.000009	9.162677	110.266182	25.526041	11593.898438	33504.566406	13013.499023	54908.234375
2012	12	5.404020	-13.303021	25.998627	24.354424	-0.000009	-0.000008	7.291585	55.495045	14.222581	14513.631836	33504.582031	13011.287109	54907.246094
2012	12	5.152735	-13.257827	24.864399	23.471149	-0.000009	-0.000007	6.453839	54.674992	8.575294	13838.752930	33504.589844	13009.082031	54906.300781
2012	12	7.919205	-11.901674	25.546131	21.386084	-0.000008	-0.000007	5.725253	-17.054943	7.626489	21268.689453	33504.597656	13006.892578	54905.398438
2012	12	5.881579	-14.715406	26.338154	24.215391	-0.000009	-0.000008	5.741170	9.755368	23.524382	15796.216797	33504.609375	13004.715820	54904.515625
2012	12	4.298199	-14.091900	24.041967	23.502239	-0.000009	-0.000007	5.651868	37.578403	13.273542	11543.716797	33504.621094	13002.528320	54903.621094
2012	12	4.233669	-14.178304	23.841202	23.365660	-0.000009	-0.000007	5.429228	28.948841	15.335330	11370.409180	33504.632812	13000.348633	54902.738281
2013	01	4.674294	-13.412567	23.358751	22.442122	-0.000008	-0.000007	5.271891	18.049677	6.035037	12553.798828	33504.644531	12998.173828	54901.863281
2013	01	3.551975	-14.384655	23.155188	23.358139	-0.000009	-0.000007	5.218556	11.029989	3.613075	9539.574219	33504.660156	12995.964844	54901.000000
2013	01	1.625158	-14.508757	20.987419	23.117548	-0.000009	-0.000007	4.853503	45.384109	-0.354941	4364.703125	33504.671875	12993.732422	54900.144531
2013	01	2.421741	-13.363981	19.910408	21.244316	-0.000008	-0.000007	4.124685	33.767765	-0.636881	6504.095703	33504.683594	12991.507812	54899.320312
2013	01	6.407691	-10.970260	21.261486	18.609821	-0.000007	-0.000006	3.883536	-2.165685	1.134540	17209.201172	33504.691406	12989.292969	54898.515625
2013	01	2.350723	-15.071848	21.202642	22.608315	-0.000008	-0.000007	3.780072	7.993294	3.803736	6313.360840	33504.703125	12987.088867	54897.726562
2013	01	4.991903	-12.089158	20.735937	19.500788	-0.000007	-0.000006	3.654875	5.649668	3.761347	13406.805664	33504.710938	12984.881836	54896.937500
2013	01	1.146015	-15.064911	19.749889	22.360987	-0.000008	-0.000007	3.538962	43.369408	0.763085	3077.864502	33504.718750	12982.680664	54896.152344
2013	01	7.302635	-10.259661	20.920036	17.374872	-0.000006	-0.000005	3.357741	-25.328777	-8.995523	19612.759766	33504.730469	12980.493164	54895.390625
2013	01	5.360487	-12.643160	21.269777	19.667137	-0.000007	-0.000006	3.266130	-11.467197	-8.859853	14396.714844	33504.738281	12978.322266	54894.644531
2013	01	3.931069	-15.344433	22.550703	22.377827	-0.000008	-0.000007	3.275201	-38.338726	12.136358	10557.712891	33504.750000	12976.127930	54893.875000
2013	01	4.966661	-13.311791	21.568766	20.360636	-0.000008	-0.000006	3.290313	16.077759	15.928823	13339.010742	33504.757812	12973.942383	54893.113281
2013	01	5.907303	-12.869883	22.064964	19.916544	-0.000007	-0.000006	3.287778	-7.962892	-4.034266	15865.303711	33504.769531	12971.763672	54892.355469
2013	01	8.573853	-11.862041	24.545404	19.730785	-0.000007	-0.000006	4.109508	-20.675898	-11.106815	23026.884766	33504.785156	12969.597656	54891.605469
2013	01	15.143124	-9.125770	33.740288	22.356730	-0.000008	-0.000007	9.471394	-16.182869	-1.365796	40670.042969	33504.937500	12967.521484	54890.808594
2013	01	6.100033	-13.031883	23.568516	21.228384	-0.000008	-0.000007	4.436600	30.983398	29.660013	16382.920898	33505.031250	12965.484375	54890.082031
2013	01	6.397941	-12.017750	22.276411	19.638725	-0.000007	-0.000006	3.860720	3.993956	9.732186	17183.013672	33505.054688	12963.332031	54889.320312
2013	01	5.331341	-13.342665	22.918139	21.347403	-0.000008	-0.000007	4.244133	14.698902	13.285629	14318.435547	33505.078125	12961.192383	54888.574219
2013	01	1.705619	-13.517962	18.613272	20.668604	-0.000008	-0.000006	3.389690	74.368744	17.757944	4580.797852	33505.097656	12959.041992	54887.816406
2013	01	4.684247	-11.465792	19.141462	18.218515	-0.000007	-0.000005	2.991425	-7.340486	-1.579319	12580.529297	33505.109375	12956.895508	54887.082031
2013	01	6.800204	-11.900352	22.607870	19.569323	-0.000007	-0.000006	3.907314	-39.438213	-12.350586	18263.375000	33505.128906	12954.751953	54886.355469
2013	01	1.075984	-14.105196	18.240768	20.926786	-0.000008	-0.000006	3.059588	120.825020	27.035099	2889.781982	33505.164062	12952.620117	54885.609375
2013	01	1.319076	-12.572693	16.331774	18.775034	-0.000007	-0.000006	2.440004	56.520016	8.383417	3542.656738	33505.175781	12950.490234	54884.906250
2013	01	0.891409	-12.163028	15.087902	17.959173	-0.000007	-0.000005	2.033465	78.755699	7.371592	2394.066650	33505.183594	12948.365234	54884.222656
2013	01	0.818937	-11.609466	14.161429	17.105524	-0.000006	-0.000005	1.733026	79.671318	3.450407	2199.427490	33505.191406	12946.246094	54883.550781
2013	01	2.015622	-10.890542	14.496757	16.244524	-0.000006	-0.000005	1.590593	32.185974	-1.818211	5413.376953	33505.195312	12944.131836	54882.890625
2013	01	1.952408	-11.392118	14.876168	16.687508	-0.000006	-0.000005	1.531642	34.838371	5.936291	5243.601074	33505.199219	12942.020508	54882.238281
2013	01	2.358653	-11.044681	14.898602	16.304050	-0.000006	-0.000005	1.495269	28.035498	5.046536	6334.658203	33505.207031	12939.915039	54881.585938
2013	01	4.607337	-9.731902	15.797559	14.954684	-0.000006	-0.000004	1.458320	-0.850040	0.560151	12373.970703	33505.210938	12937.815430	54880.941406
2013	01	6.192086	-9.290749	16.909639	14.482386	-0.000005	-0.000004	1.426805	19.747061	-0.150368	16630.146484	33505.214844	12935.727539	54880.312500
2013	01	9.372201	-8.648273	22.311031	16.704025	-0.000006	-0.000005	4.290557	-86.835533	-55.623455	25171.015625	33505.238281	12933.672852	54879.695312
2013	02	8.586636	-9.369067	23.171021	17.985508	-0.000007	-0.000006	5.215315	-82.066368	-24.080193	25532.060547	33505.335938	12931.650391	54878.980469
2013	02	2.248666	-12.622164	17.428782	18.581532	-0.000008	-0.000006	2.557951	166.402664	80.578049	6686.329102	33505.367188	12929.604492	54878.273438
2013	02	1.738323	-10.830774	13.844179	15.507563	-0.000006	-0.000005	1.275082	118.141907	40.126709	5168.843750	33505.375000	12927.529297	54877.644531
2013	02	2.610460	-9.967319	13.831353	14.622903	-0.000006	-0.000005	1.253573	17.884485	5.581333	7762.110352	33505.378906	12925.457031	54877.019531
2013	02	2.284485	-10.663445	14.173793	15.291621	-0.000006	-0.000005	1.225864	34.698311	15.813267	6792.836426	33505.382812	12923.388672	54876.402344
2013	02	2.096039	-9.862128	13.154948	14.461525	-0.000006	-0.000005	1.196781	59.870300	18.468237	6232.497559	33505.390625	12921.325195	54875.785156
2013	02	3.676004	-9.002973	13.837601	13.564526	-0.000006	-0.000004	1.158623	18.005516	10.948089	10930.469727	33505.394531	12919.266602	54875.175781
2013	02	1.505610	-10.278365	12.905385	14.803017	-0.000006	-0.000005	1.121410	67.164032	15.969627	4476.876953	33505.398438	12917.212891	54874.570312
2013	02	2.078317	-9.892999	13.049869	14.375094	-0.000006	-0.000005	1.078553	26.441120	7.526870	6179.801758	33505.406250	12915.165039	54873.968750
2013	02	2.140082	-10.520697	13.695249	14.959004	-0.000006	-0.000005	1.034470	16.136019	12.122128	6363.458496	33505.410156	12913.118164	54873.371094
2013	02	2.734530	-10.378342	14.110718	14.780318	-0.000006	-0.000005	0.997846	11.556760	17.163944	8131.028320	33505.414062	12911.074219	54872.773438
2013	02	3.766822	-9.934155	14.669511	14.307112	-0.000006	-0.000005	0.968533	-14.713726	-3.137735	11200.513672	33505.417969	12909.035156	54872.183594
2013	02	4.288044	-11.016024	16.546227	15.662892	-0.000006	-0.000005	1.242160	-19.094734	-12.968054	12750.347656	33505.425781	12906.998047	54871.593750
2013	02	2.825505	-11.987554	16.588617	17.168098	-0.000007	-0.000006	1.775559	38.046612	23.984207	8401.539062	33505.468750	12904.958984	54870.964844
2013	02	3.050013	-11.340328	15.352864	15.708108	-0.000006	-0.000005	0.962522	32.113659	20.320951	9069.106445	33505.476562	12902.924805	54870.371094
2013	02	4.121347	-10.523995	16.646189	15.930377	-0.000007	-0.000005	2.000846	-8.952826	-2.401040	12254.680664	33505.488281	12900.892578	54869.777344
2013	02	3.739181	-11.382114	18.330154	17.996790	-0.000007	-0.000006	3.208859	35.548729	17.100357	11118.323242	33505.585938	12898.861328	54869.097656
2013	02	5.054882	-9.624064	16.065517	14.416734	-0.000006	-0.000005	1.386571	57.204716	57.375332	15030.512695	33505.609375	12896.834961	54868.476562
2013	02	2.610450	-10.575636	14.162118	14.958064	-0.000006	-0.000005	0.976031	73.379890	46.950813	7762.081543	33505.617188	12894.815430	54867.890625
2013	02	4.678866	-9.001866	14.644646	13.372468	-0.000006	-0.000004	0.963914	-0.532570	15.422915	13912.443359	33505.621094	12892.799805	54867.312500
2013	02	4.078198	-10.958566	15.988154	15.316936	-0.000006	-0.000005	0.951391	-9.489010	-0.395288	12126.378906	33505.628906	12890.782227	54866.730469
2013	02	4.804974	-9.902027	17.257803	15.860088	-0.000007	-0.000005	2.550802	13.427885	23.442406	14287.420898	33505.644531	12888.768555	54866.136719
2013	02	5.131267	-9.872809	17.437304	15.713584	-0.000006	-0.000005	2.433227	55.811836	37.167511	15257.640625	33505.691406	12886.759766	54865.492188
2013	02	5.026907	-9.700494	16.879189	15.260118	-0.000006	-0.000005	2.151788	36.311684	16.548786	14947.332031	33505.714844	12884.757812	54864.875000
2013	02	7.734057	-8.179973	19.083391	14.757459	-0.000006	-0.000005	3.169362	-11.685212	10.016371	22996.945312	33505.734375	12882.773438	54864.257812
2013	02	9.097497	-7.303766	19.611403	13.922318	-0.000006	-0.000004	3.210139	36.441475	12.993212	27051.089844	33505.761719	12880.838867	54863.667969
2013	02	10.733254	-5.268391	17.965626	10.641087	-0.000004	-0.000003	1.963982	50.541763	7.475938	31914.951172	33505.785156	12878.934570	54863.132812
2013	02	9.476254	-6.344721	17.761131	11.693892	-0.000005	-0.000003	1.940155	18.671789	10.419832	28177.310547	33505.804688	12877.056641	54862.648438
2013	03	9.395192	-8.453341	20.306347	14.685749	-0.000005	-0.000004	2.457813	-16.325287	10.337807	25232.761719	33505.824219	12875.148438	54862.125000
2013	03	9.042564	-8.753992	20.474400	15.206749	-0.000006	-0.000004	2.677841	15.235869	19.669666	24285.707031	33505.847656	12873.220703	54861.570312
2013	03	8.816821	-8.654765	20.249228	15.207644	-0.000006	-0.000004	2.777642	60.395924	20.778170	23679.425781	33505.871094	12871.292969	54861.011719
2013	03	9.703068	-7.911967	20.427393	14.499887	-0.000005	-0.000004	2.812359	15.552586	11.510047	26059.626953	33505.890625	12869.372070	54860.453125
2013	03	12.307129	-6.350804	21.685484	13.154232	-0.000005	-0.000004	3.027550	12.359902	3.580508	33053.382812	33505.914062	12867.488281	54859.929688
2013	03	20.775675	-0.253252	24.400660	7.401176	-0.000003	-0.000001	3.371734	11.771182	0.466057	55797.437500	33505.941406	12865.697266	54859.488281
2013	03	28.522434	4.688455	27.960840	3.214895	-0.000001	0.000000	4.126861	11.555154	6.034607	76602.992188	33505.968750	12864.145508	54859.265625
2013	03	16.584564	-3.217162	23.025673	10.217909	-0.000004	-0.000002	3.223947	32.585346	13.861093	44541.332031	33505.996094	12862.599609	54859.046875
2013	03	13.749125	-4.903094	21.971098	11.999097	-0.000004	-0.000003	3.318878	11.394299	11.984528	36926.167969	33506.019531	12860.831055	54858.625000
2013	03	29.163254	6.316053	27.568565	2.182755	-0.000001	0.000001	4.721367	20.975796	6.017427	78324.039062	33506.046875	12859.128906	54858.242188
2013	03	37.212788	12.425842	35.132080	1.697041	-0.000001	0.000001	10.345130	15.349147	2.862352	99942.765625	33506.113281	12857.774414	54858.140625
2013	03	43.035229	15.126173	52.511715	13.254531	-0.000005	-0.000004	24.602657	-33.011639	7.363372	115580.156250	33506.621094	12856.609375	54857.781250
2013	03	70.242447	34.858509	71.079781	4.615662	-0.000002	-0.000000	35.695843	-29.787731	19.865883	188650.843750	33507.167969	12855.748047	54857.449219
2013	03	60.521091	25.017130	88.394409	31.651878	-0.000012	-0.000010	52.890442	-1.329742	22.592831	162542.109375	33508.042969	12855.227539	54856.863281
2013	03	42.126804	14.562799	54.784935	16.436974	-0.000006	-0.000005	27.220934	55.576145	28.001112	113140.382812	33508.656250	12854.442383	54856.250000
2013	03	25.428989	2.992625	39.339970	17.690123	-0.000007	-0.000005	16.903606	171.453384	58.534000	68294.890625	33508.984375	12853.189453	54855.707031
2013	03	29.170074	6.550047	32.676758	7.286134	-0.000003	-0.000001	10.056731	159.852570	35.053745	78342.367188	33509.222656	12851.708008	54855.261719
2013	03	9.125793	-7.743138	22.655962	17.309935	-0.000006	-0.000005	5.787030	213.863953	42.976074	24509.238281	33509.382812	12850.158203	54854.894531
2013	03	8.957253	-5.845643	16.651711	11.474553	-0.000004	-0.000003	1.848815	146.293976	28.365831	24056.587891	33509.437500	12848.281250	54854.347656
2013	03	9.581882	-5.809731	16.945345	11.143896	-0.000004	-0.000003	1.553732	58.205242	23.699013	25734.156250	33509.449219	12846.422852	54853.875000
2013	03	12.846924	-3.659812	19.364260	10.298100	-0.000004	-0.000002	2.857525	74.092056	18.636980	34503.113281	33509.472656	12844.587891	54853.417969
2013	03	12.508429	-4.084806	19.128889	10.401559	-0.000004	-0.000002	2.535656	103.428246	22.275078	33594.011719	33509.515625	12842.807617	54852.976562
2013	03	12.630463	-4.146359	19.696573	10.847532	-0.000004	-0.000003	2.919750	58.706688	17.101948	33921.761719	33509.539062	12841.025391	54852.550781
2013	03	17.522738	-0.577045	22.705517	8.964524	-0.000003	-0.000002	4.605736	61.454819	13.449186	47060.996094	33509.578125	12839.279297	54852.125000
2013	03	24.965038	4.549294	28.183001	7.000026	-0.000003	-0.000001	7.767255	44.914978	12.002131	67048.859375	33509.660156	12837.666016	54851.726562
2013	03	35.691257	12.533180	34.895172	2.986299	-0.000001	0.000000	11.737097	35.074799	12.023828	95856.375000	33509.746094	12836.253906	54851.425781
2013	03	43.068050	17.664482	39.727722	0.442361	-0.000000	0.000001	14.324152	61.004078	18.094320	115668.296875	33509.867188	12835.081055	54851.257812
2013	03	50.107883	22.292183	43.674583	-2.650310	0.000001	0.000002	15.858886	-3.002063	9.289563	134575.250000	33510.023438	12834.136719	54851.250000
2013	03	74.733055	40.978123	53.005898	-17.943876	0.000007	0.000008	19.250971	32.088612	14.392905	200711.312500	33510.199219	12833.458984	54851.460938
2013	03	75.862663	42.093380	62.116169	-9.962934	0.000004	0.000005	28.346878	21.320742	15.592536	203745.125000	33510.441406	12833.225586	54851.859375
2013	03	72.876518	38.997513	63.891453	-5.201213	0.000002	0.000003	30.012447	82.634415	29.477686	195725.203125	33510.679688	12832.983398	54852.117188
2013	04	82.813568	47.595242	59.780727	-19.370768	0.000007	0.000009	24.562397	61.795948	32.495483	229827.015625	33510.910156	12832.797852	54852.464844
2013	04	60.824726	29.045254	62.963703	5.801312	-0.000002	-0.000001	31.184231	-36.241898	23.820904	168802.843750	33511.156250	12832.582031	54852.742188
2013	04	38.263531	13.134697	54.698524	20.097597	-0.000008	-0.000006	29.569691	129.709885	73.613670	106190.242188	33511.453125	12831.880859	54852.402344
2013	04	32.449890	9.938332	32.943790	4.156793	-0.000002	-0.000000	10.432235	155.158585	54.025169	90056.023438	33511.687500	12830.705078	54852.019531
2013	04	54.137318	26.480196	37.279114	-13.195023	0.000005	0.000007	9.621993	36.345314	36.296387	150243.718750	33511.839844	12829.611328	54852.046875
2013	04	70.856117	38.909969	48.296543	-18.896120	0.000007	0.000009	16.350391	2.429339	24.085979	196642.296875	33512.003906	12829.066406	54852.476562
2013	04	36.175789	12.482169	36.004818	3.492764	-0.000001	0.000000	12.311195	147.678513	53.398190	100396.273438	33512.183594	12828.502930	54852.828125
2013	04	45.549438	19.969212	36.079845	-5.805571	0.000002	0.000004	10.499617	13.331843	15.537215	126410.343750	33512.332031	12827.433594	54852.851562
2013	04	92.718285	53.866821	58.182396	-30.871607	0.000012	0.000013	19.330933	4.918299	24.933664	257314.906250	33512.496094	12826.892578	54853.222656
2013	04	89.962425	52.591106	66.334793	-19.963087	0.000008	0.000009	28.963478	-3.278346	19.422470	249666.765625	33512.714844	12827.104492	54854.042969
2013	04	76.068306	41.599422	65.795097	-6.608406	0.000003	0.000004	31.326208	54.140099	37.362217	211107.343750	33512.972656	12827.251953	54854.609375
2013	04	53.465904	25.195341	62.790348	12.989519	-0.000005	-0.000004	34.519783	103.735512	46.324902	148380.390625	33513.265625	12826.921875	54854.605469
2013	04	68.040321	36.815407	68.568871	4.193898	-0.000002	-0.000000	37.343952	37.859978	27.089815	188827.812500	33513.582031	12826.346680	54854.234375
2013	04	64.947456	33.814598	66.715614	5.433782	-0.000002	-0.000001	35.582752	52.870964	19.883211	180244.390625	33513.902344	12825.968750	54854.042969
2013	04	55.486530	26.418953	63.033852	11.213215	-0.000004	-0.000003	33.966267	18.475176	16.418562	153988.109375	33514.203125	12825.427734	54853.781250
2013	04	93.397438	55.862099	73.792023	-15.939248	0.000006	0.000008	36.256680	95.326439	27.168221	259199.734375	33514.503906	12825.074219	54853.683594
2013	04	109.210678	66.883583	81.171272	-24.372967	0.000009	0.000011	38.844170	16.637585	44.740181	303085.187500	33514.816406	12825.466797	54854.269531
2013	04	100.332825	58.945663	90.813522	-5.852606	0.000002	0.000004	49.426369	49.323154	66.985374	278447.031250	33515.171875	12826.159180	54854.882812
2013	04	90.354851	53.833096	87.999031	1.311147	-0.000001	0.000001	51.477280	39.941223	32.765591	250755.843750	33515.574219	12826.545898	54854.996094
2013	04	162.979279	104.778145	116.206680	-43.105389	0.000017	0.000018	58.005547	-34.853943	67.484154	452305.625000	33515.976562	12827.264648	54855.320312
2013	04	132.097015	78.978264	113.923820	-14.505797	0.000006	0.000007	60.805080	14.097800	70.911804	366600.093750	33516.320312	12829.130859	54856.558594
2013	04	82.191505	46.568584	86.176186	7.652328	-0.000003	-0.000002	50.553268	108.350525	49.191711	228100.640625	33516.625000	12829.938477	54856.957031
2013	04	101.995354	62.759583	88.834694	-9.492727	0.000004	0.000005	49.598923	103.335007	39.800568	283060.968750	33516.906250	12830.088867	54856.898438
2013	04	118.363449	75.438385	95.655327	-19.039907	0.000007	0.000009	52.730259	97.125160	44.994614	328486.250000	33517.183594	12830.725586	54857.234375
2013	04	145.071945	93.820518	106.592140	-34.811310	0.000013	0.000015	55.340721	6.034523	24.817312	402608.593750	33517.445312	12831.825195	54857.960938
2013	04	142.216797	86.519157	118.240677	-20.307430	0.000008	0.000009	62.543034	54.231922	67.781456	394684.875000	33517.707031	12833.429688	54858.992188
2013	04	145.928680	94.842896	108.513725	-33.745998	0.000013	0.000014	57.427952	60.632500	45.042534	404986.187500	33517.960938	12834.915039	54859.914062
2013	04	145.418488	92.248154	110.494499	-31.254786	0.000012	0.000013	57.324150	84.947853	52.641850	403570.312500	33518.183594	12836.544922	54861.074219
2013	04	169.091797	110.398102	115.729797	-49.692516	0.000019	0.000021	57.036095	70.045441	65.598335	469269.281250	33518.394531	12838.192383	54862.238281
2013	04	174.027634	114.433029	116.440208	-53.917664	0.000021	0.000022	56.845604	78.199860	63.068935	482967.375000	33518.574219	12840.345703	54863.914062
2013	05	193.147354	128.016357	123.787857	-65.567139	0.000024	0.000026	58.656853	62.503231	63.837418	518737.843750	33518.738281	12842.694336	54865.796875
2013	05	195.670395	128.784088	126.222733	-65.655045	0.000025	0.000026	59.336407	67.391602	67.511276	525514.000000	33518.886719	12845.291992	54867.917969
2013	05	187.250381	122.226608	123.815826	-59.641659	0.000022	0.000024	58.792065	13.352947	62.374027	502900.250000	33519.031250	12847.883789	54870.027344
2013	05	178.360947	115.808495	120.623802	-53.944012	0.000020	0.000022	58.071346	75.360992	66.662865	479025.843750	33519.175781	12850.151367	54871.839844
2013	05	177.459656	116.075150	118.555130	-55.111122	0.000021	0.000022	57.170624	90.778397	62.673420	476605.218750	33519.304688	12852.445312	54873.718750
2013	05	167.413849	108.118629	115.773201	-47.846958	0.000018	0.000019	56.477989	83.823624	65.141151	449625.062500	33519.433594	12854.512695	54875.390625
2013	05	188.254684	123.197174	121.960014	-62.500717	0.000023	0.000025	56.902508	68.501312	77.254433	505597.500000	33519.554688	12856.587891	54877.074219
2013	05	199.475540	128.949036	129.829300	-65.852036	0.000025	0.000026	59.302807	50.663960	81.732231	535733.437500	33519.660156	12859.090820	54879.148438
2013	05	213.399323	138.625107	136.311218	-73.293655	0.000027	0.000029	61.537003	67.121559	84.946342	573128.750000	33519.757812	12861.844727	54881.378906
2013	05	233.207733	156.552292	137.057007	-92.356056	0.000034	0.000036	60.401566	72.067398	64.981590	626328.375000	33519.835938	12865.046875	54884.046875
2013	05	193.118393	124.142990	131.508301	-57.815228	0.000022	0.000023	62.532894	18.714479	51.805302	518660.031250	33519.914062	12868.180664	54886.640625
2013	05	178.720764	112.127724	131.962585	-42.963100	0.000016	0.000017	65.369537	5.758689	38.131069	479992.156250	33520.015625	12870.665039	54888.503906
2013	05	216.168777	138.705734	146.748367	-65.625122	0.000024	0.000026	69.285339	42.068985	88.064064	580566.687500	33520.125000	12873.138672	54890.238281
2013	05	178.082321	115.993248	123.310722	-50.976093	0.000019	0.000020	61.221649	110.252701	65.024742	478277.500000	33520.207031	12875.981445	54892.417969
2013	05	166.327759	107.670143	115.727791	-46.804184	0.000017	0.000019	57.070183	131.077759	58.841122	446708.156250	33520.285156	12878.080078	54894.082031
2013	05	188.854691	125.870705	118.268463	-66.790176	0.000025	0.000026	55.284466	105.010513	58.475288	507208.968750	33520.355469	12880.199219	54895.843750
2013	05	182.692200	117.161606	126.257202	-52.638714	0.000020	0.000021	60.726601	19.364607	66.984734	490658.312500	33520.421875	12882.495117	54897.710938
2013	05	216.071533	143.535400	133.058228	-79.216774	0.000030	0.000031	60.522099	66.103035	72.796783	580305.500000	33520.484375	12885.166992	54899.871094
2013	05	189.652863	124.410385	125.187904	-60.668186	0.000023	0.000024	59.945431	32.545147	41.132771	509352.593750	33520.527344	12888.002930	54902.222656
2013	05	232.652008	155.865417	138.424545	-90.430443	0.000034	0.000035	61.637959	68.878654	77.087257	624835.875000	33520.570312	12890.906250	54904.628906
2013	05	214.343903	138.978195	138.544067	-72.002594	0.000027	0.000028	63.178356	3.639586	58.366447	575665.625000	33520.605469	12894.103516	54907.257812
2013	05	179.210190	108.886703	134.976471	-40.436264	0.000015	0.000017	64.652992	94.437294	68.116798	481306.625000	33520.656250	12896.915039	54909.476562
2013	05	155.266998	92.772224	128.441956	-23.027363	0.000009	0.000010	65.947189	17.905411	38.557003	417002.125000	33520.738281	12898.746094	54910.652344
2013	05	215.576965	137.026535	148.917953	-62.861141	0.000023	0.000025	70.367523	-2.714500	62.436146	578977.187500	33520.824219	12900.736328	54911.925781
2013	05	181.859055	115.020386	141.063904	-36.997074	0.000014	0.000015	74.225235	52.622253	61.785217	488420.687500	33520.886719	12903.503906	54913.765625
2013	05	135.409500	81.214882	119.375595	-12.235587	0.000005	0.000006	65.180984	30.019838	58.802376	363670.656250	33520.972656	12905.392578	54914.890625
2013	05	153.922012	97.766838	116.473770	-33.649670	0.000013	0.000014	60.318592	80.387581	66.105179	413389.906250	33521.062500	12906.555664	54915.503906
2013	05	215.269196	144.804108	129.381088	-82.089256	0.000031	0.000032	58.916012	117.721977	76.576675	578150.687500	33521.105469	12908.675781	54917.179688
2013	05	228.903366	152.266342	137.855835	-87.248436	0.000033	0.000034	61.218792	97.595848	78.970413	614768.125000	33521.097656	12911.817383	54919.859375
2013	05	260.115784	178.805984	141.953033	-114.363380	0.000043	0.000044	60.643215	79.745560	65.423103	698595.562500	33521.078125	12915.454102	54922.980469
2013	05	219.860260	135.183014	154.077896	-61.982758	0.000023	0.000025	69.400658	56.982933	92.404373	590480.937500	33521.058594	12919.277344	54926.214844
2013	06	228.122345	138.790375	161.103699	-63.341457	0.000024	0.000026	71.771736	11.352348	93.432320	633092.875000	33521.093750	12922.189453	54928.253906
2013	06	185.335617	108.802498	150.295151	-31.363131	0.000012	0.000014	73.762032	-9.098821	48.417160	514349.656250	33521.132812	12925.138672	54930.222656
2013	06	235.323959	144.568146	174.252350	-57.394100	0.000022	0.000024	83.496552	-0.798456	77.185402	653079.000000	33521.179688	12927.776367	54931.785156
2013	06	193.571213	114.061821	165.262375	-24.631187	0.000010	0.000011	85.752998	-21.517471	59.640266	537205.375000	33521.234375	12930.830078	54933.382812
2013	06	238.510437	159.684586	148.814346	-86.018204	0.000033	0.000035	69.988495	104.579308	97.042107	661922.250000	33521.265625	12933.782227	54935.253906
2013	06	217.242050	141.721786	141.564026	-71.999901	0.000028	0.000029	66.043755	104.607697	91.551620	602897.500000	33521.238281	12937.300781	54938.007812
2013	06	236.155457	156.155518	144.946991	-87.530060	0.000034	0.000035	64.947052	62.794083	81.152016	655386.625000	33521.207031	12940.649414	54940.675781
2013	06	219.790649	142.159546	143.037918	-73.074097	0.000028	0.000030	65.406815	35.775974	54.815891	609970.437500	33521.187500	12943.923828	54943.234375
2013	06	205.838104	131.122253	142.259262	-59.899990	0.000023	0.000025	67.543396	17.532593	73.442451	571248.937500	33521.175781	12946.949219	54945.554688
2013	06	209.397415	134.274017	142.647171	-63.071136	0.000024	0.000026	67.523781	11.870056	48.626450	581126.812500	33521.175781	12949.807617	54947.644531
2013	06	248.740219	160.475525	158.138290	-86.922569	0.000034	0.000035	69.873596	18.800594	80.252983	690312.250000	33521.160156	12953.190430	54950.230469
2013	06	241.839020	158.587585	151.779114	-86.380341	0.000033	0.000035	68.527672	20.360804	72.697418	671159.812500	33521.121094	12956.888672	54953.097656
2013	06	252.155472	164.821976	156.968750	-91.506927	0.000035	0.000037	69.635254	55.633606	101.776482	699790.375000	33521.078125	12960.741211	54956.128906
2013	06	253.390961	168.732437	150.365555	-99.345352	0.000038	0.000040	65.707039	101.987289	91.687279	703219.125000	33521.019531	12964.747070	54959.398438
2013	06	248.573822	167.062088	143.902237	-100.991264	0.000039	0.000040	62.390518	62.394482	71.828125	689850.500000	33520.957031	12968.719727	54962.722656
2013	06	247.195236	163.565125	145.460037	-98.054634	0.000038	0.000039	61.829922	102.883430	91.949150	686024.562500	33520.890625	12972.618164	54966.062500
2013	06	232.906570	149.925293	145.764679	-83.461052	0.000032	0.000034	62.783409	75.778000	89.431877	646370.187500	33520.828125	12976.361328	54969.250000
2013	06	257.763733	170.553818	152.128601	-101.954079	0.000039	0.000041	64.918686	66.472412	80.406540	715354.625000	33520.781250	12979.979492	54972.226562
2013	06	272.838745	183.128876	154.183167	-114.974266	0.000044	0.000046	64.473305	28.337818	78.498131	757191.312500	33520.710938	12984.207031	54975.816406
2013	06	280.021545	189.277695	156.234161	-120.105835	0.000046	0.000048	65.490311	88.076012	98.244888	777125.312500	33520.632812	12988.783203	54979.714844
2013	06	263.652283	172.942703	157.648285	-102.322197	0.000039	0.000041	66.938728	82.808525	99.107536	731696.687500	33520.550781	12993.303711	54983.554688
2013	06	262.069855	170.760315	157.328979	-101.058861	0.000039	0.000040	66.019432	76.519630	99.696289	727305.062500	33520.480469	12997.477539	54987.015625
2013	06	246.555054	159.466232	151.479965	-91.392807	0.000035	0.000037	64.391151	102.708282	88.825249	684247.937500	33520.410156	13001.430664	54990.343750
2013	06	253.147308	162.091736	156.877029	-92.587769	0.000036	0.000037	65.821434	81.230446	98.118172	702543.000000	33520.351562	13005.142578	54993.406250
2013	06	229.026825	138.936920	158.187973	-67.156105	0.000026	0.000027	68.098068	66.966644	90.009140	635603.000000	33520.304688	13008.769531	54996.320312
2013	06	244.178818	148.920425	163.954224	-76.541664	0.000030	0.000031	68.695831	-0.296608	68.221466	677653.312500	33520.273438	13011.969727	54998.750000
2013	06	282.434540	180.381165	170.453384	-108.298058	0.000042	0.000043	68.400017	59.067280	97.894402	783821.812500	33520.222656	13015.839844	55001.843750
2013	06	272.989471	175.519073	162.535049	-106.771156	0.000041	0.000043	65.064644	49.993206	90.074829	757609.625000	33520.140625	13020.258789	55005.562500
2013	06	248.789948	158.353943	156.634232	-88.472221	0.000034	0.000036	66.198219	55.469078	100.365341	690450.250000	33520.066406	13024.356445	55009.027344
2013	06	210.473282	126.500504	152.898117	-53.891464	0.000021	0.000022	68.925323	-6.469565	42.609234	584112.562500	33520.015625	13027.792969	55011.769531
2013	07	248.491440	152.697189	176.126602	-68.558128	0.000026	0.000027	80.332352	21.686274	86.024849	667376.000000	33520.000000	13030.680664	55013.699219
2013	07	260.496368	161.064804	177.943985	-78.745461	0.000029	0.000031	78.512436	60.418354	109.023499	699617.750000	33519.964844	13034.179688	55016.171875
2013	07	255.613983	162.228973	165.649033	-86.157822	0.000032	0.000034	72.264015	25.228592	73.702080	686505.062500	33519.910156	13037.731445	55018.835938
2013	07	258.069244	160.727722	170.518784	-83.743118	0.000031	0.000033	73.177238	23.000233	75.181976	693099.250000	33519.851562	13041.339844	55021.656250
2013	07	254.274597	155.090836	172.501114	-77.965904	0.000029	0.000031	73.317345	-12.064651	70.190193	682907.875000	33519.792969	13044.935547	55024.421875
2013	07	254.541779	149.606750	182.437241	-68.296799	0.000025	0.000027	77.502205	17.403513	105.680931	683625.437500	33519.738281	13048.461914	55027.070312
2013	07	252.190781	147.057510	183.522369	-64.860504	0.000024	0.000026	78.389099	27.257418	112.190536	677311.312500	33519.687500	13051.876953	55029.519531
2013	07	222.161896	124.586784	173.039230	-45.314590	0.000017	0.000018	75.464127	-12.085040	64.938736	596662.437500	33519.652344	13054.932617	55031.609375
2013	07	245.656494	150.715332	164.406281	-77.441910	0.000029	0.000030	69.465126	79.601898	85.485451	659762.125000	33519.617188	13057.603516	55033.515625
2013	07	252.648773	157.484558	162.459610	-86.380585	0.000032	0.000034	67.295403	88.431732	84.964523	678541.375000	33519.550781	13060.990234	55036.261719
2013	07	197.030579	113.451286	149.232803	-43.988972	0.000016	0.000018	65.653503	4.349846	52.112263	529167.062500	33519.488281	13064.036133	55038.699219
2013	07	281.050415	173.511505	185.966980	-91.274460	0.000034	0.000036	78.428055	38.450470	133.264343	754820.000000	33519.453125	13066.624023	55040.519531
2013	07	282.567810	179.074326	178.538315	-100.220299	0.000037	0.000039	75.044815	63.591679	112.506790	758895.312500	33519.367188	13070.780273	55043.757812
2013	07	269.687073	166.218216	179.492447	-86.385185	0.000032	0.000034	76.023582	64.943230	108.756851	724301.375000	33519.277344	13074.798828	55046.910156
2013	07	221.161392	122.361198	178.894592	-38.457169	0.000014	0.000016	80.094391	58.897232	101.526596	593975.375000	33519.218750	13078.117188	55049.289062
2013	07	217.355621	117.114708	180.582947	-32.962891	0.000012	0.000014	80.342033	52.632652	110.658966	583754.187500	33519.207031	13080.545898	55050.679688
2013	07	261.869598	152.365906	185.806763	-72.252930	0.000027	0.000028	76.303070	75.887459	102.456932	703305.812500	33519.179688	13083.255859	55052.390625
2013	07	277.272705	171.760529	176.240662	-97.221962	0.000036	0.000038	70.728470	68.716629	107.813751	744674.125000	33519.089844	13086.966797	55055.320312
2013	07	244.815964	137.039551	182.008911	-58.996803	0.000022	0.000023	74.232506	31.635132	96.102562	657504.687500	33519.000000	13090.646484	55058.230469
2013	07	233.467133	125.734207	189.045380	-40.611401	0.000015	0.000017	81.312454	-37.818378	117.173706	627025.062500	33518.949219	13093.440430	55060.121094
2013	07	263.075867	146.119919	200.602310	-58.663151	0.000022	0.000023	83.646355	-6.732271	140.433472	706545.562500	33518.906250	13096.461914	55061.984375
2013	07	235.095276	136.796936	171.841202	-59.443470	0.000022	0.000024	73.542885	100.654091	82.858589	631397.750000	33518.839844	13099.703125	55064.265625
2013	07	251.231155	153.544159	166.079056	-81.341248	0.000030	0.000032	68.392075	80.942268	86.291550	674734.062500	33518.765625	13102.747070	55066.632812
2013	07	228.139374	134.002808	161.895660	-62.432640	0.000023	0.000025	67.759102	10.707294	60.173691	612716.187500	33518.683594	13105.858398	55069.121094
2013	07	258.483948	155.597382	172.345978	-82.326691	0.000031	0.000032	69.459404	77.845917	87.697212	694213.000000	33518.617188	13108.773438	55071.382812
2013	07	239.166901	143.230515	162.273514	-73.081856	0.000027	0.000029	66.337128	88.059418	81.161049	642332.937500	33518.535156	13112.038086	55074.050781
2013	07	251.845947	153.477097	162.740067	-85.294075	0.000032	0.000033	64.371223	78.889137	84.851952	676385.187500	33518.457031	13115.098633	55076.585938
2013	07	233.615646	134.919296	165.372467	-64.431175	0.000024	0.000025	66.676102	46.609623	83.004440	627423.937500	33518.371094	13118.336914	55079.296875
2013	07	142.486313	60.983097	154.895966	16.221851	-0.000006	-0.000005	73.392738	-12.710315	33.191948	382676.906250	33518.343750	13120.055664	55080.386719
2013	07	244.089859	140.811768	188.769196	-51.508289	0.000019	0.000021	85.491096	23.247183	96.850876	655554.625000	33518.367188	13121.444336	55080.726562
2013	07	249.511505	146.992111	185.252930	-60.446014	0.000023	0.000024	82.733536	30.159401	75.684242	670115.625000	33518.316406	13124.511719	55082.671875
2013	08	234.929871	134.448715	181.707443	-49.409645	0.000018	0.000020	81.226273	50.291859	106.783104	630953.500000	33518.250000	13127.615234	55084.734375
2013	08	226.836075	127.641884	178.760681	-44.262352	0.000017	0.000018	79.566505	59.496235	112.654831	609215.937500	33518.195312	13130.299805	55086.421875
2013	08	240.067200	137.114258	179.897903	-56.356079	0.000021	0.000022	76.944946	16.475405	86.221443	644750.937500	33518.140625	13132.873047	55088.046875
2013	08	234.855087	137.557922	172.577057	-58.464588	0.000022	0.000023	75.279900	27.680159	84.530434	630752.625000	33518.066406	13135.699219	55090.015625
2013	08	254.415741	155.149063	172.579666	-78.022385	0.000029	0.000031	73.312996	58.085102	84.683472	683286.937500	33517.984375	13138.721680	55092.222656
2013	08	240.179169	145.313690	164.241501	-72.123711	0.000027	0.000028	69.376038	99.465256	91.270439	645051.625000	33517.890625	13141.930664	55094.726562
2013	08	219.923126	127.430061	161.504868	-54.604046	0.000020	0.000022	69.011795	88.917007	85.296295	590649.750000	33517.808594	13144.750000	55096.941406
2013	08	229.983566	132.117722	168.071030	-58.098061	0.000022	0.000023	70.205185	43.828053	85.333824	617669.250000	33517.746094	13147.268555	55098.808594
2013	08	209.174866	114.869141	164.851593	-40.508591	0.000015	0.000017	70.545860	14.682038	64.737930	561783.062500	33517.687500	13149.468750	55100.335938
2013	08	252.191422	147.075043	187.648605	-60.727917	0.000023	0.000024	82.532242	44.370235	90.409271	677313.000000	33517.632812	13152.073242	55102.121094
2013	08	237.943176	137.052109	184.698929	-49.429157	0.000018	0.000020	83.807854	68.797226	112.932625	639046.375000	33517.558594	13155.113281	55103.984375
2013	08	236.058060	138.290665	173.211792	-59.030926	0.000022	0.000023	75.444405	56.157116	111.231964	633983.562500	33517.484375	13157.932617	55105.875000
2013	08	230.728333	135.539917	168.229767	-58.682968	0.000022	0.000023	73.041344	37.885830	78.595688	619669.437500	33517.406250	13160.711914	55107.871094
2013	08	204.107147	115.487946	162.073868	-38.217434	0.000014	0.000016	73.454659	30.312958	72.687370	548172.625000	33517.335938	13163.153320	55109.566406
2013	08	223.726135	130.127319	168.069122	-51.840916	0.000019	0.000021	74.470314	52.757011	86.847847	600863.562500	33517.277344	13165.337891	55110.949219
2013	08	227.093979	132.391357	165.881866	-57.395767	0.000021	0.000023	71.179253	54.657616	94.444649	609908.625000	33517.203125	13167.932617	55112.820312
2013	08	227.253830	133.309067	164.296249	-59.140995	0.000022	0.000024	70.351479	34.790272	68.226921	610337.937500	33517.121094	13170.549805	55114.773438
2013	08	222.456833	128.716064	164.699661	-53.940319	0.000020	0.000022	70.958908	75.350266	86.575058	597454.562500	33517.046875	13173.100586	55116.656250
2013	08	217.676727	123.609032	164.065903	-49.793728	0.000019	0.000020	69.998207	58.207371	94.040741	584616.562500	33516.976562	13175.507812	55118.417969
2013	08	216.698227	120.022095	167.283951	-45.596928	0.000017	0.000018	70.607841	48.969570	93.797745	581988.562500	33516.917969	13177.791016	55120.046875
2013	08	207.896469	110.768547	168.454697	-35.624229	0.000013	0.000015	71.326790	22.443836	63.930447	558349.625000	33516.855469	13180.032227	55121.609375
2013	08	216.517944	115.649155	173.313263	-39.386963	0.000015	0.000016	72.444489	27.601711	85.923691	581504.437500	33516.808594	13182.000000	55122.878906
2013	08	216.833939	113.681786	176.502274	-36.513790	0.000014	0.000015	73.350121	37.109612	91.634918	582353.062500	33516.753906	13184.170898	55124.320312
2013	08	205.642105	114.003326	164.915176	-36.908852	0.000014	0.000015	73.276413	78.469589	93.650787	552295.062500	33516.703125	13186.284180	55125.648438
2013	08	204.610992	117.154167	154.041565	-46.751114	0.000017	0.000019	66.584717	81.271881	69.638222	549525.875000	33516.640625	13188.320312	55127.085938
2013	08	201.906326	112.203270	155.771103	-42.316597	0.000016	0.000017	66.068054	31.809134	65.907661	542261.875000	33516.582031	13190.306641	55128.566406
2013	08	196.492569	102.203613	162.357437	-30.316307	0.000011	0.000013	68.068474	-9.178490	68.456200	527722.125000	33516.531250	13192.066406	55129.781250
2013	08	218.371262	118.527275	169.529083	-45.023136	0.000017	0.000018	69.685112	49.992012	65.302208	586481.875000	33516.484375	13193.952148	55131.066406
2013	08	211.430542	112.526672	172.039444	-35.571861	0.000013	0.000015	73.135574	23.439680	61.238293	567841.125000	33516.421875	13196.178711	55132.640625
2013	08	169.297333	82.020470	166.706940	1.229026	-0.000000	0.000001	79.430084	0.562175	62.462341	454683.562500	33516.382812	13197.779297	55133.363281
2013	08	200.162750	107.904816	166.414444	-29.928679	0.000011	0.000013	74.156487	47.994942	73.620842	537579.187500	33516.363281	13199.211914	55133.964844
2013	09	191.343857	101.010658	162.336945	-25.310287	0.000010	0.000011	72.003738	54.607285	72.364349	531024.000000	33516.320312	13200.909180	55134.875000
2013	09	158.496185	76.539505	153.819580	-0.979770	0.000000	0.000002	71.862907	3.293298	48.455502	439863.937500	33516.281250	13202.428711	55135.640625
2013	09	132.046814	55.984589	145.780106	17.430294	-0.000007	-0.000005	69.717865	-3.851599	47.525364	366460.812500	33516.265625	13203.210938	55135.699219
2013	09	199.772888	107.406952	174.170380	-21.905312	0.000008	0.000010	81.804436	29.888416	77.148483	554416.437500	33516.246094	13203.991211	55135.589844
2013	09	182.863449	94.111832	166.567108	-12.598970	0.000005	0.000006	77.815483	42.518974	86.705414	507488.843750	33516.210938	13205.831055	55136.375000
2013	09	145.772430	74.081848	140.184036	-1.890768	0.000001	0.000002	68.493454	92.697693	66.421890	404552.593750	33516.179688	13207.075195	55136.808594
2013	09	148.421814	77.353020	134.521072	-10.202820	0.000004	0.000005	63.452271	60.870190	54.961021	411905.250000	33516.152344	13207.831055	55137.031250
2013	09	149.381577	72.508255	142.689713	-2.993685	0.000001	0.000003	65.816391	-5.056504	40.199039	414568.812500	33516.132812	13208.542969	55137.218750
2013	09	162.255325	83.238914	146.018204	-12.538723	0.000005	0.000006	67.001793	63.320320	76.497322	450296.468750	33516.117188	13209.376953	55137.445312
2013	09	155.481766	81.099220	136.757965	-15.025124	0.000006	0.000007	62.375431	61.802433	62.042282	431498.250000	33516.093750	13210.421875	55137.988281
2013	09	151.129639	75.055122	138.716446	-8.714256	0.000003	0.000005	62.641937	-2.746901	43.553619	419420.093750	33516.066406	13211.301758	55138.421875
2013	09	146.629150	62.998894	152.370453	9.440454	-0.000004	-0.000002	68.740204	-6.908846	46.887180	406930.156250	33516.046875	13211.927734	55138.515625
2013	09	176.918900	84.000702	167.035797	-6.183818	0.000002	0.000004	74.117592	28.826225	72.612541	490991.343750	33516.035156	13212.720703	55138.527344
2013	09	142.511444	63.926502	149.974701	11.162715	-0.000004	-0.000003	71.389763	27.855793	56.303761	395502.593750	33516.015625	13213.732422	55138.726562
2013	09	152.617249	78.928368	137.691238	-11.226308	0.000004	0.000006	64.002350	69.345062	55.545937	423548.562500	33515.992188	13214.404297	55138.800781
2013	09	156.065231	81.903748	135.674973	-16.690247	0.000006	0.000008	61.513489	38.890839	53.633369	433117.500000	33515.968750	13215.259766	55139.210938
2013	09	126.681435	58.905369	128.233551	5.252401	-0.000002	-0.000001	60.457489	84.453575	45.175365	351570.593750	33515.949219	13215.954102	55139.484375
2013	09	139.242737	72.540123	123.122887	-12.419242	0.000005	0.000006	56.420288	72.752121	44.122890	386431.156250	33515.933594	13216.227539	55139.472656
2013	09	157.079910	82.168213	132.665634	-20.713348	0.000008	0.000009	57.753941	40.875542	57.099495	435933.437500	33515.917969	13216.877930	55139.867188
2013	09	151.912338	76.310074	134.172150	-14.038961	0.000005	0.000007	58.569893	35.929272	57.699280	421592.250000	33515.898438	13217.724609	55140.402344
2013	09	156.504944	78.399048	137.361877	-15.441575	0.000006	0.000007	59.255978	6.798345	42.999222	434337.812500	33515.878906	13218.502930	55140.847656
2013	09	159.420883	77.756416	142.302597	-13.416577	0.000005	0.000007	60.638107	17.035898	64.270538	442430.250000	33515.851562	13219.406250	55141.390625
2013	09	118.435066	43.934128	142.674530	27.941336	-0.000011	-0.000009	68.173592	-38.791557	84.627144	328685.000000	33515.828125	13219.978516	55141.480469
2013	09	104.341881	44.601704	124.969742	24.329981	-0.000009	-0.000008	65.229561	61.183884	71.344772	289573.125000	33515.816406	13219.853516	55140.695312
2013	09	120.774422	57.292076	123.266052	6.194041	-0.000002	-0.000001	59.783703	40.702347	51.533882	335177.250000	33515.800781	13219.680664	55140.117188
2013	09	133.960739	66.475021	127.180008	-3.078026	0.000001	0.000003	59.694302	48.572304	43.466526	371772.343750	33515.792969	13219.898438	55139.988281
2013	09	128.179337	60.234337	127.626701	3.150317	-0.000001	0.000000	59.681698	18.921608	37.561371	355727.625000	33515.785156	13220.261719	55139.992188
2013	09	139.135361	68.630249	130.318604	-5.113560	0.000002	0.000003	59.813480	40.550476	42.533661	386133.156250	33515.777344	13220.628906	55140.007812
2013	09	148.566727	74.572098	134.078705	-10.784534	0.000004	0.000006	60.084084	29.691053	45.570881	412307.375000	33515.773438	13221.215820	55140.246094
2013	09	146.722443	71.853226	135.679535	-7.339160	0.000003	0.000004	60.810318	25.846294	48.655102	407189.093750	33515.765625	13221.899414	55140.550781
2013	10	148.521347	72.294128	138.253098	-6.440763	0.000002	0.000004	62.025879	22.951048	42.659714	398885.281250	33515.761719	13222.504883	55140.781250
2013	10	147.886719	70.470764	140.009583	-4.049404	0.000002	0.000003	62.593620	30.228544	47.928825	397180.843750	33515.753906	13223.055664	55140.949219
2013	10	143.382782	64.722565	141.118393	1.563616	-0.000001	0.000001	62.458176	1.785541	57.933800	385084.625000	33515.742188	13223.560547	55141.089844
2013	10	128.411850	54.832058	134.637009	10.053383	-0.000004	-0.000002	61.057217	8.535679	50.806744	344877.031250	33515.734375	13223.838867	55140.988281
2013	10	123.108536	53.855682	128.162476	8.882404	-0.000003	-0.000002	58.909626	25.939262	38.251099	330633.843750	33515.726562	13223.889648	55140.746094
2013	10	108.378082	45.643696	118.721352	14.172042	-0.000005	-0.000004	55.986980	57.636173	33.649487	291072.093750	33515.722656	13223.773438	55140.417969
2013	10	103.862389	43.914139	113.645706	13.612384	-0.000005	-0.000004	53.697453	58.178555	28.794504	278944.250000	33515.718750	13223.407227	55139.929688
2013	10	39.806835	-13.254308	108.984161	73.006668	-0.000027	-0.000026	55.923016	-45.412045	37.830704	106909.617188	33515.722656	13222.426758	55138.824219
2013	10	107.230492	42.575066	127.107727	23.706797	-0.000009	-0.000007	62.452301	27.175589	51.496948	287990.031250	33515.730469	13220.891602	55136.972656
2013	10	121.840034	57.664505	121.460197	3.450048	-0.000001	0.000000	57.284672	35.237843	36.074368	327227.000000	33515.730469	13220.633789	55136.457031
2013	10	122.063263	56.245235	122.885780	4.652708	-0.000002	-0.000000	57.067753	30.738188	33.971668	327826.531250	33515.734375	13220.616211	55136.234375
2013	10	121.039825	54.823406	123.107590	5.898242	-0.000002	-0.000001	56.891167	34.911297	29.215153	325077.875000	33515.738281	13220.622070	55136.039062
2013	10	100.366760	40.538086	115.514610	18.978601	-0.000007	-0.000006	55.685936	46.286362	25.311150	269556.031250	33515.742188	13220.466797	55135.683594
2013	10	107.508469	47.346867	113.717453	10.040037	-0.000004	-0.000002	53.555851	37.443604	27.087128	288736.593750	33515.746094	13220.047852	55135.156250
2013	10	114.006729	49.001396	120.037743	9.862357	-0.000004	-0.000002	55.032417	26.012539	31.192518	306189.031250	33515.753906	13219.778320	55134.769531
2013	10	88.095428	29.167606	113.777328	29.513491	-0.000011	-0.000010	54.849506	13.416298	19.836512	236598.765625	33515.765625	13219.411133	55134.250000
2013	10	86.527031	26.920971	114.315964	31.620785	-0.000012	-0.000010	54.709908	-2.405696	20.977833	232386.500000	33515.773438	13218.603516	55133.316406
2013	10	103.147346	37.238644	124.229218	24.913960	-0.000009	-0.000008	58.320522	-11.566162	35.628712	277023.875000	33515.785156	13217.868164	55132.410156
2013	10	109.436852	43.375801	125.237404	19.632879	-0.000007	-0.000006	59.176361	20.549923	26.455698	293915.656250	33515.796875	13217.458984	55131.714844
2013	10	93.903580	32.071793	119.218582	29.147560	-0.000011	-0.000009	57.386799	4.291308	25.943096	252197.781250	33515.804688	13217.035156	55131.035156
2013	10	71.477844	15.760385	112.889732	45.244686	-0.000017	-0.000015	57.172276	-7.013634	41.637211	191968.781250	33515.812500	13216.162109	55129.949219
2013	10	85.304855	29.983795	109.736145	28.264362	-0.000011	-0.000009	54.415077	24.595697	23.535654	229104.125000	33515.816406	13215.103516	55128.726562
2013	10	91.607864	31.509865	115.244057	27.469564	-0.000010	-0.000009	55.146061	-8.562416	32.338036	246032.171875	33515.824219	13214.318359	55127.816406
2013	10	63.910938	14.642074	102.127510	42.050220	-0.000016	-0.000014	52.858654	32.620914	25.256346	171646.265625	33515.832031	13213.357422	55126.718750
2013	10	37.549828	-2.923250	88.684448	54.968586	-0.000021	-0.000019	48.211372	39.691772	31.213503	100847.953125	33515.839844	13211.805664	55125.167969
2013	10	45.525532	4.393837	87.281517	45.590286	-0.000017	-0.000016	46.149822	31.422462	18.740778	122268.390625	33515.847656	13209.920898	55123.402344
2013	10	51.403748	9.991827	86.496872	38.927792	-0.000015	-0.000013	45.084957	29.159502	14.127541	138055.562500	33515.859375	13208.210938	55121.851562
2013	10	55.024612	10.487307	91.040016	39.850391	-0.000015	-0.000013	46.502705	10.653234	22.104933	147780.171875	33515.878906	13206.634766	55120.425781
2013	10	46.495052	5.174580	86.888222	44.228477	-0.000017	-0.000015	45.567741	27.968594	19.963522	124872.226562	33515.898438	13205.064453	55118.984375
2013	10	38.965427	1.809313	79.683556	44.553795	-0.000017	-0.000015	42.527443	32.341297	16.761648	104649.843750	33515.917969	13203.300781	55117.425781
2013	10	42.250347	4.808129	78.969818	40.555504	-0.000015	-0.000014	41.527603	27.995180	17.026726	113472.187500	33515.937500	13201.466797	55115.863281
2013	11	49.605957	10.022319	80.365524	34.472202	-0.000013	-0.000012	40.781883	5.567824	13.094687	137668.125000	33515.964844	13199.758789	55114.437500
2013	11	86.081955	21.619095	121.727150	39.358021	-0.000015	-0.000014	57.264282	-76.405083	34.573269	238897.578125	33515.996094	13198.437500	55113.125000
2013	11	53.398666	6.352395	100.719864	51.034214	-0.000020	-0.000018	53.673592	6.407780	22.506857	148193.781250	33516.039062	13197.475586	55111.859375
2013	11	28.583611	-8.133177	83.959045	59.088715	-0.000023	-0.000021	47.242256	40.067352	22.580605	79326.203125	33516.058594	13195.799805	55110.128906
2013	11	28.042622	-5.273292	75.554276	51.225250	-0.000020	-0.000018	42.238361	33.609264	16.884602	77824.828125	33516.078125	13193.731445	55108.203125
2013	11	33.606575	-1.226470	76.717484	46.824848	-0.000018	-0.000017	41.884441	27.939045	11.211379	93266.101562	33516.097656	13191.709961	55106.406250
2013	11	49.717381	9.143054	84.015182	38.012047	-0.000015	-0.000013	43.440853	6.367275	11.101752	137977.359375	33516.121094	13189.912109	55104.800781
2013	11	46.956974	-0.341351	97.500328	54.257839	-0.000021	-0.000019	50.202000	-49.751286	29.716188	130316.578125	33516.148438	13188.329102	55103.273438
2013	11	31.304121	-4.508060	81.255936	53.666569	-0.000021	-0.000019	45.443756	12.566241	20.549417	86876.257812	33516.179688	13186.587891	55101.523438
2013	11	28.707180	-5.079995	75.045227	50.053108	-0.000019	-0.000018	41.258049	7.379892	31.531391	79669.140625	33516.199219	13184.593750	55099.703125
2013	11	23.014486	-9.010946	73.217728	53.918640	-0.000021	-0.000019	41.192299	-6.450883	14.717825	63870.582031	33516.222656	13182.516602	55097.871094
2013	11	25.335709	-8.549599	76.766937	55.146915	-0.000021	-0.000020	42.881626	21.133602	19.960476	70312.515625	33516.250000	13180.375000	55095.921875
2013	11	14.851499	-15.161963	68.880844	57.745338	-0.000022	-0.000021	38.867386	41.933353	38.295265	41216.382812	33516.277344	13178.190430	55093.953125
2013	11	14.114236	-12.478472	55.069920	44.672009	-0.000017	-0.000016	28.477211	45.894745	46.245567	39170.304688	33516.292969	13175.855469	55092.105469
2013	11	30.262951	-1.133258	57.623104	31.076830	-0.000012	-0.000011	26.226894	3.368914	14.500052	83986.765625	33516.289062	13173.652344	55090.664062
2013	11	26.541948	-5.582102	66.432243	43.607296	-0.000017	-0.000015	34.308197	-1.408031	5.809882	73660.109375	33516.312500	13171.675781	55089.250000
2013	11	28.999060	-2.320123	67.058693	41.776955	-0.000016	-0.000015	35.739506	17.786737	2.532865	80479.171875	33516.347656	13169.675781	55087.675781
2013	11	33.834126	1.222721	69.114845	38.998383	-0.000015	-0.000014	36.503441	6.457099	0.872274	93897.609375	33516.386719	13167.744141	55086.140625
2013	11	49.738777	3.026378	94.595016	48.574162	-0.000019	-0.000017	47.882622	-70.364273	19.271002	138036.734375	33516.429688	13165.981445	55084.605469
2013	11	19.786947	-11.451589	75.243233	59.174450	-0.000023	-0.000021	44.004692	-7.439063	48.753235	54913.406250	33516.484375	13164.270508	55082.875000
2013	11	15.349194	-12.211473	61.243034	49.612328	-0.000019	-0.000018	33.682365	2.465690	59.659821	42597.601562	33516.519531	13162.050781	55080.976562
2013	11	26.245674	-4.771401	63.005901	40.479031	-0.000016	-0.000014	31.988827	-6.295584	25.421171	72837.882812	33516.535156	13159.874023	55079.339844
2013	11	17.670158	-11.681683	66.460037	52.508984	-0.000020	-0.000019	37.108196	-4.391715	1.070219	49038.816406	33516.566406	13157.820312	55077.703125
2013	11	12.768339	-15.279449	64.891510	55.842560	-0.000022	-0.000020	36.843723	6.985248	39.326344	35435.125000	33516.609375	13155.597656	55075.808594
2013	11	7.657148	-15.636297	46.442551	42.505112	-0.000016	-0.000015	23.149107	36.354977	47.799908	21250.376953	33516.636719	13153.269531	55074.062500
2013	11	8.748509	-13.719474	37.913910	32.885441	-0.000013	-0.000011	15.445926	44.100655	24.863789	24279.158203	33516.625000	13150.895508	55072.664062
2013	11	17.382645	-8.869608	42.236572	28.574305	-0.000011	-0.000010	15.984322	2.467785	7.108509	48240.906250	33516.621094	13148.607422	55071.464844
2013	11	20.570486	-8.823227	49.802689	32.952885	-0.000013	-0.000011	20.408974	-37.732647	4.087090	57087.906250	33516.652344	13146.479492	55070.332031
2013	11	8.515694	-15.965857	46.987366	42.192642	-0.000016	-0.000015	22.505814	58.089092	40.475323	23633.041016	33516.703125	13144.308594	55068.953125
2013	11	6.643092	-14.363101	35.596783	32.674992	-0.000013	-0.000011	14.590590	95.749702	24.273054	18436.132812	33516.730469	13141.962891	55067.597656
2013	12	9.331656	-12.762269	35.140350	29.654392	-0.000011	-0.000010	13.046427	35.888096	11.997058	25062.123047	33516.746094	13139.622070	55066.390625
2013	12	14.547986	-10.493975	38.525185	27.823238	-0.000010	-0.000009	13.483223	-7.156920	-0.872528	39071.671875	33516.769531	13137.349609	55065.281250
2013	12	14.189098	-10.981936	39.689209	29.346489	-0.000011	-0.000010	14.518176	-13.118042	-4.387965	38107.804688	33516.800781	13135.155273	55064.207031
2013	12	15.344397	-10.825939	42.334465	30.836761	-0.000012	-0.000010	16.164129	-8.782349	0.072232	41210.601562	33516.839844	13132.969727	55063.097656
2013	12	9.283237	-14.283019	39.237148	33.800922	-0.000013	-0.000011	15.670892	6.488089	11.933731	24932.085938	33516.886719	13130.771484	55061.945312
2013	12	10.981088	-12.337084	37.408028	30.274286	-0.000011	-0.000010	14.089856	-10.397956	5.418232	29492.015625	33516.929688	13128.498047	55060.777344
2013	12	18.377674	-10.810416	50.128799	35.598763	-0.000013	-0.000012	20.940706	-17.727602	-0.852480	49357.109375	33516.980469	13126.307617	55059.601562
2013	12	8.284251	-15.268003	41.795277	37.358959	-0.000014	-0.000013	18.243023	13.146659	37.292465	22249.099609	33517.058594	13124.159180	55058.332031
2013	12	5.775086	-14.511837	31.198927	29.272106	-0.000011	-0.000009	10.912004	18.966255	20.888790	15510.206055	33517.097656	13121.866211	55057.167969
2013	12	6.953368	-13.329814	29.436594	26.331833	-0.000010	-0.000008	9.153413	6.888738	6.424532	18674.730469	33517.117188	13119.562500	55056.117188
2013	12	8.255879	-13.852573	31.251419	26.844471	-0.000010	-0.000009	9.142964	-7.355438	6.877976	22172.896484	33517.132812	13117.276367	55055.097656
2013	12	5.616656	-14.096258	28.643087	26.875698	-0.000010	-0.000009	8.930172	10.631278	9.358349	15084.708984	33517.152344	13115.004883	55054.097656
2013	12	1.867554	-15.514613	24.899395	26.881432	-0.000010	-0.000009	7.517227	58.869839	6.376249	5015.708984	33517.167969	13112.722656	55053.105469
2013	12	3.040047	-14.380232	23.687563	24.497417	-0.000009	-0.000008	6.267284	28.661951	8.131293	8164.686523	33517.179688	13110.448242	55052.171875
2013	12	1.576320	-14.567614	21.278549	23.552446	-0.000009	-0.000007	5.134614	55.637589	3.306036	4233.538574	33517.191406	13108.179688	55051.273438
2013	12	2.905475	-13.835126	21.274534	22.219591	-0.000008	-0.000007	4.533933	27.501591	-0.825177	7803.263672	33517.199219	13105.916016	55050.414062
2013	12	1.571704	-15.068232	21.063662	23.342804	-0.000009	-0.000007	4.423728	16.530127	-2.485855	4221.141602	33517.210938	13103.657227	55049.562500
2013	12	1.472180	-14.673636	20.517664	22.896633	-0.000009	-0.000007	4.371848	30.006746	-2.032212	3953.847900	33517.218750	13101.406250	55048.722656
2013	12	2.463614	-14.302009	21.098272	22.486113	-0.000008	-0.000007	4.332651	21.234806	1.871458	6616.552734	33517.230469	13099.160156	55047.886719
2013	12	4.482388	-12.958594	21.753250	21.122627	-0.000008	-0.000006	4.312268	3.308979	4.527293	12038.396484	33517.242188	13096.917969	55047.054688
2013	12	6.048215	-12.185784	22.542456	20.346336	-0.000008	-0.000006	4.308455	0.303424	3.675085	16243.752930	33517.250000	13094.679688	55046.226562
2013	12	7.329374	-12.588426	24.243254	20.766300	-0.000008	-0.000006	4.325454	-7.386024	-3.406709	19684.572266	33517.261719	13092.453125	55045.402344
2013	12	4.227728	-15.102601	23.689432	23.314432	-0.000009	-0.000007	4.359101	-11.193751	-7.040870	11354.452148	33517.273438	13090.239258	55044.593750
2013	12	7.779351	-12.667169	24.849730	20.923403	-0.000008	-0.000006	4.403210	-7.506076	-0.664234	20893.082031	33517.289062	13088.020508	55043.777344
2013	12	3.329780	-15.626632	23.415285	23.938831	-0.000009	-0.000007	4.458876	3.268557	-0.115283	8942.822266	33517.300781	13085.819336	55042.972656
2013	12	1.423890	-15.643403	21.582636	24.012352	-0.000009	-0.000008	4.515343	15.878077	-5.246729	3824.155029	33517.316406	13083.608398	55042.156250
2013	12	5.299052	-12.727209	22.590923	21.145765	-0.000008	-0.000006	4.564663	12.240044	5.554198	14231.717773	33517.328125	13081.403320	55041.343750
2013	12	3.583045	-14.858796	23.051117	23.322264	-0.000009	-0.000007	4.609276	-0.016960	0.171846	9623.020508	33517.343750	13079.197266	55040.527344
2013	12	7.029962	-11.795002	23.477743	20.302271	-0.000008	-0.000006	4.652780	3.717985	2.879305	18880.437500	33517.359375	13077.004883	55039.718750
2013	12	5.711872	-13.466842	23.875208	22.018135	-0.000008	-0.000007	4.696493	-6.895583	0.892597	15340.432617	33517.375000	13074.826172	55038.921875
2013	12	4.733862	-14.728753	24.206358	23.327585	-0.000009	-0.000007	4.743743	-1.073718	3.131874	12713.783203	33517.390625	13072.630859	55038.105469
2014	01	1.361317	-15.451962	21.607536	24.101591	-0.000009	-0.000008	4.794257	22.335699	5.001241	3656.103516	33517.406250	13070.447266	55037.300781
2014	01	1.015580	-15.407268	21.263811	24.103868	-0.000009	-0.000008	4.840964	5.075525	28.568054	2727.553223	33517.421875	13068.269531	55036.496094
2014	01	0.800075	-15.100154	20.780325	23.836151	-0.000009	-0.000007	4.880095	27.533587	20.294426	2148.768799	33517.441406	13066.096680	55035.691406
2014	01	1.256183	-15.137697	21.305656	23.905638	-0.000009	-0.000007	4.911777	-22.109398	57.923599	3373.742432	33517.457031	13063.925781	55034.886719
2014	01	2.643000	-13.951999	21.535236	22.748671	-0.000008	-0.000007	4.940237	-4.184143	28.422468	7098.332520	33517.476562	13061.755859	55034.082031
2014	01	4.779325	-12.805385	22.552563	21.629959	-0.000008	-0.000007	4.967853	0.556082	23.345037	12835.882812	33517.496094	13059.586914	55033.277344
2014	01	7.397224	-12.223093	24.618176	21.077972	-0.000008	-0.000006	4.997857	-89.618759	98.189720	19866.800781	33517.515625	13057.426758	55032.476562
2014	01	0.916764	-16.246494	22.209290	25.149828	-0.000009	-0.000008	5.046031	-19.625977	61.754890	2462.163086	33517.535156	13055.275391	55031.683594
2014	01	2.713450	-14.416135	22.234364	23.378471	-0.000009	-0.000007	5.104778	-34.086433	58.999863	7287.539062	33517.554688	13053.120117	55030.882812
2014	01	3.733315	-13.682455	22.580788	22.705305	-0.000008	-0.000007	5.165016	2.653634	32.151608	10026.602539	33517.574219	13050.965820	55030.078125
2014	01	7.697648	-10.985936	23.921139	20.081612	-0.000008	-0.000006	5.237554	-3.825756	33.586155	20673.652344	33517.597656	13048.827148	55029.289062
2014	01	9.931666	-10.205379	26.614136	20.540894	-0.000008	-0.000006	6.477089	-31.161850	31.969055	26673.578125	33517.625000	13046.727539	55028.527344
2014	01	14.751311	-9.244623	38.761093	27.868475	-0.000010	-0.000009	14.765159	-72.679909	106.728989	39617.750000	33517.875000	13044.690430	55027.617188
2014	01	15.730586	-7.175869	30.799301	18.927689	-0.000007	-0.000006	7.892847	-35.586388	52.999378	42247.792969	33518.031250	13042.730469	55026.828125
2014	01	15.420357	-8.055027	31.573900	20.012791	-0.000007	-0.000006	8.098516	-29.143196	27.382109	41414.605469	33518.078125	13040.791992	55026.140625
2014	01	15.037090	-8.682504	32.588535	21.410952	-0.000008	-0.000007	8.868939	-18.171217	36.662556	40385.265625	33518.121094	13038.844727	55025.429688
2014	01	16.052942	-6.876048	32.124596	19.931437	-0.000007	-0.000006	9.195603	-10.880448	37.653767	43113.550781	33518.171875	13036.908203	55024.707031
2014	01	16.682079	-6.149776	32.192577	19.370564	-0.000007	-0.000006	9.360721	-4.804147	33.250435	44803.234375	33518.226562	13034.995117	55023.996094
2014	01	15.082602	-7.813086	32.418842	21.196579	-0.000008	-0.000006	9.523155	-14.466143	32.565987	40507.496094	33518.277344	13033.083008	55023.285156
2014	01	10.860342	-9.913491	30.450258	23.450537	-0.000009	-0.000007	9.676424	-26.066757	47.689144	29167.730469	33518.332031	13031.122070	55022.515625
2014	01	4.139384	-14.581338	28.324854	28.046364	-0.000010	-0.000009	9.604132	-33.251080	67.558281	11117.185547	33518.386719	13029.069336	55021.652344
2014	01	3.240368	-13.722739	25.782331	26.403122	-0.000010	-0.000008	8.819224	-0.344684	46.007435	8702.689453	33518.437500	13026.957031	55020.742188
2014	01	3.400526	-13.751245	25.625525	26.086422	-0.000010	-0.000008	8.473754	-47.296555	80.529366	9132.826172	33518.488281	13024.849609	55019.855469
2014	01	4.625638	-12.662337	25.677750	24.913805	-0.000009	-0.000008	8.389776	-14.905288	59.894890	12423.122070	33518.535156	13022.742188	55018.972656
2014	01	3.658026	-12.940866	24.985420	25.189365	-0.000009	-0.000008	8.386530	9.433361	35.573833	9824.396484	33518.582031	13020.639648	55018.093750
2014	01	7.102981	-10.665741	26.132294	22.891569	-0.000009	-0.000007	8.363571	-45.010059	64.325989	19076.546875	33518.628906	13018.547852	55017.226562
2014	01	2.294690	-14.523996	25.188862	26.756704	-0.000010	-0.000009	8.370174	-2.426338	58.133347	6162.873047	33518.671875	13016.466797	55016.367188
2014	01	7.874026	-9.722266	26.021685	22.010462	-0.000008	-0.000007	8.425392	-41.738239	74.654488	21147.351562	33518.718750	13014.390625	55015.511719
2014	01	2.683701	-13.646213	24.831091	26.010475	-0.000010	-0.000008	8.501176	-5.164299	55.476734	7207.644043	33518.765625	13012.333984	55014.671875
2014	01	4.788299	-11.802746	25.112123	24.187178	-0.000009	-0.000008	8.521078	11.236200	37.747662	12859.981445	33518.812500	13010.251953	55013.804688
2014	01	5.682389	-11.061244	25.258032	23.439281	-0.000009	-0.000007	8.514398	6.855348	39.899048	15261.250000	33518.859375	13008.175781	55012.937500
2014	02	7.955554	-8.233595	23.877764	19.412216	-0.000008	-0.000007	7.688616	-28.487219	51.691933	23655.558594	33518.906250	13006.122070	55012.093750
2014	02	5.928838	-9.982422	23.624506	21.185938	-0.000009	-0.000007	7.713247	-10.983902	1.652393	17629.189453	33518.953125	13004.092773	55011.273438
2014	02	12.064034	-6.030638	25.877029	17.303522	-0.000007	-0.000006	7.782358	-23.488628	-8.279643	35871.980469	33519.000000	13002.086914	55010.472656
2014	02	7.335058	-9.586363	24.833216	20.988935	-0.000009	-0.000007	7.911795	8.556812	5.104252	21810.539062	33519.046875	13000.136719	55009.722656
2014	02	9.163959	-8.042554	25.211271	19.538342	-0.000008	-0.000007	8.004759	7.649959	1.919823	27248.707031	33519.093750	12998.132812	55008.914062
2014	02	8.046613	-8.698468	24.791561	20.236231	-0.000008	-0.000007	8.046481	-2.736269	3.360673	23926.316406	33519.140625	12996.162109	55008.136719
2014	02	4.212605	-11.177009	23.428602	22.707525	-0.000009	-0.000008	8.038990	20.775879	2.340949	12526.031250	33519.191406	12994.152344	55007.312500
2014	02	8.500319	-7.455460	23.973099	18.964556	-0.000008	-0.000006	8.017320	23.746370	3.881664	25275.400391	33519.238281	12992.131836	55006.484375
2014	02	9.471930	-7.098439	24.563524	18.583628	-0.000008	-0.000006	7.993158	9.281363	4.780250	28164.449219	33519.285156	12990.179688	55005.718750
2014	02	8.021662	-7.815649	23.813301	19.283924	-0.000008	-0.000007	7.975990	20.900652	4.720622	23852.128906	33519.332031	12988.230469	55004.957031
2014	02	8.875226	-7.179346	24.017843	18.635166	-0.000008	-0.000006	7.963272	18.271458	5.603915	26390.171875	33519.378906	12986.258789	55004.171875
2014	02	3.199378	-11.510885	22.624687	22.918110	-0.000009	-0.000008	7.914424	37.585602	-0.537921	9513.237305	33519.421875	12984.281250	55003.378906
2014	02	6.538472	-8.526656	22.898077	19.852636	-0.000008	-0.000007	7.832949	26.977859	2.015608	19441.916016	33519.468750	12982.269531	55002.554688
2014	02	13.913684	-3.256023	24.963837	14.543443	-0.000006	-0.000005	7.794128	12.318559	1.822898	41371.851562	33519.515625	12980.331055	55001.804688
2014	02	13.193858	-5.419712	26.431034	16.730715	-0.000007	-0.000005	7.817465	-24.787334	23.354763	39231.472656	33519.558594	12978.515625	55001.175781
2014	02	8.846687	-7.552048	24.264088	18.911186	-0.000008	-0.000006	7.865352	22.520313	4.110483	26305.314453	33519.605469	12976.635742	55000.480469
2014	02	5.918652	-9.834582	23.669661	21.245043	-0.000009	-0.000007	7.916425	50.077347	0.894532	17598.902344	33519.652344	12974.682617	54999.707031
2014	02	5.837908	-9.342903	23.145126	20.801497	-0.000009	-0.000007	7.964315	43.817379	-0.118826	17358.812500	33519.695312	12972.690430	54998.890625
2014	02	12.115771	-4.400817	24.523029	15.901787	-0.000007	-0.000005	8.006440	35.341087	8.962324	36025.816406	33519.742188	12970.741211	54998.117188
2014	02	21.258570	1.072893	28.231186	10.467391	-0.000004	-0.000003	8.045509	6.364318	-7.456800	63211.609375	33519.789062	12968.973633	54997.523438
2014	02	29.245432	6.692568	30.670185	4.919767	-0.000002	-0.000001	8.117321	5.917888	-12.546124	86960.257812	33519.832031	12967.431641	54997.148438
2014	02	20.297455	-0.059504	29.204439	12.402237	-0.000005	-0.000004	8.847480	-20.850023	0.201195	60353.765625	33519.878906	12965.953125	54996.824219
2014	02	30.333288	6.125499	34.190563	7.352749	-0.000003	-0.000002	9.982776	-18.908262	-21.668135	90194.968750	33519.933594	12964.399414	54996.390625
2014	02	21.442101	0.840759	31.222433	13.276030	-0.000005	-0.000004	10.621090	31.653423	13.469818	63757.332031	33519.988281	12962.961914	54996.039062
2014	02	11.096611	-5.735594	27.552553	19.951885	-0.000008	-0.000007	10.720348	65.810570	13.259331	32995.382812	33520.046875	12961.293945	54995.441406
2014	02	6.848484	-8.708956	26.360550	23.008255	-0.000010	-0.000008	10.803111	72.877159	4.810450	20363.726562	33520.109375	12959.403320	54994.617188
2014	02	9.019570	-6.737066	26.637802	21.114660	-0.000009	-0.000007	10.881164	75.748558	7.302240	26819.375000	33520.167969	12957.474609	54993.750000
2014	02	12.440956	-4.026958	27.181763	18.237482	-0.000008	-0.000006	10.713848	83.027405	10.949366	36992.746094	33520.226562	12955.615234	54992.953125
2014	03	5.005542	-11.226941	26.946768	25.812809	-0.000010	-0.000008	10.714283	84.903008	6.287894	13443.435547	33520.285156	12953.762695	54992.183594
2014	03	11.292648	-5.797698	27.094179	19.673378	-0.000007	-0.000006	10.003833	62.621960	8.722803	30328.779297	33520.335938	12951.830078	54991.367188
2014	03	8.376991	-9.685648	27.934568	23.429680	-0.000009	-0.000007	9.871929	48.717461	8.189625	22498.171875	33520.386719	12949.964844	54990.628906
2014	03	4.341133	-11.138330	25.394182	24.925413	-0.000009	-0.000008	9.914721	64.446449	4.747099	11659.024414	33520.433594	12948.035156	54989.824219
2014	03	5.767375	-9.763145	25.467363	23.572607	-0.000009	-0.000007	9.936845	68.458595	6.745985	15489.496094	33520.484375	12946.084961	54988.996094
2014	03	11.612955	-5.318849	26.824295	19.084223	-0.000007	-0.000006	9.892492	78.425255	8.045743	31189.033203	33520.531250	12944.180664	54988.210938
2014	03	10.924170	-6.147590	26.919441	19.868427	-0.000007	-0.000006	9.847679	50.945293	6.926788	29339.156250	33520.582031	12942.344727	54987.496094
2014	03	23.426577	3.528405	29.708899	10.155758	-0.000004	-0.000002	9.810727	49.923737	3.562570	62916.992188	33520.628906	12940.584961	54986.859375
2014	03	27.289589	5.051898	32.010040	8.594153	-0.000003	-0.000002	9.772348	3.557724	-0.295440	73291.929688	33520.675781	12939.079102	54986.476562
2014	03	11.086985	-7.150444	28.330708	21.117683	-0.000008	-0.000006	10.093278	72.280113	12.153888	29776.429688	33520.726562	12937.490234	54986.003906
2014	03	24.927534	4.069310	31.032768	9.979469	-0.000004	-0.000002	10.174547	71.330940	11.855169	66948.125000	33520.777344	12935.740234	54985.359375
2014	03	43.155735	16.727751	36.733883	-2.547365	0.000001	0.000002	10.305896	-8.888611	-13.379334	115903.804688	33520.828125	12934.367188	54985.093750
2014	03	25.926153	3.283549	33.491245	11.439830	-0.000004	-0.000003	10.848639	37.700043	19.962719	69630.132812	33520.878906	12933.182617	54985.000000
2014	03	11.847299	-6.781143	29.572149	21.599840	-0.000008	-0.000007	10.943708	64.826683	14.210279	31818.412109	33520.933594	12931.585938	54984.480469
2014	03	19.407478	-0.255935	30.707039	15.174813	-0.000006	-0.000004	11.043624	59.127964	12.208735	52122.863281	33520.984375	12929.814453	54983.785156
2014	03	44.458271	16.080250	39.759636	-0.823148	0.000000	0.000002	11.381612	-63.869953	-39.535839	119402.023438	33521.039062	12928.392578	54983.433594
2014	03	10.974409	-7.466948	30.648825	23.550144	-0.000009	-0.000007	12.207469	103.335052	17.548105	29474.082031	33521.097656	12927.105469	54983.195312
2014	03	11.691435	-5.640305	29.636841	21.821396	-0.000008	-0.000007	12.305102	98.047455	14.148528	31399.802734	33521.160156	12925.277344	54982.398438
2014	03	17.991722	-0.737455	30.228790	16.113323	-0.000006	-0.000005	11.499613	84.776375	14.074001	48320.550781	33521.218750	12923.518555	54981.675781
2014	03	30.665604	9.048350	32.089241	5.300157	-0.000002	-0.000001	10.471988	49.373486	-0.857514	82358.921875	33521.273438	12921.968750	54981.203125
2014	03	43.697895	17.095179	37.371525	-2.449604	0.000001	0.000002	10.768806	-45.858528	-28.721767	117359.890625	33521.328125	12920.754883	54981.074219
2014	03	40.450935	14.405657	37.907440	1.333510	-0.000000	0.000001	11.862160	30.800274	-0.530381	108639.500000	33521.382812	12919.686523	54981.062500
2014	03	46.753632	20.214502	38.888058	-3.988311	0.000001	0.000003	12.348927	14.898124	-3.855957	125566.703125	33521.445312	12918.592773	54981.000000
2014	03	17.659182	-2.469407	33.020462	19.238791	-0.000007	-0.000006	12.891873	111.489281	26.021957	47427.441406	33521.507812	12917.444336	54980.863281
2014	03	11.238976	-5.130244	26.752010	19.390812	-0.000007	-0.000006	10.382789	140.695648	18.997984	30184.632812	33521.570312	12915.726562	54980.187500
2014	03	24.567223	5.209105	28.806885	8.117712	-0.000003	-0.000002	9.448767	94.025551	18.925854	65980.445312	33521.617188	12914.024414	54979.589844
2014	03	24.698317	4.835588	29.172939	8.352941	-0.000003	-0.000002	9.310208	78.555428	26.269535	66332.523438	33521.667969	12912.562500	54979.246094
2014	03	18.909512	0.328932	27.910746	12.879818	-0.000005	-0.000003	9.330166	103.024292	25.703827	50785.468750	33521.714844	12911.046875	54978.847656
2014	03	37.772327	14.568133	32.854206	-1.039274	0.000000	0.000002	9.650010	-25.513248	-14.570971	101445.515625	33521.765625	12909.590820	54978.503906
2014	03	61.795631	31.276409	41.835907	-16.080635	0.000006	0.000007	11.316683	0.058179	-31.034040	165965.156250	33521.816406	12908.652344	54978.640625
2014	03	36.429195	11.494719	36.990814	4.440945	-0.000002	-0.000000	12.056337	-83.637520	-17.839237	97838.257812	33521.878906	12907.880859	54978.906250
2014	04	41.565117	16.616873	37.070004	-0.740700	0.000000	0.000002	12.121760	47.322521	3.276427	115352.921875	33521.941406	12906.751953	54978.792969
2014	04	32.769772	10.897446	31.721157	2.706039	-0.000001	0.000000	9.848831	78.692963	10.031768	90943.773438	33522.003906	12905.667969	54978.750000
2014	04	42.363888	17.863953	34.487968	-4.121029	0.000002	0.000003	9.988030	98.545357	20.855516	117569.695312	33522.054688	12904.515625	54978.691406
2014	04	37.787598	13.812476	34.930527	0.898049	-0.000000	0.000001	10.955403	119.456078	36.595547	104869.421875	33522.109375	12903.515625	54978.750000
2014	04	36.936214	14.149881	32.866608	-0.314249	0.000000	0.000002	10.080272	79.759621	13.466488	102506.632812	33522.167969	12902.404297	54978.695312
2014	04	37.010429	12.709188	35.817440	2.562595	-0.000001	0.000000	11.516198	-54.510326	-8.771949	102712.593750	33522.222656	12901.296875	54978.648438
2014	04	33.180115	10.857861	33.882694	4.458395	-0.000002	-0.000000	11.560441	109.717880	40.530293	92082.585938	33522.289062	12900.135742	54978.500000
2014	04	40.293678	16.504341	34.009377	-2.528245	0.000001	0.000002	10.220042	21.864105	-4.813904	111824.367188	33522.347656	12899.018555	54978.437500
2014	04	19.208103	-1.795488	33.136112	17.684277	-0.000007	-0.000005	12.132521	-35.472527	-17.230881	53306.976562	33522.406250	12897.775391	54978.230469
2014	04	35.387585	12.061912	37.145287	5.514187	-0.000002	-0.000001	13.819613	102.836090	52.357906	98208.820312	33522.480469	12896.386719	54977.812500
2014	04	36.392452	14.828819	31.102526	-1.533195	0.000001	0.000002	9.538892	101.237640	67.206375	100997.562500	33522.554688	12895.214844	54977.656250
2014	04	66.515297	35.815758	46.683990	-16.074348	0.000006	0.000008	15.984449	-18.781645	-13.825069	184595.500000	33522.644531	12894.370117	54977.839844
2014	04	60.540501	31.685869	63.076740	6.293420	-0.000002	-0.000001	34.222107	53.629021	26.411848	168014.062500	33523.167969	12893.966797	54978.003906
2014	04	59.023373	30.030718	64.502731	9.236773	-0.000004	-0.000002	35.510075	-10.560626	15.712424	163803.656250	33524.039062	12893.481445	54977.679688
2014	04	118.423347	71.570854	98.616547	-16.049189	0.000006	0.000008	51.764050	-79.179672	-11.860939	328652.468750	33524.820312	12893.303711	54977.484375
2014	04	153.638657	93.964249	125.987907	-23.892986	0.000009	0.000011	66.313515	-105.551567	43.410297	426383.156250	33525.691406	12894.573242	54978.179688
2014	04	49.610699	19.557802	77.125076	31.272305	-0.000012	-0.000011	47.072178	83.176178	115.706314	137681.281250	33526.320312	12895.477539	54978.554688
2014	04	85.233093	50.137623	72.766357	-8.708577	0.000003	0.000005	37.670887	48.890194	81.940376	236541.750000	33526.683594	12894.951172	54978.015625
2014	04	122.960297	78.261063	84.824890	-34.377014	0.000013	0.000015	40.125664	54.059910	36.552845	341243.562500	33526.925781	12895.366211	54978.679688
2014	04	123.982147	78.211861	98.792984	-21.430557	0.000008	0.000010	53.022697	79.955704	56.484718	344079.437500	33527.246094	12896.438477	54979.531250
2014	04	112.435135	67.176453	101.056938	-7.619381	0.000003	0.000004	55.798252	68.571991	48.958916	312033.781250	33527.617188	12897.374023	54980.050781
2014	04	144.308838	92.128273	108.491470	-32.058327	0.000012	0.000014	56.310921	8.884691	54.512539	400490.750000	33527.992188	12898.340820	54980.554688
2014	04	87.413429	48.342102	94.334778	10.680582	-0.000004	-0.000003	55.263458	-19.473248	33.806862	242592.703125	33528.359375	12899.498047	54981.238281
2014	04	64.151291	27.354952	95.864464	35.472580	-0.000014	-0.000012	59.068127	-38.115650	13.995362	178034.828125	33528.718750	12899.306641	54980.550781
2014	04	90.783218	51.335617	97.239326	10.215699	-0.000004	-0.000002	57.791725	46.087452	44.804153	251944.656250	33529.082031	12899.050781	54979.738281
2014	04	141.293060	90.490677	107.311638	-30.221621	0.000012	0.000013	56.509251	87.714142	49.806625	392121.281250	33529.417969	12899.675781	54979.902344
2014	04	123.283279	76.261063	103.900208	-15.623060	0.000006	0.000007	56.877998	16.078171	27.315361	342139.906250	33529.753906	12901.041016	54980.765625
2014	04	129.839401	80.875473	105.993095	-20.086117	0.000008	0.000009	57.029160	53.918247	59.072987	360334.718750	33530.078125	12902.093750	54981.328125
2014	04	136.059647	85.857178	106.312737	-25.986507	0.000010	0.000011	56.110268	37.049896	49.466656	377597.312500	33530.390625	12903.367188	54982.128906
2014	04	153.720123	98.574867	111.679764	-38.279762	0.000015	0.000016	56.534508	74.933479	58.316647	426609.312500	33530.675781	12904.824219	54983.125000
2014	05	164.490402	105.466240	115.728096	-44.876125	0.000017	0.000018	56.703941	83.703873	51.749531	441773.531250	33530.914062	12906.628906	54984.476562
2014	05	99.913506	55.808064	101.273270	5.246142	-0.000002	-0.000001	57.167824	22.881290	35.536896	268338.718750	33531.101562	12908.003906	54985.414062
2014	05	192.411362	126.092888	126.886833	-61.637943	0.000023	0.000024	60.568367	17.977037	54.661228	516761.125000	33531.289062	12909.044922	54985.996094
2014	05	208.238297	135.944504	138.115784	-66.235756	0.000025	0.000026	65.821991	42.369164	61.232010	559267.750000	33531.433594	12911.753906	54988.042969
2014	05	150.289734	93.976387	119.339958	-27.062819	0.000010	0.000012	63.026623	33.857254	31.745462	403634.625000	33531.578125	12914.158203	54989.777344
2014	05	155.842422	97.572853	119.994240	-31.961044	0.000012	0.000013	61.724670	72.072708	60.729595	418547.593750	33531.734375	12915.755859	54990.777344
2014	05	159.724716	101.456787	117.381386	-38.455997	0.000014	0.000016	59.113457	112.659561	58.745239	428974.281250	33531.867188	12917.459961	54991.957031
2014	05	155.516266	98.836235	113.843781	-37.784943	0.000014	0.000016	57.163746	137.590912	50.447292	417671.625000	33531.984375	12919.206055	54993.261719
2014	05	170.443268	109.660675	117.757416	-48.798080	0.000018	0.000020	56.974838	128.391037	56.998005	457761.156250	33532.089844	12920.959961	54994.593750
2014	05	183.260452	120.755318	118.415123	-60.957344	0.000023	0.000024	55.909988	112.583038	58.266697	492184.468750	33532.175781	12923.120117	54996.355469
2014	05	173.808670	108.078484	128.101212	-41.819279	0.000016	0.000017	62.371021	-19.007391	69.447845	466799.687500	33532.265625	12925.221680	54997.996094
2014	05	209.648331	135.443832	138.881973	-66.878029	0.000025	0.000026	64.677467	78.240089	86.967064	563054.687500	33532.375000	12927.606445	54999.703125
2014	05	190.325089	123.399590	127.983086	-58.453484	0.000022	0.000023	61.057579	123.300667	64.553375	511158.031250	33532.445312	12930.399414	55001.898438
2014	05	170.613571	108.324440	120.877129	-45.847698	0.000017	0.000019	58.588009	120.404121	56.886276	458218.593750	33532.515625	12932.715820	55003.734375
2014	05	154.045242	96.525764	114.698357	-35.457939	0.000013	0.000015	57.178879	25.395260	38.486206	413720.875000	33532.597656	12934.610352	55005.175781
2014	05	162.588730	101.293472	120.667419	-38.032181	0.000014	0.000016	59.372154	4.889593	58.571579	436666.218750	33532.683594	12936.247070	55006.371094
2014	05	197.353760	125.731018	133.005066	-60.459400	0.000023	0.000024	61.382309	1.669753	57.711277	530035.000000	33532.765625	12938.217773	55007.816406
2014	05	176.773834	109.039253	134.968765	-37.915627	0.000014	0.000016	67.234184	4.957105	56.692646	474763.281250	33532.839844	12940.631836	55009.593750
2014	05	168.638214	103.246681	132.225845	-32.522751	0.000012	0.000014	66.834328	0.290699	27.795588	452913.343750	33532.937500	12942.713867	55010.925781
2014	05	181.773361	113.521713	135.338547	-42.545048	0.000016	0.000017	67.086899	13.212855	45.655087	488190.562500	33533.031250	12944.574219	55012.066406
2014	05	234.264252	154.026443	146.959488	-83.414841	0.000031	0.000033	66.721672	61.706177	80.483376	629165.875000	33533.085938	12947.371094	55014.144531
2014	05	212.172241	134.318512	145.937881	-62.344254	0.000023	0.000025	68.084137	80.214340	79.185524	569833.125000	33533.113281	12950.703125	55016.765625
2014	05	217.306183	139.254791	145.214447	-68.201454	0.000025	0.000027	67.163063	38.317059	55.608891	583621.437500	33533.164062	12953.612305	55018.898438
2014	05	203.570038	130.192490	139.433151	-60.246460	0.000022	0.000024	66.055588	52.822796	54.804043	546730.125000	33533.207031	12956.372070	55020.957031
2014	05	227.608368	148.868210	145.143753	-78.573997	0.000029	0.000031	66.403610	47.995239	64.013634	611290.062500	33533.238281	12959.430664	55023.328125
2014	05	238.007385	154.958878	151.140991	-82.975616	0.000031	0.000032	68.092484	42.064613	73.155396	639218.875000	33533.250000	12962.860352	55026.039062
2014	05	251.521469	164.362579	157.465927	-90.164619	0.000034	0.000035	70.307037	19.428951	83.336601	675513.750000	33533.261719	12966.372070	55028.769531
2014	05	214.048843	129.966568	159.208740	-50.949020	0.000019	0.000020	75.126480	74.235428	95.880173	574873.125000	33533.277344	12970.023438	55031.527344
2014	05	199.296829	125.441879	143.780685	-51.624912	0.000019	0.000021	69.925751	45.433128	52.175102	535253.500000	33533.332031	12972.623047	55033.199219
2014	05	245.578247	163.624496	147.374924	-94.311928	0.000035	0.000037	65.421165	84.880913	69.675850	659552.000000	33533.343750	12975.669922	55035.546875
2014	05	232.252747	150.686249	146.994354	-81.366814	0.000030	0.000032	65.427841	102.346397	80.926956	623763.562500	33533.328125	12979.283203	55038.507812
2014	06	244.548950	163.597366	141.978973	-98.803734	0.000038	0.000040	61.027393	116.963081	79.010864	678680.500000	33533.308594	12982.827148	55041.429688
2014	06	240.423752	157.795914	145.237900	-91.419418	0.000035	0.000037	62.610058	101.932114	81.268089	667232.125000	33533.277344	12986.648438	55044.664062
2014	06	236.097260	153.416168	145.388000	-86.942612	0.000034	0.000035	62.706909	42.836658	75.294029	655225.125000	33533.253906	12990.425781	55047.820312
2014	06	249.274063	162.307037	150.104904	-95.402344	0.000037	0.000038	63.137878	79.750557	87.026993	691793.812500	33533.238281	12994.026367	55050.773438
2014	06	227.151657	146.834106	141.086212	-82.298439	0.000032	0.000033	60.768665	37.191448	68.914963	630398.937500	33533.207031	12997.811523	55053.968750
2014	06	168.863007	100.055717	130.382339	-34.713486	0.000013	0.000015	61.575043	3.330623	29.042683	468634.375000	33533.222656	13000.384766	55055.968750
2014	06	240.168655	154.020874	149.242569	-87.158737	0.000034	0.000035	63.094761	44.359833	85.263046	666524.187500	33533.250000	13002.755859	55057.746094
2014	06	233.475311	144.270615	156.133057	-73.574730	0.000028	0.000030	66.928360	70.185944	102.197983	647948.562500	33533.230469	13006.466797	55060.761719
2014	06	201.628540	118.154999	152.615173	-45.245670	0.000017	0.000019	69.141624	64.779106	87.460701	559566.375000	33533.234375	13009.528320	55063.050781
2014	06	232.730423	142.459473	161.280029	-67.682556	0.000026	0.000028	71.009079	20.030609	71.179398	645881.375000	33533.269531	13011.968750	55064.609375
2014	06	238.068420	148.583359	159.316422	-74.983994	0.000029	0.000030	69.831375	58.534752	89.038704	660695.500000	33533.257812	13015.585938	55067.347656
2014	06	240.998184	148.856552	161.895996	-75.334038	0.000029	0.000031	69.754364	36.808826	86.448021	668826.312500	33533.242188	13018.994141	55069.914062
2014	06	243.606705	154.938217	154.655945	-85.182449	0.000033	0.000034	65.987465	56.914684	67.328094	676065.562500	33533.210938	13022.686523	55072.808594
2014	06	96.012344	38.656158	127.476517	35.232628	-0.000014	-0.000012	70.120331	-10.294961	42.474873	266456.687500	33533.222656	13024.945312	55074.324219
2014	06	160.913528	89.320602	150.341980	-6.802981	0.000003	0.000004	78.749046	-15.691710	64.403122	446572.687500	33533.339844	13025.065430	55073.437500
2014	06	231.672119	149.530075	151.669357	-76.233986	0.000029	0.000031	69.527321	85.411621	116.173851	642944.312500	33533.398438	13027.484375	55074.847656
2014	06	255.852478	167.967590	155.386200	-96.697289	0.000037	0.000039	67.501328	73.399750	103.207458	710050.375000	33533.351562	13031.083984	55077.671875
2014	06	253.917374	164.895874	157.262466	-92.885742	0.000036	0.000037	68.240952	33.745762	81.555443	704680.125000	33533.285156	13035.053711	55080.859375
2014	06	251.955017	160.076996	166.224457	-81.961212	0.000032	0.000033	74.346443	36.637241	88.320503	699234.062500	33533.238281	13038.717773	55083.664062
2014	06	250.047531	159.357513	162.640945	-83.637100	0.000032	0.000034	71.950928	78.993889	122.847084	693940.375000	33533.191406	13042.751953	55086.695312
2014	06	255.321014	167.039886	154.566986	-96.984352	0.000037	0.000039	66.285866	93.200600	102.538307	708575.500000	33533.125000	13046.607422	55089.769531
2014	06	255.090347	165.469040	155.878448	-95.442024	0.000037	0.000038	66.257141	50.026558	84.882408	707935.312500	33533.046875	13050.685547	55093.156250
2014	06	251.416428	159.293304	159.947662	-87.698700	0.000034	0.000035	67.824554	52.513893	86.128479	697739.375000	33532.988281	13054.434570	55096.164062
2014	06	275.917725	179.372940	164.024048	-108.123436	0.000042	0.000043	67.479248	77.214050	97.461594	765736.187500	33532.917969	13058.438477	55099.429688
2014	06	263.999115	166.469284	166.224808	-94.003914	0.000036	0.000038	68.694969	41.263649	96.067429	732659.250000	33532.839844	13062.740234	55102.957031
2014	06	245.436127	150.702774	169.026428	-72.639183	0.000028	0.000029	74.293060	16.321352	88.061691	681142.625000	33532.785156	13066.416992	55105.777344
2014	06	249.535645	159.047791	160.986008	-84.778969	0.000033	0.000034	70.498154	36.108868	81.424721	692519.750000	33532.738281	13070.154297	55108.578125
2014	06	252.712067	160.783691	160.488052	-88.453117	0.000034	0.000036	68.559692	94.941383	98.112534	701335.062500	33532.667969	13073.977539	55111.632812
2014	06	244.223984	150.699738	164.535416	-75.917511	0.000029	0.000031	71.011154	74.636604	102.212646	677778.687500	33532.605469	13077.615234	55114.476562
2014	06	239.220383	143.651291	168.824585	-66.624557	0.000026	0.000027	73.255470	67.033600	106.886635	663892.500000	33532.558594	13080.995117	55116.968750
2014	07	266.238983	161.594070	180.863983	-81.477875	0.000030	0.000032	76.219078	56.977150	103.906624	715040.687500	33532.515625	13084.375000	55119.410156
2014	07	265.178070	156.129669	188.995010	-72.285820	0.000027	0.000028	79.946617	68.818169	96.833664	712191.437500	33532.457031	13088.054688	55122.093750
2014	07	235.973434	129.442856	191.665100	-40.411030	0.000015	0.000017	85.134514	45.405033	120.922592	633756.250000	33532.425781	13091.399414	55124.296875
2014	07	263.316345	153.458145	198.466080	-60.952904	0.000023	0.000024	88.607872	14.607587	75.603294	707191.437500	33532.402344	13094.551758	55126.191406
2014	07	208.708939	113.511032	187.526733	-17.284729	0.000006	0.000008	92.328827	9.962431	47.935333	560531.687500	33532.378906	13097.401367	55127.613281
2014	07	237.880386	144.582870	175.265915	-58.716824	0.000022	0.000023	81.968414	7.639862	124.751129	638877.750000	33532.382812	13099.982422	55128.882812
2014	07	275.343414	172.199203	181.486954	-89.958641	0.000034	0.000035	78.342743	53.190235	134.124771	739492.687500	33532.308594	13103.551758	55131.457031
2014	07	273.247559	168.225266	183.935791	-85.413773	0.000032	0.000033	78.913498	27.533199	70.979080	733863.750000	33532.218750	13107.335938	55134.222656
2014	07	273.036316	164.398315	191.556473	-77.581718	0.000029	0.000030	82.918472	35.001278	119.463684	733296.375000	33532.132812	13111.321289	55137.128906
2014	07	265.310120	156.497406	194.123230	-67.288635	0.000025	0.000027	85.310532	11.152249	69.411812	712546.062500	33532.050781	13115.040039	55139.691406
2014	07	284.310760	174.307663	195.344131	-85.068260	0.000032	0.000033	85.341026	71.249763	122.806374	763576.312500	33531.976562	13118.834961	55142.234375
2014	07	271.357025	168.799927	181.097839	-86.360634	0.000032	0.000034	78.540718	81.802994	109.883209	728786.312500	33531.875000	13122.856445	55145.199219
2014	07	280.683105	174.146851	183.965561	-92.818794	0.000035	0.000036	77.429283	57.172707	113.040298	753833.500000	33531.777344	13126.728516	55148.101562
2014	07	276.984161	170.137939	182.363922	-90.721321	0.000034	0.000035	75.517700	22.229771	97.481628	743899.187500	33531.675781	13130.595703	55151.035156
2014	07	239.596008	133.799332	185.830124	-49.866821	0.000019	0.000020	80.033455	50.011124	120.064186	643485.437500	33531.585938	13134.268555	55153.785156
2014	07	246.745224	144.708817	184.311020	-58.535061	0.000022	0.000023	82.274605	22.993858	85.475304	662686.187500	33531.523438	13137.331055	55155.792969
2014	07	199.762695	110.297455	178.959503	-16.903881	0.000006	0.000008	89.494270	6.902548	49.556847	536504.687500	33531.468750	13139.897461	55157.105469
2014	07	264.780762	158.735855	192.741028	-68.140305	0.000025	0.000027	86.696106	60.743912	117.436150	711124.375000	33531.441406	13142.533203	55158.457031
2014	07	273.107025	169.125366	184.685501	-84.521896	0.000032	0.000033	80.703873	54.503666	109.633682	733486.312500	33531.343750	13146.304688	55161.085938
2014	07	260.265259	157.841263	182.071457	-74.293991	0.000028	0.000029	79.647469	69.478844	109.608665	698997.000000	33531.234375	13150.025391	55163.808594
2014	07	270.422760	164.405807	185.189545	-81.333252	0.000030	0.000032	79.172585	65.450035	106.428177	726277.187500	33531.136719	13153.560547	55166.332031
2014	07	279.624542	172.699142	184.140228	-91.584167	0.000034	0.000036	77.214828	75.496361	105.519714	750990.500000	33531.027344	13157.365234	55169.187500
2014	07	243.863708	139.879837	183.544449	-56.418938	0.000021	0.000023	79.560577	48.250957	111.669357	654947.187500	33530.917969	13161.064453	55171.937500
2014	07	213.811981	114.396164	179.589233	-30.322323	0.000011	0.000013	80.173416	-17.392656	68.648705	574237.000000	33530.855469	13163.691406	55173.539062
2014	07	259.860962	159.232956	176.322113	-79.638260	0.000030	0.000031	75.694084	78.199936	99.231331	697911.187500	33530.792969	13166.395508	55175.289062
2014	07	249.009811	151.211899	170.127289	-74.981697	0.000028	0.000029	72.329376	31.546707	70.248146	668768.187500	33530.687500	13169.858398	55177.960938
2014	07	230.537323	132.093399	171.769257	-54.867069	0.000020	0.000022	73.325340	3.082644	69.185028	619156.437500	33530.593750	13172.917969	55180.242188
2014	07	207.454239	113.661087	169.914444	-33.638657	0.000013	0.000014	76.121292	-0.129608	56.169880	557161.937500	33530.531250	13175.276367	55181.781250
2014	07	162.363007	73.236938	172.216217	13.754469	-0.000005	-0.000004	83.090126	-19.244104	40.291424	436060.000000	33530.503906	13176.871094	55182.406250
2014	07	251.965500	146.894180	189.820084	-58.244019	0.000022	0.000023	84.748749	42.139565	109.664413	676706.312500	33530.496094	13178.499023	55182.847656
2014	07	261.458099	159.001892	180.562149	-76.994347	0.000029	0.000030	78.105934	72.137756	100.582344	702200.750000	33530.410156	13181.915039	55185.242188
2014	08	267.705627	163.108688	181.030930	-82.772873	0.000031	0.000032	76.434006	57.708549	86.167892	718979.750000	33530.296875	13185.397461	55187.808594
2014	08	244.195663	141.231247	180.534500	-59.759174	0.000022	0.000024	77.570076	48.454739	97.292526	655838.750000	33530.187500	13188.846680	55190.371094
2014	08	241.970566	138.731857	180.746231	-57.322178	0.000021	0.000023	77.507500	42.314911	86.951256	649862.812500	33530.101562	13191.709961	55192.324219
2014	08	270.451935	162.459122	184.185333	-82.364265	0.000031	0.000032	76.192528	73.370102	68.993866	726355.562500	33530.011719	13194.810547	55194.519531
2014	08	240.273804	138.166809	178.831085	-57.540188	0.000021	0.000023	76.724098	72.240372	100.095970	645305.750000	33529.902344	13198.204102	55197.062500
2014	08	247.257355	143.427139	180.092224	-63.262436	0.000024	0.000025	76.262009	54.167358	66.845970	664061.562500	33529.816406	13201.011719	55198.972656
2014	08	255.119858	151.179825	179.136322	-72.080673	0.000027	0.000028	75.196274	65.103188	83.897820	685178.000000	33529.718750	13204.176758	55201.296875
2014	08	249.879974	147.601151	178.661072	-67.315849	0.000025	0.000027	76.382248	34.861660	61.120457	671105.187500	33529.613281	13207.329102	55203.609375
2014	08	254.498047	149.622726	180.737228	-69.857582	0.000026	0.000028	75.861916	74.563423	107.054176	683508.062500	33529.515625	13210.492188	55205.894531
2014	08	252.868240	150.466721	175.093307	-73.871483	0.000028	0.000029	72.691780	85.098648	95.031731	679130.812500	33529.406250	13213.681641	55208.304688
2014	08	221.128784	122.961060	171.164230	-46.060894	0.000017	0.000019	72.996521	53.157001	74.775726	593887.812500	33529.308594	13216.583008	55210.460938
2014	08	224.888580	124.849380	172.996414	-47.988354	0.000018	0.000019	72.957199	60.286869	85.034775	603985.562500	33529.234375	13219.059570	55212.207031
2014	08	100.024658	22.487343	151.530731	55.410015	-0.000021	-0.000019	73.993423	-22.345331	29.547152	268637.218750	33529.183594	13220.200195	55212.558594
2014	08	129.792664	50.142323	150.462845	24.574259	-0.000009	-0.000008	70.812500	-15.107214	28.847342	348585.468750	33529.187500	13219.715820	55211.351562
2014	08	244.824127	140.950516	183.232147	-57.687767	0.000022	0.000023	79.358521	42.487873	80.196365	657526.687500	33529.183594	13220.786133	55211.640625
2014	08	236.651474	138.153458	174.277863	-58.469215	0.000022	0.000023	75.779831	59.622967	73.032043	635577.312500	33529.148438	13223.733398	55213.644531
2014	08	215.778122	121.049423	169.356049	-42.517487	0.000016	0.000017	74.627350	56.106991	52.952393	579517.500000	33529.062500	13226.261719	55215.355469
2014	08	223.198334	123.697372	175.713669	-43.579914	0.000016	0.000018	76.212715	39.855759	59.945114	599446.000000	33528.984375	13228.623047	55216.906250
2014	08	226.343109	127.312210	173.106110	-49.332092	0.000018	0.000020	74.075218	51.475174	81.979691	607891.937500	33528.902344	13231.046875	55218.496094
2014	08	229.367050	130.838150	170.227554	-55.234421	0.000021	0.000022	71.698647	67.337280	87.636520	616013.437500	33528.812500	13233.606445	55220.339844
2014	08	213.838745	116.192047	169.841782	-40.091690	0.000015	0.000016	72.195091	24.559090	73.018074	574308.875000	33528.726562	13236.025391	55222.054688
2014	08	222.778412	122.575752	172.527573	-46.345413	0.000017	0.000019	72.324921	34.827667	46.370625	598318.250000	33528.652344	13238.165039	55223.476562
2014	08	232.075134	129.854843	175.636536	-52.533020	0.000020	0.000021	73.416245	55.124599	49.358536	623286.500000	33528.570312	13240.599609	55225.175781
2014	08	218.714539	119.763626	172.111588	-42.697220	0.000016	0.000017	73.160667	62.058811	64.802734	587403.812500	33528.484375	13243.037109	55226.859375
2014	08	221.413147	122.286926	170.746765	-46.760464	0.000017	0.000019	71.620529	64.225945	78.887589	594651.562500	33528.406250	13245.329102	55228.457031
2014	08	217.220947	115.774986	174.232117	-39.082714	0.000015	0.000016	72.786171	57.795490	78.422600	583392.500000	33528.332031	13247.533203	55229.953125
2014	08	223.266678	121.423744	173.133301	-46.227108	0.000017	0.000019	71.290359	50.426144	82.129158	599629.625000	33528.257812	13249.683594	55231.398438
2014	08	202.745667	98.025887	179.148376	-19.690893	0.000007	0.000009	74.428596	32.700069	88.337753	544516.062500	33528.187500	13251.730469	55232.714844
2014	08	207.319138	109.947968	165.906082	-37.506519	0.000014	0.000015	68.534927	78.494370	68.484520	556799.062500	33528.132812	13253.505859	55233.781250
2014	08	196.216476	106.059296	154.046936	-38.262810	0.000014	0.000016	63.889778	77.250977	61.346813	526980.562500	33528.058594	13255.391602	55235.179688
2014	08	180.978745	93.756775	149.059128	-28.012667	0.000010	0.000012	61.837158	58.359024	57.365959	486056.437500	33527.992188	13257.060547	55236.457031
2014	09	35.619827	-30.910284	131.580734	99.741852	-0.000038	-0.000037	65.050621	-11.740419	6.774699	98853.343750	33527.949219	13257.098633	55236.066406
2014	09	196.733917	104.109001	163.243774	-29.709156	0.000011	0.000013	70.618858	62.794868	74.028214	545982.625000	33527.953125	13256.230469	55234.539062
2014	09	200.466095	105.057686	164.685425	-31.999535	0.000012	0.000014	69.277008	47.143372	60.017384	556340.312500	33527.941406	13258.085938	55235.699219
2014	09	192.035080	93.672394	168.197281	-20.056551	0.000008	0.000009	69.834610	59.959560	81.832504	532942.250000	33527.917969	13259.906250	55236.808594
2014	09	183.782104	91.828293	158.966263	-21.034437	0.000008	0.000010	67.012466	56.606228	75.487823	510038.312500	33527.863281	13261.482422	55237.757812
2014	09	180.484695	86.496284	161.020386	-15.682785	0.000006	0.000008	67.031967	26.446136	57.513210	500887.187500	33527.816406	13262.811523	55238.464844
2014	09	177.722122	82.416176	166.949722	-6.990764	0.000003	0.000004	71.643784	8.137232	72.466827	493220.437500	33527.765625	13264.160156	55239.179688
2014	09	178.023895	91.121620	157.463715	-16.778385	0.000006	0.000008	70.561440	67.780884	75.120430	494057.906250	33527.726562	13265.396484	55239.617188
2014	09	168.071304	86.894707	146.298508	-17.990776	0.000007	0.000008	65.121910	77.067154	58.439213	466437.156250	33527.679688	13266.656250	55240.269531
2014	09	168.200211	87.917305	142.425323	-21.992620	0.000008	0.000010	62.142414	54.959709	49.695351	466794.875000	33527.636719	13267.759766	55240.890625
2014	09	177.695389	93.333733	146.076263	-27.836599	0.000011	0.000012	61.714611	61.974880	62.788342	493146.250000	33527.585938	13268.960938	55241.675781
2014	09	138.514679	60.759068	140.141876	5.409945	-0.000002	-0.000001	62.386272	0.003098	41.445415	384410.593750	33527.539062	13269.989258	55242.269531
2014	09	138.964523	65.808846	134.020935	-1.160645	0.000000	0.000002	60.865265	81.045273	60.814941	385659.000000	33527.523438	13270.258789	55242.089844
2014	09	120.833755	57.191730	119.197716	2.147172	-0.000001	0.000001	55.555691	38.348591	31.070038	335341.937500	33527.507812	13270.572266	55242.117188
2014	09	134.005295	65.720245	125.701828	-4.519983	0.000002	0.000003	57.416782	56.186642	52.866634	371896.000000	33527.496094	13270.611328	55241.917969
2014	09	156.561462	82.545891	130.816437	-21.961271	0.000008	0.000010	56.800865	66.575676	46.529598	434494.656250	33527.484375	13271.191406	55242.230469
2014	09	157.427795	80.703827	133.826050	-19.817734	0.000008	0.000009	57.102081	54.769558	45.939262	436898.937500	33527.457031	13272.046875	55242.820312
2014	09	150.514557	74.552254	133.207352	-13.522972	0.000005	0.000007	57.245045	69.168457	46.756958	417713.093750	33527.425781	13272.915039	55243.414062
2014	09	111.572868	47.250427	121.410095	13.621691	-0.000005	-0.000004	57.087654	27.657257	59.066090	309640.812500	33527.402344	13273.270508	55243.507812
2014	09	98.278343	41.949066	109.193893	14.700304	-0.000006	-0.000004	52.864624	96.128372	34.808964	272745.375000	33527.398438	13272.987305	55243.019531
2014	09	126.385185	62.448887	115.249466	-7.350660	0.000003	0.000004	51.313168	31.842825	40.061394	350748.437500	33527.394531	13272.708008	55242.664062
2014	09	133.576859	56.178986	135.089340	5.297710	-0.000002	-0.000001	57.691467	-18.478443	40.097771	370707.000000	33527.398438	13272.940430	55242.707031
2014	09	123.854950	52.429062	130.213409	10.143865	-0.000004	-0.000002	58.787518	12.698647	47.865944	343726.437500	33527.402344	13273.027344	55242.484375
2014	09	133.585114	65.089859	123.684959	-6.114513	0.000002	0.000004	55.189709	48.029072	42.747101	370729.906250	33527.406250	13273.218750	55242.414062
2014	09	131.910278	64.464600	121.485413	-6.638975	0.000003	0.000004	54.039738	64.160744	35.996075	366081.875000	33527.402344	13273.562500	55242.578125
2014	09	150.224335	76.250504	128.183914	-18.254284	0.000007	0.000009	54.210079	43.336365	46.639641	416907.625000	33527.394531	13274.025391	55242.882812
2014	09	152.860825	76.114693	131.886642	-17.187815	0.000007	0.000008	55.140511	36.199734	46.196613	424224.531250	33527.375000	13274.769531	55243.437500
2014	09	151.670395	71.381500	137.482971	-10.400861	0.000004	0.000005	57.194088	33.253769	49.323467	420920.781250	33527.351562	13275.512695	55243.941406
2014	09	147.991791	68.908676	136.383453	-7.821598	0.000003	0.000004	57.300346	32.055286	48.260307	410711.843750	33527.332031	13276.188477	55244.343750
2014	09	124.673256	53.616184	127.109344	6.223012	-0.000002	-0.000001	56.052280	33.199005	32.793938	345997.437500	33527.316406	13276.693359	55244.593750
2014	10	84.188370	21.330986	120.215698	39.940666	-0.000015	-0.000013	57.358311	1.085873	24.707880	226105.578125	33527.316406	13276.308594	55243.988281
2014	10	142.391098	65.958397	134.718231	-3.759334	0.000001	0.000003	58.285522	53.736919	41.378792	382421.250000	33527.320312	13275.786133	55243.246094
2014	10	130.969589	61.162926	125.329323	-1.726491	0.000001	0.000002	55.522652	48.982994	35.062687	351746.343750	33527.324219	13276.097656	55243.359375
2014	10	131.685944	62.557686	123.253273	-4.518631	0.000002	0.000003	54.125011	55.847706	35.129211	353670.250000	33527.324219	13276.264648	55243.402344
2014	10	90.207527	27.927286	116.336014	30.042789	-0.000011	-0.000010	54.055775	-8.827914	17.496025	242271.250000	33527.328125	13276.141602	55243.179688
2014	10	128.079315	50.980423	144.778214	20.613329	-0.000008	-0.000006	67.679314	30.516157	53.335117	343983.937500	33527.339844	13275.516602	55242.210938
2014	10	130.012970	60.560158	131.051468	4.953162	-0.000002	-0.000000	61.598652	50.614975	38.976608	349177.156250	33527.339844	13275.633789	55241.882812
2014	10	70.287086	10.154363	121.302986	54.930805	-0.000021	-0.000019	61.170269	-24.896856	22.980021	188770.750000	33527.339844	13275.274414	55241.183594
2014	10	120.132156	43.271187	146.885757	30.668644	-0.000011	-0.000010	70.024796	-40.532932	64.777321	322640.125000	33527.339844	13274.226562	55239.675781
2014	10	93.457962	32.824596	124.736198	35.193478	-0.000013	-0.000012	64.102837	47.367382	50.558205	251000.984375	33527.335938	13273.883789	55238.750000
2014	10	92.455750	35.696892	113.926376	25.386133	-0.000009	-0.000008	57.167522	55.854401	34.666378	248309.359375	33527.324219	13273.128906	55237.710938
2014	10	102.297470	43.423843	114.687965	16.306276	-0.000006	-0.000005	55.814331	56.091835	27.910887	274741.343750	33527.316406	13272.509766	55236.910156
2014	10	92.412880	35.037045	112.459457	23.962608	-0.000009	-0.000007	55.083618	52.028522	30.146811	248194.187500	33527.312500	13271.977539	55236.218750
2014	10	102.929955	43.285080	113.618683	14.605035	-0.000005	-0.000004	53.973801	38.187786	29.530161	276440.031250	33527.308594	13271.372070	55235.503906
2014	10	100.966141	35.822556	122.120850	25.071249	-0.000009	-0.000008	56.977264	-4.686400	17.997759	271165.781250	33527.312500	13270.864258	55234.843750
2014	10	95.152016	23.779875	132.812576	41.577240	-0.000016	-0.000014	61.440430	-22.489845	9.597428	255550.734375	33527.320312	13270.274414	55233.964844
2014	10	114.237816	37.103020	141.676086	31.355061	-0.000012	-0.000010	64.541298	-4.453236	13.113900	306809.656250	33527.324219	13269.598633	55232.894531
2014	10	104.922112	30.032644	147.496292	46.491055	-0.000017	-0.000016	72.606827	-7.324774	19.474827	281790.375000	33527.324219	13269.211914	55231.921875
2014	10	102.124763	31.279652	140.413483	42.205719	-0.000016	-0.000014	69.568375	-8.058986	29.774355	274277.531250	33527.320312	13268.652344	55230.691406
2014	10	54.274002	3.678164	111.165985	60.809170	-0.000023	-0.000021	60.570145	23.005846	25.954447	145764.234375	33527.304688	13267.727539	55229.273438
2014	10	61.024284	13.578690	100.881584	43.774765	-0.000016	-0.000015	53.435986	45.544144	26.942480	163893.531250	33527.289062	13266.128906	55227.503906
2014	10	56.111980	8.830763	100.005013	47.810799	-0.000018	-0.000016	52.723797	13.962739	14.856878	150700.531250	33527.277344	13264.632812	55225.929688
2014	10	31.999481	-10.840608	95.743111	67.661652	-0.000025	-0.000024	52.903027	-28.840754	47.615498	85941.328125	33527.269531	13262.872070	55224.093750
2014	10	53.627987	3.157758	109.157333	59.447613	-0.000022	-0.000021	58.687107	-46.269707	62.153065	144029.234375	33527.269531	13260.865234	55221.929688
2014	10	47.335579	-1.792675	110.219513	66.802391	-0.000025	-0.000023	61.091259	-21.403172	44.535748	127129.648438	33527.269531	13259.173828	55219.890625
2014	10	66.586723	14.817526	109.426460	46.758434	-0.000017	-0.000016	57.657257	12.937677	20.881430	178832.640625	33527.261719	13257.511719	55217.960938
2014	10	43.787617	-4.299222	106.187370	66.318687	-0.000025	-0.000023	58.100533	-10.622397	15.148930	117600.851562	33527.257812	13255.996094	55216.207031
2014	10	64.367302	13.971549	107.005203	46.557072	-0.000017	-0.000016	56.609444	13.658596	31.379560	172871.937500	33527.253906	13254.291992	55214.269531
2014	10	72.855431	21.584116	105.808083	36.872105	-0.000014	-0.000012	54.536774	26.588678	17.922071	195668.578125	33527.246094	13252.986328	55212.804688
2014	10	70.465202	14.474683	114.290558	47.745045	-0.000018	-0.000016	58.300041	-7.277061	18.716068	189249.109375	33527.246094	13251.760742	55211.394531
2014	10	63.775360	13.885967	105.895065	46.039623	-0.000017	-0.000016	56.005669	27.408466	18.440664	171282.125000	33527.242188	13250.502930	55209.886719
2014	11	54.502018	11.045809	93.914848	43.206581	-0.000017	-0.000015	50.458637	37.846626	13.605951	151255.843750	33527.238281	13249.076172	55208.347656
2014	11	37.166637	-2.457404	88.120224	54.747608	-0.000021	-0.000020	48.496178	13.363485	29.072678	103146.109375	33527.238281	13247.424805	55206.660156
2014	11	21.047937	-13.097274	80.935272	63.681625	-0.000025	-0.000023	46.790054	-32.553440	57.146385	58412.949219	33527.234375	13245.360352	55204.621094
2014	11	22.854168	-10.131901	77.632751	58.573170	-0.000023	-0.000021	44.646687	19.424513	35.364124	63425.660156	33527.238281	13243.072266	55202.433594
2014	11	33.999138	-1.242503	79.799362	49.595108	-0.000019	-0.000018	44.557724	18.834929	7.842240	94355.554688	33527.242188	13240.922852	55200.421875
2014	11	44.774105	3.505156	90.759956	49.781002	-0.000019	-0.000018	49.491005	-8.292933	10.089571	124258.601562	33527.250000	13239.029297	55198.582031
2014	11	46.304409	6.379252	88.166939	45.657963	-0.000018	-0.000016	48.241783	10.555627	8.901134	128505.554688	33527.257812	13237.341797	55196.867188
2014	11	25.425325	-9.771685	83.718849	62.089222	-0.000024	-0.000022	48.521843	-3.249224	41.130249	70561.218750	33527.269531	13235.519531	55195.035156
2014	11	25.337770	-7.184493	75.095230	53.553440	-0.000021	-0.000019	42.572968	25.484882	39.355469	70318.242188	33527.277344	13233.356445	55192.960938
2014	11	40.223583	2.986016	82.053482	45.626167	-0.000018	-0.000016	44.815914	15.944452	6.615148	111629.843750	33527.281250	13231.334961	55191.109375
2014	11	43.644505	6.146485	82.312988	42.465046	-0.000016	-0.000015	44.814968	21.177069	8.545636	121123.703125	33527.292969	13229.578125	55189.464844
2014	11	54.049255	12.855090	86.690086	36.437679	-0.000014	-0.000013	45.495918	13.920749	7.572126	149999.312500	33527.308594	13227.958984	55187.949219
2014	11	62.983662	14.851179	97.205315	38.018749	-0.000015	-0.000013	49.072834	-18.567762	8.601998	174794.390625	33527.324219	13226.581055	55186.613281
2014	11	29.216366	-7.018213	84.273987	58.854939	-0.000023	-0.000021	48.039406	5.775594	29.031847	81082.250000	33527.343750	13225.067383	55185.035156
2014	11	22.794172	-8.475940	74.525940	55.529366	-0.000021	-0.000020	43.255825	26.423140	16.027594	63259.156250	33527.359375	13222.982422	55183.046875
2014	11	18.730770	-10.138885	65.109795	50.176926	-0.000019	-0.000018	36.240139	37.485767	37.131733	51982.265625	33527.367188	13220.775391	55181.117188
2014	11	20.029469	-8.812284	62.987862	46.756607	-0.000018	-0.000017	34.146111	19.110840	16.071327	55586.453125	33527.371094	13218.530273	55179.320312
2014	11	21.414145	-9.414333	68.527458	50.911819	-0.000020	-0.000018	37.698982	-11.038129	7.037626	59429.257812	33527.378906	13216.324219	55177.527344
2014	11	17.476702	-13.013732	72.214439	58.536499	-0.000023	-0.000021	41.724003	6.777661	46.749889	48501.937500	33527.402344	13214.113281	55175.542969
2014	11	12.515957	-13.401449	56.234676	47.517780	-0.000018	-0.000017	30.317272	37.601784	57.847836	34734.707031	33527.417969	13211.809570	55173.625000
2014	11	16.644518	-10.168848	50.971245	38.126099	-0.000015	-0.000013	24.157881	4.825882	30.714455	46192.429688	33527.410156	13209.479492	55172.031250
2014	11	9.530731	-14.854958	45.922512	40.191448	-0.000016	-0.000014	21.536823	36.370552	16.938032	26450.007812	33527.406250	13207.182617	55170.542969
2014	11	14.576303	-10.366776	41.967472	31.191143	-0.000012	-0.000011	17.024395	31.060902	14.550657	40452.648438	33527.398438	13204.836914	55169.156250
2014	11	20.775433	-7.745678	47.054283	30.079098	-0.000012	-0.000010	18.533169	-2.479722	8.188480	57656.679688	33527.394531	13202.631836	55167.968750
2014	11	28.429340	-6.525584	62.184376	37.555557	-0.000014	-0.000013	27.229450	-48.880062	-23.914892	78898.070312	33527.406250	13200.571289	55166.769531
2014	11	29.216894	-10.145749	84.346771	58.930538	-0.000023	-0.000021	44.984131	-55.658016	3.809452	81083.710938	33527.464844	13198.607422	55165.132812
2014	11	21.622509	-8.298444	73.436882	55.615273	-0.000021	-0.000020	43.515930	-8.265503	9.847597	60007.515625	33527.542969	13196.628906	55163.246094
2014	11	10.174257	-15.874760	68.227699	61.854595	-0.000024	-0.000022	42.178680	3.343379	23.200270	28235.943359	33527.601562	13194.446289	55161.218750
2014	11	8.498878	-15.250968	64.733070	60.035625	-0.000023	-0.000022	40.983223	15.019871	5.720892	23586.376953	33527.648438	13192.086914	55159.058594
2014	11	10.025167	-13.697346	64.098465	57.875015	-0.000022	-0.000021	40.375950	18.522316	4.513642	27822.179688	33527.695312	13189.731445	55156.925781
2014	12	15.974847	-12.761089	71.117531	59.071419	-0.000022	-0.000021	42.381599	-27.931919	6.158302	42903.808594	33527.738281	13187.436523	55154.867188
2014	12	19.004017	-11.366279	74.606560	59.531517	-0.000022	-0.000021	44.236263	-9.423683	8.213097	51039.285156	33527.781250	13185.239258	55152.835938
2014	12	9.104484	-15.420673	63.938580	58.763348	-0.000022	-0.000020	39.413425	45.193363	29.204151	24452.005859	33527.820312	13183.033203	55150.832031
2014	12	11.776858	-15.337214	62.337093	54.489769	-0.000020	-0.000019	35.223019	-7.169674	2.999156	31629.228516	33527.843750	13180.713867	55148.937500
2014	12	7.379430	-17.934242	65.213875	61.764221	-0.000023	-0.000022	39.900208	54.637428	30.638756	19819.009766	33527.878906	13178.398438	55146.925781
2014	12	11.166986	-12.265200	45.535023	38.298100	-0.000014	-0.000013	22.102839	79.557007	17.725719	29991.287109	33527.894531	13176.066406	55145.179688
2014	12	12.866718	-14.142715	47.173458	38.237091	-0.000014	-0.000013	20.164026	-0.199163	2.438434	34556.277344	33527.886719	13173.803711	55143.843750
2014	12	6.046176	-17.888670	45.332527	43.216942	-0.000016	-0.000015	21.397680	73.999794	31.579378	16238.276367	33527.894531	13171.524414	55142.421875
2014	12	8.205676	-13.012928	34.314060	30.039265	-0.000011	-0.000010	13.095457	95.685608	18.287544	22038.068359	33527.894531	13169.191406	55141.121094
2014	12	12.705288	-10.589955	34.606182	25.832083	-0.000010	-0.000008	11.310940	36.775715	7.677526	34122.718750	33527.890625	13166.914062	55140.023438
2014	12	12.158725	-13.903233	37.358356	29.131094	-0.000011	-0.000009	11.296398	-35.890205	33.392555	32654.812500	33527.890625	13164.697266	55139.007812
2014	12	12.486902	-14.660509	39.364494	30.809301	-0.000012	-0.000010	12.217081	-26.625349	3.762168	33536.199219	33527.894531	13162.468750	55137.964844
2014	12	13.278022	-13.366139	40.373508	31.027437	-0.000012	-0.000010	13.729345	1.419708	9.170959	35660.921875	33527.929688	13160.256836	55136.886719
2014	12	12.869264	-13.701860	40.861656	31.924595	-0.000012	-0.000010	14.290530	-7.908819	12.314605	34563.113281	33527.949219	13158.056641	55135.796875
2014	12	13.889961	-11.966758	38.869122	28.911617	-0.000011	-0.000009	13.012402	6.008811	7.570285	37304.406250	33527.972656	13155.862305	55134.707031
2014	12	14.688262	-10.840985	36.337406	25.581869	-0.000010	-0.000008	10.808159	6.333240	3.968283	39448.414062	33528.000000	13153.699219	55133.730469
2014	12	15.258013	-9.892002	36.358299	25.033281	-0.000009	-0.000008	11.208282	12.552745	1.923304	40978.601562	33528.027344	13151.560547	55132.789062
2014	12	9.981168	-15.865902	37.435448	31.387539	-0.000012	-0.000010	11.588380	-23.011286	-4.398026	26806.523438	33528.054688	13149.398438	55131.808594
2014	12	11.215169	-14.580715	37.011822	29.730135	-0.000011	-0.000010	11.215934	-22.877188	22.171438	30120.695312	33528.085938	13147.164062	55130.753906
2014	12	9.534517	-14.360005	35.769073	30.168295	-0.000011	-0.000010	11.874551	5.334717	12.746810	25606.949219	33528.121094	13144.941406	55129.714844
2014	12	9.934148	-12.981543	35.284050	29.283911	-0.000011	-0.000009	12.368360	9.264027	6.543699	26680.240234	33528.156250	13142.705078	55128.632812
2014	12	11.968133	-10.974188	35.578541	27.544699	-0.000010	-0.000009	12.636223	17.873892	5.281132	32142.933594	33528.195312	13140.500000	55127.570312
2014	12	12.352880	-10.957406	36.166431	27.748117	-0.000010	-0.000009	12.856148	20.704126	4.459824	33176.253906	33528.238281	13138.334961	55126.539062
2014	12	13.127296	-10.362758	36.436867	27.244410	-0.000010	-0.000009	12.946810	16.019770	3.374763	35256.113281	33528.285156	13136.186523	55125.515625
2014	12	13.301632	-12.864825	39.169319	29.802776	-0.000011	-0.000010	13.002861	-14.219156	-1.443085	35724.328125	33528.332031	13134.056641	55124.511719
2014	12	17.002813	-11.385098	41.699760	28.632252	-0.000011	-0.000009	13.311847	-38.135212	5.855752	45664.625000	33528.378906	13131.948242	55123.519531
2014	12	17.820351	-9.480710	41.099121	27.214308	-0.000010	-0.000009	13.798062	-36.244011	21.789501	47860.292969	33528.433594	13129.906250	55122.578125
2014	12	15.865363	-9.880300	39.853840	27.924252	-0.000010	-0.000009	14.108178	-4.862641	10.008368	42609.765625	33528.492188	13127.870117	55121.628906
2014	12	18.773151	-8.891432	41.948532	27.111397	-0.000010	-0.000009	14.283951	-24.008738	0.024242	50419.242188	33528.550781	13125.828125	55120.664062
2014	12	7.738236	-14.791034	36.218002	32.416019	-0.000012	-0.000011	13.688732	4.520773	37.007080	20782.660156	33528.613281	13123.758789	55119.667969
2014	12	3.767511	-15.945261	29.366417	29.535414	-0.000011	-0.000010	9.653646	47.008305	30.248384	10118.443359	33528.671875	13121.533203	55118.609375
