# Monthly output values extracted from ELM simulation
# Source file: tmpxyo5i51c.nc
# Years: 2008 - 2014
#
# Variables:
#   GPP: gross primary production (monthly sum, gC/m2/month)
#   NPP: net primary production (monthly sum, gC/m2/month)
#   ER: total ecosystem respiration, autotrophic + heterotrophic (monthly sum, gC/m2/month)
#   NEE: net ecosystem exchange of carbon, includes fire, landuse, harvest, and hrv_xsmrpool flux, positive for source (monthly sum, gC/m2/month)
#   NBP: net biome production, includes fire, landuse, and harvest flux, positive for sink (monthly mean, gC/m^2/s)
#   NEP: net ecosystem production, excludes fire, landuse, and harvest flux, positive for sink (monthly mean, gC/m^2/s)
#   HR: total heterotrophic respiration (monthly sum, gC/m2/month)
#   FSH: sensible heat (monthly mean, W/m^2)
#   EFLX_LH_TOT: total latent heat flux [+ to atm] (monthly mean, W/m^2)
#   FPSN: photosynthesis (mean daily flux, umol/m2/day)
#   TOTSOMC: total soil organic matter carbon (monthly mean, gC/m^2)
#   TOTVEGC: total vegetation carbon, excluding cpool (monthly mean, gC/m^2)
#   TOTECOSYSC: total ecosystem carbon, incl veg but excl cpool but excl product pools (monthly mean, gC/m^2)
#
Year	Month	GPP	NPP	ER	NEE	NBP	NEP	HR	FSH	EFLX_LH_TOT	FPSN	TOTSOMC	TOTVEGC	TOTECOSYSC
2008	01	0.063598	-14.228844	37.928902	37.865307	-0.000014	-0.000014	23.636461	24.755545	11.817725	170.805237	11283.775391	1900.168213	14004.022461
2008	01	0.088745	-15.616902	40.184456	40.095707	-0.000015	-0.000015	24.478807	1.024389	19.667141	238.344620	11284.088867	1899.509888	14002.688477
2008	01	0.089142	-15.385294	39.416924	39.327778	-0.000015	-0.000015	23.942488	-10.005153	24.726667	239.408417	11284.408203	1898.828491	14001.323242
2008	01	0.087981	-16.334385	40.014339	39.926357	-0.000015	-0.000015	23.591974	-23.751122	10.955717	236.290848	11284.716797	1898.167236	14000.006836
2008	01	0.117287	-17.005877	47.330654	47.213371	-0.000018	-0.000018	30.207491	12.311138	19.618845	314.999023	11285.050781	1897.450195	13998.548828
2008	01	0.116013	-15.178685	46.597443	46.481430	-0.000017	-0.000017	31.302742	11.529013	18.449741	311.578094	11285.453125	1896.786865	13996.962891
2008	01	0.098698	-14.585636	44.273140	44.174442	-0.000016	-0.000016	29.588804	-10.666648	22.435577	265.074097	11285.842773	1896.135376	13995.431641
2008	01	0.108532	-14.256828	44.157787	44.049259	-0.000016	-0.000016	29.792429	9.725025	19.070410	291.485901	11286.216797	1895.514893	13993.965820
2008	01	0.121464	-14.078686	44.919102	44.797638	-0.000017	-0.000017	30.718952	27.602747	17.028618	326.217072	11286.599609	1894.903687	13992.480469
2008	01	0.123327	-14.272103	45.359150	45.235821	-0.000017	-0.000017	30.963717	36.548748	16.285240	331.220490	11286.988281	1894.290405	13990.977539
2008	01	0.086683	-12.975268	41.851662	41.764980	-0.000016	-0.000016	28.789711	29.478928	14.064591	232.804733	11287.369141	1893.702393	13989.530273
2008	01	0.102690	-13.381891	42.042805	41.940113	-0.000016	-0.000016	28.558224	29.699202	16.421030	275.794495	11287.730469	1893.125244	13988.135742
2008	01	0.102094	-13.300258	41.899254	41.797161	-0.000016	-0.000016	28.496902	27.988390	12.615270	274.195587	11288.092773	1892.539917	13986.732422
2008	01	0.092208	-13.741892	42.244762	42.152557	-0.000016	-0.000016	28.410664	18.690413	14.382865	247.643280	11288.452148	1891.956177	13985.334961
2008	01	0.110467	-13.240802	41.017075	40.906605	-0.000015	-0.000015	27.665806	21.951572	17.944790	296.681061	11288.809570	1891.365479	13983.938477
2008	01	0.094739	-13.299580	40.305668	40.210930	-0.000015	-0.000015	26.911350	21.407328	13.862758	254.441223	11289.154297	1890.794434	13982.595703
2008	01	0.087667	-11.408190	37.244144	37.156475	-0.000014	-0.000014	25.748287	54.420353	13.678846	235.447861	11289.494141	1890.232178	13981.273438
2008	01	0.062114	-8.953459	29.552530	29.490417	-0.000011	-0.000011	20.536957	64.525429	8.437653	166.819870	11289.792969	1889.754395	13980.158203
2008	01	0.077743	-9.593967	29.832882	29.755140	-0.000011	-0.000011	20.161173	48.624111	6.663699	208.794159	11290.050781	1889.307617	13979.173828
2008	01	0.074945	-10.682180	32.663479	32.588535	-0.000012	-0.000012	21.906355	32.525299	9.295373	201.279572	11290.321289	1888.828125	13978.117188
2008	01	0.042389	-12.167774	35.570797	35.528408	-0.000013	-0.000013	23.360632	16.253788	11.785731	113.843758	11290.607422	1888.319214	13976.983398
2008	01	0.068691	-11.659925	35.483932	35.415241	-0.000013	-0.000013	23.755316	33.103233	9.837106	184.484741	11290.908203	1887.788940	13975.789062
2008	01	0.055073	-11.832713	35.730450	35.675377	-0.000013	-0.000013	23.842663	29.580742	7.681802	147.908813	11291.208008	1887.273438	13974.612305
2008	01	0.095240	-12.319394	37.061634	36.966393	-0.000014	-0.000014	24.646999	17.410261	6.190765	255.788055	11291.513672	1886.746704	13973.405273
2008	01	0.105400	-12.937406	38.927193	38.821789	-0.000014	-0.000014	25.884382	45.907223	9.731983	283.074463	11291.831055	1886.197266	13972.140625
2008	01	0.090156	-11.224492	35.733742	35.643585	-0.000013	-0.000013	24.419094	47.884350	5.119522	242.133163	11292.146484	1885.680420	13970.917969
2008	01	0.033895	-12.529129	37.366791	37.332897	-0.000014	-0.000014	24.803766	22.099915	4.529542	91.031853	11292.450195	1885.177490	13969.732422
2008	01	0.125964	-15.188778	44.029545	43.903587	-0.000016	-0.000016	28.714808	2.738452	9.353737	338.303589	11292.781250	1884.589722	13968.376953
2008	01	0.126603	-12.427859	46.884163	46.757557	-0.000017	-0.000017	34.329700	36.192032	38.999222	340.018219	11293.158203	1884.011353	13966.888672
2008	01	0.110906	-10.729729	42.400066	42.289162	-0.000016	-0.000016	31.559435	49.947430	23.911819	297.860840	11293.556641	1883.514038	13965.424805
2008	01	0.102511	-9.361216	37.684132	37.581619	-0.000014	-0.000014	28.220406	64.565453	18.527393	275.315674	11293.918945	1883.054077	13964.101562
2008	02	0.080514	-8.691628	33.242699	33.162182	-0.000013	-0.000013	24.470554	52.744236	11.780549	231.151077	11294.244141	1882.618774	13962.903320
2008	02	0.085815	-9.313235	34.404865	34.319050	-0.000014	-0.000014	25.005816	39.332664	15.568190	246.369293	11294.562500	1882.173584	13961.706055
2008	02	0.102594	-9.129079	33.642776	33.540180	-0.000013	-0.000013	24.411102	47.243130	14.100224	294.541718	11294.880859	1881.719360	13960.500000
2008	02	0.117828	-9.668694	34.006969	33.889141	-0.000014	-0.000014	24.220446	37.750145	12.764318	338.275940	11295.191406	1881.262451	13959.309570
2008	02	0.098068	-9.496076	41.319313	41.221245	-0.000016	-0.000016	31.725166	49.319817	33.962681	281.547729	11295.524414	1880.785034	13958.012695
2008	02	0.099310	-8.272388	41.802998	41.703686	-0.000017	-0.000017	33.431297	42.749916	27.689198	285.112366	11295.941406	1880.356201	13956.513672
2008	02	0.100493	-8.529655	41.514004	41.413513	-0.000017	-0.000017	32.883862	41.790588	20.453506	288.507690	11296.342773	1879.938965	13955.066406
2008	02	0.097061	-9.014421	42.017048	41.919983	-0.000017	-0.000017	32.905567	36.444351	21.916437	278.656799	11296.738281	1879.509155	13953.610352
2008	02	0.103819	-9.703168	43.476505	43.372688	-0.000017	-0.000017	33.669521	34.735901	22.418159	298.058472	11297.134766	1879.063965	13952.124023
2008	02	0.087069	-11.301283	46.569622	46.482552	-0.000019	-0.000019	35.181271	13.564176	23.552860	249.969376	11297.539062	1878.587769	13950.570312
2008	02	0.085211	-12.219149	49.204597	49.119385	-0.000020	-0.000020	36.900238	10.333088	28.085356	244.633682	11297.961914	1878.068604	13948.902344
2008	02	0.086637	-12.057786	48.493397	48.406761	-0.000019	-0.000019	36.348972	18.801929	29.594147	248.727737	11298.389648	1877.538818	13947.205078
2008	02	0.095675	-11.288449	45.997066	45.901386	-0.000018	-0.000018	34.612942	35.002972	21.087477	274.676758	11298.796875	1877.026733	13945.575195
2008	02	0.096721	-11.550451	45.304585	45.207863	-0.000018	-0.000018	33.657413	31.162657	26.588062	277.679749	11299.188477	1876.518677	13943.986328
2008	02	0.145191	-10.779954	42.466187	42.320999	-0.000017	-0.000017	31.541044	46.422340	19.571737	416.834595	11299.559570	1876.009888	13942.447266
2008	02	0.123047	-8.638361	40.015865	39.892822	-0.000016	-0.000016	31.254459	53.036484	43.447021	353.258362	11299.899414	1875.552246	13941.033203
2008	02	0.137573	-8.862094	45.627872	45.490299	-0.000018	-0.000018	36.628204	51.880527	44.440311	394.963104	11300.268555	1875.136475	13939.541016
2008	02	0.113580	-9.385433	44.727909	44.614326	-0.000018	-0.000018	35.228893	41.026237	32.060947	326.081085	11300.651367	1874.703125	13937.977539
2008	02	0.105733	-9.624422	44.312950	44.207218	-0.000018	-0.000018	34.582794	42.892910	28.378531	303.552277	11301.017578	1874.261108	13936.437500
2008	02	0.111311	-10.006481	44.715801	44.604492	-0.000018	-0.000018	34.598011	47.714554	30.408051	319.565918	11301.378906	1873.803711	13934.881836
2008	02	0.110369	-9.802397	42.967621	42.857254	-0.000017	-0.000017	33.054855	57.138359	27.360199	316.861511	11301.726562	1873.348389	13933.362305
2008	02	0.127980	-9.630992	41.152325	41.024338	-0.000016	-0.000016	31.393351	58.642548	22.816069	367.422272	11302.056641	1872.892822	13931.891602
2008	02	0.163373	-9.662273	40.500099	40.336727	-0.000016	-0.000016	30.674452	66.914543	21.117079	469.033112	11302.367188	1872.443726	13930.477539
2008	02	0.112288	-9.702572	40.229534	40.117249	-0.000016	-0.000016	30.414675	61.882370	19.041586	322.369843	11302.669922	1871.998047	13929.084961
2008	02	0.115340	-10.081861	40.147770	40.032429	-0.000016	-0.000016	29.950565	60.305637	17.197857	331.133514	11302.965820	1871.555542	13927.712891
2008	02	0.089650	-9.943011	39.682022	39.592373	-0.000016	-0.000016	29.649363	70.915352	13.471879	257.380157	11303.258789	1871.090698	13926.311523
2008	02	0.067303	-10.302710	39.122578	39.055275	-0.000016	-0.000016	28.752567	58.295597	13.340986	193.223206	11303.538086	1870.643433	13924.970703
2008	02	0.056052	-11.445071	40.769218	40.713169	-0.000016	-0.000016	29.268097	38.585243	11.321877	160.920792	11303.812500	1870.167969	13923.598633
2008	03	0.058549	-13.223401	46.337585	46.279034	-0.000017	-0.000017	33.055634	49.849434	11.348415	157.246689	11304.094727	1869.657104	13922.143555
2008	03	0.095642	-12.062348	44.017513	43.921871	-0.000016	-0.000016	31.859522	69.718491	8.919316	256.865570	11304.371094	1869.152588	13920.690430
2008	03	0.118453	-11.059602	41.225101	41.106651	-0.000015	-0.000015	30.047049	78.027260	7.750018	318.129730	11304.630859	1868.669067	13919.304688
2008	03	0.061825	-9.646955	37.750710	37.688885	-0.000014	-0.000014	28.041931	90.363411	5.330126	166.043030	11304.870117	1868.226440	13918.030273
2008	03	0.058421	-10.503994	38.280487	38.222069	-0.000014	-0.000014	27.718075	70.309380	8.121635	156.902634	11305.093750	1867.802612	13916.821289
2008	03	0.038835	-10.366041	37.647118	37.608284	-0.000014	-0.000014	27.242243	85.132347	8.832426	104.298370	11305.316406	1867.354370	13915.579102
2008	03	0.038105	-8.758260	33.703724	33.665619	-0.000013	-0.000013	24.907358	103.418594	5.721538	102.339424	11305.522461	1866.929932	13914.412109
2008	03	0.049001	-8.631619	32.190163	32.141159	-0.000012	-0.000012	23.509541	90.311874	5.681170	131.602051	11305.708984	1866.540283	13913.353516
2008	03	0.027738	-9.786324	34.257011	34.229275	-0.000013	-0.000013	24.442949	64.797615	5.581160	74.496109	11305.892578	1866.135986	13912.285156
2008	03	0.024272	-9.356284	33.873970	33.849701	-0.000013	-0.000013	24.493418	71.884476	4.967943	65.186218	11306.080078	1865.712891	13911.164062
2008	03	0.050758	-10.392127	36.200451	36.149693	-0.000013	-0.000013	25.757568	68.801605	4.710080	136.321304	11306.265625	1865.292114	13910.046875
2008	03	0.047539	-11.470595	38.783405	38.735867	-0.000014	-0.000014	27.265270	63.080204	6.528176	127.676537	11306.460938	1864.840088	13908.839844
2008	03	0.035369	-10.953651	37.804176	37.768810	-0.000014	-0.000014	26.815159	84.141312	6.755620	94.991119	11306.657227	1864.379028	13907.598633
2008	03	0.086959	-10.229646	35.777454	35.690498	-0.000013	-0.000013	25.460852	96.377678	5.597738	233.545761	11306.840820	1863.935669	13906.415039
2008	03	0.085921	-11.105189	36.761810	36.675888	-0.000014	-0.000014	25.570700	92.474586	6.797054	230.759003	11307.013672	1863.486572	13905.245117
2008	03	0.038732	-9.566523	33.601589	33.562859	-0.000013	-0.000013	23.996332	110.864525	4.733068	104.023506	11307.176758	1863.045410	13904.098633
2008	03	0.146259	-7.561042	31.720598	31.574339	-0.000012	-0.000012	24.013296	117.619217	18.249348	392.808289	11307.333008	1862.650024	13903.048828
2008	03	0.151444	-7.094430	38.813187	38.661743	-0.000014	-0.000014	31.567316	72.318817	52.812988	406.733429	11307.532227	1862.299194	13901.918945
2008	03	0.088489	-8.077559	39.920391	39.831902	-0.000015	-0.000015	31.754341	77.760971	47.004265	237.655151	11307.769531	1861.939209	13900.625000
2008	03	0.072270	-9.557731	41.854866	41.782593	-0.000016	-0.000016	32.224861	61.695934	31.214422	194.095261	11307.991211	1861.547729	13899.318359
2008	03	0.050829	-9.892612	41.101788	41.050957	-0.000015	-0.000015	31.158346	79.298050	26.697187	136.510864	11308.210938	1861.130737	13897.963867
2008	03	0.057882	-10.526229	41.353439	41.295555	-0.000015	-0.000015	30.769329	80.657021	15.815529	155.454468	11308.409180	1860.704468	13896.653320
2008	03	0.051319	-10.533081	40.631664	40.580345	-0.000015	-0.000015	30.047264	97.243713	14.541184	137.829147	11308.602539	1860.260254	13895.311523
2008	03	0.025409	-10.012909	37.638004	37.612595	-0.000014	-0.000014	27.599686	86.610741	10.479563	68.241829	11308.773438	1859.831543	13894.058594
2008	03	0.038055	-10.953137	39.381874	39.343819	-0.000015	-0.000015	28.390682	77.508606	8.732137	102.204247	11308.932617	1859.400635	13892.836914
2008	03	0.034716	-10.809494	38.821358	38.786640	-0.000014	-0.000014	27.977148	101.049637	9.821763	93.237541	11309.092773	1858.955200	13891.571289
2008	03	0.044531	-11.504886	39.614212	39.569679	-0.000015	-0.000015	28.064795	103.739746	8.194377	119.597832	11309.242188	1858.499512	13890.317383
2008	03	0.044538	-10.307866	36.936996	36.892460	-0.000014	-0.000014	26.584591	112.536911	6.380356	119.616096	11309.380859	1858.056396	13889.091797
2008	03	0.052418	-10.086517	36.005348	35.952930	-0.000013	-0.000013	25.866413	115.770615	6.021673	140.779510	11309.508789	1857.628784	13887.920898
2008	03	0.107246	-9.847156	35.032433	34.925186	-0.000013	-0.000013	25.078030	118.797607	5.636415	288.032349	11309.628906	1857.201660	13886.767578
2008	03	0.096957	-9.290780	33.800510	33.703556	-0.000013	-0.000013	24.412775	128.797073	6.474091	260.399261	11309.742188	1856.789551	13885.661133
2008	04	0.050639	-8.586611	30.848463	30.797823	-0.000012	-0.000012	22.211210	121.075706	5.689897	140.535736	11309.848633	1856.393921	13884.606445
2008	04	0.037767	-8.810270	30.662693	30.624928	-0.000012	-0.000012	21.814657	98.679031	4.765439	104.811394	11309.943359	1856.002075	13883.583984
2008	04	0.047173	-9.236605	31.190239	31.143066	-0.000012	-0.000012	21.906462	80.922371	4.434166	130.915771	11310.035156	1855.598999	13882.552734
2008	04	0.076230	-9.548349	31.907011	31.830782	-0.000012	-0.000012	22.282431	95.096848	5.138706	211.555710	11310.125000	1855.182007	13881.500000
2008	04	0.060390	-9.573661	32.047359	31.986969	-0.000012	-0.000012	22.413307	97.123711	4.626068	167.595428	11310.210938	1854.768677	13880.447266
2008	04	0.044169	-9.975287	32.864979	32.820808	-0.000013	-0.000013	22.845522	101.319366	5.376197	122.579514	11310.295898	1854.345703	13879.368164
2008	04	0.056595	-9.708528	32.192688	32.136093	-0.000012	-0.000012	22.427563	102.268456	4.479010	157.065277	11310.375977	1853.920410	13878.290039
2008	04	0.080964	-9.293883	31.415775	31.334812	-0.000012	-0.000012	22.040930	111.863991	3.956605	224.692780	11310.451172	1853.502808	13877.230469
2008	04	0.083496	-9.201310	31.087570	31.004072	-0.000012	-0.000012	21.802763	119.202293	4.030796	231.722137	11310.522461	1853.093750	13876.193359
2008	04	0.046685	-7.852879	27.997620	27.950937	-0.000011	-0.000011	20.098057	139.769623	3.541193	129.563141	11310.586914	1852.699219	13875.194336
2008	04	0.055477	-7.425805	26.186087	26.130610	-0.000010	-0.000010	18.704805	130.749069	3.187957	153.962387	11310.642578	1852.342407	13874.303711
2008	04	0.043784	-8.431381	27.988365	27.944584	-0.000011	-0.000011	19.513201	116.552475	3.853212	121.510063	11310.697266	1851.970093	13873.397461
2008	04	0.028386	-8.822106	28.832165	28.803780	-0.000011	-0.000011	19.981670	104.562225	3.610597	78.776436	11310.750977	1851.583008	13872.455078
2008	04	0.020355	-10.342842	31.947292	31.926937	-0.000012	-0.000012	21.584095	80.364563	3.480239	56.490479	11310.805664	1851.172485	13871.458984
2008	04	0.026693	-11.759877	35.381355	35.354660	-0.000014	-0.000014	23.594784	88.781395	4.936408	74.079422	11310.861328	1850.718018	13870.346680
2008	04	0.061766	-10.790689	34.016651	33.954884	-0.000013	-0.000013	23.164194	108.039459	3.843804	171.416153	11310.915039	1850.252441	13869.193359
2008	04	0.054145	-9.052718	30.890354	30.836208	-0.000012	-0.000012	21.783491	145.836746	2.846514	150.264801	11310.960938	1849.820312	13868.107422
2008	04	0.044816	-7.991180	27.785858	27.741043	-0.000011	-0.000011	19.749863	136.681244	2.611893	124.375008	11310.999023	1849.447021	13867.157227
2008	04	0.031037	-9.311170	29.751680	29.720642	-0.000011	-0.000011	20.409473	109.950630	3.275712	86.133553	11311.035156	1849.061523	13866.208984
2008	04	0.049272	-9.834923	31.446062	31.396790	-0.000012	-0.000012	21.561867	127.116180	3.461786	136.741730	11311.070312	1848.638550	13865.178711
2008	04	0.060306	-8.273533	28.428846	28.368542	-0.000011	-0.000011	20.095009	151.624039	2.068899	167.362137	11311.101562	1848.232056	13864.171875
2008	04	0.073593	-7.540960	26.343290	26.269699	-0.000010	-0.000010	18.728739	144.171967	2.480220	204.237900	11311.126953	1847.869263	13863.272461
2008	04	0.072453	-8.172381	27.440828	27.368374	-0.000011	-0.000011	19.195993	137.363419	2.886579	201.073456	11311.150391	1847.500244	13862.374023
2008	04	0.062183	-8.277748	27.697720	27.635536	-0.000011	-0.000011	19.357788	138.120102	2.903649	172.572678	11311.171875	1847.121338	13861.453125
2008	04	0.058003	-8.522308	28.129889	28.071886	-0.000011	-0.000011	19.549576	131.450195	2.745457	160.972626	11311.191406	1846.742065	13860.529297
2008	04	0.061574	-9.614762	30.264376	30.202803	-0.000012	-0.000012	20.588041	119.520668	3.223171	170.881149	11311.208984	1846.343262	13859.564453
2008	04	0.037598	-10.507401	31.995251	31.957655	-0.000012	-0.000012	21.450253	108.566910	3.454798	104.343788	11311.224609	1845.922241	13858.544922
2008	04	0.032692	-11.300299	34.191998	34.159306	-0.000013	-0.000013	22.859003	94.492416	2.511289	90.728775	11311.237305	1845.477051	13857.464844
2008	04	0.062514	-11.839317	35.924580	35.862064	-0.000014	-0.000014	24.022749	91.925537	2.734412	173.491531	11311.246094	1845.009888	13856.311523
2008	04	0.071113	-11.300147	35.008884	34.937771	-0.000013	-0.000013	23.637629	93.909416	3.158223	197.355591	11311.250000	1844.541626	13855.136719
2008	05	0.125690	-10.106133	37.215714	37.090027	-0.000014	-0.000014	26.983892	130.962830	20.256380	337.565613	11311.306641	1844.093994	13853.949219
2008	05	0.076262	-8.538051	29.012487	28.936224	-0.000011	-0.000011	20.398172	141.766861	5.856495	204.818649	11311.344727	1843.703125	13852.916016
2008	05	0.054498	-8.901619	29.375000	29.320501	-0.000011	-0.000011	20.418882	128.723129	4.104381	146.366196	11311.338867	1843.323242	13851.982422
2008	05	0.030012	-9.892850	31.159670	31.129658	-0.000012	-0.000012	21.236807	109.619087	3.361826	80.602875	11311.332031	1842.927246	13851.019531
2008	05	0.061093	-9.844066	31.608522	31.547430	-0.000012	-0.000012	21.703365	131.236893	3.348001	164.078217	11311.321289	1842.509155	13850.000977
2008	05	0.093915	-9.196554	30.232700	30.138784	-0.000011	-0.000011	20.942230	141.054001	2.671481	252.228500	11311.306641	1842.104492	13849.007812
2008	05	0.077555	-9.030152	29.811646	29.734091	-0.000011	-0.000011	20.703939	116.854340	1.862862	208.289490	11311.290039	1841.713257	13848.049805
2008	05	0.081150	-9.348080	30.150105	30.068954	-0.000011	-0.000011	20.720875	139.518921	2.843546	217.944702	11311.270508	1841.316284	13847.082031
2008	05	0.096957	-8.768928	29.007732	28.910774	-0.000011	-0.000011	20.141848	143.240555	2.369897	260.398193	11311.248047	1840.924438	13846.132812
2008	05	0.075765	-8.790063	28.805012	28.729248	-0.000011	-0.000011	19.939184	142.428879	2.330029	203.482117	11311.224609	1840.542847	13845.208008
2008	05	0.068811	-8.847858	28.943855	28.875044	-0.000011	-0.000011	20.027185	124.334122	1.976842	184.807434	11311.199219	1840.159546	13844.284180
2008	05	0.068148	-9.636332	30.412142	30.343994	-0.000011	-0.000011	20.707663	124.851723	2.545773	183.026077	11311.169922	1839.766724	13843.333984
2008	05	0.084782	-9.861288	31.230646	31.145864	-0.000012	-0.000012	21.284578	150.772614	2.772521	227.699234	11311.136719	1839.348389	13842.329102
2008	05	0.084833	-8.252335	27.894077	27.809244	-0.000010	-0.000010	19.556911	151.861069	1.565439	227.835724	11311.101562	1838.960938	13841.386719
2008	05	0.058743	-9.222400	29.306211	29.247471	-0.000011	-0.000011	20.025070	140.316711	2.489742	157.766098	11311.065430	1838.584839	13840.479492
2008	05	0.054033	-9.666923	30.205042	30.151009	-0.000011	-0.000011	20.484087	125.094391	2.361216	145.116104	11311.026367	1838.188965	13839.532227
2008	05	0.050626	-10.560190	32.199100	32.148476	-0.000012	-0.000012	21.588285	123.510597	2.399014	135.966354	11310.982422	1837.772583	13838.537109
2008	05	0.055266	-12.293392	35.752136	35.696869	-0.000013	-0.000013	23.403481	115.387711	2.653302	148.427933	11310.931641	1837.329834	13837.473633
2008	05	0.043964	-12.464225	36.629559	36.585594	-0.000014	-0.000014	24.121368	112.522186	2.538387	118.074905	11310.873047	1836.860229	13836.333008
2008	05	0.060191	-11.912209	35.899227	35.839035	-0.000013	-0.000013	23.926828	112.269882	2.213106	161.655396	11310.809570	1836.388306	13835.177734
2008	05	0.077170	-11.031681	34.133823	34.056656	-0.000013	-0.000013	23.024973	125.396301	2.117655	207.254944	11310.743164	1835.938110	13834.072266
2008	05	0.128974	-8.886736	30.194654	30.065681	-0.000011	-0.000011	21.178946	167.333221	0.364828	346.386566	11310.677734	1835.517578	13833.032227
2008	05	0.285766	-6.800220	32.399368	32.113602	-0.000012	-0.000012	25.313381	145.713303	40.586830	767.485046	11310.655273	1835.149658	13832.075195
2008	05	0.256447	-6.116216	36.286861	36.030415	-0.000013	-0.000013	29.914198	138.598679	56.626228	688.742737	11310.879883	1834.818848	13830.909180
2008	05	0.245954	-5.942240	32.739532	32.493580	-0.000012	-0.000012	26.551338	117.886894	57.143105	660.561768	11311.038086	1834.499268	13829.796875
2008	05	0.202946	-6.501448	34.918236	34.715286	-0.000013	-0.000013	28.213840	121.444000	46.415569	545.053711	11311.092773	1834.175415	13828.684570
2008	05	0.161459	-6.760808	31.627586	31.466127	-0.000012	-0.000012	24.705320	146.412506	27.941511	433.631073	11311.125000	1833.844360	13827.587891
2008	05	0.131691	-7.322766	29.856726	29.725035	-0.000011	-0.000011	22.402269	134.908615	12.799958	353.683350	11311.114258	1833.508789	13826.604492
2008	05	0.098903	-8.331976	29.878870	29.779966	-0.000011	-0.000011	21.447990	134.080154	10.936952	265.623779	11311.076172	1833.151611	13825.630859
2008	05	0.078252	-8.648898	29.294025	29.215773	-0.000011	-0.000011	20.566874	135.132904	7.574489	210.160980	11311.009766	1832.778931	13824.681641
2008	05	0.080833	-8.710517	29.513660	29.432827	-0.000011	-0.000011	20.722309	135.299026	5.463381	217.094620	11310.931641	1832.402588	13823.739258
2008	06	0.068969	-8.662979	28.890120	28.821152	-0.000011	-0.000011	20.158173	134.180588	5.153744	191.403763	11310.849609	1832.023926	13822.790039
2008	06	0.063820	-9.329641	29.875660	29.811840	-0.000012	-0.000012	20.482201	114.680672	4.521275	177.114624	11310.763672	1831.633057	13821.822266
2008	06	0.048512	-9.453559	30.054010	30.005497	-0.000012	-0.000012	20.551939	117.383614	4.185443	134.632950	11310.671875	1831.232422	13820.835938
2008	06	0.050127	-9.074986	29.317989	29.267862	-0.000011	-0.000011	20.192877	126.203911	3.664050	139.114960	11310.578125	1830.833374	13819.854492
2008	06	0.134643	-7.914749	26.983635	26.848993	-0.000010	-0.000010	18.934242	143.449554	2.816053	373.665436	11310.485352	1830.448486	13818.911133
2008	06	1.198297	-6.282269	45.509560	44.311260	-0.000017	-0.000017	38.028992	82.720070	75.365585	3325.553711	11310.446289	1830.095093	13817.855469
2008	06	7.267446	-3.529978	56.232773	48.965324	-0.000019	-0.000019	45.435349	55.081581	104.740463	20168.861328	11310.481445	1829.801392	13816.143555
2008	06	16.542643	2.043321	53.624615	37.081970	-0.000014	-0.000014	39.125294	67.070312	99.110649	45909.703125	11310.459961	1829.636963	13814.645508
2008	06	20.349804	4.534194	50.042248	29.692446	-0.000011	-0.000011	34.226639	87.804504	53.796864	56475.468750	11310.390625	1829.656128	13813.570312
2008	06	23.497906	5.342441	51.167755	27.669847	-0.000011	-0.000011	33.012291	90.085999	47.204163	65212.183594	11310.299805	1829.737915	13812.625000
2008	06	25.975533	5.694932	51.054020	25.078484	-0.000010	-0.000010	30.773417	94.789589	41.511276	72088.179688	11310.182617	1829.813110	13811.729492
2008	06	30.149963	8.342809	49.427334	19.277374	-0.000007	-0.000007	27.620182	109.487038	34.659184	83673.195312	11310.039062	1829.971680	13811.008789
2008	06	25.322792	4.926733	46.097244	20.774448	-0.000008	-0.000008	25.701181	112.626701	27.542641	70276.671875	11309.888672	1830.195923	13810.452148
2008	06	34.379486	10.685340	48.784977	14.405492	-0.000006	-0.000006	25.090832	103.398582	32.641895	95411.109375	11309.738281	1830.396484	13809.905273
2008	06	32.994480	8.095721	49.354988	16.360504	-0.000006	-0.000006	24.456226	94.839775	32.648987	91567.398438	11309.580078	1830.651367	13809.435547
2008	06	30.448996	5.133158	49.942257	19.493258	-0.000008	-0.000008	24.626415	97.853264	29.221598	84503.078125	11309.411133	1830.901489	13808.967773
2008	06	43.758160	14.651003	53.266506	9.508346	-0.000004	-0.000004	24.159349	98.611397	35.876934	121439.117188	11309.237305	1831.196777	13808.545898
2008	06	45.705051	15.952533	53.227787	7.522737	-0.000003	-0.000003	23.475271	107.982933	32.961498	126842.195312	11309.065430	1831.773438	13808.427734
2008	06	34.572693	7.227538	49.922939	15.350245	-0.000006	-0.000006	22.577784	108.155212	28.027931	95947.304688	11308.896484	1832.163086	13808.151367
2008	06	41.805214	11.832026	52.272686	10.467471	-0.000004	-0.000004	22.299498	101.947479	31.321581	116019.242188	11308.728516	1832.480469	13807.822266
2008	06	42.893951	11.273783	54.092953	11.199000	-0.000004	-0.000004	22.472784	96.464455	34.271832	119040.742188	11308.557617	1832.971069	13807.666992
2008	06	43.467377	10.398197	55.577347	12.109969	-0.000005	-0.000005	22.508167	95.184387	36.022060	120632.140625	11308.382812	1833.360962	13807.405273
2008	06	57.186096	19.461077	59.869400	2.683303	-0.000001	-0.000001	22.144381	81.247513	45.722912	158704.796875	11308.205078	1833.880249	13807.278320
2008	06	39.643074	4.021852	57.652714	18.009638	-0.000007	-0.000007	22.031490	102.744820	41.331379	110018.796875	11308.026367	1834.361084	13807.123047
2008	06	43.443100	10.224419	53.315811	9.872711	-0.000004	-0.000004	20.097130	112.124550	33.998844	120564.757812	11307.853516	1834.676025	13806.833984
2008	06	52.053349	17.140608	53.574440	1.521091	-0.000001	-0.000001	18.661697	112.701492	36.245094	144460.218750	11307.694336	1835.131836	13806.745117
2008	06	69.024109	30.292728	56.196358	-12.827755	0.000005	0.000005	17.464973	114.337265	40.727577	191558.046875	11307.544922	1836.098389	13807.210938
2008	06	60.838661	24.650276	52.562069	-8.276596	0.000003	0.000003	16.373680	115.086121	35.465252	168841.515625	11307.404297	1837.123657	13807.774414
2008	06	43.408039	10.913626	48.349285	4.941249	-0.000002	-0.000002	15.854875	113.526810	31.371552	120467.453125	11307.270508	1837.624512	13807.840820
2008	06	42.275394	8.886393	49.104214	6.828821	-0.000003	-0.000003	15.715214	95.453247	37.028496	117324.109375	11307.137695	1837.990723	13807.782227
2008	07	68.509918	25.193188	59.815659	-8.694266	0.000003	0.000003	16.498922	95.044861	47.784607	183997.796875	11307.002930	1838.536743	13807.897461
2008	07	79.161766	34.837200	59.647701	-19.514069	0.000007	0.000007	15.323132	99.330666	50.040241	212605.578125	11306.872070	1839.668579	13808.617188
2008	07	101.759460	52.765953	63.033741	-38.725723	0.000014	0.000014	14.040235	80.666580	53.429768	273296.406250	11306.751953	1840.876343	13809.449219
2008	07	115.220459	65.151772	62.640072	-52.580391	0.000020	0.000020	12.571385	66.676361	53.581615	309448.750000	11306.646484	1843.027344	13811.276367
2008	07	80.449738	38.027470	54.532345	-25.917397	0.000010	0.000010	12.110075	85.934753	43.583008	216064.687500	11306.549805	1844.690063	13812.643555
2008	07	102.863228	55.622833	66.669724	-36.193508	0.000014	0.000014	19.429327	66.163834	73.814186	276260.812500	11306.525391	1846.092163	13813.651367
2008	07	84.866600	42.142254	55.269592	-29.597012	0.000011	0.000011	12.545242	69.585579	53.878273	227927.093750	11306.542969	1847.753052	13814.875000
2008	07	153.788040	94.769264	90.132767	-63.655281	0.000024	0.000024	31.113979	22.371254	135.775146	413030.093750	11306.538086	1849.435059	13816.023438
2008	07	152.211533	91.896713	88.345818	-63.865726	0.000024	0.000024	28.030989	22.984594	114.295723	408796.093750	11306.537109	1852.572266	13818.232422
2008	07	139.495697	82.058517	82.325172	-57.170532	0.000021	0.000021	24.887989	65.983910	110.376007	374645.031250	11306.473633	1855.416016	13820.367188
2008	07	187.618561	121.067535	115.574318	-72.044235	0.000027	0.000027	49.023304	39.146538	150.826614	503889.062500	11306.419922	1858.567383	13822.470703
2008	07	199.501633	130.193115	117.933144	-81.568489	0.000030	0.000030	48.624622	-1.229433	141.192642	535803.562500	11306.288086	1862.587524	13824.919922
2008	07	195.486450	127.641602	118.118942	-77.367508	0.000029	0.000029	50.274090	5.140254	138.772888	525019.937500	11306.128906	1866.514160	13827.380859
2008	07	196.515305	127.341614	117.189346	-79.325943	0.000030	0.000030	48.015675	11.981179	143.646027	527783.062500	11305.954102	1870.772949	13830.135742
2008	07	164.145798	104.173042	109.248322	-54.897465	0.000020	0.000020	49.275574	19.514799	150.511047	440848.000000	11305.773438	1874.874146	13832.797852
2008	07	152.946548	94.694916	104.827477	-48.119068	0.000018	0.000018	46.575844	28.344398	159.571579	410770.093750	11305.583984	1877.978394	13834.442383
2008	07	131.014740	77.299377	98.094711	-32.920036	0.000012	0.000012	44.379345	29.210676	147.623993	351867.656250	11305.394531	1880.978516	13836.084961
2008	07	139.605179	84.467751	96.354721	-43.250462	0.000016	0.000016	41.217281	23.181704	138.662979	374939.062500	11305.203125	1883.506836	13837.336914
2008	07	108.782173	60.756794	86.643112	-22.139059	0.000008	0.000008	38.617733	37.904228	124.181213	292157.375000	11305.008789	1886.009521	13838.658203
2008	07	107.036179	59.227924	82.215027	-24.821159	0.000009	0.000009	34.406765	54.425789	104.524231	287468.156250	11304.798828	1887.925049	13839.498047
2008	07	141.889481	85.504440	88.452316	-53.437160	0.000020	0.000020	32.067280	58.091949	97.343460	381074.031250	11304.570312	1889.992188	13840.599609
2008	07	159.262085	99.833405	99.008217	-60.253872	0.000022	0.000022	39.579533	29.189745	148.884216	427731.812500	11304.357422	1892.655029	13842.220703
2008	07	181.096710	116.251442	111.662148	-69.434563	0.000026	0.000026	46.816883	17.703596	152.882050	486373.250000	11304.164062	1896.032349	13844.338867
2008	07	144.795547	88.356888	103.556595	-41.238956	0.000015	0.000015	47.117928	23.771320	161.114410	388878.843750	11303.932617	1899.713013	13846.553711
2008	07	120.727219	70.332054	92.307190	-28.420023	0.000011	0.000011	41.912033	15.952142	141.565674	324238.281250	11303.702148	1902.364014	13847.871094
2008	07	102.228043	57.172413	82.760948	-19.467087	0.000007	0.000007	37.705326	37.881824	129.302216	274554.875000	11303.482422	1904.522217	13848.865234
2008	07	84.962166	43.800438	75.235710	-9.726460	0.000004	0.000004	34.073975	55.099209	104.944077	228183.765625	11303.257812	1905.993164	13849.279297
2008	07	104.610550	58.799152	76.653183	-27.957367	0.000010	0.000010	30.841785	72.047112	87.363914	280953.625000	11303.021484	1907.528198	13849.874023
2008	07	108.510796	61.790779	75.392403	-33.118389	0.000012	0.000012	28.672384	85.258438	78.583321	291428.531250	11302.777344	1909.529053	13851.021484
2008	07	82.862015	42.353367	67.671501	-15.190507	0.000006	0.000006	27.162859	91.704285	62.395042	222543.343750	11302.529297	1911.207764	13851.905273
2008	07	77.892120	38.542450	65.363045	-12.529076	0.000005	0.000005	26.013376	92.909676	58.279350	209195.656250	11302.276367	1912.430786	13852.374023
2008	08	70.150139	32.237713	62.480145	-7.669999	0.000003	0.000003	24.567713	98.501572	52.456051	188402.953125	11302.015625	1913.593384	13852.823242
2008	08	44.310303	13.242180	54.235470	9.925167	-0.000004	-0.000004	23.167347	98.620621	40.432899	119004.632812	11301.752930	1914.174072	13852.741211
2008	08	64.599945	28.685268	58.508545	-6.091399	0.000002	0.000002	22.593868	97.572952	45.427959	173496.718750	11301.492188	1914.787598	13852.720703
2008	08	94.208595	50.673794	65.523308	-28.685282	0.000011	0.000011	21.988508	90.695137	55.861561	253016.984375	11301.228516	1915.932129	13853.248047
2008	08	100.897385	55.277664	67.077332	-33.820057	0.000013	0.000013	21.457609	84.911636	58.044773	270981.156250	11300.967773	1917.666138	13854.387695
2008	08	84.003899	41.761692	63.586502	-20.417395	0.000008	0.000008	21.344297	88.392159	53.208179	225610.125000	11300.709961	1919.162231	13855.298828
2008	08	75.725777	34.656754	62.224522	-13.501255	0.000005	0.000005	21.155499	84.630226	48.242516	203377.484375	11300.451172	1920.458618	13856.013672
2008	08	63.765823	27.380093	56.517944	-7.247883	0.000003	0.000003	20.132212	100.714485	38.791992	171256.531250	11300.198242	1921.409668	13856.404297
2008	08	60.808079	24.779211	55.589607	-5.218470	0.000002	0.000002	19.560740	101.900955	38.072285	163312.875000	11299.955078	1922.097778	13856.556641
2008	08	56.925007	22.512753	53.096214	-3.828793	0.000001	0.000001	18.683960	108.254395	34.303349	152884.078125	11299.720703	1922.829956	13856.777344
2008	08	61.780979	26.870533	52.790730	-8.990252	0.000003	0.000003	17.880281	112.410347	33.855289	165925.812500	11299.496094	1923.556519	13857.020508
2008	08	62.405426	27.569582	52.099972	-10.305456	0.000004	0.000004	17.264126	109.086212	35.000111	167602.890625	11299.280273	1924.334717	13857.337891
2008	08	109.590149	63.395496	62.543533	-47.046623	0.000018	0.000018	16.348875	39.544048	47.068672	294327.406250	11299.071289	1925.501465	13858.063477
2008	08	78.140862	38.909847	54.787815	-23.353048	0.000009	0.000009	15.556799	43.043091	36.934036	209863.718750	11298.876953	1927.299561	13859.456055
2008	08	91.326347	49.347103	57.051929	-34.274426	0.000013	0.000013	15.072674	65.973412	40.861904	245276.109375	11298.687500	1928.442871	13860.210938
2008	08	61.668953	25.831793	50.541618	-11.127339	0.000004	0.000004	14.704452	55.144779	32.247849	165624.937500	11298.503906	1929.862305	13861.254883
2008	08	51.765755	18.904022	46.888996	-4.876764	0.000002	0.000002	14.027259	43.788841	26.654539	139027.812500	11298.326172	1930.441040	13861.475586
2008	08	41.528545	11.346087	43.922142	2.393598	-0.000001	-0.000001	13.739685	105.944359	25.475985	111533.625000	11298.157227	1930.887085	13861.583984
2008	08	52.755085	21.700996	44.466709	-8.288379	0.000003	0.000003	13.412617	118.430634	26.629902	141684.859375	11297.989258	1931.317749	13861.681641
2008	08	51.722740	21.016943	43.785648	-7.937091	0.000003	0.000003	13.079850	115.499641	26.267633	138912.296875	11297.826172	1931.951416	13861.993164
2008	08	60.942619	28.527073	45.164261	-15.778359	0.000006	0.000006	12.748712	106.453758	30.337486	163674.218750	11297.666992	1932.581787	13862.313477
2008	08	45.873867	16.895878	41.503742	-4.370127	0.000002	0.000002	12.525750	110.782738	24.860050	123203.914062	11297.511719	1933.164551	13862.594727
2008	08	60.700069	28.027565	45.067200	-15.632870	0.000006	0.000006	12.394695	103.995193	29.380375	163022.796875	11297.358398	1933.764648	13862.899414
2008	08	56.012329	24.147467	44.108665	-11.903661	0.000004	0.000004	12.243807	102.205292	29.419531	150432.875000	11297.207031	1934.503540	13863.346680
2008	08	51.583637	20.320374	43.412880	-8.170754	0.000003	0.000003	12.149619	91.158401	29.875864	138538.687500	11297.057617	1935.084106	13863.639648
2008	08	97.280136	54.064739	55.159786	-42.120350	0.000016	0.000016	11.944391	56.683228	43.482262	261266.234375	11296.909180	1935.826538	13864.097656
2008	08	131.017166	79.882156	99.000267	-32.016891	0.000012	0.000012	47.865261	31.468149	144.757629	351874.125000	11296.754883	1937.720947	13865.175781
2008	08	103.361725	59.511524	88.679176	-14.682543	0.000005	0.000005	44.828979	38.009388	125.855125	277599.625000	11296.476562	1940.165039	13866.177734
2008	08	104.115768	59.811428	86.197624	-17.918140	0.000007	0.000007	41.893288	30.054070	124.327171	279624.750000	11296.186523	1942.051147	13866.772461
2008	08	131.717178	80.170700	90.364815	-41.352364	0.000015	0.000015	38.818340	1.160876	104.707733	353754.187500	11295.890625	1944.008545	13867.528320
2008	08	140.107605	86.015533	90.620071	-49.487537	0.000018	0.000018	36.527985	-5.309125	95.977821	376288.437500	11295.549805	1946.375854	13868.768555
2008	09	125.197968	75.665207	83.616028	-41.581940	0.000016	0.000016	34.083267	6.678188	111.653084	347453.656250	11295.198242	1949.130493	13870.483398
2008	09	131.030212	80.511253	81.300774	-49.729439	0.000019	0.000019	30.781818	1.381021	113.917747	363639.468750	11294.863281	1951.697632	13872.078125
2008	09	73.616394	37.293694	66.574051	-7.042343	0.000003	0.000003	30.251354	37.577793	97.812653	204302.687500	11294.542969	1953.925537	13873.422852
2008	09	72.236771	36.597305	63.859764	-8.377012	0.000003	0.000003	28.220291	34.906712	78.589203	200473.953125	11294.279297	1955.160767	13873.791992
2008	09	66.520859	32.367714	60.625813	-5.895048	0.000002	0.000002	26.472666	50.347359	72.057228	184610.937500	11294.014648	1956.150879	13873.976562
2008	09	61.441048	28.406944	58.486176	-2.954875	0.000001	0.000001	25.452070	58.673393	60.293480	170513.281250	11293.745117	1957.194336	13874.264648
2008	09	54.037632	23.043007	55.405968	1.368336	-0.000001	-0.000001	24.411345	62.790211	54.552135	149967.062500	11293.471680	1957.932617	13874.278320
2008	09	54.750301	23.484198	54.476364	-0.273935	0.000000	0.000000	23.210262	65.050896	51.896778	151944.890625	11293.195312	1958.586792	13874.242188
2008	09	51.550591	21.535522	51.710186	0.159594	-0.000000	-0.000000	21.695114	70.886581	47.546711	143064.937500	11292.919922	1959.182251	13874.198242
2008	09	66.296043	32.830654	54.137386	-12.158663	0.000005	0.000005	20.671989	72.499420	50.468128	183987.015625	11292.649414	1959.904053	13874.319336
2008	09	88.195930	48.887913	58.840244	-29.355692	0.000011	0.000011	19.532221	78.089653	55.534843	244764.328125	11292.378906	1961.084595	13874.934570
2008	09	65.116722	32.197598	51.376194	-13.740534	0.000005	0.000005	18.457066	87.329063	40.406296	180714.125000	11292.115234	1962.540161	13875.868164
2008	09	60.482594	28.562281	49.735256	-10.747336	0.000004	0.000004	17.814943	66.199364	37.528744	167853.343750	11291.856445	1963.403931	13876.232422
2008	09	37.720177	11.175179	44.077503	6.357328	-0.000002	-0.000002	17.532509	71.733345	33.113739	104682.304688	11291.604492	1964.053589	13876.403320
2008	09	83.834084	45.903290	55.147274	-28.686808	0.000011	0.000011	17.216482	28.118027	48.536312	232659.187500	11291.350586	1964.495605	13876.369141
2008	09	128.455292	79.449722	74.264076	-54.191219	0.000021	0.000021	25.258511	-16.528070	103.239655	356493.468750	11291.135742	1966.229004	13877.530273
2008	09	122.206879	76.664383	72.824120	-49.382751	0.000019	0.000019	27.281630	-2.595445	81.508499	339152.656250	11290.956055	1968.807373	13879.347656
2008	09	132.176910	83.658691	84.709991	-47.466919	0.000018	0.000018	36.191776	31.853529	97.969131	366821.843750	11290.704102	1971.409912	13880.953125
2008	09	118.589149	71.861191	82.193092	-36.396061	0.000014	0.000014	35.465130	13.558140	93.732162	329112.625000	11290.359375	1973.968628	13882.415039
2008	09	92.327690	52.055668	75.418610	-16.909079	0.000007	0.000007	35.146587	26.326099	92.992058	256230.937500	11290.012695	1976.211060	13883.610352
2008	09	109.372490	65.845749	74.743057	-34.629436	0.000013	0.000013	31.216312	30.403780	117.502045	303534.250000	11289.705078	1978.003906	13884.386719
2008	09	101.000748	60.594437	67.717682	-33.283062	0.000013	0.000013	27.311371	40.077881	103.415535	280300.656250	11289.394531	1980.074097	13885.601562
2008	09	91.543320	53.980488	62.498425	-29.044895	0.000011	0.000011	24.935595	44.851864	89.719971	254054.109375	11289.106445	1981.914673	13886.684570
2008	09	99.947350	60.261456	63.377209	-36.570141	0.000014	0.000014	23.691315	38.119236	80.489555	277377.250000	11288.836914	1983.621216	13887.694336
2008	09	83.509781	46.378704	61.702641	-21.807144	0.000008	0.000008	24.571564	33.192787	77.294411	231759.171875	11288.555664	1985.406250	13888.787109
2008	09	79.365471	42.256313	60.824429	-18.541037	0.000007	0.000007	23.715279	28.681023	69.595840	220257.718750	11288.289062	1986.832397	13889.516602
2008	09	100.022110	57.450657	64.196617	-35.825489	0.000014	0.000014	21.625168	9.219755	65.520203	277584.750000	11288.019531	1988.273438	13890.297852
2008	09	81.489677	44.000256	58.533455	-22.956217	0.000009	0.000009	21.044039	40.763023	56.690414	226152.890625	11287.734375	1989.996460	13891.427734
2008	09	80.913437	44.560928	56.083427	-24.830015	0.000010	0.000010	19.730915	46.890656	49.890804	224553.718750	11287.471680	1991.399536	13892.261719
2008	09	79.448090	42.643970	55.913830	-23.534262	0.000009	0.000009	19.109711	39.661537	49.866348	220487.031250	11287.213867	1992.729980	13893.051758
2008	10	64.969826	30.571579	53.731262	-11.238559	0.000004	0.000004	19.333021	36.953949	47.149990	174490.109375	11286.957031	1993.969971	13893.775391
2008	10	70.166725	34.459934	54.396446	-15.770279	0.000006	0.000006	18.689657	31.682312	45.682106	188447.484375	11286.707031	1994.932007	13894.229492
2008	10	62.532749	29.111187	51.235363	-11.297391	0.000004	0.000004	17.813797	62.895836	43.342167	167944.859375	11286.458008	1995.933105	13894.753906
2008	10	80.430840	44.762871	51.505600	-28.925238	0.000011	0.000011	15.837637	83.280960	38.879528	216013.921875	11286.213867	1996.888916	13895.272461
2008	10	97.821129	59.524330	52.179688	-45.641438	0.000017	0.000017	13.882894	87.089264	39.125443	262719.187500	11285.990234	1998.312622	13896.323242
2008	10	95.729065	58.741268	49.803150	-45.925911	0.000017	0.000017	12.815353	72.622063	35.654171	257100.531250	11285.761719	2000.053833	13897.745117
2008	10	79.426163	46.159454	45.911564	-33.514599	0.000013	0.000013	12.644855	79.409653	32.738552	213315.656250	11285.542969	2001.716431	13899.112305
2008	10	59.127308	29.941900	42.416145	-16.711164	0.000006	0.000006	13.230736	53.834755	30.350788	158798.812500	11285.332031	2002.913574	13900.006836
2008	10	63.323009	32.373890	44.627468	-18.695539	0.000007	0.000007	13.678350	45.517460	35.255173	170067.250000	11285.138672	2003.751343	13900.519531
2008	10	82.263344	46.632114	48.760273	-33.503067	0.000013	0.000013	13.129048	51.203148	36.799122	220935.484375	11284.935547	2004.696655	13901.132812
2008	10	113.239853	70.816895	54.403698	-58.836151	0.000022	0.000022	11.980742	31.898764	36.259033	304129.406250	11284.726562	2006.205811	13902.341797
2008	10	111.920067	70.954094	52.595196	-59.324871	0.000022	0.000022	11.629217	46.021721	42.806023	300584.875000	11284.519531	2008.406128	13904.283203
2008	10	41.065319	17.737516	38.329895	-2.735425	0.000001	0.000001	15.002090	73.841347	40.751072	110289.546875	11284.350586	2010.144287	13905.699219
2008	10	37.912357	16.075951	34.244457	-3.667902	0.000001	0.000001	12.408050	70.823555	25.601358	101821.601562	11284.227539	2010.558472	13905.785156
2008	10	54.486465	28.681637	37.022694	-17.463772	0.000007	0.000007	11.217862	56.608089	25.738527	146334.859375	11284.091797	2010.957153	13905.914062
2008	10	50.576973	24.727327	36.764435	-13.812535	0.000005	0.000005	10.914791	36.061161	25.883289	135835.093750	11283.943359	2011.680298	13906.391602
2008	10	69.200714	37.600235	43.093559	-26.107155	0.000010	0.000010	11.493079	31.527023	37.401508	185853.062500	11283.784180	2012.333130	13906.791992
2008	10	79.722771	43.780918	48.344311	-31.378466	0.000012	0.000012	12.402456	20.210627	44.087795	214112.250000	11283.616211	2013.449219	13907.631836
2008	10	71.591812	37.758968	45.908344	-25.683472	0.000010	0.000010	12.075497	23.043404	38.862648	192274.859375	11283.437500	2014.698120	13908.585938
2008	10	88.206589	50.584766	48.338394	-39.868191	0.000015	0.000015	10.716576	9.250555	34.622101	236897.312500	11283.257812	2015.904785	13909.535156
2008	10	71.086769	38.049156	43.486977	-27.599789	0.000010	0.000010	10.449367	52.759636	34.571106	190918.453125	11283.080078	2017.369141	13910.774414
2008	10	63.810295	33.584435	40.351627	-23.458666	0.000009	0.000009	10.125771	59.340061	28.565712	171375.953125	11282.911133	2018.485840	13911.669922
2008	10	53.959152	26.762278	37.077995	-16.881155	0.000006	0.000006	9.881121	53.322151	23.160984	144918.640625	11282.751953	2019.395020	13912.370117
2008	10	47.618710	22.175848	35.071701	-12.547007	0.000005	0.000005	9.628843	38.995583	23.993944	127890.046875	11282.607422	2020.089966	13912.862305
2008	10	38.058479	15.701051	31.630457	-6.428022	0.000002	0.000002	9.273028	55.533142	17.822887	102214.039062	11282.472656	2020.572021	13913.149414
2008	10	46.735813	22.357788	33.414814	-13.320999	0.000005	0.000005	9.036789	37.718685	23.638437	125518.843750	11282.343750	2020.969971	13913.364258
2008	10	40.889885	17.903263	31.875641	-9.014242	0.000003	0.000003	8.889020	46.762630	18.148066	109818.375000	11282.217773	2021.461182	13913.676758
2008	10	64.104713	34.764217	38.098938	-26.005774	0.000010	0.000010	8.758443	28.017368	25.526442	172166.687500	11282.092773	2021.952637	13913.992188
2008	10	69.380966	38.031631	39.784050	-29.596920	0.000011	0.000011	8.434713	20.132999	28.542990	186337.187500	11281.960938	2022.948608	13914.818359
2008	10	76.787483	43.478504	41.646523	-35.140961	0.000013	0.000013	8.337544	25.263145	29.066837	206228.937500	11281.819336	2024.065674	13915.774414
2008	10	94.204849	57.113071	51.508686	-42.696163	0.000016	0.000016	14.416905	10.553328	62.699799	253006.921875	11281.697266	2025.443604	13916.896484
2008	11	84.159538	49.385071	47.752064	-36.407471	0.000014	0.000014	12.977601	27.889645	46.391972	233562.375000	11281.570312	2027.127808	13918.233398
2008	11	64.577347	34.876362	41.106651	-23.470701	0.000009	0.000009	11.405660	31.813768	37.130615	179217.265625	11281.436523	2028.590332	13919.409180
2008	11	59.656410	31.666866	37.690231	-21.966179	0.000008	0.000008	9.700687	41.322742	32.018032	165560.484375	11281.309570	2029.564453	13920.142578
2008	11	51.900326	26.929369	33.057972	-18.842350	0.000007	0.000007	8.087019	54.531757	22.453861	144035.531250	11281.184570	2030.456787	13920.853516
2008	11	61.739704	35.250145	33.799862	-27.939842	0.000011	0.000011	7.310301	54.717949	22.467028	171342.109375	11281.067383	2031.238892	13921.489258
2008	11	54.082890	30.057798	30.891964	-23.190929	0.000009	0.000009	6.866871	63.567104	16.615482	150092.671875	11280.952148	2032.235474	13922.362305
2008	11	50.168411	27.522085	29.105341	-21.063070	0.000008	0.000008	6.459018	41.895142	17.698574	139229.062500	11280.844727	2033.054321	13923.071289
2008	11	48.159801	25.580502	29.058666	-19.101135	0.000007	0.000007	6.479367	31.681213	19.224674	133654.718750	11280.742188	2033.758423	13923.671875
2008	11	43.406906	21.272585	28.720667	-14.686238	0.000006	0.000006	6.586346	27.571617	18.222422	120464.304688	11280.642578	2034.419800	13924.228516
2008	11	61.514881	35.340569	32.481934	-29.032949	0.000011	0.000011	6.307617	38.131794	22.203226	170718.187500	11280.542969	2035.046997	13924.749023
2008	11	64.718369	38.752323	33.540199	-31.178167	0.000012	0.000012	7.574157	52.336285	30.255499	179608.609375	11280.448242	2036.084473	13925.669922
2008	11	57.012039	33.514359	30.511070	-26.500969	0.000010	0.000010	7.013391	49.905006	20.872498	158221.734375	11280.365234	2037.194458	13926.643555
2008	11	47.273808	25.969343	27.692354	-19.581455	0.000008	0.000008	6.387887	38.051403	17.722162	131195.875000	11280.282227	2038.070679	13927.410156
2008	11	43.862656	23.026106	26.754692	-17.107962	0.000007	0.000007	5.918144	29.485123	19.058702	121729.125000	11280.200195	2038.731934	13927.978516
2008	11	44.647697	23.726730	26.461798	-18.185894	0.000007	0.000007	5.540835	39.503338	17.447924	123907.789062	11280.116211	2039.313354	13928.482422
2008	11	47.909794	25.492184	28.002604	-19.907190	0.000008	0.000008	5.584994	18.014965	18.384148	132960.875000	11280.031250	2039.935425	13929.029297
2008	11	47.128944	25.322273	27.253954	-19.874990	0.000008	0.000008	5.447283	19.632086	17.583118	130793.843750	11279.946289	2040.630859	13929.658203
2008	11	42.760448	21.862883	26.445358	-16.315090	0.000006	0.000006	5.547792	30.544498	16.792734	118670.234375	11279.863281	2041.002930	13930.252930
2008	11	44.030586	22.546761	27.225531	-16.805058	0.000006	0.000006	5.741702	15.166595	18.382648	122195.179688	11279.789062	2040.548218	13930.744141
2008	11	42.109318	21.036068	27.152090	-14.957229	0.000006	0.000006	6.078839	21.451271	17.729328	116863.203125	11279.726562	2039.355103	13931.255859
2008	11	37.923782	18.516642	25.809746	-12.114036	0.000005	0.000005	6.402606	36.894596	13.999331	105247.359375	11279.683594	2037.347900	13931.708008
2008	11	39.552002	20.458298	25.761814	-13.790187	0.000005	0.000005	6.668111	25.760723	13.643392	109766.054688	11279.666016	2034.500977	13932.076172
2008	11	40.362415	20.419895	27.345999	-13.016416	0.000005	0.000005	7.403478	21.416363	15.573685	112015.132812	11279.673828	2030.945068	13932.484375
2008	11	38.133701	19.388599	26.753525	-11.380176	0.000004	0.000004	8.008423	30.667013	13.180552	105829.937500	11279.710938	2026.622559	13932.868164
2008	11	33.681835	17.241785	24.774439	-8.907394	0.000003	0.000003	8.334390	34.454369	11.870633	93474.968750	11279.773438	2021.487183	13933.191406
2008	11	34.709755	18.531713	24.787912	-9.921842	0.000004	0.000004	8.609874	14.972867	10.689474	96327.679688	11279.857422	2015.515259	13933.430664
2008	11	30.935720	16.058411	23.924383	-7.011336	0.000003	0.000003	9.047074	49.747429	12.510096	85853.851562	11279.954102	2008.786377	13933.667969
2008	11	32.797424	19.059416	31.259310	-1.538113	0.000001	0.000001	17.521301	31.792572	36.751823	91020.523438	11280.087891	2001.251953	13933.760742
2008	11	28.113277	16.429205	36.281967	8.168687	-0.000003	-0.000003	24.597893	30.651701	30.584867	78020.921875	11280.353516	1992.985962	13933.523438
2008	11	20.147394	11.192438	33.794781	13.647386	-0.000005	-0.000005	24.839825	41.830853	25.466700	55913.734375	11280.665039	1983.843262	13933.097656
2008	12	9.027990	3.933306	29.059212	20.031223	-0.000007	-0.000007	23.964527	39.957546	19.923317	24246.564453	11280.983398	1973.741821	13932.500977
2008	12	0.144937	-2.136486	26.890432	26.745497	-0.000010	-0.000010	24.609011	18.575420	18.181217	389.258453	11281.318359	1963.209473	13931.660156
2008	12	0.000000	-2.006268	26.335777	26.335777	-0.000010	-0.000010	24.329510	20.967546	23.370680	0.000000	11281.670898	1960.241821	13930.656250
2008	12	0.000000	-1.917827	25.266376	25.266376	-0.000009	-0.000009	23.348549	29.076452	11.111415	0.000000	11282.014648	1959.929199	13929.680664
2008	12	0.000000	-1.923809	24.863104	24.863104	-0.000009	-0.000009	22.939295	28.176516	12.610310	0.000000	11282.345703	1959.622070	13928.733398
2008	12	0.000000	-1.921355	24.434452	24.434452	-0.000009	-0.000009	22.513096	33.184757	8.616104	0.000000	11282.668945	1959.319458	13927.808594
2008	12	0.000000	-1.862712	23.323002	23.323002	-0.000009	-0.000009	21.460291	33.907112	8.141895	0.000000	11282.980469	1959.021973	13926.910156
2008	12	0.000000	-1.967213	23.531099	23.531099	-0.000009	-0.000009	21.563887	26.320253	10.701847	0.000000	11283.285156	1958.727905	13926.026367
2008	12	0.000000	-1.741611	21.945351	21.945351	-0.000008	-0.000008	20.203739	45.329601	7.995663	0.000000	11283.582031	1958.438477	13925.166016
2008	12	0.000000	-1.536223	20.177502	20.177502	-0.000008	-0.000008	18.641279	55.326797	5.479408	0.000000	11283.857422	1958.154541	13924.362305
2008	12	0.000000	-1.600886	19.517874	19.517874	-0.000007	-0.000007	17.916986	37.147030	4.207188	0.000000	11284.112305	1957.875854	13923.610352
2008	12	0.000000	-1.890557	20.720644	20.720644	-0.000008	-0.000008	18.830088	13.319536	5.046246	0.000000	11284.366211	1957.599731	13922.850586
2008	12	0.000000	-2.056909	21.939964	21.939964	-0.000008	-0.000008	19.883055	11.473673	7.407358	0.000000	11284.633789	1957.325317	13922.053711
2008	12	0.000000	-1.861042	21.017288	21.017288	-0.000008	-0.000008	19.156248	32.427628	6.501935	0.000000	11284.904297	1957.054321	13921.253906
2008	12	0.000000	-1.581158	21.814009	21.814009	-0.000008	-0.000008	20.232849	36.517879	26.743189	0.000000	11285.162109	1956.788208	13920.476562
2008	12	0.000000	-1.429579	20.925354	20.925354	-0.000008	-0.000008	19.495775	28.541306	12.852156	0.000000	11285.425781	1956.528198	13919.674805
2008	12	0.000000	-1.614685	21.426426	21.426426	-0.000008	-0.000008	19.811739	20.035412	11.740495	0.000000	11285.682617	1956.270508	13918.884766
2008	12	0.000000	-1.771919	23.169128	23.169128	-0.000009	-0.000009	21.397211	-6.703701	32.352634	0.000000	11285.941406	1956.015137	13918.083008
2008	12	0.000000	-1.488362	28.930750	28.930750	-0.000011	-0.000011	27.442387	34.183502	33.446369	0.000000	11286.239258	1955.763062	13917.152344
2008	12	0.000000	-1.344893	27.274452	27.274452	-0.000010	-0.000010	25.929558	37.376034	17.706429	0.000000	11286.563477	1955.516479	13916.142578
2008	12	0.000000	-1.283378	25.142748	25.142748	-0.000009	-0.000009	23.859371	44.752556	13.152201	0.000000	11286.849609	1955.273071	13915.203125
2008	12	0.000000	-1.342404	23.614801	23.614801	-0.000009	-0.000009	22.272398	31.310526	14.144234	0.000000	11287.095703	1955.033081	13914.333008
2008	12	0.000000	-1.413443	23.844604	23.844604	-0.000009	-0.000009	22.431162	24.119461	23.407084	0.000000	11287.318359	1954.795532	13913.478516
2008	12	0.000000	-1.589468	25.102545	25.102545	-0.000009	-0.000009	23.513075	5.930980	28.887608	0.000000	11287.531250	1954.559326	13912.607422
2008	12	0.000000	-1.613940	24.832510	24.832510	-0.000009	-0.000009	23.218571	1.185199	14.237373	0.000000	11287.732422	1954.325806	13911.727539
2008	12	0.000000	-1.754962	25.920757	25.920757	-0.000010	-0.000010	24.165796	18.320469	24.153814	0.000000	11287.924805	1954.093750	13910.832031
2008	12	0.000000	-1.497601	25.287231	25.287231	-0.000009	-0.000009	23.789631	29.182312	36.636425	0.000000	11288.104492	1953.864258	13909.937500
2008	12	0.000000	-1.170612	21.547276	21.547276	-0.000008	-0.000008	20.376661	48.115784	16.671909	0.000000	11288.261719	1953.639893	13909.107422
2008	12	0.000000	-1.401374	20.676743	20.676743	-0.000008	-0.000008	19.275368	8.875673	21.096764	0.000000	11288.385742	1953.418457	13908.372070
2008	12	0.000000	-1.749132	23.787062	23.787062	-0.000009	-0.000009	22.037930	-15.784238	18.757479	0.000000	11288.508789	1953.197144	13907.591797
2008	12	0.000000	-2.000620	27.063700	27.063700	-0.000010	-0.000010	25.063080	-0.847246	13.582081	0.000000	11288.640625	1952.975220	13906.704102
2009	01	0.000000	-1.844909	26.727570	26.727570	-0.000010	-0.000010	24.882662	28.372702	20.609838	0.000000	11288.767578	1952.754761	13905.777344
2009	01	0.000000	-1.482919	22.340099	22.340099	-0.000008	-0.000008	20.857180	37.474541	12.634502	0.000000	11288.869141	1952.538574	13904.936523
2009	01	0.000000	-1.460065	20.908911	20.908911	-0.000008	-0.000008	19.448845	32.534275	13.483087	0.000000	11288.951172	1952.325317	13904.182617
2009	01	0.000000	-1.415258	19.804953	19.804953	-0.000007	-0.000007	18.389694	34.498409	10.784286	0.000000	11289.022461	1952.114014	13903.467773
2009	01	0.000000	-1.436917	19.540804	19.540804	-0.000007	-0.000007	18.103888	38.044094	8.432317	0.000000	11289.085938	1951.904907	13902.779297
2009	01	0.000000	-1.400794	19.034479	19.034479	-0.000007	-0.000007	17.633684	44.594612	9.135501	0.000000	11289.144531	1951.697632	13902.099609
2009	01	0.000000	-1.350911	17.899015	17.899015	-0.000007	-0.000007	16.548105	38.717663	7.894459	0.000000	11289.195312	1951.492432	13901.451172
2009	01	0.000000	-1.402335	17.938660	17.938660	-0.000007	-0.000007	16.536324	38.110828	6.415827	0.000000	11289.241211	1951.289307	13900.826172
2009	01	0.000000	-1.626501	18.971775	18.971775	-0.000007	-0.000007	17.345274	17.385941	8.693133	0.000000	11289.286133	1951.086792	13900.184570
2009	01	0.000000	-1.529824	18.695095	18.695095	-0.000007	-0.000007	17.165272	41.586773	8.318248	0.000000	11289.329102	1950.885010	13899.526367
2009	01	0.000000	-1.395932	17.091211	17.091211	-0.000006	-0.000006	15.695280	41.560795	7.084671	0.000000	11289.364258	1950.685669	13898.902344
2009	01	0.000000	-1.439331	16.487246	16.487246	-0.000006	-0.000006	15.047915	23.596569	7.350290	0.000000	11289.392578	1950.488403	13898.320312
2009	01	0.000000	-1.571608	16.839533	16.839533	-0.000006	-0.000006	15.267925	16.364132	6.610928	0.000000	11289.417969	1950.291870	13897.744141
2009	01	0.000000	-1.657674	17.327303	17.327303	-0.000006	-0.000006	15.669629	13.466926	5.772504	0.000000	11289.440430	1950.095825	13897.154297
2009	01	0.000000	-1.693771	17.538877	17.538877	-0.000007	-0.000007	15.845107	19.638872	4.858151	0.000000	11289.458984	1949.900757	13896.558594
2009	01	0.000000	-1.675852	17.249361	17.249361	-0.000006	-0.000006	15.573509	23.459173	6.824780	0.000000	11289.475586	1949.706543	13895.958984
2009	01	0.000000	-1.734358	17.247269	17.247269	-0.000006	-0.000006	15.512911	27.391153	4.841772	0.000000	11289.487305	1949.513428	13895.375000
2009	01	0.000000	-1.908334	18.162069	18.162069	-0.000007	-0.000007	16.253735	17.310984	3.712996	0.000000	11289.495117	1949.320679	13894.778320
2009	01	0.000000	-2.029008	18.795336	18.795336	-0.000007	-0.000007	16.766327	15.159400	6.976498	0.000000	11289.500977	1949.127319	13894.150391
2009	01	0.000000	-1.951899	17.591658	17.591658	-0.000007	-0.000007	15.639759	7.876319	5.402767	0.000000	11289.499023	1948.935181	13893.545898
2009	01	0.000000	-2.105211	17.701872	17.701872	-0.000007	-0.000007	15.596663	6.050901	6.389179	0.000000	11289.490234	1948.743286	13892.958008
2009	01	0.000000	-2.173473	17.811768	17.811768	-0.000007	-0.000007	15.638293	5.286239	4.636797	0.000000	11289.471680	1948.551025	13892.367188
2009	01	0.000000	-2.049645	17.395853	17.395853	-0.000006	-0.000006	15.346208	18.154333	3.264253	0.000000	11289.446289	1948.359741	13891.783203
2009	01	0.000000	-1.863987	16.750557	16.750557	-0.000006	-0.000006	14.886571	23.249603	2.252308	0.000000	11289.417969	1948.169800	13891.209961
2009	01	0.000000	-1.755683	28.131187	28.131187	-0.000011	-0.000011	26.375505	39.144707	32.730831	0.000000	11289.448242	1947.981689	13890.456055
2009	01	0.000000	-1.601643	23.578857	23.578857	-0.000009	-0.000009	21.977213	41.367081	26.543890	0.000000	11289.488281	1947.795532	13889.606445
2009	01	0.000000	-1.566148	21.146687	21.146687	-0.000008	-0.000008	19.580540	44.174522	25.752670	0.000000	11289.509766	1947.610229	13888.847656
2009	01	0.000000	-1.269546	22.018682	22.018682	-0.000008	-0.000008	20.749138	35.996891	25.377733	0.000000	11289.521484	1947.427612	13888.166992
2009	01	0.000000	-1.380446	24.893780	24.893780	-0.000009	-0.000009	23.513334	37.237709	27.696444	0.000000	11289.551758	1947.246826	13887.354492
2009	01	0.000000	-1.373345	23.285645	23.285645	-0.000009	-0.000009	21.912300	38.196564	35.182858	0.000000	11289.574219	1947.066162	13886.541016
2009	01	0.000000	-1.521681	22.825666	22.825666	-0.000009	-0.000009	21.303982	15.363900	31.882336	0.000000	11289.586914	1946.886353	13885.779297
2009	02	0.000000	-1.492105	20.680239	20.680239	-0.000009	-0.000009	19.188133	14.176182	32.337780	0.000000	11289.593750	1946.706299	13885.014648
2009	02	0.000000	-1.384933	19.277254	19.277254	-0.000008	-0.000008	17.892319	29.986223	19.904751	0.000000	11289.592773	1946.526978	13884.276367
2009	02	0.000000	-1.516016	18.932751	18.932751	-0.000008	-0.000008	17.416735	7.726430	20.316635	0.000000	11289.586914	1946.348511	13883.581055
2009	02	0.000000	-1.647282	19.150963	19.150963	-0.000008	-0.000008	17.503681	6.394827	19.589888	0.000000	11289.576172	1946.169312	13882.880859
2009	02	0.000000	-1.725708	18.583464	18.583464	-0.000008	-0.000008	16.857756	-12.708519	16.491497	0.000000	11289.556641	1945.989868	13882.191406
2009	02	0.000000	-1.686283	18.034147	18.034147	-0.000007	-0.000007	16.347864	-2.738774	9.941639	0.000000	11289.528320	1945.810547	13881.519531
2009	02	0.000000	-1.594903	17.974421	17.974421	-0.000007	-0.000007	16.379519	40.552433	12.293017	0.000000	11289.498047	1945.632080	13880.861328
2009	02	0.000000	-1.384641	16.084377	16.084377	-0.000007	-0.000007	14.699738	57.277031	9.891155	0.000000	11289.466797	1945.455566	13880.239258
2009	02	0.000000	-1.188005	17.467043	17.467043	-0.000007	-0.000007	16.279037	55.790916	32.776878	0.000000	11289.439453	1945.281006	13879.632812
2009	02	0.000000	-1.146235	18.906687	18.906687	-0.000008	-0.000008	17.760452	34.141701	33.570927	0.000000	11289.436523	1945.108276	13878.950195
2009	02	0.000000	-1.044194	19.533943	19.533943	-0.000008	-0.000008	18.489750	39.955296	40.105877	0.000000	11289.435547	1944.936401	13878.231445
2009	02	0.000000	-1.069840	18.699978	18.699978	-0.000008	-0.000008	17.630138	41.343475	18.787167	0.000000	11289.426758	1944.766602	13877.540039
2009	02	0.000000	-1.171840	19.623524	19.623524	-0.000008	-0.000008	18.451683	39.748264	38.104801	0.000000	11289.414062	1944.596802	13876.823242
2009	02	0.000000	-1.191168	19.021967	19.021967	-0.000008	-0.000008	17.830799	46.737720	29.079485	0.000000	11289.398438	1944.427002	13876.111328
2009	02	0.000000	-1.138316	17.690968	17.690968	-0.000007	-0.000007	16.552652	54.743126	26.405146	0.000000	11289.378906	1944.258179	13875.433594
2009	02	0.000000	-1.145925	17.189880	17.189880	-0.000007	-0.000007	16.043955	52.837391	17.888960	0.000000	11289.355469	1944.090454	13874.800781
2009	02	0.000000	-1.305889	18.089695	18.089695	-0.000007	-0.000007	16.783806	45.994556	27.857578	0.000000	11289.330078	1943.922607	13874.147461
2009	02	0.000000	-1.246589	16.906254	16.906254	-0.000007	-0.000007	15.659665	54.888561	18.401054	0.000000	11289.300781	1943.754517	13873.499023
2009	02	0.000000	-1.202036	16.646303	16.646303	-0.000007	-0.000007	15.444268	64.110794	17.100306	0.000000	11289.267578	1943.587891	13872.891602
2009	02	0.000000	-1.402122	17.204765	17.204765	-0.000007	-0.000007	15.802643	38.903721	16.989637	0.000000	11289.234375	1943.421387	13872.279297
2009	02	0.000000	-1.538417	17.641300	17.641300	-0.000007	-0.000007	16.102884	30.791481	16.517220	0.000000	11289.195312	1943.253540	13871.641602
2009	02	0.000000	-1.565064	17.723560	17.723560	-0.000007	-0.000007	16.158497	39.526463	11.123812	0.000000	11289.148438	1943.085693	13871.005859
2009	02	0.000000	-1.864798	18.952888	18.952888	-0.000008	-0.000008	17.088089	21.172161	13.206971	0.000000	11289.095703	1942.916870	13870.351562
2009	02	0.000000	-2.068960	19.891394	19.891394	-0.000008	-0.000008	17.822433	28.294859	13.133958	0.000000	11289.031250	1942.745728	13869.656250
2009	02	0.000000	-1.793755	18.412878	18.412878	-0.000008	-0.000008	16.619123	58.866707	9.290373	0.000000	11288.956055	1942.574707	13868.974609
2009	02	0.000000	-1.811358	18.066624	18.066624	-0.000007	-0.000007	16.255266	57.681763	8.862304	0.000000	11288.876953	1942.404663	13868.323242
2009	02	0.000000	-1.506770	16.051338	16.051338	-0.000007	-0.000007	14.544568	88.257645	7.787084	0.000000	11288.795898	1942.235596	13867.708008
2009	02	0.000000	-1.395711	14.909802	14.909802	-0.000006	-0.000006	13.514091	78.818848	5.413302	0.000000	11288.720703	1942.068604	13867.154297
2009	03	0.000000	-1.801318	17.345163	17.345163	-0.000006	-0.000006	15.543846	54.817200	6.590384	0.000000	11288.648438	1941.901611	13866.605469
2009	03	0.000000	-2.233160	19.091063	19.091063	-0.000007	-0.000007	16.857903	16.560030	7.471550	0.000000	11288.567383	1941.731812	13866.014648
2009	03	0.000000	-2.209195	19.126844	19.126844	-0.000007	-0.000007	16.917650	36.775684	7.471238	0.000000	11288.475586	1941.560791	13865.400391
2009	03	0.000000	-2.191534	18.776089	18.776089	-0.000007	-0.000007	16.584555	48.751835	6.593342	0.000000	11288.375000	1941.389404	13864.793945
2009	03	0.000000	-1.978243	17.691568	17.691568	-0.000007	-0.000007	15.713326	56.726421	5.131381	0.000000	11288.270508	1941.218750	13864.206055
2009	03	0.000000	-1.919879	17.073284	17.073284	-0.000006	-0.000006	15.153405	51.866501	5.060302	0.000000	11288.166992	1941.049194	13863.646484
2009	03	0.000000	-1.813820	16.328291	16.328291	-0.000006	-0.000006	14.514470	59.569923	5.286621	0.000000	11288.064453	1940.879761	13863.099609
2009	03	0.000000	-1.419029	14.071101	14.071101	-0.000005	-0.000005	12.652072	95.602943	4.206059	0.000000	11287.970703	1940.712646	13862.604492
2009	03	0.000000	-1.407178	13.590720	13.590720	-0.000005	-0.000005	12.183541	92.592850	4.068258	0.000000	11287.885742	1940.547363	13862.150391
2009	03	0.000000	-1.437608	13.443871	13.443871	-0.000005	-0.000005	12.006262	93.208580	4.923717	0.000000	11287.801758	1940.382080	13861.698242
2009	03	0.000000	-1.410740	15.443055	15.443055	-0.000006	-0.000006	14.032314	80.969559	9.558032	0.000000	11287.727539	1940.217529	13861.239258
2009	03	0.000000	-1.454880	15.476906	15.476906	-0.000006	-0.000006	14.022026	80.139351	8.697747	0.000000	11287.677734	1940.053345	13860.716797
2009	03	0.000000	-1.607168	15.280625	15.280625	-0.000006	-0.000006	13.673456	72.323380	7.253528	0.000000	11287.614258	1939.888794	13860.209961
2009	03	0.000000	-1.479096	14.377884	14.377884	-0.000005	-0.000005	12.898788	92.341179	4.960772	0.000000	11287.538086	1939.724121	13859.720703
2009	03	0.000000	-1.583874	14.350356	14.350356	-0.000005	-0.000005	12.766482	79.213425	4.830910	0.000000	11287.456055	1939.560303	13859.251953
2009	03	0.000000	-1.574368	14.235548	14.235548	-0.000005	-0.000005	12.661180	88.588104	4.413314	0.000000	11287.369141	1939.396240	13858.782227
2009	03	0.000000	-1.713019	14.620432	14.620432	-0.000005	-0.000005	12.907413	80.738716	4.809018	0.000000	11287.277344	1939.232056	13858.313477
2009	03	0.000000	-1.846716	15.167280	15.167280	-0.000006	-0.000006	13.320563	74.324234	4.804810	0.000000	11287.178711	1939.067017	13857.831055
2009	03	0.000000	-1.916688	15.677840	15.677840	-0.000006	-0.000006	13.761153	72.619720	4.091434	0.000000	11287.075195	1938.901245	13857.334961
2009	03	0.000000	-1.972644	16.184673	16.184673	-0.000006	-0.000006	14.212029	73.526642	3.944522	0.000000	11286.964844	1938.734741	13856.819336
2009	03	0.000000	-1.953099	16.031822	16.031822	-0.000006	-0.000006	14.078724	80.015396	4.022784	0.000000	11286.852539	1938.568481	13856.305664
2009	03	0.000000	-2.005905	16.347296	16.347296	-0.000006	-0.000006	14.341392	86.246147	4.022029	0.000000	11286.738281	1938.401733	13855.785156
2009	03	0.000000	-1.896720	15.782834	15.782834	-0.000006	-0.000006	13.886115	86.209335	3.885356	0.000000	11286.621094	1938.234863	13855.264648
2009	03	0.000000	-1.516595	14.179952	14.179952	-0.000005	-0.000005	12.663356	118.780594	2.661162	0.000000	11286.510742	1938.069702	13854.778320
2009	03	0.000000	-1.458565	13.413881	13.413881	-0.000005	-0.000005	11.955316	115.216156	2.768269	0.000000	11286.410156	1937.906738	13854.329102
2009	03	0.000000	-1.548857	13.514079	13.514079	-0.000005	-0.000005	11.965223	112.446671	3.502587	0.000000	11286.310547	1937.743774	13853.886719
2009	03	0.000000	-1.614973	13.695475	13.695475	-0.000005	-0.000005	12.080502	114.849503	3.603762	0.000000	11286.208984	1937.580200	13853.439453
2009	03	0.000000	-1.538892	22.258516	22.258516	-0.000008	-0.000008	20.719624	85.922783	55.561581	0.000000	11286.136719	1937.416748	13852.907227
2009	03	0.000000	-1.516588	22.578018	22.578018	-0.000008	-0.000008	21.061428	87.816864	38.991486	0.000000	11286.138672	1937.254761	13852.139648
2009	03	0.000000	-1.636598	19.738003	19.738003	-0.000007	-0.000007	18.101404	99.938522	30.665049	0.000000	11286.098633	1937.092041	13851.436523
2009	03	0.000000	-1.586762	16.985077	16.985077	-0.000006	-0.000006	15.398314	111.393433	13.599683	0.000000	11286.016602	1936.928833	13850.838867
2009	04	0.000000	-1.414287	15.234567	15.234567	-0.000006	-0.000006	13.820280	114.740273	9.589687	0.000000	11285.919922	1936.767334	13850.310547
2009	04	0.000000	-1.467492	14.488013	14.488013	-0.000006	-0.000006	13.020521	109.097549	9.659583	0.000000	11285.822266	1936.605713	13849.801758
2009	04	0.000000	-1.583136	14.316076	14.316076	-0.000006	-0.000006	12.732941	100.108673	7.861806	0.000000	11285.718750	1936.443970	13849.320312
2009	04	0.000000	-1.510378	13.716388	13.716388	-0.000005	-0.000005	12.206010	122.507797	6.968281	0.000000	11285.606445	1936.281738	13848.841797
2009	04	0.000000	-1.384667	13.913931	13.913931	-0.000005	-0.000005	12.529264	116.976776	8.806648	0.000000	11285.500977	1936.120850	13848.385742
2009	04	0.000000	-1.588690	14.655952	14.655952	-0.000006	-0.000006	13.067262	89.667862	6.847703	0.000000	11285.408203	1935.960327	13847.906250
2009	04	0.000000	-1.800112	15.174708	15.174708	-0.000006	-0.000006	13.374597	84.730629	6.826739	0.000000	11285.298828	1935.797974	13847.405273
2009	04	0.000000	-1.797875	15.108497	15.108497	-0.000006	-0.000006	13.310622	99.376724	6.209831	0.000000	11285.172852	1935.634644	13846.898438
2009	04	0.000000	-1.745793	17.523058	17.523058	-0.000007	-0.000007	15.777266	108.990959	26.934361	0.000000	11285.054688	1935.471191	13846.365234
2009	04	0.000000	-1.502939	14.534441	14.534441	-0.000006	-0.000006	13.031501	118.476250	8.498254	0.000000	11284.960938	1935.309326	13845.819336
2009	04	0.000000	-1.465812	13.314295	13.314295	-0.000005	-0.000005	11.848483	132.542465	6.680043	0.000000	11284.848633	1935.148438	13845.349609
2009	04	0.000000	-1.392192	16.414392	16.414392	-0.000006	-0.000006	15.022201	114.024170	35.169880	0.000000	11284.747070	1934.987793	13844.874023
2009	04	0.000000	-1.351068	18.429653	18.429653	-0.000007	-0.000007	17.078585	95.926674	34.009426	0.000000	11284.699219	1934.828369	13844.261719
2009	04	0.000000	-1.592285	17.743505	17.743505	-0.000007	-0.000007	16.151218	94.699440	21.380075	0.000000	11284.627930	1934.668457	13843.662109
2009	04	0.000000	-1.651601	15.829213	15.829213	-0.000006	-0.000006	14.177611	122.085976	15.202043	0.000000	11284.530273	1934.507080	13843.084961
2009	04	0.000000	-1.354940	13.823062	13.823062	-0.000005	-0.000005	12.468122	144.145981	13.360382	0.000000	11284.416016	1934.346436	13842.593750
2009	04	0.000000	-1.314664	13.669757	13.669757	-0.000005	-0.000005	12.355092	131.188202	8.579048	0.000000	11284.323242	1934.188110	13842.131836
2009	04	0.000000	-1.414794	13.257934	13.257934	-0.000005	-0.000005	11.843140	120.377075	6.951057	0.000000	11284.223633	1934.029419	13841.672852
2009	04	0.000000	-1.676037	13.962448	13.962448	-0.000005	-0.000005	12.286412	110.219139	6.309007	0.000000	11284.109375	1933.869751	13841.219727
2009	04	0.000000	-1.955013	15.214148	15.214148	-0.000006	-0.000006	13.259134	95.035927	5.681925	0.000000	11283.979492	1933.708252	13840.740234
2009	04	0.000000	-2.257901	16.902121	16.902121	-0.000007	-0.000007	14.644218	78.454826	4.556999	0.000000	11283.832031	1933.544312	13840.218750
2009	04	0.000000	-2.305793	17.566889	17.566889	-0.000007	-0.000007	15.261095	106.981514	5.829311	0.000000	11283.668945	1933.378540	13839.652344
2009	04	0.000000	-2.188229	17.101044	17.101044	-0.000007	-0.000007	14.912815	98.863678	3.792680	0.000000	11283.503906	1933.212646	13839.090820
2009	04	0.000000	-2.229037	17.322538	17.322538	-0.000007	-0.000007	15.093502	92.191437	3.286256	0.000000	11283.335938	1933.046143	13838.526367
2009	04	0.000000	-1.983054	16.402359	16.402359	-0.000006	-0.000006	14.419306	125.110802	3.308364	0.000000	11283.168945	1932.880005	13837.972656
2009	04	0.000000	-1.823046	15.385019	15.385019	-0.000006	-0.000006	13.561973	141.269897	3.367296	0.000000	11283.011719	1932.715454	13837.449219
2009	04	0.000000	-1.696737	14.777596	14.777596	-0.000006	-0.000006	13.080858	149.779221	2.752869	0.000000	11282.860352	1932.551392	13836.945312
2009	04	0.000000	-1.670404	14.250637	14.250637	-0.000005	-0.000005	12.580234	135.052460	2.606590	0.000000	11282.716797	1932.388672	13836.466797
2009	04	0.000000	-1.863109	14.995438	14.995438	-0.000006	-0.000006	13.132327	131.872925	3.108582	0.000000	11282.570312	1932.224854	13835.980469
2009	04	0.000000	-1.897829	15.311692	15.311692	-0.000006	-0.000006	13.413863	125.863892	2.701699	0.000000	11282.417969	1932.060181	13835.479492
2009	05	0.000000	-1.950520	15.985324	15.985324	-0.000006	-0.000006	14.034804	132.143478	2.696867	0.000000	11282.261719	1931.895142	13834.968750
2009	05	0.000000	-1.742853	15.096089	15.096089	-0.000006	-0.000006	13.353236	149.774658	2.500019	0.000000	11282.107422	1931.730957	13834.466797
2009	05	0.000000	-1.794100	14.983145	14.983145	-0.000006	-0.000006	13.189045	148.817413	2.691149	0.000000	11281.957031	1931.567139	13833.980469
2009	05	0.000000	-1.753379	14.859659	14.859659	-0.000006	-0.000006	13.106281	154.516327	2.280224	0.000000	11281.807617	1931.403320	13833.499023
2009	05	0.000000	-1.767344	14.802644	14.802644	-0.000006	-0.000006	13.035300	154.470322	2.402719	0.000000	11281.659180	1931.239868	13833.020508
2009	05	0.000000	-1.776641	14.876265	14.876265	-0.000006	-0.000006	13.099624	152.997421	2.379845	0.000000	11281.509766	1931.076172	13832.541016
2009	05	0.000000	-1.914252	15.343374	15.343374	-0.000006	-0.000006	13.429122	140.260834	2.430691	0.000000	11281.358398	1930.912354	13832.058594
2009	05	0.000000	-2.087955	16.141119	16.141119	-0.000006	-0.000006	14.053165	138.076797	2.835829	0.000000	11281.199219	1930.746948	13831.553711
2009	05	0.000000	-2.149436	16.509447	16.509447	-0.000006	-0.000006	14.360011	135.310379	2.610648	0.000000	11281.033203	1930.580688	13831.034180
2009	05	0.000000	-2.146263	16.632959	16.632959	-0.000006	-0.000006	14.486695	136.189423	2.445414	0.000000	11280.862305	1930.414062	13830.507812
2009	05	0.000000	-2.152589	16.711100	16.711100	-0.000006	-0.000006	14.558511	137.557373	2.363912	0.000000	11280.690430	1930.247070	13829.978516
2009	05	0.000000	-2.226024	17.026434	17.026434	-0.000006	-0.000006	14.800410	132.122726	2.308292	0.000000	11280.514648	1930.079590	13829.443359
2009	05	0.000000	-2.349317	17.564978	17.564978	-0.000007	-0.000007	15.215661	134.545212	2.512358	0.000000	11280.333984	1929.910889	13828.894531
2009	05	0.000000	-2.301040	17.457491	17.457491	-0.000007	-0.000007	15.156451	125.840729	2.152377	0.000000	11280.147461	1929.741455	13828.338867
2009	05	0.000000	-2.252539	17.303457	17.303457	-0.000006	-0.000006	15.050918	139.244568	2.115606	0.000000	11279.962891	1929.572388	13827.789062
2009	05	0.000000	-2.126286	16.933764	16.933764	-0.000006	-0.000006	14.807478	146.899567	1.921263	0.000000	11279.779297	1929.403442	13827.245117
2009	05	0.000000	-2.110784	16.752487	16.752487	-0.000006	-0.000006	14.641703	138.093475	1.884474	0.000000	11279.598633	1929.235107	13826.709961
2009	05	0.000000	-2.382355	17.624752	17.624752	-0.000007	-0.000007	15.242396	120.811584	2.215086	0.000000	11279.413086	1929.065552	13826.165039
2009	05	0.000000	-2.716820	19.236000	19.236000	-0.000007	-0.000007	16.519180	101.857285	1.947180	0.000000	11279.214844	1928.893188	13825.585938
2009	05	0.000000	-2.763742	19.909039	19.909039	-0.000007	-0.000007	17.145296	126.810699	2.484380	0.000000	11279.000000	1928.718872	13824.970703
2009	05	0.000000	-2.335488	18.336035	18.336035	-0.000007	-0.000007	16.000547	124.183426	1.779322	0.000000	11278.785156	1928.545532	13824.364258
2009	05	0.000000	-2.292942	17.903744	17.903744	-0.000007	-0.000007	15.610803	144.763672	1.935192	0.000000	11278.583984	1928.373535	13823.791992
2009	05	0.000000	-2.268242	17.673670	17.673670	-0.000007	-0.000007	15.405428	147.551910	2.029655	0.000000	11278.384766	1928.201538	13823.225586
2009	05	0.000000	-2.211356	17.405006	17.405006	-0.000006	-0.000006	15.193650	152.524811	1.944188	0.000000	11278.186523	1928.029419	13822.665039
2009	05	0.000000	-2.112595	16.928461	16.928461	-0.000006	-0.000006	14.815866	139.912567	1.705568	0.000000	11277.990234	1927.857300	13822.111328
2009	05	0.000000	-1.956756	36.241360	36.241360	-0.000014	-0.000014	34.284603	73.965912	113.960007	0.000000	11277.905273	1927.686279	13821.258789
2009	05	0.000000	-2.068146	30.166779	30.166779	-0.000011	-0.000011	28.098633	98.702232	66.262589	0.000000	11277.818359	1927.515747	13820.185547
2009	05	0.000000	-2.300303	26.250219	26.250219	-0.000010	-0.000010	23.949917	111.127388	36.082195	0.000000	11277.641602	1927.343994	13819.286133
2009	05	0.000000	-2.531540	24.444603	24.444603	-0.000009	-0.000009	21.913063	113.376656	22.437162	0.000000	11277.405273	1927.170410	13818.479492
2009	05	0.000000	-2.762577	24.568325	24.568325	-0.000009	-0.000009	21.805748	118.018005	15.798394	0.000000	11277.129883	1926.994629	13817.704102
2009	05	0.000000	-2.799155	24.211630	24.211630	-0.000009	-0.000009	21.412474	105.411156	12.729111	0.000000	11276.834961	1926.817383	13816.933594
2009	06	0.000000	-2.761951	23.489950	23.489950	-0.000009	-0.000009	20.727999	104.602913	10.660540	0.000000	11276.536133	1926.639282	13816.168945
2009	06	0.000000	-2.576411	22.643652	22.643652	-0.000009	-0.000009	20.067244	130.666855	9.109412	0.000000	11276.237305	1926.461060	13815.413086
2009	06	0.000000	-2.384547	21.311285	21.311285	-0.000008	-0.000008	18.926739	125.440697	7.155725	0.000000	11275.952148	1926.283691	13814.689453
2009	06	0.000000	-2.456898	21.350992	21.350992	-0.000008	-0.000008	18.894093	137.031998	7.350612	0.000000	11275.676758	1926.106445	13813.991211
2009	06	0.000000	-2.434999	21.034569	21.034569	-0.000008	-0.000008	18.599569	134.638321	6.503728	0.000000	11275.402344	1925.928833	13813.294922
2009	06	0.000000	-2.301337	20.383291	20.383291	-0.000008	-0.000008	18.081953	146.118729	5.932795	0.000000	11275.129883	1925.751099	13812.606445
2009	06	0.000000	-2.115412	19.224649	19.224649	-0.000007	-0.000007	17.109238	158.189697	5.136228	0.000000	11274.870117	1925.574585	13811.949219
2009	06	0.000000	-1.924383	18.035564	18.035564	-0.000007	-0.000007	16.111183	159.477280	4.466960	0.000000	11274.625000	1925.399536	13811.327148
2009	06	0.000000	-1.932719	17.741096	17.741096	-0.000007	-0.000007	15.808377	157.551620	4.551889	0.000000	11274.390625	1925.225220	13810.728516
2009	06	0.000000	-1.954963	17.577593	17.577593	-0.000007	-0.000007	15.622630	154.768677	4.459770	0.000000	11274.158203	1925.050903	13810.136719
2009	06	0.000000	-1.980062	17.658953	17.658953	-0.000007	-0.000007	15.678892	160.562988	4.414726	0.000000	11273.925781	1924.876343	13809.542969
2009	06	0.000000	-1.901043	16.986860	16.986860	-0.000007	-0.000007	15.085818	159.595688	4.203691	0.000000	11273.697266	1924.702271	13808.962891
2009	06	0.000000	-1.910267	16.798218	16.798218	-0.000006	-0.000006	14.887952	147.536240	3.797116	0.000000	11273.476562	1924.528931	13808.398438
2009	06	0.000000	-2.092397	17.556356	17.556356	-0.000007	-0.000007	15.463959	145.844894	4.247129	0.000000	11273.250977	1924.354736	13807.824219
2009	06	0.000000	-2.105281	17.715544	17.715544	-0.000007	-0.000007	15.610264	151.661331	4.030580	0.000000	11273.017578	1924.179810	13807.234375
2009	06	0.000000	-1.971559	17.169109	17.169109	-0.000007	-0.000007	15.197551	154.886520	3.525766	0.000000	11272.785156	1924.005249	13806.649414
2009	06	0.000000	-1.876947	16.499130	16.499130	-0.000006	-0.000006	14.622184	148.555603	3.123893	0.000000	11272.562500	1923.831909	13806.086914
2009	06	0.000000	-1.980776	16.699196	16.699196	-0.000006	-0.000006	14.718420	142.349945	3.364419	0.000000	11272.342773	1923.658691	13805.532227
2009	06	0.000000	-2.187166	17.771290	17.771290	-0.000007	-0.000007	15.584124	148.892487	3.623205	0.000000	11272.112305	1923.484009	13804.956055
2009	06	0.000000	-2.091668	17.447948	17.447948	-0.000007	-0.000007	15.356281	141.664993	3.048187	0.000000	11271.876953	1923.309082	13804.369141
2009	06	0.000000	-1.967740	16.636120	16.636120	-0.000006	-0.000006	14.668379	119.585129	2.552126	0.000000	11271.645508	1923.134766	13803.794922
2009	06	0.000000	-1.949523	16.449709	16.449709	-0.000006	-0.000006	14.500185	158.204605	3.191002	0.000000	11271.425781	1922.961426	13803.247070
2009	06	0.000000	-1.903537	16.106531	16.106531	-0.000006	-0.000006	14.202993	122.088104	2.419208	0.000000	11271.205078	1922.788208	13802.697266
2009	06	0.000000	-2.191897	17.153389	17.153389	-0.000007	-0.000007	14.961492	144.423782	3.508790	0.000000	11270.985352	1922.614380	13802.149414
2009	06	0.000000	-2.225040	17.530125	17.530125	-0.000007	-0.000007	15.305085	128.560837	2.996369	0.000000	11270.750977	1922.439209	13801.572266
2009	06	0.000000	-2.336382	17.783009	17.783009	-0.000007	-0.000007	15.446626	81.223534	2.041864	0.000000	11270.511719	1922.263184	13800.984375
2009	06	0.000000	-2.304995	17.898109	17.898109	-0.000007	-0.000007	15.593114	124.722328	3.041422	0.000000	11270.271484	1922.087036	13800.399414
2009	06	0.000000	-2.335653	18.071566	18.071566	-0.000007	-0.000007	15.735914	137.860733	3.266631	0.000000	11270.028320	1921.910889	13799.808594
2009	06	0.000000	-2.461498	18.679483	18.679483	-0.000007	-0.000007	16.217987	130.062103	2.946393	0.000000	11269.776367	1921.733276	13799.199219
2009	06	0.000000	-2.131506	17.297264	17.297264	-0.000007	-0.000007	15.165758	82.194290	1.206389	0.000000	11269.526367	1921.556152	13798.598633
2009	07	0.000000	-2.327523	27.643003	27.643003	-0.000010	-0.000010	25.315479	76.625641	56.433384	0.000000	11269.307617	1921.380005	13797.982422
2009	07	0.000000	-2.439028	39.928490	39.928490	-0.000015	-0.000015	37.489460	52.720020	115.772537	0.000000	11269.201172	1921.203125	13796.772461
2009	07	0.000000	-2.487515	31.273832	31.273832	-0.000012	-0.000012	28.786316	72.358246	54.422375	0.000000	11268.982422	1921.025391	13795.642578
2009	07	0.000000	-2.510315	26.871805	26.871805	-0.000010	-0.000010	24.361492	108.590286	28.872320	0.000000	11268.698242	1920.847168	13794.718750
2009	07	0.000000	-2.347311	23.642946	23.642946	-0.000009	-0.000009	21.295635	124.445122	18.841246	0.000000	11268.385742	1920.669312	13793.910156
2009	07	0.000000	-2.426394	22.943129	22.943129	-0.000009	-0.000009	20.516737	110.520760	13.386101	0.000000	11268.075195	1920.491577	13793.168945
2009	07	0.000000	-2.502163	22.700550	22.700550	-0.000008	-0.000008	20.198387	116.946869	12.805367	0.000000	11267.755859	1920.312866	13792.433594
2009	07	0.000000	-2.312577	21.518906	21.518906	-0.000008	-0.000008	19.206329	128.441620	9.654697	0.000000	11267.442383	1920.134644	13791.723633
2009	07	0.000000	-2.393474	21.634354	21.634354	-0.000008	-0.000008	19.240881	128.066849	8.482442	0.000000	11267.135742	1919.956421	13791.032227
2009	07	0.000000	-2.402817	21.513844	21.513844	-0.000008	-0.000008	19.111027	106.827759	6.860200	0.000000	11266.825195	1919.777710	13790.334961
2009	07	0.000000	-2.546962	21.611568	21.611568	-0.000008	-0.000008	19.064606	75.698524	5.768087	0.000000	11266.519531	1919.598633	13789.646484
2009	07	0.000000	-2.576308	21.950743	21.950743	-0.000008	-0.000008	19.374434	98.524048	6.622341	0.000000	11266.211914	1919.418823	13788.958008
2009	07	0.000000	-2.670922	22.447033	22.447033	-0.000008	-0.000008	19.776112	93.173744	6.218297	0.000000	11265.892578	1919.237793	13788.245117
2009	07	0.000000	-2.483798	21.406363	21.406363	-0.000008	-0.000008	18.922564	67.668488	4.011145	0.000000	11265.576172	1919.057007	13787.540039
2009	07	0.000000	-2.347102	20.269966	20.269966	-0.000008	-0.000008	17.922863	99.089630	6.347745	0.000000	11265.279297	1918.877686	13786.875977
2009	07	0.000000	-2.473105	20.733723	20.733723	-0.000008	-0.000008	18.260616	126.564354	6.547500	0.000000	11264.987305	1918.697998	13786.222656
2009	07	0.000000	-2.537908	21.007296	21.007296	-0.000008	-0.000008	18.469387	114.922165	5.127916	0.000000	11264.689453	1918.517700	13785.555664
2009	07	0.000000	-2.865459	22.595858	22.595858	-0.000008	-0.000008	19.730398	95.214264	4.427257	0.000000	11264.377930	1918.335449	13784.863281
2009	07	0.000000	-2.890751	23.251852	23.251852	-0.000009	-0.000009	20.361099	94.074440	4.165840	0.000000	11264.043945	1918.151245	13784.128906
2009	07	0.000000	-2.708671	22.410297	22.410297	-0.000008	-0.000008	19.701628	88.488892	3.345059	0.000000	11263.713867	1917.967896	13783.406250
2009	07	0.000000	-2.816240	22.843695	22.843695	-0.000009	-0.000009	20.027452	111.244324	4.552145	0.000000	11263.386719	1917.784058	13782.690430
2009	07	0.000000	-2.606022	21.718475	21.718475	-0.000008	-0.000008	19.112453	98.765808	3.743638	0.000000	11263.057617	1917.600342	13781.973633
2009	07	0.000000	-2.426874	20.780693	20.780693	-0.000008	-0.000008	18.353819	132.474579	4.075596	0.000000	11262.748047	1917.417847	13781.295898
2009	07	0.000000	-2.311734	19.981886	19.981886	-0.000007	-0.000007	17.670151	140.256592	3.788565	0.000000	11262.450195	1917.236328	13780.638672
2009	07	0.000000	-2.255593	19.474203	19.474203	-0.000007	-0.000007	17.218609	136.229858	3.329286	0.000000	11262.161133	1917.055298	13780.000000
2009	07	0.000000	-2.211089	19.137455	19.137455	-0.000007	-0.000007	16.926365	136.920380	3.126313	0.000000	11261.878906	1916.874878	13779.375977
2009	07	0.000000	-2.238165	19.132187	19.132187	-0.000007	-0.000007	16.894022	118.303917	2.597307	0.000000	11261.598633	1916.694580	13778.755859
2009	07	0.000000	-2.491708	19.914223	19.914223	-0.000007	-0.000007	17.422514	123.527832	3.817857	0.000000	11261.313477	1916.513306	13778.125977
2009	07	0.000000	-2.318257	19.266191	19.266191	-0.000007	-0.000007	16.947935	130.078812	3.392445	0.000000	11261.025391	1916.331543	13777.489258
2009	07	0.000000	-2.236247	18.649960	18.649960	-0.000007	-0.000007	16.413712	113.979523	2.668028	0.000000	11260.747070	1916.150879	13776.875977
2009	07	0.000000	-2.172048	18.218143	18.218143	-0.000007	-0.000007	16.046095	135.771881	2.952610	0.000000	11260.478516	1915.971069	13776.281250
2009	08	0.000000	-2.080707	17.737671	17.737671	-0.000007	-0.000007	15.656963	135.826294	2.727163	0.000000	11260.214844	1915.791870	13775.696289
2009	08	0.000000	-2.097705	17.614565	17.614565	-0.000007	-0.000007	15.516859	126.984077	2.707679	0.000000	11259.956055	1915.613159	13775.120117
2009	08	0.000000	-1.981019	17.101086	17.101086	-0.000006	-0.000006	15.120066	130.893875	2.411778	0.000000	11259.701172	1915.434937	13774.552734
2009	08	0.000000	-2.008430	17.070038	17.070038	-0.000006	-0.000006	15.061608	127.421844	2.363779	0.000000	11259.450195	1915.257324	13773.994141
2009	08	0.000000	-2.092582	17.329144	17.329144	-0.000006	-0.000006	15.236562	119.853310	2.492013	0.000000	11259.198242	1915.079468	13773.432617
2009	08	0.000000	-2.182001	17.536848	17.536848	-0.000007	-0.000007	15.354848	76.269249	1.864472	0.000000	11258.941406	1914.901123	13772.863281
2009	08	0.000000	-2.214374	17.556847	17.556847	-0.000007	-0.000007	15.342473	107.283852	2.864094	0.000000	11258.685547	1914.722534	13772.295898
2009	08	0.000000	-1.952162	16.754677	16.754677	-0.000006	-0.000006	14.802514	133.413391	2.416171	0.000000	11258.432617	1914.544922	13771.735352
2009	08	0.000000	-1.919970	16.383438	16.383438	-0.000006	-0.000006	14.463468	130.517487	2.293440	0.000000	11258.188477	1914.368774	13771.194336
2009	08	0.000000	-1.945160	16.284887	16.284887	-0.000006	-0.000006	14.339726	117.815010	2.241875	0.000000	11257.949219	1914.192993	13770.660156
2009	08	0.000000	-2.144609	17.040625	17.040625	-0.000006	-0.000006	14.896017	114.197319	2.614257	0.000000	11257.704102	1914.016479	13770.116211
2009	08	0.000000	-2.259069	17.458670	17.458670	-0.000007	-0.000007	15.199599	105.892494	2.612450	0.000000	11257.451172	1913.839111	13769.558594
2009	08	0.000000	-2.389618	18.174475	18.174475	-0.000007	-0.000007	15.784855	94.986534	2.109063	0.000000	11257.191406	1913.660889	13768.986328
2009	08	0.000000	-2.410528	18.516581	18.516581	-0.000007	-0.000007	16.106050	79.569962	1.856185	0.000000	11256.918945	1913.481934	13768.392578
2009	08	0.000000	-2.616244	19.224274	19.224274	-0.000007	-0.000007	16.608028	89.432861	2.553955	0.000000	11256.642578	1913.302002	13767.792969
2009	08	0.000000	-2.412726	18.690948	18.690948	-0.000007	-0.000007	16.278223	100.038719	2.439522	0.000000	11256.358398	1913.121948	13767.182617
2009	08	0.000000	-2.230981	17.723804	17.723804	-0.000007	-0.000007	15.492823	97.404945	1.915089	0.000000	11256.088867	1912.943481	13766.598633
2009	08	0.000000	-2.270887	17.507795	17.507795	-0.000007	-0.000007	15.236908	64.686424	1.743102	0.000000	11255.825195	1912.765137	13766.028320
2009	08	0.000000	-2.350109	17.757578	17.757578	-0.000007	-0.000007	15.407469	103.731010	2.582902	0.000000	11255.566406	1912.586426	13765.463867
2009	08	0.000000	-2.263486	17.653715	17.653715	-0.000007	-0.000007	15.390229	110.671593	2.308252	0.000000	11255.301758	1912.407715	13764.891602
2009	08	0.000000	-2.191355	17.275620	17.275620	-0.000006	-0.000006	15.084266	110.189072	2.080330	0.000000	11255.041992	1912.229858	13764.328125
2009	08	0.000000	-2.242384	17.396999	17.396999	-0.000006	-0.000006	15.154615	99.991570	1.912478	0.000000	11254.784180	1912.052124	13763.769531
2009	08	0.000000	-2.316380	17.766630	17.766630	-0.000007	-0.000007	15.450251	87.754639	1.728245	0.000000	11254.520508	1911.873657	13763.200195
2009	08	0.000000	-2.316910	17.692324	17.692324	-0.000007	-0.000007	15.375414	56.763672	1.376258	0.000000	11254.253906	1911.694702	13762.624023
2009	08	0.000000	-2.209648	17.137894	17.137894	-0.000006	-0.000006	14.928246	86.305840	1.916537	0.000000	11253.995117	1911.516602	13762.067383
2009	08	0.000000	-2.162399	16.902235	16.902235	-0.000006	-0.000006	14.739836	85.928619	1.773099	0.000000	11253.740234	1911.339111	13761.515625
2009	08	0.000000	-2.248471	17.222757	17.222757	-0.000006	-0.000006	14.974288	100.511078	2.135158	0.000000	11253.485352	1911.161499	13760.964844
2009	08	0.000000	-2.302073	17.573833	17.573833	-0.000007	-0.000007	15.271761	87.149391	1.653535	0.000000	11253.225586	1910.983276	13760.403320
2009	08	0.000000	-2.260575	17.560720	17.560720	-0.000007	-0.000007	15.300148	77.903282	1.510279	0.000000	11252.957031	1910.804565	13759.828125
2009	08	0.000000	-2.210988	17.273121	17.273121	-0.000006	-0.000006	15.062133	91.921196	1.838928	0.000000	11252.697266	1910.626953	13759.271484
2009	08	7.087884	2.825525	49.232388	42.144505	-0.000016	-0.000016	44.970028	29.985312	124.920448	19036.001953	11252.547852	1910.479736	13758.229492
2009	09	17.173019	8.560914	42.685017	25.511993	-0.000010	-0.000010	34.072906	22.993174	113.130775	47659.144531	11252.340820	1910.542847	13757.128906
2009	09	22.629673	10.894837	42.577049	19.947378	-0.000008	-0.000008	30.842215	27.110796	87.761887	62802.632812	11252.063477	1910.815308	13756.447266
2009	09	25.763817	11.115290	42.538609	16.774794	-0.000006	-0.000006	27.890083	33.090069	81.453522	71500.609375	11251.751953	1911.140869	13755.884766
2009	09	36.135693	16.736137	43.409031	7.273340	-0.000003	-0.000003	24.009480	59.593918	66.211075	100285.000000	11251.413086	1911.545532	13755.518555
2009	09	46.753880	24.184017	43.444637	-3.309246	0.000001	0.000001	20.874771	82.744026	52.224312	129752.960938	11251.072266	1912.272827	13755.611328
2009	09	55.965126	29.301283	46.616138	-9.348992	0.000004	0.000004	19.952291	66.252190	49.369228	155316.312500	11250.741211	1913.154419	13755.918945
2009	09	75.868004	42.838184	52.940895	-22.927111	0.000009	0.000009	19.911074	35.569382	56.631107	210551.453125	11250.423828	1914.256470	13756.459961
2009	09	96.302361	56.693844	58.251778	-38.050587	0.000015	0.000015	18.643257	14.811379	58.596443	267261.593750	11250.120117	1915.887085	13757.545898
2009	09	105.661385	64.483986	69.788841	-35.872536	0.000014	0.000014	28.611452	23.862295	143.659485	293235.031250	11249.836914	1917.988159	13758.988281
2009	09	104.294075	62.298714	68.037125	-36.256943	0.000014	0.000014	26.041771	22.280315	115.952072	289440.437500	11249.548828	1920.297852	13760.471680
2009	09	85.468002	45.545322	62.722542	-22.745466	0.000009	0.000009	22.799854	36.785175	97.870155	237193.703125	11249.259766	1922.357056	13761.820312
2009	09	66.518761	28.666483	58.503006	-8.015757	0.000003	0.000003	20.650728	57.259998	72.916389	184605.125000	11248.959961	1923.938843	13762.780273
2009	09	88.308624	46.356522	58.985996	-29.322626	0.000011	0.000011	17.033895	62.071671	65.368576	245077.078125	11248.655273	1925.126709	13763.448242
2009	09	96.510048	51.924202	60.005215	-36.504833	0.000014	0.000014	15.419366	69.884689	61.627354	267837.937500	11248.369141	1926.933960	13764.821289
2009	09	110.297134	62.192730	61.984280	-48.312851	0.000019	0.000019	13.879879	80.060089	59.736126	306100.312500	11248.098633	1928.887207	13766.390625
2009	09	112.056068	63.871254	61.061138	-50.994934	0.000020	0.000020	12.876324	87.696594	57.373238	310981.781250	11247.850586	1931.186523	13768.352539
2009	09	116.203369	67.337257	60.932148	-55.271225	0.000021	0.000021	12.066040	81.779579	58.642071	322491.531250	11247.617188	1933.472290	13770.328125
2009	09	136.440445	80.391319	67.589821	-68.850624	0.000027	0.000027	11.540697	16.884752	63.208378	378654.125000	11247.396484	1935.910156	13772.476562
2009	09	139.373199	82.761482	67.764320	-71.608871	0.000028	0.000028	11.152609	31.088158	64.903992	386793.218750	11247.190430	1938.761597	13775.061523
2009	09	169.566559	104.750778	80.283501	-89.283058	0.000034	0.000034	15.467727	-2.170730	96.436790	470586.843750	11247.008789	1941.844604	13777.818359
2009	09	121.001862	67.022446	67.961037	-53.040825	0.000020	0.000020	13.981619	40.462753	74.770180	335808.468750	11246.851562	1945.277710	13780.848633
2009	09	105.469894	55.416313	61.139473	-44.330418	0.000017	0.000017	11.085896	36.162712	58.486542	292703.625000	11246.684570	1947.589233	13782.848633
2009	09	59.711678	20.103350	48.897064	-10.814613	0.000004	0.000004	9.288733	65.851273	44.997986	165713.875000	11246.518555	1949.347046	13784.378906
2009	09	90.392654	44.930046	54.143753	-36.248901	0.000014	0.000014	8.681145	59.264809	50.680355	250860.734375	11246.357422	1950.279175	13785.118164
2009	09	108.308144	58.422180	57.990730	-50.317410	0.000019	0.000019	8.104772	69.025688	52.895412	300580.406250	11246.205078	1952.110962	13786.776367
2009	09	82.536995	38.671555	51.510098	-31.026896	0.000012	0.000012	7.644660	78.768974	40.478157	229059.468750	11246.063477	1954.028564	13788.540039
2009	09	80.894836	39.173443	48.944221	-31.950615	0.000012	0.000012	7.222829	64.377663	42.669838	224502.078125	11245.930664	1955.366455	13789.737305
2009	09	79.706123	35.732849	51.125813	-28.580313	0.000011	0.000011	7.152535	56.083000	45.800346	221203.125000	11245.802734	1956.704224	13790.943359
2009	09	65.113457	26.119549	45.857887	-19.255571	0.000007	0.000007	6.863979	61.283115	39.411396	180705.062500	11245.679688	1957.920166	13792.032227
2009	09	76.733910	35.000092	48.344849	-28.389063	0.000011	0.000011	6.611031	73.576660	38.675941	212954.546875	11245.560547	1958.906860	13792.902344
2009	10	85.474388	41.739044	50.176617	-35.297768	0.000013	0.000013	6.441276	77.967384	36.168640	229559.421875	11245.449219	1960.151001	13794.039062
2009	10	61.491005	25.655962	41.896179	-19.594824	0.000007	0.000007	6.061139	69.466293	28.848034	165147.015625	11245.345703	1961.442871	13795.238281
2009	10	75.582100	36.521587	44.978985	-30.603119	0.000011	0.000011	5.918470	65.245125	36.088398	202991.625000	11245.247070	1962.305786	13796.015625
2009	10	80.190849	39.560741	46.392921	-33.797932	0.000013	0.000013	5.762811	70.945778	32.221527	215369.375000	11245.152344	1963.513428	13797.141602
2009	10	96.874687	51.318954	51.166630	-45.708057	0.000017	0.000017	5.610899	77.943169	37.192627	260177.312500	11245.059570	1964.810547	13798.363281
2009	10	94.732872	52.985542	46.923874	-47.808994	0.000018	0.000018	5.176550	80.988716	26.846476	254425.031250	11244.973633	1966.510620	13799.997070
2009	10	82.008286	44.526577	42.339806	-39.668476	0.000015	0.000015	4.858097	67.373215	27.470127	220250.468750	11244.894531	1968.081421	13801.514648
2009	10	112.303558	67.605553	49.439632	-62.863934	0.000023	0.000023	4.741621	29.768326	31.766867	301614.812500	11244.819336	1969.561646	13802.947266
2009	10	101.563240	60.122749	45.947701	-55.615536	0.000021	0.000021	4.507210	56.579830	29.183353	272769.406250	11244.748047	1971.649048	13804.994141
2009	10	69.466797	35.272755	38.639572	-30.827221	0.000012	0.000012	4.445535	56.065586	28.184059	186567.671875	11244.679688	1973.310059	13806.667969
2009	10	76.572784	39.918064	41.350964	-35.221821	0.000013	0.000013	4.696241	64.515717	28.879425	205652.296875	11244.616211	1973.493408	13807.667969
2009	10	81.186478	43.782635	42.485088	-38.701389	0.000014	0.000014	5.081246	70.300201	27.858910	218043.359375	11244.567383	1972.459106	13808.861328
2009	10	74.468742	39.391903	40.768414	-33.700325	0.000013	0.000013	5.691578	63.419506	26.820568	200001.468750	11244.549805	1970.036987	13810.089844
2009	10	75.655800	40.950283	41.282459	-34.373341	0.000013	0.000013	6.576945	64.531380	27.263647	203189.562500	11244.573242	1966.059326	13811.174805
2009	10	55.622955	26.000429	37.335644	-18.287312	0.000007	0.000007	7.713118	63.222614	20.069700	149387.125000	11244.647461	1960.583618	13812.166016
2009	10	40.511410	15.086637	34.621380	-5.890027	0.000002	0.000002	9.196609	49.414192	19.850834	108801.906250	11244.783203	1953.176758	13812.620117
2009	10	38.495941	13.629691	36.088356	-2.407584	0.000001	0.000001	11.222107	42.707031	21.468571	103388.937500	11244.996094	1944.070679	13812.751953
2009	10	38.984028	13.214045	39.601440	0.617410	-0.000000	-0.000000	13.831453	33.878891	23.251730	104699.796875	11245.308594	1933.471558	13812.749023
2009	10	33.851189	10.100432	40.135983	6.284796	-0.000002	-0.000002	16.385229	48.640598	19.508930	90914.476562	11245.731445	1921.424072	13812.644531
2009	10	37.916653	14.894411	41.643585	3.726932	-0.000001	-0.000001	18.621344	70.838028	17.193323	101833.140625	11246.261719	1907.885864	13812.401367
2009	10	33.903069	15.660528	37.156498	3.253429	-0.000001	-0.000001	18.913958	81.144058	9.178728	91053.812500	11246.865234	1893.024048	13812.217773
2009	10	27.262194	13.551484	32.910900	5.648708	-0.000002	-0.000002	19.200193	84.129700	8.134217	73218.351562	11247.488281	1876.677002	13811.977539
2009	10	14.353313	4.880416	31.295181	16.941868	-0.000006	-0.000006	21.822283	72.735352	5.417250	38548.839844	11248.191406	1858.748169	13811.523438
2009	10	4.196398	-1.538642	31.119953	26.923555	-0.000010	-0.000010	25.384912	68.325935	2.411039	11270.309570	11249.039062	1839.127197	13810.675781
2009	10	0.199730	-2.854229	31.076748	30.877020	-0.000012	-0.000012	28.022789	66.443268	0.727463	536.417603	11250.033203	1821.401978	13809.552734
2009	10	0.000000	-2.494938	28.993694	28.993694	-0.000011	-0.000011	26.498755	65.618401	0.012119	0.000000	11251.041016	1819.005737	13808.389648
2009	10	0.000000	-2.633608	28.543695	28.543695	-0.000011	-0.000011	25.910088	65.293930	1.608664	0.000000	11251.986328	1818.634155	13807.271484
2009	10	0.000000	-2.382170	26.102961	26.102961	-0.000010	-0.000010	23.720787	77.582687	2.361392	0.000000	11252.862305	1818.269165	13806.204102
2009	10	0.000000	-1.890917	42.128006	42.128006	-0.000016	-0.000016	40.237091	79.114067	21.219826	0.000000	11254.009766	1817.911987	13804.937500
2009	10	0.000000	-1.552172	22.062796	22.062796	-0.000008	-0.000008	20.510624	78.706985	7.138574	0.000000	11255.102539	1817.563721	13803.696289
2009	10	0.000000	-1.757746	21.266090	21.266090	-0.000008	-0.000008	19.508345	66.582283	4.921124	0.000000	11255.715820	1817.221924	13802.812500
2009	11	0.000000	-2.150580	20.880468	20.880468	-0.000008	-0.000008	18.729887	40.304466	5.430930	0.000000	11256.317383	1816.885010	13801.951172
2009	11	0.000000	-2.684721	21.673803	21.673803	-0.000008	-0.000008	18.989084	30.010443	3.720016	0.000000	11256.930664	1816.551514	13801.090820
2009	11	0.000000	-2.618880	21.706182	21.706182	-0.000008	-0.000008	19.087301	33.696571	1.465354	0.000000	11257.562500	1816.221191	13800.212891
2009	11	0.000000	-2.914047	21.995142	21.995142	-0.000008	-0.000008	19.081095	40.234329	2.520102	0.000000	11258.158203	1815.895874	13799.360352
2009	11	0.000000	-2.613866	22.393715	22.393715	-0.000009	-0.000009	19.779848	39.634010	12.162347	0.000000	11258.751953	1815.573975	13798.497070
2009	11	0.000000	-2.594038	28.995092	28.995092	-0.000011	-0.000011	26.401054	50.367714	18.817820	0.000000	11259.390625	1815.258179	13797.505859
2009	11	0.000000	-2.382309	24.915291	24.915291	-0.000010	-0.000010	22.532980	31.023005	9.248419	0.000000	11260.048828	1814.947021	13796.471680
2009	11	0.000000	-2.592386	23.979534	23.979534	-0.000009	-0.000009	21.387150	37.582275	5.466390	0.000000	11260.639648	1814.639648	13795.531250
2009	11	0.000000	-2.250532	20.872404	20.872404	-0.000008	-0.000008	18.621872	45.701157	2.398144	0.000000	11261.170898	1814.337036	13794.660156
2009	11	0.000000	-2.421377	21.054409	21.054409	-0.000008	-0.000008	18.633030	40.837898	4.175980	0.000000	11261.642578	1814.038818	13793.843750
2009	11	0.000000	-2.448459	20.423893	20.423893	-0.000008	-0.000008	17.975433	29.101233	4.216217	0.000000	11262.086914	1813.744385	13793.041016
2009	11	0.000000	-2.554560	21.461819	21.461819	-0.000008	-0.000008	18.907257	48.629623	8.696317	0.000000	11262.508789	1813.453247	13792.232422
2009	11	0.000000	-2.064181	18.316385	18.316385	-0.000007	-0.000007	16.252205	62.808212	5.759201	0.000000	11262.902344	1813.166382	13791.452148
2009	11	0.000000	-1.678045	18.406736	18.406736	-0.000007	-0.000007	16.728691	62.121452	26.923496	0.000000	11263.235352	1812.885010	13790.734375
2009	11	0.000000	-1.576007	20.162222	20.162222	-0.000008	-0.000008	18.586216	41.270878	12.563740	0.000000	11263.569336	1812.609497	13789.967773
2009	11	0.000000	-1.608093	20.825687	20.825687	-0.000008	-0.000008	19.217596	61.745663	14.482438	0.000000	11263.916992	1812.337646	13789.165039
2009	11	0.000000	-1.796535	19.868765	19.868765	-0.000008	-0.000008	18.072229	38.155975	12.191602	0.000000	11264.249023	1812.069702	13788.380859
2009	11	0.000000	-2.038796	19.700649	19.700649	-0.000008	-0.000008	17.661854	27.739374	9.379611	0.000000	11264.563477	1811.804321	13787.618164
2009	11	0.000000	-2.006354	18.996847	18.996847	-0.000007	-0.000007	16.990494	48.252190	5.874054	0.000000	11264.869141	1811.541382	13786.865234
2009	11	0.000000	-1.804467	20.417746	20.417746	-0.000008	-0.000008	18.613277	40.354595	14.384422	0.000000	11265.153320	1811.282349	13786.124023
2009	11	0.000000	-1.861174	20.134670	20.134670	-0.000008	-0.000008	18.273495	38.962387	9.768041	0.000000	11265.434570	1811.027344	13785.353516
2009	11	0.000000	-1.832428	18.889050	18.889050	-0.000007	-0.000007	17.056622	47.775677	9.807182	0.000000	11265.702148	1810.774902	13784.603516
2009	11	0.000000	-1.762744	17.037708	17.037708	-0.000007	-0.000007	15.274964	40.897839	5.228728	0.000000	11265.938477	1810.526001	13783.918945
2009	11	0.000000	-1.749190	16.920832	16.920832	-0.000007	-0.000007	15.171642	50.338425	3.919535	0.000000	11266.156250	1810.280029	13783.263672
2009	11	0.000000	-1.938353	16.543655	16.543655	-0.000006	-0.000006	14.605302	23.274441	6.569949	0.000000	11266.362305	1810.036865	13782.625000
2009	11	0.000000	-2.033038	15.871934	15.871934	-0.000006	-0.000006	13.838897	22.486332	5.353090	0.000000	11266.555664	1809.795654	13782.007812
2009	11	0.000000	-2.139292	15.492198	15.492198	-0.000006	-0.000006	13.352905	20.664833	3.734409	0.000000	11266.737305	1809.556519	13781.414062
2009	11	0.000000	-2.105048	15.119334	15.119334	-0.000006	-0.000006	13.014286	38.568737	2.782842	0.000000	11266.909180	1809.319336	13780.832031
2009	11	0.000000	-1.834314	13.652013	13.652013	-0.000005	-0.000005	11.817698	36.055405	2.476435	0.000000	11267.061523	1809.085083	13780.282227
2009	11	0.000000	-1.593270	15.576135	15.576135	-0.000006	-0.000006	13.982864	39.902748	12.277871	0.000000	11267.213867	1808.854370	13779.729492
2009	12	0.000000	-1.662290	16.028494	16.028494	-0.000006	-0.000006	14.366203	40.242081	9.796215	0.000000	11267.379883	1808.626587	13779.128906
2009	12	0.000000	-1.584654	15.212631	15.212631	-0.000006	-0.000006	13.627976	46.009804	9.057989	0.000000	11267.533203	1808.401489	13778.555664
2009	12	0.000000	-1.495554	14.515792	14.515792	-0.000005	-0.000005	13.020237	47.620472	5.405857	0.000000	11267.676758	1808.179443	13778.003906
2009	12	0.000000	-1.485566	13.846005	13.846005	-0.000005	-0.000005	12.360438	43.926838	4.094856	0.000000	11267.812500	1807.959717	13777.470703
2009	12	0.000000	-1.473354	13.520022	13.520022	-0.000005	-0.000005	12.046668	58.760612	3.590650	0.000000	11267.940430	1807.742432	13776.959961
2009	12	0.000000	-1.484254	13.072498	13.072498	-0.000005	-0.000005	11.588246	40.463078	6.175905	0.000000	11268.060547	1807.527588	13776.465820
2009	12	0.000000	-1.636822	14.874357	14.874357	-0.000006	-0.000006	13.237535	46.034485	11.458782	0.000000	11268.184570	1807.314575	13775.954102
2009	12	0.000000	-1.611859	14.450846	14.450846	-0.000005	-0.000005	12.838987	37.592556	12.303990	0.000000	11268.316406	1807.103394	13775.416992
2009	12	0.000000	-1.339510	17.175198	17.175198	-0.000006	-0.000006	15.835688	56.268127	40.210442	0.000000	11268.452148	1806.894531	13774.858398
2009	12	0.000000	-1.274114	16.693096	16.693096	-0.000006	-0.000006	15.418982	46.913845	12.250979	0.000000	11268.603516	1806.689209	13774.242188
2009	12	0.000000	-1.391708	17.288357	17.288357	-0.000006	-0.000006	15.896648	37.353691	11.217183	0.000000	11268.750977	1806.485474	13773.628906
2009	12	0.000000	-1.417960	17.514482	17.514482	-0.000007	-0.000007	16.096523	45.947765	8.273828	0.000000	11268.900391	1806.283325	13773.002930
2009	12	0.000000	-1.444865	16.806471	16.806471	-0.000006	-0.000006	15.361607	45.553482	6.760973	0.000000	11269.040039	1806.083374	13772.402344
2009	12	0.000000	-1.480583	16.485039	16.485039	-0.000006	-0.000006	15.004454	42.907955	8.030822	0.000000	11269.175781	1805.884766	13771.806641
2009	12	0.000000	-1.453191	16.498795	16.498795	-0.000006	-0.000006	15.045603	39.285503	10.443893	0.000000	11269.302734	1805.687866	13771.229492
2009	12	0.000000	-1.542478	17.134020	17.134020	-0.000006	-0.000006	15.591542	34.629887	9.133814	0.000000	11269.434570	1805.492798	13770.639648
2009	12	0.000000	-1.739917	17.318636	17.318636	-0.000006	-0.000006	15.578719	14.257524	8.600402	0.000000	11269.566406	1805.298584	13770.041992
2009	12	0.000000	-1.783562	21.536501	21.536501	-0.000008	-0.000008	19.752937	37.450630	18.387609	0.000000	11269.708008	1805.104980	13769.386719
2009	12	0.000000	-1.796604	21.587666	21.587666	-0.000008	-0.000008	19.791061	20.446827	8.244039	0.000000	11269.875977	1804.912842	13768.641602
2009	12	0.000000	-1.734433	20.504827	20.504827	-0.000008	-0.000008	18.770393	27.206675	7.883413	0.000000	11270.033203	1804.721802	13767.922852
2009	12	0.000000	-1.633817	18.491867	18.491867	-0.000007	-0.000007	16.858051	30.713900	9.605182	0.000000	11270.171875	1804.532349	13767.259766
2009	12	0.000000	-1.577105	17.401672	17.401672	-0.000006	-0.000006	15.824567	37.497879	6.503179	0.000000	11270.294922	1804.344482	13766.645508
2009	12	0.000000	-1.518898	17.879559	17.879559	-0.000007	-0.000007	16.360661	35.479816	13.922027	0.000000	11270.416992	1804.157715	13766.029297
2009	12	0.000000	-1.324158	18.846256	18.846256	-0.000007	-0.000007	17.522099	36.813965	23.390751	0.000000	11270.542969	1803.973022	13765.407227
2009	12	0.000000	-1.254392	17.817163	17.817163	-0.000007	-0.000007	16.562773	45.063889	8.664678	0.000000	11270.671875	1803.790405	13764.775391
2009	12	0.000000	-1.252372	16.829273	16.829273	-0.000006	-0.000006	15.576901	50.980484	8.212705	0.000000	11270.789062	1803.609253	13764.175781
2009	12	0.000000	-1.272468	16.307541	16.307541	-0.000006	-0.000006	15.035074	48.758484	6.534955	0.000000	11270.897461	1803.429443	13763.603516
2009	12	0.000000	-1.408471	17.296694	17.296694	-0.000006	-0.000006	15.888223	33.601276	8.389692	0.000000	11271.007812	1803.250488	13763.018555
2009	12	0.000000	-1.527053	18.413954	18.413954	-0.000007	-0.000007	16.886902	33.512722	11.450426	0.000000	11271.121094	1803.072388	13762.412109
2009	12	0.000000	-1.569412	20.467197	20.467197	-0.000008	-0.000008	18.897785	33.920994	30.923183	0.000000	11271.242188	1802.894653	13761.766602
2009	12	0.000000	-1.562500	22.029324	22.029324	-0.000008	-0.000008	20.466824	32.548344	16.076231	0.000000	11271.381836	1802.718262	13761.045898
2010	01	0.000000	-1.483746	20.877050	20.877050	-0.000008	-0.000008	19.393305	39.772377	11.610561	0.000000	11271.518555	1802.542603	13760.319336
2010	01	0.000000	-1.526868	19.579889	19.579889	-0.000007	-0.000007	18.053020	18.805805	11.000588	0.000000	11271.639648	1802.368286	13759.646484
2010	01	0.000000	-1.634482	19.644588	19.644588	-0.000007	-0.000007	18.010107	17.637579	9.483557	0.000000	11271.752930	1802.194336	13758.991211
2010	01	0.000000	-1.642110	19.417356	19.417356	-0.000007	-0.000007	17.775248	26.827566	6.308400	0.000000	11271.862305	1802.020996	13758.338867
2010	01	0.000000	-1.652074	18.611126	18.611126	-0.000007	-0.000007	16.959051	19.086580	9.397847	0.000000	11271.966797	1801.848267	13757.699219
2010	01	0.000000	-1.740186	18.197401	18.197401	-0.000007	-0.000007	16.457214	16.606819	7.185221	0.000000	11272.061523	1801.676147	13757.088867
2010	01	0.000000	-1.690362	17.830730	17.830730	-0.000007	-0.000007	16.140368	35.764473	5.003754	0.000000	11272.150391	1801.504395	13756.485352
2010	01	0.000000	-1.601646	16.692728	16.692728	-0.000006	-0.000006	15.091083	38.879200	4.381727	0.000000	11272.231445	1801.333740	13755.914062
2010	01	0.000000	-1.525212	15.846683	15.846683	-0.000006	-0.000006	14.321471	44.520496	3.193882	0.000000	11272.305664	1801.163940	13755.368164
2010	01	0.000000	-1.590161	15.671784	15.671784	-0.000006	-0.000006	14.081624	33.729176	3.776185	0.000000	11272.375000	1800.994873	13754.838867
2010	01	0.000000	-1.625870	15.299737	15.299737	-0.000006	-0.000006	13.673865	37.319332	4.484168	0.000000	11272.440430	1800.826294	13754.320312
2010	01	0.000000	-1.639907	15.017487	15.017487	-0.000006	-0.000006	13.377579	39.100487	3.297515	0.000000	11272.500977	1800.658081	13753.812500
2010	01	0.000000	-1.623715	14.464602	14.464602	-0.000005	-0.000005	12.840888	35.807449	3.079485	0.000000	11272.556641	1800.490601	13753.322266
2010	01	0.000000	-1.579494	13.927386	13.927386	-0.000005	-0.000005	12.347893	32.993046	2.319611	0.000000	11272.607422	1800.323608	13752.845703
2010	01	0.000000	-1.506172	16.269453	16.269453	-0.000006	-0.000006	14.763281	39.672592	13.176414	0.000000	11272.661133	1800.157349	13752.358398
2010	01	0.000000	-1.452288	17.558210	17.558210	-0.000007	-0.000007	16.105923	33.160625	12.423831	0.000000	11272.747070	1799.992310	13751.780273
2010	01	0.000000	-1.525259	16.719339	16.719339	-0.000006	-0.000006	15.194081	30.020687	8.333883	0.000000	11272.829102	1799.827759	13751.212891
2010	01	0.000000	-1.521412	15.993717	15.993717	-0.000006	-0.000006	14.472304	33.995018	6.927191	0.000000	11272.902344	1799.663574	13750.662109
2010	01	0.000000	-1.503344	17.191607	17.191607	-0.000006	-0.000006	15.688263	4.509585	20.404875	0.000000	11272.966797	1799.499756	13750.130859
2010	01	0.000000	-1.495701	22.694422	22.694422	-0.000008	-0.000008	21.198721	13.729304	29.877789	0.000000	11273.068359	1799.336670	13749.443359
2010	01	0.216512	-1.325394	29.102049	28.885536	-0.000011	-0.000011	27.560143	18.526533	47.233093	581.489075	11273.184570	1799.174194	13748.643555
2010	01	7.612297	3.834869	37.918026	30.305729	-0.000011	-0.000011	34.140594	24.576855	46.304863	20444.423828	11273.340820	1799.043213	13747.563477
2010	01	11.145649	5.889222	44.407715	33.262066	-0.000012	-0.000012	39.151287	27.155884	58.864384	29933.980469	11273.497070	1799.064453	13746.506836
2010	01	16.484936	9.634011	42.732540	26.247606	-0.000010	-0.000010	35.881618	42.011547	35.483330	44273.757812	11273.639648	1799.177734	13745.500000
2010	01	25.627325	16.113041	42.674160	17.046835	-0.000006	-0.000006	33.159878	56.052273	26.459927	68827.570312	11273.756836	1799.435425	13744.750977
2010	01	33.262642	21.042599	44.305630	11.042991	-0.000004	-0.000004	32.085590	37.157360	25.531387	89333.812500	11273.859375	1799.892822	13744.270508
2010	01	42.749035	27.162828	49.240891	6.491859	-0.000002	-0.000002	33.654686	21.623566	37.773262	114811.507812	11273.959961	1800.539307	13743.946289
2010	01	50.599598	32.103275	52.997425	2.397825	-0.000001	-0.000001	34.501102	29.944250	38.506538	135895.859375	11274.057617	1801.388306	13743.787109
2010	01	48.584175	30.330225	51.812408	3.228234	-0.000001	-0.000001	33.558456	26.212194	27.699541	130483.023438	11274.148438	1802.358276	13743.746094
2010	01	61.598080	40.282085	52.385704	-9.212378	0.000003	0.000003	31.069708	34.632137	27.214087	165434.593750	11274.226562	1803.387329	13743.847656
2010	01	67.639282	43.791985	55.657322	-11.981954	0.000004	0.000004	31.810032	28.968666	32.954601	181659.500000	11274.299805	1804.659424	13744.199219
2010	02	64.616470	41.728764	52.142075	-12.474393	0.000005	0.000005	29.254366	32.790894	45.138107	192134.796875	11274.369141	1806.080811	13744.689453
2010	02	63.768742	41.322906	49.891113	-13.877631	0.000006	0.000006	27.445272	21.458347	31.050388	189614.109375	11274.434570	1807.547363	13745.233398
2010	02	63.350029	40.062344	53.608505	-9.741528	0.000004	0.000004	30.320814	8.025957	43.455540	188369.078125	11274.493164	1808.965698	13745.733398
2010	02	74.139580	47.818153	58.308739	-15.830843	0.000007	0.000007	31.987309	28.318504	32.499851	220451.437500	11274.556641	1810.481812	13746.212891
2010	02	73.598175	47.126965	57.252838	-16.345337	0.000007	0.000007	30.781628	33.827026	37.863190	218841.578125	11274.611328	1812.196411	13746.913086
2010	02	80.435745	52.221054	57.435089	-23.000658	0.000010	0.000010	29.220396	26.315031	33.843128	239172.859375	11274.658203	1813.914062	13747.660156
2010	02	85.976418	56.153503	58.149761	-27.826653	0.000012	0.000012	28.326847	21.594849	42.101383	255647.843750	11274.697266	1815.820312	13748.639648
2010	02	79.926216	50.708004	57.558132	-22.368076	0.000009	0.000009	28.339928	27.558371	47.765003	237657.781250	11274.733398	1817.791016	13749.693359
2010	02	82.006271	53.289593	54.745308	-27.260958	0.000011	0.000011	26.028633	34.626270	36.335083	243842.734375	11274.762695	1819.637939	13750.677734
2010	02	85.897209	56.117546	55.171326	-30.725880	0.000013	0.000013	25.391666	28.138765	41.464714	255412.312500	11274.788086	1821.550903	13751.769531
2010	02	67.054955	42.181431	49.483379	-17.571573	0.000007	0.000007	24.609856	13.323711	36.941303	199385.546875	11274.810547	1823.418457	13752.842773
2010	02	90.471642	59.629436	56.093483	-34.378159	0.000014	0.000014	25.251276	41.131889	36.499062	269014.250000	11274.830078	1825.033691	13753.668945
2010	02	98.533722	65.040520	58.831226	-39.702496	0.000016	0.000016	25.338028	43.196476	41.676575	292986.562500	11274.847656	1827.211182	13755.043945
2010	02	102.582893	68.009674	59.445782	-43.137119	0.000018	0.000018	24.872553	38.376968	44.933910	305026.656250	11274.861328	1829.541748	13756.579102
2010	02	96.425514	62.596313	58.668259	-37.757256	0.000016	0.000016	24.839056	29.622675	40.624863	286717.875000	11274.871094	1831.921509	13758.175781
2010	02	99.781143	64.522018	60.149040	-39.632103	0.000016	0.000016	24.889915	19.405447	52.279202	296695.718750	11274.878906	1834.161255	13759.625977
2010	02	103.831612	67.445656	61.057365	-42.774242	0.000018	0.000018	24.671410	24.408663	53.244701	308739.625000	11274.881836	1836.488037	13761.166992
2010	02	105.437233	68.638474	60.894543	-44.542694	0.000018	0.000018	24.095779	27.607466	54.027763	313513.906250	11274.881836	1838.885254	13762.794922
2010	02	110.101631	72.061684	61.766529	-48.335102	0.000020	0.000020	23.726587	28.816057	57.241825	327383.312500	11274.878906	1841.347534	13764.500977
2010	02	107.061554	70.037468	59.353081	-47.708481	0.000020	0.000020	22.328987	28.814068	60.383675	318343.781250	11274.871094	1843.889771	13766.319336
2010	02	104.773743	68.990555	57.363773	-47.409969	0.000020	0.000020	21.580587	36.647064	52.611702	311541.031250	11274.860352	1846.356079	13768.111328
2010	02	99.907570	65.125488	58.081764	-41.825802	0.000017	0.000017	23.299685	31.599361	51.436710	297071.656250	11274.852539	1848.738403	13769.787109
2010	02	99.468475	64.962059	58.481319	-40.987160	0.000017	0.000017	23.974899	60.057724	58.372791	295766.000000	11274.841797	1851.071899	13771.379883
2010	02	102.845772	68.447456	56.780148	-46.065620	0.000019	0.000019	22.381836	62.751186	49.678654	305808.281250	11274.828125	1853.380859	13772.960938
2010	02	96.815346	63.158295	55.331490	-41.483856	0.000017	0.000017	21.674437	44.124779	49.770367	287877.000000	11274.812500	1855.749878	13774.650391
2010	02	110.828484	74.415764	57.460472	-53.368011	0.000022	0.000022	21.047754	58.980133	52.260483	329544.593750	11274.793945	1858.026489	13776.260742
2010	02	97.406013	63.063492	55.356823	-42.049194	0.000017	0.000017	21.014296	48.432304	45.796047	289633.375000	11274.773438	1860.569458	13778.161133
2010	02	111.425407	73.140434	59.632675	-51.792740	0.000021	0.000021	21.347696	36.837715	63.003567	331319.531250	11274.750977	1862.848022	13779.777344
2010	03	118.645393	78.258972	65.617645	-53.027740	0.000020	0.000020	25.231230	21.310850	61.829563	318647.125000	11274.723633	1865.412354	13781.677734
2010	03	139.531265	93.832253	72.856476	-66.674782	0.000025	0.000025	27.157469	33.074741	47.600620	374740.531250	11274.697266	1867.997559	13783.499023
2010	03	139.127243	92.645721	73.261414	-65.865829	0.000025	0.000025	26.779890	21.899527	57.118237	373655.468750	11274.665039	1871.004761	13785.740234
2010	03	143.201935	96.173561	72.929024	-70.272919	0.000026	0.000026	25.900640	33.098118	60.781540	384598.937500	11274.629883	1874.000366	13787.986328
2010	03	137.251953	92.212547	69.137321	-68.114632	0.000025	0.000025	24.097914	42.650757	61.105377	368618.968750	11274.591797	1877.023804	13790.303711
2010	03	132.779434	88.923859	66.523880	-66.255554	0.000025	0.000025	22.668310	34.808723	54.620430	356607.062500	11274.552734	1879.902710	13792.538086
2010	03	129.184753	86.441795	66.118126	-63.066624	0.000024	0.000024	23.375175	17.376745	47.986809	346952.812500	11274.512695	1882.692017	13794.695312
2010	03	116.726242	76.999390	65.255302	-51.470936	0.000019	0.000019	25.528454	24.615494	50.822834	313492.843750	11274.472656	1885.328857	13796.632812
2010	03	134.270065	90.131081	71.229004	-63.041065	0.000024	0.000024	27.090014	46.731106	57.267460	360610.468750	11274.427734	1887.884521	13798.445312
2010	03	124.083458	83.175186	66.098793	-57.984665	0.000022	0.000022	25.190517	54.961872	51.175014	333252.218750	11274.376953	1890.728882	13800.545898
2010	03	119.628624	80.618752	62.514252	-57.114372	0.000021	0.000021	23.504379	71.254082	48.696365	321287.812500	11274.327148	1893.286377	13802.423828
2010	03	129.606857	87.691956	64.931183	-64.675659	0.000024	0.000024	23.016293	67.715240	53.412251	348086.437500	11274.277344	1895.846924	13804.345703
2010	03	135.714951	91.631683	67.216927	-68.498016	0.000026	0.000026	23.133665	51.006790	57.293530	364491.031250	11274.226562	1898.640991	13806.501953
2010	03	135.077957	90.689651	67.354507	-67.723457	0.000025	0.000025	22.966190	43.821331	65.192223	362780.250000	11274.171875	1901.539185	13808.753906
2010	03	133.818832	90.528435	65.481026	-68.337807	0.000026	0.000026	22.190632	32.841305	47.603245	359398.593750	11274.116211	1904.343018	13810.938477
2010	03	147.993301	100.398712	70.398109	-77.595184	0.000029	0.000029	22.803524	48.202297	60.240513	397467.093750	11274.061523	1907.292847	13813.268555
2010	03	137.536377	91.020905	69.465515	-68.070862	0.000025	0.000025	22.950043	38.311993	67.371574	369382.843750	11274.001953	1910.444336	13815.785156
2010	03	115.136856	73.027740	64.913521	-50.223324	0.000019	0.000019	22.804417	21.547924	63.779461	309224.187500	11273.938477	1913.237427	13817.948242
2010	03	122.431778	78.009750	67.201622	-55.230164	0.000021	0.000021	22.779591	41.838615	66.790619	328816.281250	11273.869141	1915.595581	13819.668945
2010	03	148.376633	98.832253	70.311966	-78.064659	0.000029	0.000029	20.767588	65.195244	64.843292	398496.625000	11273.795898	1918.201660	13821.674805
2010	03	104.359550	65.418243	58.033058	-46.326496	0.000017	0.000017	19.091749	68.178284	46.658504	280279.531250	11273.719727	1921.093262	13824.038086
2010	03	86.484894	50.852814	54.713734	-31.771156	0.000012	0.000012	19.081659	47.392242	43.914486	232273.359375	11273.639648	1923.060669	13825.498047
2010	03	158.430618	104.709724	72.839241	-85.591377	0.000032	0.000032	19.118355	19.481598	61.077667	425498.718750	11273.551758	1924.956543	13826.872070
2010	03	169.079849	112.911995	74.498299	-94.581535	0.000035	0.000035	18.330450	23.778374	54.789032	454099.437500	11273.461914	1928.374756	13829.793945
2010	03	130.910553	84.305687	65.120277	-65.790276	0.000025	0.000025	18.515411	63.445580	52.544468	351587.781250	11273.378906	1931.871460	13832.802734
2010	03	92.710838	54.976379	55.058147	-37.652695	0.000014	0.000014	17.323687	76.992538	42.469791	248994.453125	11273.292969	1934.373291	13834.834961
2010	03	97.688896	59.302746	54.286835	-43.402058	0.000016	0.000016	15.900685	98.867126	35.602020	262364.062500	11273.196289	1936.051636	13836.077148
2010	03	96.502365	58.756355	52.577110	-43.925251	0.000016	0.000016	14.831102	96.619499	33.935402	259177.375000	11273.097656	1937.934570	13837.577148
2010	03	81.443619	46.674606	49.681786	-31.761833	0.000012	0.000012	14.912771	77.023369	34.948860	218733.953125	11272.996094	1939.691162	13838.961914
2010	03	80.454636	44.970943	50.690975	-29.763662	0.000011	0.000011	15.207285	75.968460	37.985344	216077.843750	11272.888672	1941.138550	13840.027344
2010	03	75.967285	41.055191	50.038357	-25.928923	0.000010	0.000010	15.126269	79.632278	38.263374	204026.109375	11272.775391	1942.474731	13840.980469
2010	04	79.215416	43.818825	49.704548	-29.510862	0.000011	0.000011	14.307960	90.695122	33.562740	219841.281250	11272.659180	1943.782837	13841.908203
2010	04	129.764648	83.975487	58.897270	-70.867371	0.000027	0.000027	13.108117	85.907852	36.655010	360127.250000	11272.547852	1945.431885	13843.204102
2010	04	117.678062	75.936455	59.518185	-58.159882	0.000022	0.000022	17.776571	89.402596	70.861717	326584.156250	11272.466797	1948.110596	13845.495117
2010	04	103.619240	65.179413	54.748398	-48.870850	0.000019	0.000019	16.308561	89.874191	51.494347	287567.625000	11272.406250	1950.502686	13847.411133
2010	04	112.140900	70.952873	55.952045	-56.188866	0.000022	0.000022	14.764012	87.139229	44.776913	311217.218750	11272.328125	1952.670288	13849.168945
2010	04	77.490097	44.237930	46.787258	-30.702843	0.000012	0.000012	13.535091	103.637238	33.105598	215053.156250	11272.238281	1954.757080	13850.888672
2010	04	81.794922	47.854794	46.249908	-35.545021	0.000014	0.000014	12.309771	108.955193	28.508511	227000.046875	11272.140625	1956.199341	13852.008789
2010	04	59.215641	30.595961	40.502232	-18.713415	0.000007	0.000007	11.882545	104.506630	25.205877	164337.250000	11272.041992	1957.555420	13853.071289
2010	04	55.858566	27.306755	40.517708	-15.340858	0.000006	0.000006	11.965897	106.013412	25.498348	155020.578125	11271.942383	1958.447510	13853.672852
2010	04	70.015823	38.280136	43.650276	-26.365549	0.000010	0.000010	11.914588	98.874016	28.061346	194310.296875	11271.841797	1959.250244	13854.183594
2010	04	101.008171	61.216160	51.659943	-49.348228	0.000019	0.000019	11.867931	92.031219	34.842384	280321.281250	11271.740234	1960.718018	13855.361328
2010	04	98.400795	59.472137	50.469803	-47.930996	0.000018	0.000018	11.541137	103.862350	33.180199	273085.218750	11271.639648	1962.699829	13857.060547
2010	04	70.559715	38.131386	43.597885	-26.961830	0.000010	0.000010	11.169554	107.507050	25.374414	195819.703125	11271.541992	1964.457275	13858.545898
2010	04	76.254257	43.243637	43.669395	-32.584862	0.000013	0.000013	10.658777	120.917336	25.210890	211623.390625	11271.447266	1965.673340	13859.506836
2010	04	71.631447	39.178226	42.986908	-28.644543	0.000011	0.000011	10.533687	113.499504	26.644064	198794.031250	11271.356445	1966.999756	13860.589844
2010	04	78.830002	44.868984	44.512291	-34.317711	0.000013	0.000013	10.551273	111.243950	29.301294	218771.687500	11271.264648	1968.270264	13861.616211
2010	04	82.815323	47.313843	46.193012	-36.622318	0.000014	0.000014	10.691525	103.237488	33.695480	229831.890625	11271.171875	1969.723267	13862.823242
2010	04	72.832565	39.365513	44.197781	-28.634787	0.000011	0.000011	10.730729	104.573921	31.975464	202127.406250	11271.077148	1971.120483	13863.970703
2010	04	84.053070	47.679325	46.962364	-37.090698	0.000014	0.000014	10.588624	87.157265	32.682247	233266.906250	11270.982422	1972.345703	13864.947266
2010	04	121.383934	74.815865	56.869247	-64.514687	0.000025	0.000025	10.301184	52.884083	43.176178	336868.781250	11270.888672	1974.021484	13866.380859
2010	04	110.778275	67.340141	53.263866	-57.514408	0.000022	0.000022	9.825730	112.440216	43.022705	307435.625000	11270.799805	1976.518066	13868.653320
2010	04	100.973175	61.180035	49.045559	-51.927612	0.000020	0.000020	9.252424	143.951904	28.927813	280224.156250	11270.714844	1978.811768	13870.735352
2010	04	145.479309	99.048218	57.684357	-87.794952	0.000034	0.000034	11.253254	130.300262	68.319649	403739.125000	11270.641602	1980.739258	13872.467773
2010	04	175.047913	120.988586	74.698479	-100.349426	0.000039	0.000039	20.639151	102.327209	91.378052	485798.875000	11270.611328	1984.109985	13875.378906
2010	04	145.735062	97.027641	68.030746	-77.704308	0.000030	0.000030	19.323332	85.487007	83.729828	404448.843750	11270.560547	1987.965698	13878.682617
2010	04	126.145683	80.828751	63.404453	-62.741226	0.000024	0.000024	18.087528	95.473251	67.306847	350083.750000	11270.485352	1991.062988	13881.264648
2010	04	115.414970	72.110626	59.846291	-55.568680	0.000021	0.000021	16.541943	97.471588	56.732300	320303.531250	11270.389648	1993.593140	13883.327148
2010	04	103.981461	62.505154	56.883148	-47.098312	0.000018	0.000018	15.406842	101.904060	51.696510	288572.875000	11270.276367	1995.824097	13885.132812
2010	04	87.712006	49.561562	52.062824	-35.649178	0.000014	0.000014	13.912384	114.026512	43.514236	243421.312500	11270.150391	1997.708618	13886.635742
2010	04	111.460571	68.047295	55.884193	-55.576382	0.000021	0.000021	12.470914	138.087631	40.847637	309329.156250	11270.021484	1999.421265	13888.014648
2010	05	107.840698	67.286819	51.846905	-55.993797	0.000021	0.000021	11.293021	159.139282	28.214870	289628.875000	11269.906250	2001.550537	13889.865234
2010	05	112.125595	70.863205	51.864315	-60.261276	0.000022	0.000022	10.601926	143.020096	30.400850	301136.843750	11269.803711	2003.540527	13891.615234
2010	05	179.767334	122.936905	66.954582	-112.812759	0.000042	0.000042	10.124143	129.508316	45.940716	482802.968750	11269.704102	2006.080322	13893.927734
2010	05	84.139122	48.985088	44.897167	-39.241959	0.000015	0.000015	9.743127	127.185349	26.433836	225973.312500	11269.611328	2009.526978	13897.168945
2010	05	73.643700	39.895027	43.860577	-29.783123	0.000011	0.000011	10.111903	118.359207	27.572023	197785.625000	11269.516602	2010.868530	13898.299805
2010	05	75.021774	40.577129	44.711796	-30.309984	0.000011	0.000011	10.267144	107.946236	31.687553	201486.734375	11269.418945	2012.006592	13899.218750
2010	05	49.532845	17.740160	42.388615	-7.144232	0.000003	0.000003	10.595928	115.532646	30.733902	133030.859375	11269.319336	2012.909668	13899.894531
2010	05	66.682419	33.772461	43.089489	-23.592928	0.000009	0.000009	10.179534	110.525604	31.179665	179089.640625	11269.219727	2013.664185	13900.423828
2010	05	74.414398	38.362198	46.232952	-28.181450	0.000011	0.000011	10.180750	114.368492	33.310215	199855.515625	11269.121094	2014.775269	13901.316406
2010	05	75.047539	39.706932	45.037609	-30.009928	0.000011	0.000011	9.697004	111.799858	33.595947	201555.937500	11269.025391	2015.991943	13902.323242
2010	05	49.592667	18.589350	40.325531	-9.267135	0.000003	0.000003	9.322214	134.925232	25.796227	133191.531250	11268.933594	2016.913452	13903.045898
2010	05	65.658783	32.985241	41.110386	-24.548391	0.000009	0.000009	8.436848	154.530380	21.691257	176340.453125	11268.849609	2017.753174	13903.710938
2010	05	53.693939	25.200209	36.398602	-17.295338	0.000006	0.000006	7.904871	142.799622	20.073421	144206.343750	11268.772461	2018.801025	13904.608398
2010	05	58.395977	28.691120	37.624165	-20.771809	0.000008	0.000008	7.919311	120.486893	25.613039	156834.656250	11268.699219	2019.522949	13905.186523
2010	05	50.054790	21.506424	36.480839	-13.573948	0.000005	0.000005	7.932475	132.190186	23.664480	134432.656250	11268.624023	2020.181885	13905.699219
2010	05	61.563866	31.136669	38.270393	-23.293474	0.000009	0.000009	7.843195	125.004990	26.311632	165342.703125	11268.550781	2020.962158	13906.335938
2010	05	60.346451	29.824110	38.398720	-21.947727	0.000008	0.000008	7.876382	120.123550	26.660011	162073.062500	11268.478516	2021.823486	13907.054688
2010	05	56.521584	26.503630	37.890690	-18.630894	0.000007	0.000007	7.872735	114.815979	28.097189	151800.593750	11268.405273	2022.617676	13907.705078
2010	05	62.285469	30.323582	39.820213	-22.465258	0.000008	0.000008	7.858323	124.946281	28.282785	167280.718750	11268.333008	2023.489258	13908.433594
2010	05	55.983299	25.620361	38.110924	-17.872375	0.000007	0.000007	7.747987	128.907913	27.345749	150354.906250	11268.261719	2024.218750	13909.022461
2010	05	56.018940	26.233171	37.405151	-18.613791	0.000007	0.000007	7.619381	121.645012	27.950865	150450.640625	11268.191406	2025.007690	13909.675781
2010	05	55.739494	25.692575	37.626926	-18.112568	0.000007	0.000007	7.580008	126.309456	27.833298	149700.125000	11268.122070	2025.716919	13910.250000
2010	05	46.340294	17.826590	35.879719	-10.460573	0.000004	0.000004	7.366017	140.854599	23.509886	124456.593750	11268.053711	2026.368286	13910.770508
2010	05	55.743004	26.766680	35.850170	-19.892826	0.000007	0.000007	6.873851	164.225082	19.188324	149709.546875	11267.989258	2026.935425	13911.218750
2010	05	40.234264	15.768420	30.853729	-9.380533	0.000004	0.000004	6.387887	151.641632	16.246967	108057.562500	11267.929688	2027.707642	13911.889648
2010	05	35.728970	12.070267	30.053759	-5.675213	0.000002	0.000002	6.395053	145.314972	16.621578	95957.664062	11267.874023	2027.786377	13912.068359
2010	05	37.068161	13.049119	30.714819	-6.353343	0.000002	0.000002	6.695776	138.784286	18.437284	99554.343750	11267.825195	2026.993896	13912.250977
2010	05	31.845922	8.909480	30.165039	-1.680881	0.000001	0.000001	7.228599	143.809296	16.842272	85528.914062	11267.792969	2025.188721	13912.437500
2010	05	38.320843	14.377695	31.850519	-6.470324	0.000002	0.000002	7.907372	146.085709	17.696663	102918.671875	11267.791016	2022.405640	13912.657227
2010	05	38.640518	15.445982	32.085644	-6.554872	0.000002	0.000002	8.891110	132.621552	19.531704	103777.234375	11267.826172	2018.590332	13912.849609
2010	05	27.969738	6.989407	31.215431	3.245693	-0.000001	-0.000001	10.235101	138.390808	17.553137	75118.609375	11267.911133	2013.574097	13912.830078
2010	06	32.559605	11.603312	32.165699	-0.393904	0.000000	0.000000	11.209409	140.344696	17.688145	90360.507812	11268.054688	2007.520630	13912.759766
2010	06	23.384192	5.270547	30.546022	7.161831	-0.000003	-0.000003	12.432378	150.750229	14.244640	64896.601562	11268.260742	2000.420410	13912.627930
2010	06	25.580111	8.244494	31.034929	5.454820	-0.000002	-0.000002	13.699315	150.151871	13.116052	70990.781250	11268.530273	1992.255981	13912.418945
2010	06	20.248308	5.230204	30.493296	10.244987	-0.000004	-0.000004	15.475190	146.781723	11.624499	56193.792969	11268.872070	1982.985962	13912.081055
2010	06	14.937864	1.885788	30.864813	15.926948	-0.000006	-0.000006	17.812737	145.111450	10.933858	41456.066406	11269.306641	1972.566284	13911.548828
2010	06	11.644850	0.265111	31.714123	20.069273	-0.000008	-0.000008	20.334385	148.260818	9.602705	32317.179688	11269.846680	1961.053833	13910.863281
2010	06	8.294917	-1.125816	32.450432	24.155514	-0.000009	-0.000009	23.029697	150.811111	7.599070	23020.335938	11270.498047	1948.467041	13910.036133
2010	06	4.703835	-2.425457	32.776566	28.072733	-0.000011	-0.000011	25.647276	157.645676	4.755970	13054.242188	11271.265625	1934.820435	13909.072266
2010	06	1.227240	-3.080224	31.791134	30.563894	-0.000012	-0.000012	27.483669	163.246780	1.283587	3405.878174	11272.131836	1920.138428	13907.995117
2010	06	0.000000	-2.941602	30.642578	30.642578	-0.000012	-0.000012	27.700975	169.210617	0.007647	0.000000	11273.061523	1912.631470	13906.847656
2010	06	0.000000	-2.900978	28.720013	28.720013	-0.000011	-0.000011	25.819036	167.887039	0.421359	0.000000	11273.923828	1912.308716	13905.739258
2010	06	0.000000	-2.639859	26.372847	26.372847	-0.000010	-0.000010	23.732985	175.255936	-0.333743	0.000000	11274.693359	1911.990112	13904.698242
2010	06	0.000000	-2.365307	23.715761	23.715761	-0.000009	-0.000009	21.350454	171.029327	-0.087253	0.000000	11275.357422	1911.676025	13903.741211
2010	06	0.000000	-2.520997	23.076435	23.076435	-0.000009	-0.000009	20.555437	169.031998	-1.173652	0.000000	11275.950195	1911.366211	13902.841797
2010	06	0.000000	-2.723192	22.916491	22.916491	-0.000009	-0.000009	20.193298	160.573914	0.746698	0.000000	11276.508789	1911.060303	13901.961914
2010	06	0.000000	-3.043938	23.335287	23.335287	-0.000009	-0.000009	20.291349	155.811691	0.642992	0.000000	11277.041016	1910.757812	13901.091797
2010	06	0.000000	-3.131577	23.340721	23.340721	-0.000009	-0.000009	20.209145	162.658813	0.567760	0.000000	11277.556641	1910.458130	13900.217773
2010	06	0.000000	-2.838131	21.716072	21.716072	-0.000008	-0.000008	18.877941	161.809464	0.425539	0.000000	11278.026367	1910.161621	13899.374023
2010	06	0.000000	-2.811374	20.767618	20.767618	-0.000008	-0.000008	17.956244	160.859344	0.405129	0.000000	11278.443359	1909.868652	13898.573242
2010	06	0.000000	-2.852820	19.852791	19.852791	-0.000008	-0.000008	16.999971	150.003601	0.279599	0.000000	11278.821289	1909.578613	13897.802734
2010	06	0.000000	-3.073902	18.892256	18.892256	-0.000007	-0.000007	15.818355	156.929871	0.295644	0.000000	11279.132812	1909.291504	13897.076172
2010	06	0.000000	-3.171535	18.896839	18.896839	-0.000007	-0.000007	15.725305	156.527573	-0.433926	0.000000	11279.405273	1909.006836	13896.370117
2010	06	0.000000	-3.257490	18.846321	18.846321	-0.000007	-0.000007	15.588830	152.199722	0.424567	0.000000	11279.660156	1908.724609	13895.670898
2010	06	0.000000	-3.339056	18.704937	18.704937	-0.000007	-0.000007	15.365881	141.732132	0.395486	0.000000	11279.897461	1908.444580	13894.980469
2010	06	0.000000	-3.434814	18.814665	18.814665	-0.000007	-0.000007	15.379849	123.256844	0.255383	0.000000	11280.118164	1908.166626	13894.293945
2010	06	0.000000	-3.740242	19.605085	19.605085	-0.000008	-0.000008	15.864843	148.717575	-2.147087	0.000000	11280.329102	1907.890259	13893.601562
2010	06	0.000000	-3.200608	18.254984	18.254984	-0.000007	-0.000007	15.054376	156.825363	0.851851	0.000000	11280.526367	1907.615723	13892.913086
2010	06	0.000000	-3.173511	17.688036	17.688036	-0.000007	-0.000007	14.514524	138.192474	0.488020	0.000000	11280.699219	1907.343506	13892.254883
2010	06	0.000000	-3.227640	17.525486	17.525486	-0.000007	-0.000007	14.297847	152.376236	-0.293031	0.000000	11280.856445	1907.073486	13891.611328
2010	06	0.000000	-3.776303	18.928888	18.928888	-0.000007	-0.000007	15.152584	132.419952	-0.806689	0.000000	11281.009766	1906.804688	13890.957031
2010	07	0.000000	-3.850447	38.545311	38.545311	-0.000014	-0.000014	34.694866	100.231224	41.487675	0.000000	11281.610352	1906.537109	13889.916016
2010	07	0.000000	-3.613322	19.364450	19.364450	-0.000007	-0.000007	15.751127	121.658073	8.957968	0.000000	11282.006836	1906.271118	13889.002930
2010	07	0.000000	-3.568326	19.095692	19.095692	-0.000007	-0.000007	15.527366	124.265633	3.373458	0.000000	11282.135742	1906.006592	13888.339844
2010	07	0.000000	-3.233103	18.170715	18.170715	-0.000007	-0.000007	14.937613	178.584564	2.136635	0.000000	11282.252930	1905.743774	13887.688477
2010	07	0.000000	-2.712719	16.445063	16.445063	-0.000006	-0.000006	13.732344	179.657608	0.997620	0.000000	11282.355469	1905.483276	13887.070312
2010	07	0.000000	-2.735020	15.960940	15.960940	-0.000006	-0.000006	13.225921	173.927094	0.809807	0.000000	11282.446289	1905.225220	13886.483398
2010	07	0.000000	-2.879222	16.008699	16.008699	-0.000006	-0.000006	13.129478	166.695099	0.691569	0.000000	11282.530273	1904.969238	13885.908203
2010	07	0.000000	-2.991602	16.209644	16.209644	-0.000006	-0.000006	13.218042	132.948212	0.418306	0.000000	11282.611328	1904.715088	13885.333008
2010	07	0.000000	-3.054807	89.424873	89.424873	-0.000033	-0.000033	86.370064	43.231937	159.569366	0.000000	11283.007812	1904.462524	13883.598633
2010	07	0.000000	-3.210533	84.152283	84.152283	-0.000031	-0.000031	80.941750	42.815437	141.197891	0.000000	11283.603516	1904.211548	13880.710938
2010	07	0.000000	-3.113142	76.289925	76.289925	-0.000028	-0.000028	73.176781	23.720322	111.048302	0.000000	11284.069336	1903.961914	13878.068359
2010	07	0.000000	-3.098247	68.354614	68.354614	-0.000026	-0.000026	65.256371	47.030914	141.552139	0.000000	11284.415039	1903.713989	13875.709961
2010	07	0.000000	-2.920927	60.651844	60.651844	-0.000023	-0.000023	57.730915	70.812302	102.711639	0.000000	11284.666992	1903.467529	13873.597656
2010	07	0.000000	-3.161539	59.955013	59.955013	-0.000022	-0.000022	56.793476	88.787918	75.162041	0.000000	11284.861328	1903.222656	13871.620117
2010	07	0.000000	-3.029243	55.882946	55.882946	-0.000021	-0.000021	52.853703	90.806274	54.313580	0.000000	11285.013672	1902.979004	13869.701172
2010	07	0.000000	-3.292302	56.517254	56.517254	-0.000021	-0.000021	53.224949	77.399544	39.546589	0.000000	11285.128906	1902.736694	13867.877930
2010	07	0.000000	-3.632392	58.343681	58.343681	-0.000022	-0.000022	54.711288	95.058807	43.014881	0.000000	11285.231445	1902.495117	13865.980469
2010	07	0.000000	-3.238799	53.077538	53.077538	-0.000020	-0.000020	49.838741	117.451080	34.156254	0.000000	11285.295898	1902.254272	13864.151367
2010	07	0.000000	-3.116682	50.532764	50.532764	-0.000019	-0.000019	47.416080	121.182228	27.454805	0.000000	11285.328125	1902.014771	13862.457031
2010	07	0.000000	-3.121984	49.682568	49.682568	-0.000019	-0.000019	46.560589	111.361450	22.679831	0.000000	11285.345703	1901.776611	13860.814453
2010	07	0.000000	-3.334145	50.323692	50.323692	-0.000019	-0.000019	46.989548	68.041695	20.020893	0.000000	11285.352539	1901.539185	13859.155273
2010	07	0.000000	-3.291947	48.771103	48.771103	-0.000018	-0.000018	45.479156	67.266724	23.656326	0.000000	11285.349609	1901.302490	13857.518555
2010	07	0.000000	-2.949534	44.721733	44.721733	-0.000017	-0.000017	41.772202	123.027161	23.402103	0.000000	11285.329102	1901.067139	13856.002930
2010	07	3.342205	-0.949799	44.693771	41.351562	-0.000015	-0.000015	40.401768	131.312027	22.399298	8976.194336	11285.291016	1900.848022	13854.559570
2010	07	14.618471	4.753088	51.384251	36.765778	-0.000014	-0.000014	41.518867	82.543190	24.860434	39260.976562	11285.234375	1900.718140	13853.204102
2010	07	25.080687	10.521032	55.106598	30.025913	-0.000011	-0.000011	40.546947	96.324287	33.242348	67359.453125	11285.169922	1900.872437	13852.142578
2010	07	29.204432	11.181686	58.810440	29.606007	-0.000011	-0.000011	40.787693	116.626633	44.629742	78434.640625	11285.104492	1901.179932	13851.237305
2010	07	36.287804	14.826542	57.945148	21.657341	-0.000008	-0.000008	36.483883	130.326309	39.396263	97458.523438	11285.026367	1901.573608	13850.486328
2010	07	39.360950	15.841622	57.839741	18.478790	-0.000007	-0.000007	34.320412	122.786613	39.010063	105712.101562	11284.923828	1902.067017	13849.947266
2010	07	74.880669	39.771065	68.763611	-6.117057	0.000002	0.000002	33.654007	68.597206	49.697746	201107.765625	11284.809570	1902.672729	13849.549805
2010	07	90.732399	50.739571	76.506340	-14.226055	0.000005	0.000005	36.513515	69.934784	76.548607	243680.906250	11284.732422	1904.174194	13850.023438
2010	08	94.564911	51.930305	73.327957	-21.236952	0.000008	0.000008	30.693356	63.043636	59.063454	253973.921875	11284.663086	1905.852295	13850.718750
2010	08	85.366760	44.585594	68.596237	-16.770519	0.000006	0.000006	27.815079	109.205185	55.985359	229270.359375	11284.555664	1907.707886	13851.750977
2010	08	79.704865	38.067356	69.399048	-10.305821	0.000004	0.000004	27.761536	87.497673	53.641605	214064.171875	11284.434570	1909.206421	13852.454102
2010	08	102.806778	53.602684	75.600220	-27.206551	0.000010	0.000010	26.396133	42.467709	60.978577	276109.187500	11284.309570	1910.485718	13852.955078
2010	08	82.771957	37.258938	70.916931	-11.855026	0.000004	0.000004	25.403913	70.427597	61.675678	222301.484375	11284.187500	1912.311768	13854.060547
2010	08	83.053207	36.377529	70.826683	-12.226528	0.000005	0.000005	24.151003	55.346973	55.575821	223056.843750	11284.062500	1913.678345	13854.726562
2010	08	97.215973	46.043159	73.914711	-23.301264	0.000009	0.000009	22.741898	73.423393	60.082443	261093.921875	11283.941406	1915.019897	13855.417969
2010	08	162.713913	96.599998	86.577744	-76.136162	0.000028	0.000028	20.463835	22.885687	75.321770	437002.406250	11283.823242	1917.121094	13856.922852
2010	08	103.925568	51.834679	70.739830	-33.185741	0.000012	0.000012	18.648937	89.654541	58.565899	279113.937500	11283.715820	1920.021851	13859.308594
2010	08	132.904312	73.944832	76.546188	-56.358124	0.000021	0.000021	17.586712	72.928108	65.957649	356942.468750	11283.612305	1922.103638	13860.907227
2010	08	131.054138	71.488533	76.173897	-54.880238	0.000020	0.000020	16.608294	64.573357	67.185509	351973.406250	11283.514648	1924.571655	13862.930664
2010	08	114.851212	60.240341	70.183594	-44.667622	0.000017	0.000017	15.572722	90.125717	63.420307	308457.062500	11283.420898	1926.926147	13864.874023
2010	08	79.962570	31.017939	64.148399	-15.814171	0.000006	0.000006	15.203769	77.479385	51.857136	214756.265625	11283.331055	1928.596436	13866.153320
2010	08	77.183281	28.175440	63.801270	-13.382009	0.000005	0.000005	14.793432	88.711090	53.482780	207291.906250	11283.242188	1929.690430	13866.870117
2010	08	70.599686	23.562416	61.323521	-9.276162	0.000003	0.000003	14.286253	56.274754	50.192619	189610.281250	11283.156250	1930.689087	13867.504883
2010	08	78.193321	28.358994	63.726616	-14.466709	0.000005	0.000005	13.892285	49.796043	50.078426	210004.593750	11283.072266	1931.493408	13867.959961
2010	08	97.334045	43.278156	67.310677	-30.023375	0.000011	0.000011	13.254778	81.344070	56.596539	261411.046875	11282.991211	1932.871216	13869.007812
2010	08	112.527077	54.982704	74.918785	-37.608288	0.000014	0.000014	17.374414	59.617645	73.982307	302215.093750	11282.962891	1934.473267	13870.241211
2010	08	95.237389	41.910999	66.816444	-28.420948	0.000011	0.000011	13.490050	73.475006	62.514725	255780.031250	11282.995117	1936.225342	13871.576172
2010	08	95.700073	43.267776	64.108566	-31.591505	0.000012	0.000012	11.676273	65.157410	56.184132	257022.671875	11282.936523	1937.666138	13872.724609
2010	08	99.048492	44.619629	65.868370	-33.180119	0.000012	0.000012	11.439512	68.922737	58.088989	266015.562500	11282.868164	1939.061768	13873.853516
2010	08	201.710526	122.289444	124.178886	-77.531624	0.000029	0.000029	44.757816	13.326862	132.041397	541736.000000	11282.903320	1941.384521	13875.485352
2010	08	220.719864	133.826233	133.241577	-87.478287	0.000033	0.000033	46.347950	-12.818175	120.922272	592789.562500	11282.936523	1945.334473	13877.929688
2010	08	184.795578	105.955147	121.346107	-63.449474	0.000024	0.000024	42.505669	19.307575	128.670715	496307.343750	11282.908203	1949.661255	13880.945312
2010	08	175.395264	99.764244	114.568642	-60.826633	0.000023	0.000023	38.937611	17.691778	127.052048	471060.843750	11282.861328	1953.202393	13883.284180
2010	08	167.843460	92.039619	110.781761	-57.061691	0.000021	0.000021	34.977928	21.293262	120.118431	450778.843750	11282.791992	1956.448730	13885.437500
2010	08	132.466370	66.402573	94.927826	-37.538548	0.000014	0.000014	28.864029	50.825596	96.793694	355766.281250	11282.694336	1959.471191	13887.548828
2010	08	148.918320	80.312126	93.690216	-55.228096	0.000021	0.000021	25.084028	58.436089	91.962334	399951.437500	11282.569336	1961.853882	13889.171875
2010	08	183.304565	107.527786	97.998466	-85.306114	0.000032	0.000032	22.221666	65.678596	91.170883	492302.937500	11282.439453	1964.716797	13891.377930
2010	08	157.698639	88.126656	88.238319	-69.460320	0.000026	0.000026	18.666336	90.091621	81.525124	423532.843750	11282.312500	1968.041748	13894.152344
2010	08	132.558594	70.807007	78.228790	-54.329807	0.000020	0.000020	16.477205	98.500504	67.800262	356013.968750	11282.180664	1970.836060	13896.492188
2010	09	107.366707	53.122227	69.055809	-38.310894	0.000015	0.000015	14.811332	86.922508	64.237427	297967.687500	11282.054688	1972.970825	13898.223633
2010	09	140.249924	76.490044	77.920792	-62.329136	0.000024	0.000024	14.160905	18.570681	86.802727	389226.375000	11281.934570	1974.904907	13899.782227
2010	09	195.302200	115.681236	104.876778	-90.425423	0.000035	0.000035	25.255819	-17.319172	123.163017	542009.250000	11281.870117	1977.574585	13901.944336
2010	09	149.622940	81.549751	92.620804	-57.002129	0.000022	0.000022	24.547619	18.399511	109.752197	415238.625000	11281.859375	1981.550781	13905.152344
2010	09	151.439636	82.081238	91.124771	-60.314857	0.000023	0.000023	21.766384	-13.230412	101.946716	420280.375000	11281.824219	1984.202759	13907.139648
2010	09	141.099228	74.526894	84.349167	-56.750065	0.000022	0.000022	17.776831	28.229040	91.834442	391583.343750	11281.780273	1987.004883	13909.394531
2010	09	199.127884	120.814240	105.623856	-93.504036	0.000036	0.000036	27.310209	-6.499246	139.474655	552626.437500	11281.713867	1989.880493	13911.583008
2010	09	142.483231	78.581200	85.950348	-56.532875	0.000022	0.000022	22.048321	42.511517	105.268211	395424.250000	11281.516602	1993.817139	13914.827148
2010	09	135.324036	73.096794	79.981369	-55.342659	0.000021	0.000021	17.754133	46.393307	83.469742	375555.812500	11281.328125	1996.382935	13916.845703
2010	09	115.429291	57.976357	71.975914	-43.453384	0.000017	0.000017	14.522973	77.242836	70.574608	320343.281250	11281.151367	1998.642334	13918.681641
2010	09	88.380150	40.160175	59.974743	-28.405407	0.000011	0.000011	11.754767	89.858124	51.740479	245275.578125	11280.989258	2000.374878	13920.095703
2010	09	83.520218	36.990055	57.056313	-26.463907	0.000010	0.000010	10.526146	64.483154	51.584064	231788.140625	11280.844727	2001.594238	13921.056641
2010	09	93.740692	43.954056	59.738365	-34.002323	0.000013	0.000013	9.951735	39.274956	65.295410	260152.328125	11280.709961	2002.781860	13922.012695
2010	09	97.070290	44.024429	62.037766	-35.032532	0.000014	0.000014	8.991899	52.754475	56.774334	269392.781250	11280.585938	2004.177490	13923.199219
2010	09	81.458069	35.706146	53.710670	-27.747402	0.000011	0.000011	7.958745	79.969635	48.341625	226065.203125	11280.469727	2005.667603	13924.521484
2010	09	64.117393	22.730024	48.935089	-15.182302	0.000006	0.000006	7.547723	84.374069	40.517445	177940.750000	11280.367188	2006.688232	13925.395508
2010	09	45.642067	9.689979	43.377953	-2.264116	0.000001	0.000001	7.425863	76.466194	34.961952	126667.398438	11280.279297	2007.221558	13925.793945
2010	09	36.620705	2.829448	41.205612	4.584906	-0.000002	-0.000002	7.414353	68.594620	34.314213	101631.023438	11280.208984	2007.324707	13925.761719
2010	09	44.079971	8.363598	42.813061	-1.266908	0.000000	0.000000	7.096691	79.874130	33.879177	122332.210938	11280.146484	2007.434692	13925.738281
2010	09	42.754093	7.291265	42.342045	-0.412048	0.000000	0.000000	6.879218	79.321953	31.975218	118652.601562	11280.080078	2007.614502	13925.794922
2010	09	49.369961	12.115804	43.725788	-5.644170	0.000002	0.000002	6.471633	71.275238	33.331593	137013.187500	11280.013672	2007.823242	13925.888672
2010	09	56.657940	18.465687	44.289684	-12.368258	0.000005	0.000005	6.097429	81.757172	30.414368	157239.031250	11279.940430	2008.184692	13926.148438
2010	09	60.544044	22.639118	43.636749	-16.907297	0.000007	0.000007	5.731822	101.866943	29.633644	168023.875000	11279.865234	2008.770508	13926.647461
2010	09	54.533009	19.402849	40.595383	-13.937626	0.000005	0.000005	5.465223	98.929680	24.884001	151341.859375	11279.793945	2009.401001	13927.202148
2010	09	38.973381	7.742579	36.844131	-2.129251	0.000001	0.000001	5.613328	52.805485	20.738274	108160.242188	11279.729492	2009.780029	13927.509766
2010	09	50.324280	14.064234	41.865646	-8.458634	0.000003	0.000003	5.605599	68.714005	29.308556	139661.640625	11279.673828	2009.932129	13927.583984
2010	09	151.127563	89.117897	82.638878	-68.488678	0.000026	0.000026	20.629217	-19.427130	124.422340	419414.281250	11279.612305	2010.848145	13928.167969
2010	09	85.743004	38.107494	68.388031	-17.354967	0.000007	0.000007	20.752527	33.501354	80.362732	237956.890625	11279.480469	2013.468262	13930.186523
2010	09	85.831871	39.292629	63.790855	-22.041018	0.000009	0.000009	17.251614	43.942776	63.054123	238203.515625	11279.359375	2014.815430	13931.020508
2010	09	76.438728	32.556152	58.139782	-18.298944	0.000007	0.000007	14.257208	40.746944	56.309139	212135.328125	11279.239258	2015.961304	13931.757812
2010	10	69.293945	26.737421	55.328484	-13.965459	0.000005	0.000005	12.771963	44.930614	50.409508	186103.437500	11279.125000	2016.953125	13932.422852
2010	10	51.565514	12.368184	49.895611	-1.669902	0.000001	0.000001	10.698284	24.120609	47.292572	138490.015625	11279.021484	2017.523193	13932.730469
2010	10	51.541489	13.846272	47.130959	-4.410533	0.000002	0.000002	9.435739	41.176819	42.013184	138425.500000	11278.930664	2017.858276	13932.852539
2010	10	64.826401	24.129900	48.780262	-16.046139	0.000006	0.000006	8.083760	56.039394	40.049225	174104.921875	11278.843750	2018.309326	13933.126953
2010	10	60.363819	21.037901	46.534374	-13.829447	0.000005	0.000005	7.208456	62.259388	35.992336	162119.718750	11278.753906	2018.913574	13933.595703
2010	10	61.656101	22.169250	45.944221	-15.711884	0.000006	0.000006	6.457366	72.110275	34.210022	165590.421875	11278.670898	2019.437866	13934.008789
2010	10	62.365498	23.561886	44.594765	-17.770729	0.000007	0.000007	5.791155	71.368683	29.797661	167495.640625	11278.592773	2020.062988	13934.547852
2010	10	50.327255	17.268711	38.264404	-12.062846	0.000005	0.000005	5.205865	82.011917	20.053514	135164.406250	11278.521484	2020.597168	13935.016602
2010	10	41.324486	11.594603	34.680325	-6.644161	0.000002	0.000002	4.950442	75.976303	17.596155	110985.585938	11278.460938	2020.942017	13935.310547
2010	10	36.703140	7.490161	34.258305	-2.444837	0.000001	0.000001	5.045325	68.700951	18.035170	98574.000000	11278.408203	2021.063599	13935.383789
2010	10	33.693447	5.004645	33.824951	0.131507	-0.000000	-0.000000	5.136152	67.853172	17.452038	90490.828125	11278.359375	2021.075928	13935.342773
2010	10	34.283882	5.965941	33.283566	-1.000317	0.000000	0.000000	4.965624	72.111023	16.370195	92076.570312	11278.313477	2021.054565	13935.268555
2010	10	31.614325	3.708869	32.946831	1.332502	-0.000000	-0.000000	5.041371	58.728798	16.713755	84906.914062	11278.268555	2021.034790	13935.199219
2010	10	33.060516	2.140985	36.101501	3.040982	-0.000001	-0.000001	5.181968	18.429182	18.872499	88790.968750	11278.226562	2020.934814	13935.043945
2010	10	31.595789	1.341667	35.523846	3.928054	-0.000001	-0.000001	5.269721	48.894218	20.216736	84857.132812	11278.180664	2020.878418	13934.929688
2010	10	38.307392	7.027145	36.282372	-2.025023	0.000001	0.000001	5.002122	66.203339	18.836506	102882.554688	11278.133789	2020.848022	13934.841797
2010	10	36.634365	6.927090	34.482334	-2.152031	0.000001	0.000001	4.775059	75.977745	15.854489	98389.281250	11278.083008	2020.945068	13934.893555
2010	10	44.831463	15.146488	34.390347	-10.441113	0.000004	0.000004	4.705374	78.574554	16.352070	120404.312500	11278.037109	2020.633301	13934.951172
2010	10	44.914883	15.137921	34.828350	-10.086534	0.000004	0.000004	5.051388	82.380852	14.112741	120628.359375	11278.008789	2019.116699	13935.208008
2010	10	77.781792	40.491493	50.503628	-27.278156	0.000010	0.000010	13.213334	56.997292	54.377605	208899.343750	11278.041016	2016.196167	13935.503906
2010	10	86.031433	48.520885	51.418213	-34.613220	0.000013	0.000013	13.907664	18.537039	41.484436	231055.500000	11278.153320	2012.442749	13936.307617
2010	10	94.099113	55.175194	58.389366	-35.709751	0.000013	0.000013	19.465439	26.837721	51.442516	252722.937500	11278.262695	2007.321167	13937.278320
2010	10	107.813210	65.505341	67.399536	-40.413677	0.000015	0.000015	25.091667	19.990614	52.760216	289555.031250	11278.460938	2000.906372	13938.255859
2010	10	104.030434	62.825958	66.961105	-37.069328	0.000014	0.000014	25.756630	50.903824	47.402260	279395.593750	11278.697266	1993.245239	13939.471680
2010	10	98.890762	60.333107	62.526768	-36.363998	0.000014	0.000014	23.969105	44.373562	46.279251	265591.937500	11278.948242	1983.871338	13940.562500
2010	10	106.600739	66.679848	62.525871	-44.074871	0.000016	0.000016	22.604982	40.543098	46.172398	286298.687500	11279.207031	1972.890381	13941.636719
2010	10	89.493095	54.212852	58.351353	-31.141741	0.000012	0.000012	23.071114	42.563644	43.978558	240352.500000	11279.468750	1960.413208	13942.787109
2010	10	77.021004	46.416573	55.094299	-21.926701	0.000008	0.000008	24.489872	34.550438	49.468395	206856.093750	11279.757812	1946.065430	13943.586914
2010	10	50.045815	27.764208	46.304909	-3.740905	0.000001	0.000001	24.023304	35.351120	33.985828	134408.546875	11280.070312	1929.811646	13944.006836
2010	10	37.832241	19.916542	41.671581	3.839339	-0.000001	-0.000001	23.755882	43.629936	27.362865	101606.429688	11280.402344	1911.449585	13943.862305
2010	10	19.231756	8.789406	31.684828	12.453072	-0.000005	-0.000005	21.242476	60.709400	16.967117	51650.921875	11280.731445	1891.259033	13943.459961
2010	11	2.172870	-1.438360	22.437550	20.264681	-0.000008	-0.000008	18.826323	66.013474	5.069839	6030.221680	11281.040039	1869.425415	13942.754883
2010	11	0.000000	-2.561978	21.674709	21.674709	-0.000008	-0.000008	19.112730	59.771820	5.170543	0.000000	11281.344727	1860.704468	13941.786133
2010	11	0.000000	-2.820992	22.080498	22.080498	-0.000009	-0.000009	19.259504	44.803001	6.666387	0.000000	11281.651367	1860.257446	13940.800781
2010	11	0.000000	-3.008165	21.980906	21.980906	-0.000008	-0.000008	18.972740	34.213665	5.746699	0.000000	11281.956055	1859.818726	13939.824219
2010	11	0.000000	-3.080147	21.706522	21.706522	-0.000008	-0.000008	18.626375	29.340252	5.283819	0.000000	11282.254883	1859.387695	13938.867188
2010	11	0.000000	-3.003261	20.945522	20.945522	-0.000008	-0.000008	17.942261	36.999542	3.454723	0.000000	11282.539062	1858.964233	13937.937500
2010	11	0.000000	-2.693616	20.088970	20.088970	-0.000008	-0.000008	17.395355	55.719814	3.028808	0.000000	11282.811523	1858.548096	13937.032227
2010	11	0.000000	-2.410933	19.003147	19.003147	-0.000007	-0.000007	16.592215	68.220345	2.337248	0.000000	11283.073242	1858.139282	13936.157227
2010	11	0.000000	-2.074267	18.279379	18.279379	-0.000007	-0.000007	16.205111	46.487152	3.545925	0.000000	11283.324219	1857.738037	13935.320312
2010	11	0.000000	-1.892189	16.400234	16.400234	-0.000006	-0.000006	14.508045	68.332474	2.151694	0.000000	11283.591797	1857.344360	13934.511719
2010	11	0.000000	-1.970143	16.211401	16.211401	-0.000006	-0.000006	14.241260	66.775475	2.943654	0.000000	11283.817383	1856.958252	13933.749023
2010	11	0.000000	-1.930023	17.054743	17.054743	-0.000007	-0.000007	15.124719	61.273258	8.657745	0.000000	11284.041016	1856.579346	13932.986328
2010	11	0.000000	-1.975793	18.560394	18.560394	-0.000007	-0.000007	16.584602	62.802242	10.411892	0.000000	11284.274414	1856.207275	13932.187500
2010	11	0.000000	-2.169793	18.255650	18.255650	-0.000007	-0.000007	16.085857	35.560143	7.096653	0.000000	11284.513672	1855.842041	13931.377930
2010	11	0.000000	-2.140079	17.943775	17.943775	-0.000007	-0.000007	15.803696	44.184383	5.408104	0.000000	11284.747070	1855.483154	13930.585938
2010	11	0.000000	-2.028075	16.883688	16.883688	-0.000007	-0.000007	14.855611	52.049976	3.948931	0.000000	11284.972656	1855.130371	13929.823242
2010	11	0.000000	-2.034093	16.391420	16.391420	-0.000006	-0.000006	14.357327	55.293133	2.997002	0.000000	11285.186523	1854.783569	13929.090820
2010	11	0.000000	-2.051852	15.960824	15.960824	-0.000006	-0.000006	13.908973	49.536137	2.484944	0.000000	11285.392578	1854.442749	13928.382812
2010	11	0.000000	-2.329378	16.280012	16.280012	-0.000006	-0.000006	13.950634	19.436043	3.419021	0.000000	11285.595703	1854.107422	13927.686523
2010	11	0.000000	-2.162568	16.001883	16.001883	-0.000006	-0.000006	13.839314	47.734154	2.628193	0.000000	11285.799805	1853.777222	13926.990234
2010	11	0.000000	-2.073663	15.602356	15.602356	-0.000006	-0.000006	13.528693	60.267769	2.456065	0.000000	11285.994141	1853.452148	13926.307617
2010	11	0.000000	-1.909481	15.946677	15.946677	-0.000006	-0.000006	14.037196	62.234047	7.271111	0.000000	11286.191406	1853.132202	13925.636719
2010	11	0.000000	-1.796469	15.120601	15.120601	-0.000006	-0.000006	13.324131	44.277576	4.718920	0.000000	11286.388672	1852.817383	13924.966797
2010	11	0.000000	-1.723717	14.360120	14.360120	-0.000006	-0.000006	12.636403	48.328850	2.908383	0.000000	11286.573242	1852.507568	13924.326172
2010	11	0.000000	-1.750417	14.027397	14.027397	-0.000005	-0.000005	12.276980	41.182178	2.960355	0.000000	11286.750977	1852.202881	13923.706055
2010	11	0.000000	-1.611551	14.539412	14.539412	-0.000006	-0.000006	12.927860	72.965820	8.662649	0.000000	11286.927734	1851.902832	13923.087891
2010	11	0.000000	-1.683245	13.945354	13.945354	-0.000005	-0.000005	12.262110	34.391876	2.690884	0.000000	11287.101562	1851.607544	13922.480469
2010	11	0.000000	-1.800488	14.506040	14.506040	-0.000006	-0.000006	12.705551	31.099791	4.311541	0.000000	11287.277344	1851.316895	13921.871094
2010	11	0.000000	-1.617221	13.797637	13.797637	-0.000005	-0.000005	12.180417	38.368435	5.396958	0.000000	11287.451172	1851.030396	13921.268555
2010	11	0.000000	-1.386346	13.223836	13.223836	-0.000005	-0.000005	11.837490	57.424759	3.394584	0.000000	11287.619141	1850.748291	13920.686523
2010	12	0.000000	-1.519984	13.008628	13.008628	-0.000005	-0.000005	11.488645	34.930557	3.106475	0.000000	11287.777344	1850.470703	13920.133789
2010	12	0.000000	-2.113867	14.928236	14.928236	-0.000006	-0.000006	12.814370	4.717644	3.684324	0.000000	11287.938477	1850.197144	13919.574219
2010	12	0.000000	-2.085459	15.524100	15.524100	-0.000006	-0.000006	13.438642	23.964960	3.212176	0.000000	11288.116211	1849.927002	13918.973633
2010	12	0.000000	-2.046643	15.053179	15.053179	-0.000006	-0.000006	13.006535	34.476723	2.337510	0.000000	11288.292969	1849.660278	13918.383789
2010	12	0.000000	-2.289820	15.780939	15.780939	-0.000006	-0.000006	13.491118	27.540958	2.609969	0.000000	11288.469727	1849.396851	13917.794922
2010	12	0.000000	-2.487893	16.732071	16.732071	-0.000006	-0.000006	14.244178	25.788063	2.595563	0.000000	11288.651367	1849.136230	13917.185547
2010	12	0.000000	-2.147575	15.927302	15.927302	-0.000006	-0.000006	13.779728	43.871338	1.557421	0.000000	11288.833984	1848.878296	13916.573242
2010	12	0.000000	-2.018206	14.982265	14.982265	-0.000006	-0.000006	12.964060	37.830536	1.329304	0.000000	11289.006836	1848.623169	13915.991211
2010	12	0.000000	-2.239723	15.391397	15.391397	-0.000006	-0.000006	13.151673	19.197462	1.166977	0.000000	11289.174805	1848.370972	13915.422852
2010	12	0.000000	-2.088200	15.507212	15.507212	-0.000006	-0.000006	13.419011	40.047558	1.187212	0.000000	11289.347656	1848.121460	13914.840820
2010	12	0.000000	-1.943003	14.632283	14.632283	-0.000005	-0.000005	12.689280	44.728271	1.090137	0.000000	11289.515625	1847.874634	13914.276367
2010	12	0.000000	-2.027476	14.905814	14.905814	-0.000006	-0.000006	12.878338	37.862186	0.865827	0.000000	11289.679688	1847.630493	13913.721680
2010	12	0.000000	-2.226078	15.503946	15.503946	-0.000006	-0.000006	13.277868	23.885004	0.887422	0.000000	11289.846680	1847.388916	13913.162109
2010	12	0.000000	-2.501409	16.719133	16.719133	-0.000006	-0.000006	14.217725	9.790445	1.101055	0.000000	11290.021484	1847.149536	13912.579102
2010	12	0.000000	-2.232016	16.442963	16.442963	-0.000006	-0.000006	14.210947	32.249752	1.276761	0.000000	11290.203125	1846.912109	13911.979492
2010	12	0.000000	-2.061979	15.730458	15.730458	-0.000006	-0.000006	13.668480	28.738537	1.109846	0.000000	11290.379883	1846.676758	13911.394531
2010	12	0.000000	-1.852068	18.347593	18.347593	-0.000007	-0.000007	16.495525	26.267998	13.045311	0.000000	11290.575195	1846.443726	13910.808594
2010	12	0.000000	-1.718405	27.202860	27.202860	-0.000010	-0.000010	25.484455	42.139290	19.244762	0.000000	11290.882812	1846.212891	13909.985352
2010	12	0.000000	-1.627375	25.174992	25.174992	-0.000009	-0.000009	23.547617	29.766495	15.134052	0.000000	11291.181641	1845.984741	13909.057617
2010	12	0.000000	-1.861777	26.032257	26.032257	-0.000010	-0.000010	24.170481	17.279024	11.506262	0.000000	11291.465820	1845.758911	13908.168945
2010	12	0.000000	-2.096854	28.062946	28.062946	-0.000010	-0.000010	25.966091	15.802608	13.817436	0.000000	11291.763672	1845.535156	13907.231445
2010	12	0.000000	-2.137070	27.582554	27.582554	-0.000010	-0.000010	25.445484	14.391133	16.436165	0.000000	11292.070312	1845.313232	13906.276367
2010	12	0.000000	-2.081497	26.407934	26.407934	-0.000010	-0.000010	24.326435	6.519640	20.527201	0.000000	11292.361328	1845.093018	13905.353516
2010	12	0.000000	-1.738675	28.135784	28.135784	-0.000011	-0.000011	26.397108	24.280743	17.450731	0.000000	11292.647461	1844.874512	13904.420898
2010	12	0.000000	-1.643366	26.544661	26.544661	-0.000010	-0.000010	24.901295	35.821617	12.617302	0.000000	11292.931641	1844.658203	13903.484375
2010	12	0.000000	-1.883947	26.567530	26.567530	-0.000010	-0.000010	24.683584	6.378889	17.705259	0.000000	11293.201172	1844.443848	13902.576172
2010	12	0.000000	-1.762772	25.310072	25.310072	-0.000009	-0.000009	23.547300	26.737343	10.821915	0.000000	11293.462891	1844.231201	13901.675781
2010	12	0.000000	-1.707543	24.043642	24.043642	-0.000009	-0.000009	22.336098	21.950916	6.709778	0.000000	11293.705078	1844.020386	13900.824219
2010	12	0.000000	-1.793350	24.143536	24.143536	-0.000009	-0.000009	22.350185	28.092041	7.614887	0.000000	11293.934570	1843.811401	13900.002930
2010	12	0.000000	-1.619701	22.284765	22.284765	-0.000008	-0.000008	20.665066	23.723148	9.565948	0.000000	11294.159180	1843.604126	13899.191406
2010	12	0.000000	-1.570375	25.769789	25.769789	-0.000010	-0.000010	24.199415	24.918938	35.669170	0.000000	11294.377930	1843.398560	13898.384766
2011	01	0.000000	-1.198455	24.285280	24.285280	-0.000009	-0.000009	23.086823	25.215666	42.278908	0.000000	11294.624023	1843.194824	13897.493164
2011	01	0.000000	-1.097279	15.409369	15.409369	-0.000006	-0.000006	14.312090	43.068897	28.454174	0.000000	11294.807617	1842.993164	13896.806641
2011	01	0.000000	-1.386192	22.039377	22.039377	-0.000008	-0.000008	20.653187	27.960609	11.905111	0.000000	11294.975586	1842.793701	13896.157227
2011	01	0.000000	-1.451502	24.397890	24.397890	-0.000009	-0.000009	22.946388	29.408602	16.099182	0.000000	11295.189453	1842.596069	13895.344727
2011	01	0.000000	-1.458699	24.171438	24.171438	-0.000009	-0.000009	22.712740	36.020260	12.338747	0.000000	11295.408203	1842.400024	13894.512695
2011	01	0.000000	-1.524687	24.243568	24.243568	-0.000009	-0.000009	22.718882	30.199623	9.644709	0.000000	11295.623047	1842.205566	13893.691406
2011	01	0.000000	-1.913863	26.644905	26.644905	-0.000010	-0.000010	24.731041	-3.617715	14.013434	0.000000	11295.844727	1842.012573	13892.835938
2011	01	0.000000	-1.665190	28.229940	28.229940	-0.000011	-0.000011	26.564751	17.597149	22.860506	0.000000	11296.084961	1841.820435	13891.904297
2011	01	0.000000	-1.419682	29.829935	29.829935	-0.000011	-0.000011	28.410254	41.300251	11.119660	0.000000	11296.336914	1841.629761	13890.931641
2011	01	0.000000	-1.512951	29.444113	29.444113	-0.000011	-0.000011	27.931164	40.587788	19.120844	0.000000	11296.593750	1841.440430	13889.930664
2011	01	0.000000	-1.461016	26.903711	26.903711	-0.000010	-0.000010	25.442694	35.855999	12.670136	0.000000	11296.833008	1841.252441	13888.989258
2011	01	0.000000	-1.598895	27.931755	27.931755	-0.000010	-0.000010	26.332861	23.449795	13.112355	0.000000	11297.062500	1841.065796	13888.074219
2011	01	0.000000	-1.948130	31.159344	31.159344	-0.000012	-0.000012	29.211212	13.805857	21.706985	0.000000	11297.309570	1840.880127	13887.088867
2011	01	0.000000	-1.910881	30.054621	30.054621	-0.000011	-0.000011	28.143740	16.938915	17.382200	0.000000	11297.560547	1840.695312	13886.081055
2011	01	0.000000	-1.917270	29.282595	29.282595	-0.000011	-0.000011	27.365324	20.468309	17.879841	0.000000	11297.803711	1840.511230	13885.097656
2011	01	0.000000	-1.927575	28.273449	28.273449	-0.000011	-0.000011	26.345875	23.878811	15.073016	0.000000	11298.036133	1840.327759	13884.148438
2011	01	0.000000	-1.803462	26.644747	26.644747	-0.000010	-0.000010	24.841284	38.008877	10.610845	0.000000	11298.255859	1840.145020	13883.242188
2011	01	0.000000	-1.783250	25.516039	25.516039	-0.000010	-0.000010	23.732790	41.282589	9.123045	0.000000	11298.461914	1839.963257	13882.385742
2011	01	0.000000	-1.781863	25.251785	25.251785	-0.000009	-0.000009	23.469925	44.675484	8.520721	0.000000	11298.664062	1839.782104	13881.540039
2011	01	0.000000	-1.795759	24.351229	24.351229	-0.000009	-0.000009	22.555470	42.128353	10.883983	0.000000	11298.861328	1839.601807	13880.711914
2011	01	0.000000	-1.708771	23.173693	23.173693	-0.000009	-0.000009	21.464924	48.331097	4.484999	0.000000	11299.044922	1839.422119	13879.929688
2011	01	0.000000	-1.699342	22.924810	22.924810	-0.000009	-0.000009	21.225466	53.260811	6.253900	0.000000	11299.223633	1839.243286	13879.160156
2011	01	0.000000	-1.646745	21.800922	21.800922	-0.000008	-0.000008	20.154177	55.059547	6.419149	0.000000	11299.395508	1839.065308	13878.415039
2011	01	0.000000	-1.563275	20.932285	20.932285	-0.000008	-0.000008	19.369009	60.881226	4.308873	0.000000	11299.558594	1838.888062	13877.700195
2011	01	0.000000	-1.662075	20.711435	20.711435	-0.000008	-0.000008	19.049358	43.215199	5.791534	0.000000	11299.715820	1838.711670	13877.007812
2011	01	0.000000	-1.693833	20.412924	20.412924	-0.000008	-0.000008	18.719090	35.620594	4.985520	0.000000	11299.869141	1838.536011	13876.323242
2011	01	0.000000	-1.658835	20.039871	20.039871	-0.000007	-0.000007	18.381037	40.784348	3.600867	0.000000	11300.018555	1838.360962	13875.651367
2011	01	0.000000	-1.789448	20.556574	20.556574	-0.000008	-0.000008	18.767126	32.885777	5.396122	0.000000	11300.167969	1838.186646	13874.970703
2011	01	0.000000	-2.035929	21.843140	21.843140	-0.000008	-0.000008	19.807211	35.524570	4.566173	0.000000	11300.316406	1838.012817	13874.282227
2011	01	0.000000	-1.823664	26.765898	26.765898	-0.000010	-0.000010	24.942232	60.674362	22.302719	0.000000	11300.483398	1837.839233	13873.505859
2011	01	0.000000	-1.647338	25.022457	25.022457	-0.000009	-0.000009	23.375118	60.967575	17.926048	0.000000	11300.687500	1837.666138	13872.627930
2011	02	0.000000	-1.282705	18.930096	18.930096	-0.000008	-0.000008	17.647390	68.023720	16.265455	0.000000	11300.860352	1837.493774	13871.861328
2011	02	0.000000	-1.264267	17.540901	17.540901	-0.000007	-0.000007	16.276634	50.884022	7.337626	0.000000	11301.006836	1837.322144	13871.193359
2011	02	0.000000	-1.263639	17.637905	17.637905	-0.000007	-0.000007	16.374266	45.155411	10.409194	0.000000	11301.146484	1837.151489	13870.541992
2011	02	0.000000	-1.130615	18.400875	18.400875	-0.000008	-0.000008	17.270260	48.202251	42.388657	0.000000	11301.293945	1836.981689	13869.866211
2011	02	0.000000	-1.186706	18.099928	18.099928	-0.000007	-0.000007	16.913221	44.729172	14.561221	0.000000	11301.438477	1836.812744	13869.200195
2011	02	0.000000	-1.345834	19.632034	19.632034	-0.000008	-0.000008	18.286203	34.719910	15.075700	0.000000	11301.583984	1836.644653	13868.506836
2011	02	0.000000	-1.328322	19.379570	19.379570	-0.000008	-0.000008	18.051247	52.650013	11.694319	0.000000	11301.732422	1836.477295	13867.783203
2011	02	0.000000	-1.506683	19.487261	19.487261	-0.000008	-0.000008	17.980577	30.327847	10.774339	0.000000	11301.872070	1836.310547	13867.082031
2011	02	0.000000	-1.509612	18.551332	18.551332	-0.000008	-0.000008	17.041719	40.107506	12.676717	0.000000	11302.007812	1836.144165	13866.375000
2011	02	0.000000	-1.429735	17.265842	17.265842	-0.000007	-0.000007	15.836107	48.086498	4.693170	0.000000	11302.125000	1835.978271	13865.730469
2011	02	0.000000	-1.402571	17.011271	17.011271	-0.000007	-0.000007	15.608699	53.649059	4.226393	0.000000	11302.234375	1835.812744	13865.102539
2011	02	0.000000	-1.474579	16.912907	16.912907	-0.000007	-0.000007	15.438328	38.003025	4.053569	0.000000	11302.339844	1835.647827	13864.486328
2011	02	0.000000	-1.686420	17.703739	17.703739	-0.000007	-0.000007	16.017319	13.785407	4.114727	0.000000	11302.444336	1835.483154	13863.858398
2011	02	0.000000	-1.895344	19.419374	19.419374	-0.000008	-0.000008	17.524029	33.416454	4.791357	0.000000	11302.550781	1835.318604	13863.196289
2011	02	0.000000	-1.851663	18.914417	18.914417	-0.000008	-0.000008	17.062754	43.319687	4.739101	0.000000	11302.657227	1835.154053	13862.512695
2011	02	0.000000	-1.683710	17.560858	17.560858	-0.000007	-0.000007	15.877149	58.810268	4.101259	0.000000	11302.753906	1834.989380	13861.857422
2011	02	0.000000	-1.547968	16.138727	16.138727	-0.000007	-0.000007	14.590759	73.699860	4.234385	0.000000	11302.838867	1834.824951	13861.247070
2011	02	0.000000	-1.513347	15.157849	15.157849	-0.000006	-0.000006	13.644504	73.310966	3.696969	0.000000	11302.912109	1834.660767	13860.678711
2011	02	0.000000	-1.417142	14.286204	14.286204	-0.000006	-0.000006	12.869062	76.611473	2.942960	0.000000	11302.975586	1834.496826	13860.142578
2011	02	0.000000	-1.473221	14.252122	14.252122	-0.000006	-0.000006	12.778901	66.447021	2.980379	0.000000	11303.036133	1834.333374	13859.622070
2011	02	0.000000	-1.305430	23.918158	23.918158	-0.000010	-0.000010	22.612728	66.348305	41.449528	0.000000	11303.160156	1834.170288	13858.931641
2011	02	0.000000	-1.267001	21.453930	21.453930	-0.000009	-0.000009	20.186930	69.121674	23.642065	0.000000	11303.303711	1834.007690	13858.110352
2011	02	0.000000	-1.283480	20.015116	20.015116	-0.000008	-0.000008	18.731636	72.180939	18.520853	0.000000	11303.425781	1833.845703	13857.355469
2011	02	0.000000	-1.309635	19.359577	19.359577	-0.000008	-0.000008	18.049944	77.493355	14.438049	0.000000	11303.535156	1833.684326	13856.634766
2011	02	0.000000	-1.317323	18.259443	18.259443	-0.000008	-0.000008	16.942120	88.332588	14.209061	0.000000	11303.635742	1833.523315	13855.946289
2011	02	0.000000	-1.309998	16.942270	16.942270	-0.000007	-0.000007	15.632272	85.499496	10.057199	0.000000	11303.723633	1833.362793	13855.304688
2011	02	0.000000	-1.517198	17.023727	17.023727	-0.000007	-0.000007	15.506531	74.071144	11.578835	0.000000	11303.803711	1833.202637	13854.687500
2011	02	0.000000	-1.161766	17.332905	17.332905	-0.000007	-0.000007	16.171139	17.306553	37.980053	0.000000	11303.875000	1833.042725	13854.083008
2011	03	0.000000	-1.347127	26.389759	26.389759	-0.000010	-0.000010	25.042631	54.754787	26.141428	0.000000	11303.981445	1832.883423	13853.342773
2011	03	0.000000	-1.619612	29.594238	29.594238	-0.000011	-0.000011	27.974627	34.693214	32.629181	0.000000	11304.117188	1832.724609	13852.407227
2011	03	0.000000	-1.693118	28.796928	28.796928	-0.000011	-0.000011	27.103811	43.754913	32.233467	0.000000	11304.249023	1832.565918	13851.456055
2011	03	0.000000	-1.711964	26.957724	26.957724	-0.000010	-0.000010	25.245762	44.999420	24.261967	0.000000	11304.364258	1832.407471	13850.562500
2011	03	0.000000	-1.742173	26.174175	26.174175	-0.000010	-0.000010	24.432001	55.360687	20.813921	0.000000	11304.470703	1832.249146	13849.692383
2011	03	0.000000	-2.007493	26.531364	26.531364	-0.000010	-0.000010	24.523872	31.262672	15.262512	0.000000	11304.564453	1832.090820	13848.862305
2011	03	0.000000	-2.002361	25.864859	25.864859	-0.000010	-0.000010	23.862499	50.543129	16.668299	0.000000	11304.656250	1831.932251	13848.000000
2011	03	0.000000	-1.935353	23.534586	23.534586	-0.000009	-0.000009	21.599232	56.708931	15.070513	0.000000	11304.730469	1831.773438	13847.207031
2011	03	0.000000	-1.703647	27.032228	27.032228	-0.000010	-0.000010	25.328583	52.343899	30.902559	0.000000	11304.808594	1831.614502	13846.414062
2011	03	0.000000	-1.956650	27.577623	27.577623	-0.000010	-0.000010	25.620975	40.069229	20.727861	0.000000	11304.911133	1831.455811	13845.535156
2011	03	0.000000	-2.240308	27.639526	27.639526	-0.000010	-0.000010	25.399216	38.438034	20.216139	0.000000	11305.002930	1831.296875	13844.641602
2011	03	0.000000	-2.137259	25.121237	25.121237	-0.000009	-0.000009	22.983978	58.487167	12.900271	0.000000	11305.075195	1831.137451	13843.795898
2011	03	0.000000	-2.029880	22.814199	22.814199	-0.000009	-0.000009	20.784321	67.164276	9.157112	0.000000	11305.129883	1830.977783	13843.025391
2011	03	0.000000	-1.842557	21.081203	21.081203	-0.000008	-0.000008	19.238647	80.171112	5.679603	0.000000	11305.172852	1830.817993	13842.324219
2011	03	0.000000	-2.094255	21.704857	21.704857	-0.000008	-0.000008	19.610601	58.390369	6.015484	0.000000	11305.210938	1830.658081	13841.646484
2011	03	0.000000	-2.182370	22.055809	22.055809	-0.000008	-0.000008	19.873442	68.616661	6.205216	0.000000	11305.246094	1830.498047	13840.943359
2011	03	0.000000	-2.097059	20.987635	20.987635	-0.000008	-0.000008	18.890577	77.993134	5.668968	0.000000	11305.272461	1830.337524	13840.256836
2011	03	0.000000	-2.252941	21.375393	21.375393	-0.000008	-0.000008	19.122454	72.997139	5.480700	0.000000	11305.291016	1830.176880	13839.583008
2011	03	0.000000	-2.216221	21.262466	21.262466	-0.000008	-0.000008	19.046244	81.897743	4.838384	0.000000	11305.306641	1830.015747	13838.904297
2011	03	0.000000	-2.003126	20.048107	20.048107	-0.000007	-0.000007	18.044981	93.341270	4.011623	0.000000	11305.321289	1829.854370	13838.242188
2011	03	0.000000	-1.836094	18.685349	18.685349	-0.000007	-0.000007	16.849255	101.554153	3.682242	0.000000	11305.333984	1829.692871	13837.620117
2011	03	0.000000	-1.773956	18.738585	18.738585	-0.000007	-0.000007	16.964628	107.495201	7.192730	0.000000	11305.345703	1829.531494	13837.022461
2011	03	0.000000	-1.709829	28.404737	28.404737	-0.000011	-0.000011	26.694908	69.390556	54.434738	0.000000	11305.425781	1829.370117	13836.287109
2011	03	0.000000	-1.659672	26.180214	26.180214	-0.000010	-0.000010	24.520542	83.129257	37.070934	0.000000	11305.522461	1829.209106	13835.372070
2011	03	0.000000	-1.769972	23.908327	23.908327	-0.000009	-0.000009	22.138355	98.448059	21.426828	0.000000	11305.583008	1829.048218	13834.553711
2011	03	0.000000	-1.612224	20.876980	20.876980	-0.000008	-0.000008	19.264757	109.983215	12.545117	0.000000	11305.623047	1828.887573	13833.826172
2011	03	0.000000	-1.712023	20.079756	20.079756	-0.000007	-0.000007	18.367733	107.510422	10.297768	0.000000	11305.652344	1828.727173	13833.158203
2011	03	0.000000	-1.779335	19.412966	19.412966	-0.000007	-0.000007	17.633631	102.944542	7.845029	0.000000	11305.671875	1828.566895	13832.518555
2011	03	0.000000	-1.892504	19.292635	19.292635	-0.000007	-0.000007	17.400131	95.440842	6.864630	0.000000	11305.683594	1828.406738	13831.893555
2011	03	0.000000	-1.926439	19.323618	19.323618	-0.000007	-0.000007	17.397179	101.011444	5.226518	0.000000	11305.686523	1828.246582	13831.272461
2011	03	0.000000	-2.021330	19.665691	19.665691	-0.000007	-0.000007	17.644361	101.438042	5.383261	0.000000	11305.682617	1828.086304	13830.647461
2011	04	0.000000	-2.028676	19.276251	19.276251	-0.000007	-0.000007	17.247576	99.200340	5.055657	0.000000	11305.676758	1827.925903	13830.014648
2011	04	0.000000	-2.149904	19.809469	19.809469	-0.000008	-0.000008	17.659565	83.348755	4.119843	0.000000	11305.666992	1827.765259	13829.372070
2011	04	0.000000	-2.170205	19.955872	19.955872	-0.000008	-0.000008	17.785667	92.575684	4.614176	0.000000	11305.656250	1827.604248	13828.714844
2011	04	0.000000	-1.952751	18.696615	18.696615	-0.000007	-0.000007	16.743864	113.669075	4.301661	0.000000	11305.644531	1827.442871	13828.071289
2011	04	0.000000	-1.843680	17.693518	17.693518	-0.000007	-0.000007	15.849838	94.604805	2.182626	0.000000	11305.633789	1827.281372	13827.479492
2011	04	0.000000	-2.043244	18.397354	18.397354	-0.000007	-0.000007	16.354113	94.879105	3.713630	0.000000	11305.622070	1827.119873	13826.878906
2011	04	0.000000	-2.019026	18.366358	18.366358	-0.000007	-0.000007	16.347332	104.626060	3.519712	0.000000	11305.606445	1826.958130	13826.265625
2011	04	0.000000	-1.777216	17.026648	17.026648	-0.000007	-0.000007	15.249431	123.091965	2.550249	0.000000	11305.590820	1826.796265	13825.676758
2011	04	0.000000	-1.645097	15.804605	15.804605	-0.000006	-0.000006	14.159509	125.799126	2.631831	0.000000	11305.576172	1826.634521	13825.125000
2011	04	0.000000	-1.433207	26.346247	26.346247	-0.000010	-0.000010	24.913040	104.141266	55.622444	0.000000	11305.627930	1826.472900	13824.457031
2011	04	0.000000	-1.425879	24.042362	24.042362	-0.000009	-0.000009	22.616482	100.872253	35.598011	0.000000	11305.730469	1826.311890	13823.575195
2011	04	0.000000	-1.792497	24.575787	24.575787	-0.000009	-0.000009	22.783291	75.108543	23.388626	0.000000	11305.769531	1826.151245	13822.772461
2011	04	0.000000	-1.864664	23.382120	23.382120	-0.000009	-0.000009	21.517456	103.856041	20.360783	0.000000	11305.791016	1825.990601	13821.946289
2011	04	0.000000	-1.804039	20.246592	20.246592	-0.000008	-0.000008	18.442553	115.219177	12.732845	0.000000	11305.790039	1825.829956	13821.220703
2011	04	0.000000	-1.728263	18.424429	18.424429	-0.000007	-0.000007	16.696167	111.376221	7.776072	0.000000	11305.771484	1825.669312	13820.578125
2011	04	0.000000	-2.230037	19.987339	19.987339	-0.000008	-0.000008	17.757301	71.560997	7.226277	0.000000	11305.743164	1825.508789	13819.958984
2011	04	0.000000	-2.484983	21.592560	21.592560	-0.000008	-0.000008	19.107578	85.015564	7.932262	0.000000	11305.700195	1825.347778	13819.269531
2011	04	0.000000	-2.300316	20.993925	20.993925	-0.000008	-0.000008	18.693609	103.358727	5.779666	0.000000	11305.646484	1825.186035	13818.572266
2011	04	0.000000	-2.127243	19.776426	19.776426	-0.000008	-0.000008	17.649183	117.375938	4.878128	0.000000	11305.594727	1825.023926	13817.903320
2011	04	0.000000	-2.094744	19.253113	19.253113	-0.000007	-0.000007	17.158369	114.968018	3.897091	0.000000	11305.543945	1824.861450	13817.263672
2011	04	0.000000	-2.068703	19.049742	19.049742	-0.000007	-0.000007	16.981037	120.844711	3.569231	0.000000	11305.492188	1824.698730	13816.631836
2011	04	0.000000	-2.062218	18.769371	18.769371	-0.000007	-0.000007	16.707153	121.859772	3.640117	0.000000	11305.438477	1824.535889	13816.006836
2011	04	0.000000	-1.997301	18.300959	18.300959	-0.000007	-0.000007	16.303658	128.298553	3.428370	0.000000	11305.383789	1824.372803	13815.391602
2011	04	0.000000	-1.837695	17.272358	17.272358	-0.000007	-0.000007	15.434662	134.292252	2.757437	0.000000	11305.331055	1824.209595	13814.799805
2011	04	0.000000	-1.767074	16.600351	16.600351	-0.000006	-0.000006	14.833278	142.672852	2.614368	0.000000	11305.279297	1824.046509	13814.232422
2011	04	0.000000	-1.852846	25.660219	25.660219	-0.000010	-0.000010	23.807375	112.228630	42.563969	0.000000	11305.283203	1823.883667	13813.563477
2011	04	0.000000	-1.930274	20.523863	20.523863	-0.000008	-0.000008	18.593588	120.637360	17.308943	0.000000	11305.326172	1823.720703	13812.753906
2011	04	0.000000	-2.000398	18.499119	18.499119	-0.000007	-0.000007	16.498722	107.481094	7.065791	0.000000	11305.284180	1823.557739	13812.119141
2011	04	0.000000	-2.207301	19.000780	19.000780	-0.000007	-0.000007	16.793478	113.276375	7.115002	0.000000	11305.223633	1823.394775	13811.497070
2011	04	0.000000	-2.251590	19.115324	19.115324	-0.000007	-0.000007	16.863735	121.728012	5.405595	0.000000	11305.154297	1823.231323	13810.866211
2011	05	0.000000	-2.153779	18.989109	18.989109	-0.000007	-0.000007	16.835329	131.879456	3.572279	0.000000	11305.083984	1823.067627	13810.248047
2011	05	0.000000	-1.872088	17.469803	17.469803	-0.000007	-0.000007	15.597714	134.634369	2.608947	0.000000	11305.017578	1822.903687	13809.660156
2011	05	0.000000	-1.975615	17.158642	17.158642	-0.000006	-0.000006	15.183026	113.546661	2.567518	0.000000	11304.956055	1822.739868	13809.108398
2011	05	0.000000	-2.627237	19.799507	19.799507	-0.000007	-0.000007	17.172270	71.811455	2.600179	0.000000	11304.886719	1822.576050	13808.528320
2011	05	0.000000	-2.715806	21.277468	21.277468	-0.000008	-0.000008	18.561661	98.305000	3.081445	0.000000	11304.804688	1822.411621	13807.876953
2011	05	0.000000	-2.490017	20.531845	20.531845	-0.000008	-0.000008	18.041828	108.491928	2.445741	0.000000	11304.718750	1822.246338	13807.220703
2011	05	0.000000	-2.482361	20.291615	20.291615	-0.000008	-0.000008	17.809254	115.592331	2.488320	0.000000	11304.633789	1822.080688	13806.575195
2011	05	0.000000	-2.344783	19.462301	19.462301	-0.000007	-0.000007	17.117519	122.494270	2.315124	0.000000	11304.548828	1821.914429	13805.942383
2011	05	0.000000	-2.075184	18.176277	18.176277	-0.000007	-0.000007	16.101093	151.246338	1.882871	0.000000	11304.467773	1821.748047	13805.335938
2011	05	0.000000	-1.823496	18.207939	18.207939	-0.000007	-0.000007	16.384443	148.490479	17.283875	0.000000	11304.403320	1821.581543	13804.758789
2011	05	0.000000	-1.692122	15.311769	15.311769	-0.000006	-0.000006	13.619648	140.565033	5.499102	0.000000	11304.357422	1821.415405	13804.203125
2011	05	0.000000	-1.872897	15.829581	15.829581	-0.000006	-0.000006	13.956684	132.702087	4.088093	0.000000	11304.290039	1821.249634	13803.694336
2011	05	0.000000	-2.087810	16.772833	16.772833	-0.000006	-0.000006	14.685022	120.912674	3.328211	0.000000	11304.218750	1821.084106	13803.169922
2011	05	0.000000	-2.486314	18.611420	18.611420	-0.000007	-0.000007	16.125105	99.258858	2.703991	0.000000	11304.138672	1820.918457	13802.610352
2011	05	0.000000	-2.388683	18.837313	18.837313	-0.000007	-0.000007	16.448629	129.817398	2.833123	0.000000	11304.049805	1820.752319	13802.006836
2011	05	0.000000	-2.015974	17.201056	17.201056	-0.000006	-0.000006	15.185080	143.978226	1.857146	0.000000	11303.963867	1820.585938	13801.427734
2011	05	0.000000	-1.840969	15.915950	15.915950	-0.000006	-0.000006	14.074981	148.512833	1.583318	0.000000	11303.886719	1820.419678	13800.892578
2011	05	0.000000	-1.802428	15.426669	15.426669	-0.000006	-0.000006	13.624242	149.105988	1.443021	0.000000	11303.811523	1820.253540	13800.378906
2011	05	0.000000	-1.818717	15.227163	15.227163	-0.000006	-0.000006	13.408446	155.554657	0.089181	0.000000	11303.738281	1820.087646	13799.876953
2011	05	0.000000	-1.769425	21.429405	21.429405	-0.000008	-0.000008	19.659977	116.884727	35.349377	0.000000	11303.697266	1819.922119	13799.325195
2011	05	0.000000	-1.872030	19.477198	19.477198	-0.000007	-0.000007	17.605167	125.734451	14.814868	0.000000	11303.749023	1819.756836	13798.613281
2011	05	0.000000	-2.069525	16.586002	16.586002	-0.000006	-0.000006	14.516478	128.926132	6.957595	0.000000	11303.702148	1819.591675	13798.034180
2011	05	0.000000	-2.057575	16.646427	16.646427	-0.000006	-0.000006	14.588853	133.245621	4.214112	0.000000	11303.618164	1819.426514	13797.495117
2011	05	0.000000	-2.027841	16.454512	16.454512	-0.000006	-0.000006	14.426670	142.029129	2.984046	0.000000	11303.533203	1819.261353	13796.960938
2011	05	0.000000	-1.898898	15.789917	15.789917	-0.000006	-0.000006	13.891019	149.952682	2.179640	0.000000	11303.449219	1819.096313	13796.437500
2011	05	0.000000	-2.068634	16.141285	16.141285	-0.000006	-0.000006	14.072651	127.595871	1.926996	0.000000	11303.368164	1818.931274	13795.928711
2011	05	0.000000	-2.195472	16.894474	16.894474	-0.000006	-0.000006	14.699002	136.211792	2.168431	0.000000	11303.279297	1818.766235	13795.392578
2011	05	0.000000	-2.113543	16.446259	16.446259	-0.000006	-0.000006	14.332716	138.627838	1.921765	0.000000	11303.189453	1818.600952	13794.858398
2011	05	0.000000	-2.090041	16.199608	16.199608	-0.000006	-0.000006	14.109566	145.675323	1.651252	0.000000	11303.101562	1818.435669	13794.333008
2011	05	0.000000	-1.990928	15.758803	15.758803	-0.000006	-0.000006	13.767876	158.704681	0.587104	0.000000	11303.013672	1818.270386	13793.815430
2011	05	0.000000	-1.957313	15.408905	15.408905	-0.000006	-0.000006	13.451592	133.615677	-0.184530	0.000000	11302.929688	1818.105103	13793.318359
2011	06	0.000000	-2.172097	15.878936	15.878936	-0.000006	-0.000006	13.706839	117.077812	2.218346	0.000000	11302.842773	1817.939819	13792.808594
2011	06	0.000000	-2.339015	16.762140	16.762140	-0.000006	-0.000006	14.423125	112.328018	1.983167	0.000000	11302.747070	1817.774414	13792.270508
2011	06	0.000000	-2.264843	16.661161	16.661161	-0.000006	-0.000006	14.396320	117.915291	1.620630	0.000000	11302.648438	1817.608643	13791.720703
2011	06	0.000000	-2.074056	15.927032	15.927032	-0.000006	-0.000006	13.852976	122.445572	1.277109	0.000000	11302.550781	1817.442505	13791.183594
2011	06	0.000000	-2.152794	16.038755	16.038755	-0.000006	-0.000006	13.885961	117.153954	0.963807	0.000000	11302.456055	1817.276367	13790.657227
2011	06	0.000000	-2.243417	16.399372	16.399372	-0.000006	-0.000006	14.155955	116.258705	1.308087	0.000000	11302.357422	1817.109985	13790.123047
2011	06	0.000000	-2.351689	16.881334	16.881334	-0.000007	-0.000007	14.529646	129.017838	1.491533	0.000000	11302.254883	1816.943359	13789.574219
2011	06	0.000000	-2.164560	16.208426	16.208426	-0.000006	-0.000006	14.043866	118.600410	0.329420	0.000000	11302.152344	1816.776489	13789.034180
2011	06	0.000000	-2.326846	16.622139	16.622139	-0.000006	-0.000006	14.295292	125.166077	1.667890	0.000000	11302.049805	1816.609253	13788.492188
2011	06	0.000000	-2.249288	16.323421	16.323421	-0.000006	-0.000006	14.074134	121.126564	1.276031	0.000000	11301.945312	1816.441895	13787.951172
2011	06	0.000000	-2.268626	16.357929	16.357929	-0.000006	-0.000006	14.089303	116.841545	0.996572	0.000000	11301.842773	1816.274292	13787.416016
2011	06	0.000000	-2.360759	16.736338	16.736338	-0.000006	-0.000006	14.375579	120.693359	1.240819	0.000000	11301.735352	1816.106323	13786.871094
2011	06	0.000000	-2.274148	16.339277	16.339277	-0.000006	-0.000006	14.065127	120.557510	1.138149	0.000000	11301.628906	1815.938110	13786.328125
2011	06	0.000000	-2.356256	16.577923	16.577923	-0.000006	-0.000006	14.221665	114.574043	1.006122	0.000000	11301.521484	1815.769653	13785.790039
2011	06	0.000000	-2.515796	17.367340	17.367340	-0.000007	-0.000007	14.851543	115.107872	0.242150	0.000000	11301.410156	1815.600830	13785.236328
2011	06	0.000000	-2.657921	17.947309	17.947309	-0.000007	-0.000007	15.289390	111.270218	1.485174	0.000000	11301.291992	1815.431641	13784.663086
2011	06	0.000000	-2.627719	17.960804	17.960804	-0.000007	-0.000007	15.333086	122.030029	1.419336	0.000000	11301.168945	1815.261719	13784.078125
2011	06	0.000000	-2.407764	17.091490	17.091490	-0.000007	-0.000007	14.683726	121.546921	1.025283	0.000000	11301.049805	1815.091309	13783.507812
2011	06	0.000000	-2.316043	16.611330	16.611330	-0.000006	-0.000006	14.295287	119.864693	0.906080	0.000000	11300.934570	1814.920654	13782.956055
2011	06	0.000000	-2.333157	16.580040	16.580040	-0.000006	-0.000006	14.246884	129.618332	0.969939	0.000000	11300.819336	1814.749756	13782.406250
2011	06	0.000000	-2.458664	16.843658	16.843658	-0.000006	-0.000006	14.384995	113.506691	-0.021974	0.000000	11300.705078	1814.578735	13781.862305
2011	06	0.000000	-2.769245	18.027700	18.027700	-0.000007	-0.000007	15.258456	113.285843	1.372633	0.000000	11300.583008	1814.407227	13781.295898
2011	06	0.000000	-3.121947	19.379200	19.379200	-0.000007	-0.000007	16.257254	106.022491	1.424780	0.000000	11300.451172	1814.235107	13780.697266
2011	06	0.000000	-3.029094	19.547356	19.547356	-0.000008	-0.000008	16.518261	112.453224	1.027130	0.000000	11300.310547	1814.061890	13780.073242
2011	06	0.000000	-2.801495	18.869106	18.869106	-0.000007	-0.000007	16.067610	117.485428	1.005557	0.000000	11300.169922	1813.887939	13779.455078
2011	06	0.000000	-2.660339	18.242636	18.242636	-0.000007	-0.000007	15.582295	117.731789	0.926865	0.000000	11300.034180	1813.713257	13778.853516
2011	06	0.000000	-2.568828	17.748436	17.748436	-0.000007	-0.000007	15.179606	120.027580	0.898565	0.000000	11299.901367	1813.538330	13778.265625
2011	06	0.000000	-2.565323	17.514317	17.514317	-0.000007	-0.000007	14.948993	112.849709	0.197683	0.000000	11299.770508	1813.363037	13777.689453
2011	06	0.000000	-2.803928	18.207859	18.207859	-0.000007	-0.000007	15.403931	106.621780	1.102199	0.000000	11299.638672	1813.187378	13777.108398
2011	06	0.000000	-2.842187	18.672203	18.672203	-0.000007	-0.000007	15.830017	115.809814	0.966437	0.000000	11299.499023	1813.011108	13776.507812
2011	07	0.000000	-2.652620	18.650021	18.650021	-0.000007	-0.000007	15.997401	128.180862	0.766684	0.000000	11299.357422	1812.834351	13775.907227
2011	07	0.000000	-2.486395	17.794767	17.794767	-0.000007	-0.000007	15.308372	135.029297	0.795951	0.000000	11299.222656	1812.657349	13775.326172
2011	07	0.000000	-2.714299	18.075274	18.075274	-0.000007	-0.000007	15.360974	73.348953	0.529984	0.000000	11299.088867	1812.480225	13774.752930
2011	07	0.000000	-2.980077	19.328447	19.328447	-0.000007	-0.000007	16.348370	113.598076	0.731773	0.000000	11298.949219	1812.302612	13774.165039
2011	07	0.000000	-2.697410	18.788225	18.788225	-0.000007	-0.000007	16.090815	116.603195	0.011235	0.000000	11298.803711	1812.124634	13773.560547
2011	07	0.000000	-2.671396	18.358665	18.358665	-0.000007	-0.000007	15.687269	124.472115	1.142173	0.000000	11298.661133	1811.946289	13772.969727
2011	07	0.000000	-2.756865	18.481401	18.481401	-0.000007	-0.000007	15.724536	100.273880	0.866859	0.000000	11298.519531	1811.767822	13772.383789
2011	07	0.000000	-2.833232	18.934301	18.934301	-0.000007	-0.000007	16.101070	115.484970	-0.576468	0.000000	11298.375000	1811.588867	13771.791016
2011	07	0.000000	-2.651447	18.378679	18.378679	-0.000007	-0.000007	15.727233	94.561928	0.899624	0.000000	11298.228516	1811.409668	13771.195312
2011	07	0.000000	-2.672642	18.399977	18.399977	-0.000007	-0.000007	15.727335	132.120743	1.235170	0.000000	11298.083984	1811.230225	13770.610352
2011	07	0.000000	-2.460755	17.664951	17.664951	-0.000007	-0.000007	15.204196	138.378571	0.951045	0.000000	11297.941406	1811.050781	13770.030273
2011	07	0.000000	-2.348289	17.050999	17.050999	-0.000006	-0.000006	14.702710	139.378723	0.876917	0.000000	11297.802734	1810.871338	13769.467773
2011	07	0.000000	-2.349544	16.740324	16.740324	-0.000006	-0.000006	14.390779	134.925613	0.836045	0.000000	11297.668945	1810.692017	13768.920898
2011	07	0.000000	-2.383182	16.743216	16.743216	-0.000006	-0.000006	14.360033	133.957657	0.830247	0.000000	11297.535156	1810.512817	13768.375977
2011	07	0.000000	-2.263796	16.281866	16.281866	-0.000006	-0.000006	14.018070	138.897888	0.738623	0.000000	11297.402344	1810.333740	13767.836914
2011	07	0.000000	-2.207984	15.970858	15.970858	-0.000006	-0.000006	13.762875	139.094833	0.647264	0.000000	11297.272461	1810.155029	13767.310547
2011	07	0.000000	-2.298640	16.136375	16.136375	-0.000006	-0.000006	13.837735	138.960052	0.715115	0.000000	11297.143555	1809.976440	13766.787109
2011	07	0.000000	-2.381668	16.284834	16.284834	-0.000006	-0.000006	13.903167	109.957306	0.588366	0.000000	11297.012695	1809.798096	13766.261719
2011	07	0.000000	-2.697909	17.274139	17.274139	-0.000006	-0.000006	14.576230	87.102272	0.605088	0.000000	11296.875977	1809.619751	13765.722656
2011	07	0.000000	-2.589180	17.227158	17.227158	-0.000006	-0.000006	14.637978	119.205086	0.800686	0.000000	11296.734375	1809.441162	13765.168945
2011	07	0.000000	-2.504382	16.845888	16.845888	-0.000006	-0.000006	14.341505	104.158615	0.627079	0.000000	11296.593750	1809.262451	13764.622070
2011	07	0.000000	-2.509357	16.811806	16.811806	-0.000006	-0.000006	14.302447	85.405731	0.503407	0.000000	11296.454102	1809.083740	13764.079102
2011	07	0.000000	-2.442431	16.571140	16.571140	-0.000006	-0.000006	14.128710	125.568626	0.709342	0.000000	11296.316406	1808.905029	13763.543945
2011	07	0.000000	-2.375437	16.421442	16.421442	-0.000006	-0.000006	14.046004	101.253372	0.500575	0.000000	11296.177734	1808.726318	13763.006836
2011	07	0.000000	-2.413687	16.358385	16.358385	-0.000006	-0.000006	13.944698	137.482590	0.725486	0.000000	11296.041016	1808.547729	13762.479492
2011	07	0.000000	-2.479740	16.569336	16.569336	-0.000006	-0.000006	14.089597	126.840698	0.702399	0.000000	11295.902344	1808.369141	13761.948242
2011	07	0.000000	-2.556229	16.932144	16.932144	-0.000006	-0.000006	14.375915	127.580406	0.704426	0.000000	11295.760742	1808.190674	13761.409180
2011	07	0.000000	-2.531125	16.905743	16.905743	-0.000006	-0.000006	14.374617	130.330460	0.680531	0.000000	11295.616211	1808.011963	13760.865234
2011	07	0.000000	-2.611086	17.057940	17.057940	-0.000006	-0.000006	14.446853	117.733696	0.693509	0.000000	11295.470703	1807.833252	13760.320312
2011	07	0.000000	-2.885620	17.987047	17.987047	-0.000007	-0.000007	15.101427	103.895683	0.182434	0.000000	11295.321289	1807.654419	13759.767578
2011	07	0.000000	-2.756289	17.883543	17.883543	-0.000007	-0.000007	15.127254	68.643120	0.474675	0.000000	11295.164062	1807.475098	13759.193359
2011	08	0.000000	-3.000752	18.465895	18.465895	-0.000007	-0.000007	15.465142	71.958656	0.520926	0.000000	11295.007812	1807.295532	13758.623047
2011	08	0.000000	-2.915088	18.649982	18.649982	-0.000007	-0.000007	15.734894	72.780266	0.472084	0.000000	11294.842773	1807.115356	13758.034180
2011	08	0.000000	-2.640860	17.541731	17.541731	-0.000007	-0.000007	14.900870	87.183357	-1.535982	0.000000	11294.684570	1806.934814	13757.461914
2011	08	0.000000	-2.678716	17.358601	17.358601	-0.000006	-0.000006	14.679884	64.224457	1.030540	0.000000	11294.527344	1806.754272	13756.898438
2011	08	0.000000	-2.503838	16.545017	16.545017	-0.000006	-0.000006	14.041179	69.577721	0.865943	0.000000	11294.377930	1806.573486	13756.355469
2011	08	0.000000	-2.536158	16.540033	16.540033	-0.000006	-0.000006	14.003876	116.910713	1.205095	0.000000	11294.233398	1806.392822	13755.827148
2011	08	0.000000	-2.411740	16.427092	16.427092	-0.000006	-0.000006	14.015351	124.254257	0.993834	0.000000	11294.084961	1806.212158	13755.290039
2011	08	0.000000	-2.239729	15.769420	15.769420	-0.000006	-0.000006	13.529691	128.875717	0.758657	0.000000	11293.939453	1806.031616	13754.765625
2011	08	0.000000	-2.302948	15.767122	15.767122	-0.000006	-0.000006	13.464173	107.345314	0.604267	0.000000	11293.796875	1805.851440	13754.248047
2011	08	0.000000	-2.364370	15.638682	15.638682	-0.000006	-0.000006	13.274312	57.044220	0.339355	0.000000	11293.654297	1805.671509	13753.733398
2011	08	0.000000	-2.393234	15.717238	15.717238	-0.000006	-0.000006	13.324004	124.721428	0.811316	0.000000	11293.515625	1805.491699	13753.228516
2011	08	0.000000	-2.069769	14.848806	14.848806	-0.000006	-0.000006	12.779037	133.270676	0.315679	0.000000	11293.375977	1805.312134	13752.724609
2011	08	0.000000	-2.175975	14.959573	14.959573	-0.000006	-0.000006	12.783599	130.746307	0.748467	0.000000	11293.240234	1805.132935	13752.234375
2011	08	0.000000	-2.146245	14.727394	14.727394	-0.000005	-0.000005	12.581148	121.930069	0.677974	0.000000	11293.105469	1804.954102	13751.745117
2011	08	0.000000	-2.324615	15.442456	15.442456	-0.000006	-0.000006	13.117841	86.300568	2.332577	0.000000	11292.968750	1804.775635	13751.253906
2011	08	4.296525	0.929473	67.684189	63.387669	-0.000024	-0.000024	64.317139	31.297348	113.064743	11539.218750	11293.074219	1804.616089	13750.061523
2011	08	25.636023	17.651382	64.829292	39.193268	-0.000015	-0.000015	56.844650	4.886385	102.604584	68850.921875	11293.284180	1804.665771	13748.100586
2011	08	26.829885	16.633120	59.836876	33.006985	-0.000012	-0.000012	49.640106	23.256123	113.281059	72057.296875	11293.291016	1805.224976	13747.068359
2011	08	39.828613	26.076248	52.682018	12.853407	-0.000005	-0.000005	38.929657	10.185227	87.531998	106968.109375	11293.170898	1805.782959	13746.299805
2011	08	66.548920	47.898338	52.303738	-14.245182	0.000005	0.000005	33.653156	8.193678	80.927429	178731.109375	11292.964844	1806.781128	13746.216797
2011	08	47.432465	29.547411	48.676540	1.244077	-0.000000	-0.000000	30.791489	68.783630	70.895142	127389.851562	11292.759766	1808.319336	13746.831055
2011	08	44.908234	25.096954	46.840450	1.932218	-0.000001	-0.000001	27.029173	47.851170	51.859634	120610.500000	11292.532227	1809.232788	13746.903320
2011	08	53.683403	31.532257	48.778023	-4.905379	0.000002	0.000002	26.626879	51.057053	53.965958	144178.062500	11292.294922	1810.028198	13746.946289
2011	08	51.870899	26.331377	51.649204	-0.221691	0.000000	0.000000	26.109688	55.919086	55.224331	139310.187500	11292.034180	1811.035889	13747.189453
2011	08	46.393856	20.480371	49.709560	3.315706	-0.000001	-0.000001	23.796080	63.427601	48.191566	124600.437500	11291.755859	1811.938232	13747.389648
2011	08	73.379883	41.674133	54.064342	-19.315540	0.000007	0.000007	22.358591	28.447050	53.355366	197077.093750	11291.471680	1812.965088	13747.761719
2011	08	95.258835	60.746975	55.608173	-39.650661	0.000015	0.000015	21.096315	45.983261	60.871929	255837.625000	11291.198242	1814.611084	13748.809570
2011	08	116.908516	78.402771	58.427582	-58.480934	0.000022	0.000022	19.921835	25.559383	67.137589	313982.375000	11290.937500	1816.862793	13750.496094
2011	08	106.558968	68.401917	62.803055	-43.755920	0.000016	0.000016	24.645996	39.150383	94.464813	286186.500000	11290.719727	1819.508179	13752.558594
2011	08	122.869308	81.787827	82.317970	-40.551342	0.000015	0.000015	41.236492	18.361746	152.763168	329991.375000	11290.557617	1821.981567	13754.083984
2011	08	119.514175	79.170372	78.786407	-40.727768	0.000015	0.000015	38.442604	22.722038	117.936806	320980.406250	11290.349609	1824.808350	13755.662109
2011	09	118.331978	78.292847	71.415558	-46.916420	0.000018	0.000018	31.376429	32.489922	103.621513	328398.906250	11290.139648	1827.748413	13757.563477
2011	09	80.209976	45.468594	60.679508	-19.530466	0.000008	0.000008	25.938128	69.466125	79.049942	222601.437500	11289.934570	1830.229614	13759.200195
2011	09	75.555992	40.583378	57.495312	-18.060675	0.000007	0.000007	22.522705	86.493172	62.970722	209685.531250	11289.720703	1831.780273	13760.047852
2011	09	65.950439	32.135342	53.965828	-11.984619	0.000005	0.000005	20.150723	89.703705	53.526802	183027.890625	11289.501953	1833.132324	13760.789062
2011	09	66.434181	32.125256	52.876293	-13.557887	0.000005	0.000005	18.567369	83.175140	53.554977	184370.375000	11289.282227	1834.298218	13761.409180
2011	09	85.888657	49.235050	53.875706	-32.012951	0.000012	0.000012	17.222101	67.596985	61.067184	238361.109375	11289.057617	1835.675781	13762.292969
2011	09	66.137177	29.207693	53.659840	-12.477339	0.000005	0.000005	16.730352	66.243996	57.691628	183546.125000	11288.830078	1837.097900	13763.249023
2011	09	59.215816	21.970245	53.398132	-5.817682	0.000002	0.000002	16.152563	75.189804	53.004166	164337.734375	11288.602539	1838.169922	13763.872070
2011	09	70.501007	33.388359	52.116413	-18.384592	0.000007	0.000007	15.003767	72.614738	50.484829	195656.781250	11288.387695	1839.184204	13764.466797
2011	09	65.295166	28.102146	51.348125	-13.947038	0.000005	0.000005	14.155107	80.955605	46.751648	181209.343750	11288.187500	1840.324341	13765.221680
2011	09	94.114746	53.425915	54.022297	-40.092453	0.000015	0.000015	13.333461	61.408031	51.923737	261190.406250	11287.999023	1841.781494	13766.322266
2011	09	114.522804	70.965042	55.946983	-58.575821	0.000023	0.000023	12.389223	29.574505	57.409752	317827.562500	11287.822266	1843.785278	13767.996094
2011	09	77.319351	37.696774	51.250591	-26.068762	0.000010	0.000010	11.628013	52.154636	51.904766	214579.281250	11287.659180	1846.046021	13769.960938
2011	09	59.889008	23.110893	47.850048	-12.038958	0.000005	0.000005	11.071936	82.188560	42.909515	166206.000000	11287.504883	1847.289917	13770.927734
2011	09	66.182198	30.443499	46.160248	-20.021946	0.000008	0.000008	10.421554	88.319244	40.632607	183671.062500	11287.360352	1848.289917	13771.671875
2011	09	64.590340	28.222364	46.334282	-18.256062	0.000007	0.000007	9.966303	76.460732	38.821152	179253.312500	11287.223633	1849.339722	13772.482422
2011	09	59.186417	23.967806	44.633251	-14.553167	0.000006	0.000006	9.414640	100.135925	35.971661	164256.140625	11287.094727	1850.378662	13773.299805
2011	09	54.633385	22.298014	41.033394	-13.599993	0.000005	0.000005	8.698021	108.049149	30.050850	151620.406250	11286.975586	1851.252808	13773.974609
2011	09	57.783970	25.835043	40.196991	-17.586977	0.000007	0.000007	8.248067	100.961357	30.146294	160364.015625	11286.866211	1852.043457	13774.584961
2011	09	55.697250	24.284349	39.437313	-16.259937	0.000006	0.000006	8.024415	75.146118	36.578014	154572.890625	11286.761719	1852.871338	13775.244141
2011	09	85.150200	48.608269	44.469513	-40.680683	0.000016	0.000016	7.927582	26.609966	45.598270	236311.687500	11286.659180	1853.766113	13775.972656
2011	09	60.332413	25.808475	42.293385	-18.039030	0.000007	0.000007	7.769445	63.468601	40.790192	167436.546875	11286.560547	1855.410522	13777.459961
2011	09	49.514187	17.368654	39.761166	-9.753022	0.000004	0.000004	7.615632	61.703739	36.749947	137413.437500	11286.463867	1856.153809	13778.046875
2011	09	52.159691	17.089821	42.693623	-9.466067	0.000004	0.000004	7.623754	51.740227	39.115253	144755.343750	11286.369141	1856.823120	13778.564453
2011	09	51.904751	18.714222	40.529327	-11.375422	0.000004	0.000004	7.338799	70.255371	35.582161	144047.812500	11286.276367	1857.500854	13779.094727
2011	09	46.644402	14.392840	39.307270	-7.337132	0.000003	0.000003	7.055708	91.207893	30.045866	129449.132812	11286.188477	1858.123535	13779.578125
2011	09	47.249565	17.593718	36.221775	-11.027792	0.000004	0.000004	6.565925	89.676308	24.597385	131128.593750	11286.106445	1858.690918	13780.021484
2011	09	58.857517	26.494888	38.760323	-20.097197	0.000008	0.000008	6.397692	50.662590	29.835508	163343.375000	11286.029297	1859.244995	13780.461914
2011	09	135.017395	91.696678	78.672585	-56.344822	0.000022	0.000022	35.351852	33.069469	109.844452	374704.875000	11285.999023	1860.635254	13781.294922
2011	09	137.243103	93.284477	75.953156	-61.289936	0.000024	0.000024	31.994541	22.954060	99.797089	380881.687500	11285.937500	1863.742432	13783.318359
2011	10	102.574059	60.947155	70.564598	-32.009468	0.000012	0.000012	28.937687	15.926283	103.022705	275484.218750	11285.834961	1866.735840	13785.427734
2011	10	99.853142	57.765278	66.338249	-33.514889	0.000013	0.000013	24.250389	-7.752347	103.421028	268176.593750	11285.684570	1868.715942	13786.659180
2011	10	139.777054	92.704292	69.784149	-69.992905	0.000026	0.000026	22.711393	18.031910	81.714066	375400.656250	11285.505859	1870.858643	13788.147461
2011	10	126.028450	80.200447	66.537041	-59.491402	0.000022	0.000022	20.709047	8.833687	76.774483	338475.875000	11285.327148	1873.726196	13790.414062
2011	10	129.774414	82.480408	65.372459	-64.401962	0.000024	0.000024	18.078451	19.046110	70.805382	348536.468750	11285.150391	1876.348145	13792.509766
2011	10	134.339371	89.894203	58.878658	-75.460709	0.000028	0.000028	14.433496	62.474678	63.023781	360796.593750	11284.974609	1879.156250	13794.901367
2011	10	169.919174	124.698128	57.592346	-112.326820	0.000042	0.000042	12.371311	71.827148	60.295788	456353.656250	11284.805664	1882.343262	13797.765625
2011	10	104.088737	68.194672	48.005093	-56.083645	0.000021	0.000021	12.111029	87.163582	37.793301	279552.187500	11284.669922	1885.896851	13801.024414
2011	10	81.228203	49.535183	41.890480	-39.337723	0.000015	0.000015	10.197462	85.360420	31.402502	218155.421875	11284.546875	1887.831787	13802.706055
2011	10	76.361946	44.715588	40.938683	-35.423264	0.000013	0.000013	9.292326	70.053146	32.954273	205086.062500	11284.423828	1889.249268	13803.913086
2011	10	78.148117	45.970264	41.109367	-37.038746	0.000014	0.000014	8.931518	62.969143	34.387638	209883.187500	11284.298828	1890.537109	13805.011719
2011	10	95.217339	60.800568	43.144707	-52.072632	0.000019	0.000019	8.727933	54.162388	39.538925	255726.187500	11284.175781	1891.970581	13806.262695
2011	10	88.176613	54.271610	42.496498	-45.680115	0.000017	0.000017	8.591496	33.423771	45.403557	236816.828125	11284.055664	1893.756714	13807.875000
2011	10	77.756172	44.040142	42.186550	-35.569630	0.000013	0.000013	8.470515	34.541088	41.195469	208830.562500	11283.937500	1895.334717	13809.280273
2011	10	75.129852	41.817066	41.486130	-33.643723	0.000013	0.000013	8.173344	42.092361	37.789360	201777.000000	11283.821289	1896.632324	13810.413086
2011	10	72.557755	39.476593	40.922985	-31.634766	0.000012	0.000012	7.841826	37.733635	37.982868	194869.093750	11283.710938	1897.833252	13811.459961
2011	10	77.690727	44.328171	40.784908	-36.905819	0.000014	0.000014	7.422351	48.043198	36.175022	208654.765625	11283.605469	1899.021606	13812.504883
2011	10	77.953827	44.874043	40.097233	-37.856590	0.000014	0.000014	7.017450	53.047039	34.215755	209361.359375	11283.506836	1900.349609	13813.705078
2011	10	63.835903	33.105595	37.369785	-26.466118	0.000010	0.000010	6.639477	48.167728	30.178539	171444.718750	11283.415039	1901.611572	13814.851562
2011	10	61.949673	31.356827	37.002525	-24.947151	0.000009	0.000009	6.409675	35.535439	31.999340	166378.875000	11283.328125	1902.520630	13815.654297
2011	10	81.054871	48.890381	38.264999	-42.789879	0.000016	0.000016	6.100503	48.270069	33.782589	217689.906250	11283.245117	1903.479614	13816.514648
2011	10	91.562439	57.886497	39.485466	-52.076973	0.000019	0.000019	5.809528	37.714134	37.459515	245910.171875	11283.167969	1905.002441	13817.951172
2011	10	106.533531	70.977005	41.101151	-65.432381	0.000024	0.000024	5.544628	10.627960	38.510136	286118.187500	11283.093750	1906.784668	13819.653320
2011	10	75.331306	42.971016	37.695026	-37.636276	0.000014	0.000014	5.334738	30.093380	32.982037	202318.046875	11283.025391	1908.779541	13821.579102
2011	10	92.285194	57.402924	40.137363	-52.147831	0.000019	0.000019	5.255095	5.520203	35.533020	247851.281250	11282.958984	1910.159668	13822.891602
2011	10	83.087860	52.249924	35.650620	-47.437241	0.000018	0.000018	4.812685	29.386719	29.301596	223149.890625	11282.897461	1911.927856	13824.602539
2011	10	70.611732	41.409340	33.812172	-36.799564	0.000014	0.000014	4.609776	60.455753	22.931778	189642.656250	11282.839844	1913.362183	13825.990234
2011	10	126.455704	91.572830	48.685261	-77.770447	0.000029	0.000029	13.802383	27.133516	59.488743	339623.375000	11282.810547	1914.925537	13827.427734
2011	10	105.624886	71.437729	51.681477	-53.943409	0.000020	0.000020	17.494324	22.539349	55.610832	283677.843750	11282.833008	1917.622559	13829.653320
2011	10	110.370872	75.248138	50.021488	-60.349380	0.000023	0.000023	14.898760	17.330212	54.264164	296424.156250	11282.815430	1919.812988	13831.427734
2011	10	106.121124	70.686302	48.571251	-57.549877	0.000021	0.000021	13.136427	24.746223	48.400311	285010.593750	11282.779297	1922.050415	13833.319336
2011	11	96.696884	62.631733	45.242512	-51.454372	0.000020	0.000020	11.177361	21.045944	45.713760	268356.468750	11282.730469	1924.178589	13835.154297
2011	11	89.492096	57.540470	41.147205	-48.344894	0.000019	0.000019	9.195581	41.705399	39.766415	248361.500000	11282.672852	1926.112549	13836.854492
2011	11	73.515427	45.072880	35.806953	-37.708469	0.000015	0.000015	7.364409	47.707668	30.037813	204022.500000	11282.611328	1927.807495	13838.381836
2011	11	54.579842	28.444096	32.461647	-22.118196	0.000009	0.000009	6.325900	32.715740	25.953737	151471.828125	11282.550781	1929.062500	13839.513672
2011	11	75.636185	46.384457	34.638802	-40.997379	0.000016	0.000016	5.387079	65.916405	29.283232	209908.093750	11282.485352	1929.980103	13840.341797
2011	11	75.743256	49.958702	36.126152	-39.617104	0.000015	0.000015	10.341595	61.107746	58.593460	210205.234375	11282.439453	1931.419434	13841.657227
2011	11	90.616806	64.186852	37.624905	-52.991894	0.000020	0.000020	11.194954	43.539265	36.054050	251482.812500	11282.433594	1933.036987	13842.989258
2011	11	70.744385	47.141129	34.415989	-36.328396	0.000014	0.000014	10.812734	32.211430	41.342049	196332.218750	11282.416992	1934.844482	13844.543945
2011	11	74.222183	50.934669	33.583809	-40.638374	0.000016	0.000016	10.296291	49.169666	28.093142	205983.906250	11282.402344	1936.266357	13845.713867
2011	11	66.478683	42.618362	33.280743	-33.197937	0.000013	0.000013	9.420424	15.723079	33.378395	184493.890625	11282.378906	1937.677246	13846.903320
2011	11	71.509102	45.458599	34.356434	-37.152660	0.000014	0.000014	8.305937	-5.864940	36.567387	198454.468750	11282.343750	1938.917847	13847.954102
2011	11	61.757698	35.984837	33.309914	-28.447784	0.000011	0.000011	7.537053	17.043243	27.918016	171392.046875	11282.296875	1940.200195	13849.077148
2011	11	75.414406	49.580879	35.056305	-40.358097	0.000016	0.000016	9.222782	-5.695659	48.731995	209292.593750	11282.249023	1941.367920	13850.100586
2011	11	104.565651	73.957512	47.750324	-56.815323	0.000022	0.000022	17.142191	18.342518	54.473377	290194.125000	11282.220703	1943.059692	13851.431641
2011	11	107.222839	76.827148	46.519978	-60.702858	0.000023	0.000023	16.124296	28.748880	38.925419	297568.437500	11282.162109	1945.422729	13853.339844
2011	11	101.706566	72.654305	43.327335	-58.379227	0.000023	0.000023	14.275074	31.911154	38.745331	282259.500000	11282.097656	1947.799438	13855.317383
2011	11	101.990982	72.699074	42.450981	-59.539997	0.000023	0.000023	13.159070	28.041138	38.368706	283048.812500	11282.033203	1950.055420	13857.227539
2011	11	95.875557	66.559570	41.806282	-54.069275	0.000021	0.000021	12.490300	14.679401	40.989151	266077.093750	11281.969727	1952.266357	13859.118164
2011	11	98.951973	69.907021	40.355663	-58.596310	0.000023	0.000023	11.310713	27.430281	36.299091	274614.843750	11281.904297	1954.338989	13860.898438
2011	11	92.704857	64.220901	38.311367	-54.393490	0.000021	0.000021	9.827411	27.424337	32.471760	257277.640625	11281.839844	1956.471924	13862.785156
2011	11	88.960480	62.235973	35.222576	-53.737907	0.000021	0.000021	8.498071	21.685337	25.966120	246886.125000	11281.774414	1958.472534	13864.589844
2011	11	84.951431	59.039803	36.147686	-48.803738	0.000019	0.000019	10.236063	23.885693	30.900858	235760.062500	11281.720703	1960.371582	13866.293945
2011	11	89.324066	62.434177	37.387814	-51.936256	0.000020	0.000020	10.497920	27.618916	29.870405	247895.171875	11281.678711	1962.241211	13867.917969
2011	11	79.174446	53.042442	35.781296	-43.393154	0.000017	0.000017	9.649291	12.567250	31.123753	219727.593750	11281.630859	1964.098999	13869.547852
2011	11	91.034477	63.710922	35.887394	-55.147083	0.000021	0.000021	8.563839	23.228430	30.944839	252641.968750	11281.579102	1965.781860	13871.033203
2011	11	85.655975	59.844330	32.985867	-52.670113	0.000020	0.000020	7.174218	42.427616	22.026871	237715.375000	11281.523438	1967.740112	13872.830078
2011	11	78.198181	53.660622	30.696777	-47.501408	0.000018	0.000018	6.159214	32.079868	21.574417	217018.250000	11281.448242	1969.551147	13874.528320
2011	11	54.288288	32.040833	27.967743	-26.320541	0.000010	0.000010	5.720292	5.025330	19.665657	150662.687500	11281.371094	1971.019897	13875.909180
2011	11	49.343128	27.534992	26.972807	-22.370321	0.000009	0.000009	5.164670	-4.438258	19.758156	136938.718750	11281.298828	1971.909302	13876.727539
2011	11	47.665203	25.573017	27.083172	-20.582033	0.000008	0.000008	4.990985	3.554638	19.114851	132282.093750	11281.228516	1972.634277	13877.390625
2011	12	57.639343	34.550426	27.696363	-29.942980	0.000011	0.000011	4.607448	14.898069	18.357174	154802.562500	11281.160156	1973.387085	13878.092773
2011	12	58.187866	36.399364	30.114983	-28.072880	0.000010	0.000010	8.326485	-15.597657	81.469994	156275.734375	11281.090820	1974.383057	13879.021484
2011	12	74.735130	51.109581	38.567429	-36.167706	0.000014	0.000014	14.941879	24.911020	35.009274	200716.890625	11280.986328	1975.502075	13879.822266
2011	12	77.040154	53.182129	38.008636	-39.031517	0.000015	0.000015	14.150615	26.035856	33.253464	206907.515625	11280.865234	1977.007935	13880.968750
2011	12	81.675011	57.596138	37.180107	-44.494900	0.000017	0.000017	13.101240	36.102119	24.714304	219355.390625	11280.742188	1978.603394	13882.235352
2011	12	81.591850	57.966576	35.805317	-45.786537	0.000017	0.000017	12.180036	35.744339	24.804808	219132.078125	11280.618164	1980.293213	13883.628906
2011	12	80.069519	56.659290	35.043419	-45.026096	0.000017	0.000017	11.633194	34.715904	23.261702	215043.515625	11280.499023	1981.967407	13885.029297
2011	12	92.218430	66.315086	37.349003	-54.869427	0.000020	0.000020	11.445654	19.392988	25.919470	247671.984375	11280.379883	1983.652344	13886.475586
2011	12	90.408485	64.703308	37.307117	-53.101372	0.000020	0.000020	11.601937	21.826063	26.081331	242811.000000	11280.262695	1984.903320	13888.168945
2011	12	92.394798	66.194252	38.271225	-54.123573	0.000020	0.000020	12.070673	22.703012	24.553564	248145.656250	11280.170898	1984.714844	13889.832031
2011	12	86.202499	60.924545	38.014690	-48.187805	0.000018	0.000018	12.736735	15.229358	27.847525	231514.921875	11280.122070	1983.064209	13891.468750
2011	12	78.968315	55.454235	36.950699	-42.017616	0.000016	0.000016	13.436619	26.406452	22.694860	212086.015625	11280.130859	1979.811890	13892.940430
2011	12	72.889519	50.096516	38.118702	-34.770813	0.000013	0.000013	15.325704	20.106714	39.503059	195760.109375	11280.196289	1974.909790	13894.186523
2011	12	70.750313	49.547390	38.501091	-32.249218	0.000012	0.000012	17.298172	22.727251	28.491446	190014.828125	11280.315430	1968.420776	13895.217773
2011	12	68.521423	48.046452	39.207352	-29.314074	0.000011	0.000011	18.732376	31.723438	36.098095	184028.687500	11280.466797	1960.409912	13896.148438
2011	12	66.511497	47.251564	38.156315	-28.355179	0.000011	0.000011	18.896381	32.895622	21.959051	178630.609375	11280.643555	1950.913330	13897.013672
2011	12	62.465790	44.373299	36.470032	-25.995756	0.000010	0.000010	18.377542	17.578478	26.096144	167765.000000	11280.833008	1939.891846	13897.820312
2011	12	56.459534	39.635464	35.746944	-20.712593	0.000008	0.000008	18.922871	14.471889	21.700750	151633.953125	11281.038086	1927.307617	13898.512695
2011	12	45.177574	32.005802	31.440685	-13.736889	0.000005	0.000005	18.268915	37.757687	16.682457	121333.867188	11281.259766	1913.092529	13899.021484
2011	12	26.752735	17.184675	31.172497	4.419761	-0.000002	-0.000002	21.604437	8.308476	30.576075	71850.093750	11281.509766	1897.102295	13899.163086
2011	12	25.210678	17.147604	30.218779	5.008099	-0.000002	-0.000002	22.155703	24.700891	11.751413	67708.570312	11281.806641	1879.293213	13898.852539
2011	12	11.948371	7.066046	27.404894	15.456524	-0.000006	-0.000006	22.522570	37.435619	13.610114	32089.861328	11282.116211	1859.962524	13898.438477
2011	12	0.000000	-1.847252	24.256851	24.256851	-0.000009	-0.000009	22.409601	41.704639	11.972819	0.000000	11282.446289	1840.998169	13897.677734
2011	12	0.000000	-1.391586	25.524038	25.524038	-0.000010	-0.000010	24.132452	24.019701	44.387047	0.000000	11282.792969	1837.253906	13896.666016
2011	12	0.000000	-1.480706	27.397045	27.397045	-0.000010	-0.000010	25.916338	28.971113	26.722237	0.000000	11283.161133	1836.895996	13895.596680
2011	12	0.000000	-1.541497	26.753160	26.753160	-0.000010	-0.000010	25.211662	23.376612	21.464672	0.000000	11283.533203	1836.544556	13894.524414
2011	12	0.000000	-1.656337	26.496674	26.496674	-0.000010	-0.000010	24.840338	13.817213	17.759253	0.000000	11283.895508	1836.199585	13893.477539
2011	12	0.000000	-1.681048	27.069218	27.069218	-0.000010	-0.000010	25.388170	23.069370	15.572658	0.000000	11284.257812	1835.860718	13892.426758
2011	12	0.000000	-1.661575	26.941837	26.941837	-0.000010	-0.000010	25.280262	28.704826	14.162964	0.000000	11284.619141	1835.527954	13891.377930
2011	12	0.000000	-1.757816	26.924332	26.924332	-0.000010	-0.000010	25.166515	18.622789	16.742155	0.000000	11284.976562	1835.200806	13890.338867
2011	12	0.000000	-1.731347	27.059973	27.059973	-0.000010	-0.000010	25.328627	27.893124	15.845405	0.000000	11285.331055	1834.879272	13889.303711
2012	01	0.000000	-1.698530	26.745880	26.745880	-0.000010	-0.000010	25.047352	30.510403	14.648617	0.000000	11285.684570	1834.563232	13888.272461
2012	01	0.000000	-1.946649	27.041832	27.041832	-0.000010	-0.000010	25.095182	-9.514008	23.360744	0.000000	11286.030273	1834.252197	13887.257812
2012	01	0.000000	-1.994948	27.042870	27.042870	-0.000010	-0.000010	25.047922	-13.699229	27.205498	0.000000	11286.377930	1833.945435	13886.237305
2012	01	0.000000	-2.111409	27.286081	27.286081	-0.000010	-0.000010	25.174671	-7.712421	14.912494	0.000000	11286.720703	1833.643188	13885.230469
2012	01	0.000000	-2.211855	29.029448	29.029448	-0.000011	-0.000011	26.817591	19.367228	10.802751	0.000000	11287.073242	1833.345093	13884.193359
2012	01	0.000000	-2.116781	27.794127	27.794127	-0.000010	-0.000010	25.677345	5.073739	18.804230	0.000000	11287.430664	1833.051025	13883.145508
2012	01	0.000000	-1.957851	26.818819	26.818819	-0.000010	-0.000010	24.860970	28.284142	11.782107	0.000000	11287.770508	1832.761719	13882.146484
2012	01	0.000000	-1.905244	26.060383	26.060383	-0.000010	-0.000010	24.155140	28.329165	10.007899	0.000000	11288.099609	1832.476807	13881.171875
2012	01	0.000000	-1.718360	24.752821	24.752821	-0.000009	-0.000009	23.034462	25.435556	6.870856	0.000000	11288.419922	1832.196167	13880.224609
2012	01	0.000000	-1.731022	26.289425	26.289425	-0.000010	-0.000010	24.558403	30.179987	16.915768	0.000000	11288.728516	1831.920044	13879.295898
2012	01	0.000000	-1.723016	26.519802	26.519802	-0.000010	-0.000010	24.796787	37.524830	13.342961	0.000000	11289.052734	1831.647949	13878.320312
2012	01	0.000000	-1.675122	25.364010	25.364010	-0.000009	-0.000009	23.688889	35.285431	12.288009	0.000000	11289.369141	1831.379761	13877.369141
2012	01	0.000000	-1.674711	24.576799	24.576799	-0.000009	-0.000009	22.902088	34.015152	10.186904	0.000000	11289.670898	1831.115356	13876.457031
2012	01	0.000000	-1.767837	24.996206	24.996206	-0.000009	-0.000009	23.228369	32.590370	10.109189	0.000000	11289.969727	1830.854492	13875.552734
2012	01	0.000000	-1.800825	24.700169	24.700169	-0.000009	-0.000009	22.899345	18.342978	10.193580	0.000000	11290.267578	1830.596924	13874.651367
2012	01	0.000000	-1.732854	27.691442	27.691442	-0.000010	-0.000010	25.958588	20.985016	24.507589	0.000000	11290.574219	1830.342163	13873.713867
2012	01	0.000000	-1.677693	27.352905	27.352905	-0.000010	-0.000010	25.675213	34.623920	26.222435	0.000000	11290.902344	1830.091309	13872.715820
2012	01	0.000000	-1.498231	24.602926	24.602926	-0.000009	-0.000009	23.104694	45.949589	13.578414	0.000000	11291.208008	1829.843994	13871.788086
2012	01	0.000000	-1.531186	23.531559	23.531559	-0.000009	-0.000009	22.000374	36.958721	11.678161	0.000000	11291.490234	1829.600220	13870.924805
2012	01	0.000000	-1.584172	23.666372	23.666372	-0.000009	-0.000009	22.082201	36.203999	12.288462	0.000000	11291.767578	1829.359375	13870.071289
2012	01	0.000000	-1.619722	23.615465	23.615465	-0.000009	-0.000009	21.995743	43.573780	10.788412	0.000000	11292.041992	1829.121338	13869.224609
2012	01	0.000000	-1.732873	24.142031	24.142031	-0.000009	-0.000009	22.409161	28.863544	10.826028	0.000000	11292.320312	1828.885742	13868.368164
2012	01	0.000000	-1.722331	25.981272	25.981272	-0.000010	-0.000010	24.258942	39.931870	15.282028	0.000000	11292.607422	1828.652588	13867.481445
2012	01	0.000000	-1.601038	24.541557	24.541557	-0.000009	-0.000009	22.940519	46.981964	10.740063	0.000000	11292.895508	1828.422607	13866.591797
2012	01	0.000000	-1.598381	27.629314	27.629314	-0.000010	-0.000010	26.030935	40.237572	22.765406	0.000000	11293.181641	1828.194824	13865.695312
2012	01	0.000000	-1.684649	29.635578	29.635578	-0.000011	-0.000011	27.950926	36.956043	16.180498	0.000000	11293.504883	1827.969971	13864.684570
2012	01	0.000000	-1.839789	29.862337	29.862337	-0.000011	-0.000011	28.022549	30.031311	17.475216	0.000000	11293.829102	1827.746948	13863.660156
2012	01	0.000000	-1.877605	29.990572	29.990572	-0.000011	-0.000011	28.112967	37.640068	18.560284	0.000000	11294.153320	1827.525513	13862.623047
2012	01	0.000000	-1.850590	28.675537	28.675537	-0.000011	-0.000011	26.824945	40.721928	11.911428	0.000000	11294.458984	1827.306274	13861.625000
2012	01	0.000000	-2.005695	28.940979	28.940979	-0.000011	-0.000011	26.935284	32.190033	11.836226	0.000000	11294.752930	1827.088745	13860.639648
2012	01	0.000000	-1.998700	28.673098	28.673098	-0.000011	-0.000011	26.674398	47.841858	11.918532	0.000000	11295.038086	1826.872559	13859.650391
2012	02	0.000000	-1.623500	23.936840	23.936840	-0.000010	-0.000010	22.313341	57.930119	7.662555	0.000000	11295.293945	1826.658813	13858.723633
2012	02	0.000000	-1.610280	22.570906	22.570906	-0.000009	-0.000009	20.960625	43.969955	6.245320	0.000000	11295.518555	1826.447266	13857.871094
2012	02	0.000000	-1.716252	23.052834	23.052834	-0.000009	-0.000009	21.336580	53.834301	8.126992	0.000000	11295.734375	1826.237183	13857.024414
2012	02	0.000000	-1.544362	20.800478	20.800478	-0.000008	-0.000008	19.256117	47.129292	4.057508	0.000000	11295.932617	1826.029297	13856.225586
2012	02	0.000000	-1.620370	20.927692	20.927692	-0.000008	-0.000008	19.307320	42.853695	4.498385	0.000000	11296.116211	1825.823242	13855.457031
2012	02	0.000000	-1.705621	21.238319	21.238319	-0.000008	-0.000008	19.532698	35.257851	4.891344	0.000000	11296.297852	1825.618530	13854.681641
2012	02	0.000000	-1.703814	21.220284	21.220284	-0.000008	-0.000008	19.516472	47.292027	5.887949	0.000000	11296.477539	1825.415161	13853.900391
2012	02	0.000000	-1.629112	19.891371	19.891371	-0.000008	-0.000008	18.262259	39.815044	3.979460	0.000000	11296.645508	1825.213623	13853.151367
2012	02	0.000000	-1.678915	20.072975	20.072975	-0.000008	-0.000008	18.394062	24.709139	3.148159	0.000000	11296.806641	1825.013306	13852.416016
2012	02	0.000000	-1.848843	21.129362	21.129362	-0.000008	-0.000008	19.280519	27.560646	2.601373	0.000000	11296.967773	1824.814087	13851.669922
2012	02	0.000000	-1.893519	21.437601	21.437601	-0.000009	-0.000009	19.544083	40.295685	5.040973	0.000000	11297.130859	1824.615967	13850.901367
2012	02	0.000000	-1.774778	20.670273	20.670273	-0.000008	-0.000008	18.895496	59.647652	5.252723	0.000000	11297.291016	1824.418823	13850.137695
2012	02	0.000000	-1.606119	20.978851	20.978851	-0.000008	-0.000008	19.372732	73.964973	9.036780	0.000000	11297.445312	1824.223267	13849.383789
2012	02	0.000000	-1.442644	18.723532	18.723532	-0.000007	-0.000007	17.280888	74.628891	6.856986	0.000000	11297.595703	1824.029785	13848.658203
2012	02	0.000000	-1.362981	19.798231	19.798231	-0.000008	-0.000008	18.435249	75.046989	21.147385	0.000000	11297.738281	1823.837891	13847.962891
2012	02	0.000000	-1.291033	18.515265	18.515265	-0.000007	-0.000007	17.224232	62.126781	10.192725	0.000000	11297.890625	1823.647949	13847.248047
2012	02	0.000000	-1.358510	23.004622	23.004622	-0.000009	-0.000009	21.646112	54.361397	28.486980	0.000000	11298.045898	1823.459229	13846.514648
2012	02	0.000000	-1.332340	26.655107	26.655107	-0.000011	-0.000011	25.322765	51.721466	29.222427	0.000000	11298.250977	1823.272095	13845.601562
2012	02	0.000000	-1.398226	26.584267	26.584267	-0.000011	-0.000011	25.186041	58.498722	18.917027	0.000000	11298.460938	1823.086304	13844.648438
2012	02	0.000000	-1.440154	25.426298	25.426298	-0.000010	-0.000010	23.986143	68.821800	28.565666	0.000000	11298.662109	1822.901367	13843.701172
2012	02	0.000000	-1.414064	23.831202	23.831202	-0.000010	-0.000010	22.417137	66.951401	16.063976	0.000000	11298.838867	1822.717773	13842.829102
2012	02	0.000000	-1.474609	23.704344	23.704344	-0.000009	-0.000009	22.229733	68.844093	15.598053	0.000000	11299.007812	1822.535278	13841.975586
2012	02	0.000000	-1.565629	23.182871	23.182871	-0.000009	-0.000009	21.617243	60.480843	13.838478	0.000000	11299.167969	1822.353638	13841.141602
2012	02	0.000000	-1.588817	22.689281	22.689281	-0.000009	-0.000009	21.100466	67.812149	11.753056	0.000000	11299.321289	1822.172607	13840.322266
2012	02	0.000000	-1.692695	22.749178	22.749178	-0.000009	-0.000009	21.056484	62.453094	9.144800	0.000000	11299.466797	1821.992432	13839.516602
2012	02	0.000000	-1.679950	22.177315	22.177315	-0.000009	-0.000009	20.497364	74.057640	9.464126	0.000000	11299.607422	1821.812622	13838.712891
2012	02	0.000000	-1.682836	21.056383	21.056383	-0.000008	-0.000008	19.373545	67.941956	8.568630	0.000000	11299.737305	1821.633789	13837.943359
2012	02	0.000000	-1.528854	19.375362	19.375362	-0.000008	-0.000008	17.846510	44.949684	7.251831	0.000000	11299.855469	1821.455444	13837.213867
2012	03	0.000000	-1.423225	19.565529	19.565529	-0.000007	-0.000007	18.142303	88.465164	11.853485	0.000000	11299.962891	1821.278931	13836.548828
2012	03	0.000000	-1.461927	19.147118	19.147118	-0.000007	-0.000007	17.685190	77.168648	8.594307	0.000000	11300.071289	1821.103638	13835.894531
2012	03	0.000000	-1.441015	18.486433	18.486433	-0.000007	-0.000007	17.045418	84.488014	5.256365	0.000000	11300.173828	1820.929077	13835.256836
2012	03	0.000000	-1.498317	18.246037	18.246037	-0.000007	-0.000007	16.747721	73.532471	4.872203	0.000000	11300.268555	1820.755615	13834.645508
2012	03	0.000000	-1.934397	20.183384	20.183384	-0.000008	-0.000008	18.248985	37.028412	5.091643	0.000000	11300.365234	1820.582397	13834.013672
2012	03	0.000000	-2.165921	21.598770	21.598770	-0.000008	-0.000008	19.432848	37.055260	6.276123	0.000000	11300.466797	1820.408203	13833.320312
2012	03	0.000000	-2.035313	20.861252	20.861252	-0.000008	-0.000008	18.825937	68.353325	6.416842	0.000000	11300.557617	1820.234009	13832.619141
2012	03	0.000000	-1.556505	18.987263	18.987263	-0.000007	-0.000007	17.430758	96.822556	7.810820	0.000000	11300.636719	1820.061157	13831.970703
2012	03	0.000000	-1.474010	24.453041	24.453041	-0.000009	-0.000009	22.979033	75.654366	31.240263	0.000000	11300.750000	1819.890137	13831.260742
2012	03	0.000000	-1.786720	24.428570	24.428570	-0.000009	-0.000009	22.641848	49.662384	22.135546	0.000000	11300.882812	1819.719360	13830.449219
2012	03	0.000000	-1.973001	24.391914	24.391914	-0.000009	-0.000009	22.418911	63.060543	14.043694	0.000000	11301.001953	1819.548096	13829.643555
2012	03	0.000000	-1.816070	21.800293	21.800293	-0.000008	-0.000008	19.984224	83.800003	9.921590	0.000000	11301.102539	1819.377319	13828.882812
2012	03	0.000000	-1.736200	19.768429	19.768429	-0.000007	-0.000007	18.032228	81.854065	6.501420	0.000000	11301.182617	1819.207275	13828.205078
2012	03	0.000000	-1.721176	19.104204	19.104204	-0.000007	-0.000007	17.383030	88.625580	5.222084	0.000000	11301.251953	1819.037842	13827.563477
2012	03	0.000000	-1.755887	18.828770	18.828770	-0.000007	-0.000007	17.072882	86.954674	4.186279	0.000000	11301.312500	1818.868896	13826.940430
2012	03	0.000000	-1.898140	19.267925	19.267925	-0.000007	-0.000007	17.369785	78.421486	4.108706	0.000000	11301.367188	1818.700073	13826.317383
2012	03	0.000000	-1.942307	19.544884	19.544884	-0.000007	-0.000007	17.602577	85.664551	4.511807	0.000000	11301.417969	1818.531250	13825.679688
2012	03	0.000000	-1.900328	19.066515	19.066515	-0.000007	-0.000007	17.166187	92.896713	4.614914	0.000000	11301.465820	1818.362549	13825.044922
2012	03	0.000000	-1.661553	24.770842	24.770842	-0.000009	-0.000009	23.109287	72.668587	64.192696	0.000000	11301.532227	1818.194336	13824.376953
2012	03	0.000000	-1.335559	31.107491	31.107491	-0.000012	-0.000012	29.771933	97.600151	56.522846	0.000000	11301.679688	1818.027710	13823.407227
2012	03	0.000000	-1.323897	27.747658	27.747658	-0.000010	-0.000010	26.423759	92.824944	40.959805	0.000000	11301.806641	1817.862549	13822.448242
2012	03	0.000000	-1.537931	27.667381	27.667381	-0.000010	-0.000010	26.129452	75.037903	36.999855	0.000000	11301.915039	1817.697754	13821.546875
2012	03	0.000000	-1.800575	28.247549	28.247549	-0.000011	-0.000011	26.446976	64.238747	33.053329	0.000000	11302.015625	1817.532715	13820.632812
2012	03	0.000000	-1.914935	27.500397	27.500397	-0.000010	-0.000010	25.585463	72.541145	25.225637	0.000000	11302.104492	1817.367310	13819.716797
2012	03	0.000000	-1.953615	26.127918	26.127918	-0.000010	-0.000010	24.174303	81.134819	17.769787	0.000000	11302.174805	1817.201904	13818.847656
2012	03	0.000000	-1.965518	24.999117	24.999117	-0.000009	-0.000009	23.033600	98.477325	15.215633	0.000000	11302.231445	1817.036499	13818.012695
2012	03	0.000000	-1.723369	22.673313	22.673313	-0.000008	-0.000008	20.949945	111.809402	8.464399	0.000000	11302.274414	1816.871460	13817.241211
2012	03	0.000000	-1.765381	22.181726	22.181726	-0.000008	-0.000008	20.416346	103.445007	8.895350	0.000000	11302.310547	1816.707275	13816.514648
2012	03	0.000000	-1.797058	21.876421	21.876421	-0.000008	-0.000008	20.079363	104.046127	8.216235	0.000000	11302.343750	1816.543091	13815.795898
2012	03	0.000000	-1.858503	21.647224	21.647224	-0.000008	-0.000008	19.788719	106.301422	7.827129	0.000000	11302.371094	1816.379028	13815.084961
2012	03	0.000000	-2.022235	22.143173	22.143173	-0.000008	-0.000008	20.120939	95.159576	6.703301	0.000000	11302.391602	1816.214844	13814.381836
2012	04	0.000000	-2.002288	21.552883	21.552883	-0.000008	-0.000008	19.550594	101.975929	6.866412	0.000000	11302.406250	1816.050171	13813.659180
2012	04	0.000000	-1.874002	20.319155	20.319155	-0.000008	-0.000008	18.445154	113.177406	6.441814	0.000000	11302.412109	1815.885376	13812.950195
2012	04	0.000000	-1.509061	17.740112	17.740112	-0.000007	-0.000007	16.231050	125.884560	4.130784	0.000000	11302.414062	1815.721802	13812.311523
2012	04	0.000000	-1.551909	17.194740	17.194740	-0.000007	-0.000007	15.642831	111.708183	4.181901	0.000000	11302.414062	1815.559204	13811.724609
2012	04	0.000000	-1.795620	18.157978	18.157978	-0.000007	-0.000007	16.362358	94.337502	5.254286	0.000000	11302.412109	1815.396484	13811.129883
2012	04	0.000000	-1.874511	18.713669	18.713669	-0.000007	-0.000007	16.839157	100.685707	5.150891	0.000000	11302.408203	1815.233276	13810.508789
2012	04	0.000000	-1.866994	18.670982	18.670982	-0.000007	-0.000007	16.803988	97.242447	4.308388	0.000000	11302.402344	1815.070068	13809.884766
2012	04	0.000000	-1.945057	19.024784	19.024784	-0.000007	-0.000007	17.079727	91.762482	3.828366	0.000000	11302.393555	1814.906982	13809.260742
2012	04	0.000000	-2.031381	19.712866	19.712866	-0.000008	-0.000008	17.681484	98.703102	4.208076	0.000000	11302.382812	1814.743408	13808.614258
2012	04	0.000000	-2.003471	19.634356	19.634356	-0.000008	-0.000008	17.630886	106.378387	4.039501	0.000000	11302.368164	1814.579712	13807.958008
2012	04	0.000000	-1.998588	19.180908	19.180908	-0.000007	-0.000007	17.182322	96.587166	3.680543	0.000000	11302.352539	1814.415894	13807.311523
2012	04	0.000000	-1.970361	19.238247	19.238247	-0.000007	-0.000007	17.267887	121.942055	3.340010	0.000000	11302.333984	1814.251953	13806.670898
2012	04	0.000000	-1.693395	17.634912	17.634912	-0.000007	-0.000007	15.941517	130.002731	2.411573	0.000000	11302.314453	1814.088745	13806.055664
2012	04	0.000000	-1.658510	16.884123	16.884123	-0.000007	-0.000007	15.225613	132.445328	3.264845	0.000000	11302.294922	1813.926147	13805.473633
2012	04	0.000000	-1.457616	25.312969	25.312969	-0.000010	-0.000010	23.855354	102.362160	60.319511	0.000000	11302.320312	1813.763916	13804.819336
2012	04	0.000000	-1.430790	24.380632	24.380632	-0.000009	-0.000009	22.949842	98.670349	40.776573	0.000000	11302.445312	1813.603027	13803.933594
2012	04	0.000000	-1.751511	24.116743	24.116743	-0.000009	-0.000009	22.365232	94.618614	27.666105	0.000000	11302.489258	1813.441772	13803.115234
2012	04	0.000000	-2.040966	23.291344	23.291344	-0.000009	-0.000009	21.250378	88.493538	17.325031	0.000000	11302.506836	1813.279907	13802.324219
2012	04	0.000000	-2.148195	22.448727	22.448727	-0.000009	-0.000009	20.300531	101.160553	11.395307	0.000000	11302.498047	1813.117188	13801.563477
2012	04	0.000000	-2.157069	21.360537	21.360537	-0.000008	-0.000008	19.203468	105.725525	8.588197	0.000000	11302.466797	1812.953979	13800.837891
2012	04	0.000000	-2.147730	21.135416	21.135416	-0.000008	-0.000008	18.987686	110.650520	6.358344	0.000000	11302.425781	1812.790649	13800.139648
2012	04	0.000000	-2.349528	21.997318	21.997318	-0.000008	-0.000008	19.647789	103.805954	6.308360	0.000000	11302.378906	1812.626831	13799.432617
2012	04	0.000000	-2.404474	22.417963	22.417963	-0.000009	-0.000009	20.013489	106.552124	5.416293	0.000000	11302.327148	1812.462158	13798.704102
2012	04	0.000000	-2.441123	22.761272	22.761272	-0.000009	-0.000009	20.320150	107.316711	4.508073	0.000000	11302.270508	1812.296753	13797.964844
2012	04	0.000000	-2.416481	22.615133	22.615133	-0.000009	-0.000009	20.198654	115.675507	4.578392	0.000000	11302.209961	1812.130859	13797.218750
2012	04	0.000000	-2.402837	22.246344	22.246344	-0.000009	-0.000009	19.843506	114.595352	3.987613	0.000000	11302.148438	1811.964722	13796.488281
2012	04	0.000000	-2.137748	21.008013	21.008013	-0.000008	-0.000008	18.870264	147.878906	3.590702	0.000000	11302.083984	1811.798096	13795.762695
2012	04	0.000000	-1.933849	19.165661	19.165661	-0.000007	-0.000007	17.231813	137.734360	2.848495	0.000000	11302.025391	1811.632690	13795.104492
2012	04	0.000000	-1.947446	18.951786	18.951786	-0.000007	-0.000007	17.004339	138.737762	3.008424	0.000000	11301.966797	1811.467285	13794.467773
2012	04	0.000000	-1.997193	19.072073	19.072073	-0.000007	-0.000007	17.074881	131.882553	2.661339	0.000000	11301.908203	1811.301880	13793.834961
2012	05	0.000000	-2.059965	19.541489	19.541489	-0.000007	-0.000007	17.481524	137.516830	2.965424	0.000000	11301.846680	1811.136475	13793.201172
2012	05	0.000000	-2.191597	19.611811	19.611811	-0.000007	-0.000007	17.420214	125.302322	3.225997	0.000000	11301.783203	1810.970825	13792.571289
2012	05	0.000000	-2.225595	19.548649	19.548649	-0.000007	-0.000007	17.323053	119.817802	3.048345	0.000000	11301.718750	1810.804810	13791.944336
2012	05	0.000000	-2.271439	19.720682	19.720682	-0.000007	-0.000007	17.449244	119.324127	2.782197	0.000000	11301.653320	1810.638550	13791.318359
2012	05	0.000000	-2.230537	19.505301	19.505301	-0.000007	-0.000007	17.274763	127.912643	2.794101	0.000000	11301.584961	1810.471924	13790.686523
2012	05	0.000000	-2.223848	19.281088	19.281088	-0.000007	-0.000007	17.057240	123.338089	2.447334	0.000000	11301.515625	1810.305420	13790.068359
2012	05	0.000000	-2.215759	19.320400	19.320400	-0.000007	-0.000007	17.104641	122.291771	2.185413	0.000000	11301.446289	1810.138916	13789.452148
2012	05	0.000000	-2.118292	19.120310	19.120310	-0.000007	-0.000007	17.002018	136.759949	2.140945	0.000000	11301.373047	1809.972046	13788.828125
2012	05	0.000000	-2.101228	18.473820	18.473820	-0.000007	-0.000007	16.372593	128.531570	2.207494	0.000000	11301.301758	1809.805786	13788.227539
2012	05	0.000000	-2.305271	19.281487	19.281487	-0.000007	-0.000007	16.976217	121.410301	2.349001	0.000000	11301.228516	1809.638916	13787.622070
2012	05	0.000000	-2.278462	19.281933	19.281933	-0.000007	-0.000007	17.003469	125.774879	2.246173	0.000000	11301.151367	1809.471680	13787.004883
2012	05	0.000000	-2.308932	19.413975	19.413975	-0.000007	-0.000007	17.105043	120.805557	2.029726	0.000000	11301.072266	1809.304321	13786.386719
2012	05	0.000000	-2.277002	19.381596	19.381596	-0.000007	-0.000007	17.104593	121.236000	1.803346	0.000000	11300.991211	1809.136719	13785.767578
2012	05	0.000000	-2.408378	19.809624	19.809624	-0.000007	-0.000007	17.401245	121.254272	2.195817	0.000000	11300.907227	1808.968872	13785.141602
2012	05	0.000000	-2.567747	20.390985	20.390985	-0.000008	-0.000008	17.823238	112.865242	2.155289	0.000000	11300.820312	1808.800293	13784.505859
2012	05	0.000000	-2.870123	21.662588	21.662588	-0.000008	-0.000008	18.792465	98.675919	2.192774	0.000000	11300.726562	1808.630737	13783.846680
2012	05	0.000000	-2.911791	22.137379	22.137379	-0.000008	-0.000008	19.225588	110.577423	2.368930	0.000000	11300.625000	1808.459717	13783.156250
2012	05	0.000000	-2.679663	21.352272	21.352272	-0.000008	-0.000008	18.672607	122.534676	1.994563	0.000000	11300.521484	1808.288330	13782.467773
2012	05	0.000000	-2.350970	19.834871	19.834871	-0.000007	-0.000007	17.483900	141.906586	1.683824	0.000000	11300.420898	1808.117188	13781.809570
2012	05	0.000000	-2.130388	18.482779	18.482779	-0.000007	-0.000007	16.352392	127.764259	1.110023	0.000000	11300.330078	1807.947144	13781.202148
2012	05	0.000000	-2.519004	19.757418	19.757418	-0.000007	-0.000007	17.238413	111.894791	1.594952	0.000000	11300.237305	1807.776733	13780.592773
2012	05	0.000000	-2.531398	20.176647	20.176647	-0.000008	-0.000008	17.645248	126.248863	1.812677	0.000000	11300.135742	1807.605347	13779.952148
2012	05	0.000000	-2.429666	19.577509	19.577509	-0.000007	-0.000007	17.147844	134.580826	1.878063	0.000000	11300.034180	1807.433716	13779.315430
2012	05	0.000000	-2.371977	18.882717	18.882717	-0.000007	-0.000007	16.510740	136.846191	1.825625	0.000000	11299.934570	1807.262207	13778.701172
2012	05	0.000000	-2.328507	18.610615	18.610615	-0.000007	-0.000007	16.282108	135.584106	1.427695	0.000000	11299.837891	1807.090698	13778.099609
2012	05	0.000000	-2.165778	17.918369	17.918369	-0.000007	-0.000007	15.752590	151.867218	0.529005	0.000000	11299.740234	1806.919312	13777.507812
2012	05	0.000000	-1.888802	16.569544	16.569544	-0.000006	-0.000006	14.680742	160.261658	-0.309367	0.000000	11299.648438	1806.748779	13776.946289
2012	05	0.000000	-1.833411	15.855039	15.855039	-0.000006	-0.000006	14.021627	144.693893	1.733214	0.000000	11299.563477	1806.579346	13776.419922
2012	05	0.000000	-2.157637	16.992254	16.992254	-0.000006	-0.000006	14.834617	125.049141	1.957065	0.000000	11299.475586	1806.409668	13775.885742
2012	05	0.000000	-2.328632	17.935211	17.935211	-0.000007	-0.000007	15.606580	124.757553	1.917227	0.000000	11299.378906	1806.239380	13775.321289
2012	05	0.000000	-2.369143	18.304054	18.304054	-0.000007	-0.000007	15.934911	126.160233	1.730464	0.000000	11299.276367	1806.068604	13774.739258
2012	06	0.000000	-2.471812	18.311861	18.311861	-0.000007	-0.000007	15.840049	118.108635	1.796592	0.000000	11299.169922	1805.897461	13774.147461
2012	06	0.000000	-2.681472	19.317532	19.317532	-0.000007	-0.000007	16.636061	109.578171	1.725102	0.000000	11299.056641	1805.725220	13773.531250
2012	06	0.000000	-2.599974	19.306952	19.306952	-0.000007	-0.000007	16.706978	121.017708	1.562904	0.000000	11298.936523	1805.552246	13772.897461
2012	06	0.000000	-2.448394	18.721331	18.721331	-0.000007	-0.000007	16.272936	124.541412	1.347195	0.000000	11298.817383	1805.379395	13772.275391
2012	06	0.000000	-2.489084	18.736647	18.736647	-0.000007	-0.000007	16.247562	127.852699	1.421763	0.000000	11298.698242	1805.206421	13771.659180
2012	06	0.000000	-2.311606	18.131813	18.131813	-0.000007	-0.000007	15.820206	137.827362	1.291837	0.000000	11298.578125	1805.033203	13771.046875
2012	06	0.000000	-2.103988	16.877331	16.877331	-0.000007	-0.000007	14.773343	125.855080	0.989001	0.000000	11298.464844	1804.860962	13770.467773
2012	06	0.000000	-2.240934	17.137241	17.137241	-0.000007	-0.000007	14.896308	120.993271	1.146047	0.000000	11298.353516	1804.688477	13769.900391
2012	06	0.000000	-2.320964	17.458218	17.458218	-0.000007	-0.000007	15.137253	120.828201	1.111300	0.000000	11298.239258	1804.515869	13769.327148
2012	06	0.000000	-2.437072	17.852821	17.852821	-0.000007	-0.000007	15.415749	121.165276	1.459526	0.000000	11298.120117	1804.342651	13768.742188
2012	06	0.000000	-2.426899	17.922846	17.922846	-0.000007	-0.000007	15.495946	125.124168	1.390184	0.000000	11297.998047	1804.169189	13768.151367
2012	06	0.000000	-2.329755	17.580545	17.580545	-0.000007	-0.000007	15.250791	123.870285	1.255454	0.000000	11297.875977	1803.995728	13767.564453
2012	06	0.000000	-2.522663	18.084860	18.084860	-0.000007	-0.000007	15.562198	116.468208	1.145187	0.000000	11297.751953	1803.822144	13766.978516
2012	06	0.000000	-2.478098	18.133587	18.133587	-0.000007	-0.000007	15.655489	128.112259	1.478093	0.000000	11297.623047	1803.647705	13766.377930
2012	06	0.000000	-2.383245	17.550644	17.550644	-0.000007	-0.000007	15.167397	127.027687	1.287911	0.000000	11297.496094	1803.473511	13765.791016
2012	06	0.000000	-2.379515	17.498379	17.498379	-0.000007	-0.000007	15.118863	130.979813	1.249662	0.000000	11297.369141	1803.299194	13765.209961
2012	06	0.000000	-2.298879	17.109472	17.109472	-0.000007	-0.000007	14.810595	122.170380	1.061031	0.000000	11297.243164	1803.125122	13764.637695
2012	06	0.000000	-2.630851	17.965204	17.965204	-0.000007	-0.000007	15.334353	109.395309	1.317198	0.000000	11297.116211	1802.950562	13764.062500
2012	06	0.000000	-2.644973	18.491776	18.491776	-0.000007	-0.000007	15.846802	120.325912	1.244869	0.000000	11296.979492	1802.774902	13763.460938
2012	06	0.000000	-2.527482	18.205338	18.205338	-0.000007	-0.000007	15.677855	124.707817	1.067982	0.000000	11296.840820	1802.599121	13762.858398
2012	06	0.000000	-2.516136	18.096195	18.096195	-0.000007	-0.000007	15.580058	126.101868	1.141237	0.000000	11296.703125	1802.423462	13762.261719
2012	06	0.000000	-2.434430	17.700140	17.700140	-0.000007	-0.000007	15.265710	124.001816	1.103645	0.000000	11296.565430	1802.247681	13761.669922
2012	06	0.000000	-2.508563	17.811306	17.811306	-0.000007	-0.000007	15.302743	118.832359	0.585883	0.000000	11296.427734	1802.071777	13761.084961
2012	06	0.000000	-2.607586	18.124187	18.124187	-0.000007	-0.000007	15.516601	120.908592	1.333069	0.000000	11296.287109	1801.895386	13760.493164
2012	06	0.000000	-2.613431	18.257271	18.257271	-0.000007	-0.000007	15.643840	104.720581	0.991017	0.000000	11296.142578	1801.718384	13759.893555
2012	06	0.000000	-2.831146	19.160458	19.160458	-0.000007	-0.000007	16.329311	121.107620	1.208612	0.000000	11295.994141	1801.540894	13759.284180
2012	06	0.000000	-2.930114	19.787466	19.787466	-0.000008	-0.000008	16.857353	116.630943	1.198157	0.000000	11295.835938	1801.362427	13758.650391
2012	06	0.000000	-2.905104	19.916086	19.916086	-0.000008	-0.000008	17.010983	111.217331	1.063968	0.000000	11295.671875	1801.183228	13758.002930
2012	06	0.000000	-3.000872	20.303305	20.303305	-0.000008	-0.000008	17.302431	120.672638	1.112745	0.000000	11295.504883	1801.003418	13757.351562
2012	06	0.000000	-2.727015	19.352821	19.352821	-0.000007	-0.000007	16.625805	124.750900	1.047655	0.000000	11295.337891	1800.823364	13756.703125
2012	07	0.000000	-2.616560	19.279385	19.279385	-0.000007	-0.000007	16.662825	131.951065	0.917811	0.000000	11295.175781	1800.643677	13756.076172
2012	07	0.000000	-2.210232	17.644657	17.644657	-0.000007	-0.000007	15.434424	151.112900	0.805702	0.000000	11295.022461	1800.464844	13755.477539
2012	07	0.000000	-2.210515	17.147396	17.147396	-0.000006	-0.000006	14.936880	151.477814	0.821962	0.000000	11294.876953	1800.286743	13754.910156
2012	07	0.000000	-2.206473	16.891224	16.891224	-0.000006	-0.000006	14.684750	154.102493	0.872365	0.000000	11294.734375	1800.108887	13754.353516
2012	07	0.000000	-2.141401	16.353317	16.353317	-0.000006	-0.000006	14.211916	147.728790	0.889128	0.000000	11294.594727	1799.931519	13753.808594
2012	07	0.000000	-2.205411	16.398632	16.398632	-0.000006	-0.000006	14.193221	143.785187	0.892205	0.000000	11294.457031	1799.754395	13753.273438
2012	07	0.000000	-2.245095	16.443651	16.443651	-0.000006	-0.000006	14.198556	140.167343	0.980340	0.000000	11294.318359	1799.577515	13752.736328
2012	07	0.000000	-2.321795	16.633781	16.633781	-0.000006	-0.000006	14.311986	134.401474	0.974493	0.000000	11294.178711	1799.400635	13752.200195
2012	07	0.000000	-2.408973	17.015444	17.015444	-0.000006	-0.000006	14.606471	127.723534	0.909745	0.000000	11294.035156	1799.223511	13751.655273
2012	07	0.000000	-2.778685	18.520874	18.520874	-0.000007	-0.000007	15.742189	91.804077	0.641321	0.000000	11293.882812	1799.045776	13751.086914
2012	07	0.000000	-2.923657	19.344267	19.344267	-0.000007	-0.000007	16.420610	74.402069	1.905618	0.000000	11293.717773	1798.866699	13750.483398
2012	07	7.253990	2.762055	67.031662	59.777672	-0.000022	-0.000022	62.539726	28.419291	123.038269	19482.115234	11293.850586	1798.721069	13749.098633
2012	07	21.312496	11.857470	59.802391	38.489895	-0.000014	-0.000014	50.347366	35.116798	109.807869	57239.183594	11293.985352	1798.813965	13747.543945
2012	07	30.410042	17.053205	58.376045	27.966005	-0.000010	-0.000010	45.019211	15.498492	122.755753	81672.554688	11293.991211	1799.158936	13746.407227
2012	07	34.616520	18.786093	52.226368	17.609846	-0.000007	-0.000007	36.395939	49.701588	95.084206	92969.937500	11293.838867	1799.760498	13745.823242
2012	07	29.222038	13.369857	46.686890	17.464851	-0.000007	-0.000007	30.834705	89.731636	63.872120	78481.921875	11293.627930	1800.242432	13745.321289
2012	07	22.154343	6.123551	42.464153	20.309811	-0.000008	-0.000008	26.433363	119.771240	44.709797	59500.144531	11293.392578	1800.604980	13744.854492
2012	07	22.800085	6.021660	40.471603	17.671518	-0.000007	-0.000007	23.693178	137.350616	36.418400	61234.425781	11293.155273	1800.771606	13744.316406
2012	07	28.058140	9.738816	40.174744	12.116601	-0.000005	-0.000005	21.855417	129.557449	32.065685	75356.031250	11292.927734	1801.082886	13743.996094
2012	07	31.896357	11.398393	41.851238	9.954882	-0.000004	-0.000004	21.353275	116.267784	33.835011	85664.367188	11292.703125	1801.396851	13743.711914
2012	07	30.073368	7.898987	42.964001	12.890630	-0.000005	-0.000005	20.789618	78.544258	32.341686	80768.351562	11292.467773	1801.780273	13743.510742
2012	07	60.412159	29.431543	51.441570	-8.970589	0.000003	0.000003	20.460955	43.836491	42.775417	162249.546875	11292.225586	1802.380859	13743.541016
2012	07	68.543640	34.346245	54.048386	-14.495256	0.000005	0.000005	19.850990	45.268436	44.373249	184088.343750	11291.983398	1803.550293	13744.159180
2012	07	78.258514	40.717159	57.367222	-20.891294	0.000008	0.000008	19.825865	64.856949	53.800320	210179.687500	11291.743164	1804.785522	13744.855469
2012	07	59.120945	25.234598	52.444973	-6.675972	0.000002	0.000002	18.558624	74.456108	41.869781	158781.718750	11291.504883	1806.081787	13745.625977
2012	07	58.997791	25.748560	50.674973	-8.322818	0.000003	0.000003	17.425741	99.858253	39.525139	158450.968750	11291.286133	1807.041992	13746.110352
2012	07	55.925049	22.865238	49.879669	-6.045380	0.000002	0.000002	16.819857	112.248665	38.827255	150198.484375	11291.075195	1807.811768	13746.424805
2012	07	54.393108	21.041895	49.364868	-5.028240	0.000002	0.000002	16.013655	113.313408	35.321465	146084.109375	11290.872070	1808.651489	13746.833984
2012	07	76.281181	36.700508	54.824829	-21.456358	0.000008	0.000008	15.244146	69.939514	44.702011	204869.156250	11290.678711	1809.603882	13747.380859
2012	07	61.705338	25.707066	50.624470	-11.080865	0.000004	0.000004	14.626199	98.002495	40.463833	165722.640625	11290.495117	1810.737793	13748.135742
2012	07	71.979088	31.718843	54.652084	-17.327002	0.000006	0.000006	14.391844	83.625252	44.942440	193314.968750	11290.313477	1811.749390	13748.775391
2012	08	66.441757	28.506981	51.329247	-15.112508	0.000006	0.000006	13.394473	120.787689	38.847702	178443.296875	11290.140625	1812.916260	13749.593750
2012	08	61.065739	24.051205	49.314262	-11.751477	0.000004	0.000004	12.299727	91.457863	35.186893	164004.875000	11289.980469	1813.820435	13750.180664
2012	08	67.397400	29.766787	49.236584	-18.160814	0.000007	0.000007	11.605972	116.831505	40.552650	181009.875000	11289.834961	1814.802612	13750.881836
2012	08	60.072269	22.968746	48.506340	-11.565925	0.000004	0.000004	11.402821	110.136421	40.838226	161336.703125	11289.693359	1815.677002	13751.483398
2012	08	50.473663	15.261614	46.126705	-4.346954	0.000002	0.000002	10.914660	112.357681	36.792583	135557.625000	11289.557617	1816.436768	13751.982422
2012	08	53.343624	18.404272	45.345325	-7.998296	0.000003	0.000003	10.405975	74.911148	36.108223	143265.515625	11289.427734	1817.056763	13752.358398
2012	08	59.766029	22.086483	47.942780	-11.823252	0.000004	0.000004	10.263230	92.151215	43.612171	160514.234375	11289.304688	1817.818237	13752.887695
2012	08	56.231895	19.150841	46.966766	-9.265130	0.000003	0.000003	9.885711	68.188843	35.922924	151022.562500	11289.182617	1818.531982	13753.373047
2012	08	52.011581	16.926146	44.291916	-7.719664	0.000003	0.000003	9.206482	75.558884	31.953480	139688.031250	11289.070312	1819.253418	13753.888672
2012	08	52.520844	17.920431	43.635319	-8.885524	0.000003	0.000003	9.034907	99.473335	36.547413	141055.765625	11288.965820	1819.820923	13754.264648
2012	08	60.603889	22.023216	47.587185	-13.016707	0.000005	0.000005	9.006510	69.914711	41.507256	162764.484375	11288.860352	1820.401489	13754.650391
2012	08	54.687698	18.930103	44.316525	-10.371168	0.000004	0.000004	8.558936	79.282890	36.640392	146875.296875	11288.759766	1821.236328	13755.302734
2012	08	44.691944	10.841966	42.367977	-2.323972	0.000001	0.000001	8.517994	93.847397	33.534645	120029.617188	11288.664062	1821.763062	13755.655273
2012	08	43.304405	10.697468	40.782970	-2.521436	0.000001	0.000001	8.176032	106.359306	32.226208	116303.078125	11288.569336	1822.144287	13755.866211
2012	08	45.622410	12.263486	41.321457	-4.300956	0.000002	0.000002	7.962529	98.253120	32.395981	122528.578125	11288.479492	1822.546143	13756.108398
2012	08	43.092377	11.059996	39.660187	-3.432190	0.000001	0.000001	7.627805	116.229340	29.089302	115733.640625	11288.393555	1822.977783	13756.388672
2012	08	43.298149	12.083292	38.509041	-4.789109	0.000002	0.000002	7.294182	121.850990	26.945742	116286.281250	11288.311523	1823.326050	13756.595703
2012	08	41.396534	10.876598	37.565964	-3.830569	0.000001	0.000001	7.046029	123.673241	25.116247	111179.085938	11288.233398	1823.670654	13756.809570
2012	08	37.741432	8.358047	36.213455	-1.527975	0.000001	0.000001	6.830071	116.818398	23.476942	101362.546875	11288.158203	1823.960693	13756.980469
2012	08	33.758530	5.554191	34.933529	1.175001	-0.000000	-0.000000	6.729191	122.854362	22.211327	90665.625000	11288.087891	1823.766846	13757.057617
2012	08	35.406662	7.694583	34.566555	-0.840106	0.000000	0.000000	6.854478	121.782448	19.879778	95092.023438	11288.032227	1822.493774	13757.100586
2012	08	34.947491	7.291505	34.947231	-0.000258	0.000000	0.000000	7.291247	100.836678	19.372774	93858.835938	11288.002930	1820.205078	13757.227539
2012	08	34.758915	8.029657	34.577061	-0.181851	0.000000	0.000000	7.847806	68.119247	17.359842	93352.367188	11288.009766	1816.717285	13757.248047
2012	08	26.812887	2.906898	32.567802	5.754913	-0.000002	-0.000002	8.661810	97.947807	14.957560	72011.648438	11288.060547	1812.075928	13757.203125
2012	08	28.814308	5.460733	33.193344	4.379036	-0.000002	-0.000002	9.839769	135.425323	16.099422	77386.882812	11288.165039	1806.246948	13757.047852
2012	08	23.354395	2.447541	32.001408	8.647013	-0.000003	-0.000003	11.094554	135.013458	13.322013	62723.128906	11288.330078	1799.289551	13756.829102
2012	08	18.759872	-0.010608	31.325628	12.565756	-0.000005	-0.000005	12.555147	133.041931	11.709119	50383.582031	11288.561523	1791.109741	13756.453125
2012	08	16.374983	-1.420266	32.258385	15.883399	-0.000006	-0.000006	14.463134	72.192329	11.043540	43978.460938	11288.872070	1781.759644	13755.955078
2012	08	13.760514	-2.712840	33.301418	19.540901	-0.000007	-0.000007	16.828062	95.569153	10.868766	36956.753906	11289.270508	1771.269165	13755.356445
2012	08	10.172920	-3.975440	32.837032	22.664110	-0.000008	-0.000008	18.688671	107.068756	6.302384	27321.515625	11289.769531	1759.643066	13754.647461
2012	08	8.086063	-3.470318	31.714581	23.628519	-0.000009	-0.000009	20.158201	123.918800	6.306235	21716.822266	11290.337891	1746.898315	13753.877930
2012	09	5.481552	-3.563480	30.727945	25.246391	-0.000010	-0.000010	21.682911	131.814621	4.674153	15212.589844	11290.999023	1733.014038	13753.000977
2012	09	2.241615	-4.427511	31.010843	28.769230	-0.000011	-0.000011	24.341719	129.661545	2.378544	6221.006348	11291.772461	1718.002808	13752.000000
2012	09	0.636915	-3.603686	30.761768	30.124855	-0.000012	-0.000012	26.521170	131.619766	0.814567	1767.586792	11292.656250	1702.516846	13750.900391
2012	09	0.000000	-3.383666	29.117086	29.117086	-0.000011	-0.000011	25.733419	132.614883	0.404345	0.000000	11293.580078	1697.854858	13749.759766
2012	09	0.000000	-3.189527	26.771875	26.771875	-0.000010	-0.000010	23.582346	140.784409	0.175853	0.000000	11294.414062	1697.508911	13748.686523
2012	09	0.000000	-3.097821	25.025023	25.025023	-0.000010	-0.000010	21.927202	140.215912	-0.750116	0.000000	11295.157227	1697.168091	13747.681641
2012	09	0.000000	-3.048631	23.573895	23.573895	-0.000009	-0.000009	20.525265	138.815048	0.498579	0.000000	11295.828125	1696.832153	13746.732422
2012	09	0.000000	-2.942207	22.073301	22.073301	-0.000009	-0.000009	19.131096	136.516617	0.402641	0.000000	11296.432617	1696.501099	13745.834961
2012	09	0.000000	-2.976300	21.040167	21.040167	-0.000008	-0.000008	18.063868	126.410561	-0.096163	0.000000	11296.980469	1696.174805	13744.983398
2012	09	0.000000	-3.396719	21.489994	21.489994	-0.000008	-0.000008	18.093273	105.048882	-1.813569	0.000000	11297.492188	1695.852417	13744.156250
2012	09	0.000000	-3.562898	21.664433	21.664433	-0.000008	-0.000008	18.101536	93.247299	0.848750	0.000000	11297.999023	1695.533081	13743.317383
2012	09	0.000000	-3.155037	19.740524	19.740524	-0.000008	-0.000008	16.585487	125.888893	0.655112	0.000000	11298.454102	1695.217896	13742.520508
2012	09	0.000000	-2.977080	18.619600	18.619600	-0.000007	-0.000007	15.642520	136.995850	0.513106	0.000000	11298.862305	1694.907104	13741.763672
2012	09	0.000000	-2.986648	17.678713	17.678713	-0.000007	-0.000007	14.692064	113.843208	0.329584	0.000000	11299.226562	1694.600464	13741.049805
2012	09	0.000000	-3.325143	18.174994	18.174994	-0.000007	-0.000007	14.849852	111.119347	-0.042597	0.000000	11299.573242	1694.297119	13740.346680
2012	09	0.000000	-3.424925	18.140860	18.140860	-0.000007	-0.000007	14.715935	100.830589	-0.432650	0.000000	11299.905273	1693.996582	13739.645508
2012	09	0.000000	-2.951127	16.619089	16.619089	-0.000006	-0.000006	13.667963	126.982590	0.119898	0.000000	11300.211914	1693.699829	13738.966797
2012	09	0.000000	-2.869349	15.771166	15.771166	-0.000006	-0.000006	12.901816	123.616806	0.532708	0.000000	11300.484375	1693.406860	13738.324219
2012	09	0.000000	-2.682305	14.721195	14.721195	-0.000006	-0.000006	12.038890	119.907875	0.058813	0.000000	11300.727539	1693.117920	13737.714844
2012	09	0.000000	-2.884779	14.697809	14.697809	-0.000006	-0.000006	11.813031	105.450920	0.416959	0.000000	11300.952148	1692.832275	13737.125000
2012	09	0.000000	-2.946025	14.577690	14.577690	-0.000006	-0.000006	11.631665	104.087151	0.408922	0.000000	11301.166016	1692.549561	13736.543945
2012	09	0.000000	-2.860597	14.145742	14.145742	-0.000005	-0.000005	11.285147	104.897995	0.310193	0.000000	11301.365234	1692.270020	13735.975586
2012	09	0.000000	-2.935769	14.047312	14.047312	-0.000005	-0.000005	11.111543	96.351120	0.236096	0.000000	11301.552734	1691.993530	13735.419922
2012	09	0.000000	-2.944892	13.928195	13.928195	-0.000005	-0.000005	10.983304	103.081657	-0.028962	0.000000	11301.730469	1691.719727	13734.869141
2012	09	0.000000	-2.668031	13.164413	13.164413	-0.000005	-0.000005	10.496384	120.734375	-0.089664	0.000000	11301.897461	1691.448853	13734.331055
2012	09	0.000000	-2.334752	11.981588	11.981588	-0.000005	-0.000005	9.646835	114.758995	0.199397	0.000000	11302.045898	1691.181763	13733.821289
2012	09	0.000000	-2.431068	11.816317	11.816317	-0.000005	-0.000005	9.385249	113.219460	-1.527647	0.000000	11302.179688	1690.917969	13733.334961
2012	09	0.000000	-2.487113	11.770695	11.770695	-0.000005	-0.000005	9.283581	109.612556	-1.110545	0.000000	11302.308594	1690.656860	13732.855469
2012	09	0.000000	-2.485167	11.631105	11.631105	-0.000004	-0.000004	9.145939	106.123535	-1.519597	0.000000	11302.430664	1690.398682	13732.382812
2012	09	0.000000	-2.711336	11.944517	11.944517	-0.000005	-0.000005	9.233180	102.580605	1.225470	0.000000	11302.547852	1690.142944	13731.914062
2012	10	0.000000	-2.778959	12.109848	12.109848	-0.000005	-0.000005	9.330889	92.566429	0.990042	0.000000	11302.661133	1689.889648	13731.449219
2012	10	0.000000	-3.067602	12.502285	12.502285	-0.000005	-0.000005	9.434683	78.067650	0.671849	0.000000	11302.768555	1689.638550	13730.990234
2012	10	0.000000	-3.297433	13.049527	13.049527	-0.000005	-0.000005	9.752094	78.083206	0.779034	0.000000	11302.876953	1689.388794	13730.522461
2012	10	0.000000	-2.991593	12.477083	12.477083	-0.000005	-0.000005	9.485491	86.337814	0.526106	0.000000	11302.980469	1689.140869	13730.054688
2012	10	0.000000	-3.003550	12.274531	12.274531	-0.000005	-0.000005	9.270982	83.220657	-0.225393	0.000000	11303.078125	1688.895142	13729.599609
2012	10	0.000000	-2.842519	11.835138	11.835138	-0.000004	-0.000004	8.992620	88.368347	0.472619	0.000000	11303.168945	1688.651367	13729.153320
2012	10	0.000000	-2.638848	11.245526	11.245526	-0.000004	-0.000004	8.606678	93.775925	0.341008	0.000000	11303.253906	1688.410034	13728.720703
2012	10	0.000000	-2.579321	10.970263	10.970263	-0.000004	-0.000004	8.390943	85.739326	-1.481615	0.000000	11303.333008	1688.170898	13728.300781
2012	10	0.000000	-2.519464	10.750938	10.750938	-0.000004	-0.000004	8.231474	65.936768	0.282051	0.000000	11303.408203	1687.933838	13727.886719
2012	10	0.000000	-2.428858	30.931501	30.931501	-0.000012	-0.000012	28.502644	68.240852	32.385380	0.000000	11303.961914	1687.699219	13727.066406
2012	10	0.000000	-2.529873	15.088436	15.088436	-0.000006	-0.000006	12.558562	77.946236	12.717461	0.000000	11304.269531	1687.466553	13726.348633
2012	10	0.000000	-2.394161	12.307618	12.307618	-0.000005	-0.000005	9.913458	83.837761	5.860262	0.000000	11304.384766	1687.235718	13725.847656
2012	10	0.000000	-2.197539	12.862860	12.862860	-0.000005	-0.000005	10.665321	99.861290	7.663428	0.000000	11304.481445	1687.007446	13725.386719
2012	10	0.000000	-2.171779	11.483544	11.483544	-0.000004	-0.000004	9.311766	91.680206	3.939233	0.000000	11304.577148	1686.781494	13724.927734
2012	10	0.000000	-2.402043	11.482032	11.482032	-0.000004	-0.000004	9.079988	68.737274	2.748304	0.000000	11304.655273	1686.557495	13724.503906
2012	10	0.000000	-2.588804	11.951106	11.951106	-0.000004	-0.000004	9.362302	70.579178	3.061283	0.000000	11304.731445	1686.334839	13724.075195
2012	10	0.000000	-2.510105	11.734409	11.734409	-0.000004	-0.000004	9.224303	71.392548	1.817283	0.000000	11304.804688	1686.113770	13723.645508
2012	10	0.000000	-2.384296	11.299016	11.299016	-0.000004	-0.000004	8.914721	74.866547	1.243898	0.000000	11304.873047	1685.894409	13723.225586
2012	10	0.000000	-2.344890	11.118082	11.118082	-0.000004	-0.000004	8.773191	76.274185	-1.128570	0.000000	11304.936523	1685.676880	13722.815430
2012	10	0.000000	-2.540444	11.504688	11.504688	-0.000004	-0.000004	8.964244	63.942505	1.088982	0.000000	11305.000000	1685.460693	13722.404297
2012	10	0.000000	-2.556741	11.508406	11.508406	-0.000004	-0.000004	8.951663	47.747841	0.801498	0.000000	11305.061523	1685.245728	13721.991211
2012	10	0.000000	-2.414993	11.101649	11.101649	-0.000004	-0.000004	8.686657	77.085831	-0.418319	0.000000	11305.119141	1685.032349	13721.585938
2012	10	0.000000	-2.173814	10.328123	10.328123	-0.000004	-0.000004	8.154309	78.742950	0.944516	0.000000	11305.172852	1684.820679	13721.194336
2012	10	0.000000	-1.998530	9.651232	9.651232	-0.000004	-0.000004	7.652701	76.875137	0.476255	0.000000	11305.220703	1684.611084	13720.823242
2012	10	0.000000	-1.940707	9.327074	9.327074	-0.000003	-0.000003	7.386367	76.248825	0.594406	0.000000	11305.266602	1684.403320	13720.464844
2012	10	0.000000	-2.006322	9.196079	9.196079	-0.000003	-0.000003	7.189758	58.900234	0.508539	0.000000	11305.309570	1684.197388	13720.118164
2012	10	0.000000	-2.288846	9.749920	9.749920	-0.000004	-0.000004	7.461074	36.478043	0.463173	0.000000	11305.352539	1683.992798	13719.770508
2012	10	0.000000	-2.250765	13.011515	13.011515	-0.000005	-0.000005	10.760750	36.173374	3.867470	0.000000	11305.419922	1683.788818	13719.387695
2012	10	0.000000	-2.222352	13.107208	13.107208	-0.000005	-0.000005	10.884855	40.875717	8.718201	0.000000	11305.562500	1683.586670	13718.906250
2012	10	0.000000	-2.156526	11.278785	11.278785	-0.000004	-0.000004	9.122260	36.282276	6.142469	0.000000	11305.641602	1683.385620	13718.465820
2012	10	0.000000	-2.065601	9.749780	9.749780	-0.000004	-0.000004	7.684178	54.057518	3.987600	0.000000	11305.697266	1683.186279	13718.093750
2012	11	0.000000	-2.083834	9.128423	9.128423	-0.000004	-0.000004	7.044589	47.979450	2.723422	0.000000	11305.739258	1682.988281	13717.749023
2012	11	0.000000	-2.223594	9.574679	9.574679	-0.000004	-0.000004	7.351086	52.668678	2.222283	0.000000	11305.779297	1682.791138	13717.403320
2012	11	0.000000	-2.152794	9.462652	9.462652	-0.000004	-0.000004	7.309858	54.254723	1.485069	0.000000	11305.818359	1682.594971	13717.053711
2012	11	0.000000	-2.208335	9.561673	9.561673	-0.000004	-0.000004	7.353338	59.308342	1.462675	0.000000	11305.856445	1682.399902	13716.706055
2012	11	0.000000	-2.184809	9.366341	9.366341	-0.000004	-0.000004	7.181531	49.927750	1.040032	0.000000	11305.892578	1682.205811	13716.363281
2012	11	0.000000	-2.258159	9.484878	9.484878	-0.000004	-0.000004	7.226718	39.325394	0.761208	0.000000	11305.928711	1682.012695	13716.022461
2012	11	0.000000	-2.429132	9.891357	9.891357	-0.000004	-0.000004	7.462225	28.456440	0.719109	0.000000	11305.964844	1681.820190	13715.676758
2012	11	0.000000	-2.258374	9.545911	9.545911	-0.000004	-0.000004	7.287537	47.295155	0.737601	0.000000	11306.000000	1681.628296	13715.330078
2012	11	0.000000	-2.061200	9.229506	9.229506	-0.000004	-0.000004	7.168307	48.245014	1.662848	0.000000	11306.034180	1681.437500	13714.989258
2012	11	0.000000	-1.824676	9.059919	9.059919	-0.000003	-0.000003	7.235243	57.809872	3.932096	0.000000	11306.089844	1681.248047	13714.646484
2012	11	0.000000	-1.490469	10.567599	10.567599	-0.000004	-0.000004	9.077131	56.293373	17.320202	0.000000	11306.153320	1681.060303	13714.304688
2012	11	0.000000	-1.364636	16.295038	16.295038	-0.000006	-0.000006	14.930401	59.309799	21.471998	0.000000	11306.269531	1680.874634	13713.799805
2012	11	0.000000	-1.525183	15.274023	15.274023	-0.000006	-0.000006	13.748839	29.600473	13.673411	0.000000	11306.389648	1680.690430	13713.238281
2012	11	0.000000	-1.706248	15.313686	15.313686	-0.000006	-0.000006	13.607439	27.417376	8.886402	0.000000	11306.500000	1680.507202	13712.686523
2012	11	0.000000	-1.808136	14.579603	14.579603	-0.000006	-0.000006	12.771467	22.511242	7.700696	0.000000	11306.597656	1680.325073	13712.155273
2012	11	0.000000	-1.740254	13.432998	13.432998	-0.000005	-0.000005	11.692743	39.619789	4.999403	0.000000	11306.683594	1680.143799	13711.655273
2012	11	0.000000	-1.935000	13.448325	13.448325	-0.000005	-0.000005	11.513326	37.826447	5.275927	0.000000	11306.757812	1679.963379	13711.178711
2012	11	0.000000	-1.979787	12.896686	12.896686	-0.000005	-0.000005	10.916898	49.821266	4.124323	0.000000	11306.824219	1679.783569	13710.713867
2012	11	0.000000	-1.797310	11.609730	11.609730	-0.000004	-0.000004	9.812420	52.319878	3.033801	0.000000	11306.877930	1679.604614	13710.276367
2012	11	0.000000	-1.581775	10.145522	10.145522	-0.000004	-0.000004	8.563747	49.099461	1.720567	0.000000	11306.917969	1679.427002	13709.889648
2012	11	0.000000	-1.730330	10.206642	10.206642	-0.000004	-0.000004	8.476312	29.753586	1.905994	0.000000	11306.951172	1679.250488	13709.523438
2012	11	0.000000	-1.660646	9.999231	9.999231	-0.000004	-0.000004	8.338585	42.580933	1.780177	0.000000	11306.984375	1679.074829	13709.157227
2012	11	0.000000	-1.611786	9.641273	9.641273	-0.000004	-0.000004	8.029487	35.111855	1.098914	0.000000	11307.015625	1678.900146	13708.802734
2012	11	0.000000	-1.754228	9.807017	9.807017	-0.000004	-0.000004	8.052791	25.353508	1.645241	0.000000	11307.045898	1678.726440	13708.454102
2012	11	0.000000	-1.849274	10.226587	10.226587	-0.000004	-0.000004	8.377313	15.549754	1.323388	0.000000	11307.076172	1678.553101	13708.095703
2012	11	0.000000	-1.871297	13.223046	13.223046	-0.000005	-0.000005	11.351749	20.571678	5.726495	0.000000	11307.129883	1678.380249	13707.702148
2012	11	0.000000	-1.733996	14.386584	14.386584	-0.000006	-0.000006	12.652589	35.406197	7.380132	0.000000	11307.228516	1678.208252	13707.209961
2012	11	0.000000	-1.707922	13.720256	13.720256	-0.000005	-0.000005	12.012335	28.812479	5.223114	0.000000	11307.312500	1678.037231	13706.720703
2012	11	0.000000	-1.723112	12.695894	12.695894	-0.000005	-0.000005	10.972783	29.285286	6.459628	0.000000	11307.387695	1677.866943	13706.252930
2012	11	0.000000	-1.522241	10.961634	10.961634	-0.000004	-0.000004	9.439393	42.455120	2.968596	0.000000	11307.446289	1677.697510	13705.837891
2012	12	0.000000	-1.563917	10.477786	10.477786	-0.000004	-0.000004	8.913870	38.317318	2.821587	0.000000	11307.494141	1677.529175	13705.461914
2012	12	0.000000	-1.519895	9.772191	9.772191	-0.000004	-0.000004	8.252296	40.292725	2.075407	0.000000	11307.535156	1677.361694	13705.109375
2012	12	0.000000	-1.585455	9.538098	9.538098	-0.000004	-0.000004	7.952644	40.221802	2.207819	0.000000	11307.571289	1677.195068	13704.772461
2012	12	0.000000	-1.607243	9.197720	9.197720	-0.000003	-0.000003	7.590477	30.385307	1.477871	0.000000	11307.601562	1677.029053	13704.446289
2012	12	0.000000	-1.909493	10.117018	10.117018	-0.000004	-0.000004	8.207524	29.699751	1.703684	0.000000	11307.625977	1676.863525	13704.119141
2012	12	0.000000	-1.855233	9.877574	9.877574	-0.000004	-0.000004	8.022341	23.361160	1.951540	0.000000	11307.649414	1676.698364	13703.783203
2012	12	0.000000	-1.642259	9.247984	9.247984	-0.000003	-0.000003	7.605725	37.286095	1.291323	0.000000	11307.669922	1676.533813	13703.456055
2012	12	0.000000	-1.628250	9.069014	9.069014	-0.000003	-0.000003	7.440763	31.497261	0.780639	0.000000	11307.690430	1676.369995	13703.141602
2012	12	0.000000	-1.552194	12.859735	12.859735	-0.000005	-0.000005	11.307541	18.892355	13.917805	0.000000	11307.724609	1676.206909	13702.808594
2012	12	0.000000	-1.557825	21.181385	21.181385	-0.000008	-0.000008	19.623560	30.578146	16.768154	0.000000	11307.856445	1676.044678	13702.200195
2012	12	0.000000	-1.480058	18.772696	18.772696	-0.000007	-0.000007	17.292637	32.197498	10.101114	0.000000	11307.978516	1675.883179	13701.545898
2012	12	0.000000	-1.411440	17.078001	17.078001	-0.000006	-0.000006	15.666562	36.501450	9.537230	0.000000	11308.083008	1675.722412	13700.936523
2012	12	0.000000	-1.383643	14.998307	14.998307	-0.000006	-0.000006	13.614666	23.354019	11.732736	0.000000	11308.167969	1675.562744	13700.399414
2012	12	0.000000	-1.335244	14.308451	14.308451	-0.000005	-0.000005	12.973207	9.459489	10.081981	0.000000	11308.238281	1675.403564	13699.906250
2012	12	0.000000	-1.283455	22.089544	22.089544	-0.000008	-0.000008	20.806091	19.149839	22.010601	0.000000	11308.336914	1675.245361	13699.312500
2012	12	0.000000	-1.202682	25.704477	25.704477	-0.000010	-0.000010	24.501795	29.585325	17.762596	0.000000	11308.470703	1675.088257	13698.495117
2012	12	0.000000	-1.230608	27.956142	27.956142	-0.000010	-0.000010	26.725533	33.082569	15.994230	0.000000	11308.604492	1674.931885	13697.596680
2012	12	0.000000	-1.211271	26.040297	26.040297	-0.000010	-0.000010	24.829027	34.430779	12.611727	0.000000	11308.725586	1674.776611	13696.712891
2012	12	0.000000	-1.394737	26.677149	26.677149	-0.000010	-0.000010	25.282413	14.529054	24.912989	0.000000	11308.838867	1674.621826	13695.838867
2012	12	0.000000	-1.183256	25.798010	25.798010	-0.000010	-0.000010	24.614754	45.630833	26.372540	0.000000	11308.948242	1674.467407	13694.951172
2012	12	0.000000	-1.189167	22.004408	22.004408	-0.000008	-0.000008	20.815241	10.610145	27.062521	0.000000	11309.035156	1674.314453	13694.181641
2012	12	0.000000	-1.464817	24.750973	24.750973	-0.000009	-0.000009	23.286156	-14.645181	29.772167	0.000000	11309.118164	1674.161743	13693.407227
2012	12	0.000000	-1.482409	25.600744	25.600744	-0.000010	-0.000010	24.118334	16.036522	16.980797	0.000000	11309.205078	1674.009277	13692.576172
2012	12	0.000000	-1.460346	25.553740	25.553740	-0.000010	-0.000010	24.093391	27.915413	12.751632	0.000000	11309.289062	1673.857300	13691.738281
2012	12	0.000000	-1.274281	22.451342	22.451342	-0.000008	-0.000008	21.177061	35.933563	16.558485	0.000000	11309.365234	1673.705933	13690.942383
2012	12	0.000000	-1.299339	21.635546	21.635546	-0.000008	-0.000008	20.336206	27.906227	9.122030	0.000000	11309.426758	1673.555298	13690.224609
2012	12	0.000000	-1.347755	21.541250	21.541250	-0.000008	-0.000008	20.193497	29.452265	15.246847	0.000000	11309.487305	1673.405273	13689.505859
2012	12	0.000000	-1.236938	23.874804	23.874804	-0.000009	-0.000009	22.637865	33.026703	16.891199	0.000000	11309.549805	1673.255493	13688.762695
2012	12	0.000000	-1.099717	21.848131	21.848131	-0.000008	-0.000008	20.748413	40.941055	10.607425	0.000000	11309.619141	1673.106812	13688.004883
2012	12	0.000000	-1.205597	21.639839	21.639839	-0.000008	-0.000008	20.434244	23.262299	16.688780	0.000000	11309.680664	1672.958862	13687.287109
2012	12	0.000000	-1.148659	20.691324	20.691324	-0.000008	-0.000008	19.542667	31.596565	12.347425	0.000000	11309.736328	1672.811401	13686.581055
2013	01	0.000000	-1.198354	23.675531	23.675531	-0.000009	-0.000009	22.477179	27.265829	14.620566	0.000000	11309.794922	1672.664429	13685.847656
2013	01	0.000000	-1.087011	21.168331	21.168331	-0.000008	-0.000008	20.081320	32.572948	14.774330	0.000000	11309.853516	1672.518188	13685.106445
2013	01	0.000000	-1.157092	20.665312	20.665312	-0.000008	-0.000008	19.508221	20.796741	11.360962	0.000000	11309.900391	1672.372681	13684.419922
2013	01	0.000000	-1.172164	21.700235	21.700235	-0.000008	-0.000008	20.528070	25.739660	8.881870	0.000000	11309.946289	1672.227539	13683.711914
2013	01	0.000000	-1.223135	23.734556	23.734556	-0.000009	-0.000009	22.511423	24.089367	11.527305	0.000000	11309.997070	1672.082886	13682.970703
2013	01	0.000000	-1.255789	23.718096	23.718096	-0.000009	-0.000009	22.462305	27.183512	12.231038	0.000000	11310.048828	1671.938599	13682.188477
2013	01	0.000000	-1.254315	22.366587	22.366587	-0.000008	-0.000008	21.112270	20.360668	16.310680	0.000000	11310.092773	1671.794800	13681.439453
2013	01	0.000000	-1.138030	21.096466	21.096466	-0.000008	-0.000008	19.958435	43.638454	14.132490	0.000000	11310.130859	1671.651367	13680.717773
2013	01	0.000000	-1.153085	20.316483	20.316483	-0.000008	-0.000008	19.163397	34.744884	14.181437	0.000000	11310.163086	1671.508667	13680.041016
2013	01	0.000000	-1.217092	20.332895	20.332895	-0.000008	-0.000008	19.115801	24.692949	11.714107	0.000000	11310.192383	1671.366333	13679.378906
2013	01	0.000000	-1.227990	19.763443	19.763443	-0.000007	-0.000007	18.535452	25.677765	18.948929	0.000000	11310.220703	1671.224243	13678.711914
2013	01	0.000000	-1.196223	18.809938	18.809938	-0.000007	-0.000007	17.613714	34.993435	19.143644	0.000000	11310.241211	1671.082397	13678.069336
2013	01	0.000000	-0.995627	15.112675	15.112675	-0.000006	-0.000006	14.117048	44.901810	9.941203	0.000000	11310.252930	1670.941406	13677.518555
2013	01	0.000000	-0.959987	13.715868	13.715868	-0.000005	-0.000005	12.755882	42.322277	18.342245	0.000000	11310.257812	1670.801025	13677.030273
2013	01	0.000000	-0.994769	17.532553	17.532553	-0.000007	-0.000007	16.537785	48.171757	15.753266	0.000000	11310.265625	1670.661255	13676.530273
2013	01	0.000000	-0.917726	15.393534	15.393534	-0.000006	-0.000006	14.475808	50.177048	19.322134	0.000000	11310.287109	1670.522095	13675.964844
2013	01	0.000000	-1.079155	18.214579	18.214579	-0.000007	-0.000007	17.135424	27.845053	17.106215	0.000000	11310.304688	1670.383423	13675.419922
2013	01	0.000000	-1.290295	20.792971	20.792971	-0.000008	-0.000008	19.502674	12.026701	17.130396	0.000000	11310.328125	1670.244995	13674.782227
2013	01	0.000000	-1.397320	21.505541	21.505541	-0.000008	-0.000008	20.108221	16.230265	15.468355	0.000000	11310.350586	1670.106323	13674.094727
2013	01	0.000000	-1.327749	20.653885	20.653885	-0.000008	-0.000008	19.326138	34.472054	12.340384	0.000000	11310.367188	1669.967773	13673.408203
2013	01	0.000000	-1.283981	19.568417	19.568417	-0.000007	-0.000007	18.284435	34.059723	11.693255	0.000000	11310.378906	1669.829468	13672.754883
2013	01	0.000000	-1.290631	18.852652	18.852652	-0.000007	-0.000007	17.562021	31.230494	10.104099	0.000000	11310.385742	1669.691406	13672.131836
2013	01	0.000000	-1.418312	19.544788	19.544788	-0.000007	-0.000007	18.126474	21.415201	7.456608	0.000000	11310.389648	1669.553345	13671.511719
2013	01	0.000000	-1.585395	20.812780	20.812780	-0.000008	-0.000008	19.227385	8.618319	7.679615	0.000000	11310.391602	1669.415039	13670.855469
2013	01	0.000000	-1.498232	22.117723	22.117723	-0.000008	-0.000008	20.619492	6.666309	5.446702	0.000000	11310.394531	1669.276489	13670.161133
2013	01	0.000000	-1.610270	29.124590	29.124590	-0.000011	-0.000011	27.514322	8.688916	20.353006	0.000000	11310.416016	1669.137939	13669.348633
2013	01	0.000000	-1.515559	33.653934	33.653934	-0.000013	-0.000013	32.138378	39.803970	30.428595	0.000000	11310.441406	1668.999146	13668.319336
2013	01	0.000000	-1.387916	29.665480	29.665480	-0.000011	-0.000011	28.277563	43.347698	30.915668	0.000000	11310.450195	1668.860596	13667.301758
2013	01	0.000000	-1.227225	26.032501	26.032501	-0.000010	-0.000010	24.805275	65.999802	32.136715	0.000000	11310.449219	1668.722290	13666.390625
2013	01	0.000000	-1.006656	21.737700	21.737700	-0.000008	-0.000008	20.731043	66.893478	29.215660	0.000000	11310.442383	1668.584717	13665.622070
2013	01	0.000000	-0.975334	19.095304	19.095304	-0.000007	-0.000007	18.119970	59.622696	18.099909	0.000000	11310.432617	1668.447754	13664.958984
2013	02	0.000000	-1.013059	17.849194	17.849194	-0.000007	-0.000007	16.836134	33.429691	18.322674	0.000000	11310.418945	1668.311157	13664.331055
2013	02	0.000000	-1.136314	19.437632	19.437632	-0.000008	-0.000008	18.301317	10.790865	20.124966	0.000000	11310.408203	1668.174561	13663.649414
2013	02	0.000000	-1.166312	19.453360	19.453360	-0.000008	-0.000008	18.287048	10.377073	10.404954	0.000000	11310.397461	1668.038086	13662.948242
2013	02	0.000000	-1.257768	21.422455	21.422455	-0.000009	-0.000009	20.164686	-1.977126	9.392213	0.000000	11310.384766	1667.901367	13662.210938
2013	02	0.000000	-1.218933	22.017864	22.017864	-0.000009	-0.000009	20.798933	17.846298	20.215233	0.000000	11310.375000	1667.764893	13661.437500
2013	02	0.000000	-1.244823	21.836611	21.836611	-0.000009	-0.000009	20.591785	27.248056	18.591928	0.000000	11310.360352	1667.628296	13660.655273
2013	02	0.000000	-1.289056	21.830263	21.830263	-0.000009	-0.000009	20.541204	34.203976	25.146416	0.000000	11310.339844	1667.491699	13659.864258
2013	02	0.000000	-1.136061	19.052271	19.052271	-0.000008	-0.000008	17.916210	41.484184	19.582361	0.000000	11310.313477	1667.355347	13659.138672
2013	02	0.000000	-1.047322	17.046211	17.046211	-0.000007	-0.000007	15.998888	50.531658	21.695942	0.000000	11310.286133	1667.219238	13658.482422
2013	02	0.000000	-0.933034	16.566050	16.566050	-0.000007	-0.000007	15.633016	41.097294	29.738913	0.000000	11310.257812	1667.083496	13657.890625
2013	02	0.000000	-0.916163	16.392292	16.392292	-0.000007	-0.000007	15.476129	44.296413	20.047636	0.000000	11310.240234	1666.948486	13657.287109
2013	02	0.000000	-0.898738	15.867128	15.867128	-0.000007	-0.000007	14.968390	53.735447	17.652283	0.000000	11310.217773	1666.813599	13656.695312
2013	02	0.000000	-0.913194	17.730202	17.730202	-0.000007	-0.000007	16.817007	49.449211	24.227762	0.000000	11310.198242	1666.679199	13656.085938
2013	02	0.000000	-0.964763	17.193117	17.193117	-0.000007	-0.000007	16.228354	42.996971	22.071739	0.000000	11310.176758	1666.545166	13655.457031
2013	02	0.000000	-1.030650	17.528753	17.528753	-0.000007	-0.000007	16.498102	40.739098	23.810907	0.000000	11310.152344	1666.411255	13654.831055
2013	02	0.000000	-1.126322	17.905066	17.905066	-0.000007	-0.000007	16.778744	31.836481	18.143705	0.000000	11310.125977	1666.277466	13654.201172
2013	02	0.000000	-1.246254	18.434212	18.434212	-0.000008	-0.000008	17.187958	24.700689	21.944611	0.000000	11310.094727	1666.143433	13653.546875
2013	02	0.000000	-1.166300	17.064167	17.064167	-0.000007	-0.000007	15.897867	49.295666	22.051012	0.000000	11310.056641	1666.009399	13652.900391
2013	02	0.000000	-1.141809	15.861053	15.861053	-0.000007	-0.000007	14.719245	48.747627	12.910524	0.000000	11310.012695	1665.875488	13652.317383
2013	02	0.000000	-1.060554	14.808003	14.808003	-0.000006	-0.000006	13.747450	68.235558	13.079041	0.000000	11309.966797	1665.741699	13651.759766
2013	02	0.000000	-0.945152	14.802301	14.802301	-0.000006	-0.000006	13.857149	59.098648	33.912651	0.000000	11309.920898	1665.608154	13651.244141
2013	02	0.000000	-0.928003	19.901794	19.901794	-0.000008	-0.000008	18.973793	59.881313	28.686728	0.000000	11309.892578	1665.475220	13650.603516
2013	02	0.000000	-0.945798	19.481157	19.481157	-0.000008	-0.000008	18.535360	62.425564	30.020699	0.000000	11309.861328	1665.342407	13649.894531
2013	02	0.000000	-0.980789	19.114273	19.114273	-0.000008	-0.000008	18.133482	59.077061	32.592880	0.000000	11309.827148	1665.209961	13649.195312
2013	02	0.000000	-0.917889	17.344254	17.344254	-0.000007	-0.000007	16.426365	78.673012	38.888840	0.000000	11309.789062	1665.077515	13648.528320
2013	02	0.000000	-0.890747	15.570628	15.570628	-0.000006	-0.000006	14.679881	69.805443	21.898373	0.000000	11309.748047	1664.945679	13647.949219
2013	02	0.000000	-0.945641	16.088287	16.088287	-0.000007	-0.000007	15.142647	75.066933	28.976673	0.000000	11309.707031	1664.814087	13647.369141
2013	02	0.000000	-0.986756	15.330287	15.330287	-0.000006	-0.000006	14.343532	63.646690	18.203892	0.000000	11309.662109	1664.682617	13646.812500
2013	03	0.000000	-1.177831	17.710918	17.710918	-0.000007	-0.000007	16.533089	61.909447	20.245401	0.000000	11309.613281	1664.551147	13646.242188
2013	03	0.000000	-1.336722	18.218019	18.218019	-0.000007	-0.000007	16.881298	37.504871	15.471777	0.000000	11309.560547	1664.419556	13645.665039
2013	03	0.000000	-1.598577	19.652554	19.652554	-0.000007	-0.000007	18.053978	17.298353	14.161837	0.000000	11309.500977	1664.287476	13645.064453
2013	03	0.000000	-1.569344	19.348909	19.348909	-0.000007	-0.000007	17.779564	37.129658	15.789509	0.000000	11309.430664	1664.154907	13644.429688
2013	03	0.000000	-1.481335	18.042238	18.042238	-0.000007	-0.000007	16.560902	57.148933	10.895435	0.000000	11309.353516	1664.022095	13643.834961
2013	03	0.000000	-1.419018	17.350449	17.350449	-0.000006	-0.000006	15.931432	61.318802	8.478449	0.000000	11309.274414	1663.889282	13643.273438
2013	03	0.000000	-1.484732	17.693275	17.693275	-0.000007	-0.000007	16.208542	68.704239	9.121063	0.000000	11309.193359	1663.756348	13642.710938
2013	03	0.000000	-1.487922	17.081501	17.081501	-0.000006	-0.000006	15.593579	75.254936	9.633048	0.000000	11309.108398	1663.623169	13642.155273
2013	03	0.000000	-1.284147	17.766304	17.766304	-0.000007	-0.000007	16.482157	75.642677	35.326427	0.000000	11309.021484	1663.489746	13641.617188
2013	03	0.000000	-1.139511	23.382450	23.382450	-0.000009	-0.000009	22.242941	60.604317	43.934212	0.000000	11308.965820	1663.356934	13640.927734
2013	03	0.000000	-1.191729	21.872221	21.872221	-0.000008	-0.000008	20.680490	65.052116	35.187126	0.000000	11308.912109	1663.224243	13640.205078
2013	03	0.000000	-1.400000	22.557001	22.557001	-0.000008	-0.000008	21.157000	44.078987	30.951183	0.000000	11308.849609	1663.091553	13639.495117
2013	03	0.000000	-1.540438	22.439852	22.439852	-0.000008	-0.000008	20.899414	42.886536	29.687149	0.000000	11308.778320	1662.958374	13638.772461
2013	03	0.000000	-1.712523	22.470188	22.470188	-0.000008	-0.000008	20.757666	39.705727	22.525368	0.000000	11308.694336	1662.824707	13638.060547
2013	03	0.000000	-1.891118	22.610052	22.610052	-0.000008	-0.000008	20.718933	35.633492	18.990908	0.000000	11308.594727	1662.690430	13637.342773
2013	03	0.000000	-1.836347	21.501339	21.501339	-0.000008	-0.000008	19.664993	38.245880	12.765585	0.000000	11308.480469	1662.555298	13636.634766
2013	03	0.000000	-1.745545	19.932404	19.932404	-0.000007	-0.000007	18.186857	50.202129	12.899179	0.000000	11308.363281	1662.419800	13635.975586
2013	03	0.000000	-1.564467	18.198753	18.198753	-0.000007	-0.000007	16.634287	80.089584	9.565317	0.000000	11308.248047	1662.284180	13635.377930
2013	03	0.000000	-1.582715	18.012096	18.012096	-0.000007	-0.000007	16.429382	87.453575	8.615148	0.000000	11308.131836	1662.148560	13634.798828
2013	03	0.000000	-1.499066	17.249212	17.249212	-0.000006	-0.000006	15.750147	90.983391	7.176984	0.000000	11308.015625	1662.012695	13634.234375
2013	03	0.000000	-1.571065	17.167681	17.167681	-0.000006	-0.000006	15.596616	90.060204	8.157696	0.000000	11307.902344	1661.876953	13633.686523
2013	03	0.000000	-1.592919	16.850178	16.850178	-0.000006	-0.000006	15.257258	96.162254	7.486029	0.000000	11307.780273	1661.740723	13633.140625
2013	03	0.000000	-1.473975	15.852029	15.852029	-0.000006	-0.000006	14.378054	105.699829	6.131461	0.000000	11307.656250	1661.604370	13632.617188
2013	03	0.000000	-1.443353	15.282676	15.282676	-0.000006	-0.000006	13.839322	103.631729	5.751082	0.000000	11307.536133	1661.468140	13632.117188
2013	03	0.000000	-1.422652	15.096145	15.096145	-0.000006	-0.000006	13.673493	105.028046	5.257298	0.000000	11307.416992	1661.332031	13631.629883
2013	03	0.000000	-1.562241	15.553966	15.553966	-0.000006	-0.000006	13.991725	86.803398	5.418510	0.000000	11307.295898	1661.195679	13631.141602
2013	03	0.000000	-1.558947	15.665968	15.665968	-0.000006	-0.000006	14.107020	100.376099	5.762470	0.000000	11307.169922	1661.059082	13630.638672
2013	03	0.000000	-1.638677	15.899911	15.899911	-0.000006	-0.000006	14.261233	91.506569	5.356417	0.000000	11307.041016	1660.922241	13630.135742
2013	03	0.000000	-1.590631	15.455533	15.455533	-0.000006	-0.000006	13.864902	66.391205	4.327634	0.000000	11306.910156	1660.785156	13629.630859
2013	03	0.000000	-1.648123	15.754032	15.754032	-0.000006	-0.000006	14.105909	88.851204	4.282868	0.000000	11306.782227	1660.647827	13629.137695
2013	03	0.000000	-1.612218	15.927862	15.927862	-0.000006	-0.000006	14.315644	105.000687	4.047108	0.000000	11306.650391	1660.510376	13628.634766
2013	04	0.000000	-1.544464	15.462956	15.462956	-0.000006	-0.000006	13.918492	110.541847	4.299140	0.000000	11306.515625	1660.372803	13628.123047
2013	04	0.000000	-1.421848	14.610686	14.610686	-0.000006	-0.000006	13.188839	111.355499	3.915741	0.000000	11306.381836	1660.235107	13627.621094
2013	04	0.000000	-1.370978	13.989331	13.989331	-0.000005	-0.000005	12.618353	99.588654	3.105863	0.000000	11306.256836	1660.097656	13627.148438
2013	04	0.000000	-1.509504	14.444436	14.444436	-0.000006	-0.000006	12.934932	87.345482	3.568212	0.000000	11306.131836	1659.960083	13626.678711
2013	04	0.000000	-1.691629	15.402881	15.402881	-0.000006	-0.000006	13.711252	82.335487	4.201156	0.000000	11305.999023	1659.822144	13626.187500
2013	04	0.000000	-1.726748	15.814836	15.814836	-0.000006	-0.000006	14.088086	99.156029	4.813397	0.000000	11305.858398	1659.683716	13625.671875
2013	04	0.000000	-1.619518	15.397058	15.397058	-0.000006	-0.000006	13.777539	99.810318	3.251318	0.000000	11305.716797	1659.544922	13625.160156
2013	04	0.000000	-1.570113	14.988915	14.988915	-0.000006	-0.000006	13.418802	105.907913	3.367290	0.000000	11305.578125	1659.406128	13624.658203
2013	04	0.000000	-1.387564	15.986472	15.986472	-0.000006	-0.000006	14.598907	127.144936	20.681654	0.000000	11305.444336	1659.267334	13624.164062
2013	04	2.095203	0.440696	31.295263	29.200060	-0.000011	-0.000011	29.640755	75.755768	70.616341	5814.677246	11305.392578	1659.135864	13623.404297
2013	04	7.750503	4.030291	33.998257	26.247753	-0.000010	-0.000010	30.278042	70.915001	67.304115	21509.458984	11305.338867	1659.076294	13622.412109
2013	04	11.818774	6.317114	33.457123	21.638351	-0.000008	-0.000008	27.955465	51.371147	74.568893	32799.859375	11305.242188	1659.151733	13621.607422
2013	04	18.400343	10.511819	34.199215	15.798873	-0.000006	-0.000006	26.310690	51.118172	78.900993	51065.250000	11305.106445	1659.320923	13620.954102
2013	04	25.731346	15.519668	34.130306	8.398961	-0.000003	-0.000003	23.918629	76.072464	62.644753	71410.492188	11304.963867	1659.652466	13620.539062
2013	04	31.544846	19.250881	33.488049	1.943201	-0.000001	-0.000001	21.194080	84.199059	56.239902	87544.328125	11304.817383	1660.152344	13620.370117
2013	04	38.187321	23.802151	33.432156	-4.755164	0.000002	0.000002	19.046988	97.613266	42.113548	105978.742188	11304.666992	1660.801147	13620.442383
2013	04	34.425079	20.652748	31.150745	-3.274333	0.000001	0.000001	17.378414	120.819054	30.443838	95537.640625	11304.514648	1661.541016	13620.666016
2013	04	31.770102	18.478563	29.553362	-2.216738	0.000001	0.000001	16.261826	120.826279	25.482845	88169.453125	11304.370117	1662.120483	13620.781250
2013	04	23.942093	11.909907	28.111483	4.169390	-0.000002	-0.000002	16.079300	120.601746	23.343857	66444.906250	11304.230469	1662.660522	13620.875000
2013	04	30.888885	16.728149	30.190712	-0.698174	0.000000	0.000000	16.029974	104.011635	25.127504	85723.882812	11304.088867	1663.022461	13620.794922
2013	04	31.606064	16.694923	30.908979	-0.697085	0.000000	0.000000	15.997837	100.797279	26.839670	87714.218750	11303.939453	1663.499634	13620.826172
2013	04	33.489475	17.233635	32.056480	-1.432991	0.000001	0.000001	15.800644	89.727730	27.351561	92941.125000	11303.775391	1663.998169	13620.885742
2013	04	32.474411	15.251966	33.097366	0.622956	-0.000000	-0.000000	15.874922	105.981796	24.784986	90124.078125	11303.597656	1664.559570	13621.004883
2013	04	40.933109	21.960096	33.908459	-7.024650	0.000003	0.000003	14.935449	111.043137	23.033247	113598.945312	11303.418945	1665.193848	13621.216797
2013	04	47.669559	26.865850	35.558964	-12.110599	0.000005	0.000005	14.755253	114.955421	25.234304	132294.187500	11303.245117	1665.993164	13621.615234
2013	04	58.529961	34.521202	38.684795	-19.845165	0.000008	0.000008	14.676035	116.226982	27.553518	162434.328125	11303.070312	1666.915771	13622.135742
2013	04	58.762325	34.276428	38.998871	-19.763454	0.000008	0.000008	14.512973	115.003304	27.141481	163079.203125	11302.897461	1668.127197	13622.953125
2013	04	49.716812	26.977980	37.228924	-12.487887	0.000005	0.000005	14.490093	114.538559	25.821041	137975.781250	11302.723633	1669.156982	13623.590820
2013	04	44.081242	22.314928	36.313770	-7.767472	0.000003	0.000003	14.547454	108.515282	25.310722	122335.757812	11302.549805	1669.935913	13623.978516
2013	04	39.959621	18.119167	36.706909	-3.252716	0.000001	0.000001	14.866451	105.155128	24.853003	110897.296875	11302.371094	1670.611328	13624.252930
2013	05	46.052010	21.893677	39.229717	-6.822289	0.000003	0.000003	15.071388	113.704750	25.885162	123682.335938	11302.190430	1671.273193	13624.513672
2013	05	45.643600	22.289377	37.629997	-8.013600	0.000003	0.000003	14.275777	105.989212	24.484365	122585.476562	11302.017578	1672.011719	13624.872070
2013	05	43.223732	20.152048	37.255051	-5.968681	0.000002	0.000002	14.183367	101.653931	25.772036	116086.414062	11301.849609	1672.713501	13625.207031
2013	05	56.827461	30.123880	40.867180	-15.960283	0.000006	0.000006	14.163600	94.170570	32.389889	152622.093750	11301.680664	1673.494141	13625.622070
2013	05	42.206223	17.836794	38.513847	-3.692376	0.000001	0.000001	14.144418	90.851921	27.757797	113353.679688	11301.510742	1674.261108	13626.021484
2013	05	50.675636	23.334719	41.162148	-9.513491	0.000004	0.000004	13.821229	97.322823	28.583683	136100.062500	11301.341797	1674.961304	13626.360352
2013	05	84.687195	50.515713	46.831791	-37.855408	0.000014	0.000014	12.660306	130.872131	32.363121	227445.281250	11301.181641	1676.008545	13627.071289
2013	05	114.337097	75.004105	50.513294	-63.823795	0.000024	0.000024	11.180305	125.119110	32.698700	307076.312500	11301.040039	1677.937744	13628.708008
2013	05	77.456795	47.154762	40.658039	-36.798756	0.000014	0.000014	10.356007	137.914581	22.947866	208026.500000	11300.914062	1680.179810	13630.700195
2013	05	73.875389	44.274662	39.920967	-33.954426	0.000013	0.000013	10.320232	119.431450	28.430750	198407.890625	11300.791992	1681.628052	13631.907227
2013	05	78.094269	46.784145	41.632084	-36.462185	0.000014	0.000014	10.321960	95.375870	30.350857	209738.578125	11300.668945	1683.005371	13633.041992
2013	05	65.299561	36.151672	39.608456	-25.691109	0.000010	0.000010	10.460562	103.799393	30.074118	175375.703125	11300.545898	1684.429810	13634.225586
2013	05	59.110046	30.118206	39.958927	-19.151121	0.000007	0.000007	10.967084	103.691544	33.347218	158752.453125	11300.416992	1685.524170	13635.066406
2013	05	50.299587	24.103500	37.160278	-13.139308	0.000005	0.000005	10.964192	86.153717	32.502781	135090.109375	11300.285156	1686.494385	13635.774414
2013	05	50.387222	22.827410	38.520073	-11.867153	0.000004	0.000004	10.960255	108.276711	30.129717	135325.484375	11300.152344	1687.168701	13636.183594
2013	05	46.164967	22.059908	33.875389	-12.289580	0.000005	0.000005	9.770329	135.950470	22.045612	123985.718750	11300.028320	1687.904175	13636.677734
2013	05	40.400791	18.287491	31.197439	-9.203349	0.000003	0.000003	9.084141	136.239883	19.607466	108504.804688	11299.917969	1688.537109	13637.100586
2013	05	65.890198	38.168896	36.277428	-29.612764	0.000011	0.000011	8.556131	143.319168	23.683460	176961.953125	11299.814453	1689.308472	13637.679688
2013	05	71.263077	42.595192	36.856167	-34.406910	0.000013	0.000013	8.188285	131.979752	24.613388	191391.953125	11299.717773	1690.655518	13638.851562
2013	05	60.039341	33.543137	34.621754	-25.417582	0.000009	0.000009	8.125553	133.802551	23.428797	161248.250000	11299.624023	1691.883301	13639.909180
2013	05	56.181572	30.857391	33.273170	-22.908403	0.000009	0.000009	7.948990	125.269295	24.567799	150887.421875	11299.531250	1692.864746	13640.724609
2013	05	55.004074	29.529591	33.541088	-21.462982	0.000008	0.000008	8.066607	122.361885	23.606081	147725.000000	11299.439453	1693.791504	13641.486328
2013	05	48.617405	24.184826	32.502472	-16.114933	0.000006	0.000006	8.069894	128.628372	24.786949	130572.250000	11299.346680	1694.609741	13642.135742
2013	05	29.676607	9.960768	27.423864	-2.252743	0.000001	0.000001	7.708024	136.661804	17.147358	79702.765625	11299.256836	1695.038208	13642.402344
2013	05	36.460239	16.076197	27.726320	-8.733918	0.000003	0.000003	7.342279	135.598251	17.572620	97921.640625	11299.171875	1695.457397	13642.672852
2013	05	34.502934	14.415014	27.307236	-7.195700	0.000003	0.000003	7.219315	137.832458	17.334448	92664.882812	11299.089844	1695.916870	13642.990234
2013	05	24.840172	6.372877	25.614149	0.773978	-0.000000	-0.000000	7.146855	141.757584	15.453976	66713.492188	11299.008789	1696.232422	13643.166992
2013	05	34.311592	14.401980	26.880602	-7.430991	0.000003	0.000003	6.970990	134.746124	17.002798	92150.992188	11298.929688	1696.476807	13643.276367
2013	05	55.756363	30.716366	31.931696	-23.824665	0.000009	0.000009	6.891701	136.124008	21.985256	149745.421875	11298.852539	1697.141235	13643.810547
2013	05	66.021278	38.690563	34.086258	-31.935019	0.000012	0.000012	6.755545	135.042236	26.619347	177314.015625	11298.778320	1698.035767	13644.761719
2013	05	54.997772	30.245352	31.635666	-23.362104	0.000009	0.000009	6.883246	133.017761	22.414572	147708.078125	11298.711914	1698.339233	13645.753906
2013	06	46.914879	24.596502	29.412727	-17.502150	0.000007	0.000007	7.094351	133.697647	22.899719	130199.750000	11298.660156	1697.685669	13646.476562
2013	06	32.414085	13.611382	26.532269	-5.881818	0.000002	0.000002	7.729564	114.386230	19.167028	89956.664062	11298.631836	1695.985718	13646.832031
2013	06	25.954224	8.741706	25.768572	-0.185653	0.000000	0.000000	8.556052	118.462990	16.856785	72029.046875	11298.633789	1693.311890	13646.884766
2013	06	40.969532	20.136299	36.859528	-4.110006	0.000002	0.000002	16.026291	89.067963	60.154778	113700.039062	11298.688477	1690.011719	13646.957031
2013	06	49.190590	25.301300	62.695728	13.505137	-0.000005	-0.000005	38.806438	60.540646	101.271851	136515.390625	11299.193359	1686.597534	13646.895508
2013	06	33.170418	14.565609	45.207645	12.037231	-0.000005	-0.000005	26.602842	97.836372	40.875027	92055.656250	11299.650391	1682.158203	13646.487305
2013	06	22.469395	7.408665	37.772449	15.303055	-0.000006	-0.000006	22.711720	102.990097	25.024389	62357.820312	11299.982422	1676.725098	13646.030273
2013	06	22.809231	8.235605	39.036285	16.227049	-0.000006	-0.000006	24.462656	109.122643	22.769321	63300.953125	11300.338867	1670.536621	13645.529297
2013	06	19.481403	6.522438	38.393764	18.912361	-0.000007	-0.000007	25.434797	122.410294	18.361681	54065.449219	11300.765625	1663.599365	13644.923828
2013	06	20.585323	8.402291	39.282299	18.696974	-0.000007	-0.000007	27.099266	120.946877	16.298111	57129.085938	11301.259766	1656.029419	13644.343750
2013	06	12.227888	3.029621	38.248970	26.021082	-0.000010	-0.000010	29.050703	124.744835	11.797834	33935.246094	11301.843750	1647.592651	13643.518555
2013	06	5.673852	-0.874556	37.886963	32.213112	-0.000012	-0.000012	31.338554	125.961510	7.787095	15746.266602	11302.516602	1638.350464	13642.503906
2013	06	0.838340	-3.217205	37.661617	36.823280	-0.000014	-0.000014	33.606075	135.519211	2.951084	2326.590088	11303.288086	1628.454468	13641.318359
2013	06	0.000000	-2.985119	34.450371	34.450371	-0.000013	-0.000013	31.465254	142.248566	1.622747	0.000000	11304.083984	1624.506714	13640.061523
2013	06	0.000000	-2.802676	30.352982	30.352982	-0.000012	-0.000012	27.550306	146.428116	1.423561	0.000000	11304.710938	1624.266113	13638.931641
2013	06	0.000000	-2.684215	27.489424	27.489424	-0.000011	-0.000011	24.805208	154.330276	1.346083	0.000000	11305.201172	1624.027710	13637.911133
2013	06	0.000000	-2.463052	24.510027	24.510027	-0.000009	-0.000009	22.046974	145.682022	1.071368	0.000000	11305.585938	1623.791382	13636.986328
2013	06	0.000000	-2.735121	24.192762	24.192762	-0.000009	-0.000009	21.457644	136.677963	0.954242	0.000000	11305.900391	1623.557251	13636.123047
2013	06	0.000000	-2.911711	24.104780	24.104780	-0.000009	-0.000009	21.193069	141.110764	1.384391	0.000000	11306.173828	1623.324585	13635.263672
2013	06	0.000000	-2.717837	22.513712	22.513712	-0.000009	-0.000009	19.795877	142.423355	1.138215	0.000000	11306.404297	1623.093384	13634.434570
2013	06	0.000000	-2.602020	21.025415	21.025415	-0.000008	-0.000008	18.423395	137.143555	0.939375	0.000000	11306.591797	1622.864258	13633.663086
2013	06	0.000000	-2.686795	20.781208	20.781208	-0.000008	-0.000008	18.094414	138.148331	0.957371	0.000000	11306.750977	1622.636841	13632.916016
2013	06	0.000000	-2.658218	20.192701	20.192701	-0.000008	-0.000008	17.534483	135.848145	0.825324	0.000000	11306.886719	1622.411011	13632.185547
2013	06	0.000000	-2.646127	19.769112	19.769112	-0.000008	-0.000008	17.122984	141.222031	0.804754	0.000000	11307.002930	1622.186890	13631.472656
2013	06	0.000000	-2.572431	19.078505	19.078505	-0.000007	-0.000007	16.506073	146.791748	-0.006706	0.000000	11307.101562	1621.964233	13630.776367
2013	06	0.000000	-2.574525	18.590712	18.590712	-0.000007	-0.000007	16.016186	140.769119	0.774995	0.000000	11307.184570	1621.743408	13630.105469
2013	06	0.000000	-2.784309	19.107790	19.107790	-0.000007	-0.000007	16.323481	138.381836	0.249159	0.000000	11307.256836	1621.523804	13629.436523
2013	06	0.000000	-3.012660	19.981251	19.981251	-0.000008	-0.000008	16.968592	140.659058	0.052775	0.000000	11307.319336	1621.305298	13628.754883
2013	06	0.000000	-3.434948	21.187431	21.187431	-0.000008	-0.000008	17.752483	104.927734	1.372534	0.000000	11307.374023	1621.087280	13628.045898
2013	06	0.000000	-3.881688	22.971754	22.971754	-0.000009	-0.000009	19.090067	103.026512	1.200949	0.000000	11307.420898	1620.869263	13627.301758
2013	07	0.000000	-3.594499	22.977314	22.977314	-0.000009	-0.000009	19.382812	117.886787	0.922180	0.000000	11307.458008	1620.651245	13626.534180
2013	07	0.000000	-3.028421	20.684797	20.684797	-0.000008	-0.000008	17.656376	115.140617	0.590482	0.000000	11307.485352	1620.434326	13625.809570
2013	07	0.000000	-2.944483	19.753639	19.753639	-0.000007	-0.000007	16.809155	107.565659	-0.112964	0.000000	11307.504883	1620.218750	13625.129883
2013	07	0.000000	-2.965892	19.304010	19.304010	-0.000007	-0.000007	16.338118	108.879662	0.711453	0.000000	11307.518555	1620.004272	13624.467773
2013	07	0.000000	-2.774874	18.377377	18.377377	-0.000007	-0.000007	15.602502	102.405228	0.566334	0.000000	11307.527344	1619.790771	13623.827148
2013	07	0.000000	-2.823102	18.108654	18.108654	-0.000007	-0.000007	15.285552	126.507744	-0.742581	0.000000	11307.531250	1619.578735	13623.210938
2013	07	0.000000	-2.850862	18.368357	18.368357	-0.000007	-0.000007	15.517494	151.168976	1.221051	0.000000	11307.531250	1619.367554	13622.591797
2013	07	0.000000	-2.901973	18.435604	18.435604	-0.000007	-0.000007	15.533632	148.059998	1.070967	0.000000	11307.528320	1619.157471	13621.968750
2013	07	0.000000	-2.830419	18.116737	18.116737	-0.000007	-0.000007	15.286319	143.437256	0.790753	0.000000	11307.520508	1618.948242	13621.350586
2013	07	0.000000	-2.798817	17.787931	17.787931	-0.000007	-0.000007	14.989116	131.594177	0.661789	0.000000	11307.510742	1618.740112	13620.741211
2013	07	0.000000	-2.702260	17.333279	17.333279	-0.000006	-0.000006	14.631020	141.697372	0.598171	0.000000	11307.499023	1618.533081	13620.147461
2013	07	0.000000	-2.822288	17.690948	17.690948	-0.000007	-0.000007	14.868661	143.635315	-0.650331	0.000000	11307.483398	1618.326904	13619.552734
2013	07	0.000000	-2.816681	17.473976	17.473976	-0.000007	-0.000007	14.657294	122.628197	0.760024	0.000000	11307.465820	1618.121582	13618.959961
2013	07	0.000000	-2.787052	17.262112	17.262112	-0.000006	-0.000006	14.475060	125.674400	0.200768	0.000000	11307.446289	1617.917236	13618.375000
2013	07	0.000000	-2.898152	17.530643	17.530643	-0.000007	-0.000007	14.632493	138.196899	0.807755	0.000000	11307.424805	1617.713623	13617.791016
2013	07	0.000000	-2.783216	17.143681	17.143681	-0.000006	-0.000006	14.360465	103.371094	0.497317	0.000000	11307.400391	1617.510742	13617.206055
2013	07	0.000000	-2.595648	16.197556	16.197556	-0.000006	-0.000006	13.601908	79.293510	0.402095	0.000000	11307.375000	1617.308838	13616.639648
2013	07	0.000000	-2.887552	16.835217	16.835217	-0.000006	-0.000006	13.947665	111.472351	-0.025463	0.000000	11307.349609	1617.107910	13616.091797
2013	07	0.000000	-3.109026	17.930679	17.930679	-0.000007	-0.000007	14.821652	105.693069	0.612199	0.000000	11307.320312	1616.907349	13615.513672
2013	07	1.730554	-1.535004	74.780441	73.049889	-0.000027	-0.000027	71.514885	43.225056	144.918671	4647.765137	11307.764648	1616.710938	13613.935547
2013	07	7.400771	2.267815	58.555038	51.154266	-0.000019	-0.000019	53.422081	36.119141	139.552856	19876.324219	11307.858398	1616.566162	13611.915039
2013	07	12.053597	5.051607	52.858555	40.804958	-0.000015	-0.000015	45.856564	62.318417	107.136856	32372.468750	11307.870117	1616.544067	13610.394531
2013	07	13.773548	5.628624	49.303291	35.529743	-0.000013	-0.000013	41.158367	92.206787	68.634613	36991.757812	11307.841797	1616.618286	13609.166016
2013	07	15.564999	6.221230	47.565319	32.000320	-0.000012	-0.000012	38.221550	106.120201	49.482105	41803.074219	11307.778320	1616.702637	13608.057617
2013	07	13.460851	3.906109	44.860531	31.399681	-0.000012	-0.000012	35.305790	108.723824	38.178089	36151.941406	11307.687500	1616.763794	13607.021484
2013	07	13.475895	3.302577	43.091110	29.615211	-0.000011	-0.000011	32.917789	103.335365	32.396145	36192.351562	11307.578125	1616.793335	13606.040039
2013	07	13.135602	1.827477	42.324425	29.188824	-0.000011	-0.000011	31.016302	68.841209	25.465456	35278.417969	11307.453125	1616.842407	13605.138672
2013	07	21.100069	7.695949	43.141685	22.041618	-0.000008	-0.000008	29.737568	69.228592	26.985237	56668.667969	11307.326172	1616.934448	13604.342773
2013	07	26.462408	11.147858	44.318142	17.855734	-0.000007	-0.000007	29.003593	97.298897	30.600019	71070.359375	11307.194336	1617.173584	13603.724609
2013	07	36.255600	17.662382	45.618279	9.362680	-0.000003	-0.000003	27.025063	61.983444	27.117596	97372.039062	11307.046875	1617.547119	13603.272461
2013	07	27.444468	11.017014	42.117390	14.672925	-0.000005	-0.000005	25.689939	92.512611	26.336159	73707.882812	11306.906250	1618.106201	13603.081055
2013	08	24.834671	8.418503	42.134525	17.299858	-0.000006	-0.000006	25.718361	102.998932	27.611225	66698.726562	11306.757812	1618.323730	13602.559570
2013	08	29.057451	10.888470	44.380558	15.323108	-0.000006	-0.000006	26.211578	99.871628	28.249176	78039.890625	11306.593750	1618.598999	13602.085938
2013	08	31.545153	12.371117	44.657345	13.112193	-0.000005	-0.000005	25.483309	111.672562	27.900553	84721.132812	11306.424805	1618.922729	13601.658203
2013	08	45.581863	23.210682	46.599823	1.017958	-0.000000	-0.000000	24.228640	110.619080	31.723862	122419.671875	11306.258789	1619.538696	13601.565430
2013	08	39.131157	17.740717	44.866436	5.735279	-0.000002	-0.000002	23.475998	114.893166	27.115864	105094.945312	11306.095703	1620.166016	13601.508789
2013	08	37.497795	16.219244	43.870827	6.373030	-0.000002	-0.000002	22.592274	117.980881	26.993336	100708.218750	11305.934570	1620.670654	13601.361328
2013	08	43.725811	20.659859	44.943302	1.217489	-0.000000	-0.000000	21.877346	116.348526	29.009846	117434.859375	11305.775391	1621.259888	13601.321289
2013	08	44.944553	21.124945	45.136997	0.192446	-0.000000	-0.000000	21.317390	106.379448	29.128494	120708.039062	11305.618164	1621.969360	13601.422852
2013	08	31.849485	11.141977	41.139347	9.289863	-0.000003	-0.000003	20.431839	117.071083	24.090755	85538.484375	11305.462891	1622.446167	13601.314453
2013	08	37.077011	14.634618	42.266014	5.189003	-0.000002	-0.000002	19.823622	93.828476	25.823076	99578.101562	11305.310547	1622.847778	13601.155273
2013	08	48.046036	22.320816	45.040245	-3.005796	0.000001	0.000001	19.315018	77.198532	30.526440	129037.726562	11305.161133	1623.397949	13601.164062
2013	08	58.013660	29.975075	46.197460	-11.816202	0.000004	0.000004	18.158871	50.673489	31.114862	155807.875000	11305.013672	1624.210815	13601.457031
2013	08	53.208382	26.172764	44.475903	-8.732478	0.000003	0.000003	17.440283	69.386017	31.727198	142902.281250	11304.874023	1625.146118	13601.911133
2013	08	48.377701	22.068949	43.389305	-4.988399	0.000002	0.000002	17.080551	81.618141	30.294722	129928.484375	11304.736328	1625.968384	13602.265625
2013	08	64.152870	34.343975	46.449532	-17.703339	0.000007	0.000007	16.640636	80.353867	35.893517	172296.015625	11304.599609	1626.740356	13602.583008
2013	08	95.214882	58.261951	64.048676	-31.166199	0.000012	0.000012	27.095755	46.882637	88.444405	255719.578125	11304.619141	1628.034546	13603.250977
2013	08	90.399368	54.229195	53.793888	-36.605484	0.000014	0.000014	17.623711	23.351681	51.875061	242786.515625	11304.625000	1629.924438	13604.511719
2013	08	57.816757	30.080688	42.296951	-15.519803	0.000006	0.000006	14.560885	65.867966	37.775249	155279.046875	11304.545898	1631.547485	13605.711914
2013	08	72.420273	40.690147	45.179173	-27.241100	0.000010	0.000010	13.449047	72.965767	40.107880	194499.859375	11304.439453	1632.439209	13606.240234
2013	08	50.800377	25.405205	37.872986	-12.927392	0.000005	0.000005	12.477814	93.817329	29.683008	136435.078125	11304.334961	1633.741455	13607.220703
2013	08	63.478008	34.171005	41.588604	-21.889400	0.000008	0.000008	12.281605	44.782856	33.086048	170483.531250	11304.231445	1634.531128	13607.694336
2013	08	45.591030	20.779770	36.628803	-8.962228	0.000003	0.000003	11.817541	66.405441	27.896168	122444.296875	11304.133789	1635.523804	13608.391602
2013	08	35.314217	13.500043	33.297714	-2.016505	0.000001	0.000001	11.483539	84.919128	22.393757	94843.750000	11304.037109	1636.076050	13608.657227
2013	08	37.553509	15.502176	32.912231	-4.641277	0.000002	0.000002	10.860900	59.116802	20.472628	100857.835938	11303.944336	1636.370361	13608.678711
2013	08	49.571770	24.689518	35.345356	-14.226414	0.000005	0.000005	10.463103	88.076843	26.328766	133135.406250	11303.856445	1637.029175	13609.086914
2013	08	63.941162	35.661102	38.440041	-25.501122	0.000010	0.000010	10.159981	65.503006	27.870914	171727.437500	11303.771484	1637.772949	13609.585938
2013	08	67.045197	38.480438	53.572872	-13.472330	0.000005	0.000005	25.008106	56.208290	79.980377	180063.968750	11303.831055	1638.951538	13610.268555
2013	08	64.019974	35.273518	52.955936	-11.064034	0.000004	0.000004	24.209484	38.459511	75.409103	171939.093750	11303.861328	1640.130005	13610.779297
2013	08	86.630501	52.192936	55.822124	-30.808382	0.000012	0.000012	21.384550	79.880798	71.030045	232664.437500	11303.855469	1641.284180	13611.305664
2013	08	125.643906	82.522896	83.919075	-41.724827	0.000016	0.000016	40.798069	56.597580	96.456299	337443.093750	11303.833984	1643.177979	13612.266602
2013	08	120.083900	77.819389	86.448418	-33.635483	0.000013	0.000013	44.183907	52.244152	108.873291	322510.531250	11303.760742	1645.769531	13613.555664
2013	09	107.581184	68.428719	79.150192	-28.430988	0.000011	0.000011	39.997730	43.353439	103.636757	298562.906250	11303.646484	1648.278931	13614.776367
2013	09	104.350380	65.704567	74.260452	-30.089922	0.000012	0.000012	35.614647	12.629860	107.169067	289596.687500	11303.515625	1650.477905	13615.796875
2013	09	97.666283	61.089252	79.017326	-18.648954	0.000007	0.000007	42.440296	20.847839	88.137993	271046.750000	11303.361328	1652.557373	13616.703125
2013	09	106.373840	66.923172	82.245705	-24.128126	0.000009	0.000009	42.795044	42.303253	92.855644	295212.250000	11303.194336	1654.548950	13617.341797
2013	09	85.469681	51.739826	78.772903	-6.696777	0.000003	0.000003	45.043053	29.735472	98.594528	237198.359375	11303.013672	1656.689697	13618.107422
2013	09	75.518600	43.463860	73.869621	-1.648981	0.000001	0.000001	41.814880	18.497557	106.059227	209581.765625	11302.818359	1658.334595	13618.392578
2013	09	77.213600	44.269234	71.708076	-5.505524	0.000002	0.000002	38.763706	13.198695	102.943275	214285.781250	11302.621094	1659.739502	13618.541016
2013	09	94.611206	58.442783	71.281868	-23.329342	0.000009	0.000009	35.113441	30.225853	102.640839	262568.218750	11302.425781	1661.253540	13618.929688
2013	09	106.441780	67.650421	73.140549	-33.301224	0.000013	0.000013	34.349197	30.905506	100.250000	295400.812500	11302.243164	1663.309814	13619.919922
2013	09	110.900421	71.378387	75.961456	-34.938969	0.000013	0.000013	36.439419	43.866432	91.449432	307774.593750	11302.065430	1665.520020	13621.052734
2013	09	101.416054	64.269241	75.368156	-26.047897	0.000010	0.000010	38.221344	29.681200	68.683975	281453.281250	11301.876953	1667.710083	13622.066406
2013	09	99.718681	62.912350	74.053833	-25.664845	0.000010	0.000010	37.247505	33.447670	97.707664	276742.656250	11301.679688	1669.855591	13623.047852
2013	09	97.798592	61.191158	71.909698	-25.888889	0.000010	0.000010	35.302265	15.765636	107.037796	271413.937500	11301.477539	1671.903320	13623.979492
2013	09	68.913109	38.827618	63.530365	-5.382746	0.000002	0.000002	33.444870	31.762712	93.349312	191249.984375	11301.274414	1673.738281	13624.763672
2013	09	69.619141	39.246159	59.302334	-10.316810	0.000004	0.000004	28.929350	37.061642	86.323891	193209.390625	11301.063477	1675.012329	13625.085938
2013	09	57.926941	30.197042	53.449299	-4.477643	0.000002	0.000002	25.719398	45.319546	63.836243	160760.812500	11300.840820	1676.237671	13625.497070
2013	09	54.718994	27.724104	50.551552	-4.167442	0.000002	0.000002	23.556662	52.164936	53.450916	151858.000000	11300.603516	1677.188843	13625.717773
2013	09	54.644180	27.905813	48.186985	-6.457198	0.000002	0.000002	21.448614	54.431519	47.574986	151650.390625	11300.358398	1678.077637	13625.948242
2013	09	51.280685	24.952013	47.108780	-4.171905	0.000002	0.000002	20.780107	71.244064	42.278530	142315.890625	11300.111328	1678.860107	13626.114258
2013	09	49.009045	23.957193	43.878048	-5.130997	0.000002	0.000002	18.826199	75.963943	37.896137	136011.562500	11299.869141	1679.679077	13626.370117
2013	09	44.421078	20.830883	41.512985	-2.908090	0.000001	0.000001	17.922794	66.478699	34.857494	123278.875000	11299.634766	1680.462402	13626.634766
2013	09	52.499027	26.800949	42.964901	-9.534125	0.000004	0.000004	17.266825	75.647499	37.530666	145697.078125	11299.405273	1681.086914	13626.761719
2013	09	47.708080	23.467949	39.863968	-7.844112	0.000003	0.000003	15.623836	101.374084	27.859873	132401.078125	11299.189453	1681.927979	13627.141602
2013	09	32.630634	14.135294	32.335655	-0.294981	0.000000	0.000000	13.840313	88.112839	19.646471	90557.640625	11299.000977	1682.521484	13627.345703
2013	09	43.340588	21.843527	35.263969	-8.076615	0.000003	0.000003	13.766912	74.344215	24.671341	120280.257812	11298.823242	1682.924072	13627.380859
2013	09	50.005810	26.582146	36.817921	-13.187889	0.000005	0.000005	13.394258	87.154579	25.847637	138777.812500	11298.644531	1683.554688	13627.646484
2013	09	52.652073	28.860806	36.244514	-16.407562	0.000006	0.000006	12.453243	87.383102	23.677549	146121.828125	11298.475586	1684.348755	13628.101562
2013	09	55.196457	31.806747	34.826614	-20.369844	0.000008	0.000008	11.436903	96.162071	21.703814	153183.078125	11298.320312	1685.222534	13628.670898
2013	09	45.546364	24.574945	32.032711	-13.513653	0.000005	0.000005	11.061293	82.349548	20.508678	126401.804688	11298.175781	1686.094849	13629.264648
2013	09	43.123787	22.570972	31.590736	-11.533051	0.000004	0.000004	11.037922	77.394676	21.364113	119678.585938	11298.032227	1686.771851	13629.665039
2013	10	46.015236	23.975183	33.450756	-12.564479	0.000005	0.000005	11.410704	67.085060	22.599962	123583.585938	11297.887695	1687.386475	13630.002930
2013	10	52.661137	28.900232	35.080421	-17.580717	0.000007	0.000007	11.319515	52.690372	25.557699	141432.546875	11297.743164	1688.059204	13630.401367
2013	10	83.082977	50.452011	51.033852	-32.049126	0.000012	0.000012	18.402884	32.275612	79.905769	223136.812500	11297.614258	1689.037476	13631.037109
2013	10	62.261597	34.830818	44.670773	-17.590826	0.000007	0.000007	17.239990	64.925041	48.705685	167216.609375	11297.523438	1690.476440	13631.940430
2013	10	52.550022	29.069263	36.426743	-16.123278	0.000006	0.000006	12.945986	70.472252	29.262989	141134.125000	11297.400391	1691.495972	13632.575195
2013	10	51.283524	28.285908	34.237854	-17.045673	0.000006	0.000006	11.240235	69.587837	26.396677	137732.687500	11297.269531	1692.304810	13633.085938
2013	10	42.321156	21.347429	31.652821	-10.668337	0.000004	0.000004	10.679093	51.447479	24.141987	113662.367188	11297.136719	1693.045654	13633.569336
2013	10	42.124168	19.908419	33.178417	-8.945747	0.000003	0.000003	10.962670	41.224419	27.467844	113133.296875	11297.000000	1693.612427	13633.878906
2013	10	48.228817	25.468494	32.965473	-15.263347	0.000006	0.000006	10.205146	70.190613	23.713999	129528.625000	11296.864258	1694.136353	13634.149414
2013	10	55.727825	31.782274	33.125633	-22.602190	0.000008	0.000008	9.180085	79.750282	19.948029	149668.781250	11296.741211	1694.912354	13634.705078
2013	10	64.416100	39.808205	32.773865	-31.642237	0.000012	0.000012	8.165969	76.600883	17.607649	173002.984375	11296.632812	1695.856934	13635.464844
2013	10	49.935215	29.077524	28.443048	-21.492165	0.000008	0.000008	7.585357	73.217667	16.964392	134111.515625	11296.536133	1696.937500	13636.386719
2013	10	36.952297	18.746437	25.770109	-11.182187	0.000004	0.000004	7.564249	63.896130	14.830895	99243.156250	11296.442383	1697.659790	13636.958008
2013	10	41.023388	21.952419	26.508745	-14.514642	0.000005	0.000005	7.437776	65.711151	16.656248	110176.929688	11296.348633	1698.120850	13637.270508
2013	10	38.759872	20.224829	25.808229	-12.951643	0.000005	0.000005	7.273186	65.996727	14.078913	104097.781250	11296.256836	1698.667603	13637.671875
2013	10	34.139416	17.004965	24.112648	-10.026765	0.000004	0.000004	6.978199	63.512875	12.150870	91688.570312	11296.168945	1699.147949	13638.015625
2013	10	36.825413	19.274269	24.313688	-12.511724	0.000005	0.000005	6.762546	68.729172	11.794609	98902.382812	11296.083984	1699.560303	13638.299805
2013	10	35.457939	18.228117	23.821413	-11.636527	0.000004	0.000004	6.591590	57.459488	12.382834	95229.750000	11296.001953	1700.021729	13638.638672
2013	10	38.356918	20.657240	24.128113	-14.228807	0.000005	0.000005	6.428431	65.435684	11.766569	103015.562500	11295.922852	1700.478394	13638.978516
2013	10	33.287342	16.573990	23.064577	-10.222764	0.000004	0.000004	6.351225	45.773857	12.287565	89400.156250	11295.844727	1700.967041	13639.355469
2013	10	33.370090	16.820414	22.779449	-10.590640	0.000004	0.000004	6.229774	61.289242	11.069021	89622.390625	11295.767578	1701.351440	13639.628906
2013	10	26.896547	12.192677	20.681749	-6.214797	0.000002	0.000002	5.977880	52.776413	9.779391	72236.328125	11295.693359	1701.720459	13639.894531
2013	10	28.120138	12.822073	21.325907	-6.794231	0.000003	0.000003	6.027843	39.154549	11.261312	75522.539062	11295.620117	1701.940430	13640.014648
2013	10	30.107704	14.047061	22.140709	-7.966995	0.000003	0.000003	6.080065	32.761219	12.879330	80860.570312	11295.546875	1702.245728	13640.218750
2013	10	30.168833	14.074027	22.153257	-8.015577	0.000003	0.000003	6.058450	38.187077	12.722473	81024.742188	11295.473633	1702.554199	13640.422852
2013	10	30.695007	14.657168	21.965883	-8.729124	0.000003	0.000003	5.928044	43.702751	11.926964	82437.890625	11295.400391	1702.874756	13640.643555
2013	10	27.342470	12.168262	21.009018	-6.333449	0.000002	0.000002	5.834811	38.211674	10.907520	73433.945312	11295.330078	1703.197632	13640.870117
2013	10	31.616879	15.160189	22.258696	-9.358181	0.000003	0.000003	5.802008	41.746250	12.149879	84913.773438	11295.259766	1703.474243	13641.052734
2013	10	34.445873	17.348564	22.798719	-11.647156	0.000004	0.000004	5.701408	49.416634	8.765052	92511.632812	11295.190430	1703.843750	13641.329102
2013	10	48.173565	28.707743	24.796858	-23.376709	0.000009	0.000009	5.331033	23.971142	12.965989	129380.234375	11295.125000	1704.350098	13641.757812
2013	10	34.661091	18.637188	21.150301	-13.510788	0.000005	0.000005	5.126400	53.517017	9.493049	93089.640625	11295.064453	1704.816895	13642.405273
2013	11	27.988655	14.332947	18.519007	-9.469648	0.000004	0.000004	4.863299	52.126442	8.353701	77675.062500	11295.013672	1704.454712	13642.778320
2013	11	22.366545	9.949883	17.581783	-4.784763	0.000002	0.000002	5.165120	45.474026	8.745084	62072.398438	11294.974609	1703.378906	13643.001953
2013	11	20.528057	8.358930	17.812891	-2.715166	0.000001	0.000001	5.643764	30.113228	10.502089	56970.160156	11294.950195	1701.604980	13643.081055
2013	11	20.315212	7.751197	18.929914	-1.385295	0.000001	0.000001	6.365901	53.238121	8.615490	56379.457031	11294.947266	1699.211548	13643.084961
2013	11	22.259432	10.597277	18.067209	-4.192222	0.000002	0.000002	6.405055	52.350479	7.313247	61775.128906	11294.967773	1696.304443	13643.131836
2013	11	34.811832	20.811996	25.509706	-9.302126	0.000004	0.000004	11.509871	42.687428	20.478718	96610.968750	11295.041992	1692.931152	13643.236328
2013	11	22.915745	11.510794	26.625504	3.709759	-0.000001	-0.000001	15.220552	27.095592	24.606575	63596.542969	11295.301758	1689.212646	13643.333984
2013	11	21.003181	9.743114	24.819668	3.816489	-0.000001	-0.000001	13.559604	-7.695071	19.054522	58288.738281	11295.573242	1684.661499	13643.166016
2013	11	13.410444	4.444040	21.453785	8.043341	-0.000003	-0.000003	12.487380	44.536385	10.423589	37217.117188	11295.833008	1679.457275	13642.948242
2013	11	12.677785	5.210016	18.808285	6.130500	-0.000002	-0.000002	11.340515	51.089348	6.583025	35183.816406	11296.073242	1673.565430	13642.658203
2013	11	7.705363	2.087999	17.728420	10.023055	-0.000004	-0.000004	12.111055	45.536015	4.628631	21384.183594	11296.331055	1667.081177	13642.341797
2013	11	5.952017	1.211923	18.339100	12.387082	-0.000005	-0.000005	13.599004	37.710278	3.502150	16518.240234	11296.643555	1659.938477	13641.886719
2013	11	3.037474	-0.452884	18.897276	15.859803	-0.000006	-0.000006	15.406919	38.272575	3.175778	8429.700195	11297.023438	1652.199829	13641.334961
2013	11	0.070798	-2.046338	18.661963	18.591166	-0.000007	-0.000007	16.544827	27.733141	1.913053	196.480026	11297.467773	1644.534424	13640.676758
2013	11	0.000000	-1.967281	18.283604	18.283604	-0.000007	-0.000007	16.316322	20.107288	1.195650	0.000000	11297.928711	1642.781250	13639.976562
2013	11	0.000000	-1.840382	17.240110	17.240110	-0.000007	-0.000007	15.399729	50.663670	0.275224	0.000000	11298.348633	1642.547363	13639.302734
2013	11	0.000000	-1.536419	15.110311	15.110311	-0.000006	-0.000006	13.573892	54.240490	-1.984853	0.000000	11298.708008	1642.316406	13638.679688
2013	11	0.000000	-1.378823	13.297630	13.297630	-0.000005	-0.000005	11.918808	48.622288	0.721708	0.000000	11299.003906	1642.088501	13638.121094
2013	11	0.000000	-1.403737	12.665723	12.665723	-0.000005	-0.000005	11.261987	50.872612	0.779595	0.000000	11299.261719	1641.863647	13637.601562
2013	11	0.000000	-1.401683	12.200674	12.200674	-0.000005	-0.000005	10.798991	50.472790	0.697800	0.000000	11299.497070	1641.641724	13637.101562
2013	11	0.000000	-1.428587	11.770725	11.770725	-0.000005	-0.000005	10.342136	38.128269	0.734933	0.000000	11299.710938	1641.422607	13636.620117
2013	11	0.000000	-1.473619	12.810652	12.810652	-0.000005	-0.000005	11.337032	38.856773	4.225542	0.000000	11299.916016	1641.206055	13636.143555
2013	11	0.000000	-1.366460	40.959915	40.959915	-0.000016	-0.000016	39.593456	38.370728	44.194054	0.000000	11300.527344	1640.992065	13635.171875
2013	11	0.000000	-1.259056	35.236958	35.236958	-0.000014	-0.000014	33.977901	33.465401	24.243259	0.000000	11301.171875	1640.780762	13633.803711
2013	11	0.000000	-1.243646	32.906639	32.906639	-0.000013	-0.000013	31.662992	38.644615	23.562878	0.000000	11301.605469	1640.572144	13632.587891
2013	11	0.000000	-1.162178	28.221710	28.221710	-0.000011	-0.000011	27.059532	35.925220	21.775240	0.000000	11301.922852	1640.366089	13631.499023
2013	11	0.000000	-1.187964	25.708500	25.708500	-0.000010	-0.000010	24.520535	19.155100	31.335608	0.000000	11302.158203	1640.162476	13630.526367
2013	11	0.000000	-1.226922	23.391861	23.391861	-0.000009	-0.000009	22.164938	0.239563	35.119465	0.000000	11302.338867	1639.961426	13629.641602
2013	11	0.000000	-1.336110	23.258654	23.258654	-0.000009	-0.000009	21.922543	5.883220	21.304914	0.000000	11302.483398	1639.762573	13628.804688
2013	11	0.000000	-1.410630	24.117933	24.117933	-0.000009	-0.000009	22.707304	16.763151	11.348556	0.000000	11302.610352	1639.565796	13627.952148
2013	12	0.000000	-1.485402	24.619661	24.619661	-0.000009	-0.000009	23.134260	15.367998	16.070902	0.000000	11302.722656	1639.371094	13627.092773
2013	12	0.000000	-1.333956	22.432869	22.432869	-0.000008	-0.000008	21.098913	40.459568	13.349885	0.000000	11302.812500	1639.178345	13626.280273
2013	12	0.000000	-1.357068	21.407400	21.407400	-0.000008	-0.000008	20.050331	27.990423	15.222486	0.000000	11302.885742	1638.987427	13625.513672
2013	12	0.000000	-1.213276	19.212362	19.212362	-0.000007	-0.000007	17.999088	42.107491	15.489022	0.000000	11302.944336	1638.798584	13624.797852
2013	12	0.000000	-1.181182	18.597345	18.597345	-0.000007	-0.000007	17.416164	34.169682	18.020626	0.000000	11302.988281	1638.611572	13624.133789
2013	12	0.000000	-1.094734	20.461182	20.461182	-0.000008	-0.000008	19.366446	45.261723	25.102629	0.000000	11303.040039	1638.426636	13623.438477
2013	12	0.000000	-0.979161	17.299894	17.299894	-0.000006	-0.000006	16.320734	53.436954	13.780601	0.000000	11303.087891	1638.243774	13622.774414
2013	12	0.000000	-0.989732	16.496679	16.496679	-0.000006	-0.000006	15.506948	46.854755	14.403411	0.000000	11303.122070	1638.062866	13622.171875
2013	12	0.000000	-1.084258	17.863266	17.863266	-0.000007	-0.000007	16.779009	29.156078	21.228676	0.000000	11303.154297	1637.883911	13621.566406
2013	12	0.000000	-1.020268	16.789383	16.789383	-0.000006	-0.000006	15.769114	38.697327	7.952556	0.000000	11303.188477	1637.706665	13620.948242
2013	12	0.000000	-1.159329	18.401516	18.401516	-0.000007	-0.000007	17.242188	27.578064	10.297827	0.000000	11303.217773	1637.531250	13620.334961
2013	12	0.000000	-1.241658	18.514025	18.514025	-0.000007	-0.000007	17.272367	18.279520	13.240763	0.000000	11303.247070	1637.357422	13619.692383
2013	12	0.000000	-1.305892	20.810505	20.810505	-0.000008	-0.000008	19.504612	32.038311	17.596415	0.000000	11303.272461	1637.185059	13619.023438
2013	12	0.000000	-1.159705	21.914709	21.914709	-0.000008	-0.000008	20.755005	46.646835	17.099352	0.000000	11303.308594	1637.013916	13618.272461
2013	12	0.000000	-1.128399	19.681480	19.681480	-0.000007	-0.000007	18.553082	38.231960	12.044237	0.000000	11303.335938	1636.844360	13617.575195
2013	12	0.000000	-1.265598	19.693331	19.693331	-0.000007	-0.000007	18.427732	10.416912	19.039650	0.000000	11303.357422	1636.676270	13616.897461
2013	12	0.000000	-1.437995	19.791603	19.791603	-0.000007	-0.000007	18.353609	-14.337811	16.740234	0.000000	11303.371094	1636.509277	13616.228516
2013	12	0.000000	-1.517679	22.917480	22.917480	-0.000009	-0.000009	21.399803	2.166069	20.105419	0.000000	11303.378906	1636.343140	13615.511719
2013	12	0.000000	-1.393801	23.326605	23.326605	-0.000009	-0.000009	21.932804	12.768785	16.059763	0.000000	11303.396484	1636.178101	13614.729492
2013	12	0.000000	-1.273751	21.178709	21.178709	-0.000008	-0.000008	19.904957	38.742050	21.660620	0.000000	11303.408203	1636.014038	13613.969727
2013	12	0.000000	-1.154570	22.170433	22.170433	-0.000008	-0.000008	21.015863	17.915989	24.257759	0.000000	11303.413086	1635.851196	13613.261719
2013	12	0.000000	-1.077966	24.795893	24.795893	-0.000009	-0.000009	23.717926	34.316311	20.448629	0.000000	11303.424805	1635.689575	13612.440430
2013	12	0.000000	-1.105284	24.308210	24.308210	-0.000009	-0.000009	23.202925	31.039246	16.455891	0.000000	11303.427734	1635.529053	13611.630859
2013	12	0.000000	-1.089949	22.691111	22.691111	-0.000008	-0.000008	21.601164	26.253870	19.494625	0.000000	11303.426758	1635.369873	13610.838867
2013	12	0.000000	-1.193298	22.815578	22.815578	-0.000009	-0.000009	21.622282	6.271707	16.346586	0.000000	11303.420898	1635.211792	13610.077148
2013	12	0.000000	-1.278079	23.957281	23.957281	-0.000009	-0.000009	22.679201	16.619007	18.332352	0.000000	11303.411133	1635.054565	13609.289062
2013	12	0.000000	-1.312515	23.330637	23.330637	-0.000009	-0.000009	22.018122	7.942890	25.158117	0.000000	11303.397461	1634.898193	13608.499023
2013	12	0.000000	-1.358802	23.503887	23.503887	-0.000009	-0.000009	22.145084	18.366552	19.419502	0.000000	11303.378906	1634.742676	13607.721680
2013	12	0.000000	-1.319016	22.618368	22.618368	-0.000008	-0.000008	21.299353	21.248461	16.941313	0.000000	11303.357422	1634.587891	13606.957031
2013	12	0.000000	-1.230125	21.874651	21.874651	-0.000008	-0.000008	20.644526	40.181953	14.780039	0.000000	11303.333984	1634.433960	13606.210938
2013	12	0.000000	-1.196439	20.719494	20.719494	-0.000008	-0.000008	19.523056	34.135025	11.177209	0.000000	11303.308594	1634.280762	13605.505859
2014	01	0.000000	-1.232569	19.977846	19.977846	-0.000007	-0.000007	18.745277	15.823895	17.520378	0.000000	11303.283203	1634.128418	13604.827148
2014	01	0.000000	-1.169341	18.751556	18.751556	-0.000007	-0.000007	17.582216	17.204092	14.526831	0.000000	11303.255859	1633.976929	13604.175781
2014	01	0.000000	-1.243652	18.068783	18.068783	-0.000007	-0.000007	16.825130	0.190134	22.243259	0.000000	11303.226562	1633.826050	13603.557617
2014	01	0.000000	-1.340821	17.813618	17.813618	-0.000007	-0.000007	16.472797	-1.427334	15.264373	0.000000	11303.191406	1633.676025	13602.964844
2014	01	0.000000	-1.279795	17.506041	17.506041	-0.000007	-0.000007	16.226246	17.523354	13.673249	0.000000	11303.150391	1633.526489	13602.367188
2014	01	0.000000	-1.160223	16.075340	16.075340	-0.000006	-0.000006	14.915117	21.767258	7.859311	0.000000	11303.108398	1633.377563	13601.813477
2014	01	0.000000	-1.167765	15.489326	15.489326	-0.000006	-0.000006	14.321560	15.349500	13.314386	0.000000	11303.067383	1633.229492	13601.277344
2014	01	0.000000	-1.197193	14.680958	14.680958	-0.000005	-0.000005	13.483765	4.689436	9.354375	0.000000	11303.024414	1633.082031	13600.779297
2014	01	0.000000	-1.166336	14.751924	14.751924	-0.000006	-0.000006	13.585587	23.778004	7.624948	0.000000	11302.979492	1632.935181	13600.279297
2014	01	0.000000	-1.079820	13.790338	13.790338	-0.000005	-0.000005	12.710518	27.063454	6.657586	0.000000	11302.934570	1632.789185	13599.801758
2014	01	0.000000	-1.024071	13.305117	13.305117	-0.000005	-0.000005	12.281044	33.151958	5.595689	0.000000	11302.891602	1632.643799	13599.341797
2014	01	0.000000	-1.094464	13.429892	13.429892	-0.000005	-0.000005	12.335427	21.293219	5.097871	0.000000	11302.850586	1632.499268	13598.894531
2014	01	0.000000	-1.144788	13.721634	13.721634	-0.000005	-0.000005	12.576846	21.906300	7.477736	0.000000	11302.808594	1632.355225	13598.434570
2014	01	0.000000	-1.113940	13.381991	13.381991	-0.000005	-0.000005	12.268052	24.974949	4.903354	0.000000	11302.763672	1632.211914	13597.981445
2014	01	0.000000	-1.183432	13.473467	13.473467	-0.000005	-0.000005	12.290035	13.280381	5.945189	0.000000	11302.717773	1632.069092	13597.532227
2014	01	0.000000	-1.330437	14.003214	14.003214	-0.000005	-0.000005	12.672777	-7.768834	5.986957	0.000000	11302.668945	1631.926758	13597.077148
2014	01	0.000000	-1.247802	13.885158	13.885158	-0.000005	-0.000005	12.637357	20.411371	4.845098	0.000000	11302.615234	1631.784790	13596.614258
2014	01	0.000000	-1.292271	13.663467	13.663467	-0.000005	-0.000005	12.371198	6.007687	7.248310	0.000000	11302.559570	1631.643188	13596.155273
2014	01	0.000000	-1.239596	12.988762	12.988762	-0.000005	-0.000005	11.749166	11.052539	4.251286	0.000000	11302.500000	1631.501953	13595.717773
2014	01	0.000000	-1.299441	13.320972	13.320972	-0.000005	-0.000005	12.021531	9.580163	4.107842	0.000000	11302.439453	1631.361084	13595.283203
2014	01	0.000000	-1.283211	13.534369	13.534369	-0.000005	-0.000005	12.251157	28.486677	4.283409	0.000000	11302.376953	1631.220581	13594.840820
2014	01	0.000000	-1.263840	13.356240	13.356240	-0.000005	-0.000005	12.092400	27.401209	3.627961	0.000000	11302.312500	1631.080444	13594.397461
2014	01	0.000000	-1.313287	13.379500	13.379500	-0.000005	-0.000005	12.066213	24.525331	5.184723	0.000000	11302.247070	1630.940552	13593.955078
2014	01	0.000000	-1.276146	13.002212	13.002212	-0.000005	-0.000005	11.726068	33.218208	4.565571	0.000000	11302.177734	1630.801025	13593.518555
2014	01	0.000000	-1.236387	12.478820	12.478820	-0.000005	-0.000005	11.242433	45.400429	4.773367	0.000000	11302.106445	1630.661743	13593.096680
2014	01	0.000000	-1.351777	12.503947	12.503947	-0.000005	-0.000005	11.152169	14.706832	3.224411	0.000000	11302.033203	1630.522705	13592.692383
2014	01	0.000000	-1.290056	12.688658	12.688658	-0.000005	-0.000005	11.398602	40.521690	3.966954	0.000000	11301.956055	1630.384033	13592.273438
2014	01	0.000000	-1.212970	12.095744	12.095744	-0.000005	-0.000005	10.882773	47.255390	3.480529	0.000000	11301.878906	1630.245605	13591.867188
2014	01	0.000000	-1.178313	11.773105	11.773105	-0.000004	-0.000004	10.594791	48.576687	3.149904	0.000000	11301.803711	1630.107422	13591.471680
2014	01	0.000000	-1.212241	11.636116	11.636116	-0.000004	-0.000004	10.423874	37.295601	2.778159	0.000000	11301.729492	1629.969727	13591.086914
2014	01	0.000000	-1.418739	12.593434	12.593434	-0.000005	-0.000005	11.174697	35.470142	4.930723	0.000000	11301.652344	1629.832275	13590.690430
2014	02	0.000000	-1.234295	11.361726	11.361726	-0.000005	-0.000005	10.127431	35.674587	4.666254	0.000000	11301.568359	1629.694824	13590.276367
2014	02	0.000000	-1.140761	11.053049	11.053049	-0.000005	-0.000005	9.912289	51.027802	1.484712	0.000000	11301.485352	1629.557495	13589.869141
2014	02	0.000000	-0.929719	9.715345	9.715345	-0.000004	-0.000004	8.785626	53.726982	1.524033	0.000000	11301.408203	1629.420654	13589.489258
2014	02	0.000000	-0.978864	9.600974	9.600974	-0.000004	-0.000004	8.622109	47.310368	2.339390	0.000000	11301.336914	1629.284180	13589.131836
2014	02	0.000000	-0.950011	9.431757	9.431757	-0.000004	-0.000004	8.481746	52.386280	1.695129	0.000000	11301.265625	1629.148193	13588.779297
2014	02	0.000000	-0.930329	9.272213	9.272213	-0.000004	-0.000004	8.341883	53.231071	2.103927	0.000000	11301.195312	1629.012573	13588.433594
2014	02	0.000000	-0.878677	8.922126	8.922126	-0.000004	-0.000004	8.043447	58.983013	2.357625	0.000000	11301.127930	1628.877441	13588.095703
2014	02	0.000000	-0.935201	9.058386	9.058386	-0.000004	-0.000004	8.123185	51.819134	2.214707	0.000000	11301.062500	1628.742798	13587.763672
2014	02	0.000000	-1.015962	9.436224	9.436224	-0.000004	-0.000004	8.420261	36.234371	1.808365	0.000000	11300.994141	1628.608521	13587.424805
2014	02	0.000000	-1.125335	10.181319	10.181319	-0.000004	-0.000004	9.055985	40.946301	2.890903	0.000000	11300.922852	1628.474487	13587.065430
2014	02	0.000000	-1.094744	10.174646	10.174646	-0.000004	-0.000004	9.079902	52.516285	2.605303	0.000000	11300.846680	1628.340576	13586.696289
2014	02	0.000000	-1.082605	9.987850	9.987850	-0.000004	-0.000004	8.905246	42.949310	2.363116	0.000000	11300.769531	1628.206909	13586.332031
2014	02	0.000000	-1.173373	10.280478	10.280478	-0.000004	-0.000004	9.107105	35.022335	2.760154	0.000000	11300.691406	1628.073364	13585.966797
2014	02	0.000000	-1.189271	10.571342	10.571342	-0.000004	-0.000004	9.382070	45.785851	2.717674	0.000000	11300.608398	1627.939941	13585.592773
2014	02	0.000000	-1.254474	10.932540	10.932540	-0.000005	-0.000005	9.678065	41.390739	2.285598	0.000000	11300.522461	1627.806641	13585.208008
2014	02	0.000000	-1.312306	11.326930	11.326930	-0.000005	-0.000005	10.014624	44.515724	3.000427	0.000000	11300.431641	1627.673218	13584.811523
2014	02	0.000000	-1.272694	11.287686	11.287686	-0.000005	-0.000005	10.014993	50.694996	2.897910	0.000000	11300.337891	1627.539673	13584.407227
2014	02	0.000000	-1.251759	11.156388	11.156388	-0.000005	-0.000005	9.904629	51.715786	2.458455	0.000000	11300.245117	1627.406128	13584.008789
2014	02	0.000000	-1.257312	11.187092	11.187092	-0.000005	-0.000005	9.929780	53.099033	2.551259	0.000000	11300.150391	1627.272583	13583.608398
2014	02	0.000000	-1.139508	10.578253	10.578253	-0.000004	-0.000004	9.438746	64.028435	2.655586	0.000000	11300.058594	1627.139160	13583.216797
2014	02	0.000000	-1.162408	10.502975	10.502975	-0.000004	-0.000004	9.340567	49.215851	1.800722	0.000000	11299.968750	1627.005737	13582.839844
2014	02	0.000000	-1.284290	10.917039	10.917039	-0.000005	-0.000005	9.632750	41.216221	2.344151	0.000000	11299.877930	1626.872437	13582.458008
2014	02	0.000000	-1.339107	11.537119	11.537119	-0.000005	-0.000005	10.198011	60.481770	2.509415	0.000000	11299.780273	1626.739014	13582.057617
2014	02	0.000000	-1.228331	11.125732	11.125732	-0.000005	-0.000005	9.897402	69.857376	2.012110	0.000000	11299.681641	1626.605469	13581.654297
2014	02	0.000000	-1.188114	10.857179	10.857179	-0.000004	-0.000004	9.669065	64.769768	1.706436	0.000000	11299.584961	1626.472046	13581.261719
2014	02	0.000000	-1.195202	10.833549	10.833549	-0.000004	-0.000004	9.638348	68.757019	1.975201	0.000000	11299.488281	1626.338745	13580.872070
2014	02	0.000000	-1.203062	10.874853	10.874853	-0.000004	-0.000004	9.671791	67.990013	1.692035	0.000000	11299.390625	1626.205444	13580.483398
2014	02	0.000000	-1.148981	10.568147	10.568147	-0.000004	-0.000004	9.419165	80.168427	2.165676	0.000000	11299.293945	1626.072144	13580.096680
2014	03	0.000000	-1.402388	12.040493	12.040493	-0.000004	-0.000004	10.638105	59.437618	2.108714	0.000000	11299.197266	1625.938965	13579.713867
2014	03	0.000000	-1.210254	16.646511	16.646511	-0.000006	-0.000006	15.436257	30.142841	44.992016	0.000000	11299.113281	1625.805786	13579.296875
2014	03	0.000000	-1.108267	24.154350	24.154350	-0.000009	-0.000009	23.046083	47.122959	34.434925	0.000000	11299.102539	1625.672852	13578.584961
2014	03	0.000000	-1.190947	22.819872	22.819872	-0.000009	-0.000009	21.628927	44.201431	33.203388	0.000000	11299.064453	1625.540161	13577.835938
2014	03	0.000000	-1.225291	21.282778	21.282778	-0.000008	-0.000008	20.057486	47.889545	34.759750	0.000000	11299.003906	1625.407593	13577.113281
2014	03	0.000000	-1.318727	20.623194	20.623194	-0.000008	-0.000008	19.304466	49.516869	26.820593	0.000000	11298.926758	1625.275269	13576.436523
2014	03	0.000000	-1.413612	19.507856	19.507856	-0.000007	-0.000007	18.094244	45.296711	26.010794	0.000000	11298.834961	1625.142822	13575.785156
2014	03	0.000000	-1.402452	18.070810	18.070810	-0.000007	-0.000007	16.668360	60.486748	15.837472	0.000000	11298.726562	1625.010376	13575.178711
2014	03	0.000000	-1.294176	21.342751	21.342751	-0.000008	-0.000008	20.048576	52.863472	41.257626	0.000000	11298.616211	1624.877808	13574.580078
2014	03	0.000000	-1.282833	22.195789	22.195789	-0.000008	-0.000008	20.912954	50.690083	40.346947	0.000000	11298.531250	1624.745361	13573.837891
2014	03	0.000000	-1.353027	19.968803	19.968803	-0.000007	-0.000007	18.615776	51.087811	33.484844	0.000000	11298.432617	1624.612915	13573.161133
2014	03	0.000000	-1.296110	17.741116	17.741116	-0.000007	-0.000007	16.445005	71.580048	20.020929	0.000000	11298.322266	1624.480591	13572.548828
2014	03	0.000000	-1.251231	16.813454	16.813454	-0.000006	-0.000006	15.562222	72.475868	10.848315	0.000000	11298.206055	1624.348267	13571.996094
2014	03	0.000000	-1.355046	16.816553	16.816553	-0.000006	-0.000006	15.461507	66.800003	12.128062	0.000000	11298.086914	1624.216064	13571.446289
2014	03	0.000000	-1.265607	15.695273	15.695273	-0.000006	-0.000006	14.429666	90.111839	9.755701	0.000000	11297.964844	1624.083862	13570.919922
2014	03	0.000000	-1.275724	15.051746	15.051746	-0.000006	-0.000006	13.776023	101.233414	9.919918	0.000000	11297.839844	1623.951782	13570.417969
2014	03	0.000000	-1.267535	14.133020	14.133020	-0.000005	-0.000005	12.865486	81.481384	7.036430	0.000000	11297.715820	1623.819702	13569.952148
2014	03	0.000000	-1.373262	14.221424	14.221424	-0.000005	-0.000005	12.848161	84.746628	8.693543	0.000000	11297.587891	1623.687744	13569.493164
2014	03	0.000000	-1.400307	14.086342	14.086342	-0.000005	-0.000005	12.686035	80.647362	6.327779	0.000000	11297.451172	1623.555664	13569.034180
2014	03	0.000000	-1.291065	13.621640	13.621640	-0.000005	-0.000005	12.330575	93.137672	4.184301	0.000000	11297.314453	1623.423584	13568.589844
2014	03	0.000000	-1.308048	13.634194	13.634194	-0.000005	-0.000005	12.326146	98.136108	4.915454	0.000000	11297.179688	1623.291626	13568.149414
2014	03	0.000000	-1.306700	13.579701	13.579701	-0.000005	-0.000005	12.273002	108.221016	5.258117	0.000000	11297.042969	1623.159546	13567.707031
2014	03	0.000000	-1.286445	13.186358	13.186358	-0.000005	-0.000005	11.899914	105.870316	4.954551	0.000000	11296.908203	1623.027710	13567.275391
2014	03	0.000000	-1.282817	13.136720	13.136720	-0.000005	-0.000005	11.853903	102.472763	3.927807	0.000000	11296.776367	1622.895752	13566.852539
2014	03	0.000000	-1.314447	13.367310	13.367310	-0.000005	-0.000005	12.052861	103.854004	4.083738	0.000000	11296.641602	1622.763916	13566.421875
2014	03	0.000000	-1.390148	13.573768	13.573768	-0.000005	-0.000005	12.183618	96.840034	4.581984	0.000000	11296.504883	1622.632202	13565.989258
2014	03	0.000000	-1.281075	13.030077	13.030077	-0.000005	-0.000005	11.749002	116.155807	4.283734	0.000000	11296.366211	1622.500244	13565.553711
2014	03	0.000000	-1.180455	12.819602	12.819602	-0.000005	-0.000005	11.639146	118.738792	7.647637	0.000000	11296.239258	1622.368530	13565.140625
2014	03	0.000000	-1.133339	12.147450	12.147450	-0.000005	-0.000005	11.014112	118.507011	4.794445	0.000000	11296.119141	1622.236938	13564.732422
2014	03	0.000000	-1.357158	12.891581	12.891581	-0.000005	-0.000005	11.534422	99.276627	5.347895	0.000000	11295.993164	1622.105469	13564.328125
2014	03	0.000000	-1.355190	13.176791	13.176791	-0.000005	-0.000005	11.821601	123.161156	5.017048	0.000000	11295.856445	1621.973999	13563.904297
2014	04	0.000000	-1.282816	12.648010	12.648010	-0.000005	-0.000005	11.365195	124.492012	3.586693	0.000000	11295.718750	1621.842529	13563.480469
2014	04	0.000000	-1.164381	11.824354	11.824354	-0.000005	-0.000005	10.659973	116.340683	3.211931	0.000000	11295.584961	1621.711060	13563.069336
2014	04	0.000000	-1.051041	12.071045	12.071045	-0.000005	-0.000005	11.020004	114.962173	13.671150	0.000000	11295.464844	1621.579712	13562.673828
2014	04	0.000000	-1.038052	11.628807	11.628807	-0.000004	-0.000004	10.590755	106.312256	5.278539	0.000000	11295.360352	1621.448730	13562.269531
2014	04	0.000000	-1.162352	11.542537	11.542537	-0.000004	-0.000004	10.380185	106.659103	6.553441	0.000000	11295.248047	1621.317871	13561.875977
2014	04	0.000000	-1.110670	11.099220	11.099220	-0.000004	-0.000004	9.988550	116.300735	4.086673	0.000000	11295.126953	1621.187256	13561.490234
2014	04	0.000000	-1.152655	11.419504	11.419504	-0.000004	-0.000004	10.266850	115.018951	5.964391	0.000000	11295.006836	1621.056641	13561.114258
2014	04	0.000000	-1.207647	11.491983	11.491983	-0.000004	-0.000004	10.284337	114.401451	4.830350	0.000000	11294.884766	1620.926270	13560.731445
2014	04	0.000000	-1.408270	12.423173	12.423173	-0.000005	-0.000005	11.014902	84.407417	3.768945	0.000000	11294.755859	1620.795776	13560.338867
2014	04	0.000000	-1.467388	12.966051	12.966051	-0.000005	-0.000005	11.498664	92.300514	4.024698	0.000000	11294.614258	1620.665161	13559.917969
2014	04	0.000000	-1.574986	13.556418	13.556418	-0.000005	-0.000005	11.981432	98.244064	4.020959	0.000000	11294.466797	1620.534302	13559.484375
2014	04	0.000000	-1.598665	13.858665	13.858665	-0.000005	-0.000005	12.259999	85.951416	2.945991	0.000000	11294.312500	1620.402954	13559.033203
2014	04	0.000000	-1.432971	13.168243	13.168243	-0.000005	-0.000005	11.735273	101.564514	2.366599	0.000000	11294.159180	1620.271362	13558.588867
2014	04	0.000000	-1.194002	11.974325	11.974325	-0.000005	-0.000005	10.780323	134.454773	1.690069	0.000000	11294.016602	1620.139771	13558.172852
2014	04	0.000000	-1.165670	11.525174	11.525174	-0.000004	-0.000004	10.359504	128.490463	1.958835	0.000000	11293.883789	1620.008301	13557.781250
2014	04	0.000000	-1.395559	12.406811	12.406811	-0.000005	-0.000005	11.011251	107.981316	2.477335	0.000000	11293.749023	1619.876831	13557.385742
2014	04	0.000000	-1.408068	12.790978	12.790978	-0.000005	-0.000005	11.382910	121.903381	2.612435	0.000000	11293.603516	1619.745239	13556.964844
2014	04	0.000000	-1.389007	12.750656	12.750656	-0.000005	-0.000005	11.361649	109.666710	1.926270	0.000000	11293.458008	1619.613647	13556.544922
2014	04	0.000000	-1.520694	13.389024	13.389024	-0.000005	-0.000005	11.868329	112.563683	2.425417	0.000000	11293.307617	1619.481812	13556.114258
2014	04	0.000000	-1.500114	13.593059	13.593059	-0.000005	-0.000005	12.092945	117.800690	1.938628	0.000000	11293.150391	1619.349609	13555.669922
2014	04	0.000000	-1.462073	13.526112	13.526112	-0.000005	-0.000005	12.064039	127.445503	2.048802	0.000000	11292.991211	1619.217407	13555.222656
2014	04	0.000000	-1.468849	13.486382	13.486382	-0.000005	-0.000005	12.017531	122.591820	1.942279	0.000000	11292.833008	1619.084961	13554.780273
2014	04	0.000000	-1.469501	13.469598	13.469598	-0.000005	-0.000005	12.000096	136.872879	2.392748	0.000000	11292.672852	1618.952271	13554.332031
2014	04	0.000000	-1.329716	12.738607	12.738607	-0.000005	-0.000005	11.408891	139.182602	1.305463	0.000000	11292.517578	1618.819580	13553.898438
2014	04	0.000000	-1.290596	12.342849	12.342849	-0.000005	-0.000005	11.052253	131.972076	1.765717	0.000000	11292.370117	1618.686890	13553.484375
2014	04	0.000000	-1.309218	12.351427	12.351427	-0.000005	-0.000005	11.042209	144.422165	2.067488	0.000000	11292.221680	1618.554199	13553.068359
2014	04	0.000000	-1.166890	11.463838	11.463838	-0.000004	-0.000004	10.296947	147.142181	1.735638	0.000000	11292.078125	1618.421631	13552.664062
2014	04	0.000000	-1.106999	10.742488	10.742488	-0.000004	-0.000004	9.635488	147.719254	2.889642	0.000000	11291.949219	1618.289185	13552.295898
2014	04	0.000000	-1.247791	11.399870	11.399870	-0.000004	-0.000004	10.152079	134.808243	2.608834	0.000000	11291.818359	1618.156982	13551.924805
2014	04	0.000000	-1.362619	12.068765	12.068765	-0.000005	-0.000005	10.706145	136.413971	2.791094	0.000000	11291.677734	1618.024780	13551.531250
2014	05	0.000000	-1.366965	12.494535	12.494535	-0.000005	-0.000005	11.127571	123.139381	1.900946	0.000000	11291.534180	1617.892578	13551.129883
2014	05	0.000000	-1.434376	12.754559	12.754559	-0.000005	-0.000005	11.320183	117.908890	1.921665	0.000000	11291.387695	1617.760254	13550.724609
2014	05	0.000000	-1.542303	13.211171	13.211171	-0.000005	-0.000005	11.668868	109.035217	2.147926	0.000000	11291.236328	1617.627930	13550.309570
2014	05	0.000000	-1.505602	13.204917	13.204917	-0.000005	-0.000005	11.699315	117.248680	1.751121	0.000000	11291.082031	1617.495361	13549.888672
2014	05	0.000000	-1.616737	13.708634	13.708634	-0.000005	-0.000005	12.091898	119.709862	1.996996	0.000000	11290.923828	1617.362671	13549.458984
2014	05	0.000000	-1.532847	13.507394	13.507394	-0.000005	-0.000005	11.974546	130.033234	1.705212	0.000000	11290.762695	1617.229614	13549.025391
2014	05	0.000000	-1.357705	12.751204	12.751204	-0.000005	-0.000005	11.393498	161.161575	1.623483	0.000000	11290.604492	1617.096436	13548.599609
2014	05	0.000000	-1.128348	11.387666	11.387666	-0.000004	-0.000004	10.259318	168.843170	-1.407824	0.000000	11290.460938	1616.963501	13548.208984
2014	05	0.000000	-1.125444	11.016536	11.016536	-0.000004	-0.000004	9.891092	146.485641	1.684524	0.000000	11290.330078	1616.830811	13547.844727
2014	05	0.000000	-1.272921	11.637502	11.637502	-0.000004	-0.000004	10.364582	142.537109	2.029786	0.000000	11290.195312	1616.698364	13547.473633
2014	05	0.000000	-1.309241	11.782494	11.782494	-0.000004	-0.000004	10.473251	146.418198	2.013892	0.000000	11290.055664	1616.565918	13547.091797
2014	05	0.000000	-1.292729	11.701478	11.701478	-0.000004	-0.000004	10.408750	154.216202	1.834647	0.000000	11289.915039	1616.433594	13546.709961
2014	05	0.000000	-1.326074	11.751799	11.751799	-0.000004	-0.000004	10.425726	132.148087	1.544587	0.000000	11289.777344	1616.301392	13546.334961
2014	05	0.000000	-1.627905	13.023971	13.023971	-0.000005	-0.000005	11.396066	107.239273	1.924558	0.000000	11289.630859	1616.169067	13545.940430
2014	05	0.000000	-1.951189	14.743320	14.743320	-0.000006	-0.000006	12.792130	101.779190	2.063112	0.000000	11289.464844	1616.036377	13545.504883
2014	05	0.000000	-2.070434	15.775203	15.775203	-0.000006	-0.000006	13.704767	105.219528	1.883623	0.000000	11289.281250	1615.902954	13545.031250
2014	05	0.000000	-1.900334	15.380169	15.380169	-0.000006	-0.000006	13.479835	123.183159	1.814622	0.000000	11289.090820	1615.768799	13544.543945
2014	05	0.000000	-1.889609	15.217339	15.217339	-0.000006	-0.000006	13.327730	123.700432	1.628330	0.000000	11288.903320	1615.634277	13544.065430
2014	05	0.000000	-1.740746	14.835932	14.835932	-0.000006	-0.000006	13.095186	140.687744	1.429212	0.000000	11288.716797	1615.499268	13543.588867
2014	05	0.000000	-1.522069	13.647309	13.647309	-0.000005	-0.000005	12.125240	143.827286	1.161480	0.000000	11288.541016	1615.364014	13543.137695
2014	05	0.000000	-1.371356	12.829176	12.829176	-0.000005	-0.000005	11.457820	155.599716	1.060328	0.000000	11288.375977	1615.228760	13542.709961
2014	05	0.000000	-1.292346	12.144694	12.144694	-0.000005	-0.000005	10.852349	156.528320	1.026004	0.000000	11288.221680	1615.093628	13542.305664
2014	05	0.000000	-1.283694	11.946053	11.946053	-0.000004	-0.000004	10.662360	152.052689	1.022036	0.000000	11288.073242	1614.958740	13541.913086
2014	05	0.000000	-1.302790	12.054084	12.054084	-0.000005	-0.000005	10.751293	152.296982	0.147071	0.000000	11287.923828	1614.823975	13541.522461
2014	05	0.000000	-1.386947	12.307276	12.307276	-0.000005	-0.000005	10.920329	140.439804	1.234505	0.000000	11287.773438	1614.689331	13541.127930
2014	05	0.000000	-1.529632	13.039786	13.039786	-0.000005	-0.000005	11.510155	132.120239	1.122044	0.000000	11287.616211	1614.554688	13540.720703
2014	05	0.000000	-1.654985	13.711874	13.711874	-0.000005	-0.000005	12.056890	131.100128	1.787404	0.000000	11287.450195	1614.419922	13540.293945
2014	05	0.000000	-1.695455	14.052625	14.052625	-0.000005	-0.000005	12.357169	131.527405	1.697863	0.000000	11287.275391	1614.284912	13539.851562
2014	05	0.000000	-1.700146	14.142985	14.142985	-0.000005	-0.000005	12.442839	123.579865	1.405638	0.000000	11287.099609	1614.149658	13539.406250
2014	05	0.000000	-1.829206	14.874550	14.874550	-0.000006	-0.000006	13.045343	134.258575	1.473946	0.000000	11286.916016	1614.014038	13538.946289
2014	05	0.000000	-1.744894	14.623896	14.623896	-0.000005	-0.000005	12.879001	137.886292	1.360843	0.000000	11286.728516	1613.878052	13538.480469
2014	06	0.000000	-1.650462	13.958032	13.958032	-0.000005	-0.000005	12.307569	128.482224	0.519758	0.000000	11286.543945	1613.741943	13538.020508
2014	06	0.000000	-1.850714	14.586149	14.586149	-0.000006	-0.000006	12.735435	103.468399	1.531639	0.000000	11286.356445	1613.605347	13537.554688
2014	06	0.000000	-1.907445	14.934310	14.934310	-0.000006	-0.000006	13.026864	101.842224	1.420982	0.000000	11286.163086	1613.468384	13537.077148
2014	06	0.000000	-1.902134	15.056497	15.056497	-0.000006	-0.000006	13.154363	108.312630	1.400314	0.000000	11285.963867	1613.330933	13536.589844
2014	06	0.000000	-1.875913	14.898914	14.898914	-0.000006	-0.000006	13.023002	113.428383	1.394538	0.000000	11285.765625	1613.192993	13536.104492
2014	06	0.000000	-1.903748	15.005919	15.005919	-0.000006	-0.000006	13.102172	108.891190	1.247379	0.000000	11285.567383	1613.054688	13535.619141
2014	06	0.000000	-1.725310	14.416532	14.416532	-0.000006	-0.000006	12.691220	118.445114	1.094260	0.000000	11285.370117	1612.915894	13535.135742
2014	06	0.000000	-1.640544	13.815205	13.815205	-0.000005	-0.000005	12.174662	107.520554	0.903492	0.000000	11285.182617	1612.776978	13534.674805
2014	06	0.000000	-1.720813	14.116962	14.116962	-0.000005	-0.000005	12.396150	112.304207	0.520375	0.000000	11284.995117	1612.637939	13534.213867
2014	06	0.000000	-1.861462	14.721891	14.721891	-0.000006	-0.000006	12.860430	107.765671	1.242712	0.000000	11284.801758	1612.498657	13533.743164
2014	06	0.000000	-1.939999	15.227245	15.227245	-0.000006	-0.000006	13.287246	107.808517	1.085244	0.000000	11284.600586	1612.358887	13533.255859
2014	06	0.000000	-2.015696	15.691136	15.691136	-0.000006	-0.000006	13.675440	114.797813	0.717361	0.000000	11284.391602	1612.218750	13532.752930
2014	06	0.000000	-1.789487	14.802295	14.802295	-0.000006	-0.000006	13.012808	116.515465	1.473550	0.000000	11284.183594	1612.078125	13532.254883
2014	06	0.000000	-1.720157	14.276004	14.276004	-0.000006	-0.000006	12.555847	124.131744	1.285868	0.000000	11283.985352	1611.937256	13531.775391
2014	06	0.000000	-1.582390	13.541603	13.541603	-0.000005	-0.000005	11.959214	126.232323	1.004052	0.000000	11283.795898	1611.796387	13531.313477
2014	06	0.000000	-1.514498	13.046294	13.046294	-0.000005	-0.000005	11.531796	127.326233	0.695850	0.000000	11283.615234	1611.655518	13530.871094
2014	06	0.000000	-1.519682	12.855885	12.855885	-0.000005	-0.000005	11.336204	127.584648	1.064905	0.000000	11283.438477	1611.514648	13530.436523
2014	06	0.000000	-1.515832	12.751222	12.751222	-0.000005	-0.000005	11.235391	131.684189	-0.029050	0.000000	11283.264648	1611.373901	13530.008789
2014	06	0.000000	-1.468200	12.402369	12.402369	-0.000005	-0.000005	10.934169	122.821495	1.360681	0.000000	11283.092773	1611.233276	13529.586914
2014	06	0.000000	-1.473333	12.396431	12.396431	-0.000005	-0.000005	10.923099	114.659378	0.620825	0.000000	11282.925781	1611.092773	13529.173828
2014	06	0.000000	-1.707802	13.312878	13.312878	-0.000005	-0.000005	11.605076	106.642677	1.374901	0.000000	11282.751953	1610.952271	13528.747070
2014	06	0.000000	-1.850203	14.145769	14.145769	-0.000005	-0.000005	12.295566	106.061935	1.355905	0.000000	11282.564453	1610.811646	13528.294922
2014	06	0.000000	-1.826923	14.264805	14.264805	-0.000006	-0.000006	12.437882	115.453918	1.265415	0.000000	11282.369141	1610.670654	13527.827148
2014	06	0.000000	-1.691132	13.785507	13.785507	-0.000005	-0.000005	12.094375	113.843529	0.991644	0.000000	11282.175781	1610.529419	13527.365234
2014	06	0.000000	-1.713591	13.861692	13.861692	-0.000005	-0.000005	12.148102	118.041893	0.634983	0.000000	11281.985352	1610.388062	13526.909180
2014	06	0.000000	-1.710338	13.897983	13.897983	-0.000005	-0.000005	12.187645	114.617615	1.023853	0.000000	11281.792969	1610.246582	13526.449219
2014	06	0.000000	-1.714596	13.866169	13.866169	-0.000005	-0.000005	12.151574	126.361397	1.098894	0.000000	11281.599609	1610.105103	13525.989258
2014	06	0.000000	-1.662065	13.637475	13.637475	-0.000005	-0.000005	11.975409	117.183441	0.109956	0.000000	11281.409180	1609.963379	13525.536133
2014	06	0.000000	-1.744529	14.038386	14.038386	-0.000005	-0.000005	12.293858	112.296547	0.531195	0.000000	11281.217773	1609.821655	13525.080078
2014	06	0.000000	-1.888366	14.860519	14.860519	-0.000006	-0.000006	12.972154	108.702972	-0.584726	0.000000	11281.017578	1609.679688	13524.606445
2014	07	0.000000	-1.935388	15.705327	15.705327	-0.000006	-0.000006	13.769938	122.904037	1.931130	0.000000	11280.804688	1609.537476	13524.109375
2014	07	0.000000	-1.672264	14.731024	14.731024	-0.000005	-0.000005	13.058760	144.263062	1.405238	0.000000	11280.594727	1609.395020	13523.621094
2014	07	0.000000	-1.712886	14.548067	14.548067	-0.000005	-0.000005	12.835181	131.817734	1.271335	0.000000	11280.393555	1609.252563	13523.150391
2014	07	0.000000	-1.783879	14.830217	14.830217	-0.000006	-0.000006	13.046337	101.404755	0.785482	0.000000	11280.193359	1609.110107	13522.680664
2014	07	0.000000	-1.769982	14.787952	14.787952	-0.000006	-0.000006	13.017972	115.114471	1.011461	0.000000	11279.988281	1608.967529	13522.202148
2014	07	0.000000	-1.718109	14.463502	14.463502	-0.000005	-0.000005	12.745393	113.241447	0.923977	0.000000	11279.787109	1608.824951	13521.733398
2014	07	0.000000	-1.775441	14.436137	14.436137	-0.000005	-0.000005	12.660697	104.278168	0.931730	0.000000	11279.588867	1608.682251	13521.269531
2014	07	0.000000	-1.849624	14.807475	14.807475	-0.000006	-0.000006	12.957850	100.958099	0.985534	0.000000	11279.387695	1608.539429	13520.799805
2014	07	0.000000	-1.771939	14.380014	14.380014	-0.000005	-0.000005	12.608076	103.083832	0.955403	0.000000	11279.186523	1608.396484	13520.333984
2014	07	0.000000	-1.790265	14.568665	14.568665	-0.000005	-0.000005	12.778400	130.887146	1.083736	0.000000	11278.988281	1608.253540	13519.870117
2014	07	0.000000	-1.711915	14.355325	14.355325	-0.000005	-0.000005	12.643409	135.753098	0.972831	0.000000	11278.787109	1608.110474	13519.405273
2014	07	0.000000	-1.745313	14.371406	14.371406	-0.000005	-0.000005	12.626093	131.858963	0.961826	0.000000	11278.588867	1607.967407	13518.943359
2014	07	0.000000	-1.838749	14.686697	14.686697	-0.000005	-0.000005	12.847948	123.182709	0.986010	0.000000	11278.387695	1607.824341	13518.478516
2014	07	0.000000	-1.873964	14.900524	14.900524	-0.000006	-0.000006	13.026560	117.920135	0.971933	0.000000	11278.182617	1607.681030	13518.004883
2014	07	0.000000	-1.870418	14.961487	14.961487	-0.000006	-0.000006	13.091068	118.534332	0.936368	0.000000	11277.974609	1607.537598	13517.527344
2014	07	0.000000	-1.868287	15.013177	15.013177	-0.000006	-0.000006	13.144891	119.551514	0.839989	0.000000	11277.765625	1607.394043	13517.048828
2014	07	0.000000	-1.774286	14.716992	14.716992	-0.000005	-0.000005	12.942705	133.800339	0.313407	0.000000	11277.557617	1607.250244	13516.571289
2014	07	0.000000	-1.600643	14.032658	14.032658	-0.000005	-0.000005	12.432014	133.487000	0.178784	0.000000	11277.355469	1607.106567	13516.107422
2014	07	0.000000	-1.584962	13.813044	13.813044	-0.000005	-0.000005	12.228082	135.345184	0.968978	0.000000	11277.159180	1606.963013	13515.655273
2014	07	0.000000	-1.621742	13.848854	13.848854	-0.000005	-0.000005	12.227113	131.081696	0.649506	0.000000	11276.964844	1606.819702	13515.206055
2014	07	0.000000	-1.617477	13.794054	13.794054	-0.000005	-0.000005	12.176577	130.432495	0.996948	0.000000	11276.769531	1606.676392	13514.755859
2014	07	0.000000	-1.607356	13.666308	13.666308	-0.000005	-0.000005	12.058952	129.697647	0.944632	0.000000	11276.576172	1606.533203	13514.310547
2014	07	0.000000	-1.677995	13.762040	13.762040	-0.000005	-0.000005	12.084045	124.617081	1.006834	0.000000	11276.383789	1606.390137	13513.866211
2014	07	0.000000	-1.734911	14.045849	14.045849	-0.000005	-0.000005	12.310938	99.858231	0.295843	0.000000	11276.187500	1606.247070	13513.416992
2014	07	3.539712	0.987427	49.115044	45.575333	-0.000017	-0.000017	46.562756	57.458469	95.269173	9506.639648	11276.063477	1606.118530	13512.499023
2014	07	12.883395	7.023875	53.826466	40.943069	-0.000015	-0.000015	47.966946	49.082138	124.717552	34601.066406	11275.834961	1606.104980	13510.983398
2014	07	19.277800	10.850859	52.424408	33.146610	-0.000012	-0.000012	43.997471	47.467670	117.517479	51774.582031	11275.460938	1606.316528	13509.794922
2014	07	23.457949	12.906594	51.162521	27.704575	-0.000010	-0.000010	40.611168	32.263702	109.140724	63001.253906	11275.064453	1606.629150	13508.831055
2014	07	29.574982	16.290459	51.373058	21.798080	-0.000008	-0.000008	38.088539	20.084492	129.652847	79429.828125	11274.666992	1607.022949	13508.033203
2014	07	42.712791	25.536140	51.130867	8.418077	-0.000003	-0.000003	33.954220	13.649803	113.846603	114714.179688	11274.283203	1607.630737	13507.577148
2014	07	36.805771	20.330303	48.070469	11.264696	-0.000004	-0.000004	31.594997	43.141003	108.382271	98849.640625	11273.917969	1608.415161	13507.386719
2014	08	33.834690	17.168352	45.436794	11.602103	-0.000004	-0.000004	28.770454	66.008865	77.991966	90870.171875	11273.548828	1608.979858	13507.070312
2014	08	32.562706	15.495663	43.326355	10.763649	-0.000004	-0.000004	26.259312	76.467445	58.790451	87453.984375	11273.182617	1609.501709	13506.791992
2014	08	36.750771	17.877645	44.086002	7.335230	-0.000003	-0.000003	25.212875	83.645744	54.644928	98701.921875	11272.826172	1610.075928	13506.625977
2014	08	31.335640	13.221428	42.407379	11.071742	-0.000004	-0.000004	24.293169	83.236702	46.002151	84158.445312	11272.467773	1610.570923	13506.412109
2014	08	40.387596	18.420853	46.054237	5.666645	-0.000002	-0.000002	24.087496	60.402138	47.505070	108469.375000	11272.101562	1611.061035	13506.204102
2014	08	37.231491	15.272341	44.696400	7.464910	-0.000003	-0.000003	22.737251	88.368073	44.881786	99992.992188	11271.736328	1611.700928	13506.174805
2014	08	35.245701	13.638403	42.564400	7.318698	-0.000003	-0.000003	20.957100	67.249435	34.039959	94659.734375	11271.381836	1612.248047	13506.106445
2014	08	36.789764	14.644184	42.589390	5.799626	-0.000002	-0.000002	20.443810	91.099800	36.416451	98806.640625	11271.048828	1612.706421	13505.989258
2014	08	40.682381	17.281103	42.449013	1.766634	-0.000001	-0.000001	19.047737	78.252060	32.297440	109261.085938	11270.720703	1613.227173	13505.957031
2014	08	53.711082	26.693800	45.867180	-7.843904	0.000003	0.000003	18.849895	102.540962	39.489143	144252.406250	11270.411133	1614.079346	13506.291992
2014	08	60.286144	31.309166	47.161106	-13.125039	0.000005	0.000005	18.184126	77.677628	39.398342	161911.109375	11270.096680	1614.974609	13506.672852
2014	08	74.892555	41.604046	51.203499	-23.689054	0.000009	0.000009	17.914993	59.830017	43.912544	201139.687500	11269.790039	1616.129761	13507.335938
2014	08	59.588989	28.805891	48.825016	-10.763971	0.000004	0.000004	18.041920	68.951096	43.698654	160038.750000	11269.484375	1617.430664	13508.148438
2014	08	48.515297	19.974583	46.517078	-1.998218	0.000001	0.000001	17.976364	87.754318	38.252640	130298.023438	11269.174805	1618.285645	13508.509766
2014	08	81.089760	45.194324	52.792210	-28.297548	0.000011	0.000011	16.896778	87.946869	44.829182	217783.578125	11268.873047	1619.233276	13508.978516
2014	08	76.309731	41.864452	50.443146	-25.866587	0.000010	0.000010	15.997867	105.770378	42.438103	204945.828125	11268.593750	1620.835327	13510.142578
2014	08	63.762249	31.898739	47.043087	-16.719168	0.000006	0.000006	15.179572	66.448463	34.062458	171246.921875	11268.326172	1622.168335	13511.058594
2014	08	73.223328	38.312931	49.719986	-23.503342	0.000009	0.000009	14.809591	63.814243	38.763588	196656.640625	11268.072266	1623.191162	13511.688477
2014	08	74.192642	39.224926	49.426125	-24.766521	0.000009	0.000009	14.458405	80.911873	39.694191	199259.953125	11267.823242	1624.476318	13512.591797
2014	08	138.908569	88.476364	76.239464	-62.669098	0.000023	0.000023	25.807270	45.262436	106.413086	373068.156250	11267.561523	1626.058472	13513.716797
2014	08	82.050537	45.866077	74.162666	-7.887871	0.000003	0.000003	37.978210	45.313770	149.938995	220363.968750	11267.151367	1628.886230	13515.480469
2014	08	61.677334	31.856382	62.982479	1.305146	-0.000000	-0.000000	33.161526	56.380379	113.606300	165647.437500	11266.757812	1630.231689	13515.791016
2014	08	78.876190	44.488255	65.882301	-12.993890	0.000005	0.000005	31.494366	43.936199	128.218277	211838.578125	11266.384766	1631.340088	13515.939453
2014	08	82.918663	47.604450	64.222778	-18.695889	0.000007	0.000007	28.908564	43.226715	127.705002	222695.515625	11266.027344	1632.862671	13516.576172
2014	08	74.768265	41.936283	59.604740	-15.163527	0.000006	0.000006	26.772757	54.300449	110.151642	200805.890625	11265.692383	1634.298706	13517.210938
2014	08	72.994835	40.444164	57.667313	-15.327527	0.000006	0.000006	25.116636	59.660690	99.490791	196042.984375	11265.370117	1635.598633	13517.762695
2014	08	79.937935	45.721245	58.311867	-21.626066	0.000008	0.000008	24.095177	65.175331	87.799164	214690.125000	11265.058594	1636.936768	13518.400391
2014	08	79.755402	45.009731	58.258575	-21.496826	0.000008	0.000008	23.512905	62.911709	82.773933	214199.890625	11264.746094	1638.366089	13519.149414
2014	08	60.432285	30.219732	52.698563	-7.733717	0.000003	0.000003	22.486015	64.507874	70.385880	162303.593750	11264.432617	1639.608765	13519.741211
2014	08	58.778294	28.773071	52.188633	-6.589660	0.000002	0.000002	22.183413	61.645054	63.879688	157861.468750	11264.114258	1640.462524	13519.964844
2014	08	53.592930	24.556551	50.563663	-3.029266	0.000001	0.000001	21.527288	66.883018	56.621746	143935.062500	11263.791992	1641.304932	13520.192383
2014	09	52.852364	24.177326	48.698185	-4.154181	0.000002	0.000002	20.023148	72.160027	54.539974	146677.671875	11263.470703	1642.173706	13520.467773
2014	09	50.767765	23.084862	47.328575	-3.439186	0.000001	0.000001	19.645676	70.368118	50.647171	140892.406250	11263.150391	1642.986328	13520.713867
2014	09	56.639942	27.421347	48.674671	-7.965269	0.000003	0.000003	19.456079	76.098709	51.387661	157189.078125	11262.826172	1643.793335	13520.957031
2014	09	52.927601	24.263659	47.556427	-5.371169	0.000002	0.000002	18.892490	78.784424	48.438435	146886.468750	11262.500977	1644.664551	13521.277344
2014	09	37.794048	13.046285	42.836117	5.042067	-0.000002	-0.000002	18.088350	86.567772	41.010136	104887.320312	11262.179688	1645.263062	13521.349609
2014	09	44.413887	18.198187	43.884846	-0.529039	0.000000	0.000000	17.669147	80.574417	41.825169	123258.929688	11261.864258	1645.753906	13521.335938
2014	09	46.782818	18.964727	45.271297	-1.511521	0.000001	0.000001	17.453205	77.243797	41.791142	129833.257812	11261.548828	1646.282837	13521.366211
2014	09	90.007835	51.125099	55.797710	-34.210129	0.000013	0.000013	16.914968	52.733166	52.602703	249792.812500	11261.238281	1647.261230	13521.859375
2014	09	140.317123	89.916359	73.785522	-66.531593	0.000026	0.000026	23.384762	56.426834	78.836151	389412.843750	11260.937500	1649.194092	13523.285156
2014	09	133.523880	85.712677	79.881020	-53.642860	0.000021	0.000021	32.069813	52.270081	124.148331	370559.968750	11260.557617	1652.323975	13525.496094
2014	09	101.696594	61.931278	68.677277	-33.019325	0.000013	0.000013	28.911957	42.618023	117.637924	282231.843750	11260.169922	1655.049805	13527.308594
2014	09	83.410553	48.123024	62.252605	-21.157942	0.000008	0.000008	26.965080	27.722912	118.713081	231483.765625	11259.800781	1656.958618	13528.376953
2014	09	74.178246	40.810719	58.305641	-15.872602	0.000006	0.000006	24.938116	28.734837	107.983307	205861.953125	11259.447266	1658.478882	13529.125000
2014	09	64.026169	32.837368	54.956364	-9.069810	0.000003	0.000003	23.767561	36.875710	88.385368	177687.593750	11259.103516	1659.768555	13529.696289
2014	09	66.352104	34.296436	55.002331	-11.349771	0.000004	0.000004	22.946667	35.195805	73.688774	184142.609375	11258.761719	1660.789062	13530.034180
2014	09	66.537132	32.327900	57.089428	-9.447703	0.000004	0.000004	22.880198	38.879738	73.318680	184656.093750	11258.413086	1661.912842	13530.475586
2014	09	88.315132	49.615475	60.007439	-28.307688	0.000011	0.000011	21.307791	31.898937	65.129814	245095.140625	11258.065430	1663.111572	13531.027344
2014	09	125.264702	79.159515	72.684700	-52.580006	0.000020	0.000020	26.579514	14.750153	92.634224	347638.843750	11257.721680	1664.924805	13532.151367
2014	09	102.290146	61.796345	68.194794	-34.095352	0.000013	0.000013	27.700993	36.632717	108.172211	283879.062500	11257.354492	1667.602539	13534.001953
2014	09	101.793465	61.764732	65.604065	-36.189404	0.000014	0.000014	25.575335	24.241104	106.244423	282500.687500	11256.989258	1669.635498	13535.232422
2014	09	124.046997	78.333618	69.179947	-54.867054	0.000021	0.000021	23.466568	2.270759	92.848923	344259.437500	11256.643555	1671.703003	13536.571289
2014	09	112.700806	69.760010	65.373596	-47.327213	0.000018	0.000018	22.432795	8.598687	77.832489	312771.093750	11256.321289	1674.273682	13538.476562
2014	09	99.546356	58.858875	63.676102	-35.870251	0.000014	0.000014	22.988626	24.921091	82.053696	276264.406250	11256.000000	1676.461670	13540.004883
2014	09	97.237984	57.857414	73.148048	-24.089941	0.000009	0.000009	33.767475	22.130253	102.279091	269858.156250	11255.605469	1678.427734	13541.112305
2014	09	89.911240	51.515736	69.935112	-19.976130	0.000008	0.000008	31.539608	20.306410	117.288292	249524.703125	11255.139648	1680.299072	13541.974609
2014	09	121.694008	76.447189	73.417603	-48.276405	0.000019	0.000019	28.170782	6.215475	109.773079	337729.343750	11254.713867	1682.239746	13543.016602
2014	09	120.488426	76.296402	70.969322	-49.519104	0.000019	0.000019	26.777300	26.912956	89.476418	334383.562500	11254.320312	1684.731445	13544.689453
2014	09	121.521645	76.790321	69.670654	-51.850990	0.000020	0.000020	24.939339	16.779655	116.999649	337250.968750	11253.943359	1687.125244	13546.301758
2014	09	103.523270	64.951775	60.063446	-43.459820	0.000017	0.000017	21.491953	38.436035	108.297371	287301.281250	11253.606445	1689.641968	13548.147461
2014	09	66.425507	37.353619	48.762428	-17.663076	0.000007	0.000007	19.690544	58.467278	78.408005	184346.296875	11253.302734	1691.512817	13549.428711
2014	10	66.365417	37.246243	48.370773	-17.994642	0.000007	0.000007	19.251600	47.823299	71.284912	178238.281250	11253.019531	1692.614014	13549.990234
2014	10	74.287292	43.257721	49.909069	-24.378225	0.000009	0.000009	18.879498	39.344112	71.285225	199514.140625	11252.742188	1693.731689	13550.585938
2014	10	69.486206	39.242706	48.873432	-20.612776	0.000008	0.000008	18.629930	38.878769	64.445389	186619.812500	11252.465820	1694.991699	13551.334961
2014	10	61.482746	32.268867	47.684559	-13.798189	0.000005	0.000005	18.470680	17.861395	63.568203	165124.843750	11252.185547	1696.097412	13551.934570
2014	10	56.761292	28.088528	46.688332	-10.072956	0.000004	0.000004	18.015572	20.138172	57.544624	152444.375000	11251.898438	1697.034180	13552.374023
2014	10	59.750549	31.115744	45.711029	-14.039516	0.000005	0.000005	17.076229	41.676876	47.862911	160472.656250	11251.613281	1697.818848	13552.684570
2014	10	57.081715	29.161167	44.656643	-12.425069	0.000005	0.000005	16.736099	45.643677	41.808651	153304.937500	11251.336914	1698.728027	13553.143555
2014	10	58.135612	29.900221	44.818813	-13.316801	0.000005	0.000005	16.583420	40.177834	42.042175	156135.406250	11251.064453	1699.557129	13553.528320
2014	10	81.732224	46.638840	51.673790	-30.058432	0.000011	0.000011	16.580406	17.096699	51.869591	219509.062500	11250.791016	1700.508789	13554.034180
2014	10	119.968727	75.547043	67.301376	-52.667351	0.000020	0.000020	22.879690	10.180060	93.880219	322201.218750	11250.502930	1702.105469	13555.112305
2014	10	101.279106	62.449944	61.781792	-39.497314	0.000015	0.000015	22.952625	24.498131	92.389671	272006.343750	11250.175781	1704.444824	13556.777344
2014	10	82.369301	48.094704	55.777012	-26.592285	0.000010	0.000010	21.502419	18.786026	79.876724	221220.062500	11249.864258	1706.288696	13558.003906
2014	10	83.740181	48.492367	54.975437	-28.764740	0.000011	0.000011	19.727627	24.751093	85.581657	224901.828125	11249.560547	1707.725098	13558.859375
2014	10	72.776031	41.665733	48.460316	-24.315718	0.000009	0.000009	17.350018	35.570717	55.242962	195455.328125	11249.282227	1709.176758	13559.815430
2014	10	56.979393	29.523363	44.129665	-12.849727	0.000005	0.000005	16.673635	25.778004	48.978813	153030.125000	11249.020508	1710.324097	13560.509766
2014	10	69.552811	39.054516	46.406116	-23.146690	0.000009	0.000009	15.907828	34.058186	49.664661	186798.687500	11248.762695	1711.206421	13560.957031
2014	10	67.273239	37.462574	44.851112	-22.422127	0.000008	0.000008	15.040446	48.110523	39.392307	180676.437500	11248.512695	1712.347534	13561.693359
2014	10	77.166710	45.485142	45.975819	-31.190889	0.000012	0.000012	14.294251	46.555908	40.829643	207247.406250	11248.271484	1713.468140	13562.435547
2014	10	78.922462	46.625854	46.254669	-32.667797	0.000012	0.000012	13.958055	44.825321	39.978348	211962.875000	11248.038086	1714.831665	13563.436523
2014	10	82.163521	48.699928	47.039982	-35.123539	0.000013	0.000013	13.576388	21.469559	38.339466	220667.406250	11247.808594	1716.206665	13564.460938
2014	10	93.263817	56.070030	53.594925	-39.668896	0.000015	0.000015	16.401131	10.808278	77.163162	250479.593750	11247.576172	1717.715210	13565.590820
2014	10	99.306015	60.695377	54.637760	-44.668247	0.000017	0.000017	16.027128	-0.101605	49.740814	266707.156250	11247.335938	1719.463135	13566.892578
2014	10	88.704689	53.554352	52.344143	-36.360538	0.000014	0.000014	17.193815	-3.909350	51.141376	238235.062500	11247.102539	1721.288208	13568.290039
2014	10	95.317184	58.902725	56.630539	-38.686642	0.000014	0.000014	20.216084	7.756162	63.789654	255994.328125	11246.843750	1722.987183	13569.470703
2014	10	89.901016	54.330097	55.037437	-34.863575	0.000013	0.000013	19.466528	4.896412	59.700275	241448.046875	11246.565430	1724.761597	13570.701172
2014	10	85.491074	50.587234	53.241917	-32.249157	0.000012	0.000012	18.338078	13.124632	69.331993	229604.250000	11246.291016	1726.367798	13571.785156
2014	10	88.148003	53.594624	50.672253	-37.475754	0.000014	0.000014	16.118868	23.969023	59.450375	236740.000000	11246.036133	1727.933838	13572.893555
2014	10	78.441849	46.895096	46.068626	-32.373219	0.000012	0.000012	14.521876	33.784420	43.957207	210672.062500	11245.801758	1729.503296	13574.066406
2014	10	92.934105	58.170891	48.590660	-44.343449	0.000017	0.000017	13.827443	31.538397	44.718273	249594.078125	11245.582031	1730.969849	13575.173828
2014	10	84.882072	51.107872	47.664791	-37.217281	0.000014	0.000014	13.890594	26.590914	41.832817	227968.640625	11245.364258	1732.655396	13576.505859
2014	10	79.758919	47.419479	45.667492	-34.091427	0.000013	0.000013	13.328053	30.140795	39.706062	214209.343750	11245.147461	1734.176514	13577.681641
2014	11	99.604309	62.504475	51.002357	-48.601948	0.000019	0.000019	13.902528	9.933268	63.005543	276425.218750	11244.933594	1735.676147	13578.843750
2014	11	87.971519	53.882572	48.279728	-39.691792	0.000015	0.000015	14.190782	24.485983	68.710663	244141.531250	11244.715820	1737.609741	13580.381836
2014	11	86.662399	55.199684	42.798603	-43.863800	0.000017	0.000017	11.335887	47.005592	39.059010	240508.421875	11244.516602	1739.289185	13581.737305
2014	11	73.260811	46.178368	37.361172	-35.899639	0.000014	0.000014	10.278729	70.455780	30.091717	203315.875000	11244.342773	1740.921997	13583.107422
2014	11	78.192398	49.926743	37.857956	-40.334442	0.000016	0.000016	9.592300	49.487091	30.657787	217002.187500	11244.183594	1742.328125	13584.280273
2014	11	89.532082	57.761932	41.263157	-48.268929	0.000019	0.000019	9.492999	-5.256232	27.046206	248472.468750	11244.026367	1743.864380	13585.593750
2014	11	86.225739	53.221119	43.253979	-42.971760	0.000017	0.000017	10.249356	2.075450	30.461527	239296.578125	11243.862305	1745.638550	13587.131836
2014	11	71.969131	41.712250	40.821194	-31.147942	0.000012	0.000012	10.564307	27.474253	35.732845	199731.171875	11243.690430	1747.230103	13588.475586
2014	11	63.523552	35.867538	37.916889	-25.606663	0.000010	0.000010	10.260875	22.938137	33.955177	176292.703125	11243.513672	1748.504639	13589.497070
2014	11	67.260010	38.202515	39.028091	-28.231916	0.000011	0.000011	9.970598	30.857355	34.613670	186662.234375	11243.338867	1749.612671	13590.361328
2014	11	79.765228	49.015759	39.748295	-40.016930	0.000015	0.000015	8.998832	35.353024	31.927065	221367.140625	11243.169922	1750.869995	13591.396484
2014	11	76.638725	47.527050	37.235573	-39.403156	0.000015	0.000015	8.123897	27.499779	28.586382	212690.375000	11243.016602	1752.369507	13592.708984
2014	11	76.197716	46.596939	38.831276	-37.366436	0.000014	0.000014	9.230501	45.491653	32.249748	211466.468750	11242.869141	1753.802246	13593.952148
2014	11	78.962624	49.232555	38.460274	-40.502350	0.000016	0.000016	8.730208	43.385769	30.130541	219139.734375	11242.726562	1755.269165	13595.211914
2014	11	75.165459	47.181198	35.884544	-39.280918	0.000015	0.000015	7.900280	40.139896	26.631462	208601.734375	11242.590820	1756.762207	13596.525391
2014	11	77.595825	48.425518	36.916382	-40.679443	0.000016	0.000016	7.746074	40.479984	27.627047	215346.562500	11242.459961	1758.195068	13597.793945
2014	11	72.858078	45.978699	34.051220	-38.806862	0.000015	0.000015	7.171840	50.876236	21.021984	202198.218750	11242.333008	1759.667358	13599.113281
2014	11	69.559235	43.334602	33.509399	-36.049839	0.000014	0.000014	7.284764	36.197334	23.304195	193043.156250	11242.214844	1761.033569	13600.336914
2014	11	64.080826	39.052055	32.028263	-32.052563	0.000012	0.000012	6.999494	23.429453	22.342146	177839.281250	11242.097656	1762.296265	13601.457031
2014	11	65.959221	39.661514	33.235725	-32.723492	0.000013	0.000013	6.938020	29.178019	24.574091	183052.265625	11241.981445	1763.449951	13602.474609
2014	11	67.418274	41.288448	32.624687	-34.793587	0.000013	0.000013	6.494857	34.849434	23.168221	187101.484375	11241.865234	1764.658813	13603.556641
2014	11	61.758518	37.055595	31.017494	-30.741026	0.000012	0.000012	6.314573	43.340591	18.711388	171394.328125	11241.752930	1765.881836	13604.662109
2014	11	61.572651	37.321384	30.355017	-31.217632	0.000012	0.000012	6.103751	40.148575	19.271267	170878.500000	11241.643555	1766.996094	13605.666016
2014	11	66.793068	41.677628	30.987268	-35.805801	0.000014	0.000014	5.871829	32.690575	20.666811	185366.390625	11241.540039	1768.135864	13606.704102
2014	11	45.184883	25.864985	24.901834	-20.283047	0.000008	0.000008	5.581938	49.622250	12.543648	125398.617188	11241.440430	1769.290405	13607.764648
2014	11	29.850304	14.240523	20.979889	-8.870418	0.000003	0.000003	5.370106	27.171097	9.686717	82841.578125	11241.346680	1769.900879	13608.290039
2014	11	45.823807	25.972736	25.235685	-20.588125	0.000008	0.000008	5.384614	13.179733	17.496792	127171.781250	11241.254883	1770.319092	13608.626953
2014	11	43.568672	23.305563	25.871122	-17.697550	0.000007	0.000007	5.608015	1.585187	15.980863	120913.250000	11241.160156	1770.999023	13609.219727
2014	11	49.207760	27.591557	27.242193	-21.965570	0.000008	0.000008	5.625987	4.048020	17.381849	136563.046875	11241.063477	1771.690308	13609.821289
2014	11	50.317188	29.069714	26.745798	-23.571392	0.000009	0.000009	5.498322	25.497179	15.447979	139641.968750	11240.967773	1772.492798	13610.534180
2014	12	60.644279	36.583031	29.639652	-31.004629	0.000012	0.000012	5.578402	19.728409	17.439493	162872.953125	11240.875000	1773.370972	13611.329102
2014	12	59.127953	35.094398	29.632418	-29.495537	0.000011	0.000011	5.598861	29.089462	17.320498	158800.546875	11240.782227	1774.415649	13612.291016
2014	12	54.649570	31.598417	28.629221	-26.020348	0.000010	0.000010	5.578072	26.740883	16.661198	146772.890625	11240.690430	1775.408813	13613.200195
2014	12	60.111053	36.065899	29.504974	-30.606081	0.000011	0.000011	5.459819	11.321159	18.383904	161440.875000	11240.599609	1776.332153	13614.042969
2014	12	63.823631	38.401688	30.915249	-32.908382	0.000012	0.000012	5.493303	30.662048	18.943905	171411.781250	11240.509766	1777.388794	13615.019531
2014	12	53.256397	31.246017	27.266369	-25.990026	0.000010	0.000010	5.255990	25.634796	14.158848	143031.250000	11240.420898	1778.479980	13616.035156
2014	12	56.180199	32.958923	28.474514	-27.705688	0.000010	0.000010	5.253235	17.276064	14.851100	150883.734375	11240.335938	1779.377563	13616.861328
2014	12	48.110340	27.178202	26.057743	-22.052597	0.000008	0.000008	5.125606	20.739246	14.533974	129210.421875	11240.251953	1780.279785	13617.706055
2014	12	49.591061	28.054001	26.775005	-22.816053	0.000009	0.000009	5.237948	21.824957	16.446856	133187.203125	11240.170898	1780.672729	13618.390625
2014	12	53.196495	30.855703	27.849180	-25.347313	0.000009	0.000009	5.508391	13.622543	16.481070	142870.359375	11240.098633	1780.391357	13619.118164
2014	12	56.029308	32.145329	30.007862	-26.021448	0.000010	0.000010	6.123879	11.919206	18.281429	150478.484375	11240.042969	1779.452515	13619.917969
2014	12	70.975586	43.523903	43.617149	-27.358440	0.000010	0.000010	16.165461	11.410751	55.775574	190619.859375	11240.063477	1777.903931	13620.697266
2014	12	61.284298	37.046799	41.562958	-19.721336	0.000007	0.000007	17.325462	15.402533	47.100758	164591.859375	11240.180664	1775.854492	13621.507812
2014	12	48.116695	28.550694	41.343899	-6.772796	0.000003	0.000003	21.777897	6.471273	57.268021	129227.500000	11240.356445	1772.829224	13622.047852
2014	12	46.934845	29.055712	48.985432	2.050588	-0.000001	-0.000001	31.106298	41.438225	35.311253	126053.382812	11240.704102	1768.812500	13622.011719
2014	12	46.479813	29.082485	47.857121	1.377309	-0.000001	-0.000001	30.459795	26.629818	29.326799	124831.296875	11241.112305	1764.037720	13621.903320
2014	12	41.490536	25.791576	47.979916	6.489373	-0.000002	-0.000002	32.280952	22.611431	31.576382	111431.554688	11241.607422	1758.494385	13621.725586
2014	12	37.198162	22.914850	49.762577	12.564417	-0.000005	-0.000005	35.479267	17.048609	31.351507	99903.484375	11242.213867	1752.099487	13621.357422
2014	12	30.455208	18.640478	50.780178	20.324972	-0.000008	-0.000008	38.965450	11.801533	35.063843	81793.859375	11242.946289	1744.869995	13620.788086
2014	12	26.717646	16.411055	54.205048	27.487404	-0.000010	-0.000010	43.898460	31.296181	20.696428	71755.851562	11243.833984	1736.761230	13619.931641
2014	12	16.710968	9.721184	50.915565	34.204594	-0.000013	-0.000013	43.925777	24.873922	26.242302	44880.816406	11244.829102	1727.804688	13618.872070
2014	12	7.476704	3.817646	44.788895	37.312187	-0.000014	-0.000014	41.129837	41.816158	20.930635	20080.259766	11245.750977	1717.896240	13617.662109
2014	12	0.000000	-1.090981	44.090469	44.090469	-0.000016	-0.000016	42.999489	33.195091	20.897846	0.000000	11246.692383	1708.148926	13616.252930
2014	12	0.000000	-0.858232	40.094418	40.094418	-0.000015	-0.000015	39.236183	36.102386	28.422144	0.000000	11247.601562	1706.159302	13614.724609
2014	12	0.000000	-0.858737	34.343967	34.343967	-0.000013	-0.000013	33.485229	12.789416	33.851734	0.000000	11248.275391	1705.897949	13613.403320
2014	12	0.000000	-0.892780	32.302513	32.302513	-0.000012	-0.000012	31.409733	5.829387	41.745403	0.000000	11248.801758	1705.641235	13612.192383
2014	12	0.000000	-0.792244	32.750740	32.750740	-0.000012	-0.000012	31.958498	40.777069	40.445972	0.000000	11249.246094	1705.388916	13611.000977
2014	12	0.000000	-0.716991	27.418840	27.418840	-0.000010	-0.000010	26.701851	43.776752	18.478428	0.000000	11249.592773	1705.140991	13609.916016
2014	12	0.000000	-0.802451	27.494205	27.494205	-0.000010	-0.000010	26.691755	21.955647	23.549910	0.000000	11249.867188	1704.897339	13608.910156
2014	12	0.000000	-0.814478	26.826212	26.826212	-0.000010	-0.000010	26.011734	25.051390	30.928848	0.000000	11250.104492	1704.657837	13607.910156
2014	12	0.000000	-0.875461	26.026791	26.026791	-0.000010	-0.000010	25.151331	-7.026698	49.098030	0.000000	11250.305664	1704.422241	13606.941406
