# Monthly output values extracted from ELM simulation
# Source file: tmpn21pbu_j.nc
# Years: 2003 - 2013
#
# Variables:
#   GPP: gross primary production (monthly sum, gC/m2/month)
#   NPP: net primary production (monthly sum, gC/m2/month)
#   ER: total ecosystem respiration, autotrophic + heterotrophic (monthly sum, gC/m2/month)
#   NEE: net ecosystem exchange of carbon, includes fire, landuse, harvest, and hrv_xsmrpool flux, positive for source (monthly sum, gC/m2/month)
#   NBP: net biome production, includes fire, landuse, and harvest flux, positive for sink (monthly mean, gC/m^2/s)
#   NEP: net ecosystem production, excludes fire, landuse, and harvest flux, positive for sink (monthly mean, gC/m^2/s)
#   HR: total heterotrophic respiration (monthly sum, gC/m2/month)
#   FSH: sensible heat (monthly mean, W/m^2)
#   EFLX_LH_TOT: total latent heat flux [+ to atm] (monthly mean, W/m^2)
#   FPSN: photosynthesis (mean daily flux, umol/m2/day)
#   TOTSOMC: total soil organic matter carbon (monthly mean, gC/m^2)
#   TOTVEGC: total vegetation carbon, excluding cpool (monthly mean, gC/m^2)
#   TOTECOSYSC: total ecosystem carbon, incl veg but excl cpool but excl product pools (monthly mean, gC/m^2)
#
Year	Month	GPP	NPP	ER	NEE	NBP	NEP	HR	FSH	EFLX_LH_TOT	FPSN	TOTSOMC	TOTVEGC	TOTECOSYSC
2003	01	0.000000	-4.314679	4.314679	4.314679	-0.000002	-0.000002	0.000000	-4.624862	-0.319513	0.000000	92061.968750	1358.975098	94369.070312
2003	01	0.000000	-3.785030	3.785030	3.785030	-0.000001	-0.000001	0.000000	-9.588139	-0.675953	0.000000	92061.968750	1358.761475	94368.929688
2003	01	0.000000	-4.682477	4.682477	4.682477	-0.000002	-0.000002	0.000000	-5.077880	-1.722040	0.000000	92061.968750	1358.544434	94368.789062
2003	01	0.000000	-3.923572	3.923572	3.923572	-0.000001	-0.000001	0.000000	-6.888501	-1.766338	0.000000	92061.968750	1358.310181	94368.625000
2003	01	0.000000	-4.225098	4.225098	4.225098	-0.000002	-0.000002	0.000000	0.603205	-1.192454	0.000000	92061.968750	1358.104614	94368.500000
2003	01	0.000000	-4.736660	4.736660	4.736660	-0.000002	-0.000002	0.000000	5.429396	-1.299811	0.000000	92061.968750	1357.872070	94368.335938
2003	01	0.000000	-3.778563	3.778563	3.778563	-0.000001	-0.000001	0.000000	0.784214	-0.926101	0.000000	92061.968750	1357.650513	94368.187500
2003	01	0.000000	-3.619683	3.619683	3.619683	-0.000001	-0.000001	0.000000	8.377771	-1.026750	0.000000	92061.968750	1357.450073	94368.062500
2003	01	0.000000	-3.509556	3.509556	3.509556	-0.000001	-0.000001	0.000000	5.421171	-1.241629	0.000000	92061.968750	1357.252930	94367.945312
2003	01	0.000000	-3.090016	3.090016	3.090016	-0.000001	-0.000001	0.000000	2.396748	-0.761679	0.000000	92061.968750	1357.060791	94367.828125
2003	01	0.000000	-3.309147	3.309147	3.309147	-0.000001	-0.000001	0.000000	12.354446	-0.454668	0.000000	92061.968750	1356.884521	94367.726562
2003	01	0.000000	-5.485600	5.485600	5.485600	-0.000002	-0.000002	0.000000	-2.322825	-3.673118	0.000000	92061.968750	1356.655396	94367.570312
2003	01	0.000000	-5.234405	5.234405	5.234405	-0.000002	-0.000002	0.000000	-1.117850	-1.837489	0.000000	92061.968750	1356.398071	94367.382812
2003	01	0.000000	-4.245628	4.245628	4.245628	-0.000002	-0.000002	0.000000	-0.765366	-2.280646	0.000000	92061.968750	1356.161377	94367.218750
2003	01	0.000000	-3.334769	3.334769	3.334769	-0.000001	-0.000001	0.000000	3.887520	-1.159773	0.000000	92061.968750	1355.958618	94367.093750
2003	01	0.000000	-2.170108	2.170108	2.170108	-0.000001	-0.000001	0.000000	16.967113	-0.278728	0.000000	92061.968750	1355.791870	94367.000000
2003	01	0.000000	-2.061261	2.061261	2.061261	-0.000001	-0.000001	0.000000	17.942545	-0.188055	0.000000	92061.968750	1355.642700	94366.929688
2003	01	0.000000	-3.997854	3.997854	3.997854	-0.000001	-0.000001	0.000000	10.784216	-0.360102	0.000000	92061.968750	1355.468262	94366.828125
2003	01	0.000000	-4.421752	4.421752	4.421752	-0.000002	-0.000002	0.000000	9.110891	-1.087555	0.000000	92061.968750	1355.246216	94366.679688
2003	01	0.000000	-3.910363	3.910363	3.910363	-0.000001	-0.000001	0.000000	8.571848	-0.989186	0.000000	92061.968750	1355.032349	94366.539062
2003	01	0.000000	-3.222465	3.222465	3.222465	-0.000001	-0.000001	0.000000	7.813065	-0.641337	0.000000	92061.968750	1354.835449	94366.414062
2003	01	0.000000	-3.584044	3.584044	3.584044	-0.000001	-0.000001	0.000000	7.930190	0.122436	0.000000	92061.968750	1354.649536	94366.304688
2003	01	0.000000	-4.939695	4.939695	4.939695	-0.000002	-0.000002	0.000000	-5.791157	-1.127192	0.000000	92061.968750	1354.437012	94366.164062
2003	01	0.000000	-5.594790	5.594790	5.594790	-0.000002	-0.000002	0.000000	2.262397	-0.780150	0.000000	92061.968750	1354.181763	94365.984375
2003	01	0.000000	-5.817238	5.817238	5.817238	-0.000002	-0.000002	0.000000	-0.908777	-1.247783	0.000000	92061.968750	1353.917847	94365.796875
2003	01	0.000000	-5.376510	5.376510	5.376510	-0.000002	-0.000002	0.000000	-0.938210	-1.647139	0.000000	92061.968750	1353.659546	94365.609375
2003	01	0.000000	-5.268605	5.268605	5.268605	-0.000002	-0.000002	0.000000	0.924450	-1.388537	0.000000	92061.968750	1353.407104	94365.429688
2003	01	0.000000	-4.397869	4.397869	4.397869	-0.000002	-0.000002	0.000000	4.419734	-1.330242	0.000000	92061.968750	1353.173096	94365.273438
2003	01	0.000000	-3.376576	3.376576	3.376576	-0.000001	-0.000001	0.000000	-0.659037	-0.932853	0.000000	92061.968750	1352.975220	94365.148438
2003	01	0.000000	-3.650972	3.650972	3.650972	-0.000001	-0.000001	0.000000	7.289412	-1.589473	0.000000	92061.968750	1352.778320	94365.023438
2003	01	0.000000	-2.700084	2.700084	2.700084	-0.000001	-0.000001	0.000000	2.065986	-0.819341	0.000000	92061.968750	1352.597656	94364.921875
2003	02	0.000000	-2.053742	2.053742	2.053742	-0.000001	-0.000001	0.000000	10.397764	-0.283046	0.000000	92061.968750	1352.444824	94364.843750
2003	02	0.000000	-2.826624	2.826624	2.826624	-0.000001	-0.000001	0.000000	-10.936165	-0.870582	0.000000	92061.968750	1352.275757	94364.750000
2003	02	0.000000	-2.668867	2.668867	2.668867	-0.000001	-0.000001	0.000000	-5.695659	-0.554118	0.000000	92061.968750	1352.101318	94364.648438
2003	02	0.000000	-2.758956	2.758956	2.758956	-0.000001	-0.000001	0.000000	-6.706444	-0.848157	0.000000	92061.968750	1351.922974	94364.539062
2003	02	0.000000	-3.211884	3.211884	3.211884	-0.000001	-0.000001	0.000000	-0.017263	-0.746413	0.000000	92061.968750	1351.742188	94364.437500
2003	02	0.000000	-2.753003	2.753003	2.753003	-0.000001	-0.000001	0.000000	-7.677886	-0.767030	0.000000	92061.968750	1351.553589	94364.320312
2003	02	0.000000	-2.871572	2.871572	2.871572	-0.000001	-0.000001	0.000000	-1.055082	-0.311969	0.000000	92061.968750	1351.378662	94364.218750
2003	02	0.000000	-2.565500	2.565500	2.565500	-0.000001	-0.000001	0.000000	4.806568	-0.377197	0.000000	92061.968750	1351.202515	94364.117188
2003	02	0.000000	-2.349430	2.349430	2.349430	-0.000001	-0.000001	0.000000	8.243567	-0.242201	0.000000	92061.968750	1351.042725	94364.031250
2003	02	0.000000	-3.078983	3.078983	3.078983	-0.000001	-0.000001	0.000000	1.537014	-0.385701	0.000000	92061.968750	1350.868286	94363.929688
2003	02	0.000000	-3.288428	3.288428	3.288428	-0.000001	-0.000001	0.000000	-9.994525	-1.066769	0.000000	92061.968750	1350.670410	94363.804688
2003	02	0.000000	-2.505512	2.505512	2.505512	-0.000001	-0.000001	0.000000	-7.033484	-0.371642	0.000000	92061.968750	1350.493286	94363.703125
2003	02	0.000000	-2.774108	2.774108	2.774108	-0.000001	-0.000001	0.000000	6.328606	-0.329473	0.000000	92061.968750	1350.327271	94363.609375
2003	02	0.000000	-2.864333	2.864333	2.864333	-0.000001	-0.000001	0.000000	0.119959	-0.698016	0.000000	92061.968750	1350.147827	94363.507812
2003	02	0.000000	-3.926794	3.926794	3.926794	-0.000002	-0.000002	0.000000	-2.443294	-0.506032	0.000000	92061.968750	1349.949097	94363.382812
2003	02	0.000000	-3.167559	3.167559	3.167559	-0.000001	-0.000001	0.000000	-5.867950	-1.389863	0.000000	92061.968750	1349.738281	94363.242188
2003	02	0.000000	-4.131010	4.131010	4.131010	-0.000002	-0.000002	0.000000	-6.776908	-1.135208	0.000000	92061.968750	1349.538208	94363.117188
2003	02	0.000000	-3.742680	3.742680	3.742680	-0.000002	-0.000002	0.000000	-7.450449	-1.173603	0.000000	92061.968750	1349.319458	94362.976562
2003	02	0.000000	-3.596989	3.596989	3.596989	-0.000001	-0.000001	0.000000	-6.274208	-0.758955	0.000000	92061.968750	1349.111206	94362.843750
2003	02	0.000000	-3.013833	3.013833	3.013833	-0.000001	-0.000001	0.000000	-4.901962	-0.479466	0.000000	92061.968750	1348.918945	94362.718750
2003	02	0.000000	-2.340992	2.340992	2.340992	-0.000001	-0.000001	0.000000	-3.204105	-0.391092	0.000000	92061.968750	1348.751709	94362.625000
2003	02	0.000000	-2.171727	2.171727	2.171727	-0.000001	-0.000001	0.000000	-3.241434	-0.426651	0.000000	92061.968750	1348.593506	94362.546875
2003	02	0.000000	-2.381622	2.381622	2.381622	-0.000001	-0.000001	0.000000	-4.776888	-0.298810	0.000000	92061.968750	1348.434570	94362.460938
2003	02	0.000000	-2.223739	2.223739	2.223739	-0.000001	-0.000001	0.000000	2.166979	-0.211339	0.000000	92061.968750	1348.279175	94362.375000
2003	02	0.000000	-2.571233	2.571233	2.571233	-0.000001	-0.000001	0.000000	-11.273104	-0.596542	0.000000	92061.968750	1348.116821	94362.289062
2003	02	0.000000	-3.032329	3.032329	3.032329	-0.000001	-0.000001	0.000000	-8.880079	-0.703077	0.000000	92061.968750	1347.939941	94362.187500
2003	02	0.000000	-3.127720	3.127720	3.127720	-0.000001	-0.000001	0.000000	-6.274701	-0.577349	0.000000	92061.968750	1347.756470	94362.078125
2003	02	0.000000	-2.684592	2.684592	2.684592	-0.000001	-0.000001	0.000000	-1.131539	-0.446640	0.000000	92061.968750	1347.574829	94361.968750
2003	03	0.000000	-2.392825	2.392825	2.392825	-0.000001	-0.000001	0.000000	7.161398	-0.291748	0.000000	92061.968750	1347.413330	94361.882812
2003	03	0.000000	-3.596133	3.596133	3.596133	-0.000001	-0.000001	0.000000	-1.982852	-0.789091	0.000000	92061.968750	1347.249512	94361.789062
2003	03	0.000000	-5.645122	5.645122	5.645122	-0.000002	-0.000002	0.000000	-13.236480	-4.974874	0.000000	92061.968750	1347.014282	94361.632812
2003	03	0.000000	-4.697523	4.697523	4.697523	-0.000002	-0.000002	0.000000	-7.713815	-2.004600	0.000000	92061.968750	1346.773315	94361.460938
2003	03	0.000000	-5.214706	5.214706	5.214706	-0.000002	-0.000002	0.000000	-8.419843	-1.763283	0.000000	92061.968750	1346.536499	94361.296875
2003	03	0.000000	-5.784892	5.784892	5.784892	-0.000002	-0.000002	0.000000	-8.966747	-2.558076	0.000000	92061.968750	1346.294556	94361.132812
2003	03	0.000000	-6.198560	6.198560	6.198560	-0.000002	-0.000002	0.000000	-14.892753	-5.313285	0.000000	92061.968750	1346.013550	94360.921875
2003	03	0.000000	-3.553158	3.553158	3.553158	-0.000001	-0.000001	0.000000	1.993099	-0.848325	0.000000	92061.968750	1345.783936	94360.765625
2003	03	0.000000	-4.384643	4.384643	4.384643	-0.000002	-0.000002	0.000000	-1.166444	-0.406073	0.000000	92061.968750	1345.588257	94360.648438
2003	03	0.000000	-4.925835	4.925835	4.925835	-0.000002	-0.000002	0.000000	-9.916501	-3.022145	0.000000	92061.968750	1345.356079	94360.484375
2003	03	0.000000	-3.322074	3.322074	3.322074	-0.000001	-0.000001	0.000000	4.655833	-0.840782	0.000000	92061.968750	1345.152710	94360.359375
2003	03	0.000000	-3.080183	3.080183	3.080183	-0.000001	-0.000001	0.000000	-2.328476	-0.760339	0.000000	92061.968750	1344.974609	94360.257812
2003	03	0.000000	-3.361595	3.361595	3.361595	-0.000001	-0.000001	0.000000	-10.133687	-1.017881	0.000000	92061.968750	1344.796875	94360.148438
2003	03	0.000000	-3.470050	3.470050	3.470050	-0.000001	-0.000001	0.000000	-7.769560	-1.050377	0.000000	92061.968750	1344.611938	94360.039062
2003	03	0.000000	-3.940461	3.940461	3.940461	-0.000001	-0.000001	0.000000	-0.329605	-1.266839	0.000000	92061.968750	1344.415894	94359.914062
2003	03	0.000000	-4.000520	4.000520	4.000520	-0.000001	-0.000001	0.000000	-1.033070	-1.118384	0.000000	92061.968750	1344.212402	94359.789062
2003	03	0.000000	-4.175504	4.175504	4.175504	-0.000002	-0.000002	0.000000	-4.125404	-0.833242	0.000000	92061.968750	1344.008667	94359.656250
2003	03	0.000000	-3.983456	3.983456	3.983456	-0.000001	-0.000001	0.000000	2.392117	-0.567416	0.000000	92061.968750	1343.802124	94359.523438
2003	03	0.000000	-4.032071	4.032071	4.032071	-0.000002	-0.000002	0.000000	-0.324816	-0.950814	0.000000	92061.968750	1343.598633	94359.390625
2003	03	0.000000	-5.053927	5.053927	5.053927	-0.000002	-0.000002	0.000000	-11.540463	-2.908228	0.000000	92061.968750	1343.374390	94359.242188
2003	03	0.000000	-4.538668	4.538668	4.538668	-0.000002	-0.000002	0.000000	-9.871696	-3.364886	0.000000	92061.968750	1343.149170	94359.093750
2003	03	0.000000	-4.608258	4.608258	4.608258	-0.000002	-0.000002	0.000000	-3.380462	-1.411940	0.000000	92061.968750	1342.926636	94358.945312
2003	03	0.000000	-4.167930	4.167930	4.167930	-0.000002	-0.000002	0.000000	3.064507	-0.774304	0.000000	92061.968750	1342.710449	94358.796875
2003	03	0.000000	-3.554817	3.554817	3.554817	-0.000001	-0.000001	0.000000	6.481763	-0.491875	0.000000	92061.968750	1342.509399	94358.671875
2003	03	0.000000	-3.500882	3.500882	3.500882	-0.000001	-0.000001	0.000000	-2.258198	-0.866385	0.000000	92061.968750	1342.323730	94358.562500
2003	03	0.000000	-3.458609	3.458609	3.458609	-0.000001	-0.000001	0.000000	-5.083331	-1.465618	0.000000	92061.968750	1342.136108	94358.445312
2003	03	0.000000	-3.804327	3.804327	3.804327	-0.000001	-0.000001	0.000000	1.939792	-1.402575	0.000000	92061.968750	1341.946045	94358.328125
2003	03	0.000000	-3.739259	3.739259	3.739259	-0.000001	-0.000001	0.000000	0.197922	-1.276075	0.000000	92061.968750	1341.751587	94358.210938
2003	03	0.000000	-4.485500	4.485500	4.485500	-0.000002	-0.000002	0.000000	-8.754548	-2.475131	0.000000	92061.968750	1341.545654	94358.078125
2003	03	0.000000	-5.484737	5.484737	5.484737	-0.000002	-0.000002	0.000000	-9.002188	-3.922447	0.000000	92061.968750	1341.307495	94357.914062
2003	03	0.000000	-5.853897	5.853897	5.853897	-0.000002	-0.000002	0.000000	-4.765062	-2.595970	0.000000	92061.968750	1341.051758	94357.726562
2003	04	0.000000	-5.165940	5.165940	5.165940	-0.000002	-0.000002	0.000000	-7.246388	-1.983729	0.000000	92061.968750	1340.796021	94357.546875
2003	04	0.000000	-5.362930	5.362930	5.362930	-0.000002	-0.000002	0.000000	-2.245956	-1.201663	0.000000	92061.968750	1340.549072	94357.375000
2003	04	0.000000	-4.848485	4.848485	4.848485	-0.000002	-0.000002	0.000000	-0.375526	-1.370983	0.000000	92061.968750	1340.301025	94357.195312
2003	04	0.000000	-3.705584	3.705584	3.705584	-0.000001	-0.000001	0.000000	10.327331	-0.398474	0.000000	92061.968750	1340.092285	94357.062500
2003	04	0.000000	-5.187070	5.187070	5.187070	-0.000002	-0.000002	0.000000	-3.984996	-1.804717	0.000000	92061.968750	1339.868286	94356.914062
2003	04	0.000000	-5.892458	5.892458	5.892458	-0.000002	-0.000002	0.000000	-7.168391	-5.915216	0.000000	92061.968750	1339.611694	94356.726562
2003	04	0.000000	-5.561192	5.561192	5.561192	-0.000002	-0.000002	0.000000	-7.487598	-4.955006	0.000000	92061.968750	1339.339600	94356.531250
2003	04	0.000000	-4.610575	4.610575	4.610575	-0.000002	-0.000002	0.000000	-8.973052	-3.243814	0.000000	92061.968750	1339.099854	94356.367188
2003	04	0.000000	-4.614795	4.614795	4.614795	-0.000002	-0.000002	0.000000	1.494464	-1.559359	0.000000	92061.968750	1338.874146	94356.210938
2003	04	0.000000	-4.243975	4.243975	4.243975	-0.000002	-0.000002	0.000000	8.350804	0.144410	0.000000	92061.968750	1338.653320	94356.062500
2003	04	0.000000	-3.521861	3.521861	3.521861	-0.000001	-0.000001	0.000000	10.783957	0.138042	0.000000	92061.968750	1338.447021	94355.929688
2003	04	0.000000	-4.154855	4.154855	4.154855	-0.000002	-0.000002	0.000000	1.611791	-0.276329	0.000000	92061.968750	1338.246338	94355.804688
2003	04	0.000000	-3.319457	3.319457	3.319457	-0.000001	-0.000001	0.000000	11.179923	-0.350261	0.000000	92061.968750	1338.050781	94355.679688
2003	04	0.000000	-5.977516	5.977516	5.977516	-0.000002	-0.000002	0.000000	-4.285262	-2.181341	0.000000	92061.968750	1337.830811	94355.539062
2003	04	0.000000	-5.293970	5.293970	5.293970	-0.000002	-0.000002	0.000000	-8.460771	-2.932633	0.000000	92061.968750	1337.551880	94355.328125
2003	04	0.000000	-4.736022	4.736022	4.736022	-0.000002	-0.000002	0.000000	-0.614018	-1.418529	0.000000	92061.968750	1337.318359	94355.171875
2003	04	0.000000	-4.779670	4.779670	4.779670	-0.000002	-0.000002	0.000000	7.112811	0.035445	0.000000	92061.968750	1337.088257	94355.015625
2003	04	0.000000	-4.733515	4.733515	4.733515	-0.000002	-0.000002	0.000000	6.780403	0.056554	0.000000	92061.968750	1336.854736	94354.851562
2003	04	0.000000	-5.074678	5.074678	5.074678	-0.000002	-0.000002	0.000000	2.257246	0.618003	0.000000	92061.968750	1336.616699	94354.687500
2003	04	0.000000	-4.669491	4.669491	4.669491	-0.000002	-0.000002	0.000000	1.309714	0.396504	0.000000	92061.968750	1336.380005	94354.523438
2003	04	0.000000	-4.501321	4.501321	4.501321	-0.000002	-0.000002	0.000000	8.782020	1.163010	0.000000	92061.968750	1336.153198	94354.375000
2003	04	0.000000	-4.868742	4.868742	4.868742	-0.000002	-0.000002	0.000000	-2.958820	-0.668552	0.000000	92061.968750	1335.925781	94354.218750
2003	04	0.000000	-5.404692	5.404692	5.404692	-0.000002	-0.000002	0.000000	-1.690157	-1.210458	0.000000	92061.968750	1335.683472	94354.046875
2003	04	0.000000	-5.248087	5.248087	5.248087	-0.000002	-0.000002	0.000000	-0.600965	-0.545350	0.000000	92061.968750	1335.429321	94353.867188
2003	04	0.000000	-5.611010	5.611010	5.611010	-0.000002	-0.000002	0.000000	-3.484519	-1.782771	0.000000	92061.968750	1335.177124	94353.687500
2003	04	0.000000	-6.923640	6.923640	6.923640	-0.000003	-0.000003	0.000000	-2.252213	-1.130928	0.000000	92061.968750	1334.897583	94353.484375
2003	04	0.000000	-7.056853	7.056853	7.056853	-0.000003	-0.000003	0.000000	-2.071612	-1.416264	0.000000	92061.968750	1334.592529	94353.250000
2003	04	0.000000	-6.572914	6.572914	6.572914	-0.000003	-0.000003	0.000000	-2.035405	-1.102747	0.000000	92061.968750	1334.289795	94353.023438
2003	04	0.000000	-6.446382	6.446382	6.446382	-0.000002	-0.000002	0.000000	-0.160865	0.541845	0.000000	92061.968750	1334.000000	94352.804688
2003	04	0.000000	-6.520309	6.520309	6.520309	-0.000003	-0.000003	0.000000	-2.866821	0.338805	0.000000	92061.968750	1333.711792	94352.585938
2003	05	0.000000	-6.909257	6.909257	6.909257	-0.000003	-0.000003	0.000000	-8.569704	-1.610221	0.000000	92061.968750	1333.416748	94352.367188
2003	05	0.000000	-7.353689	7.353689	7.353689	-0.000003	-0.000003	0.000000	-10.320738	-2.804968	0.000000	92061.968750	1333.109009	94352.132812
2003	05	0.000000	-7.932354	7.932354	7.932354	-0.000003	-0.000003	0.000000	-5.894080	-1.039266	0.000000	92061.968750	1332.806030	94351.898438
2003	05	0.000000	-6.798972	6.798972	6.798972	-0.000003	-0.000003	0.000000	-7.916893	-3.356894	0.000000	92061.968750	1332.479004	94351.648438
2003	05	0.000000	-8.603200	8.603200	8.603200	-0.000003	-0.000003	0.000000	-7.377776	1.828696	0.000000	92061.968750	1332.174438	94351.414062
2003	05	0.000000	-8.078815	8.078815	8.078815	-0.000003	-0.000003	0.000000	-20.949503	-4.830340	0.000000	92061.968750	1331.821411	94351.132812
2003	05	0.000000	-7.762780	7.762780	7.762780	-0.000003	-0.000003	0.000000	-11.421938	0.597659	0.000000	92061.968750	1331.499023	94350.882812
2003	05	0.000000	-7.419081	7.419081	7.419081	-0.000003	-0.000003	0.000000	-11.767973	-3.231247	0.000000	92061.968750	1331.177124	94350.640625
2003	05	0.000000	-6.444984	6.444984	6.444984	-0.000002	-0.000002	0.000000	-9.248592	-1.512451	0.000000	92061.968750	1330.879028	94350.414062
2003	05	0.000000	-5.979505	5.979505	5.979505	-0.000002	-0.000002	0.000000	-9.155276	-1.405627	0.000000	92061.968750	1330.610229	94350.218750
2003	05	0.000000	-6.315113	6.315113	6.315113	-0.000002	-0.000002	0.000000	0.748829	1.423001	0.000000	92061.968750	1330.341553	94350.023438
2003	05	0.000000	-6.481046	6.481046	6.481046	-0.000002	-0.000002	0.000000	-1.256925	3.210496	0.000000	92061.968750	1330.059937	94349.812500
2003	05	0.000000	-8.289891	8.289891	8.289891	-0.000003	-0.000003	0.000000	-2.408515	5.863339	0.000000	92061.968750	1329.753540	94349.578125
2003	05	0.000000	-6.682782	6.682782	6.682782	-0.000002	-0.000002	0.000000	-5.486288	-0.524753	0.000000	92061.968750	1329.432129	94349.328125
2003	05	0.000000	-7.200337	7.200337	7.200337	-0.000003	-0.000003	0.000000	0.027533	4.581580	0.000000	92061.968750	1329.141235	94349.109375
2003	05	0.000000	-6.615407	6.615407	6.615407	-0.000002	-0.000002	0.000000	-3.932381	0.618924	0.000000	92061.968750	1328.847534	94348.890625
2003	05	0.000000	-7.167088	7.167088	7.167088	-0.000003	-0.000003	0.000000	-1.195797	3.994884	0.000000	92061.968750	1328.549683	94348.664062
2003	05	0.000000	-7.256578	7.256578	7.256578	-0.000003	-0.000003	0.000000	-5.442355	1.192709	0.000000	92061.968750	1328.242920	94348.429688
2003	05	0.000000	-7.757122	7.757122	7.757122	-0.000003	-0.000003	0.000000	6.852280	6.712928	0.000000	92061.968750	1327.935303	94348.195312
2003	05	0.000000	-6.987858	6.987858	6.987858	-0.000003	-0.000003	0.000000	7.877155	3.337123	0.000000	92061.968750	1327.624146	94347.960938
2003	05	0.000000	-6.735150	6.735150	6.735150	-0.000003	-0.000003	0.000000	6.294270	3.338904	0.000000	92061.968750	1327.325562	94347.734375
2003	05	0.000000	-6.864400	6.864400	6.864400	-0.000003	-0.000003	0.000000	8.328423	6.884558	0.000000	92061.968750	1327.034790	94347.515625
2003	05	0.000000	-7.747621	7.747621	7.747621	-0.000003	-0.000003	0.000000	4.910246	6.270805	0.000000	92061.968750	1326.730835	94347.281250
2003	05	0.000000	-7.176371	7.176371	7.176371	-0.000003	-0.000003	0.000000	5.482384	7.655812	0.000000	92061.968750	1326.416138	94347.039062
2003	05	0.000000	-6.812459	6.812459	6.812459	-0.000003	-0.000003	0.000000	5.361510	6.869829	0.000000	92061.968750	1326.118286	94346.812500
2003	05	0.000000	-7.563167	7.563167	7.563167	-0.000003	-0.000003	0.000000	0.831054	7.215518	0.000000	92061.968750	1325.815796	94346.585938
2003	05	0.000000	-7.659371	7.659371	7.659371	-0.000003	-0.000003	0.000000	-9.078861	5.411655	0.000000	92061.968750	1325.497192	94346.343750
2003	05	0.000000	-7.611570	7.611570	7.611570	-0.000003	-0.000003	0.000000	4.946139	10.592760	0.000000	92061.968750	1325.180176	94346.093750
2003	05	0.000000	-7.092015	7.092015	7.092015	-0.000003	-0.000003	0.000000	1.354808	7.154317	0.000000	92061.968750	1324.869141	94345.859375
2003	05	0.000000	-6.548746	6.548746	6.548746	-0.000002	-0.000002	0.000000	1.125161	4.594872	0.000000	92061.968750	1324.575439	94345.632812
2003	05	0.000000	-6.956824	6.956824	6.956824	-0.000003	-0.000003	0.000000	8.921778	11.724064	0.000000	92061.968750	1324.287354	94345.421875
2003	06	0.000000	-6.834288	6.834288	6.834288	-0.000003	-0.000003	0.000000	4.260176	8.401486	0.000000	92061.968750	1323.990112	94345.195312
2003	06	0.000000	-6.684517	10.888781	10.888781	-0.000004	-0.000004	4.204263	2.600800	6.023343	0.000000	92062.054688	1323.690308	94344.906250
2003	06	0.000000	-6.775674	32.914059	32.914059	-0.000013	-0.000013	26.138386	1.120229	6.425196	0.000000	92062.679688	1323.395020	94344.210938
2003	06	0.000000	-7.119771	17.245935	17.245935	-0.000007	-0.000007	10.126163	-3.727690	8.209579	0.000000	92063.617188	1323.093994	94343.250000
2003	06	0.000000	-7.712820	8.714111	8.714111	-0.000003	-0.000003	1.001292	-41.978050	-7.785678	0.000000	92063.703125	1322.774780	94342.906250
2003	06	0.000000	-7.713264	8.778965	8.778965	-0.000003	-0.000003	1.065702	-33.584530	-14.891802	0.000000	92063.718750	1322.442139	94342.609375
2003	06	0.000000	-7.474408	8.650213	8.650213	-0.000003	-0.000003	1.175805	-15.070245	-4.063212	0.000000	92063.734375	1322.117798	94342.320312
2003	06	0.000000	-7.516238	8.819477	8.819477	-0.000003	-0.000003	1.303239	-11.165943	-2.591632	0.000000	92063.750000	1321.796875	94342.031250
2003	06	0.000000	-7.839357	9.164594	9.164594	-0.000004	-0.000004	1.325236	-17.558611	-3.787395	0.000000	92063.765625	1321.466919	94341.726562
2003	06	0.000000	-7.638443	8.897553	8.897553	-0.000003	-0.000003	1.259110	-12.700894	-3.051587	0.000000	92063.789062	1321.140381	94341.429688
2003	06	0.000000	-7.726591	9.095142	9.095142	-0.000004	-0.000004	1.368552	-13.638569	-5.251794	0.000000	92063.804688	1320.812622	94341.132812
2003	06	0.000000	-7.327051	8.834799	8.834799	-0.000003	-0.000003	1.507748	-26.113716	-3.816150	0.000000	92063.820312	1320.486084	94340.828125
2003	06	0.000000	-7.424872	15.867502	15.867502	-0.000006	-0.000006	8.442630	-10.282802	2.050576	0.000000	92063.921875	1320.172729	94340.460938
2003	06	0.000000	-8.392367	66.915665	66.915665	-0.000026	-0.000026	58.523300	-26.501751	3.611043	0.000000	92065.078125	1319.834717	94339.164062
2003	06	0.000000	-7.973326	87.359787	87.359787	-0.000034	-0.000034	79.386467	39.291843	26.502861	0.000000	92068.031250	1319.492065	94336.218750
2003	06	0.000000	-7.950637	72.054855	72.054855	-0.000028	-0.000028	64.104218	6.904298	26.521334	0.000000	92069.937500	1319.147705	94333.757812
2003	06	0.000000	-7.643461	72.995926	72.995926	-0.000028	-0.000028	65.352470	93.003822	42.917507	0.000000	92071.671875	1318.818970	94331.312500
2003	06	0.000000	-7.655349	69.744621	69.744621	-0.000027	-0.000027	62.089268	63.322838	29.113495	0.000000	92073.234375	1318.494385	94328.921875
2003	06	0.000000	-8.401445	90.715691	90.715691	-0.000035	-0.000035	82.314247	68.547661	35.213161	0.000000	92074.960938	1318.150513	94326.273438
2003	06	0.000000	-8.033587	65.067909	65.067909	-0.000025	-0.000025	57.034321	31.584263	13.969481	0.000000	92076.429688	1317.817017	94323.718750
2003	06	0.000000	-10.118849	76.794907	76.794907	-0.000030	-0.000030	66.676056	60.861649	40.774075	0.000000	92077.390625	1317.436279	94321.312500
2003	06	7.152866	-5.635461	88.631706	81.478828	-0.000031	-0.000031	75.843369	56.548214	60.329052	19850.875000	92078.437500	1317.045898	94318.601562
2003	06	25.379627	10.805274	93.186409	67.806778	-0.000026	-0.000026	78.612053	77.126709	64.218201	70434.398438	92079.546875	1317.097046	94316.132812
2003	06	39.625359	24.169102	99.455147	59.829792	-0.000023	-0.000023	83.998894	83.926804	53.233807	109969.640625	92080.742188	1317.685303	94314.101562
2003	06	42.358894	26.942463	87.655746	45.296856	-0.000017	-0.000017	72.239319	53.118450	57.678776	117555.835938	92081.859375	1318.514648	94312.343750
2003	06	63.718300	44.075558	85.215637	21.497335	-0.000008	-0.000008	65.572891	40.818226	39.247944	176833.187500	92082.703125	1319.560547	94311.250000
2003	06	67.527138	45.926006	88.515457	20.988321	-0.000008	-0.000008	66.914330	-17.058105	17.125423	187403.593750	92083.468750	1320.975952	94310.523438
2003	06	102.256599	73.566475	100.433960	-1.822643	0.000001	0.000001	71.743828	2.288675	36.062485	283785.968750	92084.195312	1323.004883	94310.320312
2003	06	113.379448	81.592545	105.970558	-7.408891	0.000003	0.000003	74.183655	22.369524	55.001942	314654.468750	92084.882812	1325.731812	94310.640625
2003	06	124.288216	91.625603	99.975708	-24.312511	0.000009	0.000009	67.313095	27.621208	47.553341	344928.843750	92085.437500	1328.451172	94311.109375
2003	07	163.016190	123.152779	108.582886	-54.433300	0.000020	0.000020	68.719482	53.312054	61.246147	437814.218750	92085.890625	1331.805298	94312.304688
2003	07	209.807999	159.127106	126.027229	-83.780754	0.000031	0.000031	75.346352	56.258156	85.657471	563483.437500	92086.273438	1336.358398	94314.585938
2003	07	212.384964	158.203949	132.541367	-79.843590	0.000030	0.000030	78.360359	34.320602	70.500519	570404.437500	92086.617188	1341.393433	94317.226562
2003	07	257.639008	192.073959	146.768723	-110.870300	0.000041	0.000041	81.203651	-15.308940	107.680344	691943.750000	92086.882812	1347.013672	94320.335938
2003	07	233.565140	168.890732	146.118500	-87.446625	0.000033	0.000033	81.444107	-20.307083	74.254318	627288.250000	92087.054688	1352.954834	94323.734375
2003	07	198.171066	147.150757	119.802200	-78.368858	0.000029	0.000029	68.781906	16.435371	49.261898	532230.062500	92087.187500	1357.784302	94326.210938
2003	07	287.562836	219.532745	136.545380	-151.017456	0.000056	0.000056	68.515289	47.892258	93.329765	772310.437500	92087.203125	1363.784546	94330.085938
2003	07	320.994202	242.457718	150.084610	-170.909607	0.000064	0.000064	71.548096	40.305836	92.844383	862097.437500	92087.156250	1371.078369	94335.203125
2003	07	280.795227	205.372009	148.160812	-132.634415	0.000050	0.000050	72.737602	32.506618	108.060387	754134.625000	92087.078125	1378.099487	94339.945312
2003	07	323.599884	236.862701	164.175873	-159.424011	0.000060	0.000060	77.438698	7.990022	119.067009	869095.437500	92086.953125	1385.236938	94344.742188
2003	07	259.209869	187.954346	140.192459	-119.017403	0.000044	0.000044	68.936951	11.507112	78.097206	696162.562500	92086.796875	1392.536621	94349.773438
2003	07	249.194168	183.274933	126.854515	-122.339645	0.000046	0.000046	60.935276	18.524242	63.745499	669263.312500	92086.679688	1397.968140	94353.210938
2003	07	307.115112	230.613510	140.956787	-166.158340	0.000062	0.000062	64.455185	66.643860	85.785660	824822.125000	92086.429688	1404.773804	94358.062500
2003	07	326.359436	243.828552	146.757507	-179.601944	0.000067	0.000067	64.226601	53.296032	88.996613	876506.875000	92086.093750	1412.343750	94363.632812
2003	07	320.239563	235.051895	150.025223	-170.214325	0.000064	0.000064	64.837555	39.056839	94.426361	860070.625000	92085.734375	1419.955444	94369.234375
2003	07	324.479553	238.769150	147.795090	-176.684464	0.000066	0.000066	62.084705	45.189583	95.522606	871458.062500	92085.351562	1427.605591	94374.914062
2003	07	331.292542	237.985641	155.426056	-175.866486	0.000066	0.000066	62.119179	19.636988	110.343590	889755.687500	92084.945312	1435.030396	94380.421875
2003	07	285.537537	195.127426	154.089035	-131.448502	0.000049	0.000049	63.678917	16.472418	99.592422	766871.000000	92084.539062	1441.881226	94385.312500
2003	07	250.305115	168.106659	144.198181	-106.106926	0.000040	0.000040	61.999725	5.309144	68.338676	672247.000000	92084.156250	1448.100098	94389.617188
2003	07	280.689362	195.449829	146.441635	-134.247711	0.000050	0.000050	61.202114	14.538541	52.192799	753850.250000	92083.781250	1453.530640	94393.132812
2003	07	307.516602	217.198929	148.474625	-159.041977	0.000059	0.000059	58.156948	3.466284	79.499191	825900.375000	92083.351562	1460.161377	94397.898438
2003	07	265.264008	172.838348	152.071793	-113.192207	0.000042	0.000042	59.646130	-22.518896	66.522446	712422.187500	92082.921875	1466.483521	94402.421875
2003	07	263.189697	175.936096	144.736282	-118.453415	0.000044	0.000044	57.482666	-6.649229	54.667667	706851.250000	92082.476562	1472.310913	94406.437500
2003	07	277.472870	191.499359	140.922180	-136.550659	0.000051	0.000051	54.948704	14.015004	51.322182	745211.625000	92082.054688	1477.576416	94409.968750
2003	07	268.256561	176.006210	149.326065	-118.930496	0.000044	0.000044	57.075699	14.242194	73.559288	720459.312500	92081.585938	1484.231079	94414.898438
2003	07	140.596497	76.975571	117.171158	-23.425346	0.000009	0.000009	53.550220	-5.011024	22.617739	377601.437500	92081.203125	1487.586670	94416.562500
2003	07	232.011002	159.085938	122.962463	-109.048531	0.000041	0.000041	50.037399	35.961670	32.296146	623114.250000	92080.820312	1491.098511	94418.476562
2003	07	251.924133	167.570099	137.206406	-114.717728	0.000043	0.000043	52.852367	35.754192	50.333889	676595.187500	92080.367188	1497.065063	94422.875000
2003	07	251.520218	169.851334	130.283661	-121.236557	0.000045	0.000045	48.614792	37.174297	52.113384	675510.437500	92079.960938	1502.249878	94426.492188
2003	07	242.785629	164.251190	124.699425	-118.086205	0.000044	0.000044	46.164974	70.139114	47.698658	652051.812500	92079.578125	1507.317261	94430.117188
2003	07	264.184845	176.709122	134.514862	-129.669968	0.000048	0.000048	47.039150	56.629612	54.751850	709523.875000	92079.179688	1512.855103	94434.234375
2003	08	227.034515	135.001892	143.089722	-83.944794	0.000031	0.000031	51.057091	29.785694	50.483887	609748.937500	92078.765625	1518.206299	94438.101562
2003	08	213.752655	129.014496	134.640030	-79.112625	0.000030	0.000030	49.901878	12.074046	27.057856	574077.687500	92078.390625	1521.745850	94440.078125
2003	08	239.538757	147.680008	141.576553	-97.962181	0.000037	0.000037	49.717819	35.917957	58.722134	643331.625000	92077.960938	1526.559570	94443.375000
2003	08	189.652512	107.574158	130.795013	-58.857479	0.000022	0.000022	48.716671	20.135698	33.447121	509351.656250	92077.546875	1530.612915	94445.929688
2003	08	196.750259	118.406654	125.643410	-71.106850	0.000027	0.000027	47.299797	31.261538	36.704647	528414.187500	92077.148438	1534.005493	94447.859375
2003	08	215.328766	126.763039	138.388977	-76.939781	0.000029	0.000029	49.823257	41.782192	51.753025	578310.687500	92076.679688	1538.054810	94450.429688
2003	08	233.221725	133.404800	151.991226	-81.230492	0.000030	0.000030	52.174309	16.319563	61.897701	626366.000000	92076.164062	1542.275513	94453.078125
2003	08	240.283539	134.805466	158.643784	-81.639748	0.000030	0.000030	53.165703	10.049718	56.628380	645331.937500	92075.625000	1546.489624	94455.671875
2003	08	232.501434	122.431862	165.694717	-66.806709	0.000025	0.000025	55.625153	6.736125	57.595570	624431.437500	92075.054688	1550.600342	94458.109375
2003	08	173.450027	90.959732	134.884201	-38.565830	0.000014	0.000014	52.393906	28.483179	55.982815	465836.531250	92074.500000	1554.229004	94460.062500
2003	08	145.330170	76.435303	116.879463	-28.450722	0.000011	0.000011	47.984581	60.730747	40.314075	390314.750000	92074.023438	1556.710815	94461.039062
2003	08	130.015839	67.025978	108.821281	-21.194561	0.000008	0.000008	45.831421	46.560421	28.193176	349184.875000	92073.562500	1558.986206	94461.882812
2003	08	140.120834	73.616646	112.523697	-27.597136	0.000010	0.000010	46.019516	61.758808	29.015684	376323.968750	92073.117188	1561.194092	94462.703125
2003	08	139.621094	70.167725	116.301964	-23.319122	0.000009	0.000009	46.848606	39.006382	26.605949	374981.781250	92072.656250	1563.507935	94463.609375
2003	08	135.365051	67.188805	114.797615	-20.567436	0.000008	0.000008	46.621372	29.251314	20.496693	363551.312500	92072.195312	1565.615601	94464.296875
2003	08	136.332886	66.152336	117.068733	-19.264156	0.000007	0.000007	46.888176	24.314987	23.612450	366150.625000	92071.726562	1567.748779	94465.000000
2003	08	146.621933	72.865509	121.288857	-25.333076	0.000009	0.000009	47.532436	19.409729	28.127279	393784.031250	92071.242188	1570.162598	94465.976562
2003	08	121.070915	49.157341	120.020859	-1.050062	0.000000	0.000000	48.107277	-10.580725	26.587997	325161.406250	92070.765625	1572.044189	94466.414062
2003	08	93.036377	31.871712	108.548065	15.511689	-0.000006	-0.000006	47.383400	2.717645	12.651807	249868.734375	92070.335938	1573.147339	94466.054688
2003	08	92.548470	33.847466	104.763039	12.214580	-0.000005	-0.000005	46.062042	6.691610	14.797793	248558.343750	92069.914062	1574.206909	94465.687500
2003	08	92.755455	35.320358	102.584732	9.829266	-0.000004	-0.000004	45.149624	30.507236	19.005234	249114.281250	92069.492188	1575.306641	94465.406250
2003	08	102.171661	44.414345	102.121651	-0.050017	0.000000	0.000000	44.364330	37.964413	19.389383	274403.468750	92069.046875	1576.675659	94465.414062
2003	08	95.106377	39.035152	99.837212	4.730836	-0.000002	-0.000002	43.765991	36.514652	17.169054	255428.156250	92068.617188	1577.936279	94465.343750
2003	08	92.820740	37.972542	97.434448	4.613702	-0.000002	-0.000002	42.586246	42.739922	23.087959	249289.625000	92068.179688	1579.197632	94465.289062
2003	08	91.721031	37.105785	96.819801	5.098763	-0.000002	-0.000002	42.204544	41.284306	21.441341	246336.109375	92067.750000	1580.380127	94465.195312
2003	08	92.790215	37.984528	97.326332	4.536123	-0.000002	-0.000002	42.520649	44.541370	18.991467	249207.625000	92067.320312	1581.543213	94465.085938
2003	08	94.405556	36.079506	101.702049	7.296490	-0.000003	-0.000003	43.375999	29.856232	19.477127	253545.968750	92066.890625	1582.664062	94464.906250
2003	08	105.707970	41.746956	108.212509	2.504541	-0.000001	-0.000001	44.251499	10.263924	23.755955	283900.968750	92066.437500	1583.953247	94464.867188
2003	08	95.952347	31.653748	110.024986	14.072638	-0.000005	-0.000005	45.726383	8.534612	24.067879	257700.187500	92065.960938	1585.267700	94464.820312
2003	08	66.769066	17.661224	92.177673	25.408606	-0.000009	-0.000009	43.069828	23.406782	18.259748	179322.359375	92065.539062	1585.857910	94464.054688
2003	08	63.842598	18.027473	86.090103	22.247503	-0.000008	-0.000008	40.274975	33.716370	18.739231	171462.703125	92065.125000	1586.422974	94463.359375
2003	09	59.491920	11.725645	87.908295	28.416372	-0.000011	-0.000011	40.142014	5.155445	14.830644	165104.000000	92064.726562	1586.711060	94462.437500
2003	09	88.681778	34.079964	95.785973	7.104193	-0.000003	-0.000003	41.184155	20.854374	14.644444	246112.671875	92064.281250	1587.680908	94462.125000
2003	09	84.893524	28.208700	98.956680	14.063156	-0.000005	-0.000005	42.271854	3.978791	28.381683	235599.375000	92063.820312	1588.832642	94461.968750
2003	09	49.765434	8.513299	79.793755	30.028320	-0.000012	-0.000012	38.541618	24.976822	15.253386	138110.718750	92063.398438	1589.159424	94461.031250
2003	09	63.325748	10.696369	94.024307	30.698563	-0.000012	-0.000012	41.394932	4.163027	15.067075	175743.750000	92062.992188	1589.401733	94460.054688
2003	09	83.570229	23.250845	104.369003	20.798763	-0.000008	-0.000008	44.049610	-20.191319	12.438666	231926.937500	92062.531250	1590.153320	94459.460938
2003	09	80.589020	22.558800	101.831200	21.242184	-0.000008	-0.000008	43.800980	-17.658787	25.800100	223653.390625	92062.046875	1590.987915	94458.906250
2003	09	48.315434	4.147631	86.036102	37.720669	-0.000015	-0.000015	41.868298	-7.168973	19.123146	134086.625000	92061.601562	1591.283325	94457.859375
2003	09	37.023994	-2.119768	79.148750	42.124756	-0.000016	-0.000016	40.004993	5.806831	10.290810	102750.242188	92061.171875	1591.257568	94456.570312
2003	09	37.263401	-1.556629	78.680061	41.416653	-0.000016	-0.000016	39.860027	11.061679	12.262042	103414.656250	92060.742188	1591.181885	94455.242188
2003	09	32.389149	-3.721540	74.705566	42.316418	-0.000016	-0.000016	38.594879	3.888891	11.994152	89887.460938	92060.320312	1591.014038	94453.859375
2003	09	34.401562	-2.515252	75.041145	40.639584	-0.000016	-0.000016	38.124332	1.164447	9.749847	95472.382812	92059.898438	1590.897827	94452.554688
2003	09	38.707111	0.004202	77.001945	38.294834	-0.000015	-0.000015	38.299038	9.085279	15.996886	107421.281250	92059.476562	1590.866089	94451.335938
2003	09	44.821968	3.168072	80.763092	35.941128	-0.000014	-0.000014	39.109200	10.260445	7.669027	124391.453125	92059.046875	1590.921509	94450.187500
2003	09	51.419537	9.304640	81.479378	30.059843	-0.000012	-0.000012	39.364483	5.688261	3.213979	142701.234375	92058.617188	1591.175171	94449.210938
2003	09	49.853588	6.826012	82.654877	32.801289	-0.000013	-0.000013	39.627304	1.372806	7.428470	138355.359375	92058.179688	1591.385498	94448.195312
2003	09	45.219284	2.723195	82.505821	37.286545	-0.000014	-0.000014	40.009739	0.041225	5.938685	125494.070312	92057.742188	1591.495605	94447.070312
2003	09	42.537716	3.223680	78.602661	36.064949	-0.000014	-0.000014	39.288628	1.101039	3.673447	118052.101562	92057.289062	1591.614502	94445.945312
2003	09	40.168427	2.092299	76.695724	36.527294	-0.000014	-0.000014	38.619591	5.024821	9.408840	111476.781250	92056.851562	1591.669434	94444.789062
2003	09	32.254192	-5.546089	76.387260	44.133072	-0.000017	-0.000017	38.586987	-7.144120	1.698761	89512.914062	92056.406250	1591.514038	94443.445312
2003	09	30.291275	-6.693790	75.870331	45.579056	-0.000018	-0.000018	38.885265	-6.322004	2.497485	84065.367188	92055.960938	1591.289185	94442.015625
2003	09	27.709496	-6.801995	72.949699	45.240204	-0.000017	-0.000017	38.438210	-2.531755	10.544283	76900.328125	92055.507812	1591.064819	94440.585938
2003	09	22.051468	-7.351675	64.650276	42.598808	-0.000016	-0.000016	35.247135	12.107656	5.078412	61197.984375	92055.070312	1590.789307	94439.156250
2003	09	17.958115	-9.689215	61.176075	43.217960	-0.000017	-0.000017	33.528744	3.462551	2.397272	49837.964844	92054.640625	1590.439453	94437.757812
2003	09	18.077122	-11.718598	64.745766	46.668648	-0.000018	-0.000018	34.950050	-3.954628	8.619059	50168.238281	92054.218750	1590.037842	94436.320312
2003	09	11.355376	-13.359385	56.821896	45.466518	-0.000018	-0.000018	32.107132	13.709123	12.426815	31513.826172	92053.789062	1589.582275	94434.812500
2003	09	11.802386	-11.928169	52.078785	40.276398	-0.000016	-0.000016	28.348228	11.490837	2.488546	32754.382812	92053.382812	1589.085449	94433.398438
2003	09	11.414519	-12.357760	50.127705	38.713181	-0.000015	-0.000015	26.355423	9.275805	2.188698	31677.960938	92052.992188	1588.616333	94432.117188
2003	09	9.342683	-15.320121	51.030869	41.688183	-0.000016	-0.000016	26.368063	6.015609	4.363695	25928.130859	92052.617188	1588.134766	94430.843750
2003	09	0.000000	-21.978594	48.651169	48.651169	-0.000019	-0.000019	26.672575	1.297990	5.673715	0.000000	92052.234375	1587.450439	94429.359375
2003	10	0.000000	-20.612595	45.129707	45.129707	-0.000017	-0.000017	24.517111	2.069392	4.519357	0.000000	92051.859375	1586.776611	94427.921875
2003	10	0.000000	-22.913015	46.145607	46.145607	-0.000017	-0.000017	23.232590	-4.550287	1.532089	0.000000	92051.507812	1585.827881	94426.601562
2003	10	0.710456	-19.805182	43.947849	43.237392	-0.000016	-0.000016	23.432211	-6.024748	1.568439	1908.080078	92051.164062	1583.575562	94425.226562
2003	10	1.986761	-20.038429	44.037121	42.050362	-0.000016	-0.000016	22.011930	-6.603881	2.359738	5335.865234	92050.851562	1579.857544	94423.937500
2003	10	0.754156	-17.089193	39.404282	38.650127	-0.000014	-0.000014	21.560934	0.216059	2.816335	2025.442993	92050.578125	1574.664795	94422.687500
2003	10	1.194269	-19.586210	41.339386	40.145115	-0.000015	-0.000015	20.558903	-2.806365	-0.333090	3207.458984	92050.343750	1567.987183	94421.476562
2003	10	1.087616	-19.450527	41.123257	40.035641	-0.000015	-0.000015	20.585117	-3.480190	-1.105044	2921.020996	92050.156250	1559.745972	94420.218750
2003	10	0.606677	-17.143473	36.789814	36.183136	-0.000014	-0.000014	19.039663	-3.059419	-1.564251	1629.358887	92050.000000	1550.055664	94419.023438
2003	10	0.515532	-18.620588	37.492374	36.976841	-0.000014	-0.000014	18.356253	-4.256643	-2.464805	1384.568848	92049.875000	1538.861694	94417.867188
2003	10	0.394118	-20.960457	39.656605	39.262486	-0.000015	-0.000015	18.302031	-10.105611	-3.481284	1058.486938	92049.789062	1526.110596	94416.648438
2003	10	0.306051	-22.079218	40.819477	40.513428	-0.000015	-0.000015	18.434212	-13.633039	-4.681087	821.965027	92049.742188	1511.780396	94415.343750
2003	10	0.099649	-20.468889	38.919018	38.819370	-0.000014	-0.000014	18.350481	-15.236398	-5.519110	267.628510	92049.718750	1495.961914	94414.046875
2003	10	0.000000	-21.565296	40.080444	40.080444	-0.000015	-0.000015	18.515148	-13.041158	-5.470082	0.000000	92049.734375	1478.640015	94412.726562
2003	10	0.002571	-21.838526	40.598049	40.595478	-0.000015	-0.000015	18.756952	-22.059582	-7.356938	6.906251	92049.789062	1459.777588	94411.343750
2003	10	0.009151	-23.084366	41.524578	41.515427	-0.000016	-0.000016	18.431065	-20.935263	-7.749421	24.576267	92049.882812	1439.439697	94409.953125
2003	10	0.007350	-27.968246	46.244358	46.237007	-0.000017	-0.000017	18.268761	-9.938578	-4.341564	19.740162	92049.992188	1417.500122	94408.421875
2003	10	0.000000	-31.990955	50.147167	50.147167	-0.000019	-0.000019	18.156210	-6.187009	-3.171106	0.000000	92050.132812	1405.843750	94406.710938
2003	10	0.000000	-23.843493	41.476093	41.476093	-0.000015	-0.000015	17.632601	-14.060497	-4.085318	0.000000	92050.265625	1404.666870	94405.031250
2003	10	0.000000	-17.697903	34.020088	34.020088	-0.000013	-0.000013	16.322187	-3.654161	-0.703788	0.000000	92050.375000	1403.870239	94403.765625
2003	10	0.000000	-20.928394	36.319447	36.319447	-0.000014	-0.000014	15.391051	-3.526827	-1.079768	0.000000	92050.460938	1403.028809	94402.492188
2003	10	0.000000	-21.032671	35.950760	35.950760	-0.000013	-0.000013	14.918091	-8.158258	-3.304335	0.000000	92050.523438	1402.122314	94401.171875
2003	10	0.000000	-14.118183	28.531687	28.531687	-0.000011	-0.000011	14.413505	-10.158170	-1.641818	0.000000	92050.585938	1401.379395	94400.031250
2003	10	0.000000	-15.808689	29.811563	29.811563	-0.000011	-0.000011	14.002874	-3.385854	-0.666453	0.000000	92050.640625	1400.684937	94398.960938
2003	10	0.000000	-12.739715	26.262625	26.262625	-0.000010	-0.000010	13.522908	-0.896040	-0.378977	0.000000	92050.695312	1400.032715	94397.937500
2003	10	0.000000	-14.050693	26.919039	26.919039	-0.000010	-0.000010	12.868344	-10.372093	-2.020790	0.000000	92050.734375	1399.434814	94396.992188
2003	10	0.000000	-16.935986	29.327513	29.327513	-0.000011	-0.000011	12.391526	-10.524967	-2.298010	0.000000	92050.773438	1398.706909	94395.937500
2003	10	0.000000	-11.909914	23.932417	23.932417	-0.000009	-0.000009	12.022503	-4.182509	-0.669821	0.000000	92050.804688	1398.095825	94395.007812
2003	10	0.000000	-16.096090	27.706490	27.706490	-0.000010	-0.000010	11.610397	-15.083024	-3.790346	0.000000	92050.835938	1397.475708	94394.085938
2003	10	0.000000	-16.956656	28.234970	28.234970	-0.000011	-0.000011	11.278314	-5.080858	-1.557266	0.000000	92050.867188	1396.753174	94393.070312
2003	10	0.000000	-17.470024	28.471334	28.471334	-0.000011	-0.000011	11.001308	-5.328415	-1.749238	0.000000	92050.898438	1396.042236	94392.070312
2003	10	0.000000	-17.206381	27.987793	27.987793	-0.000010	-0.000010	10.781412	-5.479747	-1.842903	0.000000	92050.921875	1395.294556	94391.054688
2003	11	0.000000	-13.598282	23.848948	23.848948	-0.000009	-0.000009	10.250666	-5.999207	-2.657658	0.000000	92050.945312	1394.640869	94390.132812
2003	11	0.000000	-17.516050	27.551191	27.551191	-0.000011	-0.000011	10.035138	-4.786925	-3.206738	0.000000	92050.960938	1393.965088	94389.195312
2003	11	0.000000	-16.572859	26.512978	26.512978	-0.000010	-0.000010	9.940121	-4.430582	-3.960580	0.000000	92050.976562	1393.216797	94388.187500
2003	11	0.000000	-15.182514	25.033327	25.033327	-0.000010	-0.000010	9.850813	-3.802498	-2.987591	0.000000	92050.992188	1392.543457	94387.257812
2003	11	0.000000	-14.670118	24.423164	24.423164	-0.000009	-0.000009	9.753047	-5.000790	-4.127298	0.000000	92051.007812	1391.887695	94386.351562
2003	11	0.000000	-14.607336	24.254063	24.254063	-0.000009	-0.000009	9.646727	-6.094697	-3.457077	0.000000	92051.015625	1391.265869	94385.484375
2003	11	0.000000	-15.686277	25.234135	25.234135	-0.000010	-0.000010	9.547855	-5.127573	-2.684410	0.000000	92051.023438	1390.604004	94384.578125
2003	11	0.000000	-12.003956	21.449530	21.449530	-0.000008	-0.000008	9.445573	-13.096553	-3.310392	0.000000	92051.023438	1389.989746	94383.726562
2003	11	0.000000	-11.555052	20.875727	20.875727	-0.000008	-0.000008	9.320676	-5.842783	-1.327154	0.000000	92051.031250	1389.449219	94382.945312
2003	11	0.000000	-11.198687	20.372288	20.372288	-0.000008	-0.000008	9.173600	1.226996	-0.198154	0.000000	92051.031250	1388.945557	94382.210938
2003	11	0.000000	-8.789886	17.811438	17.811438	-0.000007	-0.000007	9.021550	-3.222939	-0.703816	0.000000	92051.023438	1388.453369	94381.492188
2003	11	0.000000	-7.231622	16.055368	16.055368	-0.000006	-0.000006	8.823746	8.704427	-0.586990	0.000000	92051.023438	1388.059692	94380.882812
2003	11	0.000000	-6.498463	15.023979	15.023979	-0.000006	-0.000006	8.525517	2.642731	-0.812405	0.000000	92051.015625	1387.691406	94380.296875
2003	11	0.000000	-5.033105	13.143371	13.143371	-0.000005	-0.000005	8.110266	12.792013	-0.402566	0.000000	92051.000000	1387.370361	94379.773438
2003	11	0.000000	-5.473665	12.988016	12.988016	-0.000005	-0.000005	7.514351	6.004512	-0.393372	0.000000	92050.992188	1387.068970	94379.289062
2003	11	0.000000	-5.900464	12.895548	12.895548	-0.000005	-0.000005	6.995085	2.089799	-0.688386	0.000000	92050.976562	1386.746094	94378.804688
2003	11	0.000000	-6.797694	13.385597	13.385597	-0.000005	-0.000005	6.587903	1.198789	-0.673186	0.000000	92050.960938	1386.405151	94378.312500
2003	11	0.000000	-5.908774	12.182070	12.182070	-0.000005	-0.000005	6.273294	13.590745	0.048595	0.000000	92050.945312	1386.061523	94377.828125
2003	11	0.000000	-6.489170	12.387852	12.387852	-0.000005	-0.000005	5.898681	2.515719	-0.570872	0.000000	92050.929688	1385.749512	94377.390625
2003	11	0.000000	-7.383659	12.978088	12.978088	-0.000005	-0.000005	5.594430	-1.991563	-0.940482	0.000000	92050.914062	1385.378784	94376.906250
2003	11	0.000000	-6.377836	11.686219	11.686219	-0.000005	-0.000005	5.308383	10.796616	-0.480119	0.000000	92050.898438	1385.043335	94376.460938
2003	11	0.000000	-7.972372	13.001078	13.001078	-0.000005	-0.000005	5.028706	-4.039152	-1.676897	0.000000	92050.882812	1384.668457	94375.992188
2003	11	0.000000	-8.313186	13.156998	13.156998	-0.000005	-0.000005	4.843812	-4.820524	-2.009582	0.000000	92050.875000	1384.273438	94375.507812
2003	11	0.000000	-8.987612	13.673677	13.673677	-0.000005	-0.000005	4.686065	-8.929611	-2.861988	0.000000	92050.859375	1383.873291	94375.023438
2003	11	0.000000	-7.789438	12.320907	12.320907	-0.000005	-0.000005	4.531469	5.752939	-2.525373	0.000000	92050.851562	1383.468628	94374.546875
2003	11	0.000000	-5.827607	10.118909	10.118909	-0.000004	-0.000004	4.291302	14.891374	-0.796211	0.000000	92050.843750	1383.133179	94374.132812
2003	11	0.000000	-5.575043	9.529870	9.529870	-0.000004	-0.000004	3.954827	8.666210	-0.742081	0.000000	92050.835938	1382.833496	94373.773438
2003	11	0.000000	-6.760239	10.391683	10.391683	-0.000004	-0.000004	3.631443	1.476105	-1.809523	0.000000	92050.828125	1382.522827	94373.414062
2003	11	0.000000	-6.965089	10.412825	10.412825	-0.000004	-0.000004	3.447736	5.639151	-2.834037	0.000000	92050.812500	1382.174805	94373.023438
2003	11	0.000000	-6.059309	9.417997	9.417997	-0.000004	-0.000004	3.358689	6.935465	-2.125941	0.000000	92050.804688	1381.843994	94372.656250
2003	12	0.000000	-5.770792	9.122046	9.122046	-0.000003	-0.000003	3.351254	5.869277	-1.566812	0.000000	92050.796875	1381.547607	94372.328125
2003	12	0.000000	-4.956666	8.134632	8.134632	-0.000003	-0.000003	3.177966	-7.617253	-0.732747	0.000000	92050.789062	1381.262695	94372.007812
2003	12	0.000000	-4.673061	7.604126	7.604126	-0.000003	-0.000003	2.931065	-4.637354	-0.633630	0.000000	92050.781250	1381.006348	94371.734375
2003	12	0.000000	-4.318532	6.973201	6.973201	-0.000003	-0.000003	2.654669	-2.601581	-0.648286	0.000000	92050.765625	1380.752075	94371.460938
2003	12	0.000000	-4.467340	6.858354	6.858354	-0.000003	-0.000003	2.391014	-5.136466	-0.694589	0.000000	92050.757812	1380.507324	94371.210938
2003	12	0.000000	-3.897767	6.038933	6.038933	-0.000002	-0.000002	2.141166	3.270582	-0.378024	0.000000	92050.742188	1380.272095	94370.984375
2003	12	0.000000	-5.307825	7.223389	7.223389	-0.000003	-0.000003	1.915565	0.372557	-0.495588	0.000000	92050.734375	1380.018433	94370.734375
2003	12	0.000000	-4.785255	6.562202	6.562202	-0.000002	-0.000002	1.776947	-5.782394	-0.623857	0.000000	92050.726562	1379.752319	94370.484375
2003	12	0.000000	-6.793872	8.428994	8.428994	-0.000003	-0.000003	1.635123	-2.964599	-1.217002	0.000000	92050.710938	1379.465088	94370.218750
2003	12	0.000000	-5.869204	7.445707	7.445707	-0.000003	-0.000003	1.576503	-3.170529	-1.011212	0.000000	92050.703125	1379.152466	94369.929688
2003	12	0.000000	-5.109045	6.605794	6.605794	-0.000002	-0.000002	1.496749	-4.026675	-0.493377	0.000000	92050.695312	1378.886475	94369.695312
2003	12	0.000000	-6.351160	7.715869	7.715869	-0.000003	-0.000003	1.364710	-5.370665	-0.845196	0.000000	92050.687500	1378.597656	94369.429688
2003	12	0.000000	-6.797631	8.075463	8.075463	-0.000003	-0.000003	1.277833	-3.964242	-1.638086	0.000000	92050.679688	1378.295532	94369.164062
2003	12	0.000000	-6.845817	8.074642	8.074642	-0.000003	-0.000003	1.228825	-5.676964	-1.047192	0.000000	92050.671875	1377.971191	94368.875000
2003	12	0.000000	-5.642090	6.852976	6.852976	-0.000003	-0.000003	1.210886	-8.311221	-1.842099	0.000000	92050.664062	1377.669800	94368.609375
2003	12	0.000000	-4.183991	5.364653	5.364653	-0.000002	-0.000002	1.180662	-4.891975	-0.444135	0.000000	92050.656250	1377.419922	94368.398438
2003	12	0.000000	-4.117130	5.165174	5.165174	-0.000002	-0.000002	1.048044	-5.461792	-0.343975	0.000000	92050.656250	1377.195923	94368.210938
2003	12	0.000000	-4.236348	5.116859	5.116859	-0.000002	-0.000002	0.880511	-5.556931	-0.398242	0.000000	92050.648438	1376.967407	94368.031250
2003	12	0.000000	-5.463333	6.208325	6.208325	-0.000002	-0.000002	0.744992	-1.729271	-0.986374	0.000000	92050.640625	1376.718384	94367.828125
2003	12	0.000000	-5.227587	5.905124	5.905124	-0.000002	-0.000002	0.677537	-4.876959	-1.753439	0.000000	92050.632812	1376.444214	94367.609375
2003	12	0.000000	-3.791294	4.389121	4.389121	-0.000002	-0.000002	0.597827	12.607441	-0.397265	0.000000	92050.625000	1376.208862	94367.429688
2003	12	0.000000	-3.604117	4.058757	4.058757	-0.000002	-0.000002	0.454640	7.166345	-0.340873	0.000000	92050.617188	1376.010864	94367.289062
2003	12	0.000000	-6.026688	6.386071	6.386071	-0.000002	-0.000002	0.359383	-6.614642	-1.054150	0.000000	92050.617188	1375.756592	94367.093750
2003	12	0.000000	-5.997540	6.323982	6.323982	-0.000002	-0.000002	0.326442	-9.738872	-1.222324	0.000000	92050.609375	1375.468018	94366.867188
2003	12	0.000000	-5.140332	5.453667	5.453667	-0.000002	-0.000002	0.313334	-6.153411	-0.873563	0.000000	92050.601562	1375.192261	94366.664062
2003	12	0.000000	-5.668213	5.969767	5.969767	-0.000002	-0.000002	0.301554	-4.236309	-0.969564	0.000000	92050.593750	1374.934692	94366.468750
2003	12	0.000000	-4.129879	4.417947	4.417947	-0.000002	-0.000002	0.288068	4.719589	-0.536439	0.000000	92050.593750	1374.689575	94366.289062
2003	12	0.000000	-4.060191	4.320467	4.320467	-0.000002	-0.000002	0.260276	-2.877414	-1.341522	0.000000	92050.585938	1374.478638	94366.140625
2003	12	0.000000	-7.789966	8.010244	8.010244	-0.000003	-0.000003	0.220280	-15.244006	-5.388420	0.000000	92050.585938	1374.186157	94365.921875
2003	12	0.000000	-7.883482	8.093182	8.093182	-0.000003	-0.000003	0.209699	-14.135036	-4.959586	0.000000	92050.578125	1373.851685	94365.656250
2003	12	0.000000	-8.146536	8.353486	8.353486	-0.000003	-0.000003	0.206951	-14.770889	-6.950395	0.000000	92050.578125	1373.497925	94365.367188
2004	01	0.000000	-7.252546	7.459424	7.459424	-0.000003	-0.000003	0.206878	-14.377205	-4.596813	0.000000	92050.570312	1373.160889	94365.101562
2004	01	0.000000	-5.575747	5.783204	5.783204	-0.000002	-0.000002	0.207456	-3.964969	-1.056372	0.000000	92050.570312	1372.870850	94364.875000
2004	01	0.000000	-4.298683	4.506281	4.506281	-0.000002	-0.000002	0.207598	0.227519	-0.570700	0.000000	92050.562500	1372.626831	94364.703125
2004	01	0.000000	-5.126433	5.332335	5.332335	-0.000002	-0.000002	0.205901	-1.182224	-0.550130	0.000000	92050.562500	1372.390625	94364.531250
2004	01	0.000000	-4.927199	5.129240	5.129240	-0.000002	-0.000002	0.202042	-1.771159	-0.999114	0.000000	92050.562500	1372.139160	94364.351562
2004	01	0.000000	-3.306684	3.503477	3.503477	-0.000001	-0.000001	0.196793	3.545263	-0.424020	0.000000	92050.554688	1371.920288	94364.203125
2004	01	0.000000	-3.325193	3.500929	3.500929	-0.000001	-0.000001	0.175736	14.478884	0.095554	0.000000	92050.554688	1371.742920	94364.093750
2004	01	0.000000	-4.903601	5.029775	5.029775	-0.000002	-0.000002	0.126175	0.825331	-0.509508	0.000000	92050.546875	1371.520874	94363.945312
2004	01	0.000000	-5.547019	5.647681	5.647681	-0.000002	-0.000002	0.100661	-9.248904	-1.447326	0.000000	92050.546875	1371.253906	94363.750000
2004	01	0.000000	-5.015690	5.102641	5.102641	-0.000002	-0.000002	0.086951	1.540286	-0.295194	0.000000	92050.546875	1371.013550	94363.578125
2004	01	0.000000	-4.611307	4.685164	4.685164	-0.000002	-0.000002	0.073857	-0.070950	-0.313075	0.000000	92050.546875	1370.774414	94363.414062
2004	01	0.000000	-6.560472	6.621215	6.621215	-0.000002	-0.000002	0.060743	-15.827778	-1.950121	0.000000	92050.539062	1370.506958	94363.218750
2004	01	0.000000	-7.089872	7.139560	7.139560	-0.000003	-0.000003	0.049688	-13.260857	-2.581068	0.000000	92050.539062	1370.202271	94362.984375
2004	01	0.000000	-6.076768	6.118809	6.118809	-0.000002	-0.000002	0.042041	-2.303394	-0.900052	0.000000	92050.539062	1369.909058	94362.765625
2004	01	0.000000	-5.021079	5.057201	5.057201	-0.000002	-0.000002	0.036122	-4.767167	-1.397467	0.000000	92050.539062	1369.640747	94362.570312
2004	01	0.000000	-3.151524	3.182252	3.182252	-0.000001	-0.000001	0.030729	4.150060	-0.456204	0.000000	92050.539062	1369.431641	94362.437500
2004	01	0.000000	-3.103581	3.130247	3.130247	-0.000001	-0.000001	0.026666	4.636524	-0.230836	0.000000	92050.539062	1369.255859	94362.335938
2004	01	0.000000	-3.620382	3.641502	3.641502	-0.000001	-0.000001	0.021120	3.735388	-0.366425	0.000000	92050.539062	1369.059937	94362.210938
2004	01	0.000000	-3.681740	3.696415	3.696415	-0.000001	-0.000001	0.014676	3.018234	-0.283679	0.000000	92050.539062	1368.857422	94362.085938
2004	01	0.000000	-2.763642	2.771926	2.771926	-0.000001	-0.000001	0.008284	11.686461	-0.208100	0.000000	92050.539062	1368.676636	94361.976562
2004	01	0.000000	-3.142016	3.145441	3.145441	-0.000001	-0.000001	0.003425	12.497075	0.042020	0.000000	92050.531250	1368.503662	94361.882812
2004	01	0.000000	-3.549197	3.551876	3.551876	-0.000001	-0.000001	0.002679	8.824774	-0.274857	0.000000	92050.531250	1368.308105	94361.757812
2004	01	0.000000	-4.031399	4.033710	4.033710	-0.000002	-0.000002	0.002312	1.003112	-0.312094	0.000000	92050.531250	1368.109619	94361.632812
2004	01	0.000000	-5.477921	5.480181	5.480181	-0.000002	-0.000002	0.002260	-5.771567	-1.059002	0.000000	92050.531250	1367.875977	94361.476562
2004	01	0.000000	-5.474922	5.477114	5.477114	-0.000002	-0.000002	0.002191	-1.503377	-0.909439	0.000000	92050.531250	1367.615112	94361.289062
2004	01	0.000000	-3.768275	3.770402	3.770402	-0.000001	-0.000001	0.002127	-1.123749	-0.647712	0.000000	92050.531250	1367.382080	94361.132812
2004	01	0.000000	-3.154458	3.155546	3.155546	-0.000001	-0.000001	0.001088	7.668838	-0.268577	0.000000	92050.531250	1367.198975	94361.023438
2004	01	0.000000	-4.372058	4.372069	4.372069	-0.000002	-0.000002	0.000011	-5.230387	-0.422250	0.000000	92050.531250	1366.992920	94360.890625
2004	01	0.000000	-4.295942	4.295942	4.295942	-0.000002	-0.000002	0.000000	2.464723	-0.167218	0.000000	92050.531250	1366.775879	94360.750000
2004	01	0.000000	-3.388539	3.388539	3.388539	-0.000001	-0.000001	0.000000	2.867911	-0.452345	0.000000	92050.531250	1366.569336	94360.617188
2004	01	0.000000	-3.545429	3.545429	3.545429	-0.000001	-0.000001	0.000000	-2.098445	-0.546243	0.000000	92050.531250	1366.380859	94360.507812
2004	02	0.000000	-3.656899	3.656899	3.656899	-0.000001	-0.000001	0.000000	2.363827	-0.754084	0.000000	92050.531250	1366.179321	94360.382812
2004	02	0.000000	-2.849748	2.849748	2.849748	-0.000001	-0.000001	0.000000	9.671865	-0.618417	0.000000	92050.531250	1365.988647	94360.265625
2004	02	0.000000	-2.817541	2.817541	2.817541	-0.000001	-0.000001	0.000000	4.798850	-1.002707	0.000000	92050.531250	1365.816162	94360.164062
2004	02	0.000000	-3.749700	3.749700	3.749700	-0.000001	-0.000001	0.000000	-4.188409	-1.340828	0.000000	92050.531250	1365.621338	94360.046875
2004	02	0.000000	-3.432769	3.432769	3.432769	-0.000001	-0.000001	0.000000	-2.618733	-0.596690	0.000000	92050.531250	1365.416870	94359.914062
2004	02	0.000000	-2.658807	2.658807	2.658807	-0.000001	-0.000001	0.000000	3.227209	-0.439447	0.000000	92050.531250	1365.234863	94359.812500
2004	02	0.000000	-2.263051	2.263051	2.263051	-0.000001	-0.000001	0.000000	4.343834	-0.457306	0.000000	92050.531250	1365.070312	94359.718750
2004	02	0.000000	-2.141552	2.141552	2.141552	-0.000001	-0.000001	0.000000	8.352953	-0.165168	0.000000	92050.531250	1364.920044	94359.648438
2004	02	0.000000	-2.617335	2.617335	2.617335	-0.000001	-0.000001	0.000000	10.960198	-0.132057	0.000000	92050.531250	1364.759521	94359.562500
2004	02	0.000000	-3.814024	3.814024	3.814024	-0.000002	-0.000002	0.000000	0.515364	-0.910275	0.000000	92050.531250	1364.567017	94359.437500
2004	02	0.000000	-3.089759	3.089759	3.089759	-0.000001	-0.000001	0.000000	1.172743	-0.432640	0.000000	92050.531250	1364.375610	94359.328125
2004	02	0.000000	-3.218965	3.218965	3.218965	-0.000001	-0.000001	0.000000	0.137010	-0.450069	0.000000	92050.531250	1364.178955	94359.203125
2004	02	0.000000	-2.426581	2.426581	2.426581	-0.000001	-0.000001	0.000000	9.219198	-0.303511	0.000000	92050.531250	1364.009033	94359.109375
2004	02	0.000000	-2.824914	2.824914	2.824914	-0.000001	-0.000001	0.000000	-1.411247	-0.362411	0.000000	92050.531250	1363.846313	94359.015625
2004	02	0.000000	-3.533590	3.533590	3.533590	-0.000001	-0.000001	0.000000	-12.804906	-0.946230	0.000000	92050.531250	1363.652710	94358.898438
2004	02	0.000000	-3.526955	3.526955	3.526955	-0.000001	-0.000001	0.000000	-9.161638	-0.603423	0.000000	92050.531250	1363.455811	94358.781250
2004	02	0.000000	-3.827972	3.827972	3.827972	-0.000002	-0.000002	0.000000	-11.313669	-0.980612	0.000000	92050.531250	1363.247192	94358.648438
2004	02	0.000000	-3.521915	3.521915	3.521915	-0.000001	-0.000001	0.000000	-8.778902	-0.702430	0.000000	92050.531250	1363.047852	94358.523438
2004	02	0.000000	-3.690063	3.690063	3.690063	-0.000001	-0.000001	0.000000	-13.635882	-1.126495	0.000000	92050.531250	1362.843872	94358.390625
2004	02	0.000000	-2.951820	2.951820	2.951820	-0.000001	-0.000001	0.000000	6.473178	-0.471796	0.000000	92050.531250	1362.649048	94358.273438
2004	02	0.000000	-3.134776	3.134776	3.134776	-0.000001	-0.000001	0.000000	0.256019	-0.445723	0.000000	92050.531250	1362.475098	94358.171875
2004	02	0.000000	-3.742939	3.742939	3.742939	-0.000001	-0.000001	0.000000	-6.788219	-0.998196	0.000000	92050.531250	1362.281006	94358.054688
2004	02	0.000000	-3.443364	3.443364	3.443364	-0.000001	-0.000001	0.000000	-11.334417	-0.902309	0.000000	92050.531250	1362.076416	94357.921875
2004	02	0.000000	-3.823249	3.823249	3.823249	-0.000002	-0.000002	0.000000	-10.045398	-1.019653	0.000000	92050.531250	1361.871582	94357.789062
2004	02	0.000000	-3.665980	3.665980	3.665980	-0.000001	-0.000001	0.000000	-14.040133	-1.322464	0.000000	92050.531250	1361.670288	94357.664062
2004	02	0.000000	-4.017173	4.017173	4.017173	-0.000002	-0.000002	0.000000	-18.556875	-2.163623	0.000000	92050.531250	1361.458496	94357.531250
2004	02	0.000000	-4.010654	4.010654	4.010654	-0.000002	-0.000002	0.000000	-20.856295	-2.172110	0.000000	92050.531250	1361.244629	94357.390625
2004	02	0.000000	-4.436248	4.436248	4.436248	-0.000002	-0.000002	0.000000	-21.363768	-3.818371	0.000000	92050.531250	1361.024902	94357.242188
2004	03	0.000000	-4.298416	4.298416	4.298416	-0.000002	-0.000002	0.000000	-18.102354	-2.327304	0.000000	92050.531250	1360.798706	94357.093750
2004	03	0.000000	-4.564392	4.564392	4.564392	-0.000002	-0.000002	0.000000	-3.669754	-0.952160	0.000000	92050.531250	1360.581787	94356.953125
2004	03	0.000000	-3.606232	3.606232	3.606232	-0.000001	-0.000001	0.000000	4.954151	-0.402538	0.000000	92050.531250	1360.376587	94356.820312
2004	03	0.000000	-4.621416	4.621416	4.621416	-0.000002	-0.000002	0.000000	-4.146039	-0.615363	0.000000	92050.531250	1360.168213	94356.687500
2004	03	0.000000	-5.239807	5.239807	5.239807	-0.000002	-0.000002	0.000000	-12.884379	-1.840812	0.000000	92050.531250	1359.928101	94356.515625
2004	03	0.000000	-5.145732	5.145732	5.145732	-0.000002	-0.000002	0.000000	0.120688	-0.757261	0.000000	92050.531250	1359.682251	94356.351562
2004	03	0.000000	-4.020394	4.020394	4.020394	-0.000002	-0.000002	0.000000	2.393972	-0.523901	0.000000	92050.531250	1359.465332	94356.203125
2004	03	0.000000	-3.208049	3.208049	3.208049	-0.000001	-0.000001	0.000000	12.366333	-0.397475	0.000000	92050.531250	1359.274658	94356.085938
2004	03	0.000000	-4.103152	4.103152	4.103152	-0.000002	-0.000002	0.000000	-1.820287	-1.237502	0.000000	92050.531250	1359.076050	94355.968750
2004	03	0.000000	-2.636318	2.636318	2.636318	-0.000001	-0.000001	0.000000	18.190674	-0.375229	0.000000	92050.531250	1358.892212	94355.859375
2004	03	0.000000	-2.896524	2.896524	2.896524	-0.000001	-0.000001	0.000000	11.239263	-0.399522	0.000000	92050.531250	1358.732910	94355.773438
2004	03	0.000000	-3.628044	3.628044	3.628044	-0.000001	-0.000001	0.000000	3.865707	-0.779193	0.000000	92050.531250	1358.547607	94355.656250
2004	03	0.000000	-3.652569	3.652569	3.652569	-0.000001	-0.000001	0.000000	9.857985	-0.396830	0.000000	92050.531250	1358.353516	94355.539062
2004	03	0.000000	-4.107067	4.107067	4.107067	-0.000002	-0.000002	0.000000	8.226905	-0.134146	0.000000	92050.531250	1358.153687	94355.414062
2004	03	0.000000	-3.874228	3.874228	3.874228	-0.000001	-0.000001	0.000000	3.892996	-1.505635	0.000000	92050.531250	1357.944092	94355.281250
2004	03	0.000000	-3.667082	3.667082	3.667082	-0.000001	-0.000001	0.000000	4.411504	-0.912449	0.000000	92050.531250	1357.753784	94355.164062
2004	03	0.000000	-3.315485	3.315485	3.315485	-0.000001	-0.000001	0.000000	9.537447	-0.536167	0.000000	92050.531250	1357.564575	94355.046875
2004	03	0.000000	-3.738933	3.738933	3.738933	-0.000001	-0.000001	0.000000	6.447096	-0.934071	0.000000	92050.531250	1357.374146	94354.929688
2004	03	0.000000	-4.316105	4.316105	4.316105	-0.000002	-0.000002	0.000000	1.356996	-0.925807	0.000000	92050.531250	1357.178223	94354.812500
2004	03	0.000000	-4.821388	4.821388	4.821388	-0.000002	-0.000002	0.000000	-4.262326	-2.083229	0.000000	92050.531250	1356.940186	94354.648438
2004	03	0.000000	-4.815697	4.815697	4.815697	-0.000002	-0.000002	0.000000	-1.933672	-1.999660	0.000000	92050.531250	1356.720581	94354.500000
2004	03	0.000000	-4.246947	4.246947	4.246947	-0.000002	-0.000002	0.000000	1.037309	-1.256254	0.000000	92050.531250	1356.489136	94354.343750
2004	03	0.000000	-6.556498	6.556498	6.556498	-0.000002	-0.000002	0.000000	-8.318041	-4.701233	0.000000	92050.531250	1356.254761	94354.187500
2004	03	0.000000	-7.746803	7.746803	7.746803	-0.000003	-0.000003	0.000000	-9.411137	-4.450440	0.000000	92050.531250	1355.937622	94353.945312
2004	03	0.000000	-6.672830	6.672830	6.672830	-0.000002	-0.000002	0.000000	-11.459863	-5.039715	0.000000	92050.531250	1355.629761	94353.710938
2004	03	0.000000	-5.100658	5.100658	5.100658	-0.000002	-0.000002	0.000000	-9.413121	-2.542827	0.000000	92050.531250	1355.364868	94353.515625
2004	03	0.000000	-4.661049	4.661049	4.661049	-0.000002	-0.000002	0.000000	4.431667	-0.877324	0.000000	92050.531250	1355.131958	94353.359375
2004	03	0.000000	-3.868887	3.868887	3.868887	-0.000001	-0.000001	0.000000	7.355906	-0.590757	0.000000	92050.531250	1354.927979	94353.226562
2004	03	0.000000	-4.998323	4.998323	4.998323	-0.000002	-0.000002	0.000000	-2.552576	-1.427117	0.000000	92050.531250	1354.708496	94353.085938
2004	03	0.000000	-5.425191	5.425191	5.425191	-0.000002	-0.000002	0.000000	-0.422650	-1.451466	0.000000	92050.531250	1354.465210	94352.914062
2004	03	0.000000	-4.298830	4.298830	4.298830	-0.000002	-0.000002	0.000000	1.681260	-0.225888	0.000000	92050.531250	1354.227783	94352.750000
2004	04	0.000000	-3.397395	3.397395	3.397395	-0.000001	-0.000001	0.000000	11.320406	0.096025	0.000000	92050.531250	1354.035889	94352.632812
2004	04	0.000000	-3.778125	3.778125	3.778125	-0.000001	-0.000001	0.000000	12.361979	-0.454396	0.000000	92050.531250	1353.833740	94352.507812
2004	04	0.000000	-3.490021	3.490021	3.490021	-0.000001	-0.000001	0.000000	16.843868	-0.112214	0.000000	92050.531250	1353.642334	94352.390625
2004	04	0.000000	-3.028320	3.028320	3.028320	-0.000001	-0.000001	0.000000	22.303383	0.026029	0.000000	92050.531250	1353.458496	94352.281250
2004	04	0.000000	-3.303047	3.303047	3.303047	-0.000001	-0.000001	0.000000	17.132454	0.060592	0.000000	92050.531250	1353.281860	94352.179688
2004	04	0.000000	-3.956030	3.956030	3.956030	-0.000002	-0.000002	0.000000	5.400881	-0.420890	0.000000	92050.531250	1353.080688	94352.046875
2004	04	0.000000	-3.752708	3.752708	3.752708	-0.000001	-0.000001	0.000000	16.193325	-0.483410	0.000000	92050.531250	1352.881348	94351.921875
2004	04	0.000000	-5.036260	5.036260	5.036260	-0.000002	-0.000002	0.000000	7.552480	-0.826801	0.000000	92050.531250	1352.659668	94351.781250
2004	04	0.000000	-4.329114	4.329114	4.329114	-0.000002	-0.000002	0.000000	7.521662	-0.585567	0.000000	92050.531250	1352.425659	94351.617188
2004	04	0.000000	-6.331364	6.331364	6.331364	-0.000002	-0.000002	0.000000	3.903585	-1.291263	0.000000	92050.531250	1352.178467	94351.445312
2004	04	0.000000	-5.312529	5.312529	5.312529	-0.000002	-0.000002	0.000000	8.714830	-0.676408	0.000000	92050.531250	1351.904053	94351.242188
2004	04	0.000000	-4.684812	4.684812	4.684812	-0.000002	-0.000002	0.000000	13.567522	0.201390	0.000000	92050.531250	1351.665405	94351.078125
2004	04	0.000000	-6.103943	6.103943	6.103943	-0.000002	-0.000002	0.000000	1.845127	0.006412	0.000000	92050.531250	1351.418579	94350.906250
2004	04	0.000000	-6.553134	6.553134	6.553134	-0.000003	-0.000003	0.000000	2.700127	-0.273536	0.000000	92050.531250	1351.122559	94350.687500
2004	04	0.000000	-5.587679	5.587679	5.587679	-0.000002	-0.000002	0.000000	10.878824	0.044534	0.000000	92050.531250	1350.852417	94350.492188
2004	04	0.000000	-5.265382	5.265382	5.265382	-0.000002	-0.000002	0.000000	1.854281	-1.387108	0.000000	92050.531250	1350.591309	94350.304688
2004	04	0.000000	-6.066957	6.066957	6.066957	-0.000002	-0.000002	0.000000	4.781260	-1.406959	0.000000	92050.531250	1350.335083	94350.117188
2004	04	0.000000	-6.879780	6.879780	6.879780	-0.000003	-0.000003	0.000000	2.184338	-2.183115	0.000000	92050.531250	1350.048462	94349.906250
2004	04	0.000000	-7.028051	7.028051	7.028051	-0.000003	-0.000003	0.000000	3.705680	-0.676804	0.000000	92050.531250	1349.738403	94349.671875
2004	04	0.000000	-6.383361	6.383361	6.383361	-0.000002	-0.000002	0.000000	4.013781	-1.411704	0.000000	92050.531250	1349.440796	94349.445312
2004	04	0.000000	-5.309677	5.309677	5.309677	-0.000002	-0.000002	0.000000	3.700641	-0.088986	0.000000	92050.531250	1349.169189	94349.250000
2004	04	0.000000	-4.911215	4.911215	4.911215	-0.000002	-0.000002	0.000000	9.776711	0.046630	0.000000	92050.531250	1348.931641	94349.085938
2004	04	0.000000	-5.383523	5.383523	5.383523	-0.000002	-0.000002	0.000000	12.362613	1.670079	0.000000	92050.531250	1348.683716	94348.914062
2004	04	0.000000	-5.977604	5.977604	5.977604	-0.000002	-0.000002	0.000000	10.604226	1.009723	0.000000	92050.531250	1348.422241	94348.726562
2004	04	0.000000	-5.500619	5.500619	5.500619	-0.000002	-0.000002	0.000000	11.265439	0.819867	0.000000	92050.531250	1348.154053	94348.531250
2004	04	0.000000	-5.486891	5.486891	5.486891	-0.000002	-0.000002	0.000000	14.436108	0.481120	0.000000	92050.531250	1347.899292	94348.351562
2004	04	0.000000	-5.444963	5.444963	5.444963	-0.000002	-0.000002	0.000000	12.792095	-0.112159	0.000000	92050.531250	1347.641724	94348.164062
2004	04	0.000000	-5.309306	5.309306	5.309306	-0.000002	-0.000002	0.000000	13.451530	1.147714	0.000000	92050.531250	1347.389893	94347.984375
2004	04	0.000000	-5.321457	5.321457	5.321457	-0.000002	-0.000002	0.000000	16.691149	3.461601	0.000000	92050.531250	1347.140259	94347.812500
2004	04	0.000000	-5.245704	5.245704	5.245704	-0.000002	-0.000002	0.000000	14.678315	2.976799	0.000000	92050.531250	1346.888550	94347.632812
2004	05	0.000000	-5.960505	5.960505	5.960505	-0.000002	-0.000002	0.000000	8.866806	1.460454	0.000000	92050.531250	1346.635376	94347.453125
2004	05	0.000000	-8.070841	8.070841	8.070841	-0.000003	-0.000003	0.000000	4.269699	3.425473	0.000000	92050.531250	1346.327026	94347.218750
2004	05	0.000000	-7.744337	7.744337	7.744337	-0.000003	-0.000003	0.000000	4.047986	2.524614	0.000000	92050.531250	1346.003662	94346.968750
2004	05	0.000000	-7.331419	7.331419	7.331419	-0.000003	-0.000003	0.000000	-1.226588	-0.410145	0.000000	92050.531250	1345.685059	94346.726562
2004	05	0.000000	-6.798214	6.798214	6.798214	-0.000003	-0.000003	0.000000	5.735182	1.270875	0.000000	92050.531250	1345.383789	94346.500000
2004	05	0.000000	-6.726988	6.726988	6.726988	-0.000003	-0.000003	0.000000	1.857358	0.550410	0.000000	92050.531250	1345.092651	94346.281250
2004	05	0.000000	-7.912007	7.912007	7.912007	-0.000003	-0.000003	0.000000	7.904701	5.495827	0.000000	92050.531250	1344.787354	94346.046875
2004	05	0.000000	-7.717349	7.717349	7.717349	-0.000003	-0.000003	0.000000	-0.633567	1.416440	0.000000	92050.531250	1344.457031	94345.789062
2004	05	0.000000	-8.166009	8.166009	8.166009	-0.000003	-0.000003	0.000000	5.148339	4.570017	0.000000	92050.531250	1344.128906	94345.539062
2004	05	0.000000	-7.854253	7.854253	7.854253	-0.000003	-0.000003	0.000000	6.704038	6.791983	0.000000	92050.531250	1343.795532	94345.281250
2004	05	0.000000	-6.740015	6.740015	6.740015	-0.000003	-0.000003	0.000000	5.980301	5.044722	0.000000	92050.531250	1343.484253	94345.039062
2004	05	0.000000	-6.806911	6.806911	6.806911	-0.000003	-0.000003	0.000000	8.223324	4.249977	0.000000	92050.531250	1343.200195	94344.828125
2004	05	0.000000	-7.074143	7.074143	7.074143	-0.000003	-0.000003	0.000000	6.591977	3.929252	0.000000	92050.531250	1342.895874	94344.601562
2004	05	0.000000	-6.946740	6.946740	6.946740	-0.000003	-0.000003	0.000000	9.670168	5.503186	0.000000	92050.531250	1342.595947	94344.375000
2004	05	0.000000	-7.325408	7.325408	7.325408	-0.000003	-0.000003	0.000000	11.828302	8.914729	0.000000	92050.531250	1342.295654	94344.148438
2004	05	0.000000	-7.617603	7.617603	7.617603	-0.000003	-0.000003	0.000000	12.973404	11.121632	0.000000	92050.531250	1341.983643	94343.906250
2004	05	0.000000	-7.627203	7.627203	7.627203	-0.000003	-0.000003	0.000000	12.594263	10.854733	0.000000	92050.531250	1341.662964	94343.664062
2004	05	0.000000	-6.571947	6.571947	6.571947	-0.000002	-0.000002	0.000000	19.969313	10.623893	0.000000	92050.531250	1341.358276	94343.429688
2004	05	0.000000	-6.975689	6.975689	6.975689	-0.000003	-0.000003	0.000000	20.209799	12.483199	0.000000	92050.531250	1341.073120	94343.218750
2004	05	0.000000	-7.037745	7.037745	7.037745	-0.000003	-0.000003	0.000000	17.969501	12.239602	0.000000	92050.531250	1340.774048	94342.992188
2004	05	0.000000	-6.784578	6.784578	6.784578	-0.000003	-0.000003	0.000000	14.162951	11.414295	0.000000	92050.531250	1340.471802	94342.765625
2004	05	0.000000	-7.042266	7.042266	7.042266	-0.000003	-0.000003	0.000000	15.118203	9.662165	0.000000	92050.531250	1340.181396	94342.546875
2004	05	0.000000	-7.842299	7.842299	7.842299	-0.000003	-0.000003	0.000000	13.861110	12.928404	0.000000	92050.531250	1339.869629	94342.304688
2004	05	0.000000	-8.042216	8.042216	8.042216	-0.000003	-0.000003	0.000000	15.399128	18.719267	0.000000	92050.531250	1339.539551	94342.054688
2004	05	0.000000	-7.641246	7.641246	7.641246	-0.000003	-0.000003	0.000000	20.070005	18.962019	0.000000	92050.531250	1339.212036	94341.796875
2004	05	0.000000	-7.662030	7.662030	7.662030	-0.000003	-0.000003	0.000000	10.319114	11.875335	0.000000	92050.531250	1338.894409	94341.554688
2004	05	0.000000	-7.539440	7.539440	7.539440	-0.000003	-0.000003	0.000000	10.250377	13.375336	0.000000	92050.531250	1338.575562	94341.304688
2004	05	0.000000	-7.618128	7.618128	7.618128	-0.000003	-0.000003	0.000000	9.678398	11.712646	0.000000	92050.531250	1338.259277	94341.062500
2004	05	0.000000	-7.580961	7.580961	7.580961	-0.000003	-0.000003	0.000000	9.791629	9.508920	0.000000	92050.531250	1337.941528	94340.820312
2004	05	0.000000	-7.470131	7.470131	7.470131	-0.000003	-0.000003	0.000000	10.759048	11.632390	0.000000	92050.531250	1337.625610	94340.578125
2004	05	0.000000	-6.807990	6.807990	6.807990	-0.000003	-0.000003	0.000000	8.952509	8.262502	0.000000	92050.531250	1337.320312	94340.343750
2004	06	0.000000	-6.509991	6.509991	6.509991	-0.000003	-0.000003	0.000000	15.290700	11.174804	0.000000	92050.531250	1337.028809	94340.125000
2004	06	0.000000	-7.241697	7.241697	7.241697	-0.000003	-0.000003	0.000000	20.343534	19.588440	0.000000	92050.531250	1336.729614	94339.898438
2004	06	0.000000	-7.058175	7.058175	7.058175	-0.000003	-0.000003	0.000000	26.264460	20.350687	0.000000	92050.531250	1336.418335	94339.664062
2004	06	0.000000	-7.001295	7.001295	7.001295	-0.000003	-0.000003	0.000000	25.835962	21.675879	0.000000	92050.531250	1336.111450	94339.429688
2004	06	0.000000	-6.849100	6.849100	6.849100	-0.000003	-0.000003	0.000000	22.706964	20.078945	0.000000	92050.531250	1335.808960	94339.203125
2004	06	0.000000	-7.282578	7.282578	7.282578	-0.000003	-0.000003	0.000000	15.289778	16.269325	0.000000	92050.531250	1335.500122	94338.960938
2004	06	0.000000	-7.157461	7.157461	7.157461	-0.000003	-0.000003	0.000000	4.013863	6.634552	0.000000	92050.531250	1335.184937	94338.718750
2004	06	0.000000	-8.125206	43.834202	43.834202	-0.000017	-0.000017	35.708996	-7.617450	-3.101403	0.000000	92051.179688	1334.860229	94337.984375
2004	06	0.000000	-8.899880	27.567518	27.567518	-0.000011	-0.000011	18.667637	-16.573839	-4.094541	0.000000	92052.617188	1334.500610	94336.585938
2004	06	0.000000	-9.012102	17.753183	17.753183	-0.000007	-0.000007	8.741080	-21.974428	-6.345707	0.000000	92053.085938	1334.127075	94335.898438
2004	06	0.000000	-8.897527	15.314671	15.314671	-0.000006	-0.000006	6.417145	-29.614750	-6.884271	0.000000	92053.375000	1333.757812	94335.375000
2004	06	0.000000	-9.044224	15.389834	15.389834	-0.000006	-0.000006	6.345610	-35.374435	-13.222495	0.000000	92053.640625	1333.387939	94334.859375
2004	06	0.000000	-8.742185	16.402405	16.402405	-0.000006	-0.000006	7.660222	-28.493034	-8.562877	0.000000	92053.906250	1333.019653	94334.343750
2004	06	0.000000	-8.675710	57.591957	57.591957	-0.000022	-0.000022	48.916248	13.565218	14.803943	0.000000	92054.867188	1332.651489	94333.179688
2004	06	0.000000	-9.539183	70.340752	70.340752	-0.000027	-0.000027	60.801567	30.256044	15.369433	0.000000	92056.710938	1332.278442	94330.843750
2004	06	0.000000	-9.957176	68.510925	68.510925	-0.000026	-0.000026	58.553749	41.291458	21.773153	0.000000	92058.000000	1331.882812	94328.609375
2004	06	0.000000	-9.674314	85.579544	85.579544	-0.000033	-0.000033	75.905228	91.126732	62.112770	0.000000	92059.351562	1331.475830	94326.132812
2004	06	0.000000	-9.045738	83.934914	83.934914	-0.000032	-0.000032	74.889175	78.509850	46.602039	0.000000	92061.109375	1331.094604	94323.078125
2004	06	0.000000	-8.762279	67.058113	67.058113	-0.000026	-0.000026	58.295837	61.459743	34.719959	0.000000	92061.968750	1330.731689	94320.625000
2004	06	0.000000	-9.285966	61.854660	61.854660	-0.000024	-0.000024	52.568691	47.748508	33.237076	0.000000	92062.609375	1330.359619	94318.546875
2004	06	2.567066	-8.285975	70.290207	67.723137	-0.000026	-0.000026	59.437164	86.956772	66.707672	7124.207520	92063.281250	1329.957642	94316.320312
2004	06	18.776497	6.024073	70.727921	51.951424	-0.000020	-0.000020	57.975498	93.401642	60.903393	52109.167969	92063.953125	1329.865479	94314.351562
2004	06	36.242657	20.468634	73.661736	37.419075	-0.000014	-0.000014	57.887707	80.377487	61.335712	100581.851562	92064.585938	1330.270508	94312.906250
2004	06	53.731529	34.618809	83.065529	29.334005	-0.000011	-0.000011	63.952816	92.552422	64.733330	149117.546875	92065.234375	1331.142578	94311.835938
2004	06	60.798172	41.098354	89.702698	28.904518	-0.000011	-0.000011	70.002869	97.288132	61.116512	168729.140625	92065.906250	1332.393188	94310.906250
2004	06	78.921486	55.559299	92.419571	13.498092	-0.000005	-0.000005	69.057388	73.950836	56.482258	219025.578125	92066.562500	1333.919067	94310.164062
2004	06	95.923775	69.025749	92.356102	-3.567677	0.000001	0.000001	65.458076	54.906902	53.084663	266210.906250	92067.195312	1335.958984	94310.062500
2004	06	121.456001	89.065598	99.189018	-22.266989	0.000009	0.000009	66.798615	44.462444	50.293373	337068.812500	92067.812500	1338.500000	94310.484375
2004	06	133.898682	96.991264	107.726646	-26.172037	0.000010	0.000010	70.819229	50.074337	93.908394	371600.156250	92068.429688	1341.575806	94311.289062
2004	06	91.591667	64.164001	86.113945	-5.477719	0.000002	0.000002	58.686287	32.054859	28.333900	254188.281250	92068.914062	1344.185059	94311.867188
2004	07	96.700172	67.102013	88.434525	-8.265648	0.000003	0.000003	58.836365	-0.828453	19.830652	259708.640625	92069.296875	1346.109497	94311.953125
2004	07	137.198532	100.869537	96.031212	-41.167320	0.000015	0.000015	59.702217	9.023050	17.428947	368475.468750	92069.625000	1348.925781	94312.921875
2004	07	145.967072	106.107727	101.120720	-44.846348	0.000017	0.000017	61.261372	7.579942	17.930210	392025.250000	92069.929688	1352.113892	94314.250000
2004	07	263.308929	200.133881	133.541412	-129.767517	0.000048	0.000048	70.366356	23.969496	70.682678	707171.437500	92070.195312	1357.125732	94317.195312
2004	07	225.228531	163.930435	136.394302	-88.834236	0.000033	0.000033	75.096199	34.080536	124.577888	604898.562500	92070.429688	1363.070557	94320.796875
2004	07	222.643738	168.395096	115.630524	-107.013214	0.000040	0.000040	61.381897	92.632973	72.419472	597956.500000	92070.585938	1368.235718	94323.898438
2004	07	246.236084	184.027649	133.192535	-113.043556	0.000042	0.000042	70.984093	46.522541	77.162445	661318.750000	92070.640625	1374.001099	94327.617188
2004	07	272.765137	206.338745	135.804688	-136.960449	0.000051	0.000051	69.378304	58.570210	86.607574	732568.062500	92070.585938	1380.135254	94331.546875
2004	07	279.178955	205.817368	147.149551	-132.029419	0.000049	0.000049	73.787956	31.863037	76.326454	749793.750000	92070.492188	1386.616943	94335.789062
2004	07	260.640839	186.072403	151.145950	-109.494904	0.000041	0.000041	76.577507	4.539885	83.790649	700005.750000	92070.375000	1393.197388	94339.984375
2004	07	259.465210	192.995819	130.847076	-128.618134	0.000048	0.000048	64.377686	23.643864	49.101688	696848.375000	92070.210938	1398.877441	94343.515625
2004	07	311.432251	233.712357	142.758179	-168.674072	0.000063	0.000063	65.038269	65.061386	84.990997	836416.812500	92069.992188	1405.991455	94348.609375
2004	07	281.102753	207.125809	133.873138	-147.229630	0.000055	0.000055	59.896191	44.261497	82.132980	754960.562500	92069.750000	1413.247681	94353.914062
2004	07	226.915878	166.178909	112.261955	-114.653931	0.000043	0.000043	51.524982	48.275696	40.189960	609430.312500	92069.609375	1418.742676	94357.726562
2004	07	287.862762	213.057785	128.312088	-159.550674	0.000060	0.000060	53.507103	74.873642	61.831974	773115.937500	92069.453125	1425.061646	94362.429688
2004	07	276.100464	202.311783	125.551140	-150.549301	0.000056	0.000056	51.762486	45.325798	66.754852	741525.812500	92069.265625	1431.679077	94367.421875
2004	07	290.665527	213.523148	131.338104	-159.327438	0.000059	0.000059	54.195721	75.355782	70.525307	780643.437500	92069.031250	1438.165771	94372.296875
2004	07	252.796524	173.136505	139.927124	-112.869392	0.000042	0.000042	60.267124	31.024025	72.767265	678938.187500	92068.726562	1444.749634	94377.093750
2004	07	190.466949	128.431076	117.329674	-73.137276	0.000027	0.000027	55.293804	24.703323	27.081930	511539.000000	92068.460938	1448.931274	94379.500000
2004	07	270.399506	195.493729	128.149841	-142.249664	0.000053	0.000053	53.244064	60.601528	50.736195	726214.687500	92068.156250	1454.197754	94383.093750
2004	07	313.665741	225.841522	143.236877	-170.428879	0.000064	0.000064	55.412647	54.111320	74.591133	842415.250000	92067.796875	1461.138672	94388.359375
2004	07	343.117218	243.928146	156.195312	-186.921936	0.000070	0.000070	57.006218	26.836790	84.926208	921513.437500	92067.398438	1468.639038	94394.125000
2004	07	275.647827	189.642349	141.880020	-133.767792	0.000050	0.000050	55.874554	26.377077	51.832668	740310.125000	92066.984375	1475.803589	94399.546875
2004	07	117.490028	59.814983	111.627426	-5.862608	0.000002	0.000002	53.952377	-3.059469	14.276290	315544.156250	92066.679688	1479.179321	94401.250000
2004	07	154.021408	90.557014	115.445717	-38.575699	0.000014	0.000014	51.981319	-0.170439	23.546303	413656.875000	92066.421875	1481.291260	94401.734375
2004	07	300.696869	210.942596	141.917038	-158.779831	0.000059	0.000059	52.162762	42.060955	61.711613	807584.625000	92066.054688	1486.695435	94405.531250
2004	07	244.379364	161.354477	135.147202	-109.232155	0.000041	0.000041	52.122330	25.012995	36.635456	656332.125000	92065.656250	1492.391724	94409.632812
2004	07	222.260208	140.463715	134.458267	-87.801941	0.000033	0.000033	52.661781	1.590559	31.715189	596926.500000	92065.265625	1497.455444	94413.085938
2004	07	195.824081	122.320465	123.408714	-72.415359	0.000027	0.000027	49.905098	5.232103	24.493145	525926.750000	92064.898438	1501.149414	94415.210938
2004	07	220.140640	142.678802	126.924660	-93.215996	0.000035	0.000035	49.462803	48.289917	45.390434	591233.937500	92064.507812	1505.912476	94418.445312
2004	07	206.674347	135.915100	117.306404	-89.367950	0.000033	0.000033	46.547153	85.491196	39.367352	555067.375000	92064.125000	1510.284180	94421.351562
2004	08	199.990250	127.681808	118.670792	-81.319458	0.000030	0.000030	46.362347	71.388474	38.569817	537115.812500	92063.750000	1514.549927	94424.210938
2004	08	158.554413	94.071114	109.175812	-49.378616	0.000018	0.000018	44.692501	54.707417	26.713377	425831.218750	92063.398438	1517.702759	94425.984375
2004	08	182.173859	112.627892	113.988968	-68.184898	0.000025	0.000025	44.442986	69.883141	35.819969	489266.187500	92063.039062	1521.196045	94428.117188
2004	08	169.452301	99.599533	114.308342	-55.143963	0.000021	0.000021	44.455566	46.196369	31.174307	455099.750000	92062.671875	1524.593262	94430.171875
2004	08	155.465546	85.921616	114.238625	-41.226925	0.000015	0.000015	44.694687	26.273130	24.874464	417535.406250	92062.320312	1527.365234	94431.585938
2004	08	157.152908	88.378197	112.858002	-44.294903	0.000017	0.000017	44.083298	42.763618	26.450426	422067.156250	92061.960938	1530.116333	94432.992188
2004	08	188.955673	113.971115	119.151588	-69.804100	0.000026	0.000026	44.167019	71.071060	34.337078	507480.187500	92061.578125	1533.508423	94435.039062
2004	08	191.360229	113.610260	121.947655	-69.412575	0.000026	0.000026	44.197674	60.560619	36.538815	513938.125000	92061.179688	1537.192627	94437.375000
2004	08	178.082336	99.701355	122.545296	-55.537045	0.000021	0.000021	44.164307	36.402222	33.224556	478277.531250	92060.789062	1540.490234	94439.343750
2004	08	199.990463	109.069160	136.816498	-63.173965	0.000024	0.000024	45.895199	29.169500	50.889397	537116.437500	92060.375000	1543.835938	94441.312500
2004	08	197.291992	101.981041	141.654099	-55.637886	0.000021	0.000021	46.343151	22.405426	52.603638	529869.125000	92059.937500	1547.266357	94443.335938
2004	08	173.742996	88.568779	129.541428	-44.201565	0.000017	0.000017	44.367214	16.763725	36.570183	466623.343750	92059.515625	1550.293457	94444.992188
2004	08	185.182449	92.559555	137.037842	-48.144600	0.000018	0.000018	44.414955	22.973192	43.486004	497346.375000	92059.093750	1553.110718	94446.460938
2004	08	183.383240	89.199905	138.866516	-44.516735	0.000017	0.000017	44.683170	17.607704	45.252140	492514.250000	92058.656250	1556.043335	94448.031250
2004	08	161.750259	67.095436	140.190521	-21.559734	0.000008	0.000008	45.535698	18.035812	42.619576	434414.281250	92058.226562	1558.607056	94449.226562
2004	08	160.664917	81.517715	121.518898	-39.146015	0.000015	0.000015	42.371704	45.314995	34.136497	431499.406250	92057.796875	1561.229492	94450.523438
2004	08	117.850754	56.906734	99.791405	-18.059341	0.000007	0.000007	38.847389	70.891685	17.415720	316512.968750	92057.406250	1563.299438	94451.375000
2004	08	118.503029	58.210060	97.801834	-20.701195	0.000008	0.000008	37.508869	70.648842	17.330925	318264.781250	92057.039062	1565.106323	94452.031250
2004	08	127.680687	63.454906	102.256104	-25.424585	0.000009	0.000009	38.030319	58.758217	20.251915	342913.312500	92056.671875	1567.058350	94452.859375
2004	08	133.478073	62.936192	109.786583	-23.691484	0.000009	0.000009	39.244701	44.728455	24.623535	358483.375000	92056.289062	1569.044556	94453.679688
2004	08	128.299957	58.845020	108.876297	-19.423651	0.000007	0.000007	39.421371	41.761799	24.434664	344576.468750	92055.898438	1570.980835	94454.429688
2004	08	116.607117	52.220112	102.808548	-13.798570	0.000005	0.000005	38.421543	44.388332	21.344322	313172.937500	92055.515625	1572.742310	94455.023438
2004	08	119.748459	49.661541	109.849289	-9.899165	0.000004	0.000004	39.762375	37.095173	23.498810	321609.656250	92055.132812	1574.362671	94455.476562
2004	08	108.210403	47.434502	99.374329	-8.836082	0.000003	0.000003	38.598419	30.006176	15.648672	290621.812500	92054.757812	1575.850464	94455.781250
2004	08	128.590256	54.613705	114.297302	-14.292946	0.000005	0.000005	40.320759	8.760044	29.739296	345356.156250	92054.367188	1577.556274	94456.312500
2004	08	120.581261	49.981537	110.977333	-9.603933	0.000004	0.000004	40.377605	20.564617	25.563587	323846.343750	92053.960938	1579.187256	94456.710938
2004	08	118.271904	50.291527	108.025574	-10.246330	0.000004	0.000004	40.045200	32.222309	24.170528	317644.031250	92053.546875	1580.901733	94457.218750
2004	08	85.473640	30.128380	94.394409	8.920773	-0.000003	-0.000003	39.049152	37.757519	24.735327	229557.406250	92053.164062	1582.201050	94457.335938
2004	08	74.554596	24.842268	88.036499	13.481897	-0.000005	-0.000005	38.324165	48.139389	15.323843	200232.046875	92052.812500	1582.880859	94456.851562
2004	08	77.039665	22.121531	95.210625	18.170961	-0.000007	-0.000007	40.292492	13.749813	19.405869	206906.203125	92052.460938	1583.697021	94456.500000
2004	08	56.993534	7.889384	93.623238	36.629707	-0.000014	-0.000014	44.519093	-10.625418	32.060207	153068.109375	92052.117188	1584.082642	94455.585938
2004	09	43.367458	3.951933	77.795341	34.427879	-0.000013	-0.000013	38.379814	22.931372	23.412279	120354.828125	92051.773438	1584.218994	94454.437500
2004	09	51.076748	10.871727	77.627831	26.551085	-0.000010	-0.000010	37.422810	31.018229	11.159996	141749.921875	92051.429688	1584.420166	94453.476562
2004	09	54.410381	12.374691	79.921127	25.510754	-0.000010	-0.000010	37.885445	25.268551	11.083778	151001.531250	92051.085938	1584.767822	94452.656250
2004	09	59.954617	16.547825	80.693680	20.739065	-0.000008	-0.000008	37.286892	11.800738	14.686859	166388.078125	92050.726562	1585.291260	94452.000000
2004	09	55.720623	13.223115	79.524712	23.804085	-0.000009	-0.000009	37.027199	15.786071	14.398993	154637.750000	92050.375000	1585.696533	94451.265625
2004	09	56.542454	14.039750	79.510139	22.967690	-0.000009	-0.000009	37.007439	15.991815	10.043385	156918.531250	92050.015625	1586.107422	94450.531250
2004	09	66.850334	19.286253	86.002884	19.152542	-0.000007	-0.000007	38.438797	10.115459	14.966733	185525.296875	92049.648438	1586.720337	94449.976562
2004	09	64.256622	16.428156	86.776184	22.519571	-0.000009	-0.000009	38.947727	0.600109	12.712043	178327.140625	92049.273438	1587.265259	94449.320312
2004	09	52.150890	9.743240	79.917603	27.766716	-0.000011	-0.000011	37.509956	-1.336302	11.271273	144730.906250	92048.906250	1587.669556	94448.523438
2004	09	47.486877	6.232957	78.767860	31.280981	-0.000012	-0.000012	37.513939	15.177718	13.302275	131787.187500	92048.539062	1587.863525	94447.562500
2004	09	45.989037	5.399189	77.885521	31.896482	-0.000012	-0.000012	37.295670	3.983626	3.551024	127630.328125	92048.179688	1588.050903	94446.585938
2004	09	48.630569	7.479973	78.452744	29.822176	-0.000012	-0.000012	37.302151	6.808098	8.304105	134961.203125	92047.812500	1588.254883	94445.640625
2004	09	49.671864	8.650565	78.357117	28.685249	-0.000011	-0.000011	37.335812	12.424091	9.978122	137851.046875	92047.437500	1588.514404	94444.742188
2004	09	46.453690	4.616713	79.787987	33.334293	-0.000013	-0.000013	37.951008	1.603233	5.974612	128919.851562	92047.062500	1588.695068	94443.757812
2004	09	35.298584	-3.902120	77.490555	42.191971	-0.000016	-0.000016	38.289852	-5.933309	3.807472	97961.828125	92046.687500	1588.600708	94442.484375
2004	09	42.444344	2.540420	78.492867	36.048523	-0.000014	-0.000014	38.588940	2.230847	8.771935	117792.976562	92046.312500	1588.594238	94441.273438
2004	09	46.358189	3.494292	82.297485	35.939293	-0.000014	-0.000014	39.433586	0.941615	7.924249	128654.804688	92045.921875	1588.723389	94440.195312
2004	09	37.231506	-2.338607	79.382492	42.150990	-0.000016	-0.000016	39.812382	-12.409153	14.705357	103326.125000	92045.531250	1588.716309	94438.953125
2004	09	28.970034	-3.773762	69.150177	40.180138	-0.000016	-0.000016	36.406380	11.948861	9.400279	80398.617188	92045.132812	1588.545776	94437.585938
2004	09	23.471125	-6.309548	64.121803	40.650677	-0.000016	-0.000016	34.341129	8.663049	6.077912	65137.855469	92044.750000	1588.326660	94436.281250
2004	09	20.950630	-8.757576	62.670052	41.719421	-0.000016	-0.000016	32.961842	3.965263	6.820235	58142.898438	92044.367188	1588.001709	94434.929688
2004	09	19.445877	-11.887248	66.584221	47.138348	-0.000018	-0.000018	35.251099	-15.876769	7.264785	53966.855469	92043.992188	1587.630493	94433.523438
2004	09	17.525755	-12.992684	68.740135	51.214375	-0.000020	-0.000020	38.221691	-17.703207	6.192353	48638.066406	92043.609375	1587.198486	94431.945312
2004	09	10.881353	-15.500592	62.803196	51.921844	-0.000020	-0.000020	36.421249	1.690981	14.185430	30198.298828	92043.210938	1586.710449	94430.289062
2004	09	0.594319	-21.652958	55.527626	54.933308	-0.000021	-0.000021	33.280354	4.000042	6.001039	1649.374146	92042.812500	1586.016113	94428.515625
2004	09	3.430989	-17.602684	48.139290	44.708302	-0.000017	-0.000017	27.105619	18.242001	16.886246	9521.796875	92042.429688	1585.359131	94426.945312
2004	09	3.584569	-16.799000	42.864391	39.279823	-0.000015	-0.000015	22.480824	21.063890	14.117851	9948.015625	92042.062500	1584.734863	94425.593750
2004	09	3.128846	-16.378275	40.065697	36.936848	-0.000014	-0.000014	20.558575	17.477934	9.069187	8683.278320	92041.726562	1584.126831	94424.359375
2004	09	3.020827	-17.100615	39.511459	36.490631	-0.000014	-0.000014	19.390018	12.456269	9.965212	8383.500977	92041.398438	1583.514526	94423.171875
2004	09	2.998498	-17.483183	38.502857	35.504360	-0.000014	-0.000014	18.021175	16.014042	13.242154	8321.532227	92041.078125	1582.895996	94422.015625
2004	10	2.953324	-18.394703	38.948036	35.994713	-0.000013	-0.000013	17.600012	2.537944	9.691173	7931.772949	92040.773438	1582.254272	94420.882812
2004	10	2.083200	-17.215445	35.021236	32.938038	-0.000012	-0.000012	15.722593	-1.794784	2.651222	5594.870605	92040.476562	1581.359009	94419.820312
2004	10	1.770663	-17.459038	33.862614	32.091949	-0.000012	-0.000012	14.632913	-4.434608	-0.017539	4755.486328	92040.203125	1579.180176	94418.835938
2004	10	1.611378	-18.125679	34.011036	32.399658	-0.000012	-0.000012	14.273980	-2.168395	0.257624	4327.695312	92039.953125	1575.456177	94417.851562
2004	10	0.631514	-17.979261	32.683334	32.051823	-0.000012	-0.000012	14.072560	0.480055	0.848467	1696.062378	92039.718750	1570.208374	94416.882812
2004	10	0.534720	-16.997936	31.296869	30.762150	-0.000011	-0.000011	13.764215	1.604342	0.904696	1436.102783	92039.515625	1563.457275	94415.937500
2004	10	0.500224	-16.632996	30.165941	29.665718	-0.000011	-0.000011	13.032722	0.535649	0.120010	1343.456177	92039.343750	1555.187500	94415.023438
2004	10	0.267430	-15.417368	27.160320	26.892893	-0.000010	-0.000010	11.475524	1.170592	-1.152877	718.238220	92039.195312	1545.397461	94414.148438
2004	10	0.150039	-14.333803	24.357500	24.207462	-0.000009	-0.000009	9.873656	7.322065	0.489798	402.962158	92039.062500	1534.120239	94413.359375
2004	10	0.137842	-15.143603	24.516111	24.378269	-0.000009	-0.000009	9.234666	1.168621	-0.845658	370.203613	92038.953125	1521.293823	94412.585938
2004	10	0.119408	-15.069672	23.886892	23.767485	-0.000009	-0.000009	8.697813	1.552531	-1.124897	320.694183	92038.859375	1506.916138	94411.796875
2004	10	0.067862	-15.193639	22.966892	22.899031	-0.000009	-0.000009	7.705391	2.819468	-1.328360	182.257370	92038.781250	1491.012207	94411.023438
2004	10	0.042429	-17.680288	24.186756	24.144325	-0.000009	-0.000009	6.464037	8.459977	-0.833766	113.953163	92038.718750	1473.525146	94410.218750
2004	10	0.024821	-19.997391	25.607327	25.582506	-0.000010	-0.000010	5.585114	6.853453	-1.011988	66.661499	92038.664062	1454.428467	94409.351562
2004	10	0.003842	-20.676886	26.001442	25.997601	-0.000010	-0.000010	5.320715	-2.909794	-1.387915	10.318823	92038.625000	1433.755127	94408.429688
2004	10	0.002441	-26.432026	31.690922	31.688482	-0.000012	-0.000012	5.256455	-12.427689	-6.670862	6.556607	92038.593750	1411.500366	94407.398438
2004	10	0.000000	-29.986141	35.175907	35.175907	-0.000013	-0.000013	5.189767	-19.133190	-8.676234	0.000000	92038.578125	1399.707397	94406.164062
2004	10	0.000000	-22.694067	27.745981	27.745981	-0.000010	-0.000010	5.051917	-19.746563	-5.644291	0.000000	92038.570312	1398.619629	94404.992188
2004	10	0.000000	-18.927847	23.822187	23.822187	-0.000009	-0.000009	4.894342	-12.935742	-2.490312	0.000000	92038.554688	1397.785034	94404.070312
2004	10	0.000000	-20.160732	24.900085	24.900085	-0.000009	-0.000009	4.739353	-11.856553	-2.746200	0.000000	92038.546875	1396.942871	94403.148438
2004	10	0.000000	-22.886139	27.469442	27.469442	-0.000010	-0.000010	4.583305	-12.278756	-4.664091	0.000000	92038.546875	1396.072632	94402.210938
2004	10	0.000000	-25.151924	29.593220	29.593220	-0.000011	-0.000011	4.441298	-17.082478	-7.985269	0.000000	92038.539062	1395.078613	94401.148438
2004	10	0.000000	-22.055408	26.398451	26.398451	-0.000010	-0.000010	4.343041	-14.308101	-5.267565	0.000000	92038.539062	1394.118042	94400.117188
2004	10	0.000000	-18.765701	23.031572	23.031572	-0.000009	-0.000009	4.265872	-12.367430	-3.380909	0.000000	92038.546875	1393.296997	94399.234375
2004	10	0.000000	-18.335688	22.526682	22.526682	-0.000008	-0.000008	4.190994	-12.870599	-3.659439	0.000000	92038.546875	1392.504028	94398.382812
2004	10	0.000000	-17.132475	21.248663	21.248663	-0.000008	-0.000008	4.116188	-7.828230	-2.017265	0.000000	92038.554688	1391.754761	94397.578125
2004	10	0.000000	-13.302771	17.344982	17.344982	-0.000006	-0.000006	4.042212	-3.615095	-0.706106	0.000000	92038.554688	1391.092041	94396.859375
2004	10	0.000000	-9.256400	13.218020	13.218020	-0.000005	-0.000005	3.961621	-2.895645	-0.336524	0.000000	92038.562500	1390.563843	94396.273438
2004	10	0.000000	-11.816328	15.679416	15.679416	-0.000006	-0.000006	3.863087	-10.737656	-1.503729	0.000000	92038.570312	1390.068604	94395.734375
2004	10	0.000000	-10.846707	14.605535	14.605535	-0.000005	-0.000005	3.758828	-9.442664	-1.085418	0.000000	92038.570312	1389.521240	94395.140625
2004	10	0.000000	-11.634092	15.288775	15.288775	-0.000006	-0.000006	3.654682	-10.420734	-1.393821	0.000000	92038.578125	1388.994507	94394.570312
2004	11	0.000000	-9.460402	12.895636	12.895636	-0.000005	-0.000005	3.435233	-15.604751	-1.422182	0.000000	92038.585938	1388.493896	94394.023438
2004	11	0.000000	-9.261518	12.587701	12.587701	-0.000005	-0.000005	3.326184	-16.941563	-1.600461	0.000000	92038.593750	1388.026978	94393.523438
2004	11	0.000000	-10.820838	14.027233	14.027233	-0.000005	-0.000005	3.206395	-9.214687	-1.767077	0.000000	92038.601562	1387.551392	94393.015625
2004	11	0.000000	-13.826975	16.899620	16.899620	-0.000007	-0.000007	3.072645	-9.713578	-2.418525	0.000000	92038.609375	1386.976074	94392.414062
2004	11	0.000000	-13.453719	16.437096	16.437096	-0.000006	-0.000006	2.983377	-12.719353	-2.881272	0.000000	92038.617188	1386.356445	94391.765625
2004	11	0.000000	-10.261989	13.187906	13.187906	-0.000005	-0.000005	2.925917	-11.965197	-1.681221	0.000000	92038.625000	1385.827393	94391.218750
2004	11	0.000000	-11.000199	13.860913	13.860913	-0.000005	-0.000005	2.860713	-16.171650	-2.409705	0.000000	92038.632812	1385.323120	94390.687500
2004	11	0.000000	-9.264608	12.046868	12.046868	-0.000005	-0.000005	2.782260	-7.663231	-1.027900	0.000000	92038.640625	1384.831421	94390.179688
2004	11	0.000000	-8.628777	11.315496	11.315496	-0.000004	-0.000004	2.686720	-7.426244	-0.738980	0.000000	92038.656250	1384.413818	94389.750000
2004	11	0.000000	-9.450168	12.023938	12.023938	-0.000005	-0.000005	2.573771	-3.060269	-0.483375	0.000000	92038.664062	1383.980347	94389.304688
2004	11	0.000000	-11.012323	13.484326	13.484326	-0.000005	-0.000005	2.472003	-8.545557	-1.545686	0.000000	92038.671875	1383.482910	94388.796875
2004	11	0.000000	-9.044080	11.437992	11.437992	-0.000004	-0.000004	2.393913	-5.195900	-1.131619	0.000000	92038.679688	1383.018677	94388.328125
2004	11	0.000000	-9.337022	11.609491	11.609491	-0.000004	-0.000004	2.272470	-1.964844	-0.390958	0.000000	92038.695312	1382.590576	94387.898438
2004	11	0.000000	-10.217916	12.350507	12.350507	-0.000005	-0.000005	2.132590	-7.662608	-1.498193	0.000000	92038.703125	1382.135376	94387.445312
2004	11	0.000000	-10.419496	12.432307	12.432307	-0.000005	-0.000005	2.012813	-10.061426	-3.043394	0.000000	92038.710938	1381.657837	94386.976562
2004	11	0.000000	-10.459270	12.376619	12.376619	-0.000005	-0.000005	1.917350	-8.991456	-3.835286	0.000000	92038.718750	1381.179932	94386.507812
2004	11	0.000000	-7.733242	9.584023	9.584023	-0.000004	-0.000004	1.850781	-8.816432	-1.195284	0.000000	92038.718750	1380.747192	94386.085938
2004	11	0.000000	-6.714272	8.464271	8.464271	-0.000003	-0.000003	1.749999	-4.476688	-0.722183	0.000000	92038.726562	1380.388428	94385.742188
2004	11	0.000000	-7.036010	8.635145	8.635145	-0.000003	-0.000003	1.599135	-0.599329	-0.608168	0.000000	92038.734375	1380.049194	94385.421875
2004	11	0.000000	-6.232248	7.681299	7.681299	-0.000003	-0.000003	1.449051	0.230452	-0.627999	0.000000	92038.734375	1379.695801	94385.093750
2004	11	0.000000	-6.645238	7.951994	7.951994	-0.000003	-0.000003	1.306757	-7.826055	-0.700273	0.000000	92038.742188	1379.365967	94384.796875
2004	11	0.000000	-6.969677	8.134779	8.134779	-0.000003	-0.000003	1.165103	-3.216696	-0.653113	0.000000	92038.742188	1379.023438	94384.484375
2004	11	0.000000	-7.578689	8.626149	8.626149	-0.000003	-0.000003	1.047460	1.919524	-0.235080	0.000000	92038.742188	1378.664551	94384.164062
2004	11	0.000000	-8.740686	9.704854	9.704854	-0.000004	-0.000004	0.964167	-4.367780	-0.856461	0.000000	92038.742188	1378.280762	94383.828125
2004	11	0.000000	-8.763844	9.670959	9.670959	-0.000004	-0.000004	0.907115	-8.295183	-1.590477	0.000000	92038.742188	1377.868164	94383.460938
2004	11	0.000000	-6.966332	7.830778	7.830778	-0.000003	-0.000003	0.864446	-9.237328	-1.113382	0.000000	92038.742188	1377.491577	94383.125000
2004	11	0.000000	-8.032607	8.837226	8.837226	-0.000003	-0.000003	0.804618	-2.435150	-0.449120	0.000000	92038.750000	1377.135986	94382.820312
2004	11	0.000000	-8.770287	9.522610	9.522610	-0.000004	-0.000004	0.752323	-3.217399	-0.928053	0.000000	92038.750000	1376.738892	94382.468750
2004	11	0.000000	-6.810369	7.518246	7.518246	-0.000003	-0.000003	0.707876	-1.446349	-0.693078	0.000000	92038.750000	1376.386108	94382.171875
2004	11	0.000000	-7.318392	7.955813	7.955813	-0.000003	-0.000003	0.637421	-9.534187	-1.065025	0.000000	92038.750000	1376.031982	94381.867188
2004	12	0.000000	-6.519032	7.096630	7.096630	-0.000003	-0.000003	0.577598	-2.467162	-0.551032	0.000000	92038.750000	1375.706299	94381.601562
2004	12	0.000000	-6.437149	6.923419	6.923419	-0.000003	-0.000003	0.486272	-1.828342	-0.741075	0.000000	92038.750000	1375.384644	94381.335938
2004	12	0.000000	-5.219095	5.621780	5.621780	-0.000002	-0.000002	0.402685	5.203856	-0.556380	0.000000	92038.750000	1375.091553	94381.101562
2004	12	0.000000	-5.436256	5.737286	5.737286	-0.000002	-0.000002	0.301030	0.944757	-0.534602	0.000000	92038.742188	1374.822754	94380.898438
2004	12	0.000000	-5.801252	6.006857	6.006857	-0.000002	-0.000002	0.205604	-1.743766	-0.446000	0.000000	92038.742188	1374.535767	94380.679688
2004	12	0.000000	-4.525465	4.670532	4.670532	-0.000002	-0.000002	0.145068	2.902337	-0.643093	0.000000	92038.742188	1374.261963	94380.476562
2004	12	0.000000	-4.093076	4.201088	4.201088	-0.000002	-0.000002	0.108013	16.783369	0.012197	0.000000	92038.742188	1374.033569	94380.320312
2004	12	0.000000	-5.988078	6.055840	6.055840	-0.000002	-0.000002	0.067762	2.911914	-0.633975	0.000000	92038.734375	1373.764282	94380.117188
2004	12	0.000000	-5.004665	5.047616	5.047616	-0.000002	-0.000002	0.042951	12.718664	-0.468653	0.000000	92038.734375	1373.488037	94379.921875
2004	12	0.000000	-4.106059	4.139601	4.139601	-0.000002	-0.000002	0.033542	12.328526	-0.270235	0.000000	92038.734375	1373.239624	94379.742188
2004	12	0.000000	-3.327693	3.353365	3.353365	-0.000001	-0.000001	0.025672	16.518347	-0.163565	0.000000	92038.734375	1373.025146	94379.601562
2004	12	0.000000	-3.356391	3.373658	3.373658	-0.000001	-0.000001	0.017266	15.418188	-0.149888	0.000000	92038.734375	1372.823364	94379.476562
2004	12	0.000000	-5.943361	5.951303	5.951303	-0.000002	-0.000002	0.007942	-3.409574	-0.576290	0.000000	92038.734375	1372.577393	94379.304688
2004	12	0.000000	-4.805437	4.806126	4.806126	-0.000002	-0.000002	0.000688	3.466007	-0.313980	0.000000	92038.734375	1372.301147	94379.101562
2004	12	0.000000	-4.471581	4.471581	4.471581	-0.000002	-0.000002	0.000000	6.752293	-0.500064	0.000000	92038.734375	1372.058228	94378.937500
2004	12	0.000000	-3.714145	3.714145	3.714145	-0.000001	-0.000001	0.000000	10.637474	-0.355285	0.000000	92038.734375	1371.835693	94378.789062
2004	12	0.000000	-3.388204	3.388204	3.388204	-0.000001	-0.000001	0.000000	18.488176	-0.128383	0.000000	92038.734375	1371.624756	94378.656250
2004	12	0.000000	-3.790720	3.790720	3.790720	-0.000001	-0.000001	0.000000	10.303181	-0.203082	0.000000	92038.734375	1371.421021	94378.523438
2004	12	0.000000	-4.291674	4.291674	4.291674	-0.000002	-0.000002	0.000000	4.368689	-0.557696	0.000000	92038.734375	1371.195679	94378.375000
2004	12	0.000000	-5.682568	5.682568	5.682568	-0.000002	-0.000002	0.000000	-0.022350	-0.932087	0.000000	92038.734375	1370.947998	94378.203125
2004	12	0.000000	-5.195275	5.195275	5.195275	-0.000002	-0.000002	0.000000	-2.759537	-1.044997	0.000000	92038.734375	1370.669434	94378.000000
2004	12	0.000000	-5.059043	5.059043	5.059043	-0.000002	-0.000002	0.000000	2.849207	-1.225996	0.000000	92038.734375	1370.422119	94377.828125
2004	12	0.000000	-6.519624	6.519624	6.519624	-0.000002	-0.000002	0.000000	-0.599362	-2.608131	0.000000	92038.734375	1370.143066	94377.625000
2004	12	0.000000	-7.409343	7.409343	7.409343	-0.000003	-0.000003	0.000000	-5.320773	-3.988252	0.000000	92038.734375	1369.828613	94377.382812
2004	12	0.000000	-8.628423	8.628423	8.628423	-0.000003	-0.000003	0.000000	-8.668361	-4.372158	0.000000	92038.734375	1369.476196	94377.101562
2004	12	0.000000	-6.837159	6.837159	6.837159	-0.000003	-0.000003	0.000000	-12.145833	-2.157272	0.000000	92038.734375	1369.137939	94376.843750
2004	12	0.000000	-6.329829	6.329829	6.329829	-0.000002	-0.000002	0.000000	-7.947273	-1.803133	0.000000	92038.734375	1368.841309	94376.617188
2004	12	0.000000	-4.312131	4.312131	4.312131	-0.000002	-0.000002	0.000000	-5.358712	-0.492899	0.000000	92038.734375	1368.582031	94376.437500
2004	12	0.000000	-3.663283	3.663283	3.663283	-0.000001	-0.000001	0.000000	2.953984	-0.230826	0.000000	92038.734375	1368.366699	94376.296875
2004	12	0.000000	-5.344931	5.344931	5.344931	-0.000002	-0.000002	0.000000	-6.030763	-0.469036	0.000000	92038.734375	1368.138062	94376.140625
2004	12	0.000000	-5.608387	5.608387	5.608387	-0.000002	-0.000002	0.000000	-4.756635	-0.589600	0.000000	92038.734375	1367.870972	94375.953125
2005	01	0.000000	-4.836089	4.836089	4.836089	-0.000002	-0.000002	0.000000	-5.092082	-0.519088	0.000000	92038.734375	1367.614746	94375.765625
2005	01	0.000000	-4.087932	4.087932	4.087932	-0.000002	-0.000002	0.000000	2.966955	-0.410948	0.000000	92038.734375	1367.387695	94375.617188
2005	01	0.000000	-5.445484	5.445484	5.445484	-0.000002	-0.000002	0.000000	-4.023510	-1.750849	0.000000	92038.734375	1367.147095	94375.453125
2005	01	0.000000	-4.147311	4.147311	4.147311	-0.000002	-0.000002	0.000000	-3.009108	-0.460071	0.000000	92038.734375	1366.904297	94375.281250
2005	01	0.000000	-4.426530	4.426530	4.426530	-0.000002	-0.000002	0.000000	2.687153	-0.376232	0.000000	92038.734375	1366.686401	94375.140625
2005	01	0.000000	-4.262656	4.262656	4.262656	-0.000002	-0.000002	0.000000	9.160156	-0.311640	0.000000	92038.734375	1366.463257	94374.992188
2005	01	0.000000	-4.513185	4.513185	4.513185	-0.000002	-0.000002	0.000000	2.646955	-0.573153	0.000000	92038.734375	1366.233154	94374.835938
2005	01	0.000000	-4.190403	4.190403	4.190403	-0.000002	-0.000002	0.000000	4.957807	-0.519166	0.000000	92038.734375	1366.012817	94374.687500
2005	01	0.000000	-4.142398	4.142398	4.142398	-0.000002	-0.000002	0.000000	-8.350321	-1.135146	0.000000	92038.734375	1365.792480	94374.546875
2005	01	0.000000	-4.261112	4.261112	4.261112	-0.000002	-0.000002	0.000000	-9.543052	-0.626894	0.000000	92038.734375	1365.575073	94374.406250
2005	01	0.000000	-3.929897	3.929897	3.929897	-0.000001	-0.000001	0.000000	-3.160864	-0.179989	0.000000	92038.734375	1365.359253	94374.265625
2005	01	0.000000	-3.628978	3.628978	3.628978	-0.000001	-0.000001	0.000000	1.579460	-0.027443	0.000000	92038.734375	1365.153320	94374.132812
2005	01	0.000000	-3.446367	3.446367	3.446367	-0.000001	-0.000001	0.000000	6.680771	0.072270	0.000000	92038.734375	1364.959351	94374.007812
2005	01	0.000000	-3.227904	3.227904	3.227904	-0.000001	-0.000001	0.000000	8.543816	-0.082916	0.000000	92038.734375	1364.766602	94373.890625
2005	01	0.000000	-3.063292	3.063292	3.063292	-0.000001	-0.000001	0.000000	11.410810	-0.074644	0.000000	92038.734375	1364.587402	94373.789062
2005	01	0.000000	-4.457467	4.457467	4.457467	-0.000002	-0.000002	0.000000	-1.541392	-0.183646	0.000000	92038.734375	1364.383179	94373.656250
2005	01	0.000000	-3.789246	3.789246	3.789246	-0.000001	-0.000001	0.000000	-0.076659	-0.527865	0.000000	92038.734375	1364.166382	94373.515625
2005	01	0.000000	-3.867896	3.867896	3.867896	-0.000001	-0.000001	0.000000	2.956432	-0.440669	0.000000	92038.734375	1363.965210	94373.390625
2005	01	0.000000	-4.533975	4.533975	4.533975	-0.000002	-0.000002	0.000000	-2.716582	-0.198961	0.000000	92038.734375	1363.748169	94373.250000
2005	01	0.000000	-5.239580	5.239580	5.239580	-0.000002	-0.000002	0.000000	-7.068027	-1.558369	0.000000	92038.734375	1363.510620	94373.085938
2005	01	0.000000	-5.335575	5.335575	5.335575	-0.000002	-0.000002	0.000000	-8.075726	-2.644326	0.000000	92038.734375	1363.255981	94372.906250
2005	01	0.000000	-5.226878	5.226878	5.226878	-0.000002	-0.000002	0.000000	-7.266579	-1.070152	0.000000	92038.734375	1363.005127	94372.726562
2005	01	0.000000	-5.432108	5.432108	5.432108	-0.000002	-0.000002	0.000000	-4.335924	-0.928475	0.000000	92038.734375	1362.755249	94372.554688
2005	01	0.000000	-3.993337	3.993337	3.993337	-0.000001	-0.000001	0.000000	-5.570791	-0.422217	0.000000	92038.734375	1362.523438	94372.398438
2005	01	0.000000	-3.850474	3.850474	3.850474	-0.000001	-0.000001	0.000000	2.268779	-0.326299	0.000000	92038.734375	1362.322876	94372.273438
2005	01	0.000000	-5.951916	5.951916	5.951916	-0.000002	-0.000002	0.000000	-0.130771	-0.723053	0.000000	92038.734375	1362.079956	94372.101562
2005	01	0.000000	-4.646502	4.646502	4.646502	-0.000002	-0.000002	0.000000	-4.632489	-0.484141	0.000000	92038.734375	1361.823242	94371.921875
2005	01	0.000000	-4.144947	4.144947	4.144947	-0.000002	-0.000002	0.000000	-1.155102	-0.338420	0.000000	92038.734375	1361.615234	94371.789062
2005	01	0.000000	-4.558443	4.558443	4.558443	-0.000002	-0.000002	0.000000	-5.443925	-0.439565	0.000000	92038.734375	1361.382446	94371.632812
2005	01	0.000000	-3.533267	3.533267	3.533267	-0.000001	-0.000001	0.000000	5.978675	-0.277686	0.000000	92038.734375	1361.181641	94371.500000
2005	01	0.000000	-4.278355	4.278355	4.278355	-0.000002	-0.000002	0.000000	-4.478569	-0.286181	0.000000	92038.734375	1360.975220	94371.375000
2005	02	0.000000	-4.087669	4.087669	4.087669	-0.000002	-0.000002	0.000000	-5.363463	-0.531092	0.000000	92038.734375	1360.755737	94371.226562
2005	02	0.000000	-3.846082	3.846082	3.846082	-0.000002	-0.000002	0.000000	-4.096460	-0.368641	0.000000	92038.734375	1360.535767	94371.078125
2005	02	0.000000	-4.347459	4.347459	4.347459	-0.000002	-0.000002	0.000000	-10.750309	-0.842229	0.000000	92038.734375	1360.308472	94370.929688
2005	02	0.000000	-3.901630	3.901630	3.901630	-0.000002	-0.000002	0.000000	-9.236599	-0.630566	0.000000	92038.734375	1360.084961	94370.781250
2005	02	0.000000	-3.939214	3.939214	3.939214	-0.000002	-0.000002	0.000000	-6.579295	-0.470832	0.000000	92038.734375	1359.870117	94370.640625
2005	02	0.000000	-4.484911	4.484911	4.484911	-0.000002	-0.000002	0.000000	-9.683319	-1.382568	0.000000	92038.734375	1359.634155	94370.476562
2005	02	0.000000	-4.484601	4.484601	4.484601	-0.000002	-0.000002	0.000000	-8.539346	-1.036030	0.000000	92038.734375	1359.397583	94370.312500
2005	02	0.000000	-3.882956	3.882956	3.882956	-0.000002	-0.000002	0.000000	-0.782699	-0.475446	0.000000	92038.734375	1359.172241	94370.164062
2005	02	0.000000	-3.058143	3.058143	3.058143	-0.000001	-0.000001	0.000000	-3.868952	-0.436803	0.000000	92038.734375	1358.970703	94370.039062
2005	02	0.000000	-2.882015	2.882015	2.882015	-0.000001	-0.000001	0.000000	0.134948	-0.266926	0.000000	92038.734375	1358.789917	94369.929688
2005	02	0.000000	-2.854528	2.854528	2.854528	-0.000001	-0.000001	0.000000	3.547321	-0.447179	0.000000	92038.734375	1358.607788	94369.820312
2005	02	0.000000	-3.105561	3.105561	3.105561	-0.000001	-0.000001	0.000000	-0.687565	-0.353417	0.000000	92038.734375	1358.426758	94369.718750
2005	02	0.000000	-3.076893	3.076893	3.076893	-0.000001	-0.000001	0.000000	-5.026435	-0.271709	0.000000	92038.734375	1358.239380	94369.601562
2005	02	0.000000	-4.093645	4.093645	4.093645	-0.000002	-0.000002	0.000000	-5.468903	-1.025810	0.000000	92038.734375	1358.039795	94369.476562
2005	02	0.000000	-4.597805	4.597805	4.597805	-0.000002	-0.000002	0.000000	-20.815384	-1.993072	0.000000	92038.734375	1357.794678	94369.312500
2005	02	0.000000	-4.312845	4.312845	4.312845	-0.000002	-0.000002	0.000000	-10.163275	-0.963859	0.000000	92038.734375	1357.560791	94369.148438
2005	02	0.000000	-2.832056	2.832056	2.832056	-0.000001	-0.000001	0.000000	2.277673	-0.406263	0.000000	92038.734375	1357.358154	94369.023438
2005	02	0.000000	-2.683173	2.683173	2.683173	-0.000001	-0.000001	0.000000	4.148186	-0.392329	0.000000	92038.734375	1357.185425	94368.921875
2005	02	0.000000	-2.677888	2.677888	2.677888	-0.000001	-0.000001	0.000000	4.181705	-0.384433	0.000000	92038.734375	1357.013184	94368.828125
2005	02	0.000000	-2.578003	2.578003	2.578003	-0.000001	-0.000001	0.000000	5.591798	-0.304605	0.000000	92038.734375	1356.843140	94368.726562
2005	02	0.000000	-3.265760	3.265760	3.265760	-0.000001	-0.000001	0.000000	-5.344946	-0.244890	0.000000	92038.734375	1356.663818	94368.625000
2005	02	0.000000	-3.169701	3.169701	3.169701	-0.000001	-0.000001	0.000000	-6.984165	-0.275385	0.000000	92038.734375	1356.468628	94368.500000
2005	02	0.000000	-3.305207	3.305207	3.305207	-0.000001	-0.000001	0.000000	-2.875354	-0.375473	0.000000	92038.734375	1356.278687	94368.390625
2005	02	0.000000	-3.290205	3.290205	3.290205	-0.000001	-0.000001	0.000000	-10.285132	-0.675744	0.000000	92038.734375	1356.083496	94368.265625
2005	02	0.000000	-2.762384	2.762384	2.762384	-0.000001	-0.000001	0.000000	-2.811662	-0.336601	0.000000	92038.734375	1355.897705	94368.156250
2005	02	0.000000	-3.128235	3.128235	3.128235	-0.000001	-0.000001	0.000000	-3.233910	-0.208520	0.000000	92038.734375	1355.722534	94368.054688
2005	02	0.000000	-3.976354	3.976354	3.976354	-0.000002	-0.000002	0.000000	-5.225817	-0.647565	0.000000	92038.734375	1355.513062	94367.921875
2005	02	0.000000	-3.322333	3.322333	3.322333	-0.000001	-0.000001	0.000000	-2.366264	-0.714236	0.000000	92038.734375	1355.304321	94367.781250
2005	03	0.000000	-3.403591	3.403591	3.403591	-0.000001	-0.000001	0.000000	1.599477	-0.221410	0.000000	92038.734375	1355.120728	94367.671875
2005	03	0.000000	-4.173150	4.173150	4.173150	-0.000002	-0.000002	0.000000	0.116764	-0.604007	0.000000	92038.734375	1354.922119	94367.554688
2005	03	0.000000	-5.078979	5.078979	5.078979	-0.000002	-0.000002	0.000000	-3.516117	-1.040421	0.000000	92038.734375	1354.698730	94367.398438
2005	03	0.000000	-4.373004	4.373004	4.373004	-0.000002	-0.000002	0.000000	-3.321280	-1.203977	0.000000	92038.734375	1354.461426	94367.242188
2005	03	0.000000	-4.137223	4.137223	4.137223	-0.000002	-0.000002	0.000000	-0.629772	-1.579982	0.000000	92038.734375	1354.256104	94367.109375
2005	03	0.000000	-4.058858	4.058858	4.058858	-0.000002	-0.000002	0.000000	9.539749	-0.739389	0.000000	92038.734375	1354.046997	94366.968750
2005	03	0.000000	-4.401134	4.401134	4.401134	-0.000002	-0.000002	0.000000	3.367154	-0.608861	0.000000	92038.734375	1353.842041	94366.843750
2005	03	0.000000	-4.770391	4.770391	4.770391	-0.000002	-0.000002	0.000000	-1.592861	-1.439865	0.000000	92038.734375	1353.607910	94366.679688
2005	03	0.000000	-4.649305	4.649305	4.649305	-0.000002	-0.000002	0.000000	-2.403827	-1.931656	0.000000	92038.734375	1353.379150	94366.523438
2005	03	0.000000	-3.791235	3.791235	3.791235	-0.000001	-0.000001	0.000000	-3.971073	-0.777926	0.000000	92038.734375	1353.172119	94366.390625
2005	03	0.000000	-3.726406	3.726406	3.726406	-0.000001	-0.000001	0.000000	-2.013239	-1.151611	0.000000	92038.734375	1352.976440	94366.273438
2005	03	0.000000	-3.809289	3.809289	3.809289	-0.000001	-0.000001	0.000000	11.242719	-0.537437	0.000000	92038.734375	1352.779663	94366.148438
2005	03	0.000000	-3.928879	3.928879	3.928879	-0.000001	-0.000001	0.000000	7.411608	-0.856731	0.000000	92038.734375	1352.582520	94366.023438
2005	03	0.000000	-2.994381	2.994381	2.994381	-0.000001	-0.000001	0.000000	17.995092	-0.476450	0.000000	92038.734375	1352.391235	94365.906250
2005	03	0.000000	-3.150831	3.150831	3.150831	-0.000001	-0.000001	0.000000	12.003027	-0.486095	0.000000	92038.734375	1352.224854	94365.820312
2005	03	0.000000	-6.306220	6.306220	6.306220	-0.000002	-0.000002	0.000000	-5.126683	-2.372256	0.000000	92038.734375	1351.996704	94365.664062
2005	03	0.000000	-7.523836	7.523836	7.523836	-0.000003	-0.000003	0.000000	-5.669622	-2.935366	0.000000	92038.734375	1351.691284	94365.429688
2005	03	0.000000	-5.555535	5.555535	5.555535	-0.000002	-0.000002	0.000000	-0.758099	-2.110427	0.000000	92038.734375	1351.402954	94365.218750
2005	03	0.000000	-4.662088	4.662088	4.662088	-0.000002	-0.000002	0.000000	4.953546	-0.694766	0.000000	92038.734375	1351.169189	94365.054688
2005	03	0.000000	-4.925746	4.925746	4.925746	-0.000002	-0.000002	0.000000	0.797997	-1.281170	0.000000	92038.734375	1350.939819	94364.906250
2005	03	0.000000	-6.605513	6.605513	6.605513	-0.000002	-0.000002	0.000000	-4.291955	-2.394465	0.000000	92038.734375	1350.680298	94364.718750
2005	03	0.000000	-6.202044	6.202044	6.202044	-0.000002	-0.000002	0.000000	-4.020938	-2.223792	0.000000	92038.734375	1350.395508	94364.507812
2005	03	0.000000	-5.493034	5.493034	5.493034	-0.000002	-0.000002	0.000000	-4.859926	-1.638828	0.000000	92038.734375	1350.133057	94364.320312
2005	03	0.000000	-4.908354	4.908354	4.908354	-0.000002	-0.000002	0.000000	5.407567	-0.621418	0.000000	92038.734375	1349.895752	94364.156250
2005	03	0.000000	-5.341800	5.341800	5.341800	-0.000002	-0.000002	0.000000	-5.628588	-1.520580	0.000000	92038.734375	1349.651978	94363.984375
2005	03	0.000000	-5.980984	5.980984	5.980984	-0.000002	-0.000002	0.000000	-1.233392	-1.240963	0.000000	92038.734375	1349.390747	94363.796875
2005	03	0.000000	-5.952420	5.952420	5.952420	-0.000002	-0.000002	0.000000	0.098844	-0.980941	0.000000	92038.734375	1349.126831	94363.609375
2005	03	0.000000	-5.921399	5.921399	5.921399	-0.000002	-0.000002	0.000000	-1.618835	-1.123131	0.000000	92038.734375	1348.863403	94363.421875
2005	03	0.000000	-4.824641	4.824641	4.824641	-0.000002	-0.000002	0.000000	3.685951	-1.266213	0.000000	92038.734375	1348.607788	94363.234375
2005	03	0.000000	-4.506821	4.506821	4.506821	-0.000002	-0.000002	0.000000	7.198790	-0.433523	0.000000	92038.734375	1348.387939	94363.093750
2005	03	0.000000	-3.940274	3.940274	3.940274	-0.000001	-0.000001	0.000000	13.775830	-0.312433	0.000000	92038.734375	1348.179443	94362.953125
2005	04	0.000000	-3.645041	3.645041	3.645041	-0.000001	-0.000001	0.000000	13.112816	-0.269545	0.000000	92038.734375	1347.983398	94362.835938
2005	04	0.000000	-4.469262	4.469262	4.469262	-0.000002	-0.000002	0.000000	-0.853325	-1.184216	0.000000	92038.734375	1347.768066	94362.695312
2005	04	0.000000	-5.205062	5.205062	5.205062	-0.000002	-0.000002	0.000000	-10.461854	-1.978722	0.000000	92038.734375	1347.529907	94362.531250
2005	04	0.000000	-5.103725	5.103725	5.103725	-0.000002	-0.000002	0.000000	-2.827465	-1.450355	0.000000	92038.734375	1347.290527	94362.359375
2005	04	0.000000	-5.551194	5.551194	5.551194	-0.000002	-0.000002	0.000000	-11.227393	-2.709935	0.000000	92038.734375	1347.037720	94362.187500
2005	04	0.000000	-6.431092	6.431092	6.431092	-0.000002	-0.000002	0.000000	-6.470274	-1.973651	0.000000	92038.734375	1346.758301	94361.976562
2005	04	0.000000	-5.369181	5.369181	5.369181	-0.000002	-0.000002	0.000000	-1.434682	-1.550835	0.000000	92038.734375	1346.490479	94361.781250
2005	04	0.000000	-5.911956	5.911956	5.911956	-0.000002	-0.000002	0.000000	-5.812363	-1.841285	0.000000	92038.734375	1346.227539	94361.593750
2005	04	0.000000	-6.571183	6.571183	6.571183	-0.000003	-0.000003	0.000000	-7.268890	-2.072957	0.000000	92038.734375	1345.938232	94361.382812
2005	04	0.000000	-6.091826	6.091826	6.091826	-0.000002	-0.000002	0.000000	-5.373114	-2.035509	0.000000	92038.734375	1345.663452	94361.179688
2005	04	0.000000	-7.218892	7.218892	7.218892	-0.000003	-0.000003	0.000000	-12.162209	-4.481179	0.000000	92038.734375	1345.365601	94360.953125
2005	04	0.000000	-6.780497	6.780497	6.780497	-0.000003	-0.000003	0.000000	-15.262159	-4.359221	0.000000	92038.734375	1345.055786	94360.718750
2005	04	0.000000	-6.683605	6.683605	6.683605	-0.000003	-0.000003	0.000000	-21.945553	-5.432487	0.000000	92038.734375	1344.762939	94360.500000
2005	04	0.000000	-6.928940	6.928940	6.928940	-0.000003	-0.000003	0.000000	-14.304996	-4.695415	0.000000	92038.734375	1344.463867	94360.273438
2005	04	0.000000	-6.859880	6.859880	6.859880	-0.000003	-0.000003	0.000000	-8.129753	-2.611520	0.000000	92038.734375	1344.159302	94360.039062
2005	04	0.000000	-6.888865	6.888865	6.888865	-0.000003	-0.000003	0.000000	-6.742219	-2.057799	0.000000	92038.734375	1343.854248	94359.812500
2005	04	0.000000	-6.765006	6.765006	6.765006	-0.000003	-0.000003	0.000000	-12.056768	-2.483533	0.000000	92038.734375	1343.552124	94359.585938
2005	04	0.000000	-6.399219	6.399219	6.399219	-0.000002	-0.000002	0.000000	-12.112363	-3.108808	0.000000	92038.734375	1343.256348	94359.359375
2005	04	0.000000	-6.298221	6.298221	6.298221	-0.000002	-0.000002	0.000000	-1.488558	-1.128255	0.000000	92038.734375	1342.975098	94359.156250
2005	04	0.000000	-5.770583	5.770583	5.770583	-0.000002	-0.000002	0.000000	-6.871385	-1.778267	0.000000	92038.734375	1342.702026	94358.953125
2005	04	0.000000	-6.195091	6.195091	6.195091	-0.000002	-0.000002	0.000000	-9.846605	-2.284836	0.000000	92038.734375	1342.427490	94358.750000
2005	04	0.000000	-5.528147	5.528147	5.528147	-0.000002	-0.000002	0.000000	0.523254	-1.568161	0.000000	92038.734375	1342.158691	94358.554688
2005	04	0.000000	-5.152265	5.152265	5.152265	-0.000002	-0.000002	0.000000	6.483824	-0.368021	0.000000	92038.734375	1341.907715	94358.382812
2005	04	0.000000	-6.037638	6.037638	6.037638	-0.000002	-0.000002	0.000000	0.688275	-1.989549	0.000000	92038.734375	1341.651733	94358.195312
2005	04	0.000000	-4.971025	4.971025	4.971025	-0.000002	-0.000002	0.000000	3.725860	-0.517575	0.000000	92038.734375	1341.389526	94358.007812
2005	04	0.000000	-4.458003	4.458003	4.458003	-0.000002	-0.000002	0.000000	9.258086	0.254370	0.000000	92038.734375	1341.163086	94357.859375
2005	04	0.000000	-5.816703	5.816703	5.816703	-0.000002	-0.000002	0.000000	1.225547	0.786745	0.000000	92038.734375	1340.914062	94357.679688
2005	04	0.000000	-6.144028	6.144028	6.144028	-0.000002	-0.000002	0.000000	3.292492	0.043280	0.000000	92038.734375	1340.646362	94357.484375
2005	04	0.000000	-6.719854	6.719854	6.719854	-0.000003	-0.000003	0.000000	-5.705367	-0.462563	0.000000	92038.734375	1340.348999	94357.265625
2005	04	0.000000	-7.960206	7.960206	7.960206	-0.000003	-0.000003	0.000000	-2.727232	0.608916	0.000000	92038.734375	1340.037109	94357.023438
2005	05	0.000000	-8.138905	8.138905	8.138905	-0.000003	-0.000003	0.000000	-8.071598	-1.518507	0.000000	92038.734375	1339.702026	94356.765625
2005	05	0.000000	-9.346848	9.346848	9.346848	-0.000003	-0.000003	0.000000	-0.699216	-1.198048	0.000000	92038.734375	1339.347168	94356.476562
2005	05	0.000000	-7.719960	7.719960	7.719960	-0.000003	-0.000003	0.000000	2.008035	-0.681372	0.000000	92038.734375	1338.989990	94356.195312
2005	05	0.000000	-9.743253	9.743253	9.743253	-0.000004	-0.000004	0.000000	-10.435105	-2.213350	0.000000	92038.734375	1338.643188	94355.921875
2005	05	0.000000	-8.832313	8.832313	8.832313	-0.000003	-0.000003	0.000000	-4.212664	-0.886655	0.000000	92038.734375	1338.264526	94355.617188
2005	05	0.000000	-6.625708	6.625708	6.625708	-0.000002	-0.000002	0.000000	1.025956	2.390150	0.000000	92038.734375	1337.947144	94355.375000
2005	05	0.000000	-7.242544	7.242544	7.242544	-0.000003	-0.000003	0.000000	0.403148	2.940924	0.000000	92038.734375	1337.653809	94355.156250
2005	05	0.000000	-6.841887	6.841887	6.841887	-0.000003	-0.000003	0.000000	-0.915826	2.562200	0.000000	92038.734375	1337.350952	94354.921875
2005	05	0.000000	-7.549604	7.549604	7.549604	-0.000003	-0.000003	0.000000	-2.194800	1.582410	0.000000	92038.734375	1337.050049	94354.695312
2005	05	0.000000	-8.716576	8.716576	8.716576	-0.000003	-0.000003	0.000000	-2.395098	4.820710	0.000000	92038.734375	1336.710815	94354.429688
2005	05	0.000000	-8.647414	8.647414	8.647414	-0.000003	-0.000003	0.000000	0.707568	5.004953	0.000000	92038.734375	1336.362427	94354.156250
2005	05	0.000000	-8.053561	8.053561	8.053561	-0.000003	-0.000003	0.000000	-0.542189	4.618055	0.000000	92038.734375	1336.016724	94353.882812
2005	05	0.000000	-7.427229	7.427229	7.427229	-0.000003	-0.000003	0.000000	7.417608	1.749896	0.000000	92038.734375	1335.691162	94353.632812
2005	05	0.000000	-7.060684	7.060684	7.060684	-0.000003	-0.000003	0.000000	10.682080	2.724911	0.000000	92038.734375	1335.385864	94353.398438
2005	05	0.000000	-7.513898	7.513898	7.513898	-0.000003	-0.000003	0.000000	1.552546	4.513772	0.000000	92038.734375	1335.077637	94353.164062
2005	05	0.000000	-7.710361	7.710361	7.710361	-0.000003	-0.000003	0.000000	2.807531	6.439121	0.000000	92038.734375	1334.762695	94352.921875
2005	05	0.000000	-8.627606	8.627606	8.627606	-0.000003	-0.000003	0.000000	-3.108422	6.138601	0.000000	92038.734375	1334.428955	94352.664062
2005	05	0.000000	-9.660624	9.660624	9.660624	-0.000004	-0.000004	0.000000	-2.655348	3.577880	0.000000	92038.734375	1334.062622	94352.367188
2005	05	0.000000	-8.419899	8.419899	8.419899	-0.000003	-0.000003	0.000000	4.260407	3.343585	0.000000	92038.734375	1333.697876	94352.078125
2005	05	0.000000	-8.201883	8.201883	8.201883	-0.000003	-0.000003	0.000000	-2.029370	2.407410	0.000000	92038.734375	1333.352417	94351.804688
2005	05	0.000000	-7.904123	7.904123	7.904123	-0.000003	-0.000003	0.000000	11.883528	9.415355	0.000000	92038.734375	1333.027954	94351.554688
2005	05	0.000000	-8.851456	8.851456	8.851456	-0.000003	-0.000003	0.000000	-1.566928	7.765641	0.000000	92038.734375	1332.684326	94351.281250
2005	05	0.000000	-9.182039	9.182039	9.182039	-0.000003	-0.000003	0.000000	-9.503329	8.741982	0.000000	92038.734375	1332.319092	94350.992188
2005	05	0.000000	-8.674143	27.438517	27.438517	-0.000010	-0.000010	18.764372	-1.504383	6.661273	0.000000	92039.109375	1331.958618	94350.414062
2005	05	0.000000	-8.629640	26.334290	26.334290	-0.000010	-0.000010	17.704649	-0.841443	2.473173	0.000000	92039.921875	1331.608521	94349.523438
2005	05	0.000000	-8.547057	9.853462	9.853462	-0.000004	-0.000004	1.306405	-3.241130	0.152453	0.000000	92040.273438	1331.256958	94348.945312
2005	05	0.000000	-8.570243	9.897315	9.897315	-0.000004	-0.000004	1.327071	-5.121684	-0.094746	0.000000	92040.289062	1330.909180	94348.632812
2005	05	0.000000	-8.856247	10.240713	10.240713	-0.000004	-0.000004	1.384467	-13.361351	6.094193	0.000000	92040.304688	1330.554932	94348.304688
2005	05	0.000000	-8.550444	9.813702	9.813702	-0.000004	-0.000004	1.263258	-11.666821	1.179085	0.000000	92040.328125	1330.204102	94347.984375
2005	05	0.000000	-9.385108	10.699579	10.699579	-0.000004	-0.000004	1.314472	-31.246237	-7.771401	0.000000	92040.343750	1329.843140	94347.656250
2005	05	0.000000	-9.114431	10.690098	10.690098	-0.000004	-0.000004	1.575667	-43.846085	1.981670	0.000000	92040.359375	1329.470093	94347.304688
2005	06	0.000000	-8.927382	10.738394	10.738394	-0.000004	-0.000004	1.811012	-32.599991	-0.672275	0.000000	92040.382812	1329.103882	94346.960938
2005	06	0.000000	-9.072360	11.588668	11.588668	-0.000004	-0.000004	2.516309	-26.321245	-0.282879	0.000000	92040.414062	1328.733032	94346.585938
2005	06	0.000000	-9.789846	41.967701	41.967701	-0.000016	-0.000016	32.177856	-38.171967	-2.437265	0.000000	92040.804688	1328.344849	94345.867188
2005	06	0.000000	-11.620568	115.069969	115.069969	-0.000044	-0.000044	103.449394	7.333428	14.249433	0.000000	92043.804688	1327.911987	94342.820312
2005	06	0.000000	-12.681964	93.586281	93.586281	-0.000036	-0.000036	80.904312	49.264423	31.125322	0.000000	92046.406250	1327.426880	94339.500000
2005	06	0.000000	-12.650273	120.424644	120.424644	-0.000046	-0.000046	107.774368	10.458017	15.809007	0.000000	92048.906250	1326.933472	94335.929688
2005	06	0.000000	-10.551277	73.791183	73.791183	-0.000028	-0.000028	63.239906	10.792965	26.589170	0.000000	92050.796875	1326.474976	94332.648438
2005	06	1.894073	-7.907551	68.707535	66.813461	-0.000026	-0.000026	58.905910	74.295601	30.630671	5256.493652	92051.687500	1326.087158	94330.367188
2005	06	14.314356	2.541075	70.531258	56.216900	-0.000022	-0.000022	58.757977	81.998360	31.526325	39725.683594	92052.554688	1325.932983	94328.328125
2005	06	25.575054	11.974190	71.238060	45.663013	-0.000018	-0.000018	57.637199	133.133987	48.882488	70976.750000	92053.406250	1326.150391	94326.648438
2005	06	33.220875	18.360596	70.356544	37.135666	-0.000014	-0.000014	55.496262	134.270981	43.365002	92195.695312	92054.195312	1326.605835	94325.304688
2005	06	51.356243	32.106476	76.718071	25.361834	-0.000010	-0.000010	57.468311	87.298088	40.809753	142525.578125	92054.953125	1327.336914	94324.250000
2005	06	89.327263	60.239651	94.662529	5.335266	-0.000002	-0.000002	65.574913	38.301701	62.221069	247904.031250	92055.757812	1328.816406	94323.750000
2005	06	100.978752	68.405220	95.020782	-5.957967	0.000002	0.000002	62.447250	1.598190	49.076206	280239.656250	92056.601562	1330.974854	94323.835938
2005	06	135.255524	92.390320	118.150307	-17.105215	0.000007	0.000007	75.285103	-35.491909	99.458359	375365.718750	92057.484375	1333.533203	94324.218750
2005	06	129.882675	92.710968	117.712677	-12.169996	0.000005	0.000005	80.540977	67.174332	88.645470	360454.812500	92058.515625	1336.729614	94324.781250
2005	06	140.016632	100.199326	114.815506	-25.201138	0.000010	0.000010	74.998192	24.013607	74.879173	388578.937500	92059.453125	1339.805908	94325.390625
2005	06	138.510056	99.025894	111.823105	-26.686956	0.000010	0.000010	72.338936	17.391756	42.350307	384397.781250	92060.257812	1343.098633	94326.304688
2005	06	197.596832	146.052017	123.100143	-74.496689	0.000029	0.000029	71.555336	35.424019	55.942688	548377.437500	92060.906250	1347.099854	94327.992188
2005	06	216.165756	160.144318	128.293396	-87.872360	0.000034	0.000034	72.271950	56.787209	91.089149	599910.562500	92061.429688	1352.271484	94330.812500
2005	06	207.855637	154.444199	121.475365	-86.380272	0.000033	0.000033	68.063934	80.231026	83.709030	576848.000000	92061.882812	1357.412476	94333.695312
2005	06	236.415680	176.082947	129.887100	-106.528572	0.000041	0.000041	69.554375	62.621536	88.617104	656108.750000	92062.257812	1362.868042	94336.937500
2005	06	254.714127	188.983353	135.814835	-118.899284	0.000046	0.000046	70.084061	43.914543	98.374344	706891.250000	92062.562500	1368.747437	94340.570312
2005	06	280.964844	208.574265	146.196075	-134.768784	0.000052	0.000052	73.805496	37.990005	104.587486	779743.187500	92062.789062	1375.364746	94344.882812
2005	06	268.996002	198.693558	147.201904	-121.794083	0.000047	0.000047	76.899452	32.781670	101.893822	746526.750000	92062.882812	1382.263306	94349.304688
2005	06	261.701416	194.295288	138.431534	-123.269867	0.000048	0.000048	71.025414	49.079708	90.148750	726282.625000	92062.914062	1388.763306	94353.429688
2005	06	202.889114	147.024170	122.725090	-80.164032	0.000031	0.000031	66.860138	47.073154	47.418468	563064.750000	92062.937500	1394.194946	94356.664062
2005	06	278.568604	207.156769	138.284653	-140.283966	0.000054	0.000054	66.872795	54.051277	74.831322	773093.000000	92062.906250	1400.131104	94360.453125
2005	06	300.861786	223.012909	144.415894	-156.445908	0.000060	0.000060	66.567009	41.918983	106.496437	834961.812500	92062.789062	1407.232788	94365.390625
2005	06	287.143951	212.468094	133.639053	-153.504913	0.000059	0.000059	58.963169	55.303307	104.907150	796891.625000	92062.679688	1414.483521	94370.625000
2005	07	315.666168	233.859543	140.573624	-175.092529	0.000065	0.000065	58.766998	53.327190	104.927216	847787.812500	92062.578125	1421.674194	94375.976562
2005	07	346.358734	253.315231	153.478836	-192.879898	0.000072	0.000072	60.435329	27.703417	119.887383	930219.187500	92062.445312	1429.363037	94381.820312
2005	07	298.455475	206.689423	155.841278	-142.614197	0.000053	0.000053	64.075218	-8.791972	93.435127	801564.875000	92062.289062	1437.048218	94387.585938
2005	07	359.549011	256.415314	172.530716	-187.018311	0.000070	0.000070	69.397011	8.460829	78.616592	965644.437500	92062.101562	1444.124268	94392.593750
2005	07	286.479828	184.617279	178.838867	-107.640938	0.000040	0.000040	76.976341	12.166419	105.622955	769401.812500	92061.859375	1450.634399	94396.781250
2005	07	283.040802	188.352570	166.316437	-116.724365	0.000044	0.000044	71.628189	-3.905879	122.565887	760165.625000	92061.601562	1456.620728	94400.429688
2005	07	333.589478	239.257248	157.631546	-175.957901	0.000066	0.000066	63.299351	44.280548	109.441490	895924.562500	92061.250000	1464.056030	94405.796875
2005	07	306.051483	221.462296	141.927979	-164.123489	0.000061	0.000061	57.338806	63.013290	71.237694	821965.625000	92060.882812	1471.300781	94411.203125
2005	07	326.164642	234.595779	149.400635	-176.763992	0.000066	0.000066	57.831772	74.818420	80.770760	875983.625000	92060.515625	1478.632690	94416.750000
2005	07	319.772308	227.965256	148.383240	-171.389069	0.000064	0.000064	56.576187	64.415482	77.354874	858815.687500	92060.132812	1486.002686	94422.359375
2005	07	277.206604	192.905624	139.071091	-138.135529	0.000052	0.000052	54.770103	34.222511	64.971794	744496.625000	92059.765625	1492.805176	94427.453125
2005	07	264.810974	185.056061	131.813446	-132.997528	0.000050	0.000050	52.058529	61.167313	55.239498	711205.500000	92059.406250	1498.945435	94431.960938
2005	07	145.725967	87.381363	110.956642	-34.769329	0.000013	0.000013	52.612034	4.077980	26.509518	391377.718750	92059.132812	1502.669556	94434.093750
2005	07	211.219604	142.444046	119.869934	-91.349678	0.000034	0.000034	51.094372	41.537880	35.151615	567274.625000	92058.843750	1506.823608	94436.656250
2005	07	199.202667	130.879105	118.656189	-80.546478	0.000030	0.000030	50.332634	17.361599	24.932310	535000.625000	92058.562500	1510.541626	94438.820312
2005	07	304.696503	216.286209	138.870804	-165.825699	0.000062	0.000062	50.460522	53.447975	60.892826	818326.437500	92058.195312	1516.490845	94443.210938
2005	07	338.614685	239.636520	150.508636	-188.106064	0.000070	0.000070	51.530453	64.423889	76.882263	909420.937500	92057.781250	1523.869873	94449.023438
2005	07	338.012146	235.082779	154.097107	-183.915024	0.000069	0.000069	51.167759	53.413818	82.698959	907802.562500	92057.343750	1531.410645	94454.992188
2005	07	331.865601	220.509415	163.365585	-168.500031	0.000063	0.000063	52.009392	35.735683	88.830681	891294.812500	92056.898438	1538.442627	94460.437500
2005	07	335.505707	219.684906	166.799133	-168.706573	0.000063	0.000063	50.978325	30.573847	84.909111	901071.000000	92056.429688	1545.436279	94465.859375
2005	07	182.549164	93.471252	143.273346	-39.275822	0.000015	0.000015	54.195431	-10.302835	37.245686	490274.156250	92056.015625	1550.993530	94469.843750
2005	07	172.337997	84.719131	143.384109	-28.953884	0.000011	0.000011	55.765247	-3.397958	10.172779	462849.906250	92055.750000	1552.747681	94469.882812
2005	07	246.788422	144.544235	159.234116	-87.554298	0.000033	0.000033	56.989925	5.192926	74.848213	662802.125000	92055.351562	1557.908691	94473.304688
2005	07	57.003372	-0.203684	112.948784	55.945408	-0.000021	-0.000021	55.741726	-26.795506	25.434404	153094.546875	92055.117188	1558.653931	94472.312500
2005	07	211.978622	134.911545	127.204620	-84.774002	0.000032	0.000032	50.137543	3.696078	32.309967	569313.125000	92054.781250	1561.009888	94473.054688
2005	07	299.623108	197.255493	154.202957	-145.420151	0.000054	0.000054	51.835331	34.555283	72.562996	804700.875000	92054.320312	1567.063477	94477.546875
2005	07	212.504227	135.593414	123.926170	-88.578064	0.000033	0.000033	47.015347	19.200258	31.570448	570724.750000	92053.875000	1571.660767	94480.640625
2005	07	283.104462	191.894730	137.247330	-145.857117	0.000054	0.000054	46.037624	62.340500	58.252014	760336.500000	92053.421875	1577.245239	94484.804688
2005	07	291.823425	192.087662	146.470215	-145.353226	0.000054	0.000054	46.734421	29.876902	64.935211	783753.187500	92052.937500	1583.522339	94489.671875
2005	07	261.863342	168.270813	138.725403	-123.137924	0.000046	0.000046	45.132893	47.527908	43.946354	703289.000000	92052.468750	1589.067017	94493.835938
2005	07	211.352768	122.462814	134.689682	-76.663086	0.000029	0.000029	45.799717	9.461205	31.789995	567632.250000	92052.015625	1593.456665	94496.843750
2005	08	269.844360	166.905380	149.572174	-120.272163	0.000045	0.000045	46.633221	44.571167	56.133984	724723.750000	92051.554688	1598.456543	94500.429688
2005	08	249.027771	146.676025	149.030472	-99.997307	0.000037	0.000037	46.678730	22.806187	45.528481	668816.437500	92051.070312	1603.422363	94503.984375
2005	08	214.659927	119.581306	143.444626	-71.215286	0.000027	0.000027	48.366013	27.013523	56.535629	576514.312500	92050.593750	1608.010010	94507.140625
2005	08	148.622864	74.576797	121.670914	-26.951954	0.000010	0.000010	47.624844	3.203523	35.031273	399157.937500	92050.187500	1610.605225	94508.265625
2005	08	160.006851	83.579903	123.186928	-36.819916	0.000014	0.000014	46.759979	18.778625	25.142843	429732.000000	92049.773438	1612.992554	94509.226562
2005	08	165.905380	87.454681	125.606995	-40.298389	0.000015	0.000015	47.156300	16.330091	25.430122	445573.781250	92049.343750	1615.896118	94510.703125
2005	08	162.745575	87.716515	121.534126	-41.211445	0.000015	0.000015	46.505062	26.243000	23.297373	437087.437500	92048.906250	1618.559570	94511.937500
2005	08	178.367020	97.928375	127.455139	-50.911877	0.000019	0.000019	47.016495	49.427467	33.586082	479042.125000	92048.453125	1621.681152	94513.640625
2005	08	184.221222	103.800804	127.080872	-57.140358	0.000021	0.000021	46.660446	49.099464	36.546280	494764.812500	92047.984375	1624.994873	94515.523438
2005	08	163.478134	84.592033	125.453247	-38.024899	0.000014	0.000014	46.567139	49.541103	31.686806	439054.906250	92047.523438	1627.906494	94517.031250
2005	08	174.364716	93.564011	126.931282	-47.433437	0.000018	0.000018	46.130569	37.103741	37.293072	468293.125000	92047.062500	1630.821655	94518.531250
2005	08	152.495071	75.788948	122.169678	-30.325405	0.000011	0.000011	45.463547	24.036612	28.927011	409557.562500	92046.601562	1633.367432	94519.695312
2005	08	148.147934	72.782982	120.809830	-27.338106	0.000010	0.000010	45.444881	39.157070	28.944530	397882.437500	92046.148438	1635.777954	94520.726562
2005	08	152.751328	79.159187	118.138702	-34.612625	0.000013	0.000013	44.546562	50.249374	28.888174	410245.781250	92045.687500	1638.184204	94521.773438
2005	08	173.905304	90.347618	129.115173	-44.790150	0.000017	0.000017	45.557468	29.954906	39.572521	467059.250000	92045.210938	1640.968018	94523.187500
2005	08	180.030350	80.853371	147.363632	-32.666721	0.000012	0.000012	48.186646	-3.255016	54.771122	483509.343750	92044.718750	1643.660889	94524.476562
2005	08	146.619278	58.745754	137.271118	-9.348173	0.000003	0.000003	49.397583	-9.629630	17.628695	393776.875000	92044.203125	1645.991821	94525.320312
2005	08	87.905411	18.525976	119.628555	31.723143	-0.000012	-0.000012	50.249119	-17.409328	18.488207	236088.453125	92043.757812	1647.085327	94524.890625
2005	08	77.138870	16.331038	109.679306	32.540443	-0.000012	-0.000012	48.871475	-15.783822	24.526163	207172.640625	92043.367188	1647.472290	94523.765625
2005	08	77.698227	17.884521	107.054558	29.356325	-0.000011	-0.000011	47.240845	-12.841043	23.650093	208674.921875	92042.968750	1648.005859	94522.843750
2005	08	127.015656	56.819134	116.236664	-10.778993	0.000004	0.000004	46.040146	21.453720	37.013729	341127.250000	92042.515625	1649.394409	94522.812500
2005	08	138.302307	62.362316	122.140617	-16.161686	0.000006	0.000006	46.200626	10.600404	36.530655	371439.937500	92042.039062	1651.276123	94523.296875
2005	08	137.532837	61.189907	123.370842	-14.161996	0.000005	0.000005	47.027908	26.324036	31.211767	369373.343750	92041.531250	1653.441284	94524.046875
2005	08	75.231888	20.338774	99.783768	24.551874	-0.000009	-0.000009	44.890644	3.492937	14.022824	202051.062500	92041.101562	1654.413208	94523.625000
2005	08	83.994614	25.882191	102.517960	18.523350	-0.000007	-0.000007	44.405540	21.153576	18.565796	225585.187500	92040.695312	1655.240601	94523.117188
2005	08	80.879387	26.540327	97.679451	16.800060	-0.000006	-0.000006	43.340385	28.641918	12.561960	217218.593750	92040.296875	1655.945801	94522.492188
2005	08	93.302856	32.250961	104.805367	11.502513	-0.000004	-0.000004	43.753475	25.031885	22.233067	250584.437500	92039.875000	1656.966553	94522.203125
2005	08	105.088638	41.943382	106.613380	1.524745	-0.000001	-0.000001	43.468128	16.064009	19.687038	282237.593750	92039.429688	1658.201050	94522.109375
2005	08	118.477142	48.114098	115.037590	-3.439549	0.000001	0.000001	44.674549	18.497540	21.173548	318195.250000	92038.960938	1659.698486	94522.281250
2005	08	102.888283	37.812283	109.896767	7.008480	-0.000003	-0.000003	44.820763	4.526560	16.888651	276328.093750	92038.484375	1661.094116	94522.320312
2005	08	83.155777	24.422358	102.447067	19.291292	-0.000007	-0.000007	43.713654	9.695444	16.343138	223332.296875	92038.046875	1661.914062	94521.812500
2005	09	83.099030	26.854237	97.914627	14.815599	-0.000006	-0.000006	41.669838	14.092512	16.688076	230619.250000	92037.617188	1662.755249	94521.343750
2005	09	83.682396	29.079243	95.094772	11.412382	-0.000004	-0.000004	40.491623	4.469543	15.007679	232238.218750	92037.171875	1663.778442	94521.078125
2005	09	81.807892	24.897579	97.822578	16.014683	-0.000006	-0.000006	40.912262	-6.758544	14.050998	227036.031250	92036.742188	1664.532471	94520.578125
2005	09	65.946632	14.209081	92.755798	26.809170	-0.000010	-0.000010	41.018250	-4.631701	12.716805	183017.328125	92036.320312	1665.177002	94519.945312
2005	09	59.689869	13.119896	85.828445	26.138575	-0.000010	-0.000010	39.258469	10.481617	11.110386	165653.343750	92035.914062	1665.531494	94519.046875
2005	09	64.427292	13.759799	90.794518	26.367224	-0.000010	-0.000010	40.127022	-16.598558	22.018663	178800.796875	92035.500000	1666.033325	94518.320312
2005	09	46.347080	3.271159	81.687546	35.340469	-0.000014	-0.000014	38.611626	-8.350507	6.818811	128623.984375	92035.117188	1666.151367	94517.210938
2005	09	40.676991	0.234769	78.051422	37.374435	-0.000014	-0.000014	37.609203	-4.829451	9.950524	112888.156250	92034.734375	1666.190063	94516.070312
2005	09	38.895340	-0.442535	76.286514	37.391178	-0.000014	-0.000014	36.948643	12.725487	9.556934	107943.664062	92034.359375	1666.174927	94514.898438
2005	09	36.062164	-1.365556	73.035202	36.973034	-0.000014	-0.000014	35.607479	9.285139	7.895432	100080.937500	92033.984375	1666.110352	94513.718750
2005	09	32.809246	-4.528244	73.530617	40.721371	-0.000016	-0.000016	36.193127	-4.808556	4.835710	91053.328125	92033.617188	1665.901611	94512.421875
2005	09	31.754629	-5.862000	74.858246	43.103615	-0.000017	-0.000017	37.241615	-1.514214	1.699204	88126.523438	92033.250000	1665.640991	94511.031250
2005	09	28.732231	-7.633535	73.564659	44.832428	-0.000017	-0.000017	37.198891	-0.829313	6.723068	79738.656250	92032.875000	1665.411621	94509.648438
2005	09	33.173801	-1.405972	70.086617	36.912815	-0.000014	-0.000014	35.506844	17.247488	3.060263	92065.054688	92032.500000	1665.246338	94508.343750
2005	09	31.139938	-3.429866	69.405220	38.265282	-0.000015	-0.000015	34.835419	8.223413	3.844644	86420.609375	92032.125000	1665.092407	94507.125000
2005	09	27.532564	-6.105564	68.270599	40.738029	-0.000016	-0.000016	34.632465	6.674019	3.557379	76409.304688	92031.757812	1664.905518	94505.867188
2005	09	22.306465	-10.148907	66.841591	44.535126	-0.000017	-0.000017	34.386219	1.769717	2.373089	61905.656250	92031.382812	1664.581909	94504.492188
2005	09	17.747475	-14.014663	67.115837	49.368359	-0.000019	-0.000019	35.353695	-2.797709	1.364985	49253.390625	92031.007812	1664.154297	94502.992188
2005	09	24.076618	-9.723193	70.197861	46.121243	-0.000018	-0.000018	36.398048	1.541712	-0.284707	66818.242188	92030.632812	1663.685669	94501.421875
2005	09	22.096844	-9.482660	67.459877	45.363029	-0.000018	-0.000018	35.880367	1.417885	5.563304	61323.902344	92030.250000	1663.340820	94499.953125
2005	09	18.714338	-12.049202	66.171188	47.456841	-0.000018	-0.000018	35.407642	-1.123894	2.440049	51936.667969	92029.867188	1662.926636	94498.453125
2005	09	16.627365	-13.098506	64.917519	48.290154	-0.000019	-0.000019	35.191647	-3.067387	5.132445	46144.828125	92029.484375	1662.473389	94496.898438
2005	09	16.771084	-13.367349	64.896240	48.125153	-0.000019	-0.000019	34.757805	-8.289948	3.651352	46543.679688	92029.101562	1661.968750	94495.335938
2005	09	17.842215	-10.810621	62.696571	44.854355	-0.000017	-0.000017	34.043736	-0.738150	0.402620	49516.316406	92028.710938	1661.522949	94493.820312
2005	09	17.339256	-10.974452	61.500702	44.161446	-0.000017	-0.000017	33.186996	-2.601329	1.309833	48120.492188	92028.328125	1661.116577	94492.390625
2005	09	16.123857	-11.560951	60.179474	44.055618	-0.000017	-0.000017	32.494667	-2.557105	0.205489	44747.476562	92027.953125	1660.694458	94490.968750
2005	09	17.128363	-13.269221	64.224670	47.096306	-0.000018	-0.000018	33.827084	-17.003374	-2.972856	47535.207031	92027.570312	1660.232422	94489.507812
2005	09	15.476254	-13.085166	62.927235	47.450977	-0.000018	-0.000018	34.365810	-12.255451	-3.169490	42950.226562	92027.187500	1659.764771	94487.976562
2005	09	14.308087	-12.668848	60.111431	45.803345	-0.000018	-0.000018	33.134495	-5.108036	0.460619	39708.285156	92026.796875	1659.294800	94486.468750
2005	09	11.725239	-13.518473	55.928677	44.203438	-0.000017	-0.000017	30.684965	-5.953744	1.345970	32540.279297	92026.414062	1658.794922	94485.000000
2005	10	12.274228	-15.536089	59.853691	47.579468	-0.000018	-0.000018	32.043377	-23.518087	-0.069037	32965.015625	92026.039062	1658.286987	94483.554688
2005	10	8.199348	-14.457273	50.321983	42.122635	-0.000016	-0.000016	27.665359	-0.493356	5.512478	22021.074219	92025.671875	1657.458130	94482.132812
2005	10	5.475418	-14.491614	43.047688	37.572269	-0.000014	-0.000014	23.080656	6.371859	4.712989	14705.384766	92025.335938	1655.358521	94480.867188
2005	10	3.579479	-16.313227	40.998169	37.418690	-0.000014	-0.000014	21.105465	4.678837	3.416367	9613.441406	92025.039062	1651.754272	94479.710938
2005	10	2.327335	-17.387901	40.221325	37.893986	-0.000014	-0.000014	20.506086	4.848719	3.569212	6250.547363	92024.789062	1646.603638	94478.515625
2005	10	0.919406	-19.267361	37.796432	36.877026	-0.000014	-0.000014	17.609667	8.280837	5.038392	2469.258545	92024.570312	1639.943359	94477.375000
2005	10	0.000000	-20.331598	37.390106	37.390106	-0.000014	-0.000014	17.058510	1.270763	1.666963	0.000000	92024.375000	1631.739380	94476.242188
2005	10	0.000000	-20.237267	36.832020	36.832020	-0.000014	-0.000014	16.594755	2.650156	2.022761	0.000000	92024.218750	1622.035278	94475.109375
2005	10	0.000000	-20.978186	37.490166	37.490166	-0.000014	-0.000014	16.511978	-0.726111	0.852133	0.000000	92024.101562	1610.803467	94473.945312
2005	10	0.000000	-20.039133	35.370968	35.370968	-0.000013	-0.000013	15.331837	0.669458	0.567961	0.000000	92024.007812	1598.079224	94472.796875
2005	10	0.000000	-22.147354	36.071938	36.071938	-0.000013	-0.000013	13.924586	1.142280	0.735246	0.000000	92023.937500	1583.834106	94471.671875
2005	10	0.000000	-21.520735	34.535419	34.535419	-0.000013	-0.000013	13.014687	-5.100962	-2.173971	0.000000	92023.882812	1568.036255	94470.500000
2005	10	0.000000	-25.090654	37.545387	37.545387	-0.000014	-0.000014	12.454734	-9.278585	-4.289366	0.000000	92023.843750	1550.697998	94469.304688
2005	10	0.000000	-23.560747	35.755760	35.755760	-0.000013	-0.000013	12.195012	-3.196665	-1.366799	0.000000	92023.828125	1531.808472	94468.039062
2005	10	0.000000	-24.921976	35.410007	35.410007	-0.000013	-0.000013	10.488033	-2.464962	-1.544568	0.000000	92023.796875	1511.476074	94466.843750
2005	10	0.000000	-31.657696	42.089592	42.089592	-0.000016	-0.000016	10.431896	-7.973729	-4.177833	0.000000	92023.781250	1489.510010	94465.476562
2005	10	0.000000	-30.491276	40.679855	40.679855	-0.000015	-0.000015	10.188581	-5.954628	-2.333011	0.000000	92023.789062	1477.850586	94463.984375
2005	10	0.000000	-27.744968	37.089375	37.089375	-0.000014	-0.000014	9.344408	-13.010119	-4.822100	0.000000	92023.796875	1476.713379	94462.617188
2005	10	0.000000	-25.389221	33.619648	33.619648	-0.000013	-0.000013	8.230428	2.047536	-3.299788	0.000000	92023.796875	1475.645020	94461.343750
2005	10	0.000000	-25.448648	32.654320	32.654320	-0.000012	-0.000012	7.205674	-3.082122	-2.396749	0.000000	92023.789062	1474.629517	94460.164062
2005	10	0.000000	-21.587465	28.491262	28.491262	-0.000011	-0.000011	6.903796	-2.181702	-0.713214	0.000000	92023.781250	1473.663208	94459.054688
2005	10	0.000000	-24.126955	30.762819	30.762819	-0.000011	-0.000011	6.635864	-4.359045	-1.858803	0.000000	92023.781250	1472.744873	94458.000000
2005	10	0.000000	-21.035973	27.321167	27.321167	-0.000010	-0.000010	6.285196	-0.544070	-1.035748	0.000000	92023.773438	1471.811523	94456.937500
2005	10	0.000000	-16.085396	20.859745	20.859745	-0.000008	-0.000008	4.774350	10.156967	0.057342	0.000000	92023.757812	1471.053345	94456.078125
2005	10	0.000000	-19.323597	23.175201	23.175201	-0.000009	-0.000009	3.851603	-4.770053	-2.254550	0.000000	92023.718750	1470.276245	94455.242188
2005	10	0.000000	-17.118773	20.607338	20.607338	-0.000008	-0.000008	3.488566	-0.281929	-1.046866	0.000000	92023.679688	1469.529663	94454.460938
2005	10	0.000000	-17.483095	20.435862	20.435862	-0.000008	-0.000008	2.952765	-2.873365	-3.108198	0.000000	92023.648438	1468.800171	94453.710938
2005	10	0.000000	-19.136110	21.701405	21.701405	-0.000008	-0.000008	2.565294	-2.380896	-1.229784	0.000000	92023.617188	1468.014282	94452.914062
2005	10	0.000000	-18.262341	20.609060	20.609060	-0.000008	-0.000008	2.346721	-6.376897	-2.929377	0.000000	92023.593750	1467.231323	94452.132812
2005	10	0.000000	-17.423000	19.485540	19.485540	-0.000007	-0.000007	2.062540	-12.645699	-4.619361	0.000000	92023.570312	1466.512329	94451.421875
2005	10	0.000000	-16.200890	17.926815	17.926815	-0.000007	-0.000007	1.725924	-12.780745	-4.600608	0.000000	92023.562500	1465.785156	94450.718750
2005	11	0.000000	-13.728326	14.896282	14.896282	-0.000006	-0.000006	1.167957	2.343150	-0.990473	0.000000	92023.546875	1465.160156	94450.125000
2005	11	0.000000	-14.179626	15.037974	15.037974	-0.000006	-0.000006	0.858348	-8.957660	-2.755517	0.000000	92023.531250	1464.524048	94449.539062
2005	11	0.000000	-13.871593	14.574313	14.574313	-0.000006	-0.000006	0.702721	-0.856722	-0.550651	0.000000	92023.523438	1463.895630	94448.960938
2005	11	0.000000	-13.102419	13.766225	13.766225	-0.000005	-0.000005	0.663806	-1.102063	-0.368874	0.000000	92023.515625	1463.288818	94448.414062
2005	11	0.000000	-15.420889	16.063932	16.063932	-0.000006	-0.000006	0.643044	-8.938908	-3.142507	0.000000	92023.507812	1462.678711	94447.859375
2005	11	0.000000	-14.623879	15.255767	15.255767	-0.000006	-0.000006	0.631888	-8.480700	-2.488708	0.000000	92023.492188	1462.003784	94447.242188
2005	11	0.000000	-10.411201	11.029405	11.029405	-0.000004	-0.000004	0.618204	-3.379584	-0.771871	0.000000	92023.484375	1461.444336	94446.742188
2005	11	0.000000	-9.167211	9.721567	9.721567	-0.000004	-0.000004	0.554356	-7.530548	-0.761652	0.000000	92023.476562	1460.978760	94446.335938
2005	11	0.000000	-8.540806	8.937944	8.937944	-0.000003	-0.000003	0.397139	-6.683281	-0.491912	0.000000	92023.476562	1460.542847	94445.968750
2005	11	0.000000	-9.597005	9.885916	9.885916	-0.000004	-0.000004	0.288911	-10.981643	-1.474106	0.000000	92023.468750	1460.105713	94445.601562
2005	11	0.000000	-9.447487	9.653633	9.653633	-0.000004	-0.000004	0.206146	-3.205725	-1.546813	0.000000	92023.460938	1459.637207	94445.203125
2005	11	0.000000	-6.874245	6.998024	6.998024	-0.000003	-0.000003	0.123779	19.257456	0.477711	0.000000	92023.453125	1459.228516	94444.867188
2005	11	0.000000	-8.978803	9.061418	9.061418	-0.000003	-0.000003	0.082614	-1.356625	-0.490944	0.000000	92023.453125	1458.840698	94444.554688
2005	11	0.000000	-10.154201	10.211913	10.211913	-0.000004	-0.000004	0.057713	-6.136476	-1.122446	0.000000	92023.453125	1458.383057	94444.179688
2005	11	0.000000	-8.898876	8.942768	8.942768	-0.000003	-0.000003	0.043892	2.924468	-0.294961	0.000000	92023.453125	1457.934692	94443.804688
2005	11	0.000000	-9.562284	9.591421	9.591421	-0.000004	-0.000004	0.029137	-3.807026	-0.592533	0.000000	92023.453125	1457.499878	94443.453125
2005	11	0.000000	-10.096513	10.113553	10.113553	-0.000004	-0.000004	0.017040	-3.570353	-0.633948	0.000000	92023.445312	1457.037598	94443.070312
2005	11	0.000000	-10.584387	10.592965	10.592965	-0.000004	-0.000004	0.008578	-7.197715	-1.438692	0.000000	92023.445312	1456.568481	94442.679688
2005	11	0.000000	-10.492150	10.498165	10.498165	-0.000004	-0.000004	0.006014	-5.787899	-1.279830	0.000000	92023.445312	1456.086914	94442.273438
2005	11	0.000000	-9.076797	9.081662	9.081662	-0.000004	-0.000004	0.004867	-8.788291	-1.475557	0.000000	92023.445312	1455.639893	94441.906250
2005	11	0.000000	-8.637536	8.641293	8.641293	-0.000003	-0.000003	0.003756	-9.197032	-1.414728	0.000000	92023.445312	1455.226807	94441.578125
2005	11	0.000000	-9.023746	9.026332	9.026332	-0.000003	-0.000003	0.002586	-3.813712	-0.858521	0.000000	92023.445312	1454.809570	94441.234375
2005	11	0.000000	-8.232904	8.234921	8.234921	-0.000003	-0.000003	0.002017	-1.322457	-0.498207	0.000000	92023.445312	1454.397583	94440.906250
2005	11	0.000000	-7.807373	7.808590	7.808590	-0.000003	-0.000003	0.001216	1.043105	-0.239936	0.000000	92023.445312	1454.018799	94440.609375
2005	11	0.000000	-6.644357	6.644357	6.644357	-0.000003	-0.000003	0.000000	8.143637	-0.218749	0.000000	92023.445312	1453.656860	94440.320312
2005	11	0.000000	-6.809460	6.809460	6.809460	-0.000003	-0.000003	0.000000	6.622743	-0.474735	0.000000	92023.445312	1453.334106	94440.078125
2005	11	0.000000	-9.403838	9.403838	9.403838	-0.000004	-0.000004	0.000000	-13.492113	-2.660785	0.000000	92023.445312	1452.929810	94439.757812
2005	11	0.000000	-11.892299	11.892299	11.892299	-0.000005	-0.000005	0.000000	-16.216730	-5.294651	0.000000	92023.445312	1452.475098	94439.382812
2005	11	0.000000	-12.204144	12.204144	12.204144	-0.000005	-0.000005	0.000000	-15.124137	-5.207118	0.000000	92023.445312	1451.949951	94438.937500
2005	11	0.000000	-10.558687	10.558687	10.558687	-0.000004	-0.000004	0.000000	-14.217237	-3.808308	0.000000	92023.445312	1451.464233	94438.531250
2005	12	0.000000	-10.406633	10.406633	10.406633	-0.000004	-0.000004	0.000000	-8.061061	-2.758207	0.000000	92023.445312	1451.005981	94438.148438
2005	12	0.000000	-7.242955	7.242955	7.242955	-0.000003	-0.000003	0.000000	-9.283393	-1.775218	0.000000	92023.445312	1450.611694	94437.835938
2005	12	0.000000	-6.680717	6.680717	6.680717	-0.000002	-0.000002	0.000000	-4.580085	-1.260296	0.000000	92023.445312	1450.283081	94437.585938
2005	12	0.000000	-7.090611	7.090611	7.090611	-0.000003	-0.000003	0.000000	2.838470	-1.707098	0.000000	92023.445312	1449.959717	94437.343750
2005	12	0.000000	-6.049299	6.049299	6.049299	-0.000002	-0.000002	0.000000	-3.601982	-1.043451	0.000000	92023.445312	1449.636719	94437.101562
2005	12	0.000000	-6.257590	6.257590	6.257590	-0.000002	-0.000002	0.000000	0.202551	-0.771030	0.000000	92023.445312	1449.340210	94436.882812
2005	12	0.000000	-8.104860	8.104860	8.104860	-0.000003	-0.000003	0.000000	-4.062861	-3.115816	0.000000	92023.445312	1448.998657	94436.617188
2005	12	0.000000	-7.997899	7.997899	7.997899	-0.000003	-0.000003	0.000000	-9.216228	-2.191911	0.000000	92023.445312	1448.630005	94436.328125
2005	12	0.000000	-6.963358	6.963358	6.963358	-0.000003	-0.000003	0.000000	-10.107041	-2.158203	0.000000	92023.445312	1448.288818	94436.070312
2005	12	0.000000	-7.238311	7.238311	7.238311	-0.000003	-0.000003	0.000000	-4.953526	-3.898866	0.000000	92023.445312	1447.956421	94435.812500
2005	12	0.000000	-7.044986	7.044986	7.044986	-0.000003	-0.000003	0.000000	-11.984939	-3.319209	0.000000	92023.445312	1447.622803	94435.562500
2005	12	0.000000	-6.090038	6.090038	6.090038	-0.000002	-0.000002	0.000000	-1.193740	-2.183778	0.000000	92023.445312	1447.312378	94435.328125
2005	12	0.000000	-5.027152	5.027152	5.027152	-0.000002	-0.000002	0.000000	-2.622966	-1.026044	0.000000	92023.445312	1447.031494	94435.125000
2005	12	0.000000	-5.241890	5.241890	5.241890	-0.000002	-0.000002	0.000000	1.707568	-0.313440	0.000000	92023.445312	1446.775513	94434.953125
2005	12	0.000000	-6.008979	6.008979	6.008979	-0.000002	-0.000002	0.000000	-4.746809	-0.572208	0.000000	92023.445312	1446.488403	94434.742188
2005	12	0.000000	-5.861972	5.861972	5.861972	-0.000002	-0.000002	0.000000	1.559869	-0.450256	0.000000	92023.445312	1446.201904	94434.539062
2005	12	0.000000	-5.576024	5.576024	5.576024	-0.000002	-0.000002	0.000000	-0.295731	-0.549261	0.000000	92023.445312	1445.918091	94434.335938
2005	12	0.000000	-5.532983	5.532983	5.532983	-0.000002	-0.000002	0.000000	-2.034862	-0.921543	0.000000	92023.445312	1445.640503	94434.132812
2005	12	0.000000	-5.773503	5.773503	5.773503	-0.000002	-0.000002	0.000000	-10.186509	-1.818256	0.000000	92023.445312	1445.374023	94433.945312
2005	12	0.000000	-5.613843	5.613843	5.613843	-0.000002	-0.000002	0.000000	-7.967455	-0.867599	0.000000	92023.445312	1445.087036	94433.742188
2005	12	0.000000	-4.225133	4.225133	4.225133	-0.000002	-0.000002	0.000000	8.348639	-0.321942	0.000000	92023.445312	1444.826782	94433.554688
2005	12	0.000000	-4.148181	4.148181	4.148181	-0.000002	-0.000002	0.000000	2.786816	-0.440376	0.000000	92023.445312	1444.604370	94433.414062
2005	12	0.000000	-4.881603	4.881603	4.881603	-0.000002	-0.000002	0.000000	-7.942005	-0.944230	0.000000	92023.445312	1444.366577	94433.257812
2005	12	0.000000	-7.352148	7.352148	7.352148	-0.000003	-0.000003	0.000000	-7.246031	-3.678138	0.000000	92023.445312	1444.084106	94433.054688
2005	12	0.000000	-6.838696	6.838696	6.838696	-0.000003	-0.000003	0.000000	-16.215378	-2.808062	0.000000	92023.445312	1443.741699	94432.789062
2005	12	0.000000	-7.003559	7.003559	7.003559	-0.000003	-0.000003	0.000000	-11.309139	-3.172443	0.000000	92023.445312	1443.431641	94432.554688
2005	12	0.000000	-5.830445	5.830445	5.830445	-0.000002	-0.000002	0.000000	-9.657205	-1.871261	0.000000	92023.445312	1443.126221	94432.328125
2005	12	0.000000	-5.547638	5.547638	5.547638	-0.000002	-0.000002	0.000000	-4.870953	-1.528043	0.000000	92023.445312	1442.862549	94432.148438
2005	12	0.000000	-4.328756	4.328756	4.328756	-0.000002	-0.000002	0.000000	1.124682	-0.809605	0.000000	92023.445312	1442.606323	94431.968750
2005	12	0.000000	-3.938447	3.938447	3.938447	-0.000001	-0.000001	0.000000	-6.094201	-0.528031	0.000000	92023.445312	1442.385254	94431.828125
2005	12	0.000000	-3.950078	3.950078	3.950078	-0.000001	-0.000001	0.000000	-1.444566	-0.639204	0.000000	92023.445312	1442.172241	94431.695312
2006	01	0.000000	-4.250658	4.250658	4.250658	-0.000002	-0.000002	0.000000	6.332731	-0.968844	0.000000	92023.445312	1441.942383	94431.546875
2006	01	0.000000	-3.701074	3.701074	3.701074	-0.000001	-0.000001	0.000000	14.019152	-0.255187	0.000000	92023.445312	1441.729248	94431.406250
2006	01	0.000000	-3.943167	3.943167	3.943167	-0.000001	-0.000001	0.000000	13.117204	-0.636689	0.000000	92023.445312	1441.513428	94431.273438
2006	01	0.000000	-3.378511	3.378511	3.378511	-0.000001	-0.000001	0.000000	8.919890	-0.527760	0.000000	92023.445312	1441.306763	94431.148438
2006	01	0.000000	-2.905385	2.905385	2.905385	-0.000001	-0.000001	0.000000	9.288383	-0.318400	0.000000	92023.445312	1441.116699	94431.031250
2006	01	0.000000	-3.387603	3.387603	3.387603	-0.000001	-0.000001	0.000000	13.625161	-0.113995	0.000000	92023.445312	1440.933594	94430.929688
2006	01	0.000000	-5.044980	5.044980	5.044980	-0.000002	-0.000002	0.000000	0.263579	-0.856149	0.000000	92023.445312	1440.704224	94430.781250
2006	01	0.000000	-4.146658	4.146658	4.146658	-0.000002	-0.000002	0.000000	5.544773	-0.679636	0.000000	92023.445312	1440.457397	94430.609375
2006	01	0.000000	-3.657638	3.657638	3.657638	-0.000001	-0.000001	0.000000	2.970580	-0.310388	0.000000	92023.445312	1440.257812	94430.492188
2006	01	0.000000	-5.290652	5.290652	5.290652	-0.000002	-0.000002	0.000000	1.920703	-2.258240	0.000000	92023.445312	1440.025635	94430.335938
2006	01	0.000000	-6.655176	6.655176	6.655176	-0.000002	-0.000002	0.000000	-6.406271	-2.252645	0.000000	92023.445312	1439.746460	94430.140625
2006	01	0.000000	-7.016690	7.016690	7.016690	-0.000003	-0.000003	0.000000	-8.362687	-3.573607	0.000000	92023.445312	1439.427979	94429.898438
2006	01	0.000000	-6.136550	6.136550	6.136550	-0.000002	-0.000002	0.000000	-5.926423	-1.604444	0.000000	92023.445312	1439.133179	94429.679688
2006	01	0.000000	-5.734646	5.734646	5.734646	-0.000002	-0.000002	0.000000	-2.029835	-0.915037	0.000000	92023.445312	1438.857788	94429.484375
2006	01	0.000000	-4.465826	4.465826	4.465826	-0.000002	-0.000002	0.000000	-6.306038	-0.889327	0.000000	92023.445312	1438.602051	94429.304688
2006	01	0.000000	-3.365066	3.365066	3.365066	-0.000001	-0.000001	0.000000	7.086309	-0.395397	0.000000	92023.445312	1438.397705	94429.179688
2006	01	0.000000	-3.296198	3.296198	3.296198	-0.000001	-0.000001	0.000000	6.293087	-0.271988	0.000000	92023.445312	1438.205200	94429.070312
2006	01	0.000000	-2.993145	2.993145	2.993145	-0.000001	-0.000001	0.000000	9.922000	-0.229909	0.000000	92023.445312	1438.020142	94428.960938
2006	01	0.000000	-4.216145	4.216145	4.216145	-0.000002	-0.000002	0.000000	-0.797655	-1.778682	0.000000	92023.445312	1437.821533	94428.843750
2006	01	0.000000	-5.000544	5.000544	5.000544	-0.000002	-0.000002	0.000000	2.412117	-3.057403	0.000000	92023.445312	1437.582397	94428.679688
2006	01	0.000000	-4.886919	4.886919	4.886919	-0.000002	-0.000002	0.000000	-2.993093	-2.800813	0.000000	92023.445312	1437.338501	94428.515625
2006	01	0.000000	-4.569245	4.569245	4.569245	-0.000002	-0.000002	0.000000	-2.449187	-2.050752	0.000000	92023.445312	1437.100708	94428.359375
2006	01	0.000000	-4.230115	4.230115	4.230115	-0.000002	-0.000002	0.000000	-0.877473	-0.817730	0.000000	92023.445312	1436.876953	94428.210938
2006	01	0.000000	-3.544544	3.544544	3.544544	-0.000001	-0.000001	0.000000	-4.607169	-0.627799	0.000000	92023.445312	1436.667358	94428.085938
2006	01	0.000000	-3.920843	3.920843	3.920843	-0.000001	-0.000001	0.000000	-8.986268	-0.601961	0.000000	92023.445312	1436.463257	94427.953125
2006	01	0.000000	-3.384489	3.384489	3.384489	-0.000001	-0.000001	0.000000	-1.876244	-0.325515	0.000000	92023.445312	1436.259644	94427.828125
2006	01	0.000000	-2.988188	2.988188	2.988188	-0.000001	-0.000001	0.000000	7.248172	-0.283122	0.000000	92023.445312	1436.073853	94427.726562
2006	01	0.000000	-3.414217	3.414217	3.414217	-0.000001	-0.000001	0.000000	-2.629870	-0.430303	0.000000	92023.445312	1435.890747	94427.617188
2006	01	0.000000	-3.890219	3.890219	3.890219	-0.000001	-0.000001	0.000000	3.600880	-0.608858	0.000000	92023.445312	1435.688843	94427.500000
2006	01	0.000000	-2.733241	2.733241	2.733241	-0.000001	-0.000001	0.000000	12.044694	-0.378102	0.000000	92023.445312	1435.495361	94427.382812
2006	01	0.000000	-3.249747	3.249747	3.249747	-0.000001	-0.000001	0.000000	-2.614388	-0.408381	0.000000	92023.445312	1435.321533	94427.289062
2006	02	0.000000	-4.618615	4.618615	4.618615	-0.000002	-0.000002	0.000000	-5.618544	-2.668410	0.000000	92023.445312	1435.112793	94427.156250
2006	02	0.000000	-5.358889	5.358889	5.358889	-0.000002	-0.000002	0.000000	-13.923059	-4.987351	0.000000	92023.445312	1434.835693	94426.960938
2006	02	0.000000	-4.511110	4.511110	4.511110	-0.000002	-0.000002	0.000000	-0.856160	-4.112890	0.000000	92023.445312	1434.577881	94426.781250
2006	02	0.000000	-3.706178	3.706178	3.706178	-0.000002	-0.000002	0.000000	-0.547006	-1.605719	0.000000	92023.445312	1434.347534	94426.625000
2006	02	0.000000	-4.199366	4.199366	4.199366	-0.000002	-0.000002	0.000000	3.067069	-2.523289	0.000000	92023.445312	1434.130493	94426.492188
2006	02	0.000000	-3.621251	3.621251	3.621251	-0.000001	-0.000001	0.000000	4.826678	-2.328727	0.000000	92023.445312	1433.906128	94426.343750
2006	02	0.000000	-3.245143	3.245143	3.245143	-0.000001	-0.000001	0.000000	5.704270	-1.538390	0.000000	92023.445312	1433.703125	94426.218750
2006	02	0.000000	-2.787083	2.787083	2.787083	-0.000001	-0.000001	0.000000	11.015955	-0.807939	0.000000	92023.445312	1433.510620	94426.101562
2006	02	0.000000	-1.806368	1.806368	1.806368	-0.000001	-0.000001	0.000000	17.374689	-0.211474	0.000000	92023.445312	1433.349731	94426.023438
2006	02	0.000000	-3.371079	3.371079	3.371079	-0.000001	-0.000001	0.000000	11.010052	-0.571859	0.000000	92023.445312	1433.185425	94425.937500
2006	02	0.000000	-4.581487	4.581487	4.581487	-0.000002	-0.000002	0.000000	-4.814403	-1.974831	0.000000	92023.445312	1432.956177	94425.789062
2006	02	0.000000	-3.499987	3.499987	3.499987	-0.000001	-0.000001	0.000000	1.392021	-0.878136	0.000000	92023.445312	1432.721313	94425.632812
2006	02	0.000000	-4.841215	4.841215	4.841215	-0.000002	-0.000002	0.000000	-2.747065	-1.861727	0.000000	92023.445312	1432.500488	94425.484375
2006	02	0.000000	-4.558909	4.558909	4.558909	-0.000002	-0.000002	0.000000	-3.765799	-1.242628	0.000000	92023.445312	1432.250488	94425.312500
2006	02	0.000000	-5.063336	5.063336	5.063336	-0.000002	-0.000002	0.000000	-3.211788	-0.977647	0.000000	92023.445312	1431.996338	94425.140625
2006	02	0.000000	-5.790686	5.790686	5.790686	-0.000002	-0.000002	0.000000	-5.865885	-3.606966	0.000000	92023.445312	1431.716797	94424.937500
2006	02	0.000000	-4.768334	4.768334	4.768334	-0.000002	-0.000002	0.000000	-0.904822	-3.276078	0.000000	92023.445312	1431.448486	94424.750000
2006	02	0.000000	-3.899472	3.899472	3.899472	-0.000002	-0.000002	0.000000	1.990404	-1.828509	0.000000	92023.445312	1431.217041	94424.593750
2006	02	0.000000	-4.268489	4.268489	4.268489	-0.000002	-0.000002	0.000000	-0.558126	-2.162601	0.000000	92023.445312	1430.991821	94424.453125
2006	02	0.000000	-4.731872	4.731872	4.731872	-0.000002	-0.000002	0.000000	-2.586967	-1.829783	0.000000	92023.445312	1430.750610	94424.289062
2006	02	0.000000	-3.851191	3.851191	3.851191	-0.000002	-0.000002	0.000000	-2.703903	-1.488736	0.000000	92023.445312	1430.510376	94424.125000
2006	02	0.000000	-3.475970	3.475970	3.475970	-0.000001	-0.000001	0.000000	-0.404250	-0.698899	0.000000	92023.445312	1430.307251	94424.000000
2006	02	0.000000	-3.971453	3.971453	3.971453	-0.000002	-0.000002	0.000000	-1.513893	-1.347413	0.000000	92023.445312	1430.090576	94423.859375
2006	02	0.000000	-3.213289	3.213289	3.213289	-0.000001	-0.000001	0.000000	-1.071933	-1.188451	0.000000	92023.445312	1429.879517	94423.726562
2006	02	0.000000	-2.151911	2.151911	2.151911	-0.000001	-0.000001	0.000000	17.219858	-0.195106	0.000000	92023.445312	1429.708374	94423.632812
2006	02	0.000000	-2.573770	2.573770	2.573770	-0.000001	-0.000001	0.000000	10.271873	-0.200592	0.000000	92023.445312	1429.545532	94423.554688
2006	02	0.000000	-2.630541	2.630541	2.630541	-0.000001	-0.000001	0.000000	18.728348	-0.077260	0.000000	92023.445312	1429.370361	94423.453125
2006	02	0.000000	-2.597541	2.597541	2.597541	-0.000001	-0.000001	0.000000	13.238932	-0.391636	0.000000	92023.445312	1429.193359	94423.359375
2006	03	0.000000	-2.085286	2.085286	2.085286	-0.000001	-0.000001	0.000000	22.109653	-0.213883	0.000000	92023.445312	1429.033691	94423.273438
2006	03	0.000000	-3.124192	3.124192	3.124192	-0.000001	-0.000001	0.000000	11.322295	-0.469118	0.000000	92023.445312	1428.876831	94423.195312
2006	03	0.000000	-3.894576	3.894576	3.894576	-0.000001	-0.000001	0.000000	4.916055	-0.953126	0.000000	92023.445312	1428.679565	94423.078125
2006	03	0.000000	-4.254361	4.254361	4.254361	-0.000002	-0.000002	0.000000	3.497495	-0.894502	0.000000	92023.445312	1428.466797	94422.945312
2006	03	0.000000	-4.134408	4.134408	4.134408	-0.000002	-0.000002	0.000000	4.562558	-1.103572	0.000000	92023.445312	1428.251587	94422.804688
2006	03	0.000000	-4.016025	4.016025	4.016025	-0.000001	-0.000001	0.000000	3.489294	-1.663368	0.000000	92023.445312	1428.042725	94422.671875
2006	03	0.000000	-3.747839	3.747839	3.747839	-0.000001	-0.000001	0.000000	8.383839	-1.088854	0.000000	92023.445312	1427.831665	94422.539062
2006	03	0.000000	-3.356749	3.356749	3.356749	-0.000001	-0.000001	0.000000	8.153360	-0.637530	0.000000	92023.445312	1427.642944	94422.429688
2006	03	0.000000	-3.977843	3.977843	3.977843	-0.000001	-0.000001	0.000000	2.404204	-0.911520	0.000000	92023.445312	1427.445190	94422.312500
2006	03	0.000000	-3.816827	3.816827	3.816827	-0.000001	-0.000001	0.000000	3.272974	-1.535377	0.000000	92023.445312	1427.235596	94422.179688
2006	03	0.000000	-3.375534	3.375534	3.375534	-0.000001	-0.000001	0.000000	1.640145	-1.266765	0.000000	92023.445312	1427.044556	94422.070312
2006	03	0.000000	-3.227192	3.227192	3.227192	-0.000001	-0.000001	0.000000	1.111192	-1.086886	0.000000	92023.445312	1426.856445	94421.960938
2006	03	0.000000	-2.322939	2.322939	2.322939	-0.000001	-0.000001	0.000000	18.875402	-0.340995	0.000000	92023.445312	1426.688477	94421.867188
2006	03	0.000000	-2.702838	2.702838	2.702838	-0.000001	-0.000001	0.000000	14.310359	-0.403283	0.000000	92023.445312	1426.530029	94421.789062
2006	03	0.000000	-3.586364	3.586364	3.586364	-0.000001	-0.000001	0.000000	10.143360	-0.248651	0.000000	92023.445312	1426.354004	94421.687500
2006	03	0.000000	-4.661764	4.661764	4.661764	-0.000002	-0.000002	0.000000	6.071534	-1.220768	0.000000	92023.445312	1426.135254	94421.546875
2006	03	0.000000	-4.062381	4.062381	4.062381	-0.000002	-0.000002	0.000000	1.834856	-2.197833	0.000000	92023.445312	1425.912720	94421.406250
2006	03	0.000000	-3.709416	3.709416	3.709416	-0.000001	-0.000001	0.000000	8.218447	-0.845453	0.000000	92023.445312	1425.712158	94421.281250
2006	03	0.000000	-4.208053	4.208053	4.208053	-0.000002	-0.000002	0.000000	6.516903	-0.596697	0.000000	92023.445312	1425.505859	94421.156250
2006	03	0.000000	-3.571328	3.571328	3.571328	-0.000001	-0.000001	0.000000	11.674340	-0.827135	0.000000	92023.445312	1425.296997	94421.023438
2006	03	0.000000	-3.033706	3.033706	3.033706	-0.000001	-0.000001	0.000000	15.458129	-0.615155	0.000000	92023.445312	1425.116333	94420.921875
2006	03	0.000000	-2.467388	2.467388	2.467388	-0.000001	-0.000001	0.000000	17.780107	-0.567760	0.000000	92023.445312	1424.943848	94420.828125
2006	03	0.000000	-3.687465	3.687465	3.687465	-0.000001	-0.000001	0.000000	15.421961	-0.576704	0.000000	92023.445312	1424.779053	94420.742188
2006	03	0.000000	-5.003698	5.003698	5.003698	-0.000002	-0.000002	0.000000	2.816937	-1.537866	0.000000	92023.445312	1424.548340	94420.585938
2006	03	0.000000	-4.885865	4.885865	4.885865	-0.000002	-0.000002	0.000000	5.749588	-0.927066	0.000000	92023.445312	1424.310669	94420.429688
2006	03	0.000000	-4.089594	4.089594	4.089594	-0.000002	-0.000002	0.000000	12.650685	-0.271219	0.000000	92023.445312	1424.089355	94420.281250
2006	03	0.000000	-5.121866	5.121866	5.121866	-0.000002	-0.000002	0.000000	2.236155	-0.960529	0.000000	92023.445312	1423.863281	94420.132812
2006	03	0.000000	-5.515487	5.515487	5.515487	-0.000002	-0.000002	0.000000	2.237310	-3.336972	0.000000	92023.445312	1423.611450	94419.960938
2006	03	0.000000	-6.041434	6.041434	6.041434	-0.000002	-0.000002	0.000000	1.353821	-2.337600	0.000000	92023.445312	1423.347046	94419.773438
2006	03	0.000000	-5.739633	5.739633	5.739633	-0.000002	-0.000002	0.000000	2.106791	-2.111976	0.000000	92023.445312	1423.076172	94419.585938
2006	03	0.000000	-4.107044	4.107044	4.107044	-0.000002	-0.000002	0.000000	6.512394	-0.778410	0.000000	92023.445312	1422.834106	94419.421875
2006	04	0.000000	-3.718157	3.718157	3.718157	-0.000001	-0.000001	0.000000	11.128166	-0.175110	0.000000	92023.445312	1422.633423	94419.296875
2006	04	0.000000	-4.210877	4.210877	4.210877	-0.000002	-0.000002	0.000000	3.595452	-0.896238	0.000000	92023.445312	1422.427856	94419.171875
2006	04	0.000000	-4.533730	4.533730	4.533730	-0.000002	-0.000002	0.000000	0.229238	-1.406893	0.000000	92023.445312	1422.197266	94419.015625
2006	04	0.000000	-4.246699	4.246699	4.246699	-0.000002	-0.000002	0.000000	4.957490	-0.793739	0.000000	92023.445312	1421.973999	94418.875000
2006	04	0.000000	-4.008073	4.008073	4.008073	-0.000002	-0.000002	0.000000	8.190619	-0.358851	0.000000	92023.445312	1421.758301	94418.734375
2006	04	0.000000	-2.911506	2.911506	2.911506	-0.000001	-0.000001	0.000000	19.167564	-0.116512	0.000000	92023.445312	1421.564941	94418.617188
2006	04	0.000000	-3.183693	3.183693	3.183693	-0.000001	-0.000001	0.000000	19.438108	0.350360	0.000000	92023.445312	1421.387207	94418.515625
2006	04	0.000000	-4.440783	4.440783	4.440783	-0.000002	-0.000002	0.000000	6.515897	-0.681157	0.000000	92023.445312	1421.182739	94418.390625
2006	04	0.000000	-4.594547	4.594547	4.594547	-0.000002	-0.000002	0.000000	3.220633	-2.008381	0.000000	92023.445312	1420.950317	94418.234375
2006	04	0.000000	-4.857232	4.857232	4.857232	-0.000002	-0.000002	0.000000	3.628653	-1.407100	0.000000	92023.445312	1420.716919	94418.078125
2006	04	0.000000	-4.628922	4.628922	4.628922	-0.000002	-0.000002	0.000000	6.512821	-0.435128	0.000000	92023.445312	1420.477783	94417.921875
2006	04	0.000000	-4.730397	4.730397	4.730397	-0.000002	-0.000002	0.000000	7.229791	-0.417539	0.000000	92023.445312	1420.245239	94417.765625
2006	04	0.000000	-4.139422	4.139422	4.139422	-0.000002	-0.000002	0.000000	12.422127	0.421329	0.000000	92023.445312	1420.018677	94417.617188
2006	04	0.000000	-3.926878	3.926878	3.926878	-0.000002	-0.000002	0.000000	17.877762	0.721756	0.000000	92023.445312	1419.807739	94417.484375
2006	04	0.000000	-4.397377	4.397377	4.397377	-0.000002	-0.000002	0.000000	12.193631	0.569968	0.000000	92023.445312	1419.590698	94417.343750
2006	04	0.000000	-4.136862	4.136862	4.136862	-0.000002	-0.000002	0.000000	14.980702	1.235459	0.000000	92023.445312	1419.367432	94417.195312
2006	04	0.000000	-3.828943	3.828943	3.828943	-0.000001	-0.000001	0.000000	13.226361	0.762143	0.000000	92023.445312	1419.158813	94417.070312
2006	04	0.000000	-3.615662	3.615662	3.615662	-0.000001	-0.000001	0.000000	21.540712	0.884015	0.000000	92023.445312	1418.956787	94416.945312
2006	04	0.000000	-4.048432	4.048432	4.048432	-0.000002	-0.000002	0.000000	14.187429	1.225864	0.000000	92023.445312	1418.751709	94416.812500
2006	04	0.000000	-4.190010	4.190010	4.190010	-0.000002	-0.000002	0.000000	17.900833	1.102587	0.000000	92023.445312	1418.536377	94416.679688
2006	04	0.000000	-3.438561	3.438561	3.438561	-0.000001	-0.000001	0.000000	24.384766	1.533282	0.000000	92023.445312	1418.329102	94416.546875
2006	04	0.000000	-3.733807	3.733807	3.733807	-0.000001	-0.000001	0.000000	18.172182	1.046780	0.000000	92023.445312	1418.135620	94416.429688
2006	04	0.000000	-4.879224	4.879224	4.879224	-0.000002	-0.000002	0.000000	10.250438	-0.427494	0.000000	92023.445312	1417.912231	94416.289062
2006	04	0.000000	-4.548934	4.548934	4.548934	-0.000002	-0.000002	0.000000	7.366178	0.369468	0.000000	92023.445312	1417.673706	94416.125000
2006	04	0.000000	-3.547972	3.547972	3.547972	-0.000001	-0.000001	0.000000	24.326553	1.143306	0.000000	92023.445312	1417.464355	94415.992188
2006	04	0.000000	-4.592310	4.592310	4.592310	-0.000002	-0.000002	0.000000	12.606427	0.615291	0.000000	92023.445312	1417.252075	94415.859375
2006	04	0.000000	-4.814899	4.814899	4.814899	-0.000002	-0.000002	0.000000	14.769129	2.221451	0.000000	92023.445312	1417.015869	94415.703125
2006	04	0.000000	-5.284012	5.284012	5.284012	-0.000002	-0.000002	0.000000	11.091038	0.895863	0.000000	92023.445312	1416.770630	94415.531250
2006	04	0.000000	-6.017967	6.017967	6.017967	-0.000002	-0.000002	0.000000	14.633317	1.822550	0.000000	92023.445312	1416.506348	94415.351562
2006	04	0.000000	-5.945529	5.945529	5.945529	-0.000002	-0.000002	0.000000	9.731257	1.532182	0.000000	92023.445312	1416.226685	94415.148438
2006	05	0.000000	-4.948372	4.948372	4.948372	-0.000002	-0.000002	0.000000	8.465367	0.650533	0.000000	92023.445312	1415.969604	94414.968750
2006	05	0.000000	-6.798027	6.798027	6.798027	-0.000003	-0.000003	0.000000	-11.366055	-3.256203	0.000000	92023.445312	1415.700195	94414.773438
2006	05	0.000000	-7.810956	7.810956	7.810956	-0.000003	-0.000003	0.000000	-6.340410	-2.131271	0.000000	92023.445312	1415.389282	94414.539062
2006	05	0.000000	-6.724504	6.724504	6.724504	-0.000003	-0.000003	0.000000	-2.494139	1.176731	0.000000	92023.445312	1415.070801	94414.296875
2006	05	0.000000	-5.755808	5.755808	5.755808	-0.000002	-0.000002	0.000000	5.714005	0.251125	0.000000	92023.445312	1414.795654	94414.101562
2006	05	0.000000	-5.842261	5.842261	5.842261	-0.000002	-0.000002	0.000000	2.853519	0.276970	0.000000	92023.445312	1414.533203	94413.914062
2006	05	0.000000	-7.347863	7.347863	7.347863	-0.000003	-0.000003	0.000000	0.175553	0.398424	0.000000	92023.445312	1414.250732	94413.710938
2006	05	0.000000	-8.293657	8.293657	8.293657	-0.000003	-0.000003	0.000000	-8.346577	0.283894	0.000000	92023.445312	1413.914185	94413.453125
2006	05	0.000000	-9.419916	9.419916	9.419916	-0.000004	-0.000004	0.000000	-12.744807	1.146183	0.000000	92023.445312	1413.556763	94413.171875
2006	05	0.000000	-8.617723	8.617723	8.617723	-0.000003	-0.000003	0.000000	-3.751053	0.078195	0.000000	92023.445312	1413.181519	94412.875000
2006	05	0.000000	-8.475675	8.475675	8.475675	-0.000003	-0.000003	0.000000	-7.984622	-2.334073	0.000000	92023.445312	1412.828613	94412.601562
2006	05	0.000000	-7.760204	7.760204	7.760204	-0.000003	-0.000003	0.000000	8.843476	2.705115	0.000000	92023.445312	1412.498047	94412.343750
2006	05	0.000000	-8.438073	8.438073	8.438073	-0.000003	-0.000003	0.000000	-5.035165	-0.466276	0.000000	92023.445312	1412.155884	94412.085938
2006	05	0.000000	-8.727742	8.727742	8.727742	-0.000003	-0.000003	0.000000	-1.016790	6.776351	0.000000	92023.445312	1411.804810	94411.812500
2006	05	0.000000	-8.842300	8.842300	8.842300	-0.000003	-0.000003	0.000000	-2.923651	6.293494	0.000000	92023.445312	1411.447998	94411.531250
2006	05	0.000000	-8.937733	8.937733	8.937733	-0.000003	-0.000003	0.000000	-2.129027	5.413208	0.000000	92023.445312	1411.082764	94411.242188
2006	05	0.000000	-7.222479	7.222479	7.222479	-0.000003	-0.000003	0.000000	3.944064	2.349684	0.000000	92023.445312	1410.736938	94410.976562
2006	05	0.000000	-8.605949	8.605949	8.605949	-0.000003	-0.000003	0.000000	1.152466	6.101064	0.000000	92023.445312	1410.413452	94410.726562
2006	05	0.000000	-8.200818	8.200818	8.200818	-0.000003	-0.000003	0.000000	2.194671	5.146276	0.000000	92023.445312	1410.064331	94410.453125
2006	05	0.000000	-8.282577	8.282577	8.282577	-0.000003	-0.000003	0.000000	4.029095	4.400651	0.000000	92023.445312	1409.725220	94410.195312
2006	05	0.000000	-8.394258	8.394258	8.394258	-0.000003	-0.000003	0.000000	1.826330	2.785795	0.000000	92023.445312	1409.380493	94409.921875
2006	05	0.000000	-7.556382	7.556382	7.556382	-0.000003	-0.000003	0.000000	1.793697	0.277426	0.000000	92023.445312	1409.038940	94409.664062
2006	05	0.000000	-7.949584	7.949584	7.949584	-0.000003	-0.000003	0.000000	-1.643489	1.024660	0.000000	92023.445312	1408.718018	94409.414062
2006	05	0.000000	-8.984424	8.984424	8.984424	-0.000003	-0.000003	0.000000	-2.999930	0.892767	0.000000	92023.445312	1408.369995	94409.148438
2006	05	0.000000	-7.687662	26.399649	26.399649	-0.000010	-0.000010	18.711988	3.986967	2.314271	0.000000	92023.843750	1408.024170	94408.578125
2006	05	0.000000	-8.923317	27.436621	27.436621	-0.000010	-0.000010	18.513304	-12.760588	-5.228009	0.000000	92024.617188	1407.680298	94407.726562
2006	05	0.000000	-8.749320	12.829131	12.829131	-0.000005	-0.000005	4.079811	-4.103646	-0.687710	0.000000	92025.140625	1407.318604	94407.031250
2006	05	0.000000	-8.453637	9.577457	9.577457	-0.000004	-0.000004	1.123819	-3.188430	1.031310	0.000000	92025.179688	1406.963257	94406.695312
2006	05	0.000000	-8.763886	9.953062	9.953062	-0.000004	-0.000004	1.189176	-8.089626	0.883647	0.000000	92025.195312	1406.613403	94406.390625
2006	05	0.000000	-8.817903	10.262742	10.262742	-0.000004	-0.000004	1.444840	-3.053279	-1.448771	0.000000	92025.210938	1406.251465	94406.062500
2006	05	0.000000	-8.549389	9.988502	9.988502	-0.000004	-0.000004	1.439113	-7.778080	-0.307921	0.000000	92025.234375	1405.895264	94405.734375
2006	06	0.000000	-7.447439	8.540477	8.540477	-0.000003	-0.000003	1.093037	6.195281	6.940636	0.000000	92025.250000	1405.554077	94405.421875
2006	06	0.000000	-7.636573	8.386803	8.386803	-0.000003	-0.000003	0.750229	18.011009	22.398937	0.000000	92025.265625	1405.228760	94405.148438
2006	06	0.000000	-8.076151	9.403156	9.403156	-0.000004	-0.000004	1.327006	-0.180815	9.675251	0.000000	92025.273438	1404.892090	94404.851562
2006	06	0.000000	-8.562310	17.591635	17.591635	-0.000007	-0.000007	9.029324	-1.761936	0.129675	0.000000	92025.367188	1404.534912	94404.429688
2006	06	0.000000	-8.915277	85.148453	85.148453	-0.000033	-0.000033	76.233177	-10.082419	3.124856	0.000000	92026.742188	1404.166626	94402.914062
2006	06	0.000000	-8.300998	95.851173	95.851173	-0.000037	-0.000037	87.550171	46.273010	32.227627	0.000000	92030.132812	1403.804199	94399.539062
2006	06	0.000000	-10.121420	83.595543	83.595543	-0.000032	-0.000032	73.474121	61.155403	20.463322	0.000000	92032.593750	1403.423096	94396.500000
2006	06	0.000000	-12.136287	78.110741	78.110741	-0.000030	-0.000030	65.974457	49.089520	25.803967	0.000000	92034.343750	1402.967163	94393.992188
2006	06	0.000000	-12.565358	91.801498	91.801498	-0.000035	-0.000035	79.236145	28.904144	36.881729	0.000000	92036.023438	1402.474976	94390.929688
2006	06	0.000000	-9.927619	63.330925	63.330925	-0.000024	-0.000024	53.403305	31.340403	28.290979	0.000000	92037.046875	1402.034546	94388.523438
2006	06	0.000000	-8.468278	54.088493	54.088493	-0.000021	-0.000021	45.620216	28.628628	32.110970	0.000000	92037.828125	1401.657104	94386.570312
2006	06	0.352250	-8.639942	56.733444	56.381191	-0.000022	-0.000022	47.741249	103.670784	45.408100	977.575439	92038.539062	1401.282959	94384.718750
2006	06	11.782204	1.310874	63.217144	51.434940	-0.000020	-0.000020	52.745811	108.355743	38.077442	32698.369141	92039.250000	1401.067383	94382.914062
2006	06	34.804985	19.878796	76.627228	41.822247	-0.000016	-0.000016	61.701042	58.363884	30.345051	96591.968750	92040.031250	1401.363037	94381.382812
2006	06	66.584641	44.134731	95.470329	28.885677	-0.000011	-0.000011	73.020409	54.022915	50.107143	184787.968750	92040.921875	1402.341797	94380.125000
2006	06	89.036537	60.157307	107.867241	18.830708	-0.000007	-0.000007	78.988014	16.453260	84.585648	247097.187500	92041.890625	1403.953491	94379.273438
2006	06	105.755585	71.853706	119.599495	13.843909	-0.000005	-0.000005	85.697617	-29.581318	114.163033	293496.468750	92042.921875	1405.972900	94378.632812
2006	06	119.048210	88.104752	116.273643	-2.774575	0.000001	0.000001	85.330170	10.745378	47.140709	330386.625000	92043.976562	1408.940430	94378.843750
2006	06	171.845612	132.771133	122.112495	-49.733116	0.000019	0.000019	83.038025	50.952114	78.342888	476911.718750	92044.890625	1412.477173	94379.640625
2006	06	171.448898	129.307419	130.533539	-40.915363	0.000016	0.000016	88.392059	29.251219	77.702599	475810.781250	92045.703125	1416.711914	94381.078125
2006	06	172.002426	133.474792	116.924751	-55.077671	0.000021	0.000021	78.397118	58.801453	71.674538	477346.937500	92046.382812	1421.308960	94382.976562
2006	06	201.168655	156.158890	120.743477	-80.425186	0.000031	0.000031	75.733711	59.347210	78.066261	558290.062500	92046.914062	1425.906494	94385.117188
2006	06	220.357529	166.393951	133.127060	-87.230476	0.000034	0.000034	79.163490	-4.138499	94.337341	611543.687500	92047.304688	1431.349731	94388.054688
2006	06	201.730148	154.513519	118.483421	-83.246719	0.000032	0.000032	71.266800	34.357582	60.169388	559848.312500	92047.617188	1436.867432	94391.132812
2006	06	184.461899	140.192657	108.710770	-75.751137	0.000029	0.000029	64.441513	91.557083	65.085434	511924.906250	92047.882812	1441.435791	94393.546875
2006	06	180.808960	135.833069	106.976112	-73.832832	0.000028	0.000028	62.000229	85.470604	71.479439	501787.093750	92048.062500	1446.132690	94396.210938
2006	06	230.305389	172.639496	120.744652	-109.560738	0.000042	0.000042	63.078754	18.550512	71.621155	639151.312500	92048.187500	1451.103394	94399.203125
2006	06	219.558624	163.243988	117.709061	-101.849571	0.000039	0.000039	61.394409	4.844254	49.995216	609326.562500	92048.250000	1456.389893	94402.476562
2006	06	240.081116	179.708252	120.810799	-119.270317	0.000046	0.000046	60.437935	41.369217	55.462101	666281.250000	92048.250000	1462.305786	94406.437500
2006	06	245.551575	181.187424	124.056984	-121.494576	0.000047	0.000047	59.692844	53.666561	71.495781	681463.000000	92048.210938	1468.375854	94410.585938
2006	07	181.074081	123.231857	116.929466	-64.144600	0.000024	0.000024	59.087254	1.636513	42.924801	486312.500000	92048.179688	1473.125122	94413.484375
2006	07	209.980927	151.087799	110.039970	-99.940948	0.000037	0.000037	51.146847	53.373932	33.942692	563947.875000	92048.187500	1477.245728	94415.906250
2006	07	275.135071	202.639206	123.892143	-151.242935	0.000056	0.000056	51.396275	75.566986	49.791924	738933.125000	92048.171875	1482.882080	94419.984375
2006	07	348.737091	250.212234	155.709808	-193.027252	0.000072	0.000072	57.184971	26.586119	87.685226	936606.687500	92048.101562	1490.256470	94425.671875
2006	07	309.013306	208.272766	159.049759	-149.963531	0.000056	0.000056	58.309238	10.536242	68.597382	829920.187500	92048.000000	1497.691406	94431.328125
2006	07	334.145599	217.460449	183.820969	-150.324661	0.000056	0.000056	67.135796	-16.279512	129.112381	897418.250000	92047.867188	1504.295166	94435.992188
2006	07	337.443909	219.985458	182.317154	-155.126740	0.000058	0.000058	64.858719	15.025540	137.897552	906276.500000	92047.632812	1511.297241	94440.914062
2006	07	381.030884	252.840378	191.396637	-189.634247	0.000071	0.000071	63.206108	21.176516	116.139290	1023338.500000	92047.343750	1518.956299	94446.632812
2006	07	358.661255	215.171280	214.062988	-144.598267	0.000054	0.000054	70.573013	7.292791	133.070984	963260.187500	92046.945312	1526.207153	94451.781250
2006	07	365.476624	217.517746	216.988693	-148.487915	0.000055	0.000055	69.029839	1.235696	116.315300	981564.187500	92046.500000	1533.026123	94456.437500
2006	07	337.046692	189.259659	217.710281	-119.336403	0.000045	0.000045	69.923241	2.875652	108.095299	905209.750000	92046.031250	1539.622681	94460.859375
2006	07	385.768646	243.972122	204.788391	-180.980270	0.000068	0.000068	62.991856	42.178608	107.691078	1036062.812500	92045.546875	1546.758789	94465.953125
2006	07	328.633453	168.001312	227.514893	-101.118553	0.000038	0.000038	66.882759	22.012318	115.153214	882614.187500	92045.070312	1552.847534	94470.023438
2006	07	273.310944	161.210144	172.107666	-101.203278	0.000038	0.000038	60.006863	55.496784	90.886223	734034.000000	92044.601562	1558.629761	94473.867188
2006	07	316.274841	194.947754	178.288177	-137.986664	0.000052	0.000052	56.961102	86.515480	73.859528	849422.562500	92044.164062	1564.079102	94477.515625
2006	07	299.539246	168.842072	187.651703	-111.887550	0.000042	0.000042	56.954521	68.085083	87.805939	804475.562500	92043.679688	1570.040039	94481.710938
2006	07	297.608673	176.236710	173.896576	-123.712105	0.000046	0.000046	52.524605	85.791260	63.250832	799290.625000	92043.218750	1575.392212	94485.406250
2006	07	286.913086	158.165024	181.622498	-105.290596	0.000039	0.000039	52.874439	85.793854	75.263466	770565.375000	92042.750000	1580.910278	94489.296875
2006	07	270.201782	150.835831	170.028748	-100.173042	0.000037	0.000037	50.662788	87.427345	58.466812	725683.750000	92042.296875	1585.772095	94492.585938
2006	07	268.821625	149.593994	168.265427	-100.556183	0.000038	0.000038	49.037807	100.895988	52.684814	721976.937500	92041.851562	1590.413086	94495.710938
2006	07	247.409256	129.196121	166.251038	-81.158211	0.000030	0.000030	48.037914	61.538067	41.582691	664469.562500	92041.398438	1594.825928	94498.648438
2006	07	279.553589	153.827393	173.044861	-106.508713	0.000040	0.000040	47.318699	59.420372	47.737888	750799.875000	92040.953125	1599.181641	94501.554688
2006	07	237.716553	107.488853	178.725067	-58.991482	0.000022	0.000022	48.497372	43.246857	53.910881	638437.750000	92040.507812	1603.558594	94504.468750
2006	07	222.917892	97.229156	170.887253	-52.030632	0.000019	0.000019	45.198524	30.864084	54.229500	598692.812500	92040.125000	1606.650879	94506.148438
2006	07	221.815094	106.327385	158.291122	-63.523975	0.000024	0.000024	42.803406	53.219803	46.248074	595731.062500	92039.757812	1609.828735	94507.984375
2006	07	245.505325	127.661278	159.693558	-85.811775	0.000032	0.000032	41.849499	88.869843	41.962219	659356.125000	92039.382812	1613.504272	94510.390625
2006	07	255.332764	132.784546	164.471680	-90.861084	0.000034	0.000034	41.923462	94.936714	43.827599	685749.750000	92039.000000	1617.766479	94513.382812
2006	07	223.888336	100.437637	165.275909	-58.612438	0.000022	0.000022	41.825199	52.154881	33.566753	601299.187500	92038.625000	1621.165527	94515.531250
2006	07	247.099442	116.625633	172.272049	-74.827385	0.000028	0.000028	41.798241	58.898670	43.880764	663637.500000	92038.242188	1624.718262	94517.820312
2006	07	264.492310	124.969170	182.228973	-82.263336	0.000031	0.000031	42.705837	76.258759	50.368149	710349.687500	92037.835938	1628.601440	94520.421875
2006	07	226.907181	93.074127	176.031540	-50.875641	0.000019	0.000019	42.198486	79.002899	44.318180	609406.937500	92037.437500	1631.945801	94522.484375
2006	08	248.628052	107.177399	183.077286	-65.550781	0.000024	0.000024	41.626617	60.482845	46.472130	667742.875000	92037.039062	1635.180054	94524.460938
2006	08	243.481445	75.532333	213.439957	-30.041489	0.000011	0.000011	45.490845	22.512697	58.391953	653920.562500	92036.625000	1637.971924	94525.945312
2006	08	236.152283	95.662186	183.372559	-52.779716	0.000020	0.000020	42.882473	54.070831	50.034668	634236.562500	92036.203125	1640.886108	94527.515625
2006	08	231.466309	87.955025	186.255768	-45.210552	0.000017	0.000017	42.744473	53.264599	49.123844	621651.437500	92035.781250	1643.911255	94529.250000
2006	08	180.065872	62.977001	157.171234	-22.894648	0.000009	0.000009	40.082355	81.310905	30.022413	483604.750000	92035.390625	1646.134888	94530.226562
2006	08	183.226089	63.575378	159.109360	-24.116726	0.000009	0.000009	39.458652	75.140968	30.114784	492092.187500	92035.015625	1648.141724	94531.046875
2006	08	180.148682	60.864258	158.488541	-21.660145	0.000008	0.000008	39.204113	71.797630	29.972717	483827.125000	92034.648438	1650.118530	94531.851562
2006	08	184.388412	61.194256	162.633484	-21.754930	0.000008	0.000008	39.439327	58.334740	31.455626	495213.843750	92034.273438	1652.055664	94532.609375
2006	08	191.977478	58.988735	174.208374	-17.769106	0.000007	0.000007	41.219631	50.970814	35.600307	515595.843750	92033.875000	1653.873291	94533.218750
2006	08	196.873901	56.126160	184.363052	-12.510839	0.000005	0.000005	43.615322	37.651264	40.291054	528746.250000	92033.429688	1655.704468	94533.765625
2006	08	197.154236	54.709057	186.635025	-10.519208	0.000004	0.000004	44.189850	31.329865	42.943825	529499.125000	92032.937500	1657.431885	94534.156250
2006	08	188.357285	35.237801	199.014603	10.657332	-0.000004	-0.000004	45.895134	17.932150	48.010166	505873.031250	92032.445312	1658.963501	94534.335938
2006	08	153.380417	34.886658	161.794601	8.414193	-0.000003	-0.000003	43.300854	23.353640	26.550270	411935.343750	92031.968750	1660.082397	94534.109375
2006	08	159.242126	42.809784	159.430649	0.188536	-0.000000	-0.000000	42.998318	46.382530	28.676184	427678.156250	92031.507812	1661.426392	94534.156250
2006	08	135.623489	36.888615	139.859650	4.236161	-0.000002	-0.000002	41.124775	65.703979	21.024456	364245.406250	92031.062500	1662.572021	94534.031250
2006	08	158.558121	42.561405	158.388611	-0.169518	0.000000	0.000000	42.391888	32.583927	30.988329	425841.156250	92030.617188	1663.876465	94534.085938
2006	08	147.302673	41.294888	147.954803	0.652146	-0.000000	-0.000000	41.947037	38.308464	25.993837	395612.250000	92030.148438	1665.277710	94534.210938
2006	08	157.840027	44.747181	155.394806	-2.445223	0.000001	0.000001	42.301956	31.233946	31.365211	423912.562500	92029.695312	1666.587646	94534.257812
2006	08	161.532089	43.419312	161.155670	-0.376424	0.000000	0.000000	43.042889	21.483017	34.627678	433828.343750	92029.218750	1667.999146	94534.382812
2006	08	156.285339	39.762482	160.461151	4.175798	-0.000002	-0.000002	43.938278	25.571524	33.272339	419737.125000	92028.734375	1669.516846	94534.585938
2006	08	98.849800	6.236922	135.211075	36.361275	-0.000014	-0.000014	42.598198	13.641676	18.853388	265481.906250	92028.296875	1670.002808	94533.773438
2006	08	91.981377	8.875488	124.292686	32.311317	-0.000012	-0.000012	41.186802	37.586151	16.307636	247035.312500	92027.898438	1670.171753	94532.679688
2006	08	96.899231	14.325830	123.116760	26.217522	-0.000010	-0.000010	40.543350	46.158695	19.665714	260243.281250	92027.500000	1670.586060	94531.867188
2006	08	96.321472	13.196076	123.681908	27.360430	-0.000010	-0.000010	40.556507	44.198746	20.022604	258691.562500	92027.101562	1670.976562	94531.039062
2006	08	108.093735	20.781433	128.172760	20.079021	-0.000007	-0.000007	40.860455	34.826256	19.833532	290308.437500	92026.687500	1671.501343	94530.343750
2006	08	119.183937	22.777365	138.723495	19.539562	-0.000007	-0.000007	42.316929	30.213486	24.272766	320093.531250	92026.250000	1672.244751	94529.835938
2006	08	100.878838	8.407475	135.849228	34.970387	-0.000013	-0.000013	43.377861	19.518478	25.622665	270931.312500	92025.796875	1672.869141	94529.179688
2006	08	71.112793	-0.167354	112.087662	40.974873	-0.000015	-0.000015	40.807518	17.869993	15.271788	190988.359375	92025.406250	1672.803223	94527.828125
2006	08	65.269890	0.370431	103.857117	38.587219	-0.000014	-0.000014	38.957649	47.225590	13.163753	175296.000000	92025.046875	1672.728271	94526.554688
2006	08	85.210068	8.192766	117.151482	31.941423	-0.000012	-0.000012	40.134186	20.853472	22.267099	228849.531250	92024.656250	1672.896606	94525.554688
2006	08	78.589966	-5.899153	126.756577	48.166618	-0.000018	-0.000018	42.267464	-8.434789	27.527431	211069.875000	92024.250000	1673.009521	94524.437500
2006	09	50.237164	-15.408482	106.504570	56.267410	-0.000022	-0.000022	40.858929	-9.379780	20.004395	139419.875000	92023.898438	1672.432617	94522.578125
2006	09	71.043007	2.894903	108.202606	37.159599	-0.000014	-0.000014	40.054504	17.453316	13.214859	197160.953125	92023.507812	1672.348511	94521.242188
2006	09	73.272903	2.368985	110.913170	37.640266	-0.000015	-0.000015	40.009251	2.011417	16.546164	203349.437500	92023.109375	1672.403442	94520.054688
2006	09	81.342529	8.395193	113.198456	31.855934	-0.000012	-0.000012	40.251129	7.819036	15.815677	225744.531250	92022.695312	1672.591431	94518.992188
2006	09	82.476387	11.415843	110.729179	28.252800	-0.000011	-0.000011	39.668644	4.432093	14.303412	228891.250000	92022.265625	1672.985596	94518.140625
2006	09	75.823517	4.788291	111.294472	35.470951	-0.000014	-0.000014	40.259243	1.720253	25.233950	210428.000000	92021.835938	1673.311646	94517.234375
2006	09	45.362843	-12.872115	97.499840	52.136993	-0.000020	-0.000020	39.264881	0.846337	8.896097	125892.492188	92021.460938	1672.901978	94515.585938
2006	09	49.840866	-8.148642	96.872719	47.031849	-0.000018	-0.000018	38.883209	-7.279037	13.069543	138320.062500	92021.085938	1672.562988	94514.031250
2006	09	55.049366	-1.941735	94.857597	39.808228	-0.000015	-0.000015	37.866493	11.692910	8.875636	152774.859375	92020.703125	1672.438721	94512.718750
2006	09	52.812710	-5.661560	97.162132	44.349430	-0.000017	-0.000017	38.687870	5.553570	7.034484	146567.609375	92020.320312	1672.314575	94511.421875
2006	09	25.140594	-23.617853	87.074699	61.934105	-0.000024	-0.000024	38.316254	5.700690	21.883314	69771.031250	92019.945312	1671.765381	94509.664062
2006	09	0.000000	-39.952461	74.484123	74.484123	-0.000029	-0.000029	34.531662	4.600194	16.671505	0.000000	92019.578125	1670.594849	94507.382812
2006	09	0.000000	-35.640598	66.293716	66.293716	-0.000026	-0.000026	30.653118	14.474576	13.523260	0.000000	92019.226562	1669.430420	94505.210938
2006	09	0.000000	-37.112431	66.999832	66.999832	-0.000026	-0.000026	29.887400	-1.684972	3.129026	0.000000	92018.890625	1668.303589	94503.179688
2006	09	4.314638	-35.547291	71.572670	67.258034	-0.000026	-0.000026	31.710741	-8.786561	2.418926	11974.128906	92018.546875	1667.126953	94501.078125
2006	09	16.481421	-25.083456	75.220108	58.738689	-0.000023	-0.000023	33.655235	-5.323758	7.437605	45739.792969	92018.203125	1666.128296	94499.078125
2006	09	19.061874	-23.303272	78.561005	59.499130	-0.000023	-0.000023	36.195858	-3.432915	0.838922	52901.156250	92017.851562	1665.317993	94497.203125
2006	09	19.725231	-21.805595	78.989395	59.264156	-0.000023	-0.000023	37.458565	-2.863061	1.108251	54742.132812	92017.492188	1664.509766	94495.250000
2006	09	22.023903	-17.933559	76.525986	54.502087	-0.000021	-0.000021	36.568523	5.892527	5.485701	61121.480469	92017.132812	1663.833130	94493.421875
2006	09	22.903093	-18.935650	78.783951	55.880856	-0.000022	-0.000022	36.945206	0.597511	-0.293368	63561.441406	92016.757812	1663.204834	94491.671875
2006	09	27.970890	-14.671563	79.682098	51.711208	-0.000020	-0.000020	37.039646	-9.034758	-0.833154	77625.765625	92016.390625	1662.606201	94489.921875
2006	09	28.670866	-14.503444	80.594978	51.924110	-0.000020	-0.000020	37.420670	-9.951701	-0.667976	79568.359375	92016.007812	1662.105957	94488.273438
2006	09	23.144623	-17.762999	77.833923	54.689297	-0.000021	-0.000021	36.926300	-2.477377	2.674805	64231.742188	92015.625000	1661.527832	94486.546875
2006	09	24.068237	-18.435282	79.803146	55.734913	-0.000022	-0.000022	37.299633	-9.885120	5.822121	66794.984375	92015.234375	1660.875122	94484.757812
2006	09	27.587448	-16.409143	82.218887	54.631447	-0.000021	-0.000021	38.222301	1.117515	2.129033	76561.617188	92014.835938	1660.296753	94483.000000
2006	09	27.497667	-15.014317	80.446655	52.948982	-0.000020	-0.000020	37.934662	-12.205957	-0.626119	76312.460938	92014.437500	1659.809814	94481.328125
2006	09	23.925838	-15.437386	76.227341	52.301498	-0.000020	-0.000020	36.864117	-0.041836	2.299009	66399.796875	92014.031250	1659.204590	94479.570312
2006	09	21.522680	-15.562173	72.550751	51.028069	-0.000020	-0.000020	35.465897	-3.499048	-0.090832	59730.464844	92013.632812	1658.655151	94477.898438
2006	09	16.981125	-18.944157	70.626160	53.645031	-0.000021	-0.000021	34.700878	-14.903143	1.466340	47126.593750	92013.242188	1658.004150	94476.179688
2006	09	14.519017	-18.775345	66.919312	52.400288	-0.000020	-0.000020	33.624947	-3.222829	3.435244	40293.667969	92012.851562	1657.324585	94474.453125
2006	10	9.712482	-22.779379	65.469589	55.757107	-0.000021	-0.000021	32.977730	1.279820	6.824931	26084.912109	92012.460938	1656.624390	94472.750000
2006	10	2.810306	-25.659166	56.697834	53.887527	-0.000020	-0.000020	28.228361	7.648756	16.898983	7547.666504	92012.085938	1655.444214	94471.007812
2006	10	0.000000	-28.243204	54.748512	54.748512	-0.000020	-0.000020	26.505308	1.701898	4.291229	0.000000	92011.750000	1652.759277	94469.351562
2006	10	0.000000	-27.156601	51.610798	51.610798	-0.000019	-0.000019	24.454197	1.285020	3.027374	0.000000	92011.453125	1648.348511	94467.757812
2006	10	0.000000	-27.243822	51.429428	51.429428	-0.000019	-0.000019	24.185606	1.463521	4.128839	0.000000	92011.203125	1642.195923	94466.210938
2006	10	0.000000	-28.415253	53.494537	53.494537	-0.000020	-0.000020	25.079283	0.896578	3.424043	0.000000	92011.007812	1634.272827	94464.617188
2006	10	0.000000	-28.251499	54.731689	54.731689	-0.000020	-0.000020	26.480192	-3.359987	-0.228831	0.000000	92010.890625	1624.579468	94462.953125
2006	10	0.000000	-28.060717	55.486233	55.486233	-0.000021	-0.000021	27.425514	-2.221280	0.755556	0.000000	92010.843750	1613.140503	94461.242188
2006	10	0.014735	-24.971375	52.736629	52.721897	-0.000020	-0.000020	27.750521	-0.130716	0.603452	39.574436	92010.875000	1599.988647	94459.531250
2006	10	0.194679	-23.157345	47.954720	47.760040	-0.000018	-0.000018	24.602695	9.266941	2.588117	522.852112	92010.945312	1585.176270	94457.921875
2006	10	0.313544	-22.907818	43.522766	43.209221	-0.000016	-0.000016	20.301405	10.673388	0.834285	842.087891	92010.960938	1568.616943	94456.445312
2006	10	0.245604	-25.733068	44.029854	43.784252	-0.000016	-0.000016	18.051182	16.517597	1.771588	659.619934	92010.960938	1550.286255	94455.031250
2006	10	0.209922	-27.879532	44.211315	44.001392	-0.000016	-0.000016	16.121861	7.955927	0.257898	563.789795	92010.968750	1530.094482	94453.546875
2006	10	0.119280	-31.653070	45.631031	45.511749	-0.000017	-0.000017	13.858681	3.056187	-0.948262	320.352234	92010.976562	1508.060303	94452.007812
2006	10	0.066300	-31.218983	43.452084	43.385780	-0.000016	-0.000016	12.166800	7.757382	-0.005386	178.062561	92010.984375	1484.255127	94450.460938
2006	10	0.030047	-34.676601	45.731075	45.701031	-0.000017	-0.000017	11.024428	11.631431	1.879087	80.696762	92010.984375	1458.677490	94448.882812
2006	10	0.000000	-47.138294	57.191051	57.191051	-0.000021	-0.000021	10.052755	4.395008	-0.243614	0.000000	92010.984375	1444.988770	94447.062500
2006	10	0.000000	-47.921246	57.169266	57.169266	-0.000021	-0.000021	9.248017	0.539910	-2.135303	0.000000	92010.992188	1443.213379	94445.062500
2006	10	0.000000	-52.013309	60.630127	60.630127	-0.000023	-0.000023	8.616812	-6.597221	-2.734806	0.000000	92010.992188	1441.364258	94443.000000
2006	10	0.000000	-50.058228	58.391304	58.391304	-0.000022	-0.000022	8.333079	-8.632033	-4.215294	0.000000	92010.992188	1439.469116	94440.914062
2006	10	0.000000	-43.673283	51.854412	51.854412	-0.000019	-0.000019	8.181131	-7.845435	-4.196814	0.000000	92010.992188	1437.731323	94438.992188
2006	10	0.000000	-37.387600	45.432541	45.432541	-0.000017	-0.000017	8.044943	-6.530089	-3.161657	0.000000	92010.984375	1436.204590	94437.281250
2006	10	0.000000	-29.884645	37.773800	37.773800	-0.000014	-0.000014	7.889156	-1.970067	-0.976073	0.000000	92010.984375	1434.918701	94435.812500
2006	10	0.000000	-24.392008	32.050396	32.050396	-0.000012	-0.000012	7.658385	-10.187810	-2.290846	0.000000	92010.976562	1433.832397	94434.554688
2006	10	0.000000	-25.484592	32.818108	32.818108	-0.000012	-0.000012	7.333515	-7.401346	-2.150803	0.000000	92010.968750	1432.861938	94433.421875
2006	10	0.000000	-23.079897	30.130234	30.130234	-0.000011	-0.000011	7.050335	-8.926616	-2.798736	0.000000	92010.960938	1431.812500	94432.218750
2006	10	0.000000	-21.177826	27.952736	27.952736	-0.000010	-0.000010	6.774912	-4.707719	-1.117287	0.000000	92010.953125	1430.940796	94431.203125
2006	10	0.000000	-20.071301	26.606543	26.606543	-0.000010	-0.000010	6.535243	0.474771	-0.397792	0.000000	92010.945312	1430.098633	94430.226562
2006	10	0.000000	-20.829515	27.146168	27.146168	-0.000010	-0.000010	6.316652	1.501256	-0.657773	0.000000	92010.945312	1429.227539	94429.226562
2006	10	0.000000	-15.108917	21.237741	21.237741	-0.000008	-0.000008	6.128824	4.130273	-0.506959	0.000000	92010.937500	1428.436768	94428.312500
2006	10	0.000000	-18.178267	24.046234	24.046234	-0.000009	-0.000009	5.867966	-5.251132	-1.142059	0.000000	92010.929688	1427.779297	94427.539062
2006	11	0.000000	-21.333858	26.876659	26.876659	-0.000010	-0.000010	5.542803	2.608478	-2.106782	0.000000	92010.929688	1426.898804	94426.554688
2006	11	0.000000	-12.233091	17.628901	17.628901	-0.000007	-0.000007	5.395810	8.818130	-0.349248	0.000000	92010.929688	1426.164062	94425.710938
2006	11	0.000000	-17.975531	23.211918	23.211918	-0.000009	-0.000009	5.236386	-0.139664	-0.784175	0.000000	92010.937500	1425.551880	94425.000000
2006	11	0.000000	-24.400536	29.547134	29.547134	-0.000011	-0.000011	5.146599	-3.579634	-2.483540	0.000000	92010.937500	1424.617432	94423.968750
2006	11	0.000000	-17.873356	22.969645	22.969645	-0.000009	-0.000009	5.096287	-4.316924	-2.497046	0.000000	92010.945312	1423.752563	94423.015625
2006	11	0.000000	-13.795506	18.829914	18.829914	-0.000007	-0.000007	5.034408	-3.500690	-1.462755	0.000000	92010.960938	1423.052246	94422.226562
2006	11	0.000000	-14.204223	19.157370	19.157370	-0.000007	-0.000007	4.953146	1.367641	-1.176343	0.000000	92010.968750	1422.445435	94421.531250
2006	11	0.000000	-12.456284	17.312654	17.312654	-0.000007	-0.000007	4.856371	-0.429814	-1.140391	0.000000	92010.976562	1421.836670	94420.835938
2006	11	0.000000	-15.410107	20.166563	20.166563	-0.000008	-0.000008	4.756456	4.523560	-0.096389	0.000000	92010.992188	1421.228638	94420.140625
2006	11	0.000000	-16.092604	20.757980	20.757980	-0.000008	-0.000008	4.665378	-2.072059	-1.295709	0.000000	92011.007812	1420.527222	94419.359375
2006	11	0.000000	-11.222070	15.794856	15.794856	-0.000006	-0.000006	4.572786	5.288567	-0.583229	0.000000	92011.015625	1419.933960	94418.695312
2006	11	0.000000	-13.244405	17.697794	17.697794	-0.000007	-0.000007	4.453389	2.662845	-0.861838	0.000000	92011.031250	1419.369019	94418.054688
2006	11	0.000000	-14.668022	18.986267	18.986267	-0.000007	-0.000007	4.318244	-0.958600	-1.611953	0.000000	92011.039062	1418.741943	94417.359375
2006	11	0.000000	-12.361438	16.554861	16.554861	-0.000006	-0.000006	4.193423	6.414811	-0.601851	0.000000	92011.054688	1418.191406	94416.742188
2006	11	0.000000	-14.884119	18.970322	18.970322	-0.000007	-0.000007	4.086202	-2.274298	-1.615785	0.000000	92011.070312	1417.552368	94416.046875
2006	11	0.000000	-15.008572	19.038910	19.038910	-0.000007	-0.000007	4.030338	-0.800698	-0.813454	0.000000	92011.085938	1416.953735	94415.390625
2006	11	0.000000	-15.546452	19.524570	19.524570	-0.000008	-0.000008	3.978120	-5.762127	-2.293600	0.000000	92011.101562	1416.298950	94414.679688
2006	11	0.000000	-17.228893	21.169418	21.169418	-0.000008	-0.000008	3.940527	-9.855348	-4.480535	0.000000	92011.117188	1415.593994	94413.921875
2006	11	0.000000	-10.452996	14.361383	14.361383	-0.000006	-0.000006	3.908386	2.927624	-0.864151	0.000000	92011.132812	1415.020752	94413.296875
2006	11	0.000000	-13.947655	17.815645	17.815645	-0.000007	-0.000007	3.867992	-3.296108	-2.021920	0.000000	92011.148438	1414.481323	94412.703125
2006	11	0.000000	-12.794312	16.610928	16.610928	-0.000006	-0.000006	3.816616	-5.110785	-1.895443	0.000000	92011.171875	1413.889038	94412.062500
2006	11	0.000000	-12.099100	15.861702	15.861702	-0.000006	-0.000006	3.762601	-2.867723	-1.713317	0.000000	92011.179688	1413.372070	94411.492188
2006	11	0.000000	-12.188591	15.890672	15.890672	-0.000006	-0.000006	3.702081	-1.167630	-2.696731	0.000000	92011.195312	1412.822388	94410.898438
2006	11	0.000000	-11.014937	14.657303	14.657303	-0.000006	-0.000006	3.642366	-1.954115	-1.600945	0.000000	92011.210938	1412.311768	94410.343750
2006	11	0.000000	-9.662992	13.246155	13.246155	-0.000005	-0.000005	3.583163	-5.691844	-1.193558	0.000000	92011.226562	1411.850342	94409.835938
2006	11	0.000000	-10.576889	14.094198	14.094198	-0.000005	-0.000005	3.517308	-7.915727	-2.093976	0.000000	92011.242188	1411.390991	94409.335938
2006	11	0.000000	-10.036270	13.481818	13.481818	-0.000005	-0.000005	3.445548	-2.840492	-1.646956	0.000000	92011.257812	1410.929810	94408.835938
2006	11	0.000000	-13.891704	17.264467	17.264467	-0.000007	-0.000007	3.372765	-8.313228	-4.390208	0.000000	92011.273438	1410.415649	94408.289062
2006	11	0.000000	-15.447979	18.758585	18.758585	-0.000007	-0.000007	3.310606	-7.664798	-3.159969	0.000000	92011.289062	1409.802368	94407.640625
2006	11	0.000000	-13.707907	16.978472	16.978472	-0.000007	-0.000007	3.270565	-3.477629	-1.323114	0.000000	92011.304688	1409.191528	94407.000000
2006	12	0.000000	-14.652164	18.003986	18.003986	-0.000007	-0.000007	3.351823	-3.948193	-1.975103	0.000000	92011.320312	1408.620850	94406.390625
2006	12	0.000000	-11.407158	14.732344	14.732344	-0.000006	-0.000006	3.325187	-0.881221	-2.243223	0.000000	92011.335938	1408.073975	94405.820312
2006	12	0.000000	-9.397568	12.694439	12.694439	-0.000005	-0.000005	3.296872	-2.624537	-1.758165	0.000000	92011.351562	1407.637695	94405.351562
2006	12	0.000000	-6.564982	9.827146	9.827146	-0.000004	-0.000004	3.262164	-5.666224	-0.499610	0.000000	92011.367188	1407.273804	94404.960938
2006	12	0.000000	-9.460409	12.675247	12.675247	-0.000005	-0.000005	3.214839	-11.383926	-1.869141	0.000000	92011.382812	1406.903198	94404.562500
2006	12	0.000000	-7.488834	10.645886	10.645886	-0.000004	-0.000004	3.157053	-7.217640	-0.886881	0.000000	92011.398438	1406.513184	94404.148438
2006	12	0.000000	-7.219923	10.312401	10.312401	-0.000004	-0.000004	3.092478	-6.233301	-0.766280	0.000000	92011.406250	1406.174561	94403.781250
2006	12	0.000000	-7.637100	10.622472	10.622472	-0.000004	-0.000004	2.985373	-7.686408	-1.360904	0.000000	92011.421875	1405.826538	94403.414062
2006	12	0.000000	-6.014073	8.872104	8.872104	-0.000003	-0.000003	2.858031	-3.088616	-0.728908	0.000000	92011.437500	1405.500977	94403.070312
2006	12	0.000000	-4.980071	7.702434	7.702434	-0.000003	-0.000003	2.722363	-0.501534	-0.758842	0.000000	92011.453125	1405.217285	94402.773438
2006	12	0.000000	-4.958359	7.526908	7.526908	-0.000003	-0.000003	2.568549	-1.767534	-0.728717	0.000000	92011.460938	1404.954834	94402.500000
2006	12	0.000000	-5.859856	8.263605	8.263605	-0.000003	-0.000003	2.403750	4.410230	-0.814826	0.000000	92011.476562	1404.684570	94402.226562
2006	12	0.000000	-6.930720	9.183270	9.183270	-0.000003	-0.000003	2.252549	-1.460635	-1.156057	0.000000	92011.492188	1404.363403	94401.914062
2006	12	0.000000	-8.409636	10.549249	10.549249	-0.000004	-0.000004	2.139614	-3.000106	-1.951757	0.000000	92011.500000	1404.022095	94401.578125
2006	12	0.000000	-9.694793	11.752958	11.752958	-0.000004	-0.000004	2.058165	-7.760701	-3.353458	0.000000	92011.515625	1403.625854	94401.187500
2006	12	0.000000	-7.954834	9.968025	9.968025	-0.000004	-0.000004	2.013190	-3.554871	-2.795645	0.000000	92011.523438	1403.234497	94400.812500
2006	12	0.000000	-6.267486	8.255508	8.255508	-0.000003	-0.000003	1.988022	-0.005195	-1.963943	0.000000	92011.539062	1402.906860	94400.492188
2006	12	0.000000	-4.615131	6.568068	6.568068	-0.000002	-0.000002	1.952937	7.081484	-0.607103	0.000000	92011.546875	1402.635742	94400.234375
2006	12	0.000000	-4.574053	6.465102	6.465102	-0.000002	-0.000002	1.891049	7.015843	-0.605276	0.000000	92011.562500	1402.398071	94400.015625
2006	12	0.000000	-6.188447	7.991945	7.991945	-0.000003	-0.000003	1.803498	2.367897	-1.529055	0.000000	92011.578125	1402.123779	94399.757812
2006	12	0.000000	-6.838786	8.558961	8.558961	-0.000003	-0.000003	1.720176	-0.378610	-1.859232	0.000000	92011.585938	1401.807861	94399.460938
2006	12	0.000000	-5.979831	7.636602	7.636602	-0.000003	-0.000003	1.656771	6.353634	-1.161835	0.000000	92011.601562	1401.513916	94399.187500
2006	12	0.000000	-6.157156	7.757422	7.757422	-0.000003	-0.000003	1.600266	3.627398	-1.346968	0.000000	92011.609375	1401.218506	94398.914062
2006	12	0.000000	-4.754557	6.299483	6.299483	-0.000002	-0.000002	1.544925	10.483298	-0.474277	0.000000	92011.625000	1400.945923	94398.671875
2006	12	0.000000	-4.698317	6.181488	6.181488	-0.000002	-0.000002	1.483170	-4.628808	-1.089250	0.000000	92011.640625	1400.703613	94398.453125
2006	12	0.000000	-6.653645	8.061113	8.061113	-0.000003	-0.000003	1.407468	0.005156	-2.059463	0.000000	92011.648438	1400.433228	94398.218750
2006	12	0.000000	-6.293234	7.627364	7.627364	-0.000003	-0.000003	1.334131	0.155620	-2.521733	0.000000	92011.664062	1400.122559	94397.937500
2006	12	0.000000	-6.916978	8.190125	8.190125	-0.000003	-0.000003	1.273147	-6.057353	-1.698278	0.000000	92011.671875	1399.818481	94397.671875
2006	12	0.000000	-6.502676	7.727946	7.727946	-0.000003	-0.000003	1.225270	-4.698811	-1.550108	0.000000	92011.687500	1399.508545	94397.398438
2006	12	0.000000	-4.528965	5.702798	5.702798	-0.000002	-0.000002	1.173833	4.406484	-0.545360	0.000000	92011.695312	1399.239502	94397.164062
2006	12	0.000000	-4.329732	5.405127	5.405127	-0.000002	-0.000002	1.075395	-1.164659	-0.375160	0.000000	92011.703125	1399.009033	94396.976562
2007	01	0.000000	-3.988064	4.917505	4.917505	-0.000002	-0.000002	0.929441	0.227288	-0.597251	0.000000	92011.718750	1398.784302	94396.796875
2007	01	0.000000	-3.986308	4.752347	4.752347	-0.000002	-0.000002	0.766039	-1.349459	-0.704138	0.000000	92011.718750	1398.565796	94396.625000
2007	01	0.000000	-4.201509	4.802840	4.802840	-0.000002	-0.000002	0.601331	4.225210	-0.569462	0.000000	92011.726562	1398.348145	94396.460938
2007	01	0.000000	-4.461840	4.913529	4.913529	-0.000002	-0.000002	0.451689	2.979825	-0.956025	0.000000	92011.726562	1398.111938	94396.289062
2007	01	0.000000	-4.466835	4.801341	4.801341	-0.000002	-0.000002	0.334505	11.588363	-0.524208	0.000000	92011.718750	1397.884399	94396.125000
2007	01	0.000000	-4.938725	5.202258	5.202258	-0.000002	-0.000002	0.263533	-1.779394	-1.030446	0.000000	92011.718750	1397.644531	94395.945312
2007	01	0.000000	-6.442745	6.657167	6.657167	-0.000002	-0.000002	0.214422	-4.137442	-2.694466	0.000000	92011.718750	1397.374390	94395.750000
2007	01	0.000000	-6.592749	6.771813	6.771813	-0.000003	-0.000003	0.179064	-7.339029	-2.806005	0.000000	92011.710938	1397.062256	94395.507812
2007	01	0.000000	-4.467261	4.628997	4.628997	-0.000002	-0.000002	0.161735	-1.864622	-0.806605	0.000000	92011.710938	1396.804810	94395.320312
2007	01	0.000000	-3.242152	3.381331	3.381331	-0.000001	-0.000001	0.139178	18.957062	-0.209220	0.000000	92011.710938	1396.595703	94395.179688
2007	01	0.000000	-3.851193	3.954401	3.954401	-0.000001	-0.000001	0.103208	5.067513	-0.530081	0.000000	92011.710938	1396.397583	94395.054688
2007	01	0.000000	-4.849906	4.930231	4.930231	-0.000002	-0.000002	0.080325	-7.101350	-0.514744	0.000000	92011.703125	1396.172852	94394.906250
2007	01	0.000000	-7.576971	7.637455	7.637455	-0.000003	-0.000003	0.060485	-5.014663	-0.954150	0.000000	92011.703125	1395.884277	94394.687500
2007	01	0.000000	-6.731774	6.776931	6.776931	-0.000003	-0.000003	0.045157	-2.434485	-0.984073	0.000000	92011.703125	1395.570190	94394.453125
2007	01	0.000000	-7.064735	7.100778	7.100778	-0.000003	-0.000003	0.036042	2.423440	-1.000726	0.000000	92011.703125	1395.254150	94394.210938
2007	01	0.000000	-4.909484	4.939965	4.939965	-0.000002	-0.000002	0.030481	10.557332	-0.523832	0.000000	92011.703125	1394.976807	94394.007812
2007	01	0.000000	-4.859431	4.884864	4.884864	-0.000002	-0.000002	0.025433	9.633315	-0.694076	0.000000	92011.703125	1394.742676	94393.851562
2007	01	0.000000	-5.086582	5.107704	5.107704	-0.000002	-0.000002	0.021123	7.143136	-0.941247	0.000000	92011.703125	1394.494629	94393.679688
2007	01	0.000000	-4.450708	4.468700	4.468700	-0.000002	-0.000002	0.017993	10.181108	-0.389721	0.000000	92011.703125	1394.258057	94393.515625
2007	01	0.000000	-4.424372	4.439275	4.439275	-0.000002	-0.000002	0.014903	8.556985	-0.877798	0.000000	92011.695312	1394.029785	94393.367188
2007	01	0.000000	-4.550811	4.562587	4.562587	-0.000002	-0.000002	0.011776	7.925434	-0.839787	0.000000	92011.695312	1393.804199	94393.218750
2007	01	0.000000	-4.363403	4.371827	4.371827	-0.000002	-0.000002	0.008423	0.425074	-1.183597	0.000000	92011.695312	1393.575806	94393.062500
2007	01	0.000000	-3.725599	3.730424	3.730424	-0.000001	-0.000001	0.004825	14.647672	-0.375254	0.000000	92011.695312	1393.356567	94392.921875
2007	01	0.000000	-3.768252	3.769392	3.769392	-0.000001	-0.000001	0.001141	0.854855	-0.441894	0.000000	92011.695312	1393.159180	94392.796875
2007	01	0.000000	-4.057515	4.057515	4.057515	-0.000002	-0.000002	0.000000	-9.248183	-0.715475	0.000000	92011.695312	1392.949097	94392.664062
2007	01	0.000000	-5.042420	5.042420	5.042420	-0.000002	-0.000002	0.000000	-1.412728	-1.793714	0.000000	92011.695312	1392.728516	94392.523438
2007	01	0.000000	-5.420824	5.420824	5.420824	-0.000002	-0.000002	0.000000	1.555110	-1.614139	0.000000	92011.695312	1392.469238	94392.335938
2007	01	0.000000	-5.701574	5.701574	5.701574	-0.000002	-0.000002	0.000000	2.974636	-1.556488	0.000000	92011.695312	1392.206665	94392.148438
2007	01	0.000000	-5.012164	5.012164	5.012164	-0.000002	-0.000002	0.000000	1.512535	-1.066161	0.000000	92011.695312	1391.949219	94391.968750
2007	01	0.000000	-3.553208	3.553208	3.553208	-0.000001	-0.000001	0.000000	10.136655	-0.519116	0.000000	92011.695312	1391.731689	94391.828125
2007	01	0.000000	-4.754038	4.754038	4.754038	-0.000002	-0.000002	0.000000	2.883974	-0.510788	0.000000	92011.695312	1391.515503	94391.687500
2007	02	0.000000	-3.301265	3.301265	3.301265	-0.000001	-0.000001	0.000000	10.703988	-0.573842	0.000000	92011.695312	1391.298950	94391.546875
2007	02	0.000000	-2.452243	2.452243	2.452243	-0.000001	-0.000001	0.000000	23.767445	-0.081420	0.000000	92011.695312	1391.120850	94391.445312
2007	02	0.000000	-2.976462	2.976462	2.976462	-0.000001	-0.000001	0.000000	17.348995	-0.140719	0.000000	92011.695312	1390.938477	94391.343750
2007	02	0.000000	-4.167089	4.167089	4.167089	-0.000002	-0.000002	0.000000	10.044522	-0.950471	0.000000	92011.695312	1390.738037	94391.218750
2007	02	0.000000	-3.838670	3.838670	3.838670	-0.000002	-0.000002	0.000000	7.966805	-1.412679	0.000000	92011.695312	1390.502930	94391.054688
2007	02	0.000000	-2.792897	2.792897	2.792897	-0.000001	-0.000001	0.000000	15.725487	-0.635440	0.000000	92011.695312	1390.307617	94390.937500
2007	02	0.000000	-2.323117	2.323117	2.323117	-0.000001	-0.000001	0.000000	21.257074	-0.170465	0.000000	92011.695312	1390.141602	94390.851562
2007	02	0.000000	-5.564398	5.564398	5.564398	-0.000002	-0.000002	0.000000	1.836659	-2.421772	0.000000	92011.695312	1389.925537	94390.710938
2007	02	0.000000	-5.784682	5.784682	5.784682	-0.000002	-0.000002	0.000000	0.471872	-1.419436	0.000000	92011.695312	1389.631714	94390.492188
2007	02	0.000000	-4.864058	4.864058	4.864058	-0.000002	-0.000002	0.000000	5.420606	-1.549681	0.000000	92011.695312	1389.363403	94390.296875
2007	02	0.000000	-4.232756	4.232756	4.232756	-0.000002	-0.000002	0.000000	6.270282	-0.834243	0.000000	92011.695312	1389.118164	94390.132812
2007	02	0.000000	-5.660262	5.660262	5.660262	-0.000002	-0.000002	0.000000	4.650513	-1.175348	0.000000	92011.695312	1388.865112	94389.953125
2007	02	0.000000	-4.150771	4.150771	4.150771	-0.000002	-0.000002	0.000000	1.313140	-1.514361	0.000000	92011.695312	1388.606201	94389.773438
2007	02	0.000000	-4.902915	4.902915	4.902915	-0.000002	-0.000002	0.000000	1.293238	-1.087140	0.000000	92011.695312	1388.378174	94389.617188
2007	02	0.000000	-5.738310	5.738310	5.738310	-0.000002	-0.000002	0.000000	-4.049524	-2.300343	0.000000	92011.695312	1388.100098	94389.414062
2007	02	0.000000	-5.163980	5.163980	5.163980	-0.000002	-0.000002	0.000000	-3.373531	-1.309139	0.000000	92011.695312	1387.825562	94389.218750
2007	02	0.000000	-4.635928	4.635928	4.635928	-0.000002	-0.000002	0.000000	-9.808950	-1.357984	0.000000	92011.695312	1387.572998	94389.039062
2007	02	0.000000	-4.564462	4.564462	4.564462	-0.000002	-0.000002	0.000000	5.288533	-1.031847	0.000000	92011.695312	1387.330322	94388.875000
2007	02	0.000000	-2.842729	2.842729	2.842729	-0.000001	-0.000001	0.000000	15.383379	-0.291142	0.000000	92011.695312	1387.123657	94388.742188
2007	02	0.000000	-3.699646	3.699646	3.699646	-0.000002	-0.000002	0.000000	-1.710365	-0.492050	0.000000	92011.695312	1386.924561	94388.617188
2007	02	0.000000	-3.250966	3.250966	3.250966	-0.000001	-0.000001	0.000000	18.554043	-0.153661	0.000000	92011.695312	1386.727173	94388.500000
2007	02	0.000000	-3.943712	3.943712	3.943712	-0.000002	-0.000002	0.000000	-3.583843	-1.173093	0.000000	92011.695312	1386.518066	94388.367188
2007	02	0.000000	-5.165452	5.165452	5.165452	-0.000002	-0.000002	0.000000	5.500717	-1.610362	0.000000	92011.695312	1386.273682	94388.195312
2007	02	0.000000	-3.869956	3.869956	3.869956	-0.000002	-0.000002	0.000000	16.236382	-0.328854	0.000000	92011.695312	1386.032593	94388.031250
2007	02	0.000000	-2.935338	2.935338	2.935338	-0.000001	-0.000001	0.000000	19.228668	-0.260670	0.000000	92011.695312	1385.835938	94387.914062
2007	02	0.000000	-3.460075	3.460075	3.460075	-0.000001	-0.000001	0.000000	17.562449	-0.476339	0.000000	92011.695312	1385.645630	94387.796875
2007	02	0.000000	-3.032946	3.032946	3.032946	-0.000001	-0.000001	0.000000	18.935583	-0.882267	0.000000	92011.695312	1385.445312	94387.671875
2007	02	0.000000	-2.566336	2.566336	2.566336	-0.000001	-0.000001	0.000000	13.058827	-0.357371	0.000000	92011.695312	1385.274292	94387.578125
2007	03	0.000000	-2.370779	2.370779	2.370779	-0.000001	-0.000001	0.000000	26.354351	-0.194397	0.000000	92011.695312	1385.106812	94387.484375
2007	03	0.000000	-3.143279	3.143279	3.143279	-0.000001	-0.000001	0.000000	7.727321	-0.261472	0.000000	92011.695312	1384.946655	94387.398438
2007	03	0.000000	-4.587378	4.587378	4.587378	-0.000002	-0.000002	0.000000	-5.524586	-1.954307	0.000000	92011.695312	1384.737549	94387.265625
2007	03	0.000000	-4.144517	4.144517	4.144517	-0.000002	-0.000002	0.000000	2.150432	-1.104781	0.000000	92011.695312	1384.518921	94387.125000
2007	03	0.000000	-3.272062	3.272062	3.272062	-0.000001	-0.000001	0.000000	8.076550	-0.234215	0.000000	92011.695312	1384.322632	94387.007812
2007	03	0.000000	-4.718896	4.718896	4.718896	-0.000002	-0.000002	0.000000	-2.975381	-1.042709	0.000000	92011.695312	1384.120483	94386.882812
2007	03	0.000000	-4.164920	4.164920	4.164920	-0.000002	-0.000002	0.000000	1.433624	-1.526277	0.000000	92011.695312	1383.891113	94386.726562
2007	03	0.000000	-3.055773	3.055773	3.055773	-0.000001	-0.000001	0.000000	-0.480440	-0.571034	0.000000	92011.695312	1383.699707	94386.609375
2007	03	0.000000	-5.602434	5.602434	5.602434	-0.000002	-0.000002	0.000000	-9.204045	-2.792004	0.000000	92011.695312	1383.495605	94386.484375
2007	03	0.000000	-5.840979	5.840979	5.840979	-0.000002	-0.000002	0.000000	-12.747486	-2.938454	0.000000	92011.695312	1383.214966	94386.273438
2007	03	0.000000	-4.054331	4.054331	4.054331	-0.000002	-0.000002	0.000000	0.607197	-0.909427	0.000000	92011.695312	1382.987671	94386.125000
2007	03	0.000000	-6.519031	6.519031	6.519031	-0.000002	-0.000002	0.000000	-7.013251	-1.697848	0.000000	92011.695312	1382.740845	94385.953125
2007	03	0.000000	-6.388819	6.388819	6.388819	-0.000002	-0.000002	0.000000	-4.541782	-1.295300	0.000000	92011.695312	1382.453247	94385.742188
2007	03	0.000000	-6.685185	6.685185	6.685185	-0.000002	-0.000002	0.000000	-6.202347	-1.403151	0.000000	92011.695312	1382.162231	94385.531250
2007	03	0.000000	-4.275510	4.275510	4.275510	-0.000002	-0.000002	0.000000	1.570872	-0.723098	0.000000	92011.695312	1381.907104	94385.351562
2007	03	0.000000	-5.553823	5.553823	5.553823	-0.000002	-0.000002	0.000000	-4.592700	-0.760718	0.000000	92011.695312	1381.681885	94385.195312
2007	03	0.000000	-5.782642	5.782642	5.782642	-0.000002	-0.000002	0.000000	-3.684235	-0.990581	0.000000	92011.695312	1381.407715	94385.000000
2007	03	0.000000	-5.761878	5.761878	5.761878	-0.000002	-0.000002	0.000000	-3.808626	-1.314062	0.000000	92011.695312	1381.155151	94384.820312
2007	03	0.000000	-4.889968	4.889968	4.889968	-0.000002	-0.000002	0.000000	-4.400442	-1.578121	0.000000	92011.695312	1380.900269	94384.640625
2007	03	0.000000	-4.416143	4.416143	4.416143	-0.000002	-0.000002	0.000000	-6.351582	-1.251585	0.000000	92011.695312	1380.679932	94384.500000
2007	03	0.000000	-5.679313	5.679313	5.679313	-0.000002	-0.000002	0.000000	-6.448014	-3.190858	0.000000	92011.695312	1380.446411	94384.343750
2007	03	0.000000	-6.184782	6.184782	6.184782	-0.000002	-0.000002	0.000000	-8.374376	-4.552538	0.000000	92011.695312	1380.172119	94384.140625
2007	03	0.000000	-5.875994	5.875994	5.875994	-0.000002	-0.000002	0.000000	-11.267021	-4.221188	0.000000	92011.695312	1379.894775	94383.937500
2007	03	0.000000	-5.013636	5.013636	5.013636	-0.000002	-0.000002	0.000000	-6.914263	-2.342498	0.000000	92011.695312	1379.651367	94383.773438
2007	03	0.000000	-4.960364	4.960364	4.960364	-0.000002	-0.000002	0.000000	-3.397269	-1.797567	0.000000	92011.695312	1379.414185	94383.609375
2007	03	0.000000	-4.606375	4.606375	4.606375	-0.000002	-0.000002	0.000000	-12.597642	-2.675801	0.000000	92011.695312	1379.183472	94383.453125
2007	03	0.000000	-5.613171	5.613171	5.613171	-0.000002	-0.000002	0.000000	-6.563352	-4.734494	0.000000	92011.695312	1378.945923	94383.296875
2007	03	0.000000	-5.610286	5.610286	5.610286	-0.000002	-0.000002	0.000000	-3.603519	-2.413658	0.000000	92011.695312	1378.681274	94383.101562
2007	03	0.000000	-5.535711	5.535711	5.535711	-0.000002	-0.000002	0.000000	-6.088240	-1.936368	0.000000	92011.695312	1378.423218	94382.921875
2007	03	0.000000	-4.222878	4.222878	4.222878	-0.000002	-0.000002	0.000000	1.299002	-0.850499	0.000000	92011.695312	1378.195068	94382.773438
2007	03	0.000000	-3.754448	3.754448	3.754448	-0.000001	-0.000001	0.000000	11.895433	-0.368632	0.000000	92011.695312	1377.986694	94382.640625
2007	04	0.000000	-3.950603	3.950603	3.950603	-0.000002	-0.000002	0.000000	11.069176	-0.402081	0.000000	92011.695312	1377.792969	94382.515625
2007	04	0.000000	-6.705787	6.705787	6.705787	-0.000003	-0.000003	0.000000	-9.771911	-2.465743	0.000000	92011.695312	1377.534180	94382.335938
2007	04	0.000000	-5.595327	5.595327	5.595327	-0.000002	-0.000002	0.000000	-8.577834	-1.999113	0.000000	92011.695312	1377.239258	94382.117188
2007	04	0.000000	-6.562018	6.562018	6.562018	-0.000003	-0.000003	0.000000	-8.032129	-2.146052	0.000000	92011.695312	1376.975464	94381.929688
2007	04	0.000000	-6.832606	6.832606	6.832606	-0.000003	-0.000003	0.000000	-11.524268	-3.425899	0.000000	92011.695312	1376.675049	94381.703125
2007	04	0.000000	-5.359138	5.359138	5.359138	-0.000002	-0.000002	0.000000	-3.718926	-1.596179	0.000000	92011.695312	1376.391235	94381.492188
2007	04	0.000000	-6.117496	6.117496	6.117496	-0.000002	-0.000002	0.000000	-4.428275	-1.688750	0.000000	92011.695312	1376.132935	94381.312500
2007	04	0.000000	-6.653528	6.653528	6.653528	-0.000003	-0.000003	0.000000	-11.410067	-3.242698	0.000000	92011.695312	1375.838257	94381.093750
2007	04	0.000000	-6.572254	6.572254	6.572254	-0.000003	-0.000003	0.000000	-20.877939	-5.501823	0.000000	92011.695312	1375.536987	94380.867188
2007	04	0.000000	-7.163825	7.163825	7.163825	-0.000003	-0.000003	0.000000	-15.982245	-4.727719	0.000000	92011.695312	1375.246460	94380.648438
2007	04	0.000000	-7.248881	7.248881	7.248881	-0.000003	-0.000003	0.000000	-9.202407	-2.203645	0.000000	92011.695312	1374.915161	94380.398438
2007	04	0.000000	-5.967507	5.967507	5.967507	-0.000002	-0.000002	0.000000	-3.995043	-1.158608	0.000000	92011.695312	1374.625854	94380.179688
2007	04	0.000000	-7.053361	7.053361	7.053361	-0.000003	-0.000003	0.000000	-9.427853	-3.463193	0.000000	92011.695312	1374.338135	94379.968750
2007	04	0.000000	-6.952717	6.952717	6.952717	-0.000003	-0.000003	0.000000	-14.358809	-3.777460	0.000000	92011.695312	1374.021973	94379.726562
2007	04	0.000000	-6.340565	6.340565	6.340565	-0.000002	-0.000002	0.000000	-6.812264	-2.200159	0.000000	92011.695312	1373.725708	94379.507812
2007	04	0.000000	-5.783823	5.783823	5.783823	-0.000002	-0.000002	0.000000	-2.416456	-1.403316	0.000000	92011.695312	1373.451172	94379.304688
2007	04	0.000000	-5.106072	5.106072	5.106072	-0.000002	-0.000002	0.000000	1.181994	-0.552567	0.000000	92011.695312	1373.192627	94379.125000
2007	04	0.000000	-5.105814	5.105814	5.105814	-0.000002	-0.000002	0.000000	-0.379769	-1.140686	0.000000	92011.695312	1372.948853	94378.953125
2007	04	0.000000	-5.078166	5.078166	5.078166	-0.000002	-0.000002	0.000000	-1.607508	-1.362580	0.000000	92011.695312	1372.703735	94378.789062
2007	04	0.000000	-4.909169	4.909169	4.909169	-0.000002	-0.000002	0.000000	2.562927	-0.420062	0.000000	92011.695312	1372.463745	94378.625000
2007	04	0.000000	-7.618714	7.618714	7.618714	-0.000003	-0.000003	0.000000	-17.227400	-6.274322	0.000000	92011.695312	1372.186401	94378.421875
2007	04	0.000000	-8.092923	8.092923	8.092923	-0.000003	-0.000003	0.000000	-25.828020	-9.844193	0.000000	92011.695312	1371.842896	94378.148438
2007	04	0.000000	-6.638855	6.638855	6.638855	-0.000003	-0.000003	0.000000	-13.124334	-3.113453	0.000000	92011.695312	1371.519165	94377.906250
2007	04	0.000000	-6.396519	6.396519	6.396519	-0.000002	-0.000002	0.000000	-3.946532	-1.029882	0.000000	92011.695312	1371.228516	94377.687500
2007	04	0.000000	-5.340230	5.340230	5.340230	-0.000002	-0.000002	0.000000	-3.705026	-0.833086	0.000000	92011.695312	1370.957520	94377.492188
2007	04	0.000000	-5.330168	5.330168	5.330168	-0.000002	-0.000002	0.000000	-1.369577	-0.825594	0.000000	92011.695312	1370.705322	94377.312500
2007	04	0.000000	-6.886267	6.886267	6.886267	-0.000003	-0.000003	0.000000	-10.838058	-3.100493	0.000000	92011.695312	1370.429688	94377.117188
2007	04	0.000000	-7.390860	7.390860	7.390860	-0.000003	-0.000003	0.000000	-21.646509	-6.155776	0.000000	92011.695312	1370.107788	94376.867188
2007	04	0.000000	-7.500279	7.500279	7.500279	-0.000003	-0.000003	0.000000	-9.333040	-2.937028	0.000000	92011.695312	1369.790771	94376.625000
2007	04	0.000000	-7.432589	7.432589	7.432589	-0.000003	-0.000003	0.000000	-6.228345	-1.309811	0.000000	92011.695312	1369.463745	94376.375000
2007	05	0.000000	-7.150178	7.150178	7.150178	-0.000003	-0.000003	0.000000	-3.924186	-0.128935	0.000000	92011.695312	1369.146973	94376.132812
2007	05	0.000000	-8.641468	8.641468	8.641468	-0.000003	-0.000003	0.000000	-19.320810	-8.407992	0.000000	92011.695312	1368.821777	94375.882812
2007	05	0.000000	-10.028909	10.028909	10.028909	-0.000004	-0.000004	0.000000	-30.099226	-13.411592	0.000000	92011.695312	1368.441406	94375.578125
2007	05	0.000000	-9.186640	9.186640	9.186640	-0.000003	-0.000003	0.000000	-18.668926	-7.003805	0.000000	92011.695312	1368.056885	94375.265625
2007	05	0.000000	-10.648306	10.648306	10.648306	-0.000004	-0.000004	0.000000	-10.263172	-3.865490	0.000000	92011.695312	1367.673340	94374.960938
2007	05	0.000000	-10.838437	10.838437	10.838437	-0.000004	-0.000004	0.000000	-12.311813	-7.831046	0.000000	92011.695312	1367.250488	94374.609375
2007	05	0.000000	-8.940044	8.940044	8.940044	-0.000003	-0.000003	0.000000	-1.765537	-2.246969	0.000000	92011.695312	1366.852539	94374.289062
2007	05	0.000000	-9.755037	9.755037	9.755037	-0.000004	-0.000004	0.000000	-6.481531	-4.504830	0.000000	92011.695312	1366.480957	94373.992188
2007	05	0.000000	-10.434936	10.434936	10.434936	-0.000004	-0.000004	0.000000	-11.850554	-7.424992	0.000000	92011.695312	1366.079956	94373.664062
2007	05	0.000000	-8.381393	8.381393	8.381393	-0.000003	-0.000003	0.000000	2.397559	-0.894790	0.000000	92011.695312	1365.702759	94373.359375
2007	05	0.000000	-9.671424	9.671424	9.671424	-0.000004	-0.000004	0.000000	-8.229684	-3.806552	0.000000	92011.695312	1365.335327	94373.070312
2007	05	0.000000	-9.393064	9.393064	9.393064	-0.000004	-0.000004	0.000000	-9.350627	-4.525438	0.000000	92011.695312	1364.957520	94372.765625
2007	05	0.000000	-9.673485	9.673485	9.673485	-0.000004	-0.000004	0.000000	-13.718621	-8.152804	0.000000	92011.695312	1364.572510	94372.453125
2007	05	0.000000	-10.048755	10.048755	10.048755	-0.000004	-0.000004	0.000000	-7.596246	-5.045052	0.000000	92011.695312	1364.188110	94372.148438
2007	05	0.000000	-9.910580	9.910580	9.910580	-0.000004	-0.000004	0.000000	-11.806412	-7.804390	0.000000	92011.695312	1363.787354	94371.820312
2007	05	0.000000	-9.287420	12.313654	12.313654	-0.000005	-0.000005	3.026234	-9.955583	-5.465036	0.000000	92011.757812	1363.403687	94371.468750
2007	05	0.000000	-9.500889	13.635701	13.635701	-0.000005	-0.000005	4.134812	-3.643649	-1.900765	0.000000	92011.921875	1363.030029	94371.046875
2007	05	0.000000	-10.191010	31.392284	31.392284	-0.000012	-0.000012	21.201275	-12.066002	-7.837197	0.000000	92012.429688	1362.640137	94370.351562
2007	05	0.000000	-9.224263	27.036398	27.036398	-0.000010	-0.000010	17.812132	-5.806551	-3.879650	0.000000	92013.328125	1362.250610	94369.304688
2007	05	0.000000	-9.366096	21.088415	21.088415	-0.000008	-0.000008	11.722320	-10.666633	-6.292111	0.000000	92013.726562	1361.878174	94368.585938
2007	05	0.000000	-9.499449	17.271238	17.271238	-0.000006	-0.000006	7.771791	-7.467907	-4.746641	0.000000	92014.070312	1361.500610	94367.976562
2007	05	0.000000	-9.383205	16.602938	16.602938	-0.000006	-0.000006	7.219734	-10.342335	-6.107084	0.000000	92014.367188	1361.121826	94367.437500
2007	05	0.000000	-9.190784	16.233307	16.233307	-0.000006	-0.000006	7.042522	-12.309708	-6.440039	0.000000	92014.656250	1360.747314	94366.906250
2007	05	0.000000	-8.184835	15.046893	15.046893	-0.000006	-0.000006	6.862058	-1.225424	-0.222130	0.000000	92014.937500	1360.390991	94366.398438
2007	05	0.000000	-9.073206	15.716545	15.716545	-0.000006	-0.000006	6.643339	-6.894116	-2.312785	0.000000	92015.203125	1360.044556	94365.914062
2007	05	0.000000	-9.144526	15.718483	15.718483	-0.000006	-0.000006	6.573957	-14.733456	-9.529546	0.000000	92015.468750	1359.675659	94365.406250
2007	05	0.000000	-9.800323	15.051125	15.051125	-0.000006	-0.000006	5.250802	-29.327005	-20.317732	0.000000	92015.718750	1359.296021	94364.898438
2007	05	0.000000	-9.174959	10.655196	10.655196	-0.000004	-0.000004	1.480237	-28.947721	-16.624697	0.000000	92015.804688	1358.912964	94364.492188
2007	05	0.000000	-8.826645	10.299635	10.299635	-0.000004	-0.000004	1.472990	-15.224800	-3.225404	0.000000	92015.820312	1358.555908	94364.164062
2007	05	0.000000	-10.044544	11.898224	11.898224	-0.000004	-0.000004	1.853680	-67.735641	-31.854309	0.000000	92015.843750	1358.174683	94363.804688
2007	05	0.000000	-10.234570	13.454199	13.454199	-0.000005	-0.000005	3.219629	-30.589844	-4.576971	0.000000	92015.875000	1357.775269	94363.390625
2007	06	0.000000	-10.147577	72.562538	72.562538	-0.000028	-0.000028	62.414959	0.510027	12.449322	0.000000	92016.906250	1357.359985	94362.000000
2007	06	0.000000	-8.030663	61.184486	61.184486	-0.000024	-0.000024	53.153820	59.256969	39.820885	0.000000	92018.671875	1356.989380	94359.671875
2007	06	0.000000	-8.000757	54.722134	54.722134	-0.000021	-0.000021	46.721378	93.648872	48.618069	0.000000	92020.046875	1356.644897	94357.726562
2007	06	0.000000	-7.719327	43.760811	43.760811	-0.000017	-0.000017	36.041485	54.835297	54.779907	0.000000	92021.195312	1356.312744	94356.125000
2007	06	0.000000	-8.100069	30.424934	30.424934	-0.000012	-0.000012	22.324865	48.775192	23.923559	0.000000	92022.039062	1355.976196	94354.875000
2007	06	0.000000	-9.329849	29.048519	29.048519	-0.000011	-0.000011	19.718670	113.568390	29.633654	0.000000	92022.609375	1355.609375	94353.906250
2007	06	0.000000	-10.960149	40.790913	40.790913	-0.000016	-0.000016	29.830763	80.902985	35.983440	0.000000	92023.000000	1355.194824	94352.828125
2007	06	0.000000	-11.738595	71.814659	71.814659	-0.000028	-0.000028	60.076065	49.802128	34.911957	0.000000	92023.648438	1354.732056	94350.851562
2007	06	0.000000	-9.226172	66.005028	66.005028	-0.000025	-0.000025	56.778862	9.922155	15.878784	0.000000	92024.453125	1354.320923	94348.546875
2007	06	0.000000	-9.025643	66.258682	66.258682	-0.000026	-0.000026	57.233036	45.918201	29.204687	0.000000	92025.218750	1353.943726	94346.343750
2007	06	4.638878	-5.140006	69.234985	64.596107	-0.000025	-0.000025	59.456104	77.858406	40.547104	12873.970703	92025.976562	1353.607178	94344.117188
2007	06	14.709725	3.638838	66.673981	51.964252	-0.000020	-0.000020	55.603088	37.675972	27.777040	40822.925781	92026.710938	1353.536133	94342.218750
2007	06	37.895897	21.530075	76.708595	38.812698	-0.000015	-0.000015	60.342773	75.938385	22.453745	105169.976562	92027.414062	1353.897095	94340.726562
2007	06	62.378559	39.311852	90.396393	28.017836	-0.000011	-0.000011	67.329689	56.068371	40.000626	173115.093750	92028.179688	1354.860596	94339.625000
2007	06	91.901733	61.223808	105.804703	13.902962	-0.000005	-0.000005	75.126762	18.444544	57.735844	255048.812500	92029.007812	1356.519897	94338.976562
2007	06	109.352562	76.091118	106.812988	-2.539573	0.000001	0.000001	73.551537	43.066307	54.496277	303478.937500	92029.914062	1358.758911	94338.820312
2007	06	138.974884	98.396271	124.076309	-14.898575	0.000006	0.000006	83.497696	46.233204	63.157352	385687.812500	92030.875000	1361.566406	94339.070312
2007	06	153.395081	109.421623	127.518044	-25.877029	0.000010	0.000010	83.544594	41.252037	69.418472	425707.187500	92031.781250	1365.049683	94339.804688
2007	06	169.639526	118.988564	133.240677	-36.398838	0.000014	0.000014	82.589729	-55.254490	111.895226	470789.312500	92032.546875	1368.716797	94340.828125
2007	06	163.833359	119.135742	119.029587	-44.803772	0.000017	0.000017	74.331970	17.271101	60.110928	454675.875000	92033.187500	1372.701416	94342.234375
2007	06	226.596786	165.184357	140.705933	-85.890854	0.000033	0.000033	79.293503	7.726115	106.116737	628859.062500	92033.695312	1377.346680	94344.429688
2007	06	201.238876	139.531967	152.021179	-49.217701	0.000019	0.000019	90.314270	31.352383	97.996773	558484.937500	92034.257812	1381.899780	94346.171875
2007	06	226.997971	162.067566	152.608719	-74.389267	0.000029	0.000029	87.678284	32.674187	121.217628	629972.437500	92034.781250	1386.883057	94348.218750
2007	06	262.332001	194.773819	143.314438	-119.017563	0.000046	0.000046	75.756264	37.611210	127.541313	728032.625000	92035.093750	1393.326416	94352.078125
2007	06	245.098999	180.015640	139.606079	-105.492928	0.000041	0.000041	74.522713	7.417940	130.547028	680207.000000	92035.289062	1399.701538	94356.078125
2007	06	207.454788	150.132889	131.483185	-75.971588	0.000029	0.000029	74.161301	-28.398798	94.598572	575735.500000	92035.382812	1405.086060	94359.054688
2007	06	227.771240	165.659042	133.225739	-94.545502	0.000036	0.000036	71.113556	-43.411644	97.110176	632118.437500	92035.437500	1409.923218	94361.562500
2007	06	273.338745	196.590622	151.485428	-121.853348	0.000047	0.000047	74.737282	-55.722141	139.690460	758578.937500	92035.398438	1415.864868	94365.148438
2007	06	293.508911	212.617325	153.833374	-139.675552	0.000054	0.000054	72.941765	-30.107456	104.814415	814555.812500	92035.335938	1422.725220	94369.570312
2007	06	219.771729	156.923447	131.947403	-87.824318	0.000034	0.000034	69.099121	37.215752	104.311081	609917.937500	92035.289062	1429.004761	94373.562500
2007	07	237.003647	175.598923	124.571068	-112.432579	0.000042	0.000042	63.166344	110.023499	68.253128	636523.125000	92035.171875	1434.372437	94376.882812
2007	07	240.440872	177.439575	125.229607	-115.211250	0.000043	0.000043	62.228336	97.382523	57.375687	645754.437500	92035.015625	1439.887207	94380.468750
2007	07	252.583221	187.127853	125.666176	-126.917053	0.000047	0.000047	60.210808	78.930412	66.911079	678365.312500	92034.828125	1445.705444	94384.390625
2007	07	280.806976	209.473480	131.325729	-149.481262	0.000056	0.000056	59.992233	111.977623	72.003922	754166.187500	92034.609375	1452.143433	94388.960938
2007	07	206.424240	147.039291	120.047440	-86.376808	0.000032	0.000032	60.662487	68.642090	58.128895	554395.687500	92034.390625	1458.298218	94393.265625
2007	07	110.696365	67.915176	102.194656	-8.501703	0.000003	0.000003	59.413475	12.588620	12.170362	297298.343750	92034.320312	1460.820190	94393.937500
2007	07	174.006958	120.781197	110.748909	-63.258049	0.000024	0.000024	57.523155	32.759525	23.428240	467332.250000	92034.179688	1464.127808	94395.437500
2007	07	278.169769	205.984985	128.551285	-149.618500	0.000056	0.000056	56.366486	67.462822	52.740368	747083.437500	92033.960938	1469.140747	94398.695312
2007	07	334.317169	240.846390	156.122192	-178.194992	0.000067	0.000067	62.651402	20.119684	110.970215	897879.125000	92033.656250	1476.520874	94404.242188
2007	07	338.070160	235.133194	170.891663	-167.178482	0.000062	0.000062	67.954697	-13.428318	123.759392	907958.437500	92033.335938	1483.588501	94409.242188
2007	07	327.945526	233.075043	159.044510	-168.901001	0.000063	0.000063	64.174019	34.997402	86.116653	880766.625000	92032.953125	1491.616699	94415.218750
2007	07	320.638214	232.538239	146.483093	-174.155121	0.000065	0.000065	58.383118	49.188251	73.284088	861141.312500	92032.562500	1498.818237	94420.546875
2007	07	322.069366	229.699341	150.740158	-171.329208	0.000064	0.000064	58.370140	3.078343	81.980850	864985.000000	92032.164062	1506.410400	94426.343750
2007	07	267.761658	190.261307	131.778442	-135.983215	0.000051	0.000051	54.278091	38.743824	70.439644	719130.187500	92031.812500	1513.051636	94431.234375
2007	07	333.403992	244.135422	142.141785	-191.262207	0.000071	0.000071	52.873211	86.965248	78.627312	895426.500000	92031.500000	1519.942261	94436.492188
2007	07	334.790283	240.468613	147.979172	-186.811111	0.000070	0.000070	53.657505	61.428490	82.922050	899149.687500	92031.148438	1527.808350	94442.718750
2007	07	228.135803	151.151917	129.272919	-98.862877	0.000037	0.000037	52.289040	10.596925	47.141563	612706.625000	92030.820312	1534.143921	94447.445312
2007	07	241.407776	171.184525	116.543488	-124.864281	0.000047	0.000047	46.320255	52.027031	33.023827	648351.312500	92030.546875	1538.746582	94450.539062
2007	07	266.686493	185.546875	129.763062	-136.923431	0.000051	0.000051	48.623447	64.534454	51.277596	716242.562500	92030.234375	1545.013428	94455.359375
2007	07	205.940323	132.099472	123.268913	-82.671402	0.000031	0.000031	49.428066	15.144291	32.059521	553096.000000	92029.953125	1549.678711	94458.554688
2007	07	322.862305	224.491409	149.086777	-173.775528	0.000065	0.000065	50.715881	16.276011	56.081432	867114.562500	92029.648438	1555.696899	94463.023438
2007	07	204.424942	123.648186	132.731918	-71.693016	0.000027	0.000027	51.955170	-6.774945	37.358006	549026.125000	92029.351562	1560.892700	94466.640625
2007	07	249.642319	165.745346	132.368210	-117.274124	0.000044	0.000044	48.471230	15.540366	44.866394	670466.937500	92029.046875	1565.652832	94469.867188
2007	07	319.532990	222.932129	145.389771	-174.143219	0.000065	0.000065	48.788925	30.097065	45.938480	858172.937500	92028.710938	1571.432129	94474.171875
2007	07	342.457275	233.195511	160.867386	-181.589890	0.000068	0.000068	51.605637	45.944641	93.310188	919741.000000	92028.320312	1579.098145	94480.281250
2007	07	339.166992	237.052170	149.542068	-189.624908	0.000071	0.000071	47.427250	66.247200	75.111649	910904.187500	92027.921875	1586.610840	94486.296875
2007	07	303.923218	202.444244	148.982880	-154.940353	0.000058	0.000058	47.503899	18.311386	62.870579	816249.687500	92027.500000	1593.407959	94491.656250
2007	07	302.473358	190.524185	161.615768	-140.857574	0.000053	0.000053	49.666615	21.709677	77.360352	812355.750000	92027.046875	1599.955933	94496.718750
2007	07	297.813629	182.052368	165.095917	-132.717728	0.000050	0.000050	49.334641	-22.751465	74.183464	799841.125000	92026.585938	1605.814453	94501.078125
2007	07	264.873322	152.386368	162.097717	-102.775574	0.000038	0.000038	49.610790	-1.612989	74.333527	711372.875000	92026.125000	1610.933472	94504.679688
2007	07	202.989700	106.208992	146.322586	-56.667110	0.000021	0.000021	49.541885	49.343746	54.520058	545171.500000	92025.671875	1615.089722	94507.312500
2007	08	137.398285	75.160721	106.968018	-30.430273	0.000011	0.000011	44.730450	22.197660	16.288055	369012.000000	92025.312500	1617.502808	94508.312500
2007	08	193.697800	117.530739	121.354301	-72.343483	0.000027	0.000027	45.187252	7.133107	30.598202	520216.125000	92024.929688	1620.999878	94510.453125
2007	08	218.603317	135.310074	129.875305	-88.728027	0.000033	0.000033	46.582050	47.158573	47.912895	587105.187500	92024.515625	1625.362793	94513.414062
2007	08	193.419601	115.720795	123.626091	-69.793510	0.000026	0.000026	45.927292	44.441254	35.099731	519468.968750	92024.093750	1629.369751	94516.031250
2007	08	152.766296	84.798889	113.223495	-39.542789	0.000015	0.000015	45.256096	23.399340	22.621950	410286.000000	92023.695312	1632.276733	94517.562500
2007	08	177.165253	105.403908	116.401588	-60.763668	0.000023	0.000023	44.640244	43.579430	29.464066	475814.531250	92023.304688	1635.316284	94519.234375
2007	08	212.235352	124.760773	134.711639	-77.523705	0.000029	0.000029	47.237068	35.061501	44.004829	570002.625000	92022.882812	1639.137329	94521.656250
2007	08	196.578384	104.528816	141.834793	-54.743587	0.000020	0.000020	49.785225	8.061422	44.250332	527952.562500	92022.429688	1642.887207	94523.929688
2007	08	199.408142	116.899078	129.631378	-69.776779	0.000026	0.000026	47.122299	28.332792	40.245445	535552.500000	92021.976562	1646.449097	94526.015625
2007	08	161.715958	87.513275	120.570679	-41.145283	0.000015	0.000015	46.367989	34.249813	31.756519	434322.218750	92021.539062	1649.611816	94527.765625
2007	08	156.744125	86.466385	115.052246	-41.691872	0.000016	0.000016	44.774509	52.292145	28.123110	420969.281250	92021.125000	1652.388672	94529.164062
2007	08	167.829269	95.534760	116.481552	-51.347713	0.000019	0.000019	44.187046	54.374718	28.980694	450740.718750	92020.703125	1655.261841	94530.695312
2007	08	190.472382	105.997818	130.122131	-60.350266	0.000023	0.000023	45.647545	26.633041	41.247021	511553.625000	92020.265625	1658.511597	94532.585938
2007	08	193.890106	100.940819	140.099411	-53.790691	0.000020	0.000020	47.150124	21.314617	47.061199	520732.625000	92019.804688	1661.755371	94534.421875
2007	08	203.463257	103.586960	148.373413	-55.089844	0.000021	0.000021	48.497124	-1.113666	55.384571	546443.312500	92019.320312	1665.119995	94536.335938
2007	08	189.831070	88.010674	150.726196	-39.104881	0.000015	0.000015	48.905788	4.389468	49.654476	509831.250000	92018.828125	1668.063965	94537.796875
2007	08	159.388733	67.413788	141.689682	-17.699043	0.000007	0.000007	49.714745	6.211346	45.754410	428071.937500	92018.335938	1670.924927	94539.164062
2007	08	106.331596	41.139172	113.710159	7.378565	-0.000003	-0.000003	48.517738	-29.249512	34.991310	285575.843750	92017.937500	1672.178223	94538.914062
2007	08	128.891846	63.598778	110.919998	-17.971848	0.000007	0.000007	45.626934	41.098122	29.557289	346166.156250	92017.515625	1674.139893	94539.453125
2007	08	140.207840	67.609406	118.683617	-21.524223	0.000008	0.000008	46.085182	38.279449	27.556322	376557.593750	92017.085938	1676.232666	94540.164062
2007	08	140.274185	68.316460	117.216751	-23.057428	0.000009	0.000009	45.259033	17.079575	19.720348	376735.781250	92016.648438	1678.330322	94540.882812
2007	08	156.965515	79.546326	122.990845	-33.974667	0.000013	0.000013	45.571659	27.889589	31.578897	421563.875000	92016.195312	1680.812134	94541.984375
2007	08	144.169586	68.566406	121.243538	-22.926056	0.000009	0.000009	45.640354	27.005688	29.808661	387197.750000	92015.734375	1683.259155	94543.054688
2007	08	93.366615	33.350006	103.616898	10.250275	-0.000004	-0.000004	43.600281	6.535432	11.413295	250755.687500	92015.343750	1684.520020	94542.968750
2007	08	109.029152	39.727951	114.127670	5.098517	-0.000002	-0.000002	44.826469	-1.948032	23.466055	292820.687500	92014.945312	1685.841431	94542.968750
2007	08	108.902863	43.260639	109.742821	0.839960	-0.000000	-0.000000	44.100597	15.293188	23.703217	292481.531250	92014.539062	1687.153809	94542.929688
2007	08	115.134666	50.808075	107.546844	-7.587824	0.000003	0.000003	43.220253	29.069897	21.353527	309218.343750	92014.117188	1688.802246	94543.257812
2007	08	108.948196	42.002964	110.768730	1.820525	-0.000001	-0.000001	43.823486	25.173586	22.078125	292603.281250	92013.695312	1690.293213	94543.445312
2007	08	77.121613	20.398352	99.453651	22.332045	-0.000008	-0.000008	42.730392	3.964075	7.304422	207126.281250	92013.328125	1691.015869	94542.859375
2007	08	104.464943	39.127983	108.319916	3.854969	-0.000001	-0.000001	42.982952	7.002699	13.546791	280562.562500	92012.929688	1692.075928	94542.632812
2007	08	119.357040	46.223511	117.536087	-1.820949	0.000001	0.000001	44.402561	6.475564	26.498802	320558.406250	92012.500000	1693.585327	94542.828125
2007	09	93.631599	27.125044	109.755615	16.124025	-0.000006	-0.000006	43.249069	-3.413710	18.706352	259849.578125	92012.070312	1694.785400	94542.687500
2007	09	78.249542	20.531033	99.568810	21.319258	-0.000008	-0.000008	41.850292	-14.901590	0.035607	217160.781250	92011.687500	1695.356934	94541.921875
2007	09	94.172447	32.523914	103.571503	9.399057	-0.000004	-0.000004	41.922974	2.134984	14.676819	261350.546875	92011.273438	1696.395752	94541.664062
2007	09	63.378868	13.989106	90.674095	27.295237	-0.000011	-0.000011	41.284340	-12.865550	13.434713	175891.156250	92010.898438	1696.993896	94540.960938
2007	09	65.881607	15.294698	91.274078	25.392471	-0.000010	-0.000010	40.687172	6.022451	10.942273	182836.859375	92010.531250	1697.550415	94540.250000
2007	09	42.505749	1.456158	79.813988	37.308243	-0.000014	-0.000014	38.764400	-2.886869	8.843883	117963.390625	92010.195312	1697.619629	94539.078125
2007	09	55.883850	9.609202	85.404541	29.520689	-0.000011	-0.000011	39.129890	2.485548	10.044466	155090.750000	92009.859375	1697.823120	94538.093750
2007	09	49.122593	3.420930	86.112511	36.989914	-0.000014	-0.000014	40.410839	-27.707331	25.561384	136326.687500	92009.523438	1698.033325	94537.062500
2007	09	38.669331	-3.161357	81.698257	43.028923	-0.000017	-0.000017	39.867565	-12.116691	25.409016	107316.437500	92009.187500	1697.937256	94535.726562
2007	09	41.942688	2.188189	78.080551	36.137859	-0.000014	-0.000014	38.326046	10.451738	6.912806	116400.773438	92008.851562	1697.953979	94534.515625
2007	09	44.021420	3.080367	78.723885	34.702461	-0.000013	-0.000013	37.782833	-3.754796	5.966630	122169.734375	92008.515625	1698.031616	94533.421875
2007	09	46.327953	3.762746	80.752014	34.424057	-0.000013	-0.000013	38.186802	-2.381119	10.692114	128570.906250	92008.179688	1698.092773	94532.320312
2007	09	47.061981	3.966086	81.405083	34.343109	-0.000013	-0.000013	38.309193	-8.445495	10.893785	130608.000000	92007.843750	1698.216187	94531.257812
2007	09	37.252651	-3.182808	78.544731	41.292076	-0.000016	-0.000016	38.109272	-9.436221	7.163493	103384.828125	92007.500000	1698.110107	94529.976562
2007	09	44.546577	4.199019	77.669029	33.122456	-0.000013	-0.000013	37.321476	1.927963	2.377935	123627.164062	92007.156250	1698.196045	94528.882812
2007	09	35.557274	-1.411594	72.679359	37.122089	-0.000014	-0.000014	35.710495	-4.186846	5.610203	98679.742188	92006.812500	1698.140015	94527.703125
2007	09	31.265963	-3.993451	69.944214	38.678257	-0.000015	-0.000015	34.684807	-2.544051	4.682925	86770.359375	92006.476562	1697.969727	94526.460938
2007	09	25.666849	-7.848714	67.603264	41.936413	-0.000016	-0.000016	34.087704	0.064816	3.953114	71231.507812	92006.140625	1697.739624	94525.179688
2007	09	28.490145	-4.551404	66.486328	37.996181	-0.000015	-0.000015	33.444775	2.273588	2.917918	79066.820312	92005.804688	1697.458984	94523.867188
2007	09	28.094299	-5.898503	67.518448	39.424145	-0.000015	-0.000015	33.525642	-11.522918	-0.770766	77968.250000	92005.476562	1697.242676	94522.632812
2007	09	26.785973	-7.010151	68.189484	41.403507	-0.000016	-0.000016	34.393356	-4.433365	5.793443	74337.343750	92005.140625	1696.968994	94521.320312
2007	09	21.830032	-10.437036	66.921814	45.091782	-0.000017	-0.000017	34.654743	-1.594501	1.733292	60583.445312	92004.804688	1696.643066	94519.937500
2007	09	20.414623	-12.237274	68.119186	47.704559	-0.000018	-0.000018	35.467285	-14.397914	-0.157356	56655.355469	92004.468750	1696.192261	94518.414062
2007	09	20.670801	-12.440784	69.208336	48.537537	-0.000019	-0.000019	36.096752	-22.029291	4.942505	57366.308594	92004.125000	1695.763794	94516.882812
2007	09	20.100084	-12.961535	69.439430	49.339348	-0.000019	-0.000019	36.377811	-13.822702	6.972139	55782.433594	92003.773438	1695.317871	94515.328125
2007	09	18.303888	-12.993127	67.218338	48.914452	-0.000019	-0.000019	35.921326	-9.522326	3.278424	50797.570312	92003.421875	1694.858521	94513.750000
2007	09	18.233519	-10.766474	62.831913	44.598392	-0.000017	-0.000017	33.831917	-2.341898	2.064827	50602.277344	92003.070312	1694.422607	94512.234375
2007	09	16.356470	-11.617900	60.453671	44.097198	-0.000017	-0.000017	32.479301	-7.097271	-0.599546	45393.027344	92002.718750	1694.000244	94510.804688
2007	09	14.365556	-13.087049	58.807613	44.442055	-0.000017	-0.000017	31.355007	-6.511060	0.600500	39867.777344	92002.375000	1693.518433	94509.351562
2007	09	11.340767	-13.795059	54.216438	42.875671	-0.000017	-0.000017	29.080614	-4.755429	0.930255	31473.279297	92002.039062	1693.013184	94507.929688
2007	10	8.303720	-16.683784	51.950951	43.647228	-0.000016	-0.000016	26.963444	-0.774971	2.409048	22301.388672	92001.710938	1692.470337	94506.570312
2007	10	0.000000	-21.968246	46.589764	46.589764	-0.000017	-0.000017	24.621517	-0.615403	1.319927	0.000000	92001.390625	1691.487915	94505.132812
2007	10	3.204946	-19.244501	44.318424	41.113480	-0.000015	-0.000015	21.868979	0.209708	1.586738	8607.555664	92001.093750	1689.192749	94503.835938
2007	10	2.521153	-18.817533	42.687653	40.166500	-0.000015	-0.000015	21.348963	0.012433	2.129599	6771.085449	92000.835938	1685.316162	94502.562500
2007	10	1.174202	-19.762182	41.068817	39.894619	-0.000015	-0.000015	20.132435	-8.958349	-0.882161	3153.565918	92000.609375	1679.875000	94501.320312
2007	10	1.338761	-20.107151	39.906635	38.567871	-0.000014	-0.000014	18.460722	-3.896791	0.757429	3595.523926	92000.414062	1672.855469	94500.117188
2007	10	1.128702	-20.664934	39.454208	38.325504	-0.000014	-0.000014	17.660572	-7.242757	-2.096587	3031.367188	92000.250000	1664.237427	94498.929688
2007	10	1.186447	-18.887560	37.096786	35.910339	-0.000013	-0.000013	17.022778	-8.744307	-2.021717	3186.452393	92000.125000	1654.041138	94497.742188
2007	10	1.021973	-19.950455	36.579277	35.557301	-0.000013	-0.000013	15.606849	-3.313872	-1.039104	2744.722900	92000.015625	1642.302124	94496.625000
2007	10	0.913722	-19.910864	36.030766	35.117043	-0.000013	-0.000013	15.206178	-2.075392	0.154659	2453.991211	91999.937500	1628.948120	94495.476562
2007	10	0.712458	-22.984619	38.002354	37.289898	-0.000014	-0.000014	14.305278	-9.823449	-3.846489	1913.456543	91999.882812	1613.985718	94494.304688
2007	10	0.368757	-25.823641	40.446659	40.077904	-0.000015	-0.000015	14.254260	-13.217511	-6.151040	990.373291	91999.843750	1597.333008	94493.023438
2007	10	0.066809	-20.853653	35.258366	35.191559	-0.000013	-0.000013	14.337905	-14.532755	-4.523593	179.430908	91999.843750	1579.119629	94491.734375
2007	10	0.035133	-19.609386	33.201164	33.166031	-0.000012	-0.000012	13.556645	-7.360144	-2.071472	94.356003	91999.859375	1559.493042	94490.601562
2007	10	0.021790	-22.966846	35.796421	35.774632	-0.000013	-0.000013	12.807785	-7.590502	-2.982067	58.521706	91999.890625	1538.267700	94489.429688
2007	10	0.019016	-28.500971	41.411621	41.392605	-0.000015	-0.000015	12.891634	-11.396030	-5.026436	51.071053	91999.929688	1515.287842	94488.039062
2007	10	0.000000	-29.919384	42.782761	42.782761	-0.000016	-0.000016	12.863377	-8.541107	-3.548636	0.000000	92000.007812	1503.158569	94486.523438
2007	10	0.000000	-24.279343	36.580105	36.580105	-0.000014	-0.000014	12.300765	-16.908255	-4.597448	0.000000	92000.078125	1502.051880	94485.093750
2007	10	0.000000	-21.020952	32.439789	32.439789	-0.000012	-0.000012	11.418837	-13.116271	-3.100657	0.000000	92000.140625	1501.126709	94483.867188
2007	10	0.000000	-23.633900	34.154987	34.154987	-0.000013	-0.000013	10.521088	-6.731311	-2.304010	0.000000	92000.195312	1500.206177	94482.671875
2007	10	0.000000	-19.801819	29.764280	29.764280	-0.000011	-0.000011	9.962461	-9.322122	-2.256130	0.000000	92000.242188	1499.286011	94481.507812
2007	10	0.000000	-16.709612	26.075745	26.075745	-0.000010	-0.000010	9.366133	-8.410123	-1.697428	0.000000	92000.289062	1498.485474	94480.476562
2007	10	0.000000	-14.132353	22.741226	22.741226	-0.000008	-0.000008	8.608872	-3.085029	-0.374580	0.000000	92000.335938	1497.803589	94479.585938
2007	10	0.000000	-21.034382	28.851753	28.851753	-0.000011	-0.000011	7.817371	-14.246206	-4.436234	0.000000	92000.367188	1497.056396	94478.656250
2007	10	0.000000	-21.714199	29.308165	29.308165	-0.000011	-0.000011	7.593967	-7.908243	-2.847266	0.000000	92000.390625	1496.150269	94477.585938
2007	10	0.000000	-19.463888	26.950867	26.950867	-0.000010	-0.000010	7.486979	-9.607810	-2.915187	0.000000	92000.421875	1495.302368	94476.578125
2007	10	0.000000	-14.657784	21.962027	21.962027	-0.000008	-0.000008	7.304244	-11.652408	-1.968554	0.000000	92000.445312	1494.570679	94475.687500
2007	10	0.000000	-16.684166	23.721539	23.721539	-0.000009	-0.000009	7.037371	-7.175533	-1.625450	0.000000	92000.476562	1493.895020	94474.867188
2007	10	0.000000	-16.494242	23.381861	23.381861	-0.000009	-0.000009	6.887621	-4.046582	-0.939247	0.000000	92000.507812	1493.163208	94473.992188
2007	10	0.000000	-13.026263	19.660332	19.660332	-0.000007	-0.000007	6.634067	-9.230166	-1.275656	0.000000	92000.539062	1492.528320	94473.218750
2007	10	0.000000	-15.106257	21.404379	21.404379	-0.000008	-0.000008	6.298123	-7.037511	-1.533797	0.000000	92000.570312	1491.883423	94472.445312
2007	11	0.000000	-13.048962	18.859911	18.859911	-0.000007	-0.000007	5.810948	-6.308244	-1.192815	0.000000	92000.601562	1491.259766	94471.710938
2007	11	0.000000	-10.851946	16.143799	16.143799	-0.000006	-0.000006	5.291854	-3.663043	-0.473610	0.000000	92000.625000	1490.699097	94471.046875
2007	11	0.000000	-11.188107	15.867201	15.867201	-0.000006	-0.000006	4.679093	3.500473	-0.235254	0.000000	92000.648438	1490.163086	94470.421875
2007	11	0.000000	-13.026075	17.117218	17.117218	-0.000007	-0.000007	4.091143	-3.617581	-2.141279	0.000000	92000.664062	1489.629028	94469.828125
2007	11	0.000000	-16.101599	20.010788	20.010788	-0.000008	-0.000008	3.909188	-12.543392	-5.461384	0.000000	92000.679688	1488.956543	94469.101562
2007	11	0.000000	-13.285347	17.116175	17.116175	-0.000007	-0.000007	3.830828	-8.486937	-2.189048	0.000000	92000.695312	1488.309326	94468.406250
2007	11	0.000000	-10.947667	14.709609	14.709609	-0.000006	-0.000006	3.761942	-7.248627	-1.138223	0.000000	92000.710938	1487.755249	94467.812500
2007	11	0.000000	-11.619311	15.272806	15.272806	-0.000006	-0.000006	3.653495	-7.073832	-1.154817	0.000000	92000.726562	1487.232666	94467.242188
2007	11	0.000000	-13.971184	17.530048	17.530048	-0.000007	-0.000007	3.558866	-10.688205	-3.064954	0.000000	92000.750000	1486.666626	94466.640625
2007	11	0.000000	-14.194655	17.725674	17.725674	-0.000007	-0.000007	3.531017	-7.286371	-2.356158	0.000000	92000.773438	1486.036499	94465.976562
2007	11	0.000000	-13.335060	16.880770	16.880770	-0.000007	-0.000007	3.545709	-8.043887	-2.394926	0.000000	92000.789062	1485.447388	94465.343750
2007	11	0.000000	-14.564382	18.122971	18.122971	-0.000007	-0.000007	3.558589	-18.155571	-5.596965	0.000000	92000.812500	1484.828857	94464.695312
2007	11	0.000000	-13.953722	17.511730	17.511730	-0.000007	-0.000007	3.558008	-18.279869	-8.513681	0.000000	92000.835938	1484.201172	94464.023438
2007	11	0.000000	-11.581437	15.133527	15.133527	-0.000006	-0.000006	3.552091	-10.776896	-4.989743	0.000000	92000.859375	1483.649292	94463.437500
2007	11	0.000000	-10.744535	14.299625	14.299625	-0.000006	-0.000006	3.555090	-6.381875	-1.632672	0.000000	92000.875000	1483.146851	94462.898438
2007	11	0.000000	-8.557513	12.106800	12.106800	-0.000005	-0.000005	3.549286	-5.226063	-0.912952	0.000000	92000.898438	1482.676392	94462.390625
2007	11	0.000000	-7.623749	11.151132	11.151132	-0.000004	-0.000004	3.527382	-7.322516	-1.022792	0.000000	92000.921875	1482.300537	94461.976562
2007	11	0.000000	-13.773073	17.265612	17.265612	-0.000007	-0.000007	3.492539	-14.886929	-4.783461	0.000000	92000.937500	1481.807373	94461.445312
2007	11	0.000000	-13.048842	16.525318	16.525318	-0.000006	-0.000006	3.476477	-5.551465	-1.888971	0.000000	92000.960938	1481.212280	94460.820312
2007	11	0.000000	-10.448110	13.915452	13.915452	-0.000005	-0.000005	3.467343	-12.077580	-2.840930	0.000000	92000.976562	1480.686401	94460.257812
2007	11	0.000000	-8.809616	12.259774	12.259774	-0.000005	-0.000005	3.450159	-3.768620	-0.904776	0.000000	92001.000000	1480.247314	94459.781250
2007	11	0.000000	-6.902587	10.320961	10.320961	-0.000004	-0.000004	3.418373	-1.250197	-0.571192	0.000000	92001.015625	1479.869385	94459.375000
2007	11	0.000000	-6.969499	10.340793	10.340793	-0.000004	-0.000004	3.371295	-0.521496	-0.603143	0.000000	92001.031250	1479.522095	94458.992188
2007	11	0.000000	-8.342559	11.660859	11.660859	-0.000004	-0.000004	3.318300	-7.930675	-1.446958	0.000000	92001.054688	1479.151611	94458.593750
2007	11	0.000000	-12.111600	15.381966	15.381966	-0.000006	-0.000006	3.270366	-11.626749	-3.401140	0.000000	92001.070312	1478.682007	94458.093750
2007	11	0.000000	-11.846366	15.085771	15.085771	-0.000006	-0.000006	3.239404	-8.929973	-2.847156	0.000000	92001.085938	1478.149414	94457.531250
2007	11	0.000000	-8.395775	11.620115	11.620115	-0.000004	-0.000004	3.224340	-6.645815	-1.163771	0.000000	92001.109375	1477.688477	94457.046875
2007	11	0.000000	-6.726243	9.923773	9.923773	-0.000004	-0.000004	3.197530	-1.285513	-0.316214	0.000000	92001.125000	1477.338989	94456.671875
2007	11	0.000000	-8.845030	11.990722	11.990722	-0.000005	-0.000005	3.145693	-9.463843	-1.759954	0.000000	92001.140625	1476.960449	94456.265625
2007	11	0.000000	-11.354087	14.445926	14.445926	-0.000006	-0.000006	3.091839	-18.427849	-5.084598	0.000000	92001.164062	1476.522949	94455.804688
2007	12	0.000000	-14.840195	17.997726	17.997726	-0.000007	-0.000007	3.157531	-13.195133	-6.650249	0.000000	92001.179688	1475.964722	94455.226562
2007	12	0.000000	-11.852048	15.002657	15.002657	-0.000006	-0.000006	3.150609	-4.920352	-6.197895	0.000000	92001.195312	1475.420410	94454.664062
2007	12	0.000000	-10.714260	13.862309	13.862309	-0.000005	-0.000005	3.148050	-0.304588	-4.867563	0.000000	92001.218750	1474.940552	94454.164062
2007	12	0.000000	-6.814664	9.959661	9.959661	-0.000004	-0.000004	3.144997	-1.268032	-1.578760	0.000000	92001.234375	1474.542969	94453.742188
2007	12	0.000000	-8.291972	11.428288	11.428288	-0.000004	-0.000004	3.136316	-4.774673	-2.196098	0.000000	92001.250000	1474.223267	94453.406250
2007	12	0.000000	-10.444016	13.563891	13.563891	-0.000005	-0.000005	3.119875	-10.796311	-4.725572	0.000000	92001.273438	1473.785034	94452.945312
2007	12	0.000000	-8.999125	12.101347	12.101347	-0.000005	-0.000005	3.102223	-5.949911	-3.542353	0.000000	92001.289062	1473.368530	94452.507812
2007	12	0.000000	-7.373631	10.457561	10.457561	-0.000004	-0.000004	3.083929	-0.493168	-1.511834	0.000000	92001.304688	1472.999756	94452.125000
2007	12	0.000000	-6.773458	9.832952	9.832952	-0.000004	-0.000004	3.059495	6.006900	-0.937030	0.000000	92001.320312	1472.668579	94451.773438
2007	12	0.000000	-6.109104	9.133001	9.133001	-0.000003	-0.000003	3.023898	7.652953	-0.713544	0.000000	92001.335938	1472.355469	94451.445312
2007	12	0.000000	-6.715202	9.694704	9.694704	-0.000004	-0.000004	2.979502	2.601319	-1.008313	0.000000	92001.351562	1472.051514	94451.125000
2007	12	0.000000	-7.706553	10.636485	10.636485	-0.000004	-0.000004	2.929932	-6.664736	-2.314642	0.000000	92001.375000	1471.700684	94450.757812
2007	12	0.000000	-6.982084	9.868823	9.868823	-0.000004	-0.000004	2.886739	-7.290504	-1.896053	0.000000	92001.390625	1471.379517	94450.421875
2007	12	0.000000	-5.788897	8.636688	8.636688	-0.000003	-0.000003	2.847791	4.797749	-1.366957	0.000000	92001.406250	1471.052612	94450.085938
2007	12	0.000000	-4.370006	7.177839	7.177839	-0.000003	-0.000003	2.807834	4.707608	-0.433130	0.000000	92001.421875	1470.792969	94449.812500
2007	12	0.000000	-4.368029	7.104841	7.104841	-0.000003	-0.000003	2.736813	3.220217	-0.870641	0.000000	92001.437500	1470.554443	94449.562500
2007	12	0.000000	-2.939490	5.575738	5.575738	-0.000002	-0.000002	2.636248	14.626017	-0.295161	0.000000	92001.453125	1470.333984	94449.335938
2007	12	0.000000	-3.645247	6.155077	6.155077	-0.000002	-0.000002	2.509830	14.730793	-0.049847	0.000000	92001.468750	1470.139282	94449.140625
2007	12	0.000000	-5.938304	8.307383	8.307383	-0.000003	-0.000003	2.369079	-2.674072	-0.618715	0.000000	92001.484375	1469.880981	94448.882812
2007	12	0.000000	-6.663921	8.927183	8.927183	-0.000003	-0.000003	2.263263	2.620619	-1.174117	0.000000	92001.500000	1469.573364	94448.585938
2007	12	0.000000	-5.814674	8.013142	8.013142	-0.000003	-0.000003	2.198467	9.213046	-0.890718	0.000000	92001.507812	1469.274292	94448.296875
2007	12	0.000000	-4.552743	6.708666	6.708666	-0.000003	-0.000003	2.155923	10.411669	-0.449742	0.000000	92001.523438	1469.008057	94448.039062
2007	12	0.000000	-4.602372	6.712790	6.712790	-0.000003	-0.000003	2.110419	5.307455	-0.199482	0.000000	92001.539062	1468.771606	94447.812500
2007	12	0.000000	-4.208570	6.230524	6.230524	-0.000002	-0.000002	2.021953	15.180989	-0.337757	0.000000	92001.554688	1468.528687	94447.585938
2007	12	0.000000	-4.386885	6.288564	6.288564	-0.000002	-0.000002	1.901679	6.506935	-0.823141	0.000000	92001.570312	1468.294678	94447.367188
2007	12	0.000000	-3.835615	5.602905	5.602905	-0.000002	-0.000002	1.767290	14.361582	-0.410057	0.000000	92001.578125	1468.070557	94447.164062
2007	12	0.000000	-4.052130	5.674777	5.674777	-0.000002	-0.000002	1.622647	10.584684	-0.400141	0.000000	92001.585938	1467.845337	94446.960938
2007	12	0.000000	-3.279215	4.764480	4.764480	-0.000002	-0.000002	1.485264	12.363338	-0.417178	0.000000	92001.593750	1467.630493	94446.781250
2007	12	0.000000	-3.749269	5.073635	5.073635	-0.000002	-0.000002	1.324366	10.173662	-0.325330	0.000000	92001.601562	1467.434814	94446.617188
2007	12	0.000000	-4.004387	5.162203	5.162203	-0.000002	-0.000002	1.157816	1.710439	-0.752373	0.000000	92001.609375	1467.205688	94446.429688
2007	12	0.000000	-3.845485	4.872522	4.872522	-0.000002	-0.000002	1.027037	2.643416	-0.643004	0.000000	92001.609375	1466.992065	94446.265625
2008	01	0.000000	-3.793995	4.688125	4.688125	-0.000002	-0.000002	0.894129	0.625466	-0.564034	0.000000	92001.609375	1466.771362	94446.093750
2008	01	0.000000	-3.642037	4.408035	4.408035	-0.000002	-0.000002	0.765997	2.980229	-0.422699	0.000000	92001.609375	1466.563965	94445.937500
2008	01	0.000000	-3.105418	3.733773	3.733773	-0.000001	-0.000001	0.628355	12.543538	-0.104916	0.000000	92001.609375	1466.361084	94445.789062
2008	01	0.000000	-3.676071	4.165483	4.165483	-0.000002	-0.000002	0.489412	1.274973	-0.335800	0.000000	92001.609375	1466.162354	94445.656250
2008	01	0.000000	-3.888657	4.285968	4.285968	-0.000002	-0.000002	0.397311	1.120580	-0.579791	0.000000	92001.601562	1465.947876	94445.507812
2008	01	0.000000	-3.552523	3.888645	3.888645	-0.000001	-0.000001	0.336122	11.055613	-0.357493	0.000000	92001.593750	1465.738892	94445.367188
2008	01	0.000000	-3.858419	4.138000	4.138000	-0.000002	-0.000002	0.279581	7.030827	-0.247748	0.000000	92001.593750	1465.530396	94445.226562
2008	01	0.000000	-5.193295	5.420328	5.420328	-0.000002	-0.000002	0.227032	-0.376208	-0.739155	0.000000	92001.593750	1465.295898	94445.070312
2008	01	0.000000	-5.540297	5.731183	5.731183	-0.000002	-0.000002	0.190886	-11.369304	-1.466383	0.000000	92001.585938	1465.026855	94444.875000
2008	01	0.000000	-4.422124	4.589871	4.589871	-0.000002	-0.000002	0.167746	9.281392	-0.247606	0.000000	92001.585938	1464.782471	94444.703125
2008	01	0.000000	-4.699147	4.842026	4.842026	-0.000002	-0.000002	0.142878	0.756037	-0.488854	0.000000	92001.578125	1464.547363	94444.539062
2008	01	0.000000	-6.037750	6.163723	6.163723	-0.000002	-0.000002	0.125973	-4.322294	-1.697752	0.000000	92001.578125	1464.279785	94444.351562
2008	01	0.000000	-4.029904	4.142036	4.142036	-0.000002	-0.000002	0.112132	-7.416379	-1.161187	0.000000	92001.578125	1464.029175	94444.179688
2008	01	0.000000	-4.486180	4.585340	4.585340	-0.000002	-0.000002	0.099159	3.662599	-1.380691	0.000000	92001.570312	1463.808960	94444.031250
2008	01	0.000000	-4.149161	4.231834	4.231834	-0.000002	-0.000002	0.082673	-3.899739	-1.053157	0.000000	92001.570312	1463.577026	94443.875000
2008	01	0.000000	-4.500897	4.567815	4.567815	-0.000002	-0.000002	0.066917	1.915598	-1.877306	0.000000	92001.570312	1463.354736	94443.734375
2008	01	0.000000	-5.197121	5.249123	5.249123	-0.000002	-0.000002	0.052002	-6.274994	-2.323067	0.000000	92001.570312	1463.111450	94443.570312
2008	01	0.000000	-5.755082	5.796879	5.796879	-0.000002	-0.000002	0.041797	-7.409997	-2.463068	0.000000	92001.570312	1462.846924	94443.382812
2008	01	0.000000	-4.503186	4.540726	4.540726	-0.000002	-0.000002	0.037540	-5.306259	-1.559997	0.000000	92001.562500	1462.593384	94443.210938
2008	01	0.000000	-4.025515	4.060557	4.060557	-0.000002	-0.000002	0.035042	-5.691700	-0.894722	0.000000	92001.562500	1462.371826	94443.062500
2008	01	0.000000	-3.143944	3.177094	3.177094	-0.000001	-0.000001	0.033150	5.361408	-0.736250	0.000000	92001.562500	1462.162720	94442.937500
2008	01	0.000000	-2.763827	2.794868	2.794868	-0.000001	-0.000001	0.031042	6.220348	-0.391906	0.000000	92001.562500	1461.989624	94442.843750
2008	01	0.000000	-3.230727	3.259063	3.259063	-0.000001	-0.000001	0.028337	9.527085	-0.451594	0.000000	92001.562500	1461.806152	94442.734375
2008	01	0.000000	-3.901349	3.926276	3.926276	-0.000001	-0.000001	0.024927	1.001634	-1.181439	0.000000	92001.562500	1461.603882	94442.617188
2008	01	0.000000	-3.880548	3.901777	3.901777	-0.000001	-0.000001	0.021229	-5.265516	-1.013838	0.000000	92001.562500	1461.391846	94442.484375
2008	01	0.000000	-3.547888	3.565469	3.565469	-0.000001	-0.000001	0.017581	-10.672013	-0.760214	0.000000	92001.562500	1461.186157	94442.351562
2008	01	0.000000	-2.846716	2.860664	2.860664	-0.000001	-0.000001	0.013948	1.392121	-0.342106	0.000000	92001.562500	1460.996582	94442.242188
2008	01	0.000000	-4.583615	4.593643	4.593643	-0.000002	-0.000002	0.010027	-3.985988	-1.603794	0.000000	92001.562500	1460.801025	94442.132812
2008	01	0.000000	-5.075235	5.080882	5.080882	-0.000002	-0.000002	0.005646	-8.635887	-1.415014	0.000000	92001.562500	1460.554321	94441.960938
2008	01	0.000000	-4.383311	4.386201	4.386201	-0.000002	-0.000002	0.002890	-3.093661	-1.186491	0.000000	92001.562500	1460.311401	94441.796875
2008	01	0.000000	-3.555121	3.557635	3.557635	-0.000001	-0.000001	0.002514	-1.538845	-0.820283	0.000000	92001.562500	1460.103760	94441.671875
2008	02	0.000000	-3.257357	3.259451	3.259451	-0.000001	-0.000001	0.002095	-4.730555	-0.499779	0.000000	92001.562500	1459.905884	94441.554688
2008	02	0.000000	-3.058765	3.060842	3.060842	-0.000001	-0.000001	0.002077	-0.898099	-0.595611	0.000000	92001.562500	1459.714355	94441.445312
2008	02	0.000000	-2.836736	2.838816	2.838816	-0.000001	-0.000001	0.002080	-1.192000	-0.689098	0.000000	92001.562500	1459.526001	94441.335938
2008	02	0.000000	-2.952287	2.954365	2.954365	-0.000001	-0.000001	0.002078	-4.686738	-0.550718	0.000000	92001.562500	1459.344482	94441.234375
2008	02	0.000000	-3.299007	3.301061	3.301061	-0.000001	-0.000001	0.002054	-3.330641	-0.875786	0.000000	92001.562500	1459.155396	94441.125000
2008	02	0.000000	-3.390195	3.392005	3.392005	-0.000001	-0.000001	0.001809	1.499496	-0.926903	0.000000	92001.562500	1458.953735	94441.000000
2008	02	0.000000	-3.505187	3.505543	3.505543	-0.000001	-0.000001	0.000355	4.125495	-0.918891	0.000000	92001.562500	1458.750732	94440.875000
2008	02	0.000000	-3.341266	3.341266	3.341266	-0.000001	-0.000001	0.000000	6.169181	-0.448315	0.000000	92001.562500	1458.549561	94440.757812
2008	02	0.000000	-3.297007	3.297007	3.297007	-0.000001	-0.000001	0.000000	2.277870	-0.324293	0.000000	92001.562500	1458.352173	94440.640625
2008	02	0.000000	-4.261654	4.261654	4.261654	-0.000002	-0.000002	0.000000	-12.297172	-1.385563	0.000000	92001.562500	1458.138184	94440.507812
2008	02	0.000000	-3.497834	3.497834	3.497834	-0.000001	-0.000001	0.000000	-3.238435	-0.487617	0.000000	92001.562500	1457.920776	94440.367188
2008	02	0.000000	-4.131379	4.131379	4.131379	-0.000002	-0.000002	0.000000	1.990120	-0.515494	0.000000	92001.562500	1457.708130	94440.234375
2008	02	0.000000	-3.613945	3.613945	3.613945	-0.000001	-0.000001	0.000000	-2.270142	-1.249559	0.000000	92001.562500	1457.486450	94440.093750
2008	02	0.000000	-2.842844	2.842844	2.842844	-0.000001	-0.000001	0.000000	8.016998	-0.314029	0.000000	92001.562500	1457.297119	94439.984375
2008	02	0.000000	-3.014168	3.014168	3.014168	-0.000001	-0.000001	0.000000	1.606391	-0.687495	0.000000	92001.562500	1457.110352	94439.875000
2008	02	0.000000	-2.867505	2.867505	2.867505	-0.000001	-0.000001	0.000000	-1.960356	-0.759670	0.000000	92001.562500	1456.931274	94439.781250
2008	02	0.000000	-3.532487	3.532487	3.532487	-0.000001	-0.000001	0.000000	3.193179	-1.374176	0.000000	92001.562500	1456.737671	94439.664062
2008	02	0.000000	-2.837992	2.837992	2.837992	-0.000001	-0.000001	0.000000	-3.065337	-0.703723	0.000000	92001.562500	1456.544312	94439.546875
2008	02	0.000000	-3.490938	3.490938	3.490938	-0.000001	-0.000001	0.000000	0.579880	-0.808024	0.000000	92001.562500	1456.354614	94439.437500
2008	02	0.000000	-3.222456	3.222456	3.222456	-0.000001	-0.000001	0.000000	-2.111835	-0.533876	0.000000	92001.562500	1456.156738	94439.320312
2008	02	0.000000	-4.628009	4.628009	4.628009	-0.000002	-0.000002	0.000000	-5.531786	-1.567123	0.000000	92001.562500	1455.941406	94439.187500
2008	02	0.000000	-4.743597	4.743597	4.743597	-0.000002	-0.000002	0.000000	-7.775452	-3.440695	0.000000	92001.562500	1455.690796	94439.015625
2008	02	0.000000	-3.560002	3.560002	3.560002	-0.000001	-0.000001	0.000000	-2.202994	-1.614043	0.000000	92001.562500	1455.467041	94438.875000
2008	02	0.000000	-3.265874	3.265874	3.265874	-0.000001	-0.000001	0.000000	-0.928427	-0.862358	0.000000	92001.562500	1455.270264	94438.757812
2008	02	0.000000	-2.489262	2.489262	2.489262	-0.000001	-0.000001	0.000000	5.583841	-0.336710	0.000000	92001.562500	1455.087402	94438.648438
2008	02	0.000000	-3.514694	3.514694	3.514694	-0.000001	-0.000001	0.000000	-3.314003	-0.545994	0.000000	92001.562500	1454.909668	94438.554688
2008	02	0.000000	-5.008061	5.008061	5.008061	-0.000002	-0.000002	0.000000	-2.478528	-0.816601	0.000000	92001.562500	1454.677856	94438.398438
2008	02	0.000000	-4.137835	4.137835	4.137835	-0.000002	-0.000002	0.000000	-0.651758	-0.854369	0.000000	92001.562500	1454.433350	94438.234375
2008	03	0.000000	-4.668817	4.668817	4.668817	-0.000002	-0.000002	0.000000	-5.686415	-1.183958	0.000000	92001.562500	1454.200928	94438.085938
2008	03	0.000000	-5.159551	5.159551	5.159551	-0.000002	-0.000002	0.000000	-17.456528	-2.620044	0.000000	92001.562500	1453.971191	94437.937500
2008	03	0.000000	-5.338233	5.338233	5.338233	-0.000002	-0.000002	0.000000	-12.017090	-1.799466	0.000000	92001.562500	1453.722290	94437.765625
2008	03	0.000000	-4.981675	4.981675	4.981675	-0.000002	-0.000002	0.000000	-12.723463	-1.975232	0.000000	92001.562500	1453.466553	94437.585938
2008	03	0.000000	-5.503788	5.503788	5.503788	-0.000002	-0.000002	0.000000	-11.940989	-2.107866	0.000000	92001.562500	1453.219727	94437.421875
2008	03	0.000000	-5.680747	5.680747	5.680747	-0.000002	-0.000002	0.000000	-7.980031	-1.630749	0.000000	92001.562500	1452.961304	94437.242188
2008	03	0.000000	-4.861331	4.861331	4.861331	-0.000002	-0.000002	0.000000	-3.307790	-0.917735	0.000000	92001.562500	1452.704468	94437.062500
2008	03	0.000000	-4.252964	4.252964	4.252964	-0.000002	-0.000002	0.000000	-1.596619	-0.517651	0.000000	92001.562500	1452.478394	94436.921875
2008	03	0.000000	-5.216416	5.216416	5.216416	-0.000002	-0.000002	0.000000	-11.182817	-1.905044	0.000000	92001.562500	1452.253296	94436.773438
2008	03	0.000000	-4.520706	4.520706	4.520706	-0.000002	-0.000002	0.000000	-2.485039	-0.868927	0.000000	92001.562500	1452.004150	94436.601562
2008	03	0.000000	-3.776080	3.776080	3.776080	-0.000001	-0.000001	0.000000	1.265146	-0.387423	0.000000	92001.562500	1451.796753	94436.476562
2008	03	0.000000	-4.154593	4.154593	4.154593	-0.000002	-0.000002	0.000000	-1.575375	-0.538023	0.000000	92001.562500	1451.589111	94436.351562
2008	03	0.000000	-4.968762	4.968762	4.968762	-0.000002	-0.000002	0.000000	-7.707444	-1.906997	0.000000	92001.562500	1451.355103	94436.195312
2008	03	0.000000	-3.404827	3.404827	3.404827	-0.000001	-0.000001	0.000000	1.604868	-0.801111	0.000000	92001.562500	1451.140991	94436.062500
2008	03	0.000000	-3.887659	3.887659	3.887659	-0.000001	-0.000001	0.000000	1.716083	-0.691395	0.000000	92001.562500	1450.948242	94435.945312
2008	03	0.000000	-3.641302	3.641302	3.641302	-0.000001	-0.000001	0.000000	3.377223	-0.428945	0.000000	92001.562500	1450.746338	94435.820312
2008	03	0.000000	-4.735342	4.735342	4.735342	-0.000002	-0.000002	0.000000	-1.820446	-0.822399	0.000000	92001.562500	1450.529663	94435.687500
2008	03	0.000000	-3.402368	3.402368	3.402368	-0.000001	-0.000001	0.000000	-0.883478	-1.095324	0.000000	92001.562500	1450.314087	94435.546875
2008	03	0.000000	-4.784653	4.784653	4.784653	-0.000002	-0.000002	0.000000	-8.359009	-1.434434	0.000000	92001.562500	1450.108276	94435.421875
2008	03	0.000000	-5.120143	5.120143	5.120143	-0.000002	-0.000002	0.000000	-7.191937	-1.306046	0.000000	92001.562500	1449.866089	94435.257812
2008	03	0.000000	-4.218131	4.218131	4.218131	-0.000002	-0.000002	0.000000	2.099996	-0.924304	0.000000	92001.562500	1449.630493	94435.101562
2008	03	0.000000	-4.638676	4.638676	4.638676	-0.000002	-0.000002	0.000000	-8.736202	-1.237932	0.000000	92001.562500	1449.404053	94434.960938
2008	03	0.000000	-4.198392	4.198392	4.198392	-0.000002	-0.000002	0.000000	-4.488530	-1.218973	0.000000	92001.562500	1449.186279	94434.820312
2008	03	0.000000	-5.116800	5.116800	5.116800	-0.000002	-0.000002	0.000000	-7.498302	-1.608518	0.000000	92001.562500	1448.961060	94434.671875
2008	03	0.000000	-5.717316	5.717316	5.717316	-0.000002	-0.000002	0.000000	-16.820518	-3.452882	0.000000	92001.562500	1448.695435	94434.484375
2008	03	0.000000	-6.658452	6.658452	6.658452	-0.000002	-0.000002	0.000000	-15.377807	-5.496595	0.000000	92001.562500	1448.430786	94434.304688
2008	03	0.000000	-6.108076	6.108076	6.108076	-0.000002	-0.000002	0.000000	-23.207150	-5.788052	0.000000	92001.562500	1448.125488	94434.078125
2008	03	0.000000	-5.128651	5.128651	5.128651	-0.000002	-0.000002	0.000000	-7.698041	-1.896690	0.000000	92001.562500	1447.874268	94433.906250
2008	03	0.000000	-5.494901	5.494901	5.494901	-0.000002	-0.000002	0.000000	-15.446392	-3.285446	0.000000	92001.562500	1447.622070	94433.734375
2008	03	0.000000	-6.272890	6.272890	6.272890	-0.000002	-0.000002	0.000000	-11.309167	-4.526681	0.000000	92001.562500	1447.358032	94433.546875
2008	03	0.000000	-7.718322	7.718322	7.718322	-0.000003	-0.000003	0.000000	-19.621881	-8.820193	0.000000	92001.562500	1447.054321	94433.320312
2008	04	0.000000	-6.200425	6.200425	6.200425	-0.000002	-0.000002	0.000000	-23.148388	-5.447303	0.000000	92001.562500	1446.737061	94433.085938
2008	04	0.000000	-4.944108	4.944108	4.944108	-0.000002	-0.000002	0.000000	1.376322	-1.670163	0.000000	92001.562500	1446.475708	94432.898438
2008	04	0.000000	-5.362538	5.362538	5.362538	-0.000002	-0.000002	0.000000	2.787944	-0.949748	0.000000	92001.562500	1446.226440	94432.734375
2008	04	0.000000	-5.304286	5.304286	5.304286	-0.000002	-0.000002	0.000000	-7.245882	-3.005188	0.000000	92001.562500	1445.969971	94432.554688
2008	04	0.000000	-4.910866	4.910866	4.910866	-0.000002	-0.000002	0.000000	-0.269031	-1.890929	0.000000	92001.562500	1445.715454	94432.382812
2008	04	0.000000	-5.425489	5.425489	5.425489	-0.000002	-0.000002	0.000000	-0.408602	-2.758626	0.000000	92001.562500	1445.471069	94432.210938
2008	04	0.000000	-5.304750	5.304750	5.304750	-0.000002	-0.000002	0.000000	-9.366420	-4.615846	0.000000	92001.562500	1445.207153	94432.031250
2008	04	0.000000	-4.042043	4.042043	4.042043	-0.000002	-0.000002	0.000000	1.367972	-1.244450	0.000000	92001.562500	1444.974976	94431.875000
2008	04	0.000000	-4.920114	4.920114	4.920114	-0.000002	-0.000002	0.000000	-1.325162	-1.456179	0.000000	92001.562500	1444.744751	94431.726562
2008	04	0.000000	-5.075522	5.075522	5.075522	-0.000002	-0.000002	0.000000	3.810407	-0.432356	0.000000	92001.562500	1444.501343	94431.562500
2008	04	0.000000	-5.787651	5.787651	5.787651	-0.000002	-0.000002	0.000000	0.716868	-1.632121	0.000000	92001.562500	1444.238892	94431.375000
2008	04	0.000000	-4.264206	4.264206	4.264206	-0.000002	-0.000002	0.000000	10.000200	-0.240829	0.000000	92001.562500	1443.986938	94431.203125
2008	04	0.000000	-4.806477	4.806477	4.806477	-0.000002	-0.000002	0.000000	9.606065	0.151250	0.000000	92001.562500	1443.763062	94431.062500
2008	04	0.000000	-4.729940	4.729940	4.729940	-0.000002	-0.000002	0.000000	7.200387	-0.283781	0.000000	92001.562500	1443.521851	94430.898438
2008	04	0.000000	-3.848396	3.848396	3.848396	-0.000001	-0.000001	0.000000	12.281498	0.573219	0.000000	92001.562500	1443.299438	94430.757812
2008	04	0.000000	-5.142484	5.142484	5.142484	-0.000002	-0.000002	0.000000	1.062541	-1.281782	0.000000	92001.562500	1443.075439	94430.609375
2008	04	0.000000	-4.715871	4.715871	4.715871	-0.000002	-0.000002	0.000000	4.551670	-0.252854	0.000000	92001.562500	1442.824585	94430.437500
2008	04	0.000000	-4.377452	4.377452	4.377452	-0.000002	-0.000002	0.000000	6.342233	0.030909	0.000000	92001.562500	1442.594727	94430.289062
2008	04	0.000000	-4.267094	4.267094	4.267094	-0.000002	-0.000002	0.000000	5.498620	-0.195357	0.000000	92001.562500	1442.372437	94430.140625
2008	04	0.000000	-4.414008	4.414008	4.414008	-0.000002	-0.000002	0.000000	9.349479	-0.028196	0.000000	92001.562500	1442.149170	94430.000000
2008	04	0.000000	-4.967680	4.967680	4.967680	-0.000002	-0.000002	0.000000	12.215322	0.344776	0.000000	92001.562500	1441.916382	94429.843750
2008	04	0.000000	-4.417737	4.417737	4.417737	-0.000002	-0.000002	0.000000	12.083086	0.206237	0.000000	92001.562500	1441.680420	94429.687500
2008	04	0.000000	-5.261520	5.261520	5.261520	-0.000002	-0.000002	0.000000	5.874686	-0.610170	0.000000	92001.562500	1441.442139	94429.531250
2008	04	0.000000	-4.899121	4.899121	4.899121	-0.000002	-0.000002	0.000000	1.335145	0.001682	0.000000	92001.562500	1441.186401	94429.351562
2008	04	0.000000	-5.546940	5.546940	5.546940	-0.000002	-0.000002	0.000000	13.428589	-1.482663	0.000000	92001.562500	1440.938721	94429.187500
2008	04	0.000000	-5.742557	5.742557	5.742557	-0.000002	-0.000002	0.000000	8.565010	-0.884731	0.000000	92001.562500	1440.671753	94429.000000
2008	04	0.000000	-4.384270	4.384270	4.384270	-0.000002	-0.000002	0.000000	15.082434	1.045849	0.000000	92001.562500	1440.419189	94428.820312
2008	04	0.000000	-5.531226	5.531226	5.531226	-0.000002	-0.000002	0.000000	8.058408	1.421070	0.000000	92001.562500	1440.178101	94428.664062
2008	04	0.000000	-6.754220	6.754220	6.754220	-0.000003	-0.000003	0.000000	9.076097	1.914622	0.000000	92001.562500	1439.895264	94428.453125
2008	04	0.000000	-6.605939	6.605939	6.605939	-0.000003	-0.000003	0.000000	5.729963	-0.433064	0.000000	92001.562500	1439.592163	94428.234375
2008	05	0.000000	-6.487991	6.487991	6.487991	-0.000002	-0.000002	0.000000	-1.401311	-3.085049	0.000000	92001.562500	1439.305054	94428.023438
2008	05	0.000000	-11.196450	11.196450	11.196450	-0.000004	-0.000004	0.000000	-8.352024	-3.929586	0.000000	92001.562500	1438.935669	94427.734375
2008	05	0.000000	-10.178453	10.178453	10.178453	-0.000004	-0.000004	0.000000	-4.188472	-2.344627	0.000000	92001.562500	1438.513062	94427.390625
2008	05	0.000000	-10.469333	10.469333	10.469333	-0.000004	-0.000004	0.000000	-5.763006	-3.184487	0.000000	92001.562500	1438.098511	94427.054688
2008	05	0.000000	-9.481831	9.481831	9.481831	-0.000004	-0.000004	0.000000	-2.944590	-1.737210	0.000000	92001.562500	1437.701050	94426.734375
2008	05	0.000000	-9.216994	9.216994	9.216994	-0.000003	-0.000003	0.000000	-2.810446	-1.309674	0.000000	92001.562500	1437.320557	94426.437500
2008	05	0.000000	-9.393803	9.393803	9.393803	-0.000004	-0.000004	0.000000	-3.254301	-0.792017	0.000000	92001.562500	1436.943970	94426.132812
2008	05	0.000000	-8.695818	8.695818	8.695818	-0.000003	-0.000003	0.000000	1.163490	1.228477	0.000000	92001.562500	1436.572266	94425.843750
2008	05	0.000000	-9.099387	9.099387	9.099387	-0.000003	-0.000003	0.000000	-9.405815	-0.133744	0.000000	92001.562500	1436.208252	94425.554688
2008	05	0.000000	-8.392906	8.392906	8.392906	-0.000003	-0.000003	0.000000	-7.661879	0.127626	0.000000	92001.562500	1435.844604	94425.273438
2008	05	0.000000	-8.100179	8.100179	8.100179	-0.000003	-0.000003	0.000000	-3.551173	1.507747	0.000000	92001.562500	1435.504395	94425.007812
2008	05	0.000000	-7.471296	7.471296	7.471296	-0.000003	-0.000003	0.000000	5.495436	1.640290	0.000000	92001.562500	1435.171265	94424.757812
2008	05	0.000000	-6.737954	6.737954	6.737954	-0.000003	-0.000003	0.000000	10.635888	4.052835	0.000000	92001.562500	1434.866211	94424.531250
2008	05	0.000000	-8.391678	8.391678	8.391678	-0.000003	-0.000003	0.000000	-3.813010	0.700396	0.000000	92001.562500	1434.549316	94424.289062
2008	05	0.000000	-8.249190	8.249190	8.249190	-0.000003	-0.000003	0.000000	2.967150	2.169810	0.000000	92001.562500	1434.201416	94424.023438
2008	05	0.000000	-8.998656	8.998656	8.998656	-0.000003	-0.000003	0.000000	-2.358163	1.343025	0.000000	92001.562500	1433.844116	94423.742188
2008	05	0.000000	-7.730062	7.730062	7.730062	-0.000003	-0.000003	0.000000	4.243268	1.899838	0.000000	92001.562500	1433.492798	94423.468750
2008	05	0.000000	-7.226965	7.226965	7.226965	-0.000003	-0.000003	0.000000	6.108154	5.232769	0.000000	92001.562500	1433.175171	94423.234375
2008	05	0.000000	-8.362564	8.362564	8.362564	-0.000003	-0.000003	0.000000	2.539923	3.621746	0.000000	92001.562500	1432.849976	94422.984375
2008	05	0.000000	-8.387335	8.387335	8.387335	-0.000003	-0.000003	0.000000	1.475249	1.356293	0.000000	92001.562500	1432.502686	94422.718750
2008	05	0.000000	-8.369166	8.369166	8.369166	-0.000003	-0.000003	0.000000	1.686484	2.450981	0.000000	92001.562500	1432.153198	94422.445312
2008	05	0.000000	-9.086170	9.086170	9.086170	-0.000003	-0.000003	0.000000	-11.457510	-4.398620	0.000000	92001.562500	1431.794800	94422.164062
2008	05	0.000000	-9.546773	33.717682	33.717682	-0.000013	-0.000013	24.170910	-11.722283	-6.013956	0.000000	92002.000000	1431.417358	94421.539062
2008	05	0.000000	-9.078704	37.400562	37.400562	-0.000014	-0.000014	28.321857	-8.716531	-3.442185	0.000000	92003.257812	1431.038818	94420.250000
2008	05	0.000000	-9.594821	24.762516	24.762516	-0.000009	-0.000009	15.167696	-17.487734	-6.969703	0.000000	92003.976562	1430.660645	94419.312500
2008	05	0.000000	-8.920453	21.892181	21.892181	-0.000008	-0.000008	12.971728	-8.093818	-4.427291	0.000000	92004.539062	1430.283447	94418.554688
2008	05	0.000000	-8.140030	16.428482	16.428482	-0.000006	-0.000006	8.288452	-2.768747	-0.560628	0.000000	92004.945312	1429.929688	94417.945312
2008	05	0.000000	-8.830637	16.465153	16.465153	-0.000006	-0.000006	7.634516	-7.546018	-2.867682	0.000000	92005.257812	1429.580322	94417.421875
2008	05	0.000000	-8.894020	16.325312	16.325312	-0.000006	-0.000006	7.431290	-9.427215	-4.967564	0.000000	92005.554688	1429.216553	94416.898438
2008	05	0.000000	-8.553826	12.929442	12.929442	-0.000005	-0.000005	4.375617	-10.057449	-4.432611	0.000000	92005.812500	1428.858521	94416.406250
2008	05	0.000000	-8.807176	10.477806	10.477806	-0.000004	-0.000004	1.670630	-15.845188	-7.333481	0.000000	92005.890625	1428.499023	94416.054688
2008	06	0.000000	-8.097001	9.086944	9.086944	-0.000004	-0.000004	0.989942	-4.041176	0.126795	0.000000	92005.937500	1428.144653	94415.726562
2008	06	0.000000	-6.989147	7.740587	7.740587	-0.000003	-0.000003	0.751440	10.335144	19.327162	0.000000	92005.953125	1427.817261	94415.453125
2008	06	0.000000	-7.253393	8.008121	8.008121	-0.000003	-0.000003	0.754727	5.365521	17.321814	0.000000	92005.960938	1427.498901	94415.187500
2008	06	0.000000	-7.201482	7.943166	7.943166	-0.000003	-0.000003	0.741684	7.418941	26.133057	0.000000	92005.968750	1427.182983	94414.929688
2008	06	0.000000	-7.058979	7.758985	7.758985	-0.000003	-0.000003	0.700006	-2.714612	21.870729	0.000000	92005.984375	1426.864624	94414.664062
2008	06	0.000000	-7.099002	7.794963	7.794963	-0.000003	-0.000003	0.695961	3.908389	32.538322	0.000000	92005.992188	1426.551636	94414.406250
2008	06	0.000000	-7.232535	7.924953	7.924953	-0.000003	-0.000003	0.692418	2.434556	21.643225	0.000000	92006.000000	1426.237061	94414.148438
2008	06	0.000000	-7.374397	8.074995	8.074995	-0.000003	-0.000003	0.700598	-5.677804	20.231743	0.000000	92006.015625	1425.912476	94413.875000
2008	06	0.000000	-7.148599	7.850087	7.850087	-0.000003	-0.000003	0.701488	-4.719902	30.640970	0.000000	92006.023438	1425.594727	94413.609375
2008	06	0.000000	-7.326515	8.032064	8.032064	-0.000003	-0.000003	0.705550	-4.001640	18.474140	0.000000	92006.031250	1425.275635	94413.351562
2008	06	0.000000	-8.487885	9.204942	9.204942	-0.000004	-0.000004	0.717056	-56.941284	22.715464	0.000000	92006.046875	1424.935913	94413.062500
2008	06	0.000000	-7.339416	8.052374	8.052374	-0.000003	-0.000003	0.712959	-11.723527	49.345798	0.000000	92006.054688	1424.591187	94412.773438
2008	06	0.000000	-7.809659	8.490186	8.490186	-0.000003	-0.000003	0.680527	-20.644480	26.740990	0.000000	92006.062500	1424.265015	94412.500000
2008	06	0.000000	-8.110994	8.867747	8.867747	-0.000003	-0.000003	0.756753	-23.743137	-3.000131	0.000000	92006.078125	1423.924316	94412.210938
2008	06	0.000000	-9.073053	11.723534	11.723534	-0.000005	-0.000005	2.650479	-41.709061	5.605342	0.000000	92006.093750	1423.553711	94411.875000
2008	06	0.000000	-8.351335	89.266273	89.266273	-0.000034	-0.000034	80.914940	71.936958	39.001972	0.000000	92007.523438	1423.183350	94410.085938
2008	06	0.000000	-9.473984	97.904755	97.904755	-0.000038	-0.000038	88.430771	76.069084	38.746555	0.000000	92009.687500	1422.813965	94407.164062
2008	06	0.000000	-11.625945	102.642075	102.642075	-0.000040	-0.000040	91.016129	42.442101	63.498722	0.000000	92012.210938	1422.378540	94403.484375
2008	06	0.000000	-9.513536	83.211563	83.211563	-0.000032	-0.000032	73.698021	65.074982	45.922951	0.000000	92013.500000	1421.946777	94400.515625
2008	06	0.000000	-8.801954	77.561264	77.561264	-0.000030	-0.000030	68.759308	70.347076	44.325336	0.000000	92014.500000	1421.572144	94397.859375
2008	06	0.000000	-9.590442	82.738159	82.738159	-0.000032	-0.000032	73.147713	97.731880	48.053905	0.000000	92015.359375	1421.183105	94395.195312
2008	06	3.516321	-8.063164	92.865761	89.349442	-0.000034	-0.000034	81.286278	62.766609	62.742676	9758.612305	92016.265625	1420.791138	94392.296875
2008	06	12.295560	0.429395	88.684967	76.389412	-0.000029	-0.000029	76.818802	42.048729	100.438049	34123.050781	92017.171875	1420.619019	94389.492188
2008	06	36.487606	22.818573	84.685966	48.198360	-0.000019	-0.000019	71.016937	86.598854	46.952957	101261.640625	92017.882812	1420.912109	94387.492188
2008	06	57.708534	39.091648	94.931290	37.222755	-0.000014	-0.000014	76.314400	69.501938	70.507103	160154.671875	92018.578125	1421.834473	94386.000000
2008	06	83.687225	62.443428	94.739502	11.052278	-0.000004	-0.000004	73.495705	94.992424	60.794796	232251.625000	92019.218750	1423.557617	94385.320312
2008	06	106.442520	79.315056	96.860458	-9.582067	0.000004	0.000004	69.732986	64.489120	62.268131	295402.875000	92019.828125	1425.743774	94385.179688
2008	06	139.479355	105.756813	107.407799	-32.071552	0.000012	0.000012	73.685265	-0.429866	76.635590	387087.812500	92020.421875	1428.879150	94386.039062
2008	06	125.570686	94.729156	102.705574	-22.865108	0.000009	0.000009	71.864052	-32.338718	63.969353	348488.031250	92020.906250	1432.252319	94387.070312
2008	06	179.154846	139.168625	114.454529	-64.700317	0.000025	0.000025	74.468307	-15.405161	56.828144	497196.593750	92021.289062	1436.089355	94388.554688
2008	07	199.961502	155.690018	122.196655	-77.764862	0.000029	0.000029	77.925156	20.580984	76.632431	537038.687500	92021.609375	1441.209106	94391.257812
2008	07	127.580811	96.489754	99.409454	-28.171350	0.000011	0.000011	68.318413	21.694822	42.091507	342645.062500	92021.960938	1444.659424	94392.406250
2008	07	154.841339	119.560310	100.848572	-53.992771	0.000020	0.000020	65.567535	74.843552	47.685352	415858.968750	92022.210938	1448.180054	94393.867188
2008	07	220.062485	173.428818	114.856628	-105.205856	0.000039	0.000039	68.222961	88.625946	52.419880	591024.062500	92022.375000	1452.926514	94396.531250
2008	07	261.761780	203.549438	131.618378	-130.143402	0.000049	0.000049	73.406052	44.096813	68.274681	703016.312500	92022.500000	1458.903564	94400.289062
2008	07	272.913940	204.087097	146.430130	-126.483795	0.000047	0.000047	77.603302	11.200200	111.411102	732967.687500	92022.601562	1465.286621	94404.312500
2008	07	276.010162	210.609512	137.200684	-138.809464	0.000052	0.000052	71.800056	55.965763	85.233047	741283.250000	92022.640625	1472.101807	94408.781250
2008	07	283.143524	212.355545	141.350021	-141.793503	0.000053	0.000053	70.562050	50.805676	90.489197	760441.500000	92022.609375	1478.932983	94413.406250
2008	07	255.467972	188.686447	134.812546	-120.655411	0.000045	0.000045	68.031036	36.089172	72.098862	686112.875000	92022.554688	1485.377075	94417.710938
2008	07	296.936127	222.267365	139.827179	-157.108948	0.000059	0.000059	65.158424	71.910431	79.201881	797484.312500	92022.460938	1491.950806	94422.218750
2008	07	292.421173	216.201157	138.133575	-154.287582	0.000058	0.000058	61.913570	68.431023	75.340736	785358.437500	92022.296875	1498.970337	94427.273438
2008	07	294.385040	215.722580	138.659515	-155.725525	0.000058	0.000058	59.997055	86.211952	70.597481	790632.875000	92022.109375	1505.817871	94432.242188
2008	07	323.798096	233.864594	149.598633	-174.199448	0.000065	0.000065	59.665157	63.273071	84.168556	869627.812500	92021.898438	1513.005615	94437.593750
2008	07	346.469788	243.785080	163.725266	-182.744507	0.000068	0.000068	61.040554	51.846832	88.530861	930517.437500	92021.656250	1520.617188	94443.335938
2008	07	350.656555	238.635620	173.244949	-177.411621	0.000066	0.000066	61.223999	42.753635	93.382065	941761.875000	92021.382812	1528.285034	94449.117188
2008	07	328.804779	194.443512	200.509003	-128.295807	0.000048	0.000048	66.147736	11.663518	103.895447	883074.437500	92021.109375	1534.671875	94453.515625
2008	07	325.776703	191.480438	199.653687	-126.123001	0.000047	0.000047	65.357422	-8.013759	75.200279	874941.812500	92020.812500	1541.051147	94457.859375
2008	07	359.303864	210.553940	213.660324	-145.643539	0.000054	0.000054	64.910408	-2.785116	105.364365	964986.000000	92020.484375	1547.540039	94462.335938
2008	07	343.313232	211.861374	190.756332	-152.556915	0.000057	0.000057	59.304474	6.748754	69.177750	922039.812500	92020.125000	1554.407349	94467.281250
2008	07	326.787598	204.828613	177.259918	-149.527664	0.000056	0.000056	55.300953	71.639626	67.312576	877656.750000	92019.765625	1561.338623	94472.460938
2008	07	309.254547	190.502548	171.241364	-138.013168	0.000052	0.000052	52.489391	76.472061	58.554180	830568.062500	92019.414062	1567.562866	94477.039062
2008	07	303.726410	182.062454	171.914505	-131.811905	0.000049	0.000049	50.250546	83.897911	54.751736	815721.125000	92019.070312	1573.377686	94481.289062
2008	07	290.796600	168.534775	171.036163	-119.760437	0.000045	0.000045	48.774326	86.807373	49.234901	780995.437500	92018.718750	1579.020752	94485.421875
2008	07	268.240570	151.543198	163.541718	-104.698860	0.000039	0.000039	46.844337	86.936600	40.157963	720416.437500	92018.382812	1584.064819	94489.015625
2008	07	273.878632	153.032394	166.981705	-106.896950	0.000040	0.000040	46.135441	94.985420	38.987846	735558.687500	92018.054688	1588.735840	94492.281250
2008	07	323.500214	175.116409	196.600067	-126.900131	0.000047	0.000047	48.216270	58.071754	58.536694	868827.812500	92017.703125	1594.103027	94496.210938
2008	07	282.637695	119.774971	212.214310	-70.423386	0.000026	0.000026	49.351582	8.552091	55.243946	759082.875000	92017.351562	1598.747070	94499.367188
2008	07	263.252625	128.928879	179.812485	-83.440140	0.000031	0.000031	45.488743	21.727001	39.265839	707020.312500	92017.000000	1602.838135	94502.015625
2008	07	173.683655	61.599518	157.384613	-16.299055	0.000006	0.000006	45.300465	0.205353	33.163860	466463.968750	92016.695312	1605.221802	94503.031250
2008	07	227.441666	108.808327	162.839386	-64.602280	0.000024	0.000024	44.206055	81.753113	41.688641	610842.375000	92016.382812	1608.374634	94504.820312
2008	07	227.059448	95.698288	176.666031	-50.393421	0.000019	0.000019	45.304871	58.844524	38.634617	609815.875000	92016.062500	1611.702759	94506.796875
2008	08	140.427063	31.280149	154.923843	14.496770	-0.000005	-0.000005	45.776920	4.052444	35.956764	377146.406250	92015.773438	1613.534546	94507.265625
2008	08	172.019440	59.341312	157.677902	-14.341539	0.000005	0.000005	44.999771	49.229263	34.652252	461994.375000	92015.523438	1614.720703	94507.062500
2008	08	224.236053	93.682579	176.244888	-47.991154	0.000018	0.000018	45.691422	56.788158	45.178730	602233.000000	92015.203125	1617.328979	94508.289062
2008	08	264.184113	101.631256	210.612274	-53.571846	0.000020	0.000020	48.059410	25.296377	63.354156	709522.000000	92014.851562	1620.417725	94509.953125
2008	08	257.814301	68.616608	239.505951	-18.308352	0.000007	0.000007	50.308258	7.001608	75.457199	692414.562500	92014.476562	1623.164429	94511.195312
2008	08	260.553406	93.638641	213.723297	-46.830112	0.000017	0.000017	46.808529	14.568632	55.037941	699770.875000	92014.078125	1625.741577	94512.296875
2008	08	262.493195	96.486282	212.105209	-50.387993	0.000019	0.000019	46.098297	38.830215	58.799675	704980.625000	92013.679688	1628.902222	94514.046875
2008	08	245.970795	82.428093	208.512314	-37.458492	0.000014	0.000014	44.969601	31.795008	55.606865	660606.250000	92013.281250	1631.757446	94515.523438
2008	08	239.711349	77.810463	205.719315	-33.992046	0.000013	0.000013	43.818413	30.270172	52.696701	643795.187500	92012.890625	1634.339478	94516.765625
2008	08	228.347534	69.814148	201.454498	-26.893036	0.000010	0.000010	42.921112	30.823662	48.510147	613275.250000	92012.492188	1636.661255	94517.781250
2008	08	228.022537	71.810684	198.139923	-29.882599	0.000011	0.000011	41.928085	34.294392	49.304722	612402.437500	92012.085938	1638.943848	94518.789062
2008	08	222.800674	56.138824	208.793640	-14.007030	0.000005	0.000005	42.131798	18.367329	52.715279	598378.000000	92011.687500	1640.968506	94519.546875
2008	08	195.688751	31.620905	206.490814	10.802071	-0.000004	-0.000004	42.422977	19.502125	47.622940	525563.250000	92011.296875	1642.128174	94519.429688
2008	08	192.609619	42.963757	190.711243	-1.898392	0.000001	0.000001	41.065365	28.558933	42.743519	517293.656250	92010.890625	1643.440308	94519.484375
2008	08	184.347336	52.512089	171.232880	-13.114457	0.000005	0.000005	39.397633	38.179512	37.850170	495103.468750	92010.492188	1645.208130	94520.046875
2008	08	166.749771	43.729073	161.509552	-5.240217	0.000002	0.000002	38.488853	40.466228	30.895615	447841.562500	92010.109375	1646.663086	94520.343750
2008	08	165.800735	40.675594	163.849655	-1.951080	0.000001	0.000001	38.724514	42.709049	30.970417	445292.718750	92009.734375	1647.956787	94520.484375
2008	08	156.017029	32.264660	162.929565	6.912534	-0.000003	-0.000003	39.177193	32.500977	30.526892	419016.500000	92009.351562	1649.102783	94520.460938
2008	08	146.819122	25.806988	160.608307	13.789191	-0.000005	-0.000005	39.596176	33.371330	27.615070	394313.593750	92008.984375	1649.903809	94520.078125
2008	08	157.991699	27.801931	170.743759	12.752060	-0.000005	-0.000005	40.553993	17.619965	33.076523	424319.937500	92008.601562	1650.909912	94519.890625
2008	08	154.068863	32.783012	162.165115	8.096251	-0.000003	-0.000003	40.879265	26.199163	31.146563	413784.312500	92008.210938	1651.878052	94519.625000
2008	08	150.092270	34.861130	155.770386	5.678114	-0.000002	-0.000002	40.539242	26.011854	28.294443	403104.312500	92007.812500	1653.063721	94519.593750
2008	08	121.822403	1.803154	162.756546	40.934147	-0.000015	-0.000015	42.737301	13.345278	24.958977	327179.625000	92007.437500	1653.658203	94518.945312
2008	08	124.258835	27.448759	138.142715	13.883862	-0.000005	-0.000005	41.332623	23.301640	19.015640	333723.218750	92007.070312	1654.221191	94518.234375
2008	08	101.326378	19.741428	120.820824	19.494455	-0.000007	-0.000007	39.235886	42.325745	13.834475	272133.281250	92006.726562	1654.913452	94517.718750
2008	08	100.374825	12.422132	127.943886	27.569054	-0.000010	-0.000010	39.991184	34.124489	15.957351	269577.687500	92006.398438	1655.411743	94517.039062
2008	08	71.540771	-10.360543	122.478638	50.937859	-0.000019	-0.000019	40.577320	4.787957	12.338545	192137.781250	92006.085938	1655.381958	94515.796875
2008	08	71.983063	-0.462781	112.379448	40.396378	-0.000015	-0.000015	39.933598	9.269822	7.837600	193325.656250	92005.812500	1655.099976	94514.296875
2008	08	61.877602	-9.117717	111.931374	50.053764	-0.000019	-0.000019	40.936047	5.529619	15.699981	166185.312500	92005.546875	1654.983643	94512.976562
2008	08	58.201950	-3.133435	100.391571	42.189617	-0.000016	-0.000016	39.056183	24.599714	9.155315	156313.562500	92005.289062	1654.693359	94511.460938
2008	08	64.218109	2.231608	99.917526	35.699409	-0.000013	-0.000013	37.931015	50.696648	9.832604	172471.218750	92005.015625	1654.758179	94510.382812
2008	09	57.792793	0.434889	92.776894	34.984100	-0.000013	-0.000013	35.418987	44.771847	9.177339	160388.515625	92004.742188	1654.718018	94509.226562
2008	09	68.142502	4.312287	99.785133	31.642632	-0.000012	-0.000012	35.954918	12.657758	8.221585	189111.375000	92004.453125	1654.838867	94508.257812
2008	09	77.834717	7.166142	108.811600	30.976877	-0.000012	-0.000012	38.143021	0.718627	13.472115	216009.562500	92004.164062	1654.994507	94507.281250
2008	09	59.004456	0.312857	94.279190	35.274738	-0.000014	-0.000014	35.587597	14.117515	8.994971	163751.156250	92003.875000	1655.065674	94506.195312
2008	09	54.806999	-1.484848	90.626137	35.819141	-0.000014	-0.000014	34.334293	16.220308	7.701086	152102.234375	92003.593750	1655.007202	94505.062500
2008	09	46.474297	-6.339874	86.358124	39.883831	-0.000015	-0.000015	33.543957	19.235775	6.887233	128977.046875	92003.320312	1654.778809	94503.796875
2008	09	38.976696	-13.570213	85.876190	46.899502	-0.000018	-0.000018	33.329288	17.003811	6.521350	108169.437500	92003.054688	1654.467529	94502.460938
2008	09	39.412205	-13.394764	86.176079	46.763870	-0.000018	-0.000018	33.369106	7.097427	5.520124	109378.085938	92002.796875	1653.965698	94500.945312
2008	09	39.685997	-11.641756	84.899376	45.213383	-0.000017	-0.000017	33.571629	13.494431	10.193199	110137.914062	92002.531250	1653.514404	94499.460938
2008	09	42.018894	-7.169041	81.781342	39.762447	-0.000015	-0.000015	32.593407	12.267344	6.788124	116612.257812	92002.265625	1653.147217	94498.085938
2008	09	44.028248	-6.093340	82.467834	38.439587	-0.000015	-0.000015	32.346245	9.278976	3.201852	122188.679688	92002.000000	1652.912720	94496.859375
2008	09	43.720268	-7.151299	83.738632	40.018368	-0.000015	-0.000015	32.867073	5.122802	3.807039	121333.960938	92001.726562	1652.642700	94495.593750
2008	09	48.284924	-4.608061	86.621605	38.336681	-0.000015	-0.000015	33.728619	4.916302	2.931339	134001.953125	92001.460938	1652.434570	94494.367188
2008	09	48.750038	-7.773614	92.720856	43.970821	-0.000017	-0.000017	36.197208	-4.028223	2.348858	135292.765625	92001.179688	1652.220825	94493.085938
2008	09	45.889561	-8.654243	91.353172	45.463608	-0.000018	-0.000018	36.809368	-5.403406	12.264775	127354.265625	92000.906250	1651.933472	94491.664062
2008	09	27.745022	-16.795080	78.124985	50.379959	-0.000019	-0.000019	33.584877	6.036314	6.113033	76998.921875	92000.632812	1651.452271	94490.085938
2008	09	31.271557	-14.529008	77.846413	46.574856	-0.000018	-0.000018	32.045849	-1.882022	6.832854	86785.875000	92000.351562	1650.829102	94488.476562
2008	09	25.962343	-19.437044	79.609711	53.647358	-0.000021	-0.000021	34.210316	-3.984502	-1.355972	72051.570312	92000.078125	1650.224731	94486.875000
2008	09	26.643911	-18.822472	82.485779	55.841869	-0.000022	-0.000022	37.019398	-5.700777	1.957840	73943.085938	91999.804688	1649.563599	94485.117188
2008	09	21.285299	-18.886257	75.825966	54.540672	-0.000021	-0.000021	35.654415	8.777258	5.509223	59071.687500	91999.523438	1648.929932	94483.335938
2008	09	19.552837	-20.541206	73.582581	54.029747	-0.000021	-0.000021	33.488537	4.365025	1.771981	54263.699219	91999.234375	1648.246216	94481.593750
2008	09	21.742710	-18.636854	73.226860	51.484154	-0.000020	-0.000020	32.847298	-1.628805	-0.276856	60341.109375	91998.945312	1647.544678	94479.890625
2008	09	22.049980	-19.345480	75.829056	53.779076	-0.000021	-0.000021	34.433598	-9.493514	-1.179821	61193.847656	91998.656250	1646.888550	94478.203125
2008	09	23.778856	-17.363527	75.887222	52.108372	-0.000020	-0.000020	34.744846	-0.836035	1.021035	65991.882812	91998.367188	1646.271973	94476.523438
2008	09	25.110350	-17.289883	77.571602	52.461246	-0.000020	-0.000020	35.171368	-13.244690	-5.441236	69687.093750	91998.078125	1645.687012	94474.867188
2008	09	27.838943	-19.127119	84.362740	56.523792	-0.000022	-0.000022	37.396675	-20.765093	-1.667924	77259.570312	91997.781250	1645.075317	94473.132812
2008	09	27.036085	-14.502604	77.169968	50.133884	-0.000019	-0.000019	35.631283	-7.469848	3.780855	75031.460938	91997.476562	1644.545044	94471.453125
2008	09	19.996584	-20.148392	75.169716	55.173126	-0.000021	-0.000021	35.024738	-8.660645	-1.420377	55495.195312	91997.164062	1643.938232	94469.781250
2008	09	17.730927	-17.709038	68.225723	50.494801	-0.000019	-0.000019	32.785763	-6.951252	-4.972530	49207.468750	91996.859375	1643.247559	94468.031250
2008	09	14.066055	-19.314640	63.641163	49.575108	-0.000019	-0.000019	30.260468	-6.572790	1.743866	39036.589844	91996.546875	1642.572144	94466.398438
2008	10	12.854268	-21.123470	62.070999	49.216728	-0.000018	-0.000018	28.093260	-9.943939	-0.336164	34522.839844	91996.250000	1641.872803	94464.843750
2008	10	10.683018	-19.321266	55.600693	44.917675	-0.000017	-0.000017	25.596411	-0.911458	3.619633	28691.488281	91995.953125	1640.827515	94463.359375
2008	10	9.296337	-20.169247	51.792858	42.496525	-0.000016	-0.000016	22.327276	-5.017848	-0.327206	24967.267578	91995.671875	1638.270508	94461.992188
2008	10	6.381632	-22.537495	49.930759	43.549126	-0.000016	-0.000016	21.011629	-4.340137	2.239715	17139.214844	91995.429688	1633.872070	94460.656250
2008	10	6.427462	-22.409164	49.990086	43.562626	-0.000016	-0.000016	21.153458	-3.054635	-0.279320	17262.300781	91995.234375	1627.638916	94459.281250
2008	10	4.628471	-25.139011	50.765186	46.136719	-0.000017	-0.000017	20.997705	-2.319189	1.015138	12430.732422	91995.093750	1619.571411	94457.867188
2008	10	3.211944	-26.993071	51.141884	47.929935	-0.000018	-0.000018	20.936867	-3.348758	-0.196099	8626.351562	91995.007812	1609.635254	94456.375000
2008	10	0.000000	-29.903059	49.210266	49.210266	-0.000018	-0.000018	19.307205	-2.859189	0.012358	0.000000	91994.945312	1597.850830	94454.867188
2008	10	0.000000	-30.548935	49.762966	49.762966	-0.000019	-0.000019	19.214035	-1.994404	-0.003125	0.000000	91994.921875	1584.243896	94453.343750
2008	10	0.000000	-31.780033	51.554180	51.554180	-0.000019	-0.000019	19.774145	-1.083197	0.027625	0.000000	91994.953125	1568.788696	94451.750000
2008	10	0.000000	-27.630459	44.927448	44.927448	-0.000017	-0.000017	17.296989	-0.203752	-0.144837	0.000000	91995.007812	1551.561157	94450.179688
2008	10	0.000000	-29.988752	44.017883	44.017883	-0.000016	-0.000016	14.029133	-0.930383	-0.405566	0.000000	91995.007812	1532.560913	94448.742188
2008	10	0.000000	-29.345833	40.836010	40.836010	-0.000015	-0.000015	11.490175	-1.025424	-0.713281	0.000000	91995.000000	1511.728394	94447.328125
2008	10	0.000000	-30.815266	40.339100	40.339100	-0.000015	-0.000015	9.523832	-1.519120	-0.272419	0.000000	91994.976562	1489.078491	94445.953125
2008	10	0.000000	-37.079044	45.354183	45.354183	-0.000017	-0.000017	8.275137	-8.478964	-2.480051	0.000000	91994.945312	1464.522217	94444.476562
2008	10	0.000000	-52.791401	60.365803	60.365803	-0.000023	-0.000023	7.574403	-5.269801	-2.532728	0.000000	91994.921875	1437.873901	94442.671875
2008	10	0.000000	-56.855026	64.048355	64.048355	-0.000024	-0.000024	7.193325	-9.872540	-4.735663	0.000000	91994.914062	1423.291382	94440.437500
2008	10	0.000000	-45.707993	52.384258	52.384258	-0.000020	-0.000020	6.676262	-3.998147	-1.424936	0.000000	91994.906250	1421.454224	94438.453125
2008	10	0.000000	-40.040501	46.227962	46.227962	-0.000017	-0.000017	6.187462	0.014954	-0.603674	0.000000	91994.898438	1419.809814	94436.679688
2008	10	0.000000	-32.333748	37.576023	37.576023	-0.000014	-0.000014	5.242275	-1.891624	-1.537748	0.000000	91994.882812	1418.465576	94435.226562
2008	10	0.000000	-34.951183	39.131153	39.131153	-0.000015	-0.000015	4.179972	-5.908163	-2.680785	0.000000	91994.851562	1417.202026	94433.890625
2008	10	0.000000	-35.966755	39.778004	39.778004	-0.000015	-0.000015	3.811251	-9.029764	-4.634319	0.000000	91994.828125	1415.790771	94432.429688
2008	10	0.000000	-30.639193	34.080307	34.080307	-0.000013	-0.000013	3.441114	-10.813661	-3.628330	0.000000	91994.796875	1414.532104	94431.132812
2008	10	0.000000	-35.417728	38.348583	38.348583	-0.000014	-0.000014	2.930852	-13.790956	-8.084209	0.000000	91994.773438	1413.290283	94429.867188
2008	10	0.000000	-37.169659	39.880352	39.880352	-0.000015	-0.000015	2.710693	-20.026691	-9.859649	0.000000	91994.750000	1411.901001	94428.460938
2008	10	0.000000	-37.867687	40.405193	40.405193	-0.000015	-0.000015	2.537505	-18.195448	-7.569077	0.000000	91994.734375	1410.465454	94427.015625
2008	10	0.000000	-31.967371	34.343006	34.343006	-0.000013	-0.000013	2.375637	-2.783717	-1.510483	0.000000	91994.726562	1409.169434	94425.718750
2008	10	0.000000	-27.572954	29.765625	29.765625	-0.000011	-0.000011	2.192670	-1.224630	-1.212789	0.000000	91994.718750	1408.061035	94424.617188
2008	10	0.000000	-26.796734	28.755188	28.755188	-0.000011	-0.000011	1.958453	-8.107425	-3.206682	0.000000	91994.710938	1406.978516	94423.546875
2008	10	0.000000	-20.224571	21.744543	21.744543	-0.000008	-0.000008	1.519974	1.620571	-1.106413	0.000000	91994.703125	1406.039673	94422.625000
2008	10	0.000000	-18.993128	19.832008	19.832008	-0.000007	-0.000007	0.838880	7.560904	-0.111254	0.000000	91994.695312	1405.276855	94421.906250
2008	11	0.000000	-23.756124	24.356136	24.356136	-0.000009	-0.000009	0.600011	-4.454400	-2.203008	0.000000	91994.687500	1404.376221	94421.054688
2008	11	0.000000	-20.103600	20.603037	20.603037	-0.000008	-0.000008	0.499439	1.705130	-2.087644	0.000000	91994.679688	1403.472778	94420.210938
2008	11	0.000000	-18.813219	19.175409	19.175409	-0.000007	-0.000007	0.362190	0.793528	-1.570110	0.000000	91994.671875	1402.655518	94419.453125
2008	11	0.000000	-13.926766	14.158687	14.158687	-0.000005	-0.000005	0.231919	16.801180	-0.895630	0.000000	91994.664062	1401.929443	94418.796875
2008	11	0.000000	-10.772882	10.902198	10.902198	-0.000004	-0.000004	0.129314	26.614435	-0.265882	0.000000	91994.664062	1401.385864	94418.328125
2008	11	0.000000	-12.257351	12.324337	12.324337	-0.000005	-0.000005	0.066986	8.020637	-0.673209	0.000000	91994.664062	1400.851074	94417.867188
2008	11	0.000000	-17.024611	17.049650	17.049650	-0.000007	-0.000007	0.025040	-1.703647	-1.016364	0.000000	91994.656250	1400.203613	94417.289062
2008	11	0.000000	-16.932701	16.945307	16.945307	-0.000007	-0.000007	0.012606	-3.853300	-1.119750	0.000000	91994.656250	1399.470215	94416.632812
2008	11	0.000000	-13.263960	13.273973	13.273973	-0.000005	-0.000005	0.010015	1.842371	-0.932158	0.000000	91994.656250	1398.828247	94416.070312
2008	11	0.000000	-12.563115	12.571088	12.571088	-0.000005	-0.000005	0.007972	-6.177088	-1.289816	0.000000	91994.656250	1398.248413	94415.562500
2008	11	0.000000	-13.763553	13.769537	13.769537	-0.000005	-0.000005	0.005984	-1.042344	-0.577482	0.000000	91994.656250	1397.666016	94415.062500
2008	11	0.000000	-10.693431	10.697619	10.697619	-0.000004	-0.000004	0.004188	2.616876	-0.329561	0.000000	91994.656250	1397.119751	94414.585938
2008	11	0.000000	-12.851389	12.854046	12.854046	-0.000005	-0.000005	0.002657	-4.083219	-0.821445	0.000000	91994.656250	1396.589722	94414.132812
2008	11	0.000000	-13.518727	13.520767	13.520767	-0.000005	-0.000005	0.002041	-7.028778	-1.124309	0.000000	91994.656250	1396.000854	94413.625000
2008	11	0.000000	-12.637155	12.638100	12.638100	-0.000005	-0.000005	0.000946	-4.260290	-0.674712	0.000000	91994.656250	1395.430542	94413.132812
2008	11	0.000000	-10.078375	10.078375	10.078375	-0.000004	-0.000004	0.000000	11.061119	-0.225379	0.000000	91994.656250	1394.910522	94412.687500
2008	11	0.000000	-9.554483	9.554483	9.554483	-0.000004	-0.000004	0.000000	2.351150	-0.470675	0.000000	91994.656250	1394.460693	94412.312500
2008	11	0.000000	-8.466636	8.466636	8.466636	-0.000003	-0.000003	0.000000	12.606678	-0.107231	0.000000	91994.656250	1394.034912	94411.960938
2008	11	0.000000	-9.868804	9.868804	9.868804	-0.000004	-0.000004	0.000000	-5.738834	-0.704004	0.000000	91994.656250	1393.585815	94411.593750
2008	11	0.000000	-10.075861	10.075861	10.075861	-0.000004	-0.000004	0.000000	0.075917	-0.645218	0.000000	91994.656250	1393.149292	94411.226562
2008	11	0.000000	-11.738743	11.738743	11.738743	-0.000005	-0.000005	0.000000	-4.605083	-1.479454	0.000000	91994.656250	1392.649902	94410.804688
2008	11	0.000000	-12.039989	12.039989	12.039989	-0.000005	-0.000005	0.000000	-15.679845	-2.552197	0.000000	91994.656250	1392.114990	94410.351562
2008	11	0.000000	-12.110350	12.110350	12.110350	-0.000005	-0.000005	0.000000	-6.190357	-1.092431	0.000000	91994.656250	1391.599365	94409.906250
2008	11	0.000000	-14.313726	14.313726	14.313726	-0.000006	-0.000006	0.000000	-11.706309	-3.377515	0.000000	91994.656250	1391.050293	94409.437500
2008	11	0.000000	-13.591409	13.591409	13.591409	-0.000005	-0.000005	0.000000	-18.198444	-3.885485	0.000000	91994.656250	1390.448120	94408.914062
2008	11	0.000000	-11.846046	11.846046	11.846046	-0.000005	-0.000005	0.000000	-8.673689	-1.625293	0.000000	91994.656250	1389.914429	94408.453125
2008	11	0.000000	-11.038426	11.038426	11.038426	-0.000004	-0.000004	0.000000	-5.776932	-0.998073	0.000000	91994.656250	1389.415894	94408.031250
2008	11	0.000000	-9.988241	9.988241	9.988241	-0.000004	-0.000004	0.000000	-8.706563	-1.247220	0.000000	91994.656250	1388.942993	94407.632812
2008	11	0.000000	-9.383403	9.383403	9.383403	-0.000004	-0.000004	0.000000	-6.019736	-1.437543	0.000000	91994.656250	1388.515869	94407.281250
2008	11	0.000000	-8.998944	8.998944	8.998944	-0.000003	-0.000003	0.000000	-5.002185	-0.786787	0.000000	91994.656250	1388.082764	94406.921875
2008	12	0.000000	-7.379223	7.379223	7.379223	-0.000003	-0.000003	0.000000	7.027977	-0.091956	0.000000	91994.656250	1387.720947	94406.640625
2008	12	0.000000	-7.276481	7.276481	7.276481	-0.000003	-0.000003	0.000000	21.699413	0.208499	0.000000	91994.656250	1387.363525	94406.359375
2008	12	0.000000	-6.679076	6.679076	6.679076	-0.000002	-0.000002	0.000000	27.032831	0.621965	0.000000	91994.656250	1387.038574	94406.109375
2008	12	0.000000	-6.996144	6.996144	6.996144	-0.000003	-0.000003	0.000000	8.658018	-0.377558	0.000000	91994.656250	1386.699219	94405.843750
2008	12	0.000000	-6.679365	6.679365	6.679365	-0.000002	-0.000002	0.000000	20.378267	0.472813	0.000000	91994.656250	1386.382812	94405.609375
2008	12	0.000000	-7.514732	7.514732	7.514732	-0.000003	-0.000003	0.000000	17.856741	-0.346768	0.000000	91994.656250	1386.035400	94405.335938
2008	12	0.000000	-8.047330	8.047330	8.047330	-0.000003	-0.000003	0.000000	10.341248	-1.022445	0.000000	91994.656250	1385.702637	94405.078125
2008	12	0.000000	-8.605859	8.605859	8.605859	-0.000003	-0.000003	0.000000	13.100618	-0.805287	0.000000	91994.656250	1385.318115	94404.765625
2008	12	0.000000	-9.624464	9.624464	9.624464	-0.000004	-0.000004	0.000000	10.293376	-2.610737	0.000000	91994.656250	1384.903198	94404.429688
2008	12	0.000000	-6.847034	6.847034	6.847034	-0.000003	-0.000003	0.000000	17.748781	-1.420330	0.000000	91994.656250	1384.544922	94404.148438
2008	12	0.000000	-4.924846	4.924846	4.924846	-0.000002	-0.000002	0.000000	5.969848	-0.471735	0.000000	91994.656250	1384.250244	94403.929688
2008	12	0.000000	-3.787103	3.787103	3.787103	-0.000001	-0.000001	0.000000	17.061531	0.074358	0.000000	91994.656250	1384.015381	94403.773438
2008	12	0.000000	-8.085078	8.085078	8.085078	-0.000003	-0.000003	0.000000	7.227839	-1.309816	0.000000	91994.656250	1383.724609	94403.554688
2008	12	0.000000	-5.966606	5.966606	5.966606	-0.000002	-0.000002	0.000000	17.115534	-0.629117	0.000000	91994.656250	1383.395996	94403.304688
2008	12	0.000000	-6.364259	6.364259	6.364259	-0.000002	-0.000002	0.000000	19.445204	-0.527299	0.000000	91994.656250	1383.102295	94403.085938
2008	12	0.000000	-6.353466	6.353466	6.353466	-0.000002	-0.000002	0.000000	14.498748	-1.383051	0.000000	91994.656250	1382.796143	94402.851562
2008	12	0.000000	-6.456861	6.456861	6.456861	-0.000002	-0.000002	0.000000	5.323879	-1.430606	0.000000	91994.656250	1382.514404	94402.648438
2008	12	0.000000	-11.144959	11.144959	11.144959	-0.000004	-0.000004	0.000000	-0.609279	-4.469498	0.000000	91994.656250	1382.110596	94402.320312
2008	12	0.000000	-8.928735	8.928735	8.928735	-0.000003	-0.000003	0.000000	1.967018	-2.662027	0.000000	91994.656250	1381.700806	94401.984375
2008	12	0.000000	-8.110088	8.110088	8.110088	-0.000003	-0.000003	0.000000	-1.224982	-3.145352	0.000000	91994.656250	1381.315308	94401.671875
2008	12	0.000000	-4.360100	4.360100	4.360100	-0.000002	-0.000002	0.000000	13.279845	-0.391316	0.000000	91994.656250	1381.029907	94401.468750
2008	12	0.000000	-8.445751	8.445751	8.445751	-0.000003	-0.000003	0.000000	7.023004	-1.831620	0.000000	91994.656250	1380.744141	94401.257812
2008	12	0.000000	-10.352044	10.352044	10.352044	-0.000004	-0.000004	0.000000	3.320422	-3.848500	0.000000	91994.656250	1380.337769	94400.921875
2008	12	0.000000	-10.679283	10.679283	10.679283	-0.000004	-0.000004	0.000000	0.452588	-4.086285	0.000000	91994.656250	1379.898682	94400.562500
2008	12	0.000000	-11.180183	11.180183	11.180183	-0.000004	-0.000004	0.000000	-0.541022	-3.607219	0.000000	91994.656250	1379.461182	94400.203125
2008	12	0.000000	-11.019616	11.019616	11.019616	-0.000004	-0.000004	0.000000	-1.984338	-1.925583	0.000000	91994.656250	1379.007446	94399.820312
2008	12	0.000000	-9.166238	9.166238	9.166238	-0.000003	-0.000003	0.000000	4.087958	-2.546227	0.000000	91994.656250	1378.584961	94399.476562
2008	12	0.000000	-6.532811	6.532811	6.532811	-0.000002	-0.000002	0.000000	6.551549	-1.389246	0.000000	91994.656250	1378.248535	94399.210938
2008	12	0.000000	-4.723907	4.723907	4.723907	-0.000002	-0.000002	0.000000	1.847666	-0.472819	0.000000	91994.656250	1377.985718	94399.023438
2008	12	0.000000	-4.806792	4.806792	4.806792	-0.000002	-0.000002	0.000000	20.874012	0.104903	0.000000	91994.656250	1377.739136	94398.851562
2008	12	0.000000	-5.744194	5.744194	5.744194	-0.000002	-0.000002	0.000000	5.270123	-0.954046	0.000000	91994.656250	1377.479126	94398.671875
2009	01	0.000000	-5.624547	5.624547	5.624547	-0.000002	-0.000002	0.000000	-7.458827	-1.702611	0.000000	91994.656250	1377.211792	94398.476562
2009	01	0.000000	-6.556776	6.556776	6.556776	-0.000002	-0.000002	0.000000	-9.665724	-1.464429	0.000000	91994.656250	1376.927002	94398.273438
2009	01	0.000000	-6.849980	6.849980	6.849980	-0.000003	-0.000003	0.000000	-6.093511	-0.936863	0.000000	91994.656250	1376.623291	94398.039062
2009	01	0.000000	-8.171149	8.171149	8.171149	-0.000003	-0.000003	0.000000	-9.185334	-2.915467	0.000000	91994.656250	1376.291016	94397.781250
2009	01	0.000000	-6.239261	6.239261	6.239261	-0.000002	-0.000002	0.000000	-10.948271	-1.402062	0.000000	91994.656250	1375.962036	94397.531250
2009	01	0.000000	-5.831302	5.831302	5.831302	-0.000002	-0.000002	0.000000	-14.139277	-1.121981	0.000000	91994.656250	1375.696289	94397.343750
2009	01	0.000000	-5.821297	5.821297	5.821297	-0.000002	-0.000002	0.000000	-11.343863	-1.073065	0.000000	91994.656250	1375.422852	94397.140625
2009	01	0.000000	-5.288217	5.288217	5.288217	-0.000002	-0.000002	0.000000	-10.165139	-0.977126	0.000000	91994.656250	1375.160156	94396.953125
2009	01	0.000000	-5.068437	5.068437	5.068437	-0.000002	-0.000002	0.000000	-11.939502	-0.882019	0.000000	91994.656250	1374.897583	94396.765625
2009	01	0.000000	-5.145671	5.145671	5.145671	-0.000002	-0.000002	0.000000	-8.209515	-0.817294	0.000000	91994.656250	1374.653442	94396.601562
2009	01	0.000000	-4.739234	4.739234	4.739234	-0.000002	-0.000002	0.000000	-5.109028	-0.719775	0.000000	91994.656250	1374.409546	94396.429688
2009	01	0.000000	-4.851179	4.851179	4.851179	-0.000002	-0.000002	0.000000	-9.353151	-1.162854	0.000000	91994.656250	1374.164917	94396.257812
2009	01	0.000000	-4.766542	4.766542	4.766542	-0.000002	-0.000002	0.000000	-12.859802	-1.206962	0.000000	91994.656250	1373.933960	94396.109375
2009	01	0.000000	-6.363786	6.363786	6.363786	-0.000002	-0.000002	0.000000	-5.320378	-1.743470	0.000000	91994.656250	1373.665161	94395.914062
2009	01	0.000000	-4.534856	4.534856	4.534856	-0.000002	-0.000002	0.000000	-6.777235	-0.578277	0.000000	91994.656250	1373.403931	94395.726562
2009	01	0.000000	-4.229455	4.229455	4.229455	-0.000002	-0.000002	0.000000	-5.679130	-0.360127	0.000000	91994.656250	1373.183838	94395.578125
2009	01	0.000000	-5.489937	5.489937	5.489937	-0.000002	-0.000002	0.000000	-3.973327	-1.189697	0.000000	91994.656250	1372.948486	94395.421875
2009	01	0.000000	-5.849025	5.849025	5.849025	-0.000002	-0.000002	0.000000	-5.741273	-1.250277	0.000000	91994.656250	1372.678345	94395.226562
2009	01	0.000000	-6.268399	6.268399	6.268399	-0.000002	-0.000002	0.000000	-3.491464	-0.662347	0.000000	91994.656250	1372.398682	94395.023438
2009	01	0.000000	-5.302158	5.302158	5.302158	-0.000002	-0.000002	0.000000	-6.520439	-0.976512	0.000000	91994.656250	1372.125488	94394.820312
2009	01	0.000000	-4.281749	4.281749	4.281749	-0.000002	-0.000002	0.000000	-7.979647	-0.459057	0.000000	91994.656250	1371.896484	94394.671875
2009	01	0.000000	-3.663300	3.663300	3.663300	-0.000001	-0.000001	0.000000	1.771186	-0.418751	0.000000	91994.656250	1371.680298	94394.531250
2009	01	0.000000	-4.565973	4.565973	4.565973	-0.000002	-0.000002	0.000000	-0.046888	-0.661084	0.000000	91994.656250	1371.482178	94394.406250
2009	01	0.000000	-5.476543	5.476543	5.476543	-0.000002	-0.000002	0.000000	-6.699734	-1.892553	0.000000	91994.656250	1371.223022	94394.218750
2009	01	0.000000	-4.280841	4.280841	4.280841	-0.000002	-0.000002	0.000000	-7.920801	-0.524753	0.000000	91994.656250	1370.991211	94394.062500
2009	01	0.000000	-6.203909	6.203909	6.203909	-0.000002	-0.000002	0.000000	-9.062079	-1.228714	0.000000	91994.656250	1370.743164	94393.890625
2009	01	0.000000	-4.647433	4.647433	4.647433	-0.000002	-0.000002	0.000000	-5.555496	-0.470913	0.000000	91994.656250	1370.479736	94393.703125
2009	01	0.000000	-4.252414	4.252414	4.252414	-0.000002	-0.000002	0.000000	5.283964	-0.315151	0.000000	91994.656250	1370.261475	94393.562500
2009	01	0.000000	-4.499352	4.499352	4.499352	-0.000002	-0.000002	0.000000	-5.055488	-0.460261	0.000000	91994.656250	1370.038086	94393.414062
2009	01	0.000000	-4.248912	4.248912	4.248912	-0.000002	-0.000002	0.000000	7.105901	-0.410946	0.000000	91994.656250	1369.810059	94393.257812
2009	01	0.000000	-4.268575	4.268575	4.268575	-0.000002	-0.000002	0.000000	2.089100	-0.299816	0.000000	91994.656250	1369.603882	94393.125000
2009	02	0.000000	-4.902181	4.902181	4.902181	-0.000002	-0.000002	0.000000	-5.887114	-0.502933	0.000000	91994.656250	1369.364136	94392.960938
2009	02	0.000000	-4.101869	4.101869	4.101869	-0.000002	-0.000002	0.000000	-9.194903	-0.546665	0.000000	91994.656250	1369.121582	94392.796875
2009	02	0.000000	-4.686843	4.686843	4.686843	-0.000002	-0.000002	0.000000	-8.218678	-1.208848	0.000000	91994.656250	1368.887695	94392.640625
2009	02	0.000000	-4.469554	4.469554	4.469554	-0.000002	-0.000002	0.000000	-12.201529	-1.315909	0.000000	91994.656250	1368.640625	94392.468750
2009	02	0.000000	-3.237233	3.237233	3.237233	-0.000001	-0.000001	0.000000	1.286578	-0.331023	0.000000	91994.656250	1368.428467	94392.328125
2009	02	0.000000	-3.448122	3.448122	3.448122	-0.000001	-0.000001	0.000000	3.603647	-0.496419	0.000000	91994.656250	1368.231201	94392.203125
2009	02	0.000000	-3.396619	3.396619	3.396619	-0.000001	-0.000001	0.000000	2.929505	-0.508244	0.000000	91994.656250	1368.031250	94392.078125
2009	02	0.000000	-2.910254	2.910254	2.910254	-0.000001	-0.000001	0.000000	0.055986	-0.280777	0.000000	91994.656250	1367.834839	94391.960938
2009	02	0.000000	-2.653720	2.653720	2.653720	-0.000001	-0.000001	0.000000	8.062468	-0.230528	0.000000	91994.656250	1367.662476	94391.859375
2009	02	0.000000	-2.737214	2.737214	2.737214	-0.000001	-0.000001	0.000000	3.469764	-0.298070	0.000000	91994.656250	1367.482544	94391.757812
2009	02	0.000000	-2.284532	2.284532	2.284532	-0.000001	-0.000001	0.000000	14.109059	-0.134008	0.000000	91994.656250	1367.318115	94391.664062
2009	02	0.000000	-2.996598	2.996598	2.996598	-0.000001	-0.000001	0.000000	0.038798	-0.284746	0.000000	91994.656250	1367.144409	94391.570312
2009	02	0.000000	-2.940544	2.940544	2.940544	-0.000001	-0.000001	0.000000	-0.163449	-0.203783	0.000000	91994.656250	1366.960083	94391.460938
2009	02	0.000000	-3.529460	3.529460	3.529460	-0.000001	-0.000001	0.000000	-0.323576	-0.354472	0.000000	91994.656250	1366.766968	94391.343750
2009	02	0.000000	-3.927014	3.927014	3.927014	-0.000002	-0.000002	0.000000	1.147451	-0.343548	0.000000	91994.656250	1366.556274	94391.203125
2009	02	0.000000	-3.754896	3.754896	3.754896	-0.000002	-0.000002	0.000000	-0.520077	-0.141747	0.000000	91994.656250	1366.335938	94391.062500
2009	02	0.000000	-3.379564	3.379564	3.379564	-0.000001	-0.000001	0.000000	2.685962	-0.280481	0.000000	91994.656250	1366.136475	94390.937500
2009	02	0.000000	-3.537235	3.537235	3.537235	-0.000001	-0.000001	0.000000	-0.174947	-0.517105	0.000000	91994.656250	1365.930542	94390.804688
2009	02	0.000000	-2.515158	2.515158	2.515158	-0.000001	-0.000001	0.000000	12.745953	-0.162809	0.000000	91994.656250	1365.748413	94390.695312
2009	02	0.000000	-2.383602	2.383602	2.383602	-0.000001	-0.000001	0.000000	13.136949	-0.232917	0.000000	91994.656250	1365.582642	94390.609375
2009	02	0.000000	-2.700725	2.700725	2.700725	-0.000001	-0.000001	0.000000	8.229628	-0.286309	0.000000	91994.656250	1365.415894	94390.515625
2009	02	0.000000	-2.981491	2.981491	2.981491	-0.000001	-0.000001	0.000000	1.759903	-0.577723	0.000000	91994.656250	1365.234497	94390.406250
2009	02	0.000000	-4.725708	4.725708	4.725708	-0.000002	-0.000002	0.000000	-2.990509	-1.934795	0.000000	91994.656250	1365.025879	94390.273438
2009	02	0.000000	-5.092569	5.092569	5.092569	-0.000002	-0.000002	0.000000	-12.724718	-3.706288	0.000000	91994.656250	1364.761597	94390.085938
2009	02	0.000000	-3.359347	3.359347	3.359347	-0.000001	-0.000001	0.000000	-8.347013	-0.657588	0.000000	91994.656250	1364.538208	94389.937500
2009	02	0.000000	-3.173528	3.173528	3.173528	-0.000001	-0.000001	0.000000	12.848993	-0.135756	0.000000	91994.656250	1364.348755	94389.820312
2009	02	0.000000	-2.438753	2.438753	2.438753	-0.000001	-0.000001	0.000000	5.292237	-0.362814	0.000000	91994.656250	1364.167603	94389.710938
2009	02	0.000000	-2.693913	2.693913	2.693913	-0.000001	-0.000001	0.000000	-6.474696	-0.348814	0.000000	91994.656250	1364.003296	94389.625000
2009	03	0.000000	-3.444046	3.444046	3.444046	-0.000001	-0.000001	0.000000	-3.514992	-0.459668	0.000000	91994.656250	1363.827271	94389.523438
2009	03	0.000000	-3.589716	3.589716	3.589716	-0.000001	-0.000001	0.000000	14.236233	-0.422294	0.000000	91994.656250	1363.631836	94389.406250
2009	03	0.000000	-3.711524	3.711524	3.711524	-0.000001	-0.000001	0.000000	15.999297	0.026107	0.000000	91994.656250	1363.433105	94389.281250
2009	03	0.000000	-3.671151	3.671151	3.671151	-0.000001	-0.000001	0.000000	18.728048	-0.257184	0.000000	91994.656250	1363.250488	94389.171875
2009	03	0.000000	-4.358312	4.358312	4.358312	-0.000002	-0.000002	0.000000	2.954000	-0.691075	0.000000	91994.656250	1363.034668	94389.031250
2009	03	0.000000	-6.330672	6.330672	6.330672	-0.000002	-0.000002	0.000000	-4.527341	-2.088293	0.000000	91994.656250	1362.786133	94388.859375
2009	03	0.000000	-5.962149	5.962149	5.962149	-0.000002	-0.000002	0.000000	-5.799095	-1.767960	0.000000	91994.656250	1362.506104	94388.648438
2009	03	0.000000	-4.644946	4.644946	4.644946	-0.000002	-0.000002	0.000000	10.301890	-0.103385	0.000000	91994.656250	1362.268799	94388.484375
2009	03	0.000000	-5.036638	5.036638	5.036638	-0.000002	-0.000002	0.000000	9.372705	-0.225811	0.000000	91994.656250	1362.031006	94388.328125
2009	03	0.000000	-4.256146	4.256146	4.256146	-0.000002	-0.000002	0.000000	3.261715	-0.389676	0.000000	91994.656250	1361.810425	94388.179688
2009	03	0.000000	-4.122823	4.122823	4.122823	-0.000002	-0.000002	0.000000	5.657625	-0.269099	0.000000	91994.656250	1361.593384	94388.039062
2009	03	0.000000	-4.004007	4.004007	4.004007	-0.000001	-0.000001	0.000000	13.081495	-0.071333	0.000000	91994.656250	1361.394775	94387.914062
2009	03	0.000000	-4.843728	4.843728	4.843728	-0.000002	-0.000002	0.000000	-2.875191	-1.094217	0.000000	91994.656250	1361.168091	94387.757812
2009	03	0.000000	-5.542507	5.542507	5.542507	-0.000002	-0.000002	0.000000	7.464966	-1.101929	0.000000	91994.656250	1360.930420	94387.593750
2009	03	0.000000	-4.721796	4.721796	4.721796	-0.000002	-0.000002	0.000000	1.356018	-0.924958	0.000000	91994.656250	1360.680298	94387.421875
2009	03	0.000000	-5.241811	5.241811	5.241811	-0.000002	-0.000002	0.000000	7.114912	-0.655352	0.000000	91994.656250	1360.462891	94387.281250
2009	03	0.000000	-6.547434	6.547434	6.547434	-0.000002	-0.000002	0.000000	-2.831939	-2.303964	0.000000	91994.656250	1360.187134	94387.078125
2009	03	0.000000	-7.572338	7.572338	7.572338	-0.000003	-0.000003	0.000000	-2.917792	-2.370955	0.000000	91994.656250	1359.880371	94386.843750
2009	03	0.000000	-6.573654	6.573654	6.573654	-0.000002	-0.000002	0.000000	3.725664	-0.751022	0.000000	91994.656250	1359.583862	94386.625000
2009	03	0.000000	-5.187199	5.187199	5.187199	-0.000002	-0.000002	0.000000	5.386361	-0.505993	0.000000	91994.656250	1359.306641	94386.421875
2009	03	0.000000	-5.382531	5.382531	5.382531	-0.000002	-0.000002	0.000000	-0.713207	-0.971432	0.000000	91994.656250	1359.065674	94386.250000
2009	03	0.000000	-6.189054	6.189054	6.189054	-0.000002	-0.000002	0.000000	2.084333	-1.318653	0.000000	91994.656250	1358.809204	94386.070312
2009	03	0.000000	-6.772082	6.772082	6.772082	-0.000003	-0.000003	0.000000	2.736681	-1.049394	0.000000	91994.656250	1358.517212	94385.851562
2009	03	0.000000	-6.070624	6.070624	6.070624	-0.000002	-0.000002	0.000000	-5.708657	-2.025369	0.000000	91994.656250	1358.235352	94385.648438
2009	03	0.000000	-5.628687	5.628687	5.628687	-0.000002	-0.000002	0.000000	7.247863	-0.554876	0.000000	91994.656250	1357.984619	94385.468750
2009	03	0.000000	-5.708291	5.708291	5.708291	-0.000002	-0.000002	0.000000	3.479735	-0.925280	0.000000	91994.656250	1357.717041	94385.281250
2009	03	0.000000	-5.527021	5.527021	5.527021	-0.000002	-0.000002	0.000000	3.904006	-1.243425	0.000000	91994.656250	1357.467041	94385.101562
2009	03	0.000000	-7.491100	7.491100	7.491100	-0.000003	-0.000003	0.000000	-3.623037	-4.102143	0.000000	91994.656250	1357.174072	94384.882812
2009	03	0.000000	-6.496662	6.496662	6.496662	-0.000002	-0.000002	0.000000	3.061069	-2.877247	0.000000	91994.656250	1356.878906	94384.664062
2009	03	0.000000	-5.551013	5.551013	5.551013	-0.000002	-0.000002	0.000000	-0.139474	-2.084274	0.000000	91994.656250	1356.602295	94384.460938
2009	03	0.000000	-6.395003	6.395003	6.395003	-0.000002	-0.000002	0.000000	4.794440	-1.586799	0.000000	91994.656250	1356.347046	94384.281250
2009	04	0.000000	-5.906258	5.906258	5.906258	-0.000002	-0.000002	0.000000	0.089703	-1.284404	0.000000	91994.656250	1356.065674	94384.070312
2009	04	0.000000	-7.261756	7.261756	7.261756	-0.000003	-0.000003	0.000000	-17.252171	-4.663941	0.000000	91994.656250	1355.768677	94383.851562
2009	04	0.000000	-6.397251	6.397251	6.397251	-0.000002	-0.000002	0.000000	-12.466674	-3.561456	0.000000	91994.656250	1355.459351	94383.617188
2009	04	0.000000	-4.604228	4.604228	4.604228	-0.000002	-0.000002	0.000000	3.569119	-0.620069	0.000000	91994.656250	1355.211670	94383.437500
2009	04	0.000000	-4.386106	4.386106	4.386106	-0.000002	-0.000002	0.000000	4.159362	-0.627314	0.000000	91994.656250	1354.987427	94383.289062
2009	04	0.000000	-5.650220	5.650220	5.650220	-0.000002	-0.000002	0.000000	-14.132810	-2.310361	0.000000	91994.656250	1354.744263	94383.125000
2009	04	0.000000	-6.128370	6.128370	6.128370	-0.000002	-0.000002	0.000000	-17.745363	-4.479561	0.000000	91994.656250	1354.470337	94382.921875
2009	04	0.000000	-5.489909	5.489909	5.489909	-0.000002	-0.000002	0.000000	-6.664949	-2.145767	0.000000	91994.656250	1354.202393	94382.726562
2009	04	0.000000	-6.316983	6.316983	6.316983	-0.000002	-0.000002	0.000000	-10.785893	-2.782502	0.000000	91994.656250	1353.938477	94382.539062
2009	04	0.000000	-6.663456	6.663456	6.663456	-0.000003	-0.000003	0.000000	-6.874803	-2.407322	0.000000	91994.656250	1353.633179	94382.304688
2009	04	0.000000	-5.037975	5.037975	5.037975	-0.000002	-0.000002	0.000000	3.321418	-0.651913	0.000000	91994.656250	1353.371826	94382.117188
2009	04	0.000000	-4.900934	4.900934	4.900934	-0.000002	-0.000002	0.000000	3.807028	-0.698539	0.000000	91994.656250	1353.135376	94381.960938
2009	04	0.000000	-5.708811	5.708811	5.708811	-0.000002	-0.000002	0.000000	2.178018	-0.888604	0.000000	91994.656250	1352.884155	94381.781250
2009	04	0.000000	-6.039156	6.039156	6.039156	-0.000002	-0.000002	0.000000	-2.901666	-1.091279	0.000000	91994.656250	1352.608765	94381.578125
2009	04	0.000000	-6.148637	6.148637	6.148637	-0.000002	-0.000002	0.000000	-7.286361	-0.989847	0.000000	91994.656250	1352.340210	94381.382812
2009	04	0.000000	-7.413748	7.413748	7.413748	-0.000003	-0.000003	0.000000	-5.883763	-1.668460	0.000000	91994.656250	1352.033813	94381.156250
2009	04	0.000000	-6.091981	6.091981	6.091981	-0.000002	-0.000002	0.000000	-4.739501	-1.541528	0.000000	91994.656250	1351.730835	94380.921875
2009	04	0.000000	-7.181091	7.181091	7.181091	-0.000003	-0.000003	0.000000	-10.934615	-3.735019	0.000000	91994.656250	1351.446411	94380.710938
2009	04	0.000000	-8.358003	8.358003	8.358003	-0.000003	-0.000003	0.000000	-10.648991	-4.319168	0.000000	91994.656250	1351.101196	94380.445312
2009	04	0.000000	-6.052202	6.052202	6.052202	-0.000002	-0.000002	0.000000	-4.933414	-1.456661	0.000000	91994.656250	1350.791382	94380.203125
2009	04	0.000000	-6.013721	6.013721	6.013721	-0.000002	-0.000002	0.000000	-2.099302	-0.808924	0.000000	91994.656250	1350.512451	94380.000000
2009	04	0.000000	-5.362553	5.362553	5.362553	-0.000002	-0.000002	0.000000	-0.540820	-0.399859	0.000000	91994.656250	1350.257568	94379.820312
2009	04	0.000000	-7.698926	7.698926	7.698926	-0.000003	-0.000003	0.000000	-7.218028	-2.642609	0.000000	91994.656250	1349.965576	94379.601562
2009	04	0.000000	-6.695101	6.695101	6.695101	-0.000003	-0.000003	0.000000	-7.909706	-1.615240	0.000000	91994.656250	1349.640259	94379.351562
2009	04	0.000000	-7.571838	7.571838	7.571838	-0.000003	-0.000003	0.000000	-8.547361	-5.007817	0.000000	91994.656250	1349.345215	94379.132812
2009	04	0.000000	-7.720019	7.720019	7.720019	-0.000003	-0.000003	0.000000	-10.636255	-5.131251	0.000000	91994.656250	1349.012329	94378.875000
2009	04	0.000000	-5.836857	5.836857	5.836857	-0.000002	-0.000002	0.000000	-6.989998	-1.908150	0.000000	91994.656250	1348.703735	94378.640625
2009	04	0.000000	-6.984032	6.984032	6.984032	-0.000003	-0.000003	0.000000	-7.009837	-2.631295	0.000000	91994.656250	1348.429199	94378.437500
2009	04	0.000000	-7.572590	7.572590	7.572590	-0.000003	-0.000003	0.000000	-4.037306	-1.051018	0.000000	91994.656250	1348.104492	94378.187500
2009	04	0.000000	-6.449654	6.449654	6.449654	-0.000002	-0.000002	0.000000	3.331947	0.966027	0.000000	91994.656250	1347.796631	94377.953125
2009	05	0.000000	-6.719244	6.719244	6.719244	-0.000003	-0.000003	0.000000	0.072082	-0.050148	0.000000	91994.656250	1347.512573	94377.742188
2009	05	0.000000	-8.307197	8.307197	8.307197	-0.000003	-0.000003	0.000000	-4.805911	-0.291508	0.000000	91994.656250	1347.188599	94377.492188
2009	05	0.000000	-8.203900	8.203900	8.203900	-0.000003	-0.000003	0.000000	-5.384681	-1.775995	0.000000	91994.656250	1346.857666	94377.234375
2009	05	0.000000	-8.814176	8.814176	8.814176	-0.000003	-0.000003	0.000000	-1.585449	0.768157	0.000000	91994.656250	1346.504395	94376.953125
2009	05	0.000000	-7.783974	7.783974	7.783974	-0.000003	-0.000003	0.000000	-3.395256	0.930716	0.000000	91994.656250	1346.155518	94376.679688
2009	05	0.000000	-8.076395	8.076395	8.076395	-0.000003	-0.000003	0.000000	-9.345460	-1.740965	0.000000	91994.656250	1345.833984	94376.429688
2009	05	0.000000	-7.478687	7.478687	7.478687	-0.000003	-0.000003	0.000000	-3.448480	0.269935	0.000000	91994.656250	1345.508057	94376.179688
2009	05	0.000000	-7.870749	7.870749	7.870749	-0.000003	-0.000003	0.000000	-2.569297	0.328541	0.000000	91994.656250	1345.189575	94375.937500
2009	05	0.000000	-7.490232	7.490232	7.490232	-0.000003	-0.000003	0.000000	-1.448789	1.679905	0.000000	91994.656250	1344.867188	94375.687500
2009	05	0.000000	-8.625577	8.625577	8.625577	-0.000003	-0.000003	0.000000	-6.194611	-0.519048	0.000000	91994.656250	1344.539429	94375.429688
2009	05	0.000000	-9.451711	9.451711	9.451711	-0.000004	-0.000004	0.000000	-4.031020	6.867167	0.000000	91994.656250	1344.176392	94375.140625
2009	05	0.000000	-9.441220	9.441220	9.441220	-0.000004	-0.000004	0.000000	-3.137181	3.186758	0.000000	91994.656250	1343.799194	94374.835938
2009	05	0.000000	-9.321844	9.321844	9.321844	-0.000003	-0.000003	0.000000	-5.464489	0.393735	0.000000	91994.656250	1343.418823	94374.531250
2009	05	0.000000	-7.458547	7.458547	7.458547	-0.000003	-0.000003	0.000000	4.693697	2.306716	0.000000	91994.656250	1343.072510	94374.257812
2009	05	0.000000	-7.586724	7.586724	7.586724	-0.000003	-0.000003	0.000000	4.252037	3.116610	0.000000	91994.656250	1342.758667	94374.015625
2009	05	0.000000	-8.497140	8.497140	8.497140	-0.000003	-0.000003	0.000000	-3.006669	0.909154	0.000000	91994.656250	1342.426758	94373.757812
2009	05	0.000000	-9.846388	9.846388	9.846388	-0.000004	-0.000004	0.000000	1.047775	5.225404	0.000000	91994.656250	1342.061035	94373.468750
2009	05	0.000000	-9.289235	9.289235	9.289235	-0.000003	-0.000003	0.000000	0.945893	5.293497	0.000000	91994.656250	1341.680664	94373.164062
2009	05	0.000000	-9.275841	9.275841	9.275841	-0.000003	-0.000003	0.000000	1.654246	5.636872	0.000000	91994.656250	1341.307373	94372.859375
2009	05	0.000000	-8.799462	8.799462	8.799462	-0.000003	-0.000003	0.000000	2.675837	6.030581	0.000000	91994.656250	1340.941406	94372.570312
2009	05	0.000000	-7.949658	7.949658	7.949658	-0.000003	-0.000003	0.000000	7.551849	8.503849	0.000000	91994.656250	1340.601074	94372.304688
2009	05	0.000000	-8.226444	8.226444	8.226444	-0.000003	-0.000003	0.000000	4.668442	7.657275	0.000000	91994.656250	1340.265015	94372.039062
2009	05	0.000000	-9.426463	9.426463	9.426463	-0.000004	-0.000004	0.000000	2.758523	6.934711	0.000000	91994.656250	1339.910400	94371.757812
2009	05	0.000000	-9.272026	9.272026	9.272026	-0.000003	-0.000003	0.000000	-0.212906	5.898349	0.000000	91994.656250	1339.536133	94371.460938
2009	05	0.000000	-8.722200	8.722200	8.722200	-0.000003	-0.000003	0.000000	-0.410977	10.450196	0.000000	91994.656250	1339.171509	94371.164062
2009	05	0.000000	-7.664122	7.664122	7.664122	-0.000003	-0.000003	0.000000	-3.560881	5.056636	0.000000	91994.656250	1338.830444	94370.898438
2009	05	0.000000	-7.049032	7.049032	7.049032	-0.000003	-0.000003	0.000000	6.299965	5.419802	0.000000	91994.656250	1338.523560	94370.664062
2009	05	0.000000	-8.633191	8.633191	8.633191	-0.000003	-0.000003	0.000000	2.183718	9.046865	0.000000	91994.656250	1338.200439	94370.414062
2009	05	0.000000	-7.979330	7.979330	7.979330	-0.000003	-0.000003	0.000000	5.614973	6.215867	0.000000	91994.656250	1337.857788	94370.148438
2009	05	0.000000	-7.524344	7.524344	7.524344	-0.000003	-0.000003	0.000000	8.358793	5.591585	0.000000	91994.656250	1337.534302	94369.898438
2009	05	0.000000	-7.631653	7.631653	7.631653	-0.000003	-0.000003	0.000000	10.658347	7.110002	0.000000	91994.656250	1337.219849	94369.656250
2009	06	0.000000	-8.317401	8.317401	8.317401	-0.000003	-0.000003	0.000000	-5.481016	2.532240	0.000000	91994.656250	1336.885376	94369.390625
2009	06	0.000000	-8.815004	40.975613	40.975613	-0.000016	-0.000016	32.160610	-18.013132	-7.386487	0.000000	91995.281250	1336.526245	94368.632812
2009	06	0.000000	-8.289777	30.148861	30.148861	-0.000012	-0.000012	21.859081	-4.305781	-1.110442	0.000000	91996.445312	1336.167358	94367.351562
2009	06	0.000000	-8.543536	22.982479	22.982479	-0.000009	-0.000009	14.438945	-3.509954	-0.175015	0.000000	91997.085938	1335.815430	94366.476562
2009	06	0.000000	-8.306691	17.166946	17.166946	-0.000007	-0.000007	8.860254	-1.847291	1.029270	0.000000	91997.562500	1335.463745	94365.812500
2009	06	0.000000	-8.275726	15.221968	15.221968	-0.000006	-0.000006	6.946241	-5.815163	-1.990509	0.000000	91997.875000	1335.112915	94365.289062
2009	06	0.000000	-7.552887	11.293914	11.293914	-0.000004	-0.000004	3.741026	1.746551	2.794852	0.000000	91998.109375	1334.774292	94364.828125
2009	06	0.000000	-8.580282	9.987708	9.987708	-0.000004	-0.000004	1.407425	-11.956759	-3.997463	0.000000	91998.148438	1334.438477	94364.500000
2009	06	0.000000	-8.470407	9.941010	9.941010	-0.000004	-0.000004	1.470604	-1.513528	5.447864	0.000000	91998.171875	1334.078735	94364.164062
2009	06	0.000000	-8.609406	13.353599	13.353599	-0.000005	-0.000005	4.744193	19.793270	5.894113	0.000000	91998.203125	1333.720215	94363.781250
2009	06	0.000000	-10.065369	94.979919	94.979919	-0.000037	-0.000037	84.914551	26.264843	11.704628	0.000000	91999.398438	1333.345337	94362.234375
2009	06	0.000000	-13.167876	119.579033	119.579033	-0.000046	-0.000046	106.411163	32.507992	33.731243	0.000000	92002.695312	1332.868652	94358.296875
2009	06	0.000000	-10.948450	99.957031	99.957031	-0.000039	-0.000039	89.008591	51.272095	23.412895	0.000000	92005.078125	1332.403564	94354.648438
2009	06	0.000000	-10.221649	94.146385	94.146385	-0.000036	-0.000036	83.924728	94.033485	50.014217	0.000000	92006.906250	1331.975586	94351.398438
2009	06	0.000000	-11.668001	93.052490	93.052490	-0.000036	-0.000036	81.384491	74.517258	48.243439	0.000000	92008.437500	1331.550171	94348.289062
2009	06	5.341356	-9.574914	100.519325	95.177971	-0.000037	-0.000037	85.603058	32.627453	40.269184	14823.511719	92009.625000	1331.068481	94345.093750
2009	06	18.222298	2.963744	94.869400	76.647110	-0.000030	-0.000030	79.610847	22.096161	47.936718	50571.136719	92010.773438	1330.920044	94342.226562
2009	06	35.875847	17.182148	95.131943	59.256096	-0.000023	-0.000023	76.438240	23.886019	28.315807	99563.867188	92011.789062	1331.225586	94340.078125
2009	06	33.146912	15.586514	90.352547	57.205635	-0.000022	-0.000022	72.792145	9.271930	19.751898	91990.429688	92012.757812	1331.662720	94338.109375
2009	06	70.186630	44.258011	103.059845	32.873215	-0.000013	-0.000013	77.131226	97.082169	47.480114	194784.328125	92013.703125	1332.666016	94336.664062
2009	06	93.927017	60.627373	113.309921	19.382917	-0.000007	-0.000007	80.010284	28.526613	59.240665	260669.421875	92014.640625	1334.372192	94335.796875
2009	06	64.872635	39.109375	90.609970	25.737331	-0.000010	-0.000010	64.846710	-13.257179	24.812134	180036.718750	92015.460938	1336.057495	94335.179688
2009	06	65.138245	40.346252	83.790001	18.651756	-0.000007	-0.000007	58.998005	2.576345	16.645576	180773.875000	92016.125000	1337.148315	94334.304688
2009	06	120.827759	82.555321	101.888222	-18.939535	0.000007	0.000007	63.615788	27.682133	29.466391	335325.281250	92016.757812	1339.154419	94334.343750
2009	06	150.677277	105.130821	112.335754	-38.341515	0.000015	0.000015	66.789314	39.856983	48.381493	418164.656250	92017.390625	1342.373535	94335.429688
2009	06	187.853928	131.473999	127.668007	-60.185925	0.000023	0.000023	71.288078	48.500938	80.860016	521338.593750	92018.007812	1346.124756	94336.968750
2009	06	204.026321	144.094864	133.925644	-70.100662	0.000027	0.000027	73.994202	39.971695	87.309258	566220.750000	92018.632812	1350.631836	94339.101562
2009	06	195.827530	132.368027	152.203735	-43.623798	0.000017	0.000017	88.744232	-23.584993	110.087860	543467.187500	92019.250000	1355.011353	94340.820312
2009	06	240.701080	169.797684	155.529587	-85.171501	0.000033	0.000033	84.626190	4.799032	101.273811	668001.750000	92019.781250	1360.029419	94343.007812
2009	06	231.735794	161.354797	153.924255	-77.811523	0.000030	0.000030	83.543266	-51.371857	110.222046	643120.937500	92020.187500	1365.748413	94346.023438
2009	07	228.656830	164.668716	138.644241	-90.012604	0.000034	0.000034	74.656113	2.108448	67.105492	614106.000000	92020.523438	1371.249756	94349.015625
2009	07	215.063034	156.609314	125.423157	-89.639885	0.000033	0.000033	66.969429	76.142212	55.341766	577597.000000	92020.804688	1376.202881	94351.789062
2009	07	249.510529	183.306381	132.253265	-117.257278	0.000044	0.000044	66.049118	89.302002	61.787125	670112.937500	92021.015625	1381.564331	94355.085938
2009	07	279.586060	205.848495	141.651657	-137.934402	0.000051	0.000051	67.914085	87.252472	71.563713	750887.062500	92021.171875	1387.810181	94359.234375
2009	07	284.280457	208.754608	140.329483	-143.950974	0.000054	0.000054	64.803650	81.530487	76.744781	763494.875000	92021.320312	1394.475220	94363.820312
2009	07	241.225601	177.408737	122.295868	-118.929741	0.000044	0.000044	58.478985	108.144135	50.530430	647862.062500	92021.468750	1400.630615	94368.085938
2009	07	267.485168	197.913269	126.415726	-141.069458	0.000053	0.000053	56.843803	110.757004	57.730854	718387.687500	92021.593750	1406.690186	94372.367188
2009	07	253.594208	187.601120	120.586784	-133.007416	0.000050	0.000050	54.593700	121.382965	48.016853	681080.500000	92021.671875	1412.783936	94376.742188
2009	07	268.993225	199.731018	122.996521	-145.996689	0.000055	0.000055	53.734333	112.483826	50.731663	722437.812500	92021.726562	1418.999756	94381.289062
2009	07	263.157776	194.298737	126.232773	-136.924988	0.000051	0.000051	57.373756	97.022552	51.501373	706765.437500	92021.750000	1425.358765	94385.953125
2009	07	285.801453	212.916870	130.171341	-155.630112	0.000058	0.000058	57.286751	87.344368	50.738487	767579.812500	92021.695312	1431.744995	94390.554688
2009	07	291.466827	215.194168	136.086563	-155.380264	0.000058	0.000058	59.813904	48.566879	56.581749	782795.437500	92021.617188	1438.636597	94395.640625
2009	07	295.746063	219.822144	134.218506	-161.527573	0.000060	0.000060	58.294571	54.766418	59.980030	794288.187500	92021.523438	1445.616943	94400.781250
2009	07	242.049271	178.576233	119.295700	-122.753563	0.000046	0.000046	55.822674	113.399414	44.577244	650074.125000	92021.421875	1451.890991	94405.296875
2009	07	228.190079	168.739960	112.477608	-115.712471	0.000043	0.000043	53.027496	122.168556	36.454494	612852.437500	92021.335938	1457.203857	94408.945312
2009	07	273.587646	203.717865	124.458786	-149.128860	0.000056	0.000056	54.589001	78.027557	47.213448	734777.125000	92021.218750	1463.161011	94413.250000
2009	07	248.439178	179.434021	128.717255	-119.721931	0.000045	0.000045	59.712093	48.950470	56.724949	667235.625000	92021.101562	1469.328003	94417.632812
2009	07	274.467010	202.062531	129.874756	-144.592224	0.000054	0.000054	57.470306	53.181011	52.514641	737138.812500	92020.960938	1475.384766	94421.906250
2009	07	289.540039	212.961761	137.287659	-152.252396	0.000057	0.000057	60.709370	17.449982	73.190727	777620.687500	92020.812500	1482.093262	94426.773438
2009	07	272.762512	202.175735	127.423416	-145.339096	0.000054	0.000054	56.836636	63.089367	64.379425	732561.062500	92020.632812	1488.825562	94431.671875
2009	07	248.599060	184.935150	116.295898	-132.303162	0.000049	0.000049	52.631973	104.434822	42.811447	667665.000000	92020.445312	1494.927246	94436.109375
2009	07	249.197723	185.654114	114.696419	-134.501312	0.000050	0.000050	51.152798	102.177284	39.080318	669272.875000	92020.257812	1500.793945	94440.398438
2009	07	261.305328	195.081039	116.845139	-144.460190	0.000054	0.000054	50.620861	76.427063	41.724415	701790.375000	92020.054688	1506.782104	94444.828125
2009	07	294.783905	219.600266	127.711739	-167.072159	0.000062	0.000062	52.528103	62.243145	57.730568	791704.125000	92019.835938	1513.391357	94449.843750
2009	07	285.525818	208.414764	131.278564	-154.247253	0.000058	0.000058	54.167519	31.551313	62.403431	766839.562500	92019.609375	1520.181885	94455.000000
2009	07	263.981262	191.974457	125.598076	-138.383179	0.000052	0.000052	53.591263	35.037685	54.027302	708977.187500	92019.382812	1526.517944	94459.679688
2009	07	296.379974	216.123184	135.929840	-160.450134	0.000060	0.000060	55.673065	42.366623	67.908562	795990.687500	92019.148438	1533.004028	94464.484375
2009	07	246.493973	175.043152	127.253372	-119.240608	0.000045	0.000045	55.802536	35.940296	73.651108	662011.375000	92018.898438	1539.687256	94469.453125
2009	07	197.418655	143.373459	111.048210	-86.370445	0.000032	0.000032	57.003014	23.800926	53.568974	530209.312500	92018.679688	1544.365234	94472.390625
2009	07	205.062286	148.448990	110.146072	-94.916214	0.000035	0.000035	53.532780	69.278069	53.742783	550737.875000	92018.460938	1549.126343	94475.468750
2009	07	193.350082	138.761658	106.797211	-86.552879	0.000032	0.000032	52.208771	51.953480	47.154491	519282.312500	92018.234375	1553.661987	94478.382812
2009	08	221.873169	159.975830	114.641556	-107.231606	0.000040	0.000040	52.744225	45.293606	56.383293	595887.000000	92017.992188	1558.482910	94481.593750
2009	08	212.745560	151.212372	113.828598	-98.916962	0.000037	0.000037	52.295414	27.303635	52.355537	571372.937500	92017.718750	1563.687134	94485.187500
2009	08	174.124222	121.846802	101.723625	-72.400589	0.000027	0.000027	49.446209	46.857658	39.807690	467647.156250	92017.460938	1567.920288	94487.875000
2009	08	180.823837	126.568596	103.966576	-76.857254	0.000029	0.000029	49.711349	48.124744	40.781635	485640.406250	92017.226562	1571.696899	94490.140625
2009	08	199.549866	138.743866	111.594505	-87.955360	0.000033	0.000033	50.788509	27.164604	42.630642	535933.125000	92016.968750	1575.977783	94492.890625
2009	08	205.418594	139.532410	119.229355	-86.189232	0.000032	0.000032	53.343170	23.946932	50.330151	551694.812500	92016.695312	1580.463867	94495.765625
2009	08	197.217072	135.771957	112.044800	-85.172272	0.000032	0.000032	50.599689	9.852524	41.310616	529667.875000	92016.398438	1585.029175	94498.742188
2009	08	164.363113	111.476311	100.594810	-63.768299	0.000024	0.000024	47.708004	14.205489	23.980503	441431.656250	92016.125000	1588.640625	94500.867188
2009	08	177.343552	111.208801	118.961884	-58.381657	0.000022	0.000022	52.827145	-33.290203	52.545261	476293.343750	92015.859375	1592.442993	94503.140625
2009	08	134.823181	85.762352	101.249985	-33.573196	0.000013	0.000013	52.189156	-23.780313	54.808350	362095.968750	92015.593750	1595.852783	94504.945312
2009	08	129.500748	83.900635	95.418236	-34.082508	0.000013	0.000013	49.818123	17.170464	32.955696	347801.468750	92015.398438	1598.014526	94505.539062
2009	08	177.889145	119.899506	108.337585	-69.551559	0.000026	0.000026	50.347942	14.817533	56.771183	477758.687500	92015.125000	1601.503296	94507.500000
2009	08	193.924438	129.267349	115.822250	-78.102188	0.000029	0.000029	51.165165	11.034894	55.435268	520824.843750	92014.804688	1605.538208	94509.976562
2009	08	193.374191	124.864532	120.883965	-72.490227	0.000027	0.000027	52.374313	5.656497	54.608917	519347.031250	92014.476562	1609.549561	94512.398438
2009	08	179.312042	109.513565	123.102325	-56.209709	0.000021	0.000021	53.303856	-4.219336	57.445679	481580.156250	92014.140625	1613.355591	94514.593750
2009	08	146.126953	87.783760	109.029617	-37.097340	0.000014	0.000014	50.686420	-4.966691	50.267368	392454.656250	92013.812500	1616.840820	94516.492188
2009	08	109.046837	65.766068	88.735535	-20.311295	0.000008	0.000008	45.454777	11.083382	31.659752	292868.187500	92013.562500	1618.906616	94517.109375
2009	08	86.112762	49.289360	78.979004	-7.133758	0.000003	0.000003	42.155602	54.312408	24.311083	231273.921875	92013.312500	1620.852295	94517.726562
2009	08	93.624939	54.342190	81.773590	-11.851349	0.000004	0.000004	42.490845	51.803738	19.078329	251449.453125	92013.085938	1622.320312	94517.929688
2009	08	101.269798	60.501984	82.236237	-19.033556	0.000007	0.000007	41.468430	42.416767	18.987883	271981.343750	92012.843750	1624.294189	94518.625000
2009	08	86.556419	46.384541	83.960342	-2.596076	0.000001	0.000001	43.788460	13.966416	19.525841	232465.437500	92012.601562	1625.930542	94519.000000
2009	08	92.231789	49.163647	88.852783	-3.379001	0.000001	0.000001	45.784645	-6.793838	21.569124	247707.859375	92012.375000	1627.489380	94519.195312
2009	08	76.375084	40.536968	78.182739	1.807650	-0.000001	-0.000001	42.344616	15.355729	28.695597	205121.359375	92012.140625	1628.953613	94519.304688
2009	08	74.028000	38.829700	77.060860	3.032858	-0.000001	-0.000001	41.862556	43.613514	20.239357	198817.765625	92011.921875	1630.058472	94519.156250
2009	08	76.303421	40.120914	78.103142	1.799719	-0.000001	-0.000001	41.920631	39.812908	18.897127	204928.875000	92011.695312	1631.344482	94519.179688
2009	08	61.600697	28.556150	74.493828	12.893133	-0.000005	-0.000005	41.449280	8.472553	21.496725	165441.625000	92011.492188	1632.366943	94518.945312
2009	08	46.460960	17.027893	70.504372	24.043407	-0.000009	-0.000009	41.071304	13.175549	15.183865	124780.687500	92011.296875	1633.010620	94518.351562
2009	08	60.336784	28.054697	73.500320	13.163540	-0.000005	-0.000005	41.218239	24.539688	10.916199	162047.093750	92011.093750	1633.710571	94517.804688
2009	08	66.660904	34.167198	71.627129	4.966224	-0.000002	-0.000002	39.133423	45.730164	13.666669	179031.859375	92010.875000	1634.758545	94517.640625
2009	08	68.326416	34.547626	72.615974	4.289557	-0.000002	-0.000002	38.837181	29.881561	15.407905	183504.953125	92010.632812	1635.840576	94517.562500
2009	08	77.587349	40.846371	76.283501	-1.303842	0.000000	0.000000	39.542530	24.620193	17.635893	208377.125000	92010.390625	1637.026367	94517.570312
2009	09	81.198669	41.469498	80.769745	-0.428921	0.000000	0.000000	41.040573	19.235870	18.046629	225345.265625	92010.140625	1638.376953	94517.710938
2009	09	84.741562	45.005211	81.072838	-3.668726	0.000001	0.000001	41.336487	12.607291	14.181222	235177.640625	92009.867188	1639.842407	94517.875000
2009	09	54.313030	23.363585	69.503494	15.190460	-0.000006	-0.000006	38.554043	-5.404000	19.463154	150731.359375	92009.617188	1640.876343	94517.648438
2009	09	49.255043	19.626175	68.195435	18.940390	-0.000007	-0.000007	38.566566	-3.816141	7.056718	136694.250000	92009.398438	1641.434814	94517.031250
2009	09	47.485203	18.053841	68.444138	20.958933	-0.000008	-0.000008	39.012772	6.777520	10.083229	131782.546875	92009.171875	1642.074829	94516.460938
2009	09	35.138680	8.761950	63.802330	28.663649	-0.000011	-0.000011	37.425598	13.555202	10.908400	97518.054688	92008.945312	1642.459595	94515.664062
2009	09	45.646576	17.622210	64.929832	19.283255	-0.000007	-0.000007	36.905464	18.155746	5.757746	126679.929688	92008.718750	1642.891602	94514.937500
2009	09	49.878460	19.795124	67.605782	17.727322	-0.000007	-0.000007	37.522446	6.138486	6.581310	138424.390625	92008.476562	1643.499756	94514.406250
2009	09	57.632259	23.833988	73.709808	16.077547	-0.000006	-0.000006	39.911537	2.929711	8.254046	159943.000000	92008.234375	1644.236450	94513.945312
2009	09	54.125179	21.332590	73.330215	19.205038	-0.000007	-0.000007	40.537624	-5.359860	21.023029	150210.015625	92007.968750	1645.129395	94513.585938
2009	09	32.020126	6.322319	64.048851	32.028725	-0.000012	-0.000012	38.351040	9.887891	11.645565	88863.335938	92007.726562	1645.229004	94512.453125
2009	09	37.529629	11.329141	63.150612	25.620983	-0.000010	-0.000010	36.950123	15.633581	5.829202	104153.492188	92007.484375	1645.576294	94511.632812
2009	09	39.408470	11.663876	64.919403	25.510935	-0.000010	-0.000010	37.174809	4.340205	3.687011	109367.718750	92007.234375	1645.929077	94510.851562
2009	09	40.012276	11.252981	67.347824	27.335548	-0.000011	-0.000011	38.588531	-6.397419	-0.601165	111043.421875	92006.992188	1646.264526	94510.015625
2009	09	48.697113	16.727009	71.964363	23.267256	-0.000009	-0.000009	39.994263	3.726374	6.400971	135145.875000	92006.742188	1646.769043	94509.304688
2009	09	48.017391	16.024782	72.578949	24.561554	-0.000009	-0.000009	40.586334	-8.697324	4.479597	133259.500000	92006.484375	1647.274048	94508.554688
2009	09	46.243084	15.364400	70.554367	24.311287	-0.000009	-0.000009	39.675686	-10.589476	2.660193	128335.367188	92006.218750	1647.803345	94507.828125
2009	09	42.432026	9.243013	75.937859	33.505833	-0.000013	-0.000013	42.748844	-26.597172	10.722093	117758.804688	92005.953125	1648.179443	94506.945312
2009	09	26.925779	0.363367	70.087303	43.161522	-0.000017	-0.000017	43.524891	-27.218748	15.498435	74725.328125	92005.679688	1648.254639	94505.656250
2009	09	18.748325	-3.962830	62.801094	44.052765	-0.000017	-0.000017	40.089939	-3.814303	7.024633	52030.984375	92005.406250	1648.141968	94504.234375
2009	09	21.607580	-0.829864	59.968296	38.360718	-0.000015	-0.000015	37.530853	5.184857	2.071155	59966.085938	92005.117188	1648.041748	94502.929688
2009	09	19.328762	-2.988006	58.805984	39.477222	-0.000015	-0.000015	36.489216	-10.146695	5.302487	53641.839844	92004.835938	1647.935791	94501.687500
2009	09	16.381216	-3.987086	54.634693	38.253479	-0.000015	-0.000015	34.266392	-1.297156	2.057836	45461.707031	92004.554688	1647.771973	94500.429688
2009	09	14.226114	-5.105118	50.201176	35.975060	-0.000014	-0.000014	30.869942	1.359251	3.792228	39480.792969	92004.265625	1647.565674	94499.226562
2009	09	13.605428	-5.203078	46.550220	32.944794	-0.000013	-0.000013	27.741714	1.833881	3.503750	37758.242188	92003.984375	1647.336304	94498.117188
2009	09	13.525755	-5.574399	45.624702	32.098946	-0.000012	-0.000012	26.524546	-2.732156	2.206479	37537.132812	92003.710938	1647.107666	94497.070312
2009	09	11.917938	-6.948254	43.494480	31.576542	-0.000012	-0.000012	24.628290	0.028493	2.439019	33075.062500	92003.437500	1646.844971	94496.054688
2009	09	9.049711	-9.306804	43.073997	34.024284	-0.000013	-0.000013	24.717484	-3.048692	3.260725	25115.064453	92003.171875	1646.519409	94495.000000
2009	09	9.152887	-9.225846	43.402607	34.249718	-0.000013	-0.000013	25.023872	-2.673329	1.154796	25401.404297	92002.906250	1646.173340	94493.914062
2009	09	8.270041	-9.593360	42.163555	33.893517	-0.000013	-0.000013	24.300154	-1.557574	0.561519	22951.296875	92002.640625	1645.817139	94492.820312
2009	10	9.910023	-8.618478	42.869122	32.959103	-0.000012	-0.000012	24.340622	-0.727514	-1.447390	26615.449219	92002.382812	1645.473511	94491.773438
2009	10	0.095047	-16.189125	39.052334	38.957287	-0.000015	-0.000015	22.768162	-0.758095	1.543217	255.267944	92002.125000	1644.733276	94490.656250
2009	10	0.000000	-16.137829	39.978474	39.978474	-0.000015	-0.000015	23.840643	-6.818986	-3.008952	0.000000	92001.875000	1642.699219	94489.492188
2009	10	0.000000	-13.822290	37.202129	37.202129	-0.000014	-0.000014	23.379839	-10.802376	-3.428054	0.000000	92001.664062	1639.219849	94488.351562
2009	10	0.000000	-12.866055	35.178520	35.178520	-0.000013	-0.000013	22.312466	-10.750677	-2.654749	0.000000	92001.476562	1634.319824	94487.289062
2009	10	0.085080	-13.022198	34.295361	34.210281	-0.000013	-0.000013	21.188084	-8.928436	-2.554178	228.499268	92001.328125	1627.942505	94486.257812
2009	10	0.438814	-12.408116	31.501738	31.062923	-0.000012	-0.000012	18.654806	-5.868441	-1.637125	1178.528564	92001.210938	1620.069214	94485.257812
2009	10	0.433707	-12.469877	29.525209	29.091501	-0.000011	-0.000011	16.621624	2.208903	0.905646	1164.811890	92001.109375	1610.727417	94484.351562
2009	10	0.656758	-13.284357	30.360111	29.703354	-0.000011	-0.000011	16.418997	-2.332182	0.371725	1763.862793	92001.031250	1599.870850	94483.429688
2009	10	0.656050	-12.962132	29.880447	29.224396	-0.000011	-0.000011	16.262266	-1.272997	0.338301	1761.959473	92000.992188	1587.520874	94482.484375
2009	10	0.484825	-13.426640	29.624861	29.140036	-0.000011	-0.000011	15.713396	-5.388770	-1.717179	1302.098633	92000.984375	1573.684326	94481.523438
2009	10	0.341971	-12.885588	27.623289	27.281317	-0.000010	-0.000010	14.395729	-6.786201	-1.624113	918.434204	92001.000000	1558.367432	94480.585938
2009	10	0.222869	-16.252670	29.936163	29.713295	-0.000011	-0.000011	13.460624	-12.340059	-3.499611	598.562561	92001.023438	1541.534058	94479.640625
2009	10	0.098177	-17.134043	31.408937	31.310759	-0.000012	-0.000012	14.176716	-11.390875	-4.182555	263.675171	92001.070312	1523.141357	94478.585938
2009	10	0.000000	-16.927982	31.859491	31.859491	-0.000012	-0.000012	14.931508	-7.239189	-3.571524	0.000000	92001.164062	1503.276978	94477.484375
2009	10	0.000000	-16.887350	32.566853	32.566853	-0.000012	-0.000012	15.679502	-5.404957	-2.286790	0.000000	92001.296875	1481.968872	94476.335938
2009	10	0.000000	-17.550303	33.395615	33.395615	-0.000012	-0.000012	15.845311	-11.187308	-4.692747	0.000000	92001.468750	1470.911865	94475.132812
2009	10	0.000000	-14.711176	30.026176	30.026176	-0.000011	-0.000011	15.314999	-15.236192	-4.934329	0.000000	92001.632812	1470.175293	94473.968750
2009	10	0.000000	-13.142757	27.766941	27.766941	-0.000010	-0.000010	14.624184	-12.637934	-3.642199	0.000000	92001.781250	1469.530273	94472.921875
2009	10	0.000000	-16.260944	30.337675	30.337675	-0.000011	-0.000011	14.076730	-6.430820	-2.890136	0.000000	92001.921875	1468.866089	94471.875000
2009	10	0.000000	-12.637717	26.418547	26.418547	-0.000010	-0.000010	13.780830	-8.865539	-2.731844	0.000000	92002.054688	1468.161743	94470.804688
2009	10	0.000000	-12.403090	25.616337	25.616337	-0.000010	-0.000010	13.213246	-5.935040	-1.917969	0.000000	92002.179688	1467.613770	94469.898438
2009	10	0.000000	-11.027486	23.844885	23.844885	-0.000009	-0.000009	12.817398	-3.679879	-1.065357	0.000000	92002.304688	1467.002319	94468.953125
2009	10	0.000000	-10.830341	23.021828	23.021828	-0.000009	-0.000009	12.191488	-11.214032	-2.948870	0.000000	92002.414062	1466.480713	94468.109375
2009	10	0.000000	-10.221854	21.735243	21.735243	-0.000008	-0.000008	11.513391	-14.316321	-3.244910	0.000000	92002.523438	1465.948364	94467.273438
2009	10	0.000000	-9.949790	20.711403	20.711403	-0.000008	-0.000008	10.761615	-10.224961	-2.222207	0.000000	92002.617188	1465.451050	94466.500000
2009	10	0.000000	-11.364094	21.550409	21.550409	-0.000008	-0.000008	10.186316	-11.391501	-3.363601	0.000000	92002.703125	1464.932007	94465.718750
2009	10	0.000000	-10.393044	20.218489	20.218489	-0.000008	-0.000008	9.825445	-9.071415	-2.379566	0.000000	92002.789062	1464.390625	94464.937500
2009	10	0.000000	-10.045640	19.407524	19.407524	-0.000007	-0.000007	9.361885	-11.307616	-2.899930	0.000000	92002.867188	1463.897095	94464.218750
2009	10	0.000000	-9.124650	17.976053	17.976053	-0.000007	-0.000007	8.851404	-4.919866	-1.207771	0.000000	92002.945312	1463.423828	94463.531250
2009	10	0.000000	-7.970777	16.264565	16.264565	-0.000006	-0.000006	8.293786	-7.337312	-1.262804	0.000000	92003.007812	1462.973633	94462.882812
2009	11	0.000000	-8.926688	16.324028	16.324028	-0.000006	-0.000006	7.397341	-14.116751	-3.021195	0.000000	92003.062500	1462.534302	94462.265625
2009	11	0.000000	-8.935362	15.755466	15.755466	-0.000006	-0.000006	6.820104	-10.679135	-2.997475	0.000000	92003.117188	1462.093140	94461.671875
2009	11	0.000000	-9.571027	15.982644	15.982644	-0.000006	-0.000006	6.411617	-4.150763	-2.429259	0.000000	92003.156250	1461.594971	94461.031250
2009	11	0.000000	-8.095523	14.302105	14.302105	-0.000006	-0.000006	6.206583	-1.770941	-0.658911	0.000000	92003.203125	1461.167847	94460.476562
2009	11	0.000000	-10.227777	16.290728	16.290728	-0.000006	-0.000006	6.062950	-3.244643	-1.595494	0.000000	92003.242188	1460.705078	94459.890625
2009	11	0.000000	-7.388193	13.316657	13.316657	-0.000005	-0.000005	5.928463	-2.709931	-0.966095	0.000000	92003.289062	1460.259155	94459.320312
2009	11	0.000000	-6.883660	12.644222	12.644222	-0.000005	-0.000005	5.760562	0.867862	-0.523240	0.000000	92003.328125	1459.873779	94458.820312
2009	11	0.000000	-5.482480	11.009368	11.009368	-0.000004	-0.000004	5.526888	4.678896	-0.455022	0.000000	92003.375000	1459.519531	94458.359375
2009	11	0.000000	-5.532056	10.769499	10.769499	-0.000004	-0.000004	5.237443	2.744947	-0.251844	0.000000	92003.414062	1459.202637	94457.945312
2009	11	0.000000	-6.782979	11.807497	11.807497	-0.000005	-0.000005	5.024518	-2.084328	-0.955351	0.000000	92003.445312	1458.843018	94457.492188
2009	11	0.000000	-6.380831	11.179499	11.179499	-0.000004	-0.000004	4.798668	-1.986063	-0.662742	0.000000	92003.484375	1458.493896	94457.062500
2009	11	0.000000	-7.574555	12.159488	12.159488	-0.000005	-0.000005	4.584932	-10.826796	-3.351335	0.000000	92003.515625	1458.117676	94456.609375
2009	11	0.000000	-6.573895	10.858546	10.858546	-0.000004	-0.000004	4.284652	-3.098544	-3.592460	0.000000	92003.546875	1457.746460	94456.171875
2009	11	0.000000	-8.301328	12.351730	12.351730	-0.000005	-0.000005	4.050402	-11.048112	-5.163594	0.000000	92003.578125	1457.372070	94455.734375
2009	11	0.000000	-7.910236	11.916657	11.916657	-0.000005	-0.000005	4.006421	-18.546194	-6.060612	0.000000	92003.609375	1456.950928	94455.257812
2009	11	0.000000	-6.733171	10.720304	10.720304	-0.000004	-0.000004	3.987134	-16.347895	-3.190483	0.000000	92003.632812	1456.591187	94454.843750
2009	11	0.000000	-5.035445	8.985887	8.985887	-0.000003	-0.000003	3.950441	-3.204123	-0.708616	0.000000	92003.664062	1456.264648	94454.468750
2009	11	0.000000	-3.881135	7.754982	7.754982	-0.000003	-0.000003	3.873847	7.086097	-0.512239	0.000000	92003.695312	1455.987427	94454.140625
2009	11	0.000000	-4.761812	8.514704	8.514704	-0.000003	-0.000003	3.752892	3.717085	-0.659803	0.000000	92003.718750	1455.726318	94453.828125
2009	11	0.000000	-5.335247	8.916727	8.916727	-0.000003	-0.000003	3.581480	1.021340	-1.411560	0.000000	92003.750000	1455.426636	94453.492188
2009	11	0.000000	-5.186792	8.598375	8.598375	-0.000003	-0.000003	3.411583	1.880033	-0.687982	0.000000	92003.773438	1455.126343	94453.156250
2009	11	0.000000	-4.856150	8.098429	8.098429	-0.000003	-0.000003	3.242278	-5.444439	-0.760636	0.000000	92003.796875	1454.842407	94452.835938
2009	11	0.000000	-4.669128	7.686537	7.686537	-0.000003	-0.000003	3.017409	-3.425847	-0.804303	0.000000	92003.820312	1454.561035	94452.531250
2009	11	0.000000	-5.168095	7.952219	7.952219	-0.000003	-0.000003	2.784125	-1.551911	-0.469914	0.000000	92003.843750	1454.275635	94452.226562
2009	11	0.000000	-6.165141	8.757070	8.757070	-0.000003	-0.000003	2.591929	-8.340814	-2.525306	0.000000	92003.859375	1453.972046	94451.914062
2009	11	0.000000	-5.471700	7.907034	7.907034	-0.000003	-0.000003	2.435334	-3.061586	-2.917951	0.000000	92003.875000	1453.655884	94451.593750
2009	11	0.000000	-4.106083	6.334422	6.334422	-0.000002	-0.000002	2.228339	1.477395	-1.296829	0.000000	92003.890625	1453.383911	94451.328125
2009	11	0.000000	-3.802184	5.722949	5.722949	-0.000002	-0.000002	1.920765	7.031885	-0.768539	0.000000	92003.898438	1453.142456	94451.093750
2009	11	0.000000	-3.807359	5.446359	5.446359	-0.000002	-0.000002	1.639000	1.496005	-0.685627	0.000000	92003.906250	1452.899414	94450.875000
2009	11	0.000000	-3.740014	5.156236	5.156236	-0.000002	-0.000002	1.416222	-6.269025	-0.528031	0.000000	92003.906250	1452.665161	94450.664062
2009	12	0.000000	-6.262433	7.526330	7.526330	-0.000003	-0.000003	1.263897	-5.316732	-4.014183	0.000000	92003.914062	1452.392212	94450.429688
2009	12	0.000000	-4.887094	6.090542	6.090542	-0.000002	-0.000002	1.203449	-13.444211	-3.752118	0.000000	92003.914062	1452.094971	94450.171875
2009	12	0.000000	-3.445477	4.629458	4.629458	-0.000002	-0.000002	1.183982	-12.989394	-1.147214	0.000000	92003.914062	1451.855225	94449.976562
2009	12	0.000000	-3.880216	5.037426	5.037426	-0.000002	-0.000002	1.157209	-0.326217	-0.927551	0.000000	92003.921875	1451.635010	94449.796875
2009	12	0.000000	-3.955947	5.067803	5.067803	-0.000002	-0.000002	1.111856	-5.334116	-0.843863	0.000000	92003.921875	1451.395508	94449.601562
2009	12	0.000000	-2.818336	3.885251	3.885251	-0.000001	-0.000001	1.066915	1.211182	-0.298757	0.000000	92003.921875	1451.179199	94449.429688
2009	12	0.000000	-2.499820	3.431836	3.431836	-0.000001	-0.000001	0.932016	11.588043	-0.066283	0.000000	92003.929688	1450.996094	94449.289062
2009	12	0.000000	-3.195714	3.953861	3.953861	-0.000001	-0.000001	0.758146	-5.251194	-0.288619	0.000000	92003.929688	1450.795166	94449.140625
2009	12	0.000000	-3.540164	4.162121	4.162121	-0.000002	-0.000002	0.621957	-6.244703	-0.481012	0.000000	92003.921875	1450.585938	94448.992188
2009	12	0.000000	-5.218179	5.738190	5.738190	-0.000002	-0.000002	0.520011	-12.404134	-1.711340	0.000000	92003.921875	1450.338989	94448.804688
2009	12	0.000000	-4.985026	5.464040	5.464040	-0.000002	-0.000002	0.479014	-9.131289	-1.077746	0.000000	92003.921875	1450.074829	94448.601562
2009	12	0.000000	-5.499219	5.948247	5.948247	-0.000002	-0.000002	0.449027	-4.890511	-0.810692	0.000000	92003.921875	1449.801147	94448.398438
2009	12	0.000000	-5.726618	6.158218	6.158218	-0.000002	-0.000002	0.431600	-4.301874	-0.785001	0.000000	92003.914062	1449.523193	94448.179688
2009	12	0.000000	-5.470196	5.887502	5.887502	-0.000002	-0.000002	0.417306	-6.313650	-0.699944	0.000000	92003.914062	1449.240723	94447.968750
2009	12	0.000000	-5.729589	6.124744	6.124744	-0.000002	-0.000002	0.395154	-6.943001	-0.727801	0.000000	92003.914062	1448.962524	94447.757812
2009	12	0.000000	-5.638966	5.995532	5.995532	-0.000002	-0.000002	0.356565	-5.044406	-0.652714	0.000000	92003.914062	1448.681885	94447.539062
2009	12	0.000000	-5.645106	5.958166	5.958166	-0.000002	-0.000002	0.313060	-11.913757	-3.272227	0.000000	92003.914062	1448.395264	94447.320312
2009	12	0.000000	-3.831695	4.108193	4.108193	-0.000002	-0.000002	0.276498	4.449098	-0.644653	0.000000	92003.906250	1448.152710	94447.148438
2009	12	0.000000	-2.865992	3.104303	3.104303	-0.000001	-0.000001	0.238311	6.506988	-0.374811	0.000000	92003.906250	1447.949463	94447.015625
2009	12	0.000000	-3.873239	4.065378	4.065378	-0.000002	-0.000002	0.192139	-1.496722	-0.562956	0.000000	92003.906250	1447.745239	94446.882812
2009	12	0.000000	-3.947152	4.096321	4.096321	-0.000002	-0.000002	0.149168	2.940895	-0.442820	0.000000	92003.898438	1447.523926	94446.742188
2009	12	0.000000	-5.406103	5.527833	5.527833	-0.000002	-0.000002	0.121730	-7.390292	-2.343616	0.000000	92003.898438	1447.284302	94446.570312
2009	12	0.000000	-6.100607	6.212419	6.212419	-0.000002	-0.000002	0.111812	-16.434862	-3.529841	0.000000	92003.898438	1446.994385	94446.359375
2009	12	0.000000	-6.471618	6.581439	6.581439	-0.000002	-0.000002	0.109822	-16.568777	-7.281435	0.000000	92003.898438	1446.697876	94446.140625
2009	12	0.000000	-4.501300	4.610490	4.610490	-0.000002	-0.000002	0.109190	-16.680082	-2.730937	0.000000	92003.890625	1446.424561	94445.937500
2009	12	0.000000	-3.215873	3.325075	3.325075	-0.000001	-0.000001	0.109202	0.175975	-0.344031	0.000000	92003.890625	1446.214966	94445.804688
2009	12	0.000000	-4.011527	4.120657	4.120657	-0.000002	-0.000002	0.109130	-6.851395	-1.009855	0.000000	92003.890625	1446.001221	94445.671875
2009	12	0.000000	-4.382710	4.490906	4.490906	-0.000002	-0.000002	0.108197	-9.894895	-1.239859	0.000000	92003.890625	1445.779785	94445.523438
2009	12	0.000000	-4.655729	4.762207	4.762207	-0.000002	-0.000002	0.106478	-18.229410	-2.278064	0.000000	92003.882812	1445.539795	94445.359375
2009	12	0.000000	-5.090182	5.194509	5.194509	-0.000002	-0.000002	0.104327	-8.814078	-1.913810	0.000000	92003.882812	1445.293091	94445.187500
2009	12	0.000000	-4.412294	4.513647	4.513647	-0.000002	-0.000002	0.101352	-3.983901	-0.850691	0.000000	92003.882812	1445.047363	94445.015625
2010	01	0.000000	-3.085248	3.181944	3.181944	-0.000001	-0.000001	0.096696	2.814242	-0.595648	0.000000	92003.882812	1444.829346	94444.875000
2010	01	0.000000	-4.284309	4.375979	4.375979	-0.000002	-0.000002	0.091670	-2.438509	-0.841002	0.000000	92003.882812	1444.639526	94444.765625
2010	01	0.000000	-5.524720	5.609009	5.609009	-0.000002	-0.000002	0.084289	-4.017595	-1.564477	0.000000	92003.875000	1444.379395	94444.578125
2010	01	0.000000	-3.761149	3.839021	3.839021	-0.000001	-0.000001	0.077871	-2.690103	-1.835527	0.000000	92003.875000	1444.135498	94444.414062
2010	01	0.000000	-2.482338	2.556913	2.556913	-0.000001	-0.000001	0.074575	-3.737097	-0.247640	0.000000	92003.875000	1443.953125	94444.304688
2010	01	0.000000	-3.059384	3.129076	3.129076	-0.000001	-0.000001	0.069692	-7.424457	-1.159107	0.000000	92003.875000	1443.776978	94444.203125
2010	01	0.000000	-4.040105	4.100266	4.100266	-0.000002	-0.000002	0.060161	-6.750926	-1.850590	0.000000	92003.875000	1443.573730	94444.078125
2010	01	0.000000	-4.218738	4.271052	4.271052	-0.000002	-0.000002	0.052314	-8.692507	-2.142798	0.000000	92003.875000	1443.346069	94443.929688
2010	01	0.000000	-3.931782	3.977908	3.977908	-0.000001	-0.000001	0.046126	-7.955295	-1.235663	0.000000	92003.875000	1443.129883	94443.789062
2010	01	0.000000	-3.097899	3.139717	3.139717	-0.000001	-0.000001	0.041817	-3.163394	-0.698615	0.000000	92003.867188	1442.929321	94443.671875
2010	01	0.000000	-3.210535	3.248518	3.248518	-0.000001	-0.000001	0.037983	-11.941847	-0.846660	0.000000	92003.867188	1442.739746	94443.554688
2010	01	0.000000	-3.794648	3.827996	3.827996	-0.000001	-0.000001	0.033347	-8.983242	-1.267161	0.000000	92003.867188	1442.541992	94443.437500
2010	01	0.000000	-3.496313	3.523983	3.523983	-0.000001	-0.000001	0.027670	-11.472239	-1.200123	0.000000	92003.867188	1442.338013	94443.312500
2010	01	0.000000	-2.576790	2.598042	2.598042	-0.000001	-0.000001	0.021251	6.651381	-0.452828	0.000000	92003.867188	1442.149048	94443.203125
2010	01	0.000000	-2.546685	2.563045	2.563045	-0.000001	-0.000001	0.016359	0.285925	-0.404432	0.000000	92003.867188	1441.985596	94443.117188
2010	01	0.000000	-2.664676	2.678410	2.678410	-0.000001	-0.000001	0.013735	-4.204829	-0.413007	0.000000	92003.867188	1441.815063	94443.023438
2010	01	0.000000	-2.939811	2.950408	2.950408	-0.000001	-0.000001	0.010597	-4.311181	-0.683940	0.000000	92003.867188	1441.641113	94442.929688
2010	01	0.000000	-3.343045	3.350091	3.350091	-0.000001	-0.000001	0.007046	1.336387	-1.236655	0.000000	92003.867188	1441.450684	94442.812500
2010	01	0.000000	-2.674435	2.677755	2.677755	-0.000001	-0.000001	0.003320	-14.881738	-1.186859	0.000000	92003.867188	1441.267456	94442.710938
2010	01	0.000000	-2.543340	2.543642	2.543642	-0.000001	-0.000001	0.000301	-4.927001	-1.154289	0.000000	92003.867188	1441.100220	94442.625000
2010	01	0.000000	-2.437535	2.437535	2.437535	-0.000001	-0.000001	0.000000	1.461504	-0.747269	0.000000	92003.867188	1440.932739	94442.531250
2010	01	0.000000	-2.005542	2.005542	2.005542	-0.000001	-0.000001	0.000000	-1.238901	-0.504350	0.000000	92003.867188	1440.776489	94442.460938
2010	01	0.000000	-3.648769	3.648769	3.648769	-0.000001	-0.000001	0.000000	-3.972197	-1.874335	0.000000	92003.867188	1440.610474	94442.367188
2010	01	0.000000	-4.014307	4.014307	4.014307	-0.000001	-0.000001	0.000000	-6.591501	-2.899262	0.000000	92003.867188	1440.389282	94442.226562
2010	01	0.000000	-2.736069	2.736069	2.736069	-0.000001	-0.000001	0.000000	3.960311	-1.653971	0.000000	92003.867188	1440.200562	94442.117188
2010	01	0.000000	-3.382021	3.382021	3.382021	-0.000001	-0.000001	0.000000	-2.100448	-2.031708	0.000000	92003.867188	1440.018188	94442.015625
2010	01	0.000000	-2.597202	2.597202	2.597202	-0.000001	-0.000001	0.000000	-9.474411	-1.195017	0.000000	92003.867188	1439.835449	94441.914062
2010	01	0.000000	-2.131471	2.131471	2.131471	-0.000001	-0.000001	0.000000	-6.615580	-0.562530	0.000000	92003.867188	1439.679199	94441.835938
2010	01	0.000000	-3.014341	3.014341	3.014341	-0.000001	-0.000001	0.000000	6.927381	-0.821579	0.000000	92003.867188	1439.508911	94441.742188
2010	01	0.000000	-3.167304	3.167304	3.167304	-0.000001	-0.000001	0.000000	-1.378732	-0.697022	0.000000	92003.867188	1439.337402	94441.648438
2010	01	0.000000	-3.288172	3.288172	3.288172	-0.000001	-0.000001	0.000000	-11.377097	-1.236860	0.000000	92003.867188	1439.138306	94441.531250
2010	02	0.000000	-3.525058	3.525058	3.525058	-0.000001	-0.000001	0.000000	-22.995914	-2.434415	0.000000	92003.867188	1438.942871	94441.414062
2010	02	0.000000	-2.856626	2.856626	2.856626	-0.000001	-0.000001	0.000000	-4.547201	-0.667119	0.000000	92003.867188	1438.744507	94441.296875
2010	02	0.000000	-1.953225	1.953225	1.953225	-0.000001	-0.000001	0.000000	17.328098	-0.330881	0.000000	92003.867188	1438.576294	94441.203125
2010	02	0.000000	-2.010791	2.010791	2.010791	-0.000001	-0.000001	0.000000	17.157980	-0.277469	0.000000	92003.867188	1438.426025	94441.132812
2010	02	0.000000	-1.877766	1.877766	1.877766	-0.000001	-0.000001	0.000000	21.120867	-0.179311	0.000000	92003.867188	1438.273193	94441.054688
2010	02	0.000000	-2.094798	2.094798	2.094798	-0.000001	-0.000001	0.000000	13.335235	-0.235680	0.000000	92003.867188	1438.120483	94440.984375
2010	02	0.000000	-2.839387	2.839387	2.839387	-0.000001	-0.000001	0.000000	-1.068382	-0.990794	0.000000	92003.867188	1437.951416	94440.890625
2010	02	0.000000	-3.020866	3.020866	3.020866	-0.000001	-0.000001	0.000000	5.414104	-1.102171	0.000000	92003.867188	1437.755859	94440.781250
2010	02	0.000000	-2.691435	2.691435	2.691435	-0.000001	-0.000001	0.000000	-3.136746	-0.856071	0.000000	92003.867188	1437.576050	94440.679688
2010	02	0.000000	-3.082241	3.082241	3.082241	-0.000001	-0.000001	0.000000	4.427005	-1.267827	0.000000	92003.867188	1437.396729	94440.578125
2010	02	0.000000	-2.769525	2.769525	2.769525	-0.000001	-0.000001	0.000000	4.654091	-0.891918	0.000000	92003.867188	1437.204468	94440.460938
2010	02	0.000000	-2.303896	2.303896	2.303896	-0.000001	-0.000001	0.000000	11.944506	-0.411116	0.000000	92003.867188	1437.037842	94440.375000
2010	02	0.000000	-2.647269	2.647269	2.647269	-0.000001	-0.000001	0.000000	6.812811	-0.475133	0.000000	92003.867188	1436.865967	94440.281250
2010	02	0.000000	-2.612896	2.612896	2.612896	-0.000001	-0.000001	0.000000	2.918921	-0.646840	0.000000	92003.867188	1436.688721	94440.179688
2010	02	0.000000	-2.733866	2.733866	2.733866	-0.000001	-0.000001	0.000000	4.974194	-0.331829	0.000000	92003.867188	1436.514526	94440.085938
2010	02	0.000000	-2.643004	2.643004	2.643004	-0.000001	-0.000001	0.000000	6.138692	-0.496388	0.000000	92003.867188	1436.334106	94439.984375
2010	02	0.000000	-3.390020	3.390020	3.390020	-0.000001	-0.000001	0.000000	-6.579868	-1.580710	0.000000	92003.867188	1436.146851	94439.875000
2010	02	0.000000	-3.719832	3.719832	3.719832	-0.000002	-0.000002	0.000000	-0.744735	-2.389656	0.000000	92003.867188	1435.938965	94439.750000
2010	02	0.000000	-3.021203	3.021203	3.021203	-0.000001	-0.000001	0.000000	7.017159	-1.202928	0.000000	92003.867188	1435.734619	94439.625000
2010	02	0.000000	-2.086907	2.086907	2.086907	-0.000001	-0.000001	0.000000	7.642657	-0.616613	0.000000	92003.867188	1435.566406	94439.531250
2010	02	0.000000	-2.824070	2.824070	2.824070	-0.000001	-0.000001	0.000000	-1.199009	-1.138241	0.000000	92003.867188	1435.399414	94439.445312
2010	02	0.000000	-3.434005	3.434005	3.434005	-0.000001	-0.000001	0.000000	-0.467918	-1.777557	0.000000	92003.867188	1435.207153	94439.328125
2010	02	0.000000	-3.367644	3.367644	3.367644	-0.000001	-0.000001	0.000000	0.704653	-1.596013	0.000000	92003.867188	1434.999390	94439.203125
2010	02	0.000000	-3.392609	3.392609	3.392609	-0.000001	-0.000001	0.000000	4.102211	-1.010257	0.000000	92003.867188	1434.807983	94439.085938
2010	02	0.000000	-3.707553	3.707553	3.707553	-0.000002	-0.000002	0.000000	2.813693	-1.790871	0.000000	92003.867188	1434.594604	94438.953125
2010	02	0.000000	-3.102095	3.102095	3.102095	-0.000001	-0.000001	0.000000	-3.135130	-1.522439	0.000000	92003.867188	1434.391113	94438.828125
2010	02	0.000000	-3.011514	3.011514	3.011514	-0.000001	-0.000001	0.000000	-10.047857	-1.654181	0.000000	92003.867188	1434.203125	94438.718750
2010	02	0.000000	-2.862495	2.862495	2.862495	-0.000001	-0.000001	0.000000	-9.142900	-1.422219	0.000000	92003.867188	1434.018066	94438.617188
2010	03	0.000000	-3.136188	3.136188	3.136188	-0.000001	-0.000001	0.000000	-8.278963	-1.313011	0.000000	92003.867188	1433.837036	94438.507812
2010	03	0.000000	-3.166152	3.166152	3.166152	-0.000001	-0.000001	0.000000	-2.205526	-0.759797	0.000000	92003.867188	1433.656982	94438.406250
2010	03	0.000000	-3.241186	3.241186	3.241186	-0.000001	-0.000001	0.000000	-5.225617	-1.777188	0.000000	92003.867188	1433.469849	94438.296875
2010	03	0.000000	-3.288339	3.288339	3.288339	-0.000001	-0.000001	0.000000	-3.738820	-1.728232	0.000000	92003.867188	1433.286011	94438.195312
2010	03	0.000000	-3.148214	3.148214	3.148214	-0.000001	-0.000001	0.000000	-5.436310	-1.495847	0.000000	92003.867188	1433.103271	94438.093750
2010	03	0.000000	-3.199133	3.199133	3.199133	-0.000001	-0.000001	0.000000	-4.448113	-2.163829	0.000000	92003.867188	1432.918579	94437.984375
2010	03	0.000000	-2.765745	2.765745	2.765745	-0.000001	-0.000001	0.000000	6.802194	-0.739529	0.000000	92003.867188	1432.745728	94437.890625
2010	03	0.000000	-2.623550	2.623550	2.623550	-0.000001	-0.000001	0.000000	5.736128	-0.759943	0.000000	92003.867188	1432.578857	94437.804688
2010	03	0.000000	-1.788694	1.788694	1.788694	-0.000001	-0.000001	0.000000	19.212774	-0.346811	0.000000	92003.867188	1432.424805	94437.726562
2010	03	0.000000	-2.004658	2.004658	2.004658	-0.000001	-0.000001	0.000000	6.821673	-0.212325	0.000000	92003.867188	1432.290039	94437.671875
2010	03	0.000000	-2.639674	2.639674	2.639674	-0.000001	-0.000001	0.000000	9.051992	-0.532963	0.000000	92003.867188	1432.128662	94437.585938
2010	03	0.000000	-2.619497	2.619497	2.619497	-0.000001	-0.000001	0.000000	-2.624975	-0.664150	0.000000	92003.867188	1431.965088	94437.500000
2010	03	0.000000	-2.692695	2.692695	2.692695	-0.000001	-0.000001	0.000000	-3.801592	-0.899308	0.000000	92003.867188	1431.803711	94437.421875
2010	03	0.000000	-3.628717	3.628717	3.628717	-0.000001	-0.000001	0.000000	-4.174993	-1.895313	0.000000	92003.867188	1431.622070	94437.320312
2010	03	0.000000	-3.950627	3.950627	3.950627	-0.000001	-0.000001	0.000000	-5.991807	-3.347704	0.000000	92003.867188	1431.415405	94437.187500
2010	03	0.000000	-3.803522	3.803522	3.803522	-0.000001	-0.000001	0.000000	-10.483747	-4.120669	0.000000	92003.867188	1431.214966	94437.062500
2010	03	0.000000	-3.336878	3.336878	3.336878	-0.000001	-0.000001	0.000000	-5.248363	-1.791285	0.000000	92003.867188	1431.015747	94436.945312
2010	03	0.000000	-2.799833	2.799833	2.799833	-0.000001	-0.000001	0.000000	-2.443504	-0.424341	0.000000	92003.867188	1430.841919	94436.851562
2010	03	0.000000	-3.565832	3.565832	3.565832	-0.000001	-0.000001	0.000000	-9.913285	-1.453680	0.000000	92003.867188	1430.661743	94436.750000
2010	03	0.000000	-4.030090	4.030090	4.030090	-0.000002	-0.000002	0.000000	-1.031505	-1.364353	0.000000	92003.867188	1430.458130	94436.625000
2010	03	0.000000	-2.894270	2.894270	2.894270	-0.000001	-0.000001	0.000000	6.322495	-0.634137	0.000000	92003.867188	1430.266724	94436.507812
2010	03	0.000000	-4.296152	4.296152	4.296152	-0.000002	-0.000002	0.000000	-0.562438	-1.642781	0.000000	92003.867188	1430.072510	94436.390625
2010	03	0.000000	-3.576845	3.576845	3.576845	-0.000001	-0.000001	0.000000	-2.256226	-1.175658	0.000000	92003.867188	1429.862183	94436.265625
2010	03	0.000000	-3.597287	3.597287	3.597287	-0.000001	-0.000001	0.000000	-6.746234	-1.399154	0.000000	92003.867188	1429.674561	94436.156250
2010	03	0.000000	-3.701887	3.701887	3.701887	-0.000001	-0.000001	0.000000	3.136296	-0.642536	0.000000	92003.867188	1429.471802	94436.031250
2010	03	0.000000	-4.241754	4.241754	4.241754	-0.000002	-0.000002	0.000000	-14.398247	-2.044791	0.000000	92003.867188	1429.264771	94435.898438
2010	03	0.000000	-3.945158	3.945158	3.945158	-0.000001	-0.000001	0.000000	-8.969834	-2.766239	0.000000	92003.867188	1429.055298	94435.765625
2010	03	0.000000	-3.720125	3.720125	3.720125	-0.000001	-0.000001	0.000000	-0.190042	-1.747643	0.000000	92003.867188	1428.854736	94435.648438
2010	03	0.000000	-2.994630	2.994630	2.994630	-0.000001	-0.000001	0.000000	0.924052	-1.234846	0.000000	92003.867188	1428.666016	94435.539062
2010	03	0.000000	-3.297073	3.297073	3.297073	-0.000001	-0.000001	0.000000	-2.809659	-0.699027	0.000000	92003.867188	1428.487427	94435.437500
2010	03	0.000000	-3.435902	3.435902	3.435902	-0.000001	-0.000001	0.000000	-2.019519	-1.229244	0.000000	92003.867188	1428.299561	94435.328125
2010	04	0.000000	-4.044804	4.044804	4.044804	-0.000002	-0.000002	0.000000	-2.488924	-2.036660	0.000000	92003.867188	1428.100830	94435.203125
2010	04	0.000000	-5.085281	5.085281	5.085281	-0.000002	-0.000002	0.000000	-17.681101	-5.415539	0.000000	92003.867188	1427.863770	94435.046875
2010	04	0.000000	-4.104280	4.104280	4.104280	-0.000002	-0.000002	0.000000	-8.183499	-2.510340	0.000000	92003.867188	1427.630859	94434.890625
2010	04	0.000000	-4.619416	4.619416	4.619416	-0.000002	-0.000002	0.000000	-5.122755	-1.809277	0.000000	92003.867188	1427.414673	94434.750000
2010	04	0.000000	-5.195669	5.195669	5.195669	-0.000002	-0.000002	0.000000	-5.747427	-2.585456	0.000000	92003.867188	1427.172241	94434.585938
2010	04	0.000000	-4.916215	4.916215	4.916215	-0.000002	-0.000002	0.000000	-12.703298	-4.328196	0.000000	92003.867188	1426.918823	94434.414062
2010	04	0.000000	-4.238752	4.238752	4.238752	-0.000002	-0.000002	0.000000	-6.159204	-2.376959	0.000000	92003.867188	1426.689331	94434.265625
2010	04	0.000000	-3.886978	3.886978	3.886978	-0.000001	-0.000001	0.000000	0.278470	-1.636151	0.000000	92003.867188	1426.476074	94434.125000
2010	04	0.000000	-3.821906	3.821906	3.821906	-0.000001	-0.000001	0.000000	5.359150	-0.238170	0.000000	92003.867188	1426.269287	94434.000000
2010	04	0.000000	-3.425819	3.425819	3.425819	-0.000001	-0.000001	0.000000	5.843276	-0.500249	0.000000	92003.867188	1426.071167	94433.882812
2010	04	0.000000	-3.258751	3.258751	3.258751	-0.000001	-0.000001	0.000000	5.428177	-0.933801	0.000000	92003.867188	1425.884644	94433.773438
2010	04	0.000000	-5.337701	5.337701	5.337701	-0.000002	-0.000002	0.000000	-3.127847	-3.001893	0.000000	92003.867188	1425.661987	94433.625000
2010	04	0.000000	-4.544728	4.544728	4.544728	-0.000002	-0.000002	0.000000	-3.392628	-1.946060	0.000000	92003.867188	1425.415649	94433.460938
2010	04	0.000000	-5.512293	5.512293	5.512293	-0.000002	-0.000002	0.000000	-3.424117	-3.270103	0.000000	92003.867188	1425.173828	94433.296875
2010	04	0.000000	-4.999458	4.999458	4.999458	-0.000002	-0.000002	0.000000	-5.016663	-3.094969	0.000000	92003.867188	1424.920776	94433.117188
2010	04	0.000000	-4.877180	4.877180	4.877180	-0.000002	-0.000002	0.000000	-4.763512	-4.218391	0.000000	92003.867188	1424.675415	94432.953125
2010	04	0.000000	-4.983264	4.983264	4.983264	-0.000002	-0.000002	0.000000	-3.106894	-3.080259	0.000000	92003.867188	1424.437134	94432.789062
2010	04	0.000000	-4.894861	4.894861	4.894861	-0.000002	-0.000002	0.000000	-4.280401	-1.671334	0.000000	92003.867188	1424.192505	94432.625000
2010	04	0.000000	-4.678696	4.678696	4.678696	-0.000002	-0.000002	0.000000	1.692892	-0.410173	0.000000	92003.867188	1423.953979	94432.468750
2010	04	0.000000	-4.446530	4.446530	4.446530	-0.000002	-0.000002	0.000000	-1.033787	-1.177420	0.000000	92003.867188	1423.720215	94432.312500
2010	04	0.000000	-4.807784	4.807784	4.807784	-0.000002	-0.000002	0.000000	2.193637	-0.082671	0.000000	92003.867188	1423.492798	94432.156250
2010	04	0.000000	-4.250901	4.250901	4.250901	-0.000002	-0.000002	0.000000	0.257208	-0.216757	0.000000	92003.867188	1423.261353	94432.007812
2010	04	0.000000	-4.482171	4.482171	4.482171	-0.000002	-0.000002	0.000000	-4.120625	-1.270050	0.000000	92003.867188	1423.036987	94431.859375
2010	04	0.000000	-4.589409	4.589409	4.589409	-0.000002	-0.000002	0.000000	1.005175	-0.676424	0.000000	92003.867188	1422.811523	94431.710938
2010	04	0.000000	-4.358099	4.358099	4.358099	-0.000002	-0.000002	0.000000	2.188397	-0.002009	0.000000	92003.867188	1422.581055	94431.562500
2010	04	0.000000	-3.497032	3.497032	3.497032	-0.000001	-0.000001	0.000000	15.359123	0.831684	0.000000	92003.867188	1422.372192	94431.429688
2010	04	0.000000	-4.129363	4.129363	4.129363	-0.000002	-0.000002	0.000000	6.372208	1.124589	0.000000	92003.867188	1422.169189	94431.304688
2010	04	0.000000	-3.749296	3.749296	3.749296	-0.000001	-0.000001	0.000000	15.144089	1.362671	0.000000	92003.867188	1421.960938	94431.171875
2010	04	0.000000	-4.778294	4.778294	4.778294	-0.000002	-0.000002	0.000000	6.521500	1.797725	0.000000	92003.867188	1421.741089	94431.031250
2010	04	0.000000	-5.155478	5.155478	5.155478	-0.000002	-0.000002	0.000000	-2.847148	-1.192753	0.000000	92003.867188	1421.496338	94430.867188
2010	05	0.000000	-5.077420	5.077420	5.077420	-0.000002	-0.000002	0.000000	-1.338546	-0.651600	0.000000	92003.867188	1421.251709	94430.695312
2010	05	0.000000	-7.451167	7.451167	7.451167	-0.000003	-0.000003	0.000000	-4.467546	-1.146077	0.000000	92003.867188	1420.975342	94430.500000
2010	05	0.000000	-7.196369	7.196369	7.196369	-0.000003	-0.000003	0.000000	-2.577682	-1.440263	0.000000	92003.867188	1420.658447	94430.257812
2010	05	0.000000	-6.811135	6.811135	6.811135	-0.000003	-0.000003	0.000000	-12.081345	-2.662848	0.000000	92003.867188	1420.347046	94430.023438
2010	05	0.000000	-6.721968	6.721968	6.721968	-0.000003	-0.000003	0.000000	-8.047309	-2.224329	0.000000	92003.867188	1420.051636	94429.812500
2010	05	0.000000	-6.446875	6.446875	6.446875	-0.000002	-0.000002	0.000000	3.474317	1.308122	0.000000	92003.867188	1419.770874	94429.609375
2010	05	0.000000	-7.938282	7.938282	7.938282	-0.000003	-0.000003	0.000000	-2.176040	0.753218	0.000000	92003.867188	1419.461060	94429.375000
2010	05	0.000000	-7.754133	7.754133	7.754133	-0.000003	-0.000003	0.000000	-3.399897	-0.254352	0.000000	92003.867188	1419.129028	94429.117188
2010	05	0.000000	-6.621900	6.621900	6.621900	-0.000002	-0.000002	0.000000	4.845883	1.047704	0.000000	92003.867188	1418.821655	94428.890625
2010	05	0.000000	-6.395326	6.395326	6.395326	-0.000002	-0.000002	0.000000	1.475670	1.719893	0.000000	92003.867188	1418.530396	94428.679688
2010	05	0.000000	-5.474400	5.474400	5.474400	-0.000002	-0.000002	0.000000	9.510674	4.176850	0.000000	92003.867188	1418.263062	94428.484375
2010	05	0.000000	-6.145250	6.145250	6.145250	-0.000002	-0.000002	0.000000	-1.940272	2.866043	0.000000	92003.867188	1417.999878	94428.304688
2010	05	0.000000	-6.210369	6.210369	6.210369	-0.000002	-0.000002	0.000000	-2.468430	3.230567	0.000000	92003.867188	1417.722412	94428.101562
2010	05	0.000000	-5.965949	5.965949	5.965949	-0.000002	-0.000002	0.000000	0.275030	4.585845	0.000000	92003.867188	1417.449219	94427.906250
2010	05	0.000000	-6.290709	6.290709	6.290709	-0.000002	-0.000002	0.000000	-3.474388	3.378295	0.000000	92003.867188	1417.174438	94427.710938
2010	05	0.000000	-6.293047	6.293047	6.293047	-0.000002	-0.000002	0.000000	-2.429840	4.147388	0.000000	92003.867188	1416.893311	94427.507812
2010	05	0.000000	-6.686667	6.686667	6.686667	-0.000002	-0.000002	0.000000	0.020760	4.634877	0.000000	92003.867188	1416.610229	94427.296875
2010	05	0.000000	-6.861601	6.861601	6.861601	-0.000003	-0.000003	0.000000	4.351176	9.852178	0.000000	92003.867188	1416.314697	94427.085938
2010	05	0.000000	-6.904604	6.904604	6.904604	-0.000003	-0.000003	0.000000	-2.294917	4.018433	0.000000	92003.867188	1416.014893	94426.859375
2010	05	0.000000	-7.817512	7.817512	7.817512	-0.000003	-0.000003	0.000000	-7.348296	2.509760	0.000000	92003.867188	1415.702637	94426.625000
2010	05	0.000000	-7.726203	7.726203	7.726203	-0.000003	-0.000003	0.000000	-2.837970	1.515295	0.000000	92003.867188	1415.374512	94426.375000
2010	05	0.000000	-7.685898	7.685898	7.685898	-0.000003	-0.000003	0.000000	-1.680772	4.769386	0.000000	92003.867188	1415.050659	94426.132812
2010	05	0.000000	-7.085070	7.085070	7.085070	-0.000003	-0.000003	0.000000	-8.398425	-1.447430	0.000000	92003.867188	1414.733154	94425.890625
2010	05	0.000000	-6.581810	6.581810	6.581810	-0.000002	-0.000002	0.000000	1.319034	2.002740	0.000000	92003.867188	1414.436279	94425.671875
2010	05	0.000000	-6.459957	6.459957	6.459957	-0.000002	-0.000002	0.000000	4.065980	2.735401	0.000000	92003.867188	1414.148926	94425.460938
2010	05	0.000000	-6.835829	6.835829	6.835829	-0.000003	-0.000003	0.000000	0.448640	1.746290	0.000000	92003.867188	1413.857544	94425.242188
2010	05	0.000000	-7.164338	13.370737	13.370737	-0.000005	-0.000005	6.206398	0.975857	3.037386	0.000000	92003.992188	1413.557007	94424.929688
2010	05	0.000000	-6.587232	29.950670	29.950670	-0.000011	-0.000011	23.363440	0.586821	1.284066	0.000000	92004.703125	1413.256104	94424.148438
2010	05	0.000000	-7.055739	11.400828	11.400828	-0.000004	-0.000004	4.345089	-4.688203	1.703303	0.000000	92005.085938	1412.962402	94423.554688
2010	05	0.000000	-7.658710	8.970314	8.970314	-0.000003	-0.000003	1.311604	-10.034718	-4.303980	0.000000	92005.125000	1412.648315	94423.226562
2010	05	0.000000	-8.484242	9.576102	9.576102	-0.000004	-0.000004	1.091860	-44.980415	-25.792318	0.000000	92005.132812	1412.310791	94422.929688
2010	06	0.000000	-7.988175	9.101439	9.101439	-0.000004	-0.000004	1.113264	-23.758062	-13.251233	0.000000	92005.148438	1411.961060	94422.625000
2010	06	0.000000	-7.435099	8.686375	8.686375	-0.000003	-0.000003	1.251275	-16.914259	-3.444024	0.000000	92005.164062	1411.627197	94422.328125
2010	06	0.000000	-7.603483	9.047119	9.047119	-0.000003	-0.000003	1.443637	-12.183548	-3.682046	0.000000	92005.187500	1411.302368	94422.039062
2010	06	0.000000	-7.896029	9.518532	9.518532	-0.000004	-0.000004	1.622502	-50.471977	-24.123129	0.000000	92005.203125	1410.966431	94421.726562
2010	06	0.000000	-6.865160	8.525736	8.525736	-0.000003	-0.000003	1.660576	-14.048212	16.206818	0.000000	92005.226562	1410.643799	94421.421875
2010	06	0.000000	-6.619028	8.316963	8.316963	-0.000003	-0.000003	1.697935	1.710992	17.938896	0.000000	92005.250000	1410.344727	94421.148438
2010	06	0.000000	-6.904099	8.698715	8.698715	-0.000003	-0.000003	1.794616	-3.254982	4.294785	0.000000	92005.265625	1410.043945	94420.867188
2010	06	0.000000	-7.396140	9.477916	9.477916	-0.000004	-0.000004	2.081776	-13.277838	0.952293	0.000000	92005.296875	1409.727661	94420.562500
2010	06	0.000000	-7.662323	11.229604	11.229604	-0.000004	-0.000004	3.567280	-31.035234	5.193468	0.000000	92005.328125	1409.399414	94420.226562
2010	06	0.000000	-7.775424	69.611443	69.611443	-0.000027	-0.000027	61.836018	-7.880862	13.227559	0.000000	92006.210938	1409.063354	94419.125000
2010	06	0.000000	-8.217227	82.113335	82.113335	-0.000032	-0.000032	73.896103	-6.395035	13.673556	0.000000	92008.750000	1408.723145	94416.218750
2010	06	0.000000	-8.090331	79.246216	79.246216	-0.000031	-0.000031	71.155884	15.347407	24.625996	0.000000	92010.101562	1408.369385	94413.593750
2010	06	0.000000	-7.902120	78.802132	78.802132	-0.000030	-0.000030	70.900002	81.496651	35.966293	0.000000	92011.289062	1408.026611	94410.960938
2010	06	0.000000	-7.414173	81.851440	81.851440	-0.000032	-0.000032	74.437271	105.186737	40.592751	0.000000	92012.398438	1407.694336	94408.234375
2010	06	0.000000	-7.606678	71.118317	71.118317	-0.000027	-0.000027	63.511642	117.117432	50.901779	0.000000	92013.320312	1407.370117	94405.648438
2010	06	0.000000	-9.121275	69.003235	69.003235	-0.000027	-0.000027	59.881954	75.967445	68.500984	0.000000	92014.023438	1407.014404	94403.390625
2010	06	0.494324	-8.541793	73.116936	72.622604	-0.000028	-0.000028	64.080811	94.099060	60.856335	1371.865112	92014.750000	1406.634033	94400.992188
2010	06	15.375359	4.053574	87.500557	72.125198	-0.000028	-0.000028	76.178772	86.650917	65.801582	42670.214844	92015.523438	1406.437378	94398.554688
2010	06	37.153217	23.686329	95.553268	58.400055	-0.000023	-0.000023	82.086380	96.445831	74.426476	103108.867188	92016.406250	1406.887573	94396.414062
2010	06	65.689911	48.134438	100.519920	34.830002	-0.000013	-0.000013	82.964447	87.281815	54.671528	182304.875000	92017.265625	1408.012817	94394.875000
2010	06	70.169609	49.991451	106.060097	35.890484	-0.000014	-0.000014	85.881935	22.277967	43.944000	194737.062500	92018.078125	1409.740479	94393.843750
2010	06	98.267609	76.339676	97.406219	-0.861392	0.000000	0.000000	75.478287	32.183098	34.961376	272715.625000	92018.765625	1411.645020	94393.140625
2010	06	153.622284	122.930061	103.359634	-50.262646	0.000019	0.000019	72.667419	64.384384	66.010208	426337.718750	92019.367188	1415.004272	94394.125000
2010	06	143.567734	112.611877	105.887398	-37.680340	0.000015	0.000015	74.931534	28.417171	62.840504	398434.031250	92019.921875	1419.028564	94395.820312
2010	06	135.715073	106.089546	104.494125	-31.220949	0.000012	0.000012	74.868599	29.706671	60.069630	376641.062500	92020.398438	1422.451538	94396.796875
2010	06	186.198624	148.794998	114.904991	-71.293625	0.000028	0.000028	77.501373	82.367874	72.857674	516744.718750	92020.796875	1426.669556	94398.539062
2010	06	213.420319	169.915817	121.432457	-91.987862	0.000035	0.000035	77.927948	76.246750	76.298355	592291.312500	92021.125000	1431.820801	94401.179688
2010	06	242.126831	189.516693	134.088531	-108.038315	0.000042	0.000042	81.478401	35.311848	99.715263	671958.562500	92021.375000	1437.665039	94404.429688
2010	06	194.971329	142.778168	135.357956	-59.613365	0.000023	0.000023	83.164803	-24.385643	88.037209	541091.000000	92021.593750	1443.784790	94407.882812
2010	06	68.210678	36.432812	104.215309	36.004627	-0.000014	-0.000014	72.437439	-28.150070	36.099258	189300.593750	92021.882812	1446.195190	94407.796875
2010	07	141.125137	100.291389	111.982254	-29.142883	0.000011	0.000011	71.148506	0.093387	21.603567	379021.187500	92022.109375	1447.843628	94407.203125
2010	07	271.060150	207.128555	144.038666	-127.021469	0.000047	0.000047	80.107086	31.948605	75.914047	727989.000000	92022.210938	1453.352539	94410.335938
2010	07	320.063660	241.828781	159.983734	-160.079910	0.000060	0.000060	81.748863	-6.230874	90.443108	859598.187500	92022.226562	1460.549805	94415.007812
2010	07	300.790588	215.887726	170.566116	-130.224457	0.000049	0.000049	85.663269	27.919670	122.198288	807836.312500	92022.210938	1467.397705	94419.164062
2010	07	320.329010	239.383713	153.673340	-166.655640	0.000062	0.000062	72.728050	38.399338	119.355186	860310.812500	92022.078125	1475.195557	94424.554688
2010	07	275.021637	177.314835	179.534210	-95.487434	0.000036	0.000036	81.827408	1.672704	129.629852	738628.375000	92022.000000	1481.053345	94427.960938
2010	07	326.119965	217.826599	188.830231	-137.289734	0.000051	0.000051	80.536873	10.329222	124.096275	875863.750000	92021.843750	1487.563477	94431.953125
2010	07	203.586655	102.417114	187.053009	-16.533638	0.000006	0.000006	85.883469	17.840832	107.758049	546774.750000	92021.765625	1492.124512	94433.804688
2010	07	318.456360	229.727173	155.280548	-163.175812	0.000061	0.000061	66.551346	77.502975	84.530586	855281.500000	92021.523438	1498.501587	94437.921875
2010	07	334.257751	239.865936	158.143677	-176.114059	0.000066	0.000066	63.751865	75.824379	76.036613	897719.375000	92021.226562	1505.920410	94443.335938
2010	07	358.179962	247.242249	176.546371	-181.633560	0.000068	0.000068	65.608696	59.632000	90.371490	961967.562500	92020.906250	1513.696411	94449.101562
2010	07	305.606079	201.470963	166.155411	-139.450684	0.000052	0.000052	62.020290	43.446590	75.668816	820769.375000	92020.578125	1520.829590	94454.250000
2010	07	325.395294	219.641281	164.868561	-160.526703	0.000060	0.000060	59.114582	89.601913	69.027420	873917.375000	92020.257812	1527.645264	94459.210938
2010	07	340.636414	226.657990	171.788391	-168.848038	0.000063	0.000063	57.809959	83.001778	69.134506	914850.687500	92019.914062	1534.704224	94464.476562
2010	07	299.256531	161.260025	200.205032	-99.051529	0.000037	0.000037	62.208500	13.660613	84.855568	803716.375000	92019.585938	1541.128662	94469.062500
2010	07	256.636200	120.148598	197.823898	-58.812321	0.000022	0.000022	61.336281	-13.138187	54.169746	689250.500000	92019.289062	1545.352783	94471.382812
2010	07	317.446045	162.101196	217.819962	-99.626114	0.000037	0.000037	62.475086	-17.443321	91.273453	852568.125000	92018.968750	1549.836060	94473.921875
2010	07	277.889404	153.684326	179.780945	-98.108459	0.000037	0.000037	55.575874	31.770481	57.225182	746330.437500	92018.625000	1554.832764	94477.117188
2010	07	295.186493	154.164520	195.586334	-99.600136	0.000037	0.000037	54.564381	24.802105	66.124352	792785.250000	92018.273438	1559.677368	94480.281250
2010	07	315.174377	131.775070	241.918488	-73.255882	0.000027	0.000027	58.519188	10.579226	92.615486	846467.000000	92017.914062	1563.937744	94482.796875
2010	07	229.018417	55.985012	235.508163	6.489757	-0.000002	-0.000002	62.474770	19.587351	81.421463	615077.062500	92017.609375	1566.095093	94483.031250
2010	07	300.842163	176.554260	176.343811	-124.498337	0.000046	0.000046	52.055931	40.447639	70.082169	807974.812500	92017.226562	1570.859375	94486.078125
2010	07	307.248444	174.266525	183.476593	-123.771866	0.000046	0.000046	50.494667	63.202560	64.599052	825180.250000	92016.843750	1576.507568	94490.164062
2010	07	254.659393	94.403221	213.399399	-41.259991	0.000015	0.000015	53.143230	-13.909610	67.070885	683941.312500	92016.468750	1580.814087	94492.898438
2010	07	300.115479	170.608170	175.779770	-124.335701	0.000046	0.000046	46.272484	79.378929	47.698437	806023.187500	92016.117188	1584.779663	94495.351562
2010	07	293.497284	133.647385	210.174133	-83.323166	0.000031	0.000031	50.324223	29.494476	68.319382	788248.625000	92015.734375	1589.448608	94498.554688
2010	07	303.797791	140.415039	214.943665	-88.854118	0.000033	0.000033	51.560917	20.772894	72.987755	815912.750000	92015.351562	1594.246582	94501.781250
2010	07	278.625519	149.495773	175.153961	-103.471573	0.000039	0.000039	46.024200	60.661755	49.628567	748307.437500	92014.960938	1598.646973	94504.695312
2010	07	281.945618	147.823502	178.996628	-102.948997	0.000038	0.000038	44.874508	70.724205	48.814632	757224.250000	92014.562500	1603.502563	94508.179688
2010	07	232.708954	79.168854	200.900162	-31.808792	0.000012	0.000012	47.360062	42.308434	47.858147	624988.750000	92014.187500	1607.064819	94510.351562
2010	07	253.506699	116.509941	181.908630	-71.598068	0.000027	0.000027	44.911865	43.614788	47.438324	680845.500000	92013.812500	1610.089844	94511.968750
2010	08	241.615692	91.190735	196.730408	-44.885296	0.000017	0.000017	46.305439	57.664841	49.516499	648909.750000	92013.429688	1613.106445	94513.593750
2010	08	206.814255	77.736809	173.135574	-33.678684	0.000013	0.000013	44.058125	57.123013	36.500313	555443.187500	92013.046875	1616.138428	94515.265625
2010	08	201.114777	83.310074	159.657272	-41.457500	0.000015	0.000015	41.852570	83.621323	28.026770	540136.000000	92012.695312	1618.547974	94516.375000
2010	08	211.119064	82.958900	170.646408	-40.472664	0.000015	0.000015	42.486233	69.901932	34.266006	567004.625000	92012.328125	1621.258423	94517.820312
2010	08	160.079910	42.797466	159.785858	-0.294043	0.000000	0.000000	42.503422	24.349621	23.160402	429928.250000	92011.976562	1623.111816	94518.398438
2010	08	196.599304	71.749489	167.237030	-29.362286	0.000011	0.000011	42.387199	48.843636	29.684158	528008.750000	92011.625000	1624.950684	94518.953125
2010	08	213.205200	79.943939	176.452148	-36.753063	0.000014	0.000014	43.190872	54.461880	37.251743	572607.375000	92011.250000	1627.478027	94520.187500
2010	08	200.331390	71.351273	171.940125	-28.391256	0.000011	0.000011	42.960018	32.192753	31.194490	538032.000000	92010.859375	1629.866211	94521.273438
2010	08	203.430557	68.558365	178.458588	-24.971966	0.000009	0.000009	43.586399	30.741539	35.899979	546355.500000	92010.476562	1632.104126	94522.210938
2010	08	202.750397	68.871017	177.678070	-25.072313	0.000009	0.000009	43.798706	41.885185	39.349590	544528.750000	92010.085938	1634.356812	94523.132812
2010	08	178.768188	41.001190	182.648102	3.879911	-0.000001	-0.000001	44.881100	25.386183	32.313019	480119.531250	92009.703125	1636.155518	94523.609375
2010	08	176.320526	45.726173	177.277634	0.957122	-0.000000	-0.000000	46.683300	9.032257	36.501598	473545.781250	92009.328125	1637.440186	94523.492188
2010	08	157.310822	35.557384	169.556580	12.245758	-0.000005	-0.000005	47.803139	2.889338	51.986721	422491.281250	92008.945312	1638.837769	94523.460938
2010	08	133.396011	30.221121	149.019699	15.623693	-0.000006	-0.000006	45.844810	22.202202	42.361362	358263.000000	92008.593750	1639.798096	94522.992188
2010	08	88.143173	1.404796	130.973633	42.830456	-0.000016	-0.000016	44.235252	16.860685	30.600929	236727.000000	92008.296875	1640.059326	94521.898438
2010	08	119.949188	27.068743	136.157516	16.208332	-0.000006	-0.000006	43.277073	34.816231	24.079519	322148.750000	92007.984375	1640.615601	94521.125000
2010	08	144.483459	42.761639	145.967606	1.484155	-0.000001	-0.000001	44.245792	51.813259	30.790213	388040.656250	92007.625000	1641.898315	94521.085938
2010	08	134.780060	32.255028	146.841736	12.061666	-0.000005	-0.000005	44.316696	39.833656	25.957262	361980.156250	92007.265625	1642.975708	94520.835938
2010	08	139.697906	31.830818	152.846375	13.148469	-0.000005	-0.000005	44.979290	19.400099	26.093275	375188.062500	92006.890625	1644.041870	94520.546875
2010	08	141.696793	29.202633	158.159470	16.462677	-0.000006	-0.000006	45.665310	5.316932	22.638351	380556.531250	92006.507812	1645.017822	94520.156250
2010	08	160.618393	43.900410	162.803391	2.184999	-0.000001	-0.000001	46.085411	7.517958	31.876001	431374.437500	92006.109375	1646.230225	94519.968750
2010	08	159.810822	40.728943	165.236160	5.425347	-0.000002	-0.000002	46.154289	7.857059	41.466007	429205.562500	92005.687500	1647.573975	94519.914062
2010	08	114.741264	20.004610	139.731339	24.990080	-0.000009	-0.000009	44.994690	1.314128	32.292141	308161.781250	92005.289062	1648.512573	94519.468750
2010	08	120.673851	28.623985	135.902206	15.228359	-0.000006	-0.000006	43.852341	39.937534	25.826496	324094.968750	92004.921875	1649.282593	94518.898438
2010	08	121.374596	20.139721	146.654449	25.279856	-0.000009	-0.000009	45.419575	5.567262	40.927326	325976.968750	92004.539062	1650.232056	94518.515625
2010	08	117.873146	6.033853	159.041153	41.168011	-0.000015	-0.000015	47.201862	-35.630352	39.038822	316573.093750	92004.171875	1650.435425	94517.320312
2010	08	115.990074	21.253763	141.720032	25.729961	-0.000010	-0.000010	46.983719	-19.542515	58.832088	311515.718750	92003.773438	1651.021973	94516.453125
2010	08	103.410202	17.058546	131.157364	27.747173	-0.000010	-0.000010	44.805721	12.424222	35.910622	277729.812500	92003.398438	1651.552979	94515.593750
2010	08	102.175560	7.279646	140.608139	38.432587	-0.000014	-0.000014	45.712231	-4.126000	23.217562	274413.937500	92003.031250	1651.961060	94514.648438
2010	08	119.915497	23.006582	143.074387	23.158878	-0.000009	-0.000009	46.165462	1.553799	36.430473	322058.250000	92002.625000	1652.588989	94513.875000
2010	08	101.934952	10.368128	137.032486	35.097527	-0.000013	-0.000013	45.465656	9.771023	19.687025	273767.750000	92002.250000	1653.016113	94512.921875
2010	09	116.981300	23.725407	137.194626	20.213322	-0.000008	-0.000008	43.938728	3.311302	27.747660	324650.437500	92001.843750	1653.631348	94512.156250
2010	09	62.990494	-8.515355	115.201302	52.210812	-0.000020	-0.000020	43.695454	-16.466097	16.453571	174813.343750	92001.476562	1653.799316	94510.960938
2010	09	68.511475	-5.233404	119.079849	50.568371	-0.000020	-0.000020	45.334969	-4.283698	20.434334	190135.375000	92001.148438	1653.476440	94509.242188
2010	09	66.497231	-5.408080	116.440338	49.943111	-0.000019	-0.000019	44.535034	-14.297752	12.077425	184545.343750	92000.789062	1653.381348	94507.734375
2010	09	59.498089	-2.058781	103.371010	43.872917	-0.000017	-0.000017	41.814140	-3.347105	10.718074	165121.109375	92000.453125	1653.130859	94506.125000
2010	09	66.434326	3.194790	104.229652	37.795330	-0.000015	-0.000015	40.990116	15.824912	14.179606	184370.781250	92000.109375	1653.243408	94504.953125
2010	09	55.236267	-4.586487	99.422173	44.185913	-0.000017	-0.000017	39.599422	5.640571	13.044405	153293.562500	91999.781250	1653.119507	94503.578125
2010	09	65.313431	2.413311	102.674873	37.361439	-0.000014	-0.000014	39.774754	-1.761016	17.452650	181260.031250	91999.437500	1653.117676	94502.351562
2010	09	48.834900	-8.607864	97.260910	48.426010	-0.000019	-0.000019	39.818146	7.995777	8.542149	135528.265625	91999.117188	1652.884766	94500.882812
2010	09	50.515373	-5.922543	95.992813	45.477436	-0.000018	-0.000018	39.554897	11.551467	10.088525	140191.984375	91998.789062	1652.702759	94499.460938
2010	09	50.361786	-6.329902	96.033882	45.672089	-0.000018	-0.000018	39.342190	-1.729173	13.339109	139765.718750	91998.460938	1652.425903	94497.960938
2010	09	42.263298	-10.078022	90.136780	47.873478	-0.000018	-0.000018	37.795452	-0.815807	12.413078	117290.531250	91998.132812	1652.129639	94496.468750
2010	09	37.726933	-10.705746	84.508842	46.781902	-0.000018	-0.000018	36.076157	5.477025	8.348334	104701.062500	91997.812500	1651.715454	94494.906250
2010	09	31.559143	-18.068132	86.946663	55.387524	-0.000021	-0.000021	37.319389	-18.735703	17.401083	87584.007812	91997.492188	1651.150146	94493.234375
2010	09	29.881390	-18.559940	86.979393	57.098007	-0.000022	-0.000022	38.538067	-22.974958	19.947100	82927.843750	91997.164062	1650.519287	94491.421875
2010	09	26.171211	-20.028097	84.549507	58.378296	-0.000023	-0.000023	38.350197	-22.389715	18.334425	72631.226562	91996.835938	1649.804199	94489.515625
2010	09	34.121044	-11.594980	82.973656	48.852608	-0.000019	-0.000019	37.257629	13.933761	4.350729	94693.867188	91996.507812	1649.327148	94487.851562
2010	09	31.469513	-14.919147	83.561501	52.091988	-0.000020	-0.000020	37.172836	-6.566637	5.743734	87335.250000	91996.171875	1648.829590	94486.226562
2010	09	25.684994	-17.020319	78.412010	52.727016	-0.000020	-0.000020	35.706699	2.648264	5.533126	71281.859375	91995.843750	1648.277954	94484.531250
2010	09	26.181416	-14.453966	74.847244	48.665825	-0.000019	-0.000019	34.211861	-3.823911	6.794221	72659.546875	91995.507812	1647.697632	94482.882812
2010	09	23.042353	-18.780584	76.403816	53.361458	-0.000021	-0.000021	34.580872	-15.186854	7.389727	63947.921875	91995.179688	1647.092407	94481.234375
2010	09	22.872547	-20.057169	79.226532	56.353992	-0.000022	-0.000022	36.296818	-19.186522	8.386034	63476.660156	91994.851562	1646.415405	94479.468750
2010	09	24.115307	-19.516106	81.119423	57.004120	-0.000022	-0.000022	37.488010	-23.640320	12.873299	66925.609375	91994.515625	1645.763916	94477.671875
2010	09	17.545609	-21.860491	75.362617	57.817005	-0.000022	-0.000022	35.956516	-16.676672	14.904680	48693.164062	91994.179688	1645.058472	94475.820312
2010	09	17.545496	-17.645119	68.492355	50.946861	-0.000020	-0.000020	33.301739	-2.816630	3.801553	48692.851562	91993.835938	1644.336792	94474.031250
2010	09	13.854906	-19.426195	63.209930	49.355022	-0.000019	-0.000019	29.928829	4.885131	8.631099	38450.601562	91993.500000	1643.671631	94472.398438
2010	09	11.039948	-20.691006	58.359474	47.319523	-0.000018	-0.000018	26.628517	3.984100	6.816779	30638.437500	91993.179688	1642.949707	94470.843750
2010	09	11.688210	-20.042181	56.419582	44.731369	-0.000017	-0.000017	24.689190	7.040173	4.135678	32437.515625	91992.859375	1642.211426	94469.343750
2010	09	8.372663	-23.033247	54.842537	46.469875	-0.000018	-0.000018	23.436630	4.189392	7.342561	23236.097656	91992.554688	1641.450195	94467.867188
2010	09	6.380182	-23.832376	52.773453	46.393272	-0.000018	-0.000018	22.560894	0.500646	3.141451	17706.498047	91992.250000	1640.626221	94466.367188
2010	10	0.000000	-28.152443	50.628761	50.628761	-0.000019	-0.000019	22.476318	1.001284	2.454741	0.000000	91991.953125	1639.742310	94464.828125
2010	10	3.191879	-23.232475	46.254921	43.063042	-0.000016	-0.000016	19.830564	-1.488861	4.365049	8572.460938	91991.664062	1638.596924	94463.429688
2010	10	2.972979	-22.935419	43.116013	40.143032	-0.000015	-0.000015	17.207613	4.591126	5.633369	7984.558594	91991.390625	1636.012085	94462.148438
2010	10	2.614155	-24.706861	43.069351	40.455196	-0.000015	-0.000015	15.748337	-23.082438	2.603650	7020.861816	91991.156250	1631.647095	94460.898438
2010	10	2.370162	-24.160048	41.840118	39.469955	-0.000015	-0.000015	15.309909	-14.734413	1.990250	6365.566895	91990.937500	1625.515259	94459.648438
2010	10	2.131752	-24.300390	41.164734	39.032982	-0.000015	-0.000015	14.732594	-5.908474	1.647246	5725.267090	91990.757812	1617.657227	94458.421875
2010	10	1.517016	-25.153601	40.856800	39.339783	-0.000015	-0.000015	14.186185	-2.566765	1.551388	4074.264648	91990.601562	1608.055664	94457.203125
2010	10	0.000000	-27.846087	41.667877	41.667877	-0.000016	-0.000016	13.821794	0.054644	-0.155016	0.000000	91990.484375	1596.668823	94455.945312
2010	10	0.000000	-27.585928	41.069054	41.069054	-0.000015	-0.000015	13.483125	-3.202378	-1.134541	0.000000	91990.398438	1583.503540	94454.664062
2010	10	0.002961	-26.065296	39.064003	39.061043	-0.000015	-0.000015	12.995746	-5.211037	-1.432940	7.953304	91990.335938	1568.604248	94453.382812
2010	10	0.081133	-28.777187	40.904404	40.823273	-0.000015	-0.000015	12.046084	-4.128033	-1.976287	217.899857	91990.289062	1551.966431	94452.125000
2010	10	0.129347	-27.980589	39.771637	39.642288	-0.000015	-0.000015	11.661698	-5.236319	-1.824238	347.388794	91990.265625	1533.495117	94450.781250
2010	10	0.127983	-35.384769	46.220772	46.092785	-0.000017	-0.000017	10.708020	-6.681321	-3.850533	343.725403	91990.242188	1513.225952	94449.390625
2010	10	0.003714	-34.236557	45.230358	45.226646	-0.000017	-0.000017	10.990088	-12.582487	-4.636633	9.975509	91990.242188	1491.040771	94447.804688
2010	10	0.025189	-37.285137	48.269821	48.244633	-0.000018	-0.000018	10.959499	-13.100279	-4.955471	67.650536	91990.265625	1467.163940	94446.234375
2010	10	0.013904	-44.431320	55.303947	55.290043	-0.000021	-0.000021	10.858722	-13.300256	-5.033868	37.342342	91990.312500	1441.379761	94444.437500
2010	10	0.000000	-49.808270	60.317146	60.317146	-0.000023	-0.000023	10.508873	-6.034183	-2.450635	0.000000	91990.390625	1427.461304	94442.367188
2010	10	0.000000	-45.485573	55.402817	55.402817	-0.000021	-0.000021	9.917244	-6.472263	-2.462775	0.000000	91990.460938	1425.699097	94440.359375
2010	10	0.000000	-37.466953	46.838673	46.838673	-0.000017	-0.000017	9.371719	-3.640387	-1.203097	0.000000	91990.531250	1424.140991	94438.562500
2010	10	0.000000	-31.385727	39.941101	39.941101	-0.000015	-0.000015	8.555374	-4.150331	-1.253819	0.000000	91990.585938	1422.819092	94437.031250
2010	10	0.000000	-32.137760	39.896164	39.896164	-0.000015	-0.000015	7.758407	-7.635937	-2.310488	0.000000	91990.632812	1421.592896	94435.625000
2010	10	0.000000	-29.782295	37.133049	37.133049	-0.000014	-0.000014	7.350752	-7.784678	-2.121935	0.000000	91990.671875	1420.383667	94434.250000
2010	10	0.000000	-26.183332	33.187332	33.187332	-0.000012	-0.000012	7.003999	-8.159044	-1.929168	0.000000	91990.718750	1419.261719	94432.976562
2010	10	0.000000	-25.086391	31.858934	31.858934	-0.000012	-0.000012	6.772542	-6.114909	-1.308551	0.000000	91990.757812	1418.267212	94431.835938
2010	10	0.000000	-26.271572	32.766647	32.766647	-0.000012	-0.000012	6.495076	-8.066347	-1.896063	0.000000	91990.796875	1417.222900	94430.656250
2010	10	0.000000	-21.433374	27.206207	27.206207	-0.000010	-0.000010	5.772832	-7.604232	-1.251497	0.000000	91990.835938	1416.254639	94429.562500
2010	10	0.000000	-23.577192	28.420408	28.420408	-0.000011	-0.000011	4.843215	-8.860066	-2.566115	0.000000	91990.851562	1415.393555	94428.609375
2010	10	0.000000	-30.377029	34.938274	34.938274	-0.000013	-0.000013	4.561244	-9.266056	-3.787792	0.000000	91990.867188	1414.287598	94427.429688
2010	10	0.000000	-26.679617	31.179781	31.179781	-0.000012	-0.000012	4.500164	-14.859949	-4.943754	0.000000	91990.890625	1413.175903	94426.250000
2010	10	0.000000	-23.673468	28.095598	28.095598	-0.000010	-0.000010	4.422127	-13.478705	-3.937287	0.000000	91990.914062	1412.200317	94425.210938
2010	10	0.000000	-23.088531	27.436197	27.436197	-0.000010	-0.000010	4.347665	-7.766328	-2.347802	0.000000	91990.945312	1411.259155	94424.203125
2010	11	0.000000	-19.960968	24.103495	24.103495	-0.000009	-0.000009	4.142525	-4.971344	-1.311245	0.000000	91990.976562	1410.390015	94423.273438
2010	11	0.000000	-15.677705	19.739357	19.739357	-0.000008	-0.000008	4.061653	-16.403311	-2.490783	0.000000	91991.000000	1409.630859	94422.453125
2010	11	0.000000	-13.699932	17.651484	17.651484	-0.000007	-0.000007	3.951552	-12.763947	-1.692953	0.000000	91991.031250	1408.985596	94421.750000
2010	11	0.000000	-15.736755	19.582750	19.582750	-0.000008	-0.000008	3.845994	-3.910771	-0.868344	0.000000	91991.062500	1408.327393	94421.046875
2010	11	0.000000	-14.982202	18.744810	18.744810	-0.000007	-0.000007	3.762609	-1.454816	-0.306720	0.000000	91991.093750	1407.655151	94420.320312
2010	11	0.000000	-14.827713	18.499010	18.499010	-0.000007	-0.000007	3.671298	-1.508754	-0.306114	0.000000	91991.125000	1406.997070	94419.617188
2010	11	0.000000	-11.737181	15.301382	15.301382	-0.000006	-0.000006	3.564203	-8.341784	-0.782240	0.000000	91991.156250	1406.398193	94418.976562
2010	11	0.000000	-12.671312	16.081316	16.081316	-0.000006	-0.000006	3.410004	-13.434577	-1.681621	0.000000	91991.187500	1405.855469	94418.390625
2010	11	0.000000	-16.193064	19.461121	19.461121	-0.000008	-0.000008	3.268057	-12.485950	-2.628478	0.000000	91991.218750	1405.227417	94417.726562
2010	11	0.000000	-16.452564	19.637533	19.637533	-0.000008	-0.000008	3.184969	-12.827826	-2.992382	0.000000	91991.250000	1404.525635	94417.000000
2010	11	0.000000	-15.948761	19.075338	19.075338	-0.000007	-0.000007	3.126578	-8.362332	-1.970090	0.000000	91991.281250	1403.816162	94416.257812
2010	11	0.000000	-13.054502	16.101795	16.101795	-0.000006	-0.000006	3.047295	-6.111441	-1.010163	0.000000	91991.312500	1403.197876	94415.617188
2010	11	0.000000	-12.946189	15.808048	15.808048	-0.000006	-0.000006	2.861860	-8.577196	-1.477655	0.000000	91991.335938	1402.630859	94415.023438
2010	11	0.000000	-12.443747	15.125673	15.125673	-0.000006	-0.000006	2.681927	-7.651196	-1.278666	0.000000	91991.367188	1402.076294	94414.460938
2010	11	0.000000	-12.028021	14.540712	14.540712	-0.000006	-0.000006	2.512691	-14.447488	-2.096439	0.000000	91991.398438	1401.527832	94413.898438
2010	11	0.000000	-10.784066	13.102368	13.102368	-0.000005	-0.000005	2.318302	-14.986902	-1.887119	0.000000	91991.421875	1401.007080	94413.375000
2010	11	0.000000	-10.170864	12.131018	12.131018	-0.000005	-0.000005	1.960154	-8.109609	-1.058872	0.000000	91991.445312	1400.536499	94412.906250
2010	11	0.000000	-14.033362	15.766219	15.766219	-0.000006	-0.000006	1.732857	-7.659453	-1.934139	0.000000	91991.453125	1400.001099	94412.390625
2010	11	0.000000	-13.613732	15.314599	15.314599	-0.000006	-0.000006	1.700867	-9.945088	-2.392428	0.000000	91991.468750	1399.380737	94411.789062
2010	11	0.000000	-10.592601	12.268736	12.268736	-0.000005	-0.000005	1.676136	-4.752258	-0.558291	0.000000	91991.484375	1398.880371	94411.312500
2010	11	0.000000	-8.530122	10.131389	10.131389	-0.000004	-0.000004	1.601268	-0.646424	-0.332071	0.000000	91991.500000	1398.420776	94410.875000
2010	11	0.000000	-9.940051	11.299548	11.299548	-0.000004	-0.000004	1.359498	-2.994248	-0.460324	0.000000	91991.515625	1398.004395	94410.484375
2010	11	0.000000	-12.060695	13.312398	13.312398	-0.000005	-0.000005	1.251704	-4.552297	-0.953494	0.000000	91991.523438	1397.510254	94410.023438
2010	11	0.000000	-11.836550	13.048592	13.048592	-0.000005	-0.000005	1.212042	-14.755320	-2.590753	0.000000	91991.531250	1396.995483	94409.539062
2010	11	0.000000	-14.013458	15.187621	15.187621	-0.000006	-0.000006	1.174164	-8.950050	-2.227881	0.000000	91991.546875	1396.430542	94409.015625
2010	11	0.000000	-15.841371	17.007040	17.007040	-0.000007	-0.000007	1.165670	-12.454187	-3.931778	0.000000	91991.554688	1395.831909	94408.453125
2010	11	0.000000	-14.486556	15.656395	15.656395	-0.000006	-0.000006	1.169839	-14.347899	-4.164807	0.000000	91991.562500	1395.186279	94407.843750
2010	11	0.000000	-12.490914	13.667795	13.667795	-0.000005	-0.000005	1.176882	-14.194755	-3.494541	0.000000	91991.570312	1394.635132	94407.328125
2010	11	0.000000	-13.311827	14.492699	14.492699	-0.000006	-0.000006	1.180872	-17.546768	-4.288596	0.000000	91991.585938	1394.087891	94406.820312
2010	11	0.000000	-11.804213	12.987399	12.987399	-0.000005	-0.000005	1.183187	-17.672039	-3.823681	0.000000	91991.593750	1393.552490	94406.320312
2010	12	0.000000	-7.818127	9.040066	9.040066	-0.000003	-0.000003	1.221939	-8.320844	-1.184850	0.000000	91991.609375	1393.109375	94405.914062
2010	12	0.000000	-5.189752	6.405158	6.405158	-0.000002	-0.000002	1.215406	6.926645	-0.280469	0.000000	91991.617188	1392.811523	94405.656250
2010	12	0.000000	-5.943110	7.145213	7.145213	-0.000003	-0.000003	1.202103	-4.019200	-0.413839	0.000000	91991.625000	1392.515137	94405.398438
2010	12	0.000000	-4.481830	5.663912	5.663912	-0.000002	-0.000002	1.182082	9.510958	-0.226801	0.000000	91991.640625	1392.241943	94405.164062
2010	12	0.000000	-6.014804	7.153539	7.153539	-0.000003	-0.000003	1.138735	2.557722	-0.359002	0.000000	91991.648438	1391.963989	94404.921875
2010	12	0.000000	-6.553628	7.589713	7.589713	-0.000003	-0.000003	1.036084	3.823026	-0.249343	0.000000	91991.656250	1391.667114	94404.664062
2010	12	0.000000	-10.808605	11.745312	11.745312	-0.000004	-0.000004	0.936707	-8.057390	-1.659491	0.000000	91991.664062	1391.270630	94404.312500
2010	12	0.000000	-10.984101	11.895544	11.895544	-0.000004	-0.000004	0.911443	-4.700207	-1.029761	0.000000	91991.671875	1390.806763	94403.898438
2010	12	0.000000	-9.960517	10.863061	10.863061	-0.000004	-0.000004	0.902544	-2.938649	-1.033182	0.000000	91991.679688	1390.368652	94403.507812
2010	12	0.000000	-6.643756	7.538889	7.538889	-0.000003	-0.000003	0.895134	-4.742352	-0.991882	0.000000	91991.695312	1389.998901	94403.179688
2010	12	0.000000	-11.713849	12.587993	12.587993	-0.000005	-0.000005	0.874142	-5.874871	-2.507098	0.000000	91991.703125	1389.612915	94402.843750
2010	12	0.000000	-10.217396	11.079782	11.079782	-0.000004	-0.000004	0.862387	-11.808616	-3.054481	0.000000	91991.710938	1389.133423	94402.414062
2010	12	0.000000	-11.092164	11.954877	11.954877	-0.000004	-0.000004	0.862713	-12.744222	-3.060385	0.000000	91991.718750	1388.708618	94402.039062
2010	12	0.000000	-8.570182	9.432273	9.432273	-0.000004	-0.000004	0.862091	-5.493363	-0.865893	0.000000	91991.726562	1388.278931	94401.656250
2010	12	0.000000	-8.934310	9.793489	9.793489	-0.000004	-0.000004	0.859179	-7.236859	-1.235033	0.000000	91991.734375	1387.928101	94401.351562
2010	12	0.000000	-10.357282	11.211377	11.211377	-0.000004	-0.000004	0.854096	-13.633061	-3.113803	0.000000	91991.742188	1387.496216	94400.968750
2010	12	0.000000	-13.407431	14.255604	14.255604	-0.000005	-0.000005	0.848173	-13.412775	-5.416062	0.000000	91991.750000	1387.024170	94400.546875
2010	12	0.000000	-10.397579	11.243888	11.243888	-0.000004	-0.000004	0.846309	-6.640679	-3.808023	0.000000	91991.757812	1386.525146	94400.093750
2010	12	0.000000	-6.058689	6.906864	6.906864	-0.000003	-0.000003	0.848175	-1.754577	-0.815804	0.000000	91991.773438	1386.183472	94399.804688
2010	12	0.000000	-7.057577	7.906341	7.906341	-0.000003	-0.000003	0.848764	-13.214037	-1.475746	0.000000	91991.781250	1385.870728	94399.539062
2010	12	0.000000	-5.748121	6.595672	6.595672	-0.000002	-0.000002	0.847551	-11.369173	-1.003819	0.000000	91991.789062	1385.574463	94399.289062
2010	12	0.000000	-7.251555	8.095513	8.095513	-0.000003	-0.000003	0.843959	-12.284001	-2.572822	0.000000	91991.796875	1385.261719	94399.023438
2010	12	0.000000	-4.669304	5.506783	5.506783	-0.000002	-0.000002	0.837479	-0.841920	-0.448703	0.000000	91991.804688	1384.983643	94398.796875
2010	12	0.000000	-5.656928	6.480114	6.480114	-0.000002	-0.000002	0.823187	-0.283472	-1.190815	0.000000	91991.812500	1384.725464	94398.585938
2010	12	0.000000	-4.527562	5.317111	5.317111	-0.000002	-0.000002	0.789549	-11.382072	-0.664241	0.000000	91991.820312	1384.470459	94398.382812
2010	12	0.000000	-4.402938	5.130235	5.130235	-0.000002	-0.000002	0.727297	-3.239250	-0.205894	0.000000	91991.835938	1384.235840	94398.203125
2010	12	0.000000	-4.765737	5.382834	5.382834	-0.000002	-0.000002	0.617098	-4.416402	-0.219666	0.000000	91991.835938	1383.997314	94398.015625
2010	12	0.000000	-6.041212	6.546014	6.546014	-0.000002	-0.000002	0.504802	0.801464	-0.252033	0.000000	91991.843750	1383.728760	94397.804688
2010	12	0.000000	-5.587406	6.004226	6.004226	-0.000002	-0.000002	0.416820	0.810403	-0.302055	0.000000	91991.843750	1383.453857	94397.593750
2010	12	0.000000	-5.978776	6.320084	6.320084	-0.000002	-0.000002	0.341308	-0.300835	-0.444916	0.000000	91991.843750	1383.179565	94397.382812
2010	12	0.000000	-8.136073	8.409118	8.409118	-0.000003	-0.000003	0.273045	-8.066533	-2.448391	0.000000	91991.843750	1382.858765	94397.125000
2011	01	0.000000	-5.090410	5.331897	5.331897	-0.000002	-0.000002	0.241487	-5.708662	-0.917406	0.000000	91991.843750	1382.557373	94396.890625
2011	01	0.000000	-5.655894	5.869437	5.869437	-0.000002	-0.000002	0.213543	-10.641933	-1.398460	0.000000	91991.843750	1382.289673	94396.695312
2011	01	0.000000	-4.713534	4.891922	4.891922	-0.000002	-0.000002	0.178388	-9.344385	-0.744880	0.000000	91991.843750	1382.040771	94396.515625
2011	01	0.000000	-3.126065	3.266691	3.266691	-0.000001	-0.000001	0.140626	0.829738	-0.195511	0.000000	91991.843750	1381.823730	94396.367188
2011	01	0.000000	-4.625158	4.727660	4.727660	-0.000002	-0.000002	0.102502	-1.016689	-0.347274	0.000000	91991.835938	1381.622559	94396.234375
2011	01	0.000000	-4.886683	4.968877	4.968877	-0.000002	-0.000002	0.082193	-5.762982	-0.448066	0.000000	91991.835938	1381.373779	94396.062500
2011	01	0.000000	-5.068183	5.133804	5.133804	-0.000002	-0.000002	0.065621	-2.001544	-0.542675	0.000000	91991.835938	1381.122192	94395.882812
2011	01	0.000000	-3.180783	3.232229	3.232229	-0.000001	-0.000001	0.051446	3.116069	-0.270468	0.000000	91991.835938	1380.908691	94395.742188
2011	01	0.000000	-3.831057	3.869010	3.869010	-0.000001	-0.000001	0.037954	-5.657881	-0.349568	0.000000	91991.835938	1380.711670	94395.617188
2011	01	0.000000	-3.693711	3.723129	3.723129	-0.000001	-0.000001	0.029418	-3.842863	-0.324477	0.000000	91991.835938	1380.498291	94395.484375
2011	01	0.000000	-4.566394	4.590618	4.590618	-0.000002	-0.000002	0.024223	-7.336815	-0.718843	0.000000	91991.835938	1380.297119	94395.351562
2011	01	0.000000	-7.182448	7.201279	7.201279	-0.000003	-0.000003	0.018830	-10.935765	-1.664225	0.000000	91991.828125	1380.015747	94395.148438
2011	01	0.000000	-8.274096	8.287792	8.287792	-0.000003	-0.000003	0.013696	-5.992256	-1.348752	0.000000	91991.828125	1379.682739	94394.890625
2011	01	0.000000	-8.409307	8.419188	8.419188	-0.000003	-0.000003	0.009881	-8.438014	-1.781124	0.000000	91991.828125	1379.320435	94394.601562
2011	01	0.000000	-8.041924	8.049628	8.049628	-0.000003	-0.000003	0.007704	-12.884325	-2.549049	0.000000	91991.828125	1378.980225	94394.335938
2011	01	0.000000	-7.644324	7.650982	7.650982	-0.000003	-0.000003	0.006659	-19.061392	-3.202629	0.000000	91991.828125	1378.628296	94394.062500
2011	01	0.000000	-4.926426	4.932574	4.932574	-0.000002	-0.000002	0.006149	-0.795006	-0.370797	0.000000	91991.828125	1378.358887	94393.867188
2011	01	0.000000	-4.064204	4.069887	4.069887	-0.000002	-0.000002	0.005683	-1.521471	-0.461174	0.000000	91991.828125	1378.123047	94393.710938
2011	01	0.000000	-4.748986	4.753626	4.753626	-0.000002	-0.000002	0.004640	-7.077769	-0.608539	0.000000	91991.828125	1377.903931	94393.562500
2011	01	0.000000	-4.426113	4.428995	4.428995	-0.000002	-0.000002	0.002881	-12.986938	-0.799470	0.000000	91991.828125	1377.672241	94393.406250
2011	01	0.000000	-4.584997	4.587247	4.587247	-0.000002	-0.000002	0.002250	-8.647124	-0.677226	0.000000	91991.828125	1377.440796	94393.250000
2011	01	0.000000	-4.331009	4.333257	4.333257	-0.000002	-0.000002	0.002248	-13.679037	-0.837146	0.000000	91991.828125	1377.219238	94393.109375
2011	01	0.000000	-4.305297	4.307537	4.307537	-0.000002	-0.000002	0.002240	-14.364876	-0.872035	0.000000	91991.828125	1376.996582	94392.960938
2011	01	0.000000	-5.247817	5.250039	5.250039	-0.000002	-0.000002	0.002223	-16.350283	-1.733498	0.000000	91991.828125	1376.765259	94392.804688
2011	01	0.000000	-7.014848	7.017016	7.017016	-0.000003	-0.000003	0.002168	-20.104218	-5.611112	0.000000	91991.828125	1376.482178	94392.593750
2011	01	0.000000	-6.266401	6.268515	6.268515	-0.000002	-0.000002	0.002114	-18.312527	-3.669848	0.000000	91991.828125	1376.181519	94392.367188
2011	01	0.000000	-5.647800	5.649814	5.649814	-0.000002	-0.000002	0.002014	-12.244443	-2.141531	0.000000	91991.828125	1375.914307	94392.179688
2011	01	0.000000	-5.828651	5.829778	5.829778	-0.000002	-0.000002	0.001127	-8.810306	-1.247148	0.000000	91991.828125	1375.650391	94391.992188
2011	01	0.000000	-4.224560	4.224795	4.224795	-0.000002	-0.000002	0.000235	-4.219982	-0.544194	0.000000	91991.828125	1375.398193	94391.812500
2011	01	0.000000	-3.792929	3.792929	3.792929	-0.000001	-0.000001	0.000000	-0.024689	-0.273335	0.000000	91991.828125	1375.201294	94391.687500
2011	01	0.000000	-5.034862	5.034862	5.034862	-0.000002	-0.000002	0.000000	-4.527357	-0.636095	0.000000	91991.828125	1374.975342	94391.539062
2011	02	0.000000	-5.331726	5.331726	5.331726	-0.000002	-0.000002	0.000000	-6.009054	-0.969020	0.000000	91991.828125	1374.715210	94391.351562
2011	02	0.000000	-3.642236	3.642236	3.642236	-0.000002	-0.000002	0.000000	-14.740670	-0.869801	0.000000	91991.828125	1374.473511	94391.187500
2011	02	0.000000	-2.627265	2.627265	2.627265	-0.000001	-0.000001	0.000000	-2.612394	-0.246645	0.000000	91991.828125	1374.284790	94391.078125
2011	02	0.000000	-2.833551	2.833551	2.833551	-0.000001	-0.000001	0.000000	0.916631	-0.156722	0.000000	91991.828125	1374.113647	94390.976562
2011	02	0.000000	-3.249831	3.249831	3.249831	-0.000001	-0.000001	0.000000	-3.261407	-0.198939	0.000000	91991.828125	1373.919678	94390.859375
2011	02	0.000000	-2.695875	2.695875	2.695875	-0.000001	-0.000001	0.000000	-9.200463	-0.312386	0.000000	91991.828125	1373.732422	94390.750000
2011	02	0.000000	-2.667116	2.667116	2.667116	-0.000001	-0.000001	0.000000	-3.259179	-0.198562	0.000000	91991.828125	1373.561157	94390.656250
2011	02	0.000000	-2.834299	2.834299	2.834299	-0.000001	-0.000001	0.000000	-4.829122	-0.326642	0.000000	91991.828125	1373.381958	94390.546875
2011	02	0.000000	-2.951594	2.951594	2.951594	-0.000001	-0.000001	0.000000	-8.707943	-0.493442	0.000000	91991.828125	1373.204346	94390.445312
2011	02	0.000000	-4.813562	4.813562	4.813562	-0.000002	-0.000002	0.000000	-19.872585	-2.647560	0.000000	91991.828125	1372.984009	94390.304688
2011	02	0.000000	-4.777650	4.777650	4.777650	-0.000002	-0.000002	0.000000	-18.524254	-2.146184	0.000000	91991.828125	1372.730835	94390.125000
2011	02	0.000000	-4.824028	4.824028	4.824028	-0.000002	-0.000002	0.000000	-18.217411	-2.144701	0.000000	91991.828125	1372.481323	94389.945312
2011	02	0.000000	-4.480625	4.480625	4.480625	-0.000002	-0.000002	0.000000	-15.242908	-1.511445	0.000000	91991.828125	1372.232178	94389.773438
2011	02	0.000000	-3.139338	3.139338	3.139338	-0.000001	-0.000001	0.000000	-5.288531	-0.304542	0.000000	91991.828125	1372.023438	94389.640625
2011	02	0.000000	-4.171720	4.171720	4.171720	-0.000002	-0.000002	0.000000	-15.832251	-1.543342	0.000000	91991.828125	1371.821533	94389.515625
2011	02	0.000000	-4.414342	4.414342	4.414342	-0.000002	-0.000002	0.000000	-16.995195	-1.709583	0.000000	91991.828125	1371.581787	94389.351562
2011	02	0.000000	-4.538340	4.538340	4.538340	-0.000002	-0.000002	0.000000	-13.935729	-1.565387	0.000000	91991.828125	1371.347168	94389.187500
2011	02	0.000000	-4.258584	4.258584	4.258584	-0.000002	-0.000002	0.000000	-11.747156	-1.282904	0.000000	91991.828125	1371.109497	94389.031250
2011	02	0.000000	-3.515992	3.515992	3.515992	-0.000001	-0.000001	0.000000	-9.887605	-0.824327	0.000000	91991.828125	1370.893311	94388.890625
2011	02	0.000000	-2.965048	2.965048	2.965048	-0.000001	-0.000001	0.000000	-6.851677	-0.376826	0.000000	91991.828125	1370.699463	94388.765625
2011	02	0.000000	-3.252792	3.252792	3.252792	-0.000001	-0.000001	0.000000	-11.846472	-0.740682	0.000000	91991.828125	1370.514038	94388.656250
2011	02	0.000000	-3.544335	3.544335	3.544335	-0.000001	-0.000001	0.000000	-15.526001	-1.067390	0.000000	91991.828125	1370.314941	94388.531250
2011	02	0.000000	-3.772105	3.772105	3.772105	-0.000002	-0.000002	0.000000	-8.760179	-0.773405	0.000000	91991.828125	1370.106323	94388.398438
2011	02	0.000000	-3.509847	3.509847	3.509847	-0.000001	-0.000001	0.000000	-14.075067	-0.997265	0.000000	91991.828125	1369.898193	94388.265625
2011	02	0.000000	-2.864069	2.864069	2.864069	-0.000001	-0.000001	0.000000	-11.225759	-0.723202	0.000000	91991.828125	1369.703491	94388.148438
2011	02	0.000000	-3.396166	3.396166	3.396166	-0.000001	-0.000001	0.000000	-5.882747	-0.394766	0.000000	91991.828125	1369.519531	94388.039062
2011	02	0.000000	-3.656878	3.656878	3.656878	-0.000002	-0.000002	0.000000	-5.859242	-0.620130	0.000000	91991.828125	1369.317017	94387.914062
2011	02	0.000000	-2.589841	2.589841	2.589841	-0.000001	-0.000001	0.000000	-2.613864	-0.242950	0.000000	91991.828125	1369.125732	94387.796875
2011	03	0.000000	-4.989878	4.989878	4.989878	-0.000002	-0.000002	0.000000	-9.248995	-1.317568	0.000000	91991.828125	1368.928711	94387.671875
2011	03	0.000000	-6.763467	6.763467	6.763467	-0.000003	-0.000003	0.000000	-13.900753	-3.104103	0.000000	91991.828125	1368.655762	94387.476562
2011	03	0.000000	-5.053576	5.053576	5.053576	-0.000002	-0.000002	0.000000	-8.169192	-1.068122	0.000000	91991.828125	1368.379883	94387.273438
2011	03	0.000000	-4.376295	4.376295	4.376295	-0.000002	-0.000002	0.000000	-3.853179	-0.393489	0.000000	91991.828125	1368.154419	94387.125000
2011	03	0.000000	-4.513476	4.513476	4.513476	-0.000002	-0.000002	0.000000	-5.351096	-1.379271	0.000000	91991.828125	1367.953247	94387.000000
2011	03	0.000000	-5.896103	5.896103	5.896103	-0.000002	-0.000002	0.000000	-9.867195	-1.746461	0.000000	91991.828125	1367.691528	94386.812500
2011	03	0.000000	-9.337565	9.337565	9.337565	-0.000003	-0.000003	0.000000	-26.477144	-10.656034	0.000000	91991.828125	1367.383057	94386.578125
2011	03	0.000000	-10.338725	10.338725	10.338725	-0.000004	-0.000004	0.000000	-20.814762	-8.955606	0.000000	91991.828125	1366.975220	94386.242188
2011	03	0.000000	-7.370162	7.370162	7.370162	-0.000003	-0.000003	0.000000	-24.540930	-6.043186	0.000000	91991.828125	1366.610962	94385.953125
2011	03	0.000000	-5.295516	5.295516	5.295516	-0.000002	-0.000002	0.000000	-14.528420	-2.092839	0.000000	91991.828125	1366.341553	94385.757812
2011	03	0.000000	-4.425289	4.425289	4.425289	-0.000002	-0.000002	0.000000	-3.888737	-0.560674	0.000000	91991.828125	1366.104004	94385.601562
2011	03	0.000000	-4.467166	4.467166	4.467166	-0.000002	-0.000002	0.000000	-11.674198	-1.292188	0.000000	91991.828125	1365.891357	94385.460938
2011	03	0.000000	-4.139347	4.139347	4.139347	-0.000002	-0.000002	0.000000	-3.870677	-0.542174	0.000000	91991.828125	1365.670166	94385.312500
2011	03	0.000000	-3.923818	3.923818	3.923818	-0.000001	-0.000001	0.000000	-5.795895	-0.912949	0.000000	91991.828125	1365.469604	94385.187500
2011	03	0.000000	-4.284973	4.284973	4.284973	-0.000002	-0.000002	0.000000	-12.273139	-1.476164	0.000000	91991.828125	1365.258789	94385.054688
2011	03	0.000000	-5.072558	5.072558	5.072558	-0.000002	-0.000002	0.000000	-17.356531	-2.510565	0.000000	91991.828125	1365.033813	94384.898438
2011	03	0.000000	-5.714218	5.714218	5.714218	-0.000002	-0.000002	0.000000	-10.283322	-2.043076	0.000000	91991.828125	1364.783325	94384.726562
2011	03	0.000000	-5.199469	5.199469	5.199469	-0.000002	-0.000002	0.000000	-6.023468	-1.060492	0.000000	91991.828125	1364.528809	94384.546875
2011	03	0.000000	-4.229674	4.229674	4.229674	-0.000002	-0.000002	0.000000	-6.500940	-1.287110	0.000000	91991.828125	1364.298340	94384.390625
2011	03	0.000000	-4.818605	4.818605	4.818605	-0.000002	-0.000002	0.000000	-10.988625	-1.704665	0.000000	91991.828125	1364.085693	94384.250000
2011	03	0.000000	-6.619557	6.619557	6.619557	-0.000002	-0.000002	0.000000	-13.788391	-3.809980	0.000000	91991.828125	1363.817749	94384.062500
2011	03	0.000000	-4.109326	4.109326	4.109326	-0.000002	-0.000002	0.000000	-7.466677	-1.645892	0.000000	91991.828125	1363.568359	94383.882812
2011	03	0.000000	-4.898942	4.898942	4.898942	-0.000002	-0.000002	0.000000	-12.346231	-2.032883	0.000000	91991.828125	1363.359009	94383.750000
2011	03	0.000000	-7.317449	7.317449	7.317449	-0.000003	-0.000003	0.000000	-15.590527	-4.779686	0.000000	91991.828125	1363.080322	94383.546875
2011	03	0.000000	-4.803927	4.803927	4.803927	-0.000002	-0.000002	0.000000	-15.791397	-2.830428	0.000000	91991.828125	1362.801514	94383.343750
2011	03	0.000000	-5.667469	5.667469	5.667469	-0.000002	-0.000002	0.000000	-11.253080	-2.300860	0.000000	91991.828125	1362.567383	94383.179688
2011	03	0.000000	-6.688884	6.688884	6.688884	-0.000002	-0.000002	0.000000	-17.832075	-4.305980	0.000000	91991.828125	1362.283447	94382.976562
2011	03	0.000000	-7.063018	7.063018	7.063018	-0.000003	-0.000003	0.000000	-16.073071	-4.827646	0.000000	91991.828125	1361.996948	94382.757812
2011	03	0.000000	-8.738248	8.738248	8.738248	-0.000003	-0.000003	0.000000	-23.348248	-10.047776	0.000000	91991.828125	1361.665527	94382.507812
2011	03	0.000000	-5.713749	5.713749	5.713749	-0.000002	-0.000002	0.000000	-9.365508	-2.988133	0.000000	91991.828125	1361.341064	94382.257812
2011	03	0.000000	-5.778636	5.778636	5.778636	-0.000002	-0.000002	0.000000	-9.770444	-2.549394	0.000000	91991.828125	1361.094116	94382.085938
2011	04	0.000000	-5.593062	5.593062	5.593062	-0.000002	-0.000002	0.000000	-13.917222	-3.035736	0.000000	91991.828125	1360.834961	94381.898438
2011	04	0.000000	-6.229846	6.229846	6.229846	-0.000002	-0.000002	0.000000	-19.467569	-4.971500	0.000000	91991.828125	1360.560669	94381.695312
2011	04	0.000000	-5.871299	5.871299	5.871299	-0.000002	-0.000002	0.000000	-11.846211	-2.841387	0.000000	91991.828125	1360.283691	94381.492188
2011	04	0.000000	-5.439970	5.439970	5.439970	-0.000002	-0.000002	0.000000	-7.118340	-1.540213	0.000000	91991.828125	1360.021729	94381.304688
2011	04	0.000000	-5.442930	5.442930	5.442930	-0.000002	-0.000002	0.000000	-8.853823	-1.859207	0.000000	91991.828125	1359.764038	94381.125000
2011	04	0.000000	-4.896003	4.896003	4.896003	-0.000002	-0.000002	0.000000	-8.659417	-1.518459	0.000000	91991.828125	1359.515991	94380.953125
2011	04	0.000000	-4.823684	4.823684	4.823684	-0.000002	-0.000002	0.000000	-6.740118	-1.590305	0.000000	91991.828125	1359.282471	94380.789062
2011	04	0.000000	-4.831082	4.831082	4.831082	-0.000002	-0.000002	0.000000	-11.039244	-2.108927	0.000000	91991.828125	1359.041382	94380.625000
2011	04	0.000000	-4.884509	4.884509	4.884509	-0.000002	-0.000002	0.000000	-17.203632	-2.828398	0.000000	91991.828125	1358.806152	94380.468750
2011	04	0.000000	-5.018245	5.018245	5.018245	-0.000002	-0.000002	0.000000	-12.761957	-2.437096	0.000000	91991.828125	1358.566895	94380.296875
2011	04	0.000000	-5.409419	5.409419	5.409419	-0.000002	-0.000002	0.000000	-22.061817	-4.525700	0.000000	91991.828125	1358.319824	94380.125000
2011	04	0.000000	-7.083333	7.083333	7.083333	-0.000003	-0.000003	0.000000	-20.740692	-7.338490	0.000000	91991.828125	1358.035522	94379.914062
2011	04	0.000000	-7.546440	7.546440	7.546440	-0.000003	-0.000003	0.000000	-20.009981	-7.142750	0.000000	91991.828125	1357.709351	94379.664062
2011	04	0.000000	-8.156219	8.156219	8.156219	-0.000003	-0.000003	0.000000	-12.626954	-5.626748	0.000000	91991.828125	1357.377808	94379.406250
2011	04	0.000000	-7.057770	7.057770	7.057770	-0.000003	-0.000003	0.000000	-12.078948	-4.611624	0.000000	91991.828125	1357.041504	94379.148438
2011	04	0.000000	-8.605872	8.605872	8.605872	-0.000003	-0.000003	0.000000	-18.622305	-8.623660	0.000000	91991.828125	1356.730347	94378.906250
2011	04	0.000000	-7.647996	7.647996	7.647996	-0.000003	-0.000003	0.000000	-13.722543	-4.485250	0.000000	91991.828125	1356.351807	94378.609375
2011	04	0.000000	-9.490549	9.490549	9.490549	-0.000004	-0.000004	0.000000	-19.288441	-10.167515	0.000000	91991.828125	1356.025146	94378.351562
2011	04	0.000000	-8.540923	8.540923	8.540923	-0.000003	-0.000003	0.000000	-30.699986	-10.796019	0.000000	91991.828125	1355.631714	94378.031250
2011	04	0.000000	-8.458517	8.458517	8.458517	-0.000003	-0.000003	0.000000	-17.846930	-7.423449	0.000000	91991.828125	1355.279175	94377.757812
2011	04	0.000000	-7.067435	7.067435	7.067435	-0.000003	-0.000003	0.000000	-13.956864	-4.427131	0.000000	91991.828125	1354.936279	94377.484375
2011	04	0.000000	-6.462615	6.462615	6.462615	-0.000002	-0.000002	0.000000	-10.352942	-3.440362	0.000000	91991.828125	1354.644287	94377.273438
2011	04	0.000000	-6.664584	6.664584	6.664584	-0.000003	-0.000003	0.000000	-8.052110	-3.259430	0.000000	91991.828125	1354.359375	94377.062500
2011	04	0.000000	-5.670975	5.670975	5.670975	-0.000002	-0.000002	0.000000	-11.484394	-2.680902	0.000000	91991.828125	1354.071899	94376.843750
2011	04	0.000000	-6.301642	6.301642	6.301642	-0.000002	-0.000002	0.000000	-5.831540	-2.098392	0.000000	91991.828125	1353.807739	94376.656250
2011	04	0.000000	-7.891303	7.891303	7.891303	-0.000003	-0.000003	0.000000	-17.226404	-6.064464	0.000000	91991.828125	1353.498047	94376.421875
2011	04	0.000000	-9.820150	9.820150	9.820150	-0.000004	-0.000004	0.000000	-29.084814	-13.187825	0.000000	91991.828125	1353.116821	94376.109375
2011	04	0.000000	-7.544900	7.544900	7.544900	-0.000003	-0.000003	0.000000	-14.633823	-7.080590	0.000000	91991.828125	1352.770508	94375.843750
2011	04	0.000000	-7.847434	7.847434	7.847434	-0.000003	-0.000003	0.000000	-17.031670	-6.225510	0.000000	91991.828125	1352.422485	94375.570312
2011	04	0.000000	-6.248943	6.248943	6.248943	-0.000002	-0.000002	0.000000	-12.660519	-3.557772	0.000000	91991.828125	1352.116943	94375.335938
2011	05	0.000000	-7.095477	7.095477	7.095477	-0.000003	-0.000003	0.000000	-11.102780	-3.110687	0.000000	91991.828125	1351.827881	94375.117188
2011	05	0.000000	-7.058279	7.058279	7.058279	-0.000003	-0.000003	0.000000	0.821197	-0.436739	0.000000	91991.828125	1351.530762	94374.898438
2011	05	0.000000	-6.763382	6.763382	6.763382	-0.000003	-0.000003	0.000000	-2.922061	-0.948852	0.000000	91991.828125	1351.229248	94374.671875
2011	05	0.000000	-6.235921	6.235921	6.235921	-0.000002	-0.000002	0.000000	0.889686	-1.485465	0.000000	91991.828125	1350.952271	94374.468750
2011	05	0.000000	-8.064499	8.064499	8.064499	-0.000003	-0.000003	0.000000	-3.198868	-1.355851	0.000000	91991.828125	1350.646118	94374.234375
2011	05	0.000000	-7.438338	7.438338	7.438338	-0.000003	-0.000003	0.000000	-5.605259	-1.864091	0.000000	91991.828125	1350.317993	94373.984375
2011	05	0.000000	-8.986038	8.986038	8.986038	-0.000003	-0.000003	0.000000	-12.264908	-3.439511	0.000000	91991.828125	1349.985352	94373.718750
2011	05	0.000000	-7.992970	7.992970	7.992970	-0.000003	-0.000003	0.000000	-10.098516	-3.437992	0.000000	91991.828125	1349.633057	94373.445312
2011	05	0.000000	-7.155869	7.155869	7.155869	-0.000003	-0.000003	0.000000	-12.516999	-4.261485	0.000000	91991.828125	1349.318848	94373.203125
2011	05	0.000000	-7.212089	7.212089	7.212089	-0.000003	-0.000003	0.000000	-9.062307	-2.321832	0.000000	91991.828125	1349.008911	94372.968750
2011	05	0.000000	-5.457960	5.457960	5.457960	-0.000002	-0.000002	0.000000	5.814682	0.212356	0.000000	91991.828125	1348.734009	94372.765625
2011	05	0.000000	-6.605116	6.605116	6.605116	-0.000002	-0.000002	0.000000	-3.788284	-0.642808	0.000000	91991.828125	1348.461670	94372.570312
2011	05	0.000000	-5.125441	5.125441	5.125441	-0.000002	-0.000002	0.000000	9.619920	1.092853	0.000000	91991.828125	1348.203003	94372.382812
2011	05	0.000000	-6.025841	6.025841	6.025841	-0.000002	-0.000002	0.000000	0.921942	0.562638	0.000000	91991.828125	1347.948486	94372.203125
2011	05	0.000000	-6.114904	6.114904	6.114904	-0.000002	-0.000002	0.000000	1.331051	1.639368	0.000000	91991.828125	1347.676880	94372.007812
2011	05	0.000000	-6.126659	6.126659	6.126659	-0.000002	-0.000002	0.000000	0.443918	1.871759	0.000000	91991.828125	1347.408813	94371.812500
2011	05	0.000000	-6.818799	6.818799	6.818799	-0.000003	-0.000003	0.000000	2.283412	2.921103	0.000000	91991.828125	1347.126343	94371.601562
2011	05	0.000000	-7.682205	7.682205	7.682205	-0.000003	-0.000003	0.000000	4.864004	3.872098	0.000000	91991.828125	1346.823975	94371.375000
2011	05	0.000000	-7.212841	7.212841	7.212841	-0.000003	-0.000003	0.000000	-2.089563	1.726847	0.000000	91991.828125	1346.498901	94371.125000
2011	05	0.000000	-8.352903	8.352903	8.352903	-0.000003	-0.000003	0.000000	-2.838306	2.595349	0.000000	91991.828125	1346.176514	94370.875000
2011	05	0.000000	-7.362700	7.362700	7.362700	-0.000003	-0.000003	0.000000	6.378326	5.710653	0.000000	91991.828125	1345.851807	94370.625000
2011	05	0.000000	-7.359810	7.359810	7.359810	-0.000003	-0.000003	0.000000	8.617072	3.940890	0.000000	91991.828125	1345.543213	94370.390625
2011	05	0.000000	-7.040664	7.040664	7.040664	-0.000003	-0.000003	0.000000	10.891665	4.280435	0.000000	91991.828125	1345.235718	94370.156250
2011	05	0.000000	-8.276250	8.276250	8.276250	-0.000003	-0.000003	0.000000	0.934712	3.418330	0.000000	91991.828125	1344.917725	94369.906250
2011	05	0.000000	-8.327319	8.327319	8.327319	-0.000003	-0.000003	0.000000	-1.637673	1.799444	0.000000	91991.828125	1344.575684	94369.640625
2011	05	0.000000	-8.621832	8.621832	8.621832	-0.000003	-0.000003	0.000000	-2.741911	0.692762	0.000000	91991.828125	1344.228638	94369.367188
2011	05	0.000000	-8.278887	8.278887	8.278887	-0.000003	-0.000003	0.000000	-2.721988	1.135970	0.000000	91991.828125	1343.882690	94369.093750
2011	05	0.000000	-8.327001	8.327001	8.327001	-0.000003	-0.000003	0.000000	0.334423	2.074066	0.000000	91991.828125	1343.543579	94368.828125
2011	05	0.000000	-8.453481	8.453481	8.453481	-0.000003	-0.000003	0.000000	-2.566005	0.839354	0.000000	91991.828125	1343.199585	94368.562500
2011	05	0.000000	-8.416262	8.416262	8.416262	-0.000003	-0.000003	0.000000	-0.272923	3.529279	0.000000	91991.828125	1342.855347	94368.289062
2011	05	0.000000	-8.072102	13.238189	13.238189	-0.000005	-0.000005	5.166088	2.605570	3.628539	0.000000	91991.929688	1342.516357	94367.953125
2011	06	0.000000	-7.986372	36.046436	36.046436	-0.000014	-0.000014	28.060066	-3.878494	1.403564	0.000000	91992.609375	1342.179565	94367.171875
2011	06	0.000000	-7.659139	30.904112	30.904112	-0.000012	-0.000012	23.244972	2.392095	3.801763	0.000000	91993.593750	1341.843628	94366.078125
2011	06	0.000000	-7.479030	29.735437	29.735437	-0.000011	-0.000011	22.256407	9.662155	9.643670	0.000000	91994.500000	1341.518799	94364.968750
2011	06	0.000000	-8.382484	24.725004	24.725004	-0.000010	-0.000010	16.342520	-5.940316	0.317003	0.000000	91995.179688	1341.186890	94364.070312
2011	06	0.000000	-8.272070	16.283060	16.283060	-0.000006	-0.000006	8.010990	-9.749849	-3.482449	0.000000	91995.679688	1340.834351	94363.359375
2011	06	0.000000	-8.153673	10.025746	10.025746	-0.000004	-0.000004	1.872074	-7.740660	-1.024052	0.000000	91995.765625	1340.486816	94362.968750
2011	06	0.000000	-7.380028	9.129507	9.129507	-0.000004	-0.000004	1.749479	4.227176	4.655047	0.000000	91995.789062	1340.153442	94362.648438
2011	06	0.000000	-8.286037	10.050594	10.050594	-0.000004	-0.000004	1.764558	-16.246418	-5.501807	0.000000	91995.812500	1339.823120	94362.335938
2011	06	0.000000	-8.236044	10.028852	10.028852	-0.000004	-0.000004	1.792807	-18.724140	-6.693542	0.000000	91995.835938	1339.474243	94362.000000
2011	06	0.000000	-8.214989	10.020288	10.020288	-0.000004	-0.000004	1.805299	-15.637365	-6.424508	0.000000	91995.859375	1339.128418	94361.671875
2011	06	0.000000	-8.202407	10.011304	10.011304	-0.000004	-0.000004	1.808897	-15.386788	-6.131001	0.000000	91995.882812	1338.782104	94361.335938
2011	06	0.000000	-8.521567	10.362629	10.362629	-0.000004	-0.000004	1.841062	-28.943235	-14.431698	0.000000	91995.906250	1338.430420	94361.000000
2011	06	0.000000	-9.844795	13.435155	13.435155	-0.000005	-0.000005	3.590360	-35.288517	-19.417326	0.000000	91995.937500	1338.055908	94360.617188
2011	06	0.000000	-9.642554	48.519470	48.519470	-0.000019	-0.000019	38.876915	-27.501425	-1.752755	0.000000	91996.351562	1337.644897	94359.781250
2011	06	0.000000	-11.324040	123.131348	123.131348	-0.000048	-0.000048	111.807312	5.341165	14.961303	0.000000	91999.156250	1337.224243	94356.546875
2011	06	0.000000	-10.762810	94.228256	94.228256	-0.000036	-0.000036	83.465439	-8.506670	29.216677	0.000000	92001.546875	1336.782959	94353.062500
2011	06	0.000000	-10.487538	99.963326	99.963326	-0.000039	-0.000039	89.475777	87.996841	50.484261	0.000000	92003.226562	1336.351074	94349.671875
2011	06	0.000000	-11.393984	88.168106	88.168106	-0.000034	-0.000034	76.774117	69.993538	41.276680	0.000000	92004.429688	1335.924316	94346.562500
2011	06	1.897309	-12.193209	94.051521	92.154221	-0.000036	-0.000036	79.961006	4.392406	47.711426	5265.475098	92005.421875	1335.430786	94343.578125
2011	06	16.665375	0.512185	97.523209	80.857834	-0.000031	-0.000031	81.370026	-50.323112	49.217064	46250.312500	92006.421875	1335.166992	94340.742188
2011	06	33.019211	14.312245	106.264542	73.245331	-0.000028	-0.000028	87.557571	-41.339500	46.408207	91636.031250	92007.445312	1335.383789	94338.203125
2011	06	62.649822	37.921909	118.519318	55.869495	-0.000022	-0.000022	93.791405	-0.630770	48.677860	173867.906250	92008.515625	1336.243774	94336.085938
2011	06	98.517052	64.162468	121.735054	23.217995	-0.000009	-0.000009	87.380470	-7.890719	63.359207	273407.843750	92009.531250	1337.830688	94334.757812
2011	06	97.139618	58.664188	134.814499	37.674885	-0.000015	-0.000015	96.339081	-38.191097	107.139481	269585.156250	92010.585938	1339.708740	94333.578125
2011	06	66.434982	37.847549	115.405502	48.970520	-0.000019	-0.000019	86.818077	-23.368849	9.454333	184372.625000	92011.570312	1341.621094	94332.554688
2011	06	42.121296	21.203915	96.436707	54.315407	-0.000021	-0.000021	75.519325	-14.335681	22.111332	116896.445312	92012.390625	1342.051025	94330.367188
2011	06	167.519257	122.141434	122.806755	-44.712502	0.000017	0.000017	77.428932	49.948246	46.589691	464905.093750	92013.039062	1344.683594	94330.539062
2011	06	183.788132	133.159027	132.715439	-51.072693	0.000020	0.000020	82.086327	11.389735	34.789368	510055.062500	92013.648438	1348.876709	94332.140625
2011	06	198.725143	143.205200	143.081955	-55.643200	0.000021	0.000021	87.562004	17.115534	66.981148	551508.750000	92014.226562	1353.726562	94334.218750
2011	06	230.363129	169.222809	143.734222	-86.628899	0.000033	0.000033	82.593903	1.267282	58.988026	639311.562500	92014.750000	1358.645996	94336.390625
2011	07	241.131058	174.641327	155.869980	-85.261063	0.000032	0.000032	89.380280	-10.999836	106.263298	647608.062500	92015.195312	1364.350708	94339.312500
2011	07	211.857651	153.889008	141.295609	-70.562050	0.000026	0.000026	83.326950	0.122922	53.779457	568988.312500	92015.625000	1369.240356	94341.523438
2011	07	267.621033	199.925049	149.624329	-117.996696	0.000044	0.000044	81.928337	82.577103	81.477364	718752.500000	92015.929688	1375.214233	94344.914062
2011	07	263.235870	196.273178	151.764542	-111.471336	0.000042	0.000042	84.801842	78.520874	88.772507	706975.250000	92016.070312	1381.643188	94348.703125
2011	07	230.999069	171.696625	133.662430	-97.336632	0.000036	0.000036	74.360001	102.975288	74.646713	620396.500000	92016.156250	1387.471558	94352.039062
2011	07	286.791931	214.388306	147.450699	-139.341217	0.000052	0.000052	75.047096	63.411263	89.115753	770239.937500	92016.218750	1393.348877	94355.648438
2011	07	297.289734	219.402664	157.495392	-139.794327	0.000052	0.000052	79.608337	10.045090	118.941177	798434.062500	92016.140625	1400.601074	94360.437500
2011	07	272.447906	200.087143	148.430649	-124.017258	0.000046	0.000046	76.069885	10.431426	81.769798	731716.062500	92016.031250	1407.354492	94364.781250
2011	07	194.024139	137.146500	132.007523	-62.016613	0.000023	0.000023	75.129883	-1.341495	41.783688	521092.625000	92015.968750	1412.575806	94367.640625
2011	07	316.298126	237.321701	150.984177	-165.313965	0.000062	0.000062	72.007744	48.828445	65.291183	849485.125000	92015.859375	1418.462402	94371.226562
2011	07	275.682098	197.463364	156.717926	-118.964180	0.000044	0.000044	78.499184	1.798415	75.835907	740402.250000	92015.664062	1425.956909	94376.375000
2011	07	144.876343	92.059624	129.875336	-15.001005	0.000006	0.000006	77.058609	-6.256155	11.552531	389095.843750	92015.625000	1429.763550	94377.750000
2011	07	293.526123	217.464706	147.167435	-146.358704	0.000055	0.000055	71.105995	18.859959	50.385059	788326.062500	92015.492188	1434.721436	94380.390625
2011	07	303.438660	223.318726	151.762833	-151.675812	0.000057	0.000057	71.642899	26.235989	66.257339	814948.312500	92015.242188	1441.951172	94385.398438
2011	07	339.003479	251.427689	157.406754	-181.596741	0.000068	0.000068	69.830933	31.359510	99.409607	910465.187500	92014.960938	1449.690063	94390.929688
2011	07	279.049988	204.505173	144.434341	-134.615646	0.000050	0.000050	69.889519	-0.195023	73.390991	749447.312500	92014.671875	1456.913452	94395.976562
2011	07	292.076385	215.247284	143.121246	-148.955154	0.000056	0.000056	66.292130	42.043694	67.143127	784432.500000	92014.382812	1463.426880	94400.398438
2011	07	331.937988	242.069336	160.770493	-171.167496	0.000064	0.000064	70.901833	28.577641	82.529831	891489.187500	92014.054688	1471.112915	94405.945312
2011	07	257.288605	180.497681	149.394135	-107.894470	0.000040	0.000040	72.603210	-4.849868	42.740005	691002.625000	92013.742188	1478.039673	94410.656250
2011	07	278.923828	202.884933	146.287476	-132.636353	0.000050	0.000050	70.248573	34.138390	63.081051	749108.500000	92013.468750	1483.461426	94413.820312
2011	07	353.412659	256.344727	169.697037	-183.715637	0.000069	0.000069	72.629097	8.636863	102.338516	949163.937500	92013.093750	1491.094116	94419.234375
2011	07	319.095001	224.882599	168.803787	-150.291214	0.000056	0.000056	74.591400	-3.580943	81.499588	856996.625000	92012.695312	1498.774414	94424.625000
2011	07	272.153748	194.457291	146.561050	-125.592720	0.000047	0.000047	68.864578	21.231472	95.835907	730926.125000	92012.320312	1505.447998	94429.046875
2011	07	310.471161	227.641174	147.890091	-162.581085	0.000061	0.000061	65.060089	47.082531	81.127464	833835.625000	92011.914062	1512.307373	94433.843750
2011	07	329.211395	240.826538	152.589264	-176.622116	0.000066	0.000066	64.204422	29.952297	85.654633	884166.375000	92011.484375	1519.730225	94439.273438
2011	07	270.589844	184.914795	155.251083	-115.338768	0.000043	0.000043	69.576027	-10.488616	71.605766	726725.937500	92011.062500	1526.648193	94444.148438
2011	07	328.420532	230.674423	171.302307	-157.118225	0.000059	0.000059	73.556190	-8.115480	82.881447	882042.437500	92010.671875	1533.202759	94448.445312
2011	07	304.492462	211.398926	162.182373	-142.310089	0.000053	0.000053	69.088837	-7.233864	88.621422	817778.500000	92010.265625	1540.490356	94453.515625
2011	07	231.370743	156.496323	140.534332	-90.836395	0.000034	0.000034	65.659943	-2.293580	63.065437	621394.750000	92009.898438	1546.035400	94456.976562
2011	07	265.821411	189.334076	136.906799	-128.914597	0.000048	0.000048	60.419476	58.030151	65.245766	713919.312500	92009.523438	1551.627197	94460.617188
2011	07	261.608643	184.362488	136.658554	-124.950096	0.000047	0.000047	59.412407	50.855377	64.206635	702605.062500	92009.125000	1557.621582	94464.765625
2011	08	253.464798	176.211395	136.881317	-116.583481	0.000044	0.000044	59.627914	48.924320	62.986973	680733.000000	92008.726562	1563.440796	94468.750000
2011	08	238.891083	163.719437	133.527283	-105.363808	0.000039	0.000039	58.355633	39.926182	53.450951	641592.187500	92008.335938	1568.754517	94472.257812
2011	08	159.677231	99.569511	121.934151	-37.743084	0.000014	0.000014	61.826427	-11.427311	53.475452	428846.781250	92007.984375	1573.033936	94474.703125
2011	08	162.840042	103.970551	116.609818	-46.230217	0.000017	0.000017	57.740334	3.263438	26.964725	437341.125000	92007.695312	1575.778198	94475.585938
2011	08	208.888214	133.987320	134.710037	-74.178185	0.000028	0.000028	59.809139	-26.941696	60.208752	561013.187500	92007.328125	1579.900024	94477.906250
2011	08	190.843994	119.120544	132.154068	-58.689938	0.000022	0.000022	60.430607	5.437593	56.228878	512551.687500	92006.929688	1584.129883	94480.289062
2011	08	199.691818	128.788574	130.307007	-69.384811	0.000026	0.000026	59.403759	15.229251	33.866024	536314.312500	92006.546875	1587.992310	94482.289062
2011	08	188.353424	121.368050	124.174873	-64.178558	0.000024	0.000024	57.189499	35.156281	49.937412	505862.718750	92006.140625	1592.122803	94484.625000
2011	08	180.795868	115.259361	121.354561	-59.441299	0.000022	0.000022	55.818058	43.163521	47.788326	485565.281250	92005.757812	1595.863647	94486.640625
2011	08	161.067657	100.947540	113.678467	-47.389191	0.000018	0.000018	53.558342	49.857925	42.852924	432581.031250	92005.390625	1599.210693	94488.304688
2011	08	166.882721	104.449730	115.767685	-51.115040	0.000019	0.000019	53.334694	42.544144	44.004650	448198.625000	92005.023438	1602.580933	94490.046875
2011	08	154.995758	94.621338	113.013359	-41.982399	0.000016	0.000016	52.638943	38.199303	45.195938	416273.687500	92004.664062	1605.684082	94491.531250
2011	08	143.514496	85.090500	110.336792	-33.177711	0.000012	0.000012	51.912792	29.568638	38.354385	385438.343750	92004.320312	1608.419922	94492.671875
2011	08	160.387711	96.692711	116.173813	-44.213902	0.000017	0.000017	52.478806	26.545443	48.690517	430754.937500	92003.953125	1611.484741	94494.132812
2011	08	133.318634	76.656563	107.987366	-25.331263	0.000009	0.000009	51.325298	34.781269	44.700768	358055.187500	92003.601562	1614.206665	94495.273438
2011	08	113.590836	61.997574	101.296745	-12.294094	0.000005	0.000005	49.703480	37.020744	39.215576	305072.062500	92003.289062	1616.274902	94495.804688
2011	08	128.844070	71.957634	106.760170	-22.083891	0.000008	0.000008	49.873741	21.262371	47.829884	346037.812500	92002.968750	1618.442871	94496.453125
2011	08	130.741409	73.070557	107.426521	-23.314886	0.000009	0.000009	49.755672	18.687841	45.045681	351133.531250	92002.625000	1620.839111	94497.328125
2011	08	147.928543	84.674713	115.241066	-32.687492	0.000012	0.000012	51.987217	21.695669	35.248558	397293.187500	92002.250000	1623.340942	94498.281250
2011	08	136.661255	76.084724	113.370872	-23.290382	0.000009	0.000009	52.794338	16.932890	41.746696	367032.531250	92001.820312	1626.088867	94499.421875
2011	08	111.436508	59.692280	102.951576	-8.484928	0.000003	0.000003	51.207352	38.429409	26.496906	299286.156250	92001.421875	1628.069580	94499.820312
2011	08	84.858940	36.214817	103.386368	18.527422	-0.000007	-0.000007	54.742237	-25.151489	62.361542	227906.515625	92001.046875	1629.485107	94499.625000
2011	08	89.934486	43.370880	96.160858	6.226376	-0.000002	-0.000002	49.597252	18.488438	21.905869	241537.953125	92000.710938	1630.754028	94499.281250
2011	08	89.842598	39.611317	100.648636	10.806034	-0.000004	-0.000004	50.417351	-0.471885	38.182259	241291.171875	92000.414062	1631.982300	94499.000000
2011	08	99.192688	48.893024	99.730850	0.538156	-0.000000	-0.000000	49.431187	30.719576	25.613539	266402.812500	92000.078125	1633.535767	94499.023438
2011	08	100.962265	48.659775	102.030548	1.068284	-0.000000	-0.000000	49.728058	14.009078	30.782232	271155.375000	91999.750000	1635.082153	94499.070312
2011	08	78.986176	34.536427	91.588219	12.602041	-0.000005	-0.000005	47.138466	23.263943	25.889126	212133.968750	91999.429688	1636.383057	94498.882812
2011	08	79.313103	34.695187	91.234848	11.921741	-0.000004	-0.000004	46.616928	23.537094	20.398224	213012.015625	91999.125000	1637.443359	94498.523438
2011	08	92.630241	40.807087	100.094994	7.464752	-0.000003	-0.000003	48.271839	-10.229708	42.120987	248777.984375	91998.804688	1638.658447	94498.312500
2011	08	84.461983	34.659355	98.277946	13.815963	-0.000005	-0.000005	48.475315	-0.282515	26.974939	226840.421875	91998.484375	1639.824585	94498.000000
2011	08	84.306496	33.831982	100.130363	15.823869	-0.000006	-0.000006	49.655849	-2.956022	39.962067	226422.812500	91998.140625	1641.068604	94497.757812
2011	09	66.466904	24.047562	89.333786	22.866882	-0.000009	-0.000009	46.914444	10.494876	24.041636	184461.203125	91997.828125	1641.827881	94497.007812
2011	09	78.699371	33.176579	92.106285	13.406917	-0.000005	-0.000005	46.583496	7.087396	18.977568	218409.156250	91997.500000	1642.827271	94496.539062
2011	09	76.808098	31.159384	91.918144	15.110046	-0.000006	-0.000006	46.269428	0.712488	24.819361	213160.437500	91997.156250	1643.916260	94496.171875
2011	09	54.205772	16.536203	81.704994	27.499220	-0.000011	-0.000011	44.035423	10.522449	17.667658	150433.687500	91996.851562	1644.543823	94495.382812
2011	09	42.123772	7.813190	76.751152	34.627384	-0.000013	-0.000013	42.440575	18.684450	8.914180	116903.312500	91996.554688	1644.913940	94494.406250
2011	09	49.737713	13.928928	78.168869	28.431158	-0.000011	-0.000011	42.360088	14.181296	8.701245	138033.781250	91996.250000	1645.211792	94493.382812
2011	09	47.543633	12.024422	77.939186	30.395554	-0.000012	-0.000012	42.419975	13.786294	10.293474	131944.687500	91995.953125	1645.674438	94492.515625
2011	09	48.577923	12.792768	78.143250	29.565327	-0.000011	-0.000011	42.358093	3.381994	11.772277	134815.093750	91995.656250	1645.973633	94491.500000
2011	09	46.332623	9.579781	79.551506	33.218887	-0.000013	-0.000013	42.798664	-9.890346	23.184853	128583.867188	91995.351562	1646.325439	94490.523438
2011	09	38.044979	4.469501	75.424820	37.379845	-0.000014	-0.000014	41.849346	4.318799	20.435890	105583.718750	91995.039062	1646.586304	94489.460938
2011	09	33.556534	2.049448	72.028755	38.472221	-0.000015	-0.000015	40.521671	6.192495	12.578795	93127.226562	91994.734375	1646.567627	94488.164062
2011	09	32.925346	1.818208	71.103165	38.177814	-0.000015	-0.000015	39.996025	2.735062	14.498777	91375.531250	91994.429688	1646.613037	94486.960938
2011	09	26.768740	-1.169383	66.070007	39.301262	-0.000015	-0.000015	38.131882	9.808475	10.458473	74289.515625	91994.125000	1646.563843	94485.687500
2011	09	21.291288	-5.605892	63.556786	42.265499	-0.000016	-0.000016	36.659607	9.697118	8.784203	59088.304688	91993.820312	1646.432495	94484.414062
2011	09	15.648556	-10.071895	62.481949	46.833397	-0.000018	-0.000018	36.761497	-2.282314	8.143436	43428.402344	91993.515625	1646.110107	94482.960938
2011	09	20.803946	-6.360178	65.836281	45.032337	-0.000017	-0.000017	38.672157	-0.434456	2.747446	57735.808594	91993.218750	1645.855713	94481.546875
2011	09	2.035944	-19.772640	58.640598	56.604660	-0.000022	-0.000022	36.832016	0.351303	10.221931	5650.220703	91992.906250	1645.246826	94479.750000
2011	09	10.128814	-13.799410	59.736572	49.607761	-0.000019	-0.000019	35.808353	-7.424741	14.734792	28109.824219	91992.601562	1644.695679	94478.085938
2011	09	11.184759	-13.142375	63.261906	52.077145	-0.000020	-0.000020	38.934772	-3.181835	-0.488580	31040.320312	91992.296875	1644.214111	94476.460938
2011	09	12.207078	-10.830147	61.256599	49.049519	-0.000019	-0.000019	38.219372	2.778245	4.416637	33877.496094	91991.984375	1643.765381	94474.804688
2011	09	13.573465	-9.302864	58.150372	44.576908	-0.000017	-0.000017	35.274044	10.337150	5.934861	37669.539062	91991.671875	1643.386475	94473.281250
2011	09	11.927704	-10.949466	55.219406	43.291702	-0.000017	-0.000017	32.342239	2.364654	9.681624	33102.167969	91991.367188	1643.004517	94471.867188
2011	09	7.865844	-13.977594	53.144772	45.278931	-0.000017	-0.000017	31.301334	-7.659183	3.835616	21829.556641	91991.062500	1642.546265	94470.460938
2011	09	0.000000	-17.559324	50.401707	50.401707	-0.000019	-0.000019	32.842381	-6.302733	-2.742037	0.000000	91990.726562	1641.990234	94468.921875
2011	09	0.000000	-16.951818	50.224018	50.224018	-0.000019	-0.000019	33.272198	-12.413105	-5.118708	0.000000	91990.367188	1641.462769	94467.382812
2011	09	0.000000	-17.464005	51.019733	51.019733	-0.000020	-0.000020	33.555729	-14.740315	-5.471812	0.000000	91989.992188	1640.928711	94465.828125
2011	09	0.000000	-16.278196	49.834362	49.834362	-0.000019	-0.000019	33.556168	-12.200418	-4.346347	0.000000	91989.609375	1640.398804	94464.265625
2011	09	0.000000	-15.514725	48.913254	48.913254	-0.000019	-0.000019	33.398529	-9.134448	-3.175137	0.000000	91989.226562	1639.902954	94462.742188
2011	09	0.000000	-14.556617	47.605267	47.605267	-0.000018	-0.000018	33.048649	-10.397311	-2.939325	0.000000	91988.843750	1639.433838	94461.257812
2011	09	0.000000	-17.677174	50.273907	50.273907	-0.000019	-0.000019	32.596733	-12.691809	-5.988387	0.000000	91988.460938	1638.930542	94459.750000
2011	10	0.000000	-17.344959	50.910843	50.910843	-0.000019	-0.000019	33.565884	-15.023147	-6.742550	0.000000	91988.078125	1638.360352	94458.187500
2011	10	0.000000	-17.365204	50.921917	50.921917	-0.000019	-0.000019	33.556717	-14.907263	-7.026153	0.000000	91987.703125	1637.549683	94456.664062
2011	10	0.000000	-19.077942	53.196754	53.196754	-0.000020	-0.000020	34.118813	-11.666312	-6.995384	0.000000	91987.343750	1635.435425	94455.085938
2011	10	0.000000	-18.879501	54.268345	54.268345	-0.000020	-0.000020	35.388847	-12.028096	-7.189086	0.000000	91987.031250	1631.803833	94453.445312
2011	10	0.000000	-18.700706	55.908951	55.908951	-0.000021	-0.000021	37.208244	-10.116358	-6.067232	0.000000	91986.796875	1626.699463	94451.757812
2011	10	0.000000	-16.565422	56.055096	56.055096	-0.000021	-0.000021	39.489674	-7.979066	-3.786961	0.000000	91986.656250	1620.141846	94450.023438
2011	10	0.000000	-16.843225	58.952736	58.952736	-0.000022	-0.000022	42.109512	-14.574283	-7.288296	0.000000	91986.640625	1612.132690	94448.234375
2011	10	0.000000	-15.435725	60.506981	60.506981	-0.000023	-0.000023	45.071259	-9.438719	-3.876478	0.000000	91986.757812	1602.646484	94446.351562
2011	10	0.000000	-14.471400	62.750549	62.750549	-0.000023	-0.000023	48.279148	-15.845734	-4.942120	0.000000	91987.023438	1591.702148	94444.390625
2011	10	0.000000	-13.014622	64.606270	64.606270	-0.000024	-0.000024	51.591644	-12.588279	-3.209786	0.000000	91987.445312	1579.324097	94442.359375
2011	10	0.000000	-15.135974	69.994194	69.994194	-0.000026	-0.000026	54.858223	-21.970366	-7.773128	0.000000	91988.031250	1565.427124	94440.179688
2011	10	0.000000	-14.077968	72.213097	72.213097	-0.000027	-0.000027	58.135132	-22.119106	-6.226965	0.000000	91988.789062	1550.020264	94437.851562
2011	10	0.000000	-13.494530	74.622375	74.622375	-0.000028	-0.000028	61.127842	-14.716170	-3.535752	0.000000	91989.710938	1533.165039	94435.437500
2011	10	0.000000	-16.989319	79.458557	79.458557	-0.000030	-0.000030	62.469238	-7.953211	-2.988993	0.000000	91990.781250	1514.778809	94432.867188
2011	10	0.000000	-14.889236	75.214958	75.214958	-0.000028	-0.000028	60.325726	-6.827197	-1.970120	0.000000	91991.812500	1494.849243	94430.257812
2011	10	0.000000	-16.709198	80.153656	80.153656	-0.000030	-0.000030	63.444454	-15.507801	-4.114394	0.000000	91992.898438	1473.531860	94427.648438
2011	10	0.000000	-16.808197	77.417419	77.417419	-0.000029	-0.000029	60.609226	-18.359959	-4.532424	0.000000	91994.054688	1462.449341	94424.914062
2011	10	0.000000	-19.278450	72.528618	72.528618	-0.000027	-0.000027	53.250160	-16.601660	-5.396436	0.000000	91994.867188	1461.662720	94422.406250
2011	10	0.000000	-20.799971	71.680984	71.680984	-0.000027	-0.000027	50.881020	-8.357342	-3.444736	0.000000	91995.492188	1460.766235	94419.914062
2011	10	0.000000	-17.399651	66.394012	66.394012	-0.000025	-0.000025	48.994358	-12.045162	-3.821556	0.000000	91996.015625	1459.930664	94417.546875
2011	10	0.000000	-19.539316	66.849884	66.849884	-0.000025	-0.000025	47.310574	-13.233752	-5.247109	0.000000	91996.453125	1459.131714	94415.273438
2011	10	0.000000	-20.485144	66.361549	66.361549	-0.000025	-0.000025	45.876408	-19.065971	-9.176343	0.000000	91996.804688	1458.266602	94412.992188
2011	10	0.000000	-16.349592	60.994461	60.994461	-0.000023	-0.000023	44.644867	-10.398365	-3.508807	0.000000	91997.101562	1457.464233	94410.812500
2011	10	0.000000	-13.608073	57.152924	57.152924	-0.000021	-0.000021	43.544853	-14.054168	-3.124970	0.000000	91997.335938	1456.787720	94408.789062
2011	10	0.000000	-13.280210	55.796394	55.796394	-0.000021	-0.000021	42.516186	-19.749664	-4.471449	0.000000	91997.523438	1456.155151	94406.851562
2011	10	0.000000	-13.223686	54.782665	54.782665	-0.000020	-0.000020	41.558979	-13.315303	-3.311557	0.000000	91997.664062	1455.529541	94404.953125
2011	10	0.000000	-12.561037	53.238155	53.238155	-0.000020	-0.000020	40.677120	-6.742528	-1.624202	0.000000	91997.765625	1454.946899	94403.125000
2011	10	0.000000	-12.378820	52.248772	52.248772	-0.000020	-0.000020	39.869953	-4.109523	-1.029393	0.000000	91997.843750	1454.344727	94401.296875
2011	10	0.000000	-13.983174	53.141792	53.141792	-0.000020	-0.000020	39.158619	-15.736551	-4.754013	0.000000	91997.882812	1453.750732	94399.515625
2011	10	0.000000	-13.871157	52.411316	52.411316	-0.000020	-0.000020	38.540157	-16.000580	-4.596744	0.000000	91997.906250	1453.106445	94397.695312
2011	10	0.000000	-11.532530	49.521557	49.521557	-0.000018	-0.000018	37.989025	-20.617830	-4.254981	0.000000	91997.898438	1452.521606	94395.953125
2011	11	0.000000	-10.622169	46.882069	46.882069	-0.000018	-0.000018	36.259899	-12.436495	-2.701845	0.000000	91997.882812	1451.979980	94394.273438
2011	11	0.000000	-5.984012	41.446552	41.446552	-0.000016	-0.000016	35.462540	-3.560241	-0.312439	0.000000	91997.843750	1451.540894	94392.718750
2011	11	0.000000	-6.750328	41.055237	41.055237	-0.000016	-0.000016	34.304913	-12.056526	-1.054128	0.000000	91997.757812	1451.177124	94391.273438
2011	11	0.000000	-8.191817	42.024200	42.024200	-0.000016	-0.000016	33.832382	-11.902282	-1.495097	0.000000	91997.656250	1450.746460	94389.789062
2011	11	0.000000	-8.127142	41.441772	41.441772	-0.000016	-0.000016	33.314629	-12.682642	-1.641428	0.000000	91997.546875	1450.319092	94388.320312
2011	11	0.000000	-7.956649	40.739624	40.739624	-0.000016	-0.000016	32.782978	-20.861292	-2.646930	0.000000	91997.437500	1449.900024	94386.882812
2011	11	0.000000	-9.941879	42.169010	42.169010	-0.000016	-0.000016	32.227131	-23.641342	-5.633802	0.000000	91997.312500	1449.441162	94385.421875
2011	11	0.000000	-8.776210	40.478176	40.478176	-0.000016	-0.000016	31.701967	-21.904659	-3.907444	0.000000	91997.195312	1448.959351	94383.953125
2011	11	0.000000	-5.278669	36.491623	36.491623	-0.000014	-0.000014	31.212952	-7.829399	-0.567379	0.000000	91997.070312	1448.580566	94382.601562
2011	11	0.000000	-7.076661	37.747078	37.747078	-0.000015	-0.000015	30.670420	-12.323800	-1.874987	0.000000	91996.945312	1448.250000	94381.320312
2011	11	0.000000	-9.376099	39.397797	39.397797	-0.000015	-0.000015	30.021696	-21.812826	-4.276350	0.000000	91996.812500	1447.808716	94379.945312
2011	11	0.000000	-7.551157	36.993984	36.993984	-0.000014	-0.000014	29.442829	-16.398129	-2.254575	0.000000	91996.679688	1447.379517	94378.609375
2011	11	0.000000	-5.962376	34.861324	34.861324	-0.000013	-0.000013	28.898951	-13.632419	-1.161133	0.000000	91996.546875	1447.010986	94377.343750
2011	11	0.000000	-5.235751	33.513493	33.513493	-0.000013	-0.000013	28.277742	-11.321562	-0.818690	0.000000	91996.414062	1446.697510	94376.164062
2011	11	0.000000	-6.303667	33.797821	33.797821	-0.000013	-0.000013	27.494152	-18.623375	-1.772209	0.000000	91996.273438	1446.357666	94374.968750
2011	11	0.000000	-6.801544	33.532825	33.532825	-0.000013	-0.000013	26.731283	-14.772631	-1.807482	0.000000	91996.125000	1446.008057	94373.796875
2011	11	0.000000	-5.566011	31.622082	31.622082	-0.000012	-0.000012	26.056072	-9.728034	-0.830950	0.000000	91995.976562	1445.663330	94372.656250
2011	11	0.000000	-5.817374	31.264345	31.264345	-0.000012	-0.000012	25.446970	-11.882827	-0.990936	0.000000	91995.820312	1445.343994	94371.554688
2011	11	0.000000	-5.486866	30.341669	30.341669	-0.000012	-0.000012	24.854803	-2.535831	-0.256809	0.000000	91995.664062	1445.023071	94370.476562
2011	11	0.000000	-5.668118	29.967773	29.967773	-0.000012	-0.000012	24.299658	-5.700141	-0.534336	0.000000	91995.507812	1444.710327	94369.421875
2011	11	0.000000	-5.729630	29.530560	29.530560	-0.000011	-0.000011	23.800928	-4.957613	-0.487156	0.000000	91995.343750	1444.393066	94368.382812
2011	11	0.000000	-6.120352	29.496935	29.496935	-0.000011	-0.000011	23.376585	-7.482038	-0.791627	0.000000	91995.187500	1444.065186	94367.351562
2011	11	0.000000	-5.958944	28.995438	28.995438	-0.000011	-0.000011	23.036493	-5.689301	-0.658617	0.000000	91995.023438	1443.746582	94366.335938
2011	11	0.000000	-5.961420	28.681433	28.681433	-0.000011	-0.000011	22.720013	-11.238163	-1.162708	0.000000	91994.867188	1443.417725	94365.328125
2011	11	0.000000	-5.882643	28.280191	28.280191	-0.000011	-0.000011	22.397547	-8.649445	-0.921757	0.000000	91994.710938	1443.099854	94364.335938
2011	11	0.000000	-6.050279	28.106417	28.106417	-0.000011	-0.000011	22.056137	-8.899376	-0.969318	0.000000	91994.554688	1442.787109	94363.359375
2011	11	0.000000	-6.199106	27.889082	27.889082	-0.000011	-0.000011	21.689976	-5.831841	-0.738699	0.000000	91994.406250	1442.463623	94362.382812
2011	11	0.000000	-4.785643	26.104303	26.104303	-0.000010	-0.000010	21.318661	-5.984221	-0.457557	0.000000	91994.257812	1442.158813	94361.445312
2011	11	0.000000	-5.134698	26.060799	26.060799	-0.000010	-0.000010	20.926102	-8.036582	-0.716515	0.000000	91994.117188	1441.881592	94360.539062
2011	11	0.000000	-4.810790	25.291899	25.291899	-0.000010	-0.000010	20.481108	-11.667541	-0.839801	0.000000	91993.976562	1441.595825	94359.648438
2011	12	0.000000	-4.330394	24.950190	24.950190	-0.000009	-0.000009	20.619799	-8.258313	-0.496364	0.000000	91993.835938	1441.333496	94358.789062
2011	12	0.000000	-3.860905	23.752623	23.752623	-0.000009	-0.000009	19.891718	-4.934751	-0.286756	0.000000	91993.695312	1441.090698	94357.968750
2011	12	0.000000	-3.588445	22.631424	22.631424	-0.000008	-0.000008	19.042978	-0.173015	-0.338347	0.000000	91993.562500	1440.856445	94357.187500
2011	12	0.000000	-4.125647	22.311031	22.311031	-0.000008	-0.000008	18.185385	-3.062521	-0.275978	0.000000	91993.429688	1440.631836	94356.445312
2011	12	0.000000	-4.412131	21.819105	21.819105	-0.000008	-0.000008	17.406975	-6.094796	-0.726116	0.000000	91993.289062	1440.375732	94355.695312
2011	12	0.000000	-7.226212	24.048302	24.048302	-0.000009	-0.000009	16.822092	-10.260479	-2.384880	0.000000	91993.156250	1440.083862	94354.929688
2011	12	0.000000	-6.620531	23.127911	23.127911	-0.000009	-0.000009	16.507380	-20.447098	-2.997973	0.000000	91993.023438	1439.743652	94354.132812
2011	12	0.000000	-7.494082	23.844099	23.844099	-0.000009	-0.000009	16.350018	-15.529617	-2.894667	0.000000	91992.890625	1439.414307	94353.351562
2011	12	0.000000	-6.229513	22.449467	22.449467	-0.000008	-0.000008	16.219955	-11.658069	-1.621581	0.000000	91992.765625	1439.086304	94352.578125
2011	12	0.000000	-5.499140	21.577644	21.577644	-0.000008	-0.000008	16.078505	-7.650650	-0.834698	0.000000	91992.640625	1438.793579	94351.843750
2011	12	0.000000	-6.834372	22.752983	22.752983	-0.000008	-0.000008	15.918611	-9.598002	-1.647117	0.000000	91992.515625	1438.498047	94351.109375
2011	12	0.000000	-7.078198	22.849691	22.849691	-0.000009	-0.000009	15.771492	-14.684667	-2.578726	0.000000	91992.398438	1438.166748	94350.343750
2011	12	0.000000	-7.622411	23.269520	23.269520	-0.000009	-0.000009	15.647108	-17.974579	-4.149314	0.000000	91992.281250	1437.821533	94349.570312
2011	12	0.000000	-6.155700	21.684118	21.684118	-0.000008	-0.000008	15.528420	-12.780534	-1.798072	0.000000	91992.171875	1437.496948	94348.820312
2011	12	0.000000	-4.481536	19.880711	19.880711	-0.000007	-0.000007	15.399175	-6.765769	-0.592019	0.000000	91992.062500	1437.229492	94348.132812
2011	12	0.000000	-4.398235	19.638401	19.638401	-0.000007	-0.000007	15.240167	-4.763336	-0.417098	0.000000	91991.953125	1436.993652	94347.484375
2011	12	0.000000	-4.269525	19.325657	19.325657	-0.000007	-0.000007	15.056132	-3.009512	-0.580298	0.000000	91991.851562	1436.745605	94346.828125
2011	12	0.000000	-3.584260	18.439962	18.439962	-0.000007	-0.000007	14.855701	4.238571	-0.391364	0.000000	91991.750000	1436.528809	94346.203125
2011	12	0.000000	-4.121504	18.734222	18.734222	-0.000007	-0.000007	14.612720	-1.364865	-0.329387	0.000000	91991.648438	1436.303833	94345.585938
2011	12	0.000000	-4.643284	18.982796	18.982796	-0.000007	-0.000007	14.339512	-0.473046	-0.203656	0.000000	91991.554688	1436.068115	94344.960938
2011	12	0.000000	-4.293492	18.349737	18.349737	-0.000007	-0.000007	14.056246	-1.668347	-0.473626	0.000000	91991.460938	1435.817505	94344.328125
2011	12	0.000000	-4.778877	18.555065	18.555065	-0.000007	-0.000007	13.776188	-3.668370	-0.489955	0.000000	91991.375000	1435.585938	94343.726562
2011	12	0.000000	-4.506205	17.969158	17.969158	-0.000007	-0.000007	13.462954	0.310184	-0.443926	0.000000	91991.281250	1435.333984	94343.117188
2011	12	0.000000	-3.739539	16.901665	16.901665	-0.000006	-0.000006	13.162127	-1.765557	-0.631118	0.000000	91991.203125	1435.104614	94342.539062
2011	12	0.000000	-3.517032	16.334412	16.334412	-0.000006	-0.000006	12.817380	-2.431628	-0.397240	0.000000	91991.117188	1434.898315	94341.992188
2011	12	0.000000	-4.154641	16.540617	16.540617	-0.000006	-0.000006	12.385975	-6.524717	-0.751014	0.000000	91991.039062	1434.682983	94341.445312
2011	12	0.000000	-3.305759	15.272692	15.272692	-0.000006	-0.000006	11.966933	1.904216	-0.511914	0.000000	91990.953125	1434.466064	94340.914062
2011	12	0.000000	-4.379182	15.931503	15.931503	-0.000006	-0.000006	11.552320	-8.895911	-1.098862	0.000000	91990.875000	1434.251831	94340.398438
2011	12	0.000000	-4.617319	15.806033	15.806033	-0.000006	-0.000006	11.188714	-8.256667	-0.984975	0.000000	91990.804688	1434.008545	94339.867188
2011	12	0.000000	-4.346514	15.271910	15.271910	-0.000006	-0.000006	10.925396	-9.584877	-0.835862	0.000000	91990.726562	1433.773804	94339.359375
2011	12	0.000000	-5.529787	16.213791	16.213791	-0.000006	-0.000006	10.684004	-9.630144	-1.606693	0.000000	91990.656250	1433.524414	94338.835938
2012	01	0.000000	-5.639150	16.149632	16.149632	-0.000006	-0.000006	10.510481	-10.606191	-1.581225	0.000000	91990.585938	1433.248779	94338.296875
2012	01	0.000000	-5.408028	15.808181	15.808181	-0.000006	-0.000006	10.400152	-14.983203	-1.720814	0.000000	91990.515625	1432.983887	94337.773438
2012	01	0.000000	-4.424868	14.723207	14.723207	-0.000005	-0.000005	10.298340	-13.833232	-1.121154	0.000000	91990.453125	1432.732788	94337.273438
2012	01	0.000000	-3.696318	13.855987	13.855987	-0.000005	-0.000005	10.159669	-8.564289	-0.507746	0.000000	91990.390625	1432.514771	94336.796875
2012	01	0.000000	-3.515144	13.425799	13.425799	-0.000005	-0.000005	9.910655	-2.227334	-0.471844	0.000000	91990.328125	1432.307251	94336.343750
2012	01	0.000000	-3.229175	12.866455	12.866455	-0.000005	-0.000005	9.637280	2.018150	-0.250650	0.000000	91990.273438	1432.114746	94335.921875
2012	01	0.000000	-4.178198	13.550698	13.550698	-0.000005	-0.000005	9.372500	-7.390482	-0.663629	0.000000	91990.218750	1431.905640	94335.484375
2012	01	0.000000	-4.155416	13.339200	13.339200	-0.000005	-0.000005	9.183784	-17.154812	-1.230988	0.000000	91990.164062	1431.677124	94335.031250
2012	01	0.000000	-5.767952	14.816242	14.816242	-0.000006	-0.000006	9.048290	-19.506157	-3.747079	0.000000	91990.109375	1431.440063	94334.578125
2012	01	0.000000	-4.549459	13.511654	13.511654	-0.000005	-0.000005	8.962195	-22.246275	-3.418938	0.000000	91990.062500	1431.169067	94334.093750
2012	01	0.000000	-3.189802	12.095716	12.095716	-0.000005	-0.000005	8.905914	-10.865527	-0.471564	0.000000	91990.015625	1430.966187	94333.687500
2012	01	0.000000	-3.577425	12.421887	12.421887	-0.000005	-0.000005	8.844462	-6.554710	-0.421559	0.000000	91989.976562	1430.772827	94333.281250
2012	01	0.000000	-2.948846	11.712190	11.712190	-0.000004	-0.000004	8.763343	-2.812102	-0.250755	0.000000	91989.929688	1430.577637	94332.882812
2012	01	0.000000	-2.759118	11.418343	11.418343	-0.000004	-0.000004	8.659225	-3.220318	-0.246963	0.000000	91989.890625	1430.402588	94332.507812
2012	01	0.000000	-3.811555	12.290868	12.290868	-0.000005	-0.000005	8.479312	-19.062109	-1.112165	0.000000	91989.851562	1430.209229	94332.109375
2012	01	0.000000	-3.454544	11.681480	11.681480	-0.000004	-0.000004	8.226936	-11.373145	-0.652573	0.000000	91989.812500	1430.001343	94331.710938
2012	01	0.000000	-3.913765	11.887548	11.887548	-0.000004	-0.000004	7.973784	-5.522731	-0.733216	0.000000	91989.781250	1429.806519	94331.335938
2012	01	0.000000	-6.866562	14.610240	14.610240	-0.000005	-0.000005	7.743678	-14.781979	-3.091112	0.000000	91989.742188	1429.536621	94330.890625
2012	01	0.000000	-5.854285	13.490470	13.490470	-0.000005	-0.000005	7.636184	-19.182795	-2.801972	0.000000	91989.710938	1429.246216	94330.429688
2012	01	0.000000	-4.550665	12.139495	12.139495	-0.000005	-0.000005	7.588830	-10.226387	-1.026913	0.000000	91989.671875	1428.997070	94330.015625
2012	01	0.000000	-3.379654	10.924661	10.924661	-0.000004	-0.000004	7.545006	-7.422521	-0.422028	0.000000	91989.640625	1428.781494	94329.632812
2012	01	0.000000	-4.114851	11.593008	11.593008	-0.000004	-0.000004	7.478156	-1.811436	-0.398787	0.000000	91989.609375	1428.584351	94329.273438
2012	01	0.000000	-3.283190	10.646332	10.646332	-0.000004	-0.000004	7.363141	-9.866626	-0.597640	0.000000	91989.585938	1428.376465	94328.906250
2012	01	0.000000	-3.608535	10.809376	10.809376	-0.000004	-0.000004	7.200840	-11.271412	-0.836781	0.000000	91989.554688	1428.183105	94328.554688
2012	01	0.000000	-3.181943	10.189733	10.189733	-0.000004	-0.000004	7.007790	-12.772555	-0.640263	0.000000	91989.523438	1427.986084	94328.203125
2012	01	0.000000	-3.514416	10.301424	10.301424	-0.000004	-0.000004	6.787008	-7.423327	-0.470091	0.000000	91989.500000	1427.799683	94327.875000
2012	01	0.000000	-3.909241	10.458984	10.458984	-0.000004	-0.000004	6.549744	-19.895075	-1.509183	0.000000	91989.468750	1427.592041	94327.531250
2012	01	0.000000	-4.313265	10.668821	10.668821	-0.000004	-0.000004	6.355556	-12.475855	-1.169650	0.000000	91989.445312	1427.379028	94327.187500
2012	01	0.000000	-3.928265	10.142941	10.142941	-0.000004	-0.000004	6.214677	-9.009607	-0.661827	0.000000	91989.421875	1427.157593	94326.843750
2012	01	0.000000	-5.280193	11.412482	11.412482	-0.000004	-0.000004	6.132288	-20.524010	-4.475957	0.000000	91989.398438	1426.934448	94326.500000
2012	01	0.000000	-6.211638	12.306516	12.306516	-0.000005	-0.000005	6.094878	-28.078676	-7.524719	0.000000	91989.375000	1426.659302	94326.101562
2012	02	0.000000	-4.696683	10.396651	10.396651	-0.000004	-0.000004	5.699969	-12.988346	-2.005900	0.000000	91989.351562	1426.393188	94325.718750
2012	02	0.000000	-4.198095	9.902667	9.902667	-0.000004	-0.000004	5.704572	-15.984146	-1.715767	0.000000	91989.328125	1426.163452	94325.375000
2012	02	0.000000	-4.259148	9.961294	9.961294	-0.000004	-0.000004	5.702146	-17.398199	-2.006569	0.000000	91989.304688	1425.933716	94325.023438
2012	02	0.000000	-3.644045	9.337629	9.337629	-0.000004	-0.000004	5.693584	-6.548543	-0.687246	0.000000	91989.289062	1425.713013	94324.687500
2012	02	0.000000	-2.403392	8.079248	8.079248	-0.000003	-0.000003	5.675857	-0.993712	-0.172498	0.000000	91989.265625	1425.531128	94324.382812
2012	02	0.000000	-3.147035	8.791650	8.791650	-0.000004	-0.000004	5.644615	-11.677304	-0.761224	0.000000	91989.250000	1425.350586	94324.085938
2012	02	0.000000	-2.467896	8.069108	8.069108	-0.000003	-0.000003	5.601212	-11.125177	-0.496779	0.000000	91989.234375	1425.170776	94323.789062
2012	02	0.000000	-3.517886	9.052752	9.052752	-0.000004	-0.000004	5.534866	-9.283302	-1.012585	0.000000	91989.210938	1424.997925	94323.507812
2012	02	0.000000	-5.133405	10.565694	10.565694	-0.000004	-0.000004	5.432289	-19.654068	-3.183629	0.000000	91989.195312	1424.757812	94323.156250
2012	02	0.000000	-4.675392	10.000268	10.000268	-0.000004	-0.000004	5.324876	-16.147118	-2.321965	0.000000	91989.179688	1424.505371	94322.796875
2012	02	0.000000	-4.179161	9.433515	9.433515	-0.000004	-0.000004	5.254354	-22.746365	-2.428970	0.000000	91989.164062	1424.268555	94322.453125
2012	02	0.000000	-4.179199	9.380426	9.380426	-0.000004	-0.000004	5.201228	-16.637671	-1.895306	0.000000	91989.148438	1424.045654	94322.125000
2012	02	0.000000	-3.115544	8.258083	8.258083	-0.000003	-0.000003	5.142540	-12.907328	-0.774538	0.000000	91989.140625	1423.840088	94321.820312
2012	02	0.000000	-3.192230	8.245572	8.245572	-0.000003	-0.000003	5.053342	-14.183028	-0.892640	0.000000	91989.125000	1423.653442	94321.539062
2012	02	0.000000	-3.085580	8.010052	8.010052	-0.000003	-0.000003	4.924471	-6.519429	-0.455384	0.000000	91989.109375	1423.464722	94321.257812
2012	02	0.000000	-3.469970	8.241559	8.241559	-0.000003	-0.000003	4.771588	-11.350022	-0.929515	0.000000	91989.101562	1423.270142	94320.968750
2012	02	0.000000	-3.949528	8.561048	8.561048	-0.000003	-0.000003	4.611519	-20.805180	-2.221705	0.000000	91989.085938	1423.060425	94320.679688
2012	02	0.000000	-3.041200	7.499603	7.499603	-0.000003	-0.000003	4.458404	-9.137039	-0.612394	0.000000	91989.078125	1422.859253	94320.398438
2012	02	0.000000	-2.948199	7.244471	7.244471	-0.000003	-0.000003	4.296272	-3.111080	-0.228771	0.000000	91989.062500	1422.676392	94320.140625
2012	02	0.000000	-2.926376	7.047151	7.047151	-0.000003	-0.000003	4.120774	-3.660985	-0.282610	0.000000	91989.054688	1422.493408	94319.890625
2012	02	0.000000	-2.441730	6.385622	6.385622	-0.000003	-0.000003	3.943893	-1.737384	-0.216717	0.000000	91989.039062	1422.321045	94319.656250
2012	02	0.000000	-2.520739	6.279956	6.279956	-0.000003	-0.000003	3.759217	-3.502855	-0.224823	0.000000	91989.031250	1422.155640	94319.437500
2012	02	0.000000	-2.862809	6.429449	6.429449	-0.000003	-0.000003	3.566640	-4.348270	-0.321977	0.000000	91989.015625	1421.984619	94319.218750
2012	02	0.000000	-2.667676	6.053893	6.053893	-0.000002	-0.000002	3.386217	-10.109879	-0.512762	0.000000	91989.007812	1421.805298	94319.000000
2012	02	0.000000	-2.120827	5.338085	5.338085	-0.000002	-0.000002	3.217257	-2.220785	-0.195838	0.000000	91989.000000	1421.643311	94318.804688
2012	02	0.000000	-2.499274	5.534947	5.534947	-0.000002	-0.000002	3.035673	-12.121347	-0.550835	0.000000	91988.992188	1421.485474	94318.617188
2012	02	0.000000	-2.806315	5.655947	5.655947	-0.000002	-0.000002	2.849632	-4.887357	-0.331928	0.000000	91988.976562	1421.314087	94318.421875
2012	02	0.000000	-2.603205	5.283558	5.283558	-0.000002	-0.000002	2.680353	-1.962147	-0.153500	0.000000	91988.968750	1421.140625	94318.226562
2012	03	0.000000	-2.829297	5.529447	5.529447	-0.000002	-0.000002	2.700151	-5.299766	-0.324425	0.000000	91988.960938	1420.970337	94318.046875
2012	03	0.000000	-2.889899	5.432400	5.432400	-0.000002	-0.000002	2.542501	-12.620488	-0.667074	0.000000	91988.953125	1420.795654	94317.867188
2012	03	0.000000	-2.277246	4.660064	4.660064	-0.000002	-0.000002	2.382818	-2.854971	-0.158000	0.000000	91988.945312	1420.634155	94317.703125
2012	03	0.000000	-2.483302	4.688702	4.688702	-0.000002	-0.000002	2.205400	-6.414824	-0.299211	0.000000	91988.937500	1420.479980	94317.554688
2012	03	0.000000	-3.000004	5.020413	5.020413	-0.000002	-0.000002	2.020409	-13.593076	-0.719690	0.000000	91988.929688	1420.311279	94317.390625
2012	03	0.000000	-3.032860	4.886853	4.886853	-0.000002	-0.000002	1.853994	-11.995646	-0.773768	0.000000	91988.914062	1420.133789	94317.226562
2012	03	0.000000	-3.353480	5.062821	5.062821	-0.000002	-0.000002	1.709342	-22.626484	-1.497723	0.000000	91988.914062	1419.949829	94317.070312
2012	03	0.000000	-4.197363	5.783518	5.783518	-0.000002	-0.000002	1.586156	-30.619061	-4.250495	0.000000	91988.906250	1419.755859	94316.898438
2012	03	0.000000	-5.032017	6.531094	6.531094	-0.000002	-0.000002	1.499077	-32.314518	-5.803699	0.000000	91988.898438	1419.518799	94316.687500
2012	03	0.000000	-3.785313	5.245789	5.245789	-0.000002	-0.000002	1.460476	-16.895842	-1.766125	0.000000	91988.890625	1419.294678	94316.492188
2012	03	0.000000	-4.055338	5.492638	5.492638	-0.000002	-0.000002	1.437300	-28.211552	-2.969290	0.000000	91988.882812	1419.098877	94316.328125
2012	03	0.000000	-3.449210	4.863551	4.863551	-0.000002	-0.000002	1.414341	-19.645630	-1.533898	0.000000	91988.882812	1418.890625	94316.156250
2012	03	0.000000	-3.109408	4.495485	4.495485	-0.000002	-0.000002	1.386077	-11.771610	-0.801084	0.000000	91988.875000	1418.709717	94316.007812
2012	03	0.000000	-3.290930	4.620055	4.620055	-0.000002	-0.000002	1.329125	-11.762324	-0.914153	0.000000	91988.867188	1418.530518	94315.859375
2012	03	0.000000	-2.776552	4.025192	4.025192	-0.000002	-0.000002	1.248640	-10.196177	-0.523561	0.000000	91988.867188	1418.348633	94315.710938
2012	03	0.000000	-2.422345	3.579020	3.579020	-0.000001	-0.000001	1.156674	-2.586951	-0.256447	0.000000	91988.859375	1418.191040	94315.593750
2012	03	0.000000	-3.036443	4.079903	4.079903	-0.000002	-0.000002	1.043460	-3.794716	-0.290778	0.000000	91988.859375	1418.019775	94315.468750
2012	03	0.000000	-2.614543	3.549357	3.549357	-0.000001	-0.000001	0.934815	-2.695123	-0.297404	0.000000	91988.851562	1417.851440	94315.343750
2012	03	0.000000	-2.701025	3.527610	3.527610	-0.000001	-0.000001	0.826585	-8.119711	-0.600923	0.000000	91988.851562	1417.686646	94315.226562
2012	03	0.000000	-2.867656	3.565449	3.565449	-0.000001	-0.000001	0.697793	-10.432357	-0.773651	0.000000	91988.843750	1417.520752	94315.117188
2012	03	0.000000	-2.884872	3.457000	3.457000	-0.000001	-0.000001	0.572128	-8.171068	-0.691642	0.000000	91988.843750	1417.344116	94315.000000
2012	03	0.000000	-2.803339	3.282069	3.282069	-0.000001	-0.000001	0.478729	-2.876631	-0.406349	0.000000	91988.835938	1417.179443	94314.890625
2012	03	0.000000	-3.626363	4.032665	4.032665	-0.000002	-0.000002	0.406302	-6.847938	-0.540369	0.000000	91988.828125	1416.989990	94314.765625
2012	03	0.000000	-4.549073	4.900043	4.900043	-0.000002	-0.000002	0.350970	-22.795326	-3.648439	0.000000	91988.820312	1416.790405	94314.632812
2012	03	0.000000	-5.498945	5.812167	5.812167	-0.000002	-0.000002	0.313222	-27.490135	-5.461621	0.000000	91988.820312	1416.537231	94314.445312
2012	03	0.000000	-3.869807	4.166297	4.166297	-0.000002	-0.000002	0.296490	-18.064457	-1.881265	0.000000	91988.812500	1416.310425	94314.289062
2012	03	0.000000	-3.471572	3.757045	3.757045	-0.000001	-0.000001	0.285473	-14.141395	-1.463774	0.000000	91988.804688	1416.119019	94314.164062
2012	03	0.000000	-4.616897	4.884261	4.884261	-0.000002	-0.000002	0.267363	-23.110998	-3.589664	0.000000	91988.804688	1415.910278	94314.023438
2012	03	0.000000	-4.860759	5.108068	5.108068	-0.000002	-0.000002	0.247308	-20.017504	-3.379809	0.000000	91988.796875	1415.677368	94313.859375
2012	03	0.000000	-5.003818	5.238228	5.238228	-0.000002	-0.000002	0.234411	-21.591663	-3.883125	0.000000	91988.796875	1415.442383	94313.695312
2012	03	0.000000	-4.637137	4.863838	4.863838	-0.000002	-0.000002	0.226701	-21.506721	-3.194299	0.000000	91988.789062	1415.203369	94313.523438
2012	04	0.000000	-3.728962	3.943588	3.943588	-0.000002	-0.000002	0.214626	-13.815833	-1.504357	0.000000	91988.789062	1414.988037	94313.382812
2012	04	0.000000	-3.697884	3.907294	3.907294	-0.000002	-0.000002	0.209409	-3.632219	-1.120322	0.000000	91988.781250	1414.788574	94313.250000
2012	04	0.000000	-3.728453	3.928084	3.928084	-0.000002	-0.000002	0.199632	-16.557196	-2.340787	0.000000	91988.781250	1414.589478	94313.125000
2012	04	0.000000	-4.406814	4.590888	4.590888	-0.000002	-0.000002	0.184074	-13.771814	-3.989328	0.000000	91988.773438	1414.374390	94312.976562
2012	04	0.000000	-3.270858	3.440137	3.440137	-0.000001	-0.000001	0.169279	1.001398	-1.251060	0.000000	91988.773438	1414.168457	94312.843750
2012	04	0.000000	-3.947078	4.100027	4.100027	-0.000002	-0.000002	0.152949	-5.006100	-1.309680	0.000000	91988.765625	1413.970947	94312.718750
2012	04	0.000000	-4.412048	4.545988	4.545988	-0.000002	-0.000002	0.133940	-10.518333	-2.238349	0.000000	91988.765625	1413.752563	94312.578125
2012	04	0.000000	-4.470102	4.591221	4.591221	-0.000002	-0.000002	0.121119	-7.454646	-2.123279	0.000000	91988.765625	1413.528564	94312.421875
2012	04	0.000000	-5.193631	5.304489	5.304489	-0.000002	-0.000002	0.110859	-3.763941	-1.027615	0.000000	91988.757812	1413.287720	94312.257812
2012	04	0.000000	-4.787347	4.890651	4.890651	-0.000002	-0.000002	0.103304	-7.622722	-1.968593	0.000000	91988.757812	1413.038452	94312.078125
2012	04	0.000000	-3.523054	3.622007	3.622007	-0.000001	-0.000001	0.098953	1.854391	-1.112323	0.000000	91988.757812	1412.829956	94311.945312
2012	04	0.000000	-4.767875	4.861380	4.861380	-0.000002	-0.000002	0.093505	-8.460753	-2.582335	0.000000	91988.757812	1412.617065	94311.804688
2012	04	0.000000	-6.048603	6.134931	6.134931	-0.000002	-0.000002	0.086328	-23.106157	-6.748371	0.000000	91988.750000	1412.353760	94311.617188
2012	04	0.000000	-7.808506	7.890570	7.890570	-0.000003	-0.000003	0.082064	-13.109220	-5.911699	0.000000	91988.750000	1412.046509	94311.390625
2012	04	0.000000	-6.191032	6.271581	6.271581	-0.000002	-0.000002	0.080549	-14.135435	-4.705845	0.000000	91988.750000	1411.730957	94311.148438
2012	04	0.000000	-7.284884	7.365072	7.365072	-0.000003	-0.000003	0.080188	-23.036591	-8.798069	0.000000	91988.750000	1411.436768	94310.929688
2012	04	0.000000	-8.518521	8.598813	8.598813	-0.000003	-0.000003	0.080292	-18.791824	-8.868218	0.000000	91988.742188	1411.093506	94310.656250
2012	04	0.000000	-6.538094	6.618544	6.618544	-0.000003	-0.000003	0.080451	-16.780552	-5.211623	0.000000	91988.742188	1410.758423	94310.398438
2012	04	0.000000	-6.585112	6.665738	6.665738	-0.000003	-0.000003	0.080626	-8.795467	-2.946013	0.000000	91988.742188	1410.467773	94310.179688
2012	04	0.000000	-4.895362	4.976129	4.976129	-0.000002	-0.000002	0.080767	-3.201700	-2.461691	0.000000	91988.742188	1410.197266	94309.984375
2012	04	0.000000	-4.478595	4.559456	4.559456	-0.000002	-0.000002	0.080861	-1.110151	-1.682587	0.000000	91988.734375	1409.968018	94309.828125
2012	04	0.000000	-6.469429	6.550302	6.550302	-0.000003	-0.000003	0.080872	-22.296160	-9.426751	0.000000	91988.734375	1409.713623	94309.648438
2012	04	0.000000	-6.510075	6.590916	6.590916	-0.000003	-0.000003	0.080842	-14.784958	-5.993322	0.000000	91988.734375	1409.412109	94309.421875
2012	04	0.000000	-5.759860	5.840717	5.840717	-0.000002	-0.000002	0.080857	-10.794397	-4.070063	0.000000	91988.734375	1409.135498	94309.218750
2012	04	0.000000	-6.811419	6.892329	6.892329	-0.000003	-0.000003	0.080909	-12.216900	-4.494388	0.000000	91988.734375	1408.843506	94309.007812
2012	04	0.000000	-4.901054	4.982029	4.982029	-0.000002	-0.000002	0.080975	-2.926523	-1.888406	0.000000	91988.726562	1408.575195	94308.812500
2012	04	0.000000	-5.978018	6.059058	6.059058	-0.000002	-0.000002	0.081040	-7.758729	-2.961857	0.000000	91988.726562	1408.318481	94308.625000
2012	04	0.000000	-6.225658	6.306734	6.306734	-0.000002	-0.000002	0.081075	-10.599539	-3.571311	0.000000	91988.726562	1408.033691	94308.414062
2012	04	0.000000	-5.605299	5.686420	5.686420	-0.000002	-0.000002	0.081121	-9.750771	-2.707026	0.000000	91988.726562	1407.761230	94308.218750
2012	04	0.000000	-5.340221	5.421397	5.421397	-0.000002	-0.000002	0.081176	-3.820454	-1.528924	0.000000	91988.718750	1407.502930	94308.039062
2012	05	0.000000	-4.946024	5.029943	5.029943	-0.000002	-0.000002	0.083918	-2.521405	-0.885813	0.000000	91988.718750	1407.256104	94307.867188
2012	05	0.000000	-6.432125	6.516048	6.516048	-0.000002	-0.000002	0.083924	8.375607	0.882020	0.000000	91988.718750	1407.000854	94307.679688
2012	05	0.000000	-6.903312	6.987230	6.987230	-0.000003	-0.000003	0.083918	6.638249	2.365836	0.000000	91988.718750	1406.706665	94307.460938
2012	05	0.000000	-7.476991	7.560967	7.560967	-0.000003	-0.000003	0.083976	6.974800	4.342233	0.000000	91988.718750	1406.400635	94307.234375
2012	05	0.000000	-7.854987	7.939094	7.939094	-0.000003	-0.000003	0.084107	0.564276	3.804884	0.000000	91988.710938	1406.070435	94306.976562
2012	05	0.000000	-9.063202	9.147520	9.147520	-0.000003	-0.000003	0.084319	-5.102467	-0.278933	0.000000	91988.710938	1405.722290	94306.703125
2012	05	0.000000	-9.806812	9.891498	9.891498	-0.000004	-0.000004	0.084685	-3.079275	2.849966	0.000000	91988.710938	1405.344727	94306.398438
2012	05	0.000000	-9.745606	9.830882	9.830882	-0.000004	-0.000004	0.085275	-4.371866	2.943033	0.000000	91988.710938	1404.953247	94306.078125
2012	05	0.000000	-8.669424	8.755523	8.755523	-0.000003	-0.000003	0.086098	5.910511	2.678325	0.000000	91988.703125	1404.583618	94305.789062
2012	05	0.000000	-8.538598	8.625582	8.625582	-0.000003	-0.000003	0.086984	9.532154	7.102116	0.000000	91988.703125	1404.222778	94305.500000
2012	05	0.000000	-7.132700	7.220349	7.220349	-0.000003	-0.000003	0.087650	18.000628	12.413235	0.000000	91988.703125	1403.894287	94305.242188
2012	05	0.000000	-6.628103	6.716232	6.716232	-0.000003	-0.000003	0.088129	14.885333	7.983578	0.000000	91988.703125	1403.601074	94305.023438
2012	05	0.000000	-7.511418	7.599742	7.599742	-0.000003	-0.000003	0.088324	7.737541	8.317471	0.000000	91988.695312	1403.297363	94304.796875
2012	05	0.000000	-6.673307	6.761750	6.761750	-0.000003	-0.000003	0.088443	14.291446	6.375869	0.000000	91988.695312	1402.983521	94304.554688
2012	05	0.000000	-7.232358	7.321015	7.321015	-0.000003	-0.000003	0.088657	10.515811	9.190686	0.000000	91988.695312	1402.687988	94304.335938
2012	05	0.000000	-9.261688	9.350430	9.350430	-0.000003	-0.000003	0.088742	-2.303401	10.287554	0.000000	91988.695312	1402.348511	94304.070312
2012	05	0.000000	-9.401790	9.490726	9.490726	-0.000004	-0.000004	0.088937	-6.177516	1.156029	0.000000	91988.695312	1401.971680	94303.765625
2012	05	0.000000	-9.289289	9.379121	9.379121	-0.000004	-0.000004	0.089832	-5.742698	1.424364	0.000000	91988.687500	1401.593750	94303.460938
2012	05	0.000000	-8.063101	8.154640	8.154640	-0.000003	-0.000003	0.091539	-3.994361	6.791531	0.000000	91988.687500	1401.233521	94303.171875
2012	05	0.000000	-8.046176	8.139139	8.139139	-0.000003	-0.000003	0.092964	6.315583	12.608531	0.000000	91988.687500	1400.902710	94302.921875
2012	05	0.000000	-7.538044	7.632041	7.632041	-0.000003	-0.000003	0.093997	1.095479	5.828452	0.000000	91988.687500	1400.569580	94302.656250
2012	05	0.000000	-8.517529	8.612530	8.612530	-0.000003	-0.000003	0.095001	4.317717	9.529026	0.000000	91988.679688	1400.240112	94302.406250
2012	05	0.000000	-8.468384	10.550264	10.550264	-0.000004	-0.000004	2.081881	-2.231631	3.106142	0.000000	91988.703125	1399.888306	94302.101562
2012	05	0.000000	-8.998138	11.131781	11.131781	-0.000004	-0.000004	2.133643	-5.172754	3.056912	0.000000	91988.781250	1399.534058	94301.742188
2012	05	0.000000	-9.326953	10.669047	10.669047	-0.000004	-0.000004	1.342094	-16.449644	-4.762053	0.000000	91988.804688	1399.160889	94301.390625
2012	05	0.000000	-10.221939	11.687548	11.687548	-0.000004	-0.000004	1.465608	-27.448795	-10.868103	0.000000	91988.820312	1398.768311	94301.031250
2012	05	0.000000	-10.859987	12.463531	12.463531	-0.000005	-0.000005	1.603543	-32.662533	-12.973728	0.000000	91988.835938	1398.353394	94300.648438
2012	05	0.000000	-10.215388	12.059014	12.059014	-0.000005	-0.000005	1.843625	-42.158836	-15.988941	0.000000	91988.851562	1397.927979	94300.242188
2012	05	0.000000	-8.932523	11.029519	11.029519	-0.000004	-0.000004	2.096996	-19.578247	-4.813308	0.000000	91988.875000	1397.555298	94299.882812
2012	05	0.000000	-9.196071	11.459009	11.459009	-0.000004	-0.000004	2.262939	-13.581892	-3.456296	0.000000	91988.898438	1397.187256	94299.515625
2012	05	0.000000	-9.181253	11.495688	11.495688	-0.000004	-0.000004	2.314434	-36.214485	-1.725600	0.000000	91988.929688	1396.812012	94299.148438
2012	06	0.000000	-9.476784	11.992049	11.992049	-0.000005	-0.000005	2.515265	-34.596523	-10.220869	0.000000	91988.953125	1396.432251	94298.765625
2012	06	0.000000	-8.639984	11.646723	11.646723	-0.000004	-0.000004	3.006739	-25.114285	54.977085	0.000000	91988.992188	1396.049072	94298.359375
2012	06	0.000000	-8.205005	18.137602	18.137602	-0.000007	-0.000007	9.932598	7.334487	28.532347	0.000000	91989.109375	1395.698120	94297.875000
2012	06	0.000000	-8.064368	24.165855	24.165855	-0.000009	-0.000009	16.101486	-0.390632	16.991692	0.000000	91989.289062	1395.351196	94297.171875
2012	06	0.000000	-8.106487	32.890537	32.890537	-0.000013	-0.000013	24.784050	11.889143	25.851835	0.000000	91989.546875	1395.005737	94296.234375
2012	06	0.000000	-9.455195	48.893147	48.893147	-0.000019	-0.000019	39.437950	52.408512	18.276257	0.000000	91989.968750	1394.637939	94294.851562
2012	06	0.000000	-9.886684	53.046162	53.046162	-0.000020	-0.000020	43.159477	48.511963	23.798454	0.000000	91990.500000	1394.239258	94293.054688
2012	06	0.000000	-11.617218	48.077007	48.077007	-0.000019	-0.000019	36.459789	10.153983	33.672722	0.000000	91990.867188	1393.800903	94291.453125
2012	06	0.000000	-11.588823	44.180244	44.180244	-0.000017	-0.000017	32.591423	43.369946	21.972399	0.000000	91991.156250	1393.338745	94289.921875
2012	06	0.000000	-10.031097	58.105721	58.105721	-0.000022	-0.000022	48.074627	21.240076	16.202644	0.000000	91991.539062	1392.906616	94288.117188
2012	06	0.000000	-10.920070	45.412590	45.412590	-0.000018	-0.000018	34.492519	59.183132	46.312889	0.000000	91991.843750	1392.482788	94286.468750
2012	06	9.681746	-3.978894	51.945675	42.263935	-0.000016	-0.000016	38.285038	19.382010	29.773344	26869.107422	91992.062500	1392.098145	94284.953125
2012	06	33.338814	15.034661	66.378738	33.039925	-0.000013	-0.000013	48.074589	-17.627111	79.445251	92523.007812	91992.296875	1392.232178	94283.765625
2012	06	50.164013	33.018669	79.481102	29.317093	-0.000011	-0.000011	62.335766	62.344700	39.955460	139216.859375	91992.632812	1393.019409	94282.757812
2012	06	85.946465	61.787804	97.020447	11.073979	-0.000004	-0.000004	72.861786	63.835392	42.535419	238521.531250	91993.062500	1394.499634	94281.976562
2012	06	100.391159	72.311798	102.505669	2.114515	-0.000001	-0.000001	74.426315	27.137138	77.459755	278608.937500	91993.539062	1396.703491	94281.804688
2012	06	112.130264	85.364944	97.260452	-14.869825	0.000006	0.000006	70.495117	95.203712	65.829384	311187.718750	91993.867188	1399.316162	94282.093750
2012	06	144.341003	110.806526	106.501419	-37.839584	0.000015	0.000015	72.966934	62.204788	82.294502	400580.031250	91994.078125	1402.610474	94283.062500
2012	06	151.746506	115.310081	109.007065	-42.739437	0.000016	0.000016	72.570648	27.973639	67.921227	421132.031250	91994.234375	1406.304810	94284.421875
2012	06	155.937988	119.298233	104.439659	-51.498344	0.000020	0.000020	67.799896	27.413975	86.909142	432764.406250	91994.328125	1410.534912	94286.351562
2012	06	130.368942	97.892365	92.638130	-37.730804	0.000015	0.000015	60.161556	25.941059	39.204109	361804.281250	91994.359375	1413.686035	94287.515625
2012	06	119.690964	87.990875	89.658562	-30.032393	0.000012	0.000012	57.958481	34.773350	34.124348	332170.375000	91994.367188	1416.713501	94288.656250
2012	06	160.293777	122.272751	96.260017	-64.033760	0.000025	0.000025	58.238991	58.393681	42.186718	444852.718750	91994.351562	1420.043945	94290.132812
2012	06	226.742432	175.549484	113.677444	-113.064987	0.000044	0.000044	62.484489	66.049301	85.200447	629263.250000	91994.289062	1425.141602	94293.289062
2012	06	276.779999	209.291565	136.047882	-140.732132	0.000054	0.000054	68.559433	-2.258252	113.453079	768129.250000	91994.187500	1431.459839	94297.492188
2012	06	225.670258	165.745636	124.578018	-101.092247	0.000039	0.000039	64.653389	2.928890	119.220123	626287.750000	91994.039062	1437.699707	94301.554688
2012	06	228.368927	171.891266	113.966667	-114.402260	0.000044	0.000044	57.489014	66.213806	87.091179	633777.187500	91993.882812	1443.216309	94305.148438
2012	06	236.826828	175.318619	117.929405	-118.897430	0.000046	0.000046	56.421192	4.812455	46.964069	657249.812500	91993.718750	1448.836182	94308.968750
2012	06	226.645218	168.727005	109.949951	-116.695267	0.000045	0.000045	52.031731	45.565159	64.156570	628993.500000	91993.507812	1454.661621	94313.054688
2012	06	225.903900	165.519714	114.223747	-111.680130	0.000043	0.000043	53.839577	65.687706	71.944473	626936.125000	91993.281250	1460.410156	94317.140625
2012	07	135.327850	88.735954	97.369621	-37.958221	0.000014	0.000014	50.777737	9.247526	48.272785	363451.375000	91993.101562	1464.057495	94319.132812
2012	07	204.358917	146.605560	108.300537	-96.058380	0.000036	0.000036	50.547180	54.863869	47.244732	548848.812500	91992.929688	1467.616089	94321.156250
2012	07	246.026474	175.569748	125.592209	-120.434273	0.000045	0.000045	55.135490	57.930676	67.827805	660755.812500	91992.687500	1473.388062	94325.296875
2012	07	225.502792	160.042755	118.596619	-106.906166	0.000040	0.000040	53.136593	66.773621	38.381866	605635.125000	91992.437500	1478.358398	94328.609375
2012	07	270.494446	194.465088	129.630096	-140.864349	0.000053	0.000053	53.600742	80.881325	57.043728	726469.687500	91992.156250	1484.093506	94332.695312
2012	07	288.268066	204.406540	138.762741	-149.505325	0.000056	0.000056	54.901211	73.433701	59.276707	774204.500000	91991.835938	1490.438110	94337.375000
2012	07	273.536224	185.747635	144.379883	-129.156326	0.000048	0.000048	56.591316	50.647556	71.811089	734638.937500	91991.484375	1497.094116	94342.312500
2012	07	333.506989	234.493179	154.047256	-179.459747	0.000067	0.000067	55.033436	41.935596	63.649071	895703.062500	91991.125000	1503.142700	94346.648438
2012	07	365.619476	242.806702	182.308823	-183.310654	0.000068	0.000068	59.496052	-10.930323	123.685066	981947.937500	91990.695312	1511.078857	94352.804688
2012	07	362.112915	230.166641	191.474518	-170.638412	0.000064	0.000064	59.528214	-36.876579	122.180801	972530.375000	91990.234375	1518.467285	94358.367188
2012	07	313.624176	167.683456	211.541580	-102.082611	0.000038	0.000038	65.600845	-0.242965	138.479736	842303.687500	91989.796875	1524.060303	94361.992188
2012	07	312.430817	173.214600	201.449661	-110.981148	0.000041	0.000041	62.233444	-2.887403	140.481247	839098.562500	91989.312500	1530.030151	94365.984375
2012	07	295.138458	159.934494	198.444382	-96.694054	0.000036	0.000036	63.240437	8.753697	135.660400	792656.312500	91988.882812	1534.581299	94368.593750
2012	07	295.213013	174.950851	178.963486	-116.249542	0.000043	0.000043	58.701302	-7.448527	85.084969	792856.562500	91988.320312	1541.050171	94373.203125
2012	07	252.609970	132.235367	178.090347	-74.519638	0.000028	0.000028	57.715729	-27.968300	73.103165	678437.187500	91987.812500	1545.656128	94376.031250
2012	07	281.054596	177.393021	154.756760	-126.297844	0.000047	0.000047	51.095184	28.598316	66.978157	754831.187500	91987.304688	1550.494995	94379.195312
2012	07	305.379425	192.838669	164.227524	-141.151871	0.000053	0.000053	51.686787	78.485161	76.661041	820160.625000	91986.789062	1556.637085	94383.757812
2012	07	325.314423	206.851791	168.787750	-156.526672	0.000058	0.000058	50.325119	68.432579	76.137558	873700.250000	91986.265625	1562.867188	94388.437500
2012	07	313.838287	170.566711	196.688461	-117.149796	0.000044	0.000044	53.416920	-10.748822	119.801376	842878.625000	91985.718750	1569.013428	94392.992188
2012	07	260.210968	150.617508	158.357910	-101.853043	0.000038	0.000038	48.764473	26.481470	53.041969	698851.187500	91985.203125	1573.923340	94396.335938
2012	07	272.438049	151.793808	169.268738	-103.169312	0.000039	0.000039	48.624496	42.665665	75.015526	731689.625000	91984.703125	1578.963135	94399.906250
2012	07	233.907516	123.314590	158.036926	-75.870598	0.000028	0.000028	47.443985	-5.739677	55.294880	628207.812500	91984.210938	1583.189087	94402.656250
2012	07	202.381821	113.182037	131.905594	-70.476242	0.000026	0.000026	42.705795	66.521332	41.365414	543538.937500	91983.781250	1586.673950	94404.789062
2012	07	272.909821	162.464920	153.821091	-119.088722	0.000044	0.000044	43.376190	78.346237	53.591801	732956.625000	91983.328125	1591.082520	94407.898438
2012	07	280.854553	169.583694	154.495331	-126.359207	0.000047	0.000047	43.224491	86.870895	65.225174	754293.875000	91982.835938	1596.746460	94412.234375
2012	07	249.624634	146.506958	144.289459	-105.335175	0.000039	0.000039	41.171791	98.615555	52.642418	670419.375000	91982.359375	1601.672852	94415.898438
2012	07	265.879791	156.903244	149.986420	-115.893387	0.000043	0.000043	41.009865	89.407692	49.339031	714076.062500	91981.898438	1606.376953	94419.367188
2012	07	205.452209	97.281662	150.611282	-54.840919	0.000020	0.000020	42.440742	35.954411	38.413956	551785.062500	91981.437500	1610.571777	94422.312500
2012	07	254.005890	141.513840	153.682053	-100.323814	0.000037	0.000037	41.190025	51.962074	46.338165	682186.187500	91980.992188	1614.024902	94424.500000
2012	07	258.507996	122.344780	181.191742	-77.316231	0.000029	0.000029	45.028549	32.702873	72.581100	694277.562500	91980.492188	1618.628052	94427.804688
2012	07	172.600510	71.630432	144.417679	-28.182852	0.000011	0.000011	43.447582	22.582947	40.843746	463554.968750	91980.031250	1621.263306	94429.093750
2012	08	198.607956	96.172005	144.206726	-54.401230	0.000020	0.000020	41.770775	71.077888	49.373249	533403.437500	91979.578125	1624.125000	94430.671875
2012	08	230.709702	103.824821	171.831894	-58.877827	0.000022	0.000022	44.946995	14.990877	54.020084	619619.437500	91979.093750	1627.456177	94432.710938
2012	08	233.885574	89.604492	194.059113	-39.826447	0.000015	0.000015	49.778046	-39.642414	50.005119	628148.875000	91978.546875	1630.253174	94434.078125
2012	08	194.306824	70.823669	174.143341	-20.163486	0.000008	0.000008	50.660179	-2.433580	28.577169	521851.843750	91977.937500	1633.193359	94435.468750
2012	08	164.016968	52.070396	164.396957	0.379998	-0.000000	-0.000000	52.450394	-8.087115	29.760973	440502.031250	91977.367188	1634.761475	94435.453125
2012	08	134.733505	46.820362	135.409348	0.675843	-0.000000	-0.000000	47.496208	0.521398	30.981792	361855.125000	91976.843750	1636.052002	94435.218750
2012	08	167.267059	74.472893	138.432602	-28.834450	0.000011	0.000011	45.638443	57.234261	35.459724	449230.843750	91976.281250	1638.410156	94436.164062
2012	08	186.774628	89.231087	141.412766	-45.361858	0.000017	0.000017	43.869228	58.339138	34.826656	501622.531250	91975.742188	1640.977173	94437.382812
2012	08	207.336929	98.511780	154.055450	-53.281483	0.000020	0.000020	45.230301	40.821056	44.636749	556846.875000	91975.187500	1644.025269	94439.085938
2012	08	220.376450	101.255592	166.213837	-54.162609	0.000020	0.000020	47.092983	23.615574	54.758595	591867.250000	91974.593750	1647.250977	94440.906250
2012	08	220.255737	95.272362	173.404114	-46.851612	0.000017	0.000017	48.420750	11.231168	61.175720	591543.062500	91973.960938	1650.346558	94442.546875
2012	08	215.820099	89.309883	175.799515	-40.020584	0.000015	0.000015	49.289303	6.184994	63.784134	579630.250000	91973.304688	1653.269653	94443.984375
2012	08	199.276093	72.701645	176.308487	-22.967615	0.000009	0.000009	49.734032	-6.416272	65.803375	535197.812500	91972.640625	1655.968140	94445.179688
2012	08	192.825500	76.375420	165.174500	-27.650990	0.000010	0.000010	48.724430	1.000059	49.419353	517873.406250	91971.984375	1658.297363	94446.007812
2012	08	181.143784	75.379944	153.309479	-27.834320	0.000010	0.000010	47.545620	21.767250	42.757790	486499.750000	91971.335938	1660.825806	94447.078125
2012	08	140.508575	44.075138	143.106323	2.597734	-0.000001	-0.000001	46.672871	22.302980	34.580143	377365.343750	91970.734375	1662.691284	94447.523438
2012	08	140.770935	49.326950	136.585739	-4.185195	0.000002	0.000002	45.141758	10.045129	29.297457	378069.906250	91970.148438	1664.039062	94447.476562
2012	08	153.799866	59.011604	139.699600	-14.100276	0.000005	0.000005	44.911327	21.761559	39.660927	413061.906250	91969.554688	1665.896851	94447.968750
2012	08	137.417130	37.801701	145.526825	8.109697	-0.000003	-0.000003	45.911396	-8.238816	49.229916	369062.562500	91968.960938	1667.428345	94448.140625
2012	08	125.230476	39.714264	129.323853	4.093384	-0.000002	-0.000002	43.807648	-0.053720	40.097027	336332.750000	91968.390625	1668.549438	94447.898438
2012	08	114.087906	35.049091	121.714775	7.626874	-0.000003	-0.000003	42.675964	31.157963	34.384186	306407.031250	91967.843750	1669.796387	94447.843750
2012	08	95.164276	23.573629	113.125320	17.961052	-0.000007	-0.000007	41.534683	46.907539	27.469778	255583.640625	91967.328125	1670.597534	94447.375000
2012	08	99.153305	24.501844	116.076454	16.923151	-0.000006	-0.000006	41.424995	30.409822	32.941238	266297.031250	91966.820312	1671.332397	94446.867188
2012	08	105.995064	31.208282	115.964699	9.969639	-0.000004	-0.000004	41.177921	35.940685	26.597540	284672.031250	91966.296875	1672.291138	94446.585938
2012	08	112.053505	33.407818	120.486473	8.432969	-0.000003	-0.000003	41.840790	31.210869	27.199696	300943.218750	91965.773438	1673.336792	94446.382812
2012	08	105.252693	30.742828	116.028000	10.775305	-0.000004	-0.000004	41.518131	23.099300	19.272387	282678.218750	91965.242188	1674.298706	94446.093750
2012	08	97.969688	25.329891	114.044151	16.074469	-0.000006	-0.000006	41.404358	25.923769	23.491016	263118.156250	91964.710938	1675.316650	94445.859375
2012	08	73.090775	5.990923	108.397171	35.306389	-0.000013	-0.000013	41.297310	6.529857	17.317926	196300.640625	91964.218750	1675.613525	94444.921875
2012	08	68.837921	6.057211	103.117744	34.279831	-0.000013	-0.000013	40.337040	9.977650	16.182720	184878.687500	91963.734375	1675.769653	94443.851562
2012	08	76.044769	11.863863	104.300598	28.255825	-0.000011	-0.000011	40.119686	15.668790	18.969604	204234.218750	91963.250000	1676.069214	94442.945312
2012	08	74.345627	12.407291	101.208359	26.862722	-0.000010	-0.000010	39.270016	20.618763	22.916594	199670.828125	91962.757812	1676.481323	94442.164062
2012	09	65.880226	8.993522	94.033546	28.153324	-0.000011	-0.000011	37.146847	22.573559	16.884741	182833.046875	91962.281250	1676.766357	94441.289062
2012	09	63.004272	6.558499	93.663010	30.658739	-0.000012	-0.000012	37.217236	11.911578	14.627080	174851.593750	91961.804688	1677.044922	94440.421875
2012	09	55.649349	1.882758	90.320946	34.671597	-0.000013	-0.000013	36.554356	-1.994823	11.937738	154439.953125	91961.328125	1677.034302	94439.273438
2012	09	60.631092	6.032092	91.188705	30.557608	-0.000012	-0.000012	36.589699	7.382271	11.786654	168265.468750	91960.859375	1677.177856	94438.289062
2012	09	67.281082	7.485856	97.621803	30.340721	-0.000012	-0.000012	37.826576	0.963618	15.482349	186720.734375	91960.382812	1677.419922	94437.390625
2012	09	44.978958	-6.521487	88.960396	43.981434	-0.000017	-0.000017	37.459949	-9.850599	22.267414	124827.117188	91959.906250	1677.360107	94436.164062
2012	09	46.305088	-0.983797	83.141579	36.836498	-0.000014	-0.000014	35.852699	23.289543	10.728241	128507.437500	91959.429688	1677.163452	94434.828125
2012	09	50.030697	0.605671	85.494698	35.464001	-0.000014	-0.000014	36.069672	11.032311	6.330201	138846.875000	91958.960938	1677.148315	94433.718750
2012	09	53.595169	2.826489	87.222977	33.627804	-0.000013	-0.000013	36.454296	11.043317	8.541709	148739.125000	91958.484375	1677.208496	94432.656250
2012	09	46.028568	-3.766932	86.006020	39.977448	-0.000015	-0.000015	36.210518	2.065487	8.560071	127740.039062	91958.007812	1677.227051	94431.546875
2012	09	38.697708	-6.086927	79.374611	40.676899	-0.000016	-0.000016	34.589970	12.377377	9.377821	107395.195312	91957.539062	1677.007446	94430.242188
2012	09	35.468010	-6.702250	75.621101	40.153091	-0.000015	-0.000015	33.450840	7.947077	9.392742	98432.031250	91957.078125	1676.680054	94428.882812
2012	09	28.345673	-11.878922	72.782684	44.437008	-0.000017	-0.000017	32.558086	9.590648	7.848166	78665.867188	91956.617188	1676.370728	94427.562500
2012	09	32.747204	-8.012056	73.644730	40.897533	-0.000016	-0.000016	32.885475	6.763577	3.566765	90881.156250	91956.164062	1675.960693	94426.156250
2012	09	31.390429	-7.925085	71.957603	40.567169	-0.000016	-0.000016	32.642082	6.832702	5.568583	87115.773438	91955.710938	1675.653687	94424.843750
2012	09	28.991964	-8.940421	70.043739	41.051777	-0.000016	-0.000016	32.111355	9.534389	3.751270	80459.484375	91955.257812	1675.313599	94423.515625
2012	09	25.347448	-14.043408	71.833397	46.485950	-0.000018	-0.000018	32.442539	-2.274251	2.707815	70345.093750	91954.812500	1674.921997	94422.148438
2012	09	21.282469	-16.785336	71.144379	49.861912	-0.000019	-0.000019	33.076576	-6.068929	5.454722	59063.824219	91954.359375	1674.372681	94420.601562
2012	09	22.187748	-15.237864	70.733337	48.545593	-0.000019	-0.000019	33.307728	-2.215751	2.217628	61576.187500	91953.906250	1673.778076	94418.992188
2012	09	19.171780	-15.872527	66.818161	47.646381	-0.000018	-0.000018	31.773855	3.271912	7.156647	53206.171875	91953.453125	1673.241455	94417.453125
2012	09	22.635559	-13.299057	67.687416	45.051861	-0.000017	-0.000017	31.752802	2.560894	3.503480	62818.968750	91953.000000	1672.681763	94415.937500
2012	09	17.831419	-16.212246	65.560944	47.729519	-0.000018	-0.000018	31.517275	-3.168895	6.535564	49486.359375	91952.554688	1672.210571	94414.492188
2012	09	13.362185	-19.938171	63.849216	50.487034	-0.000019	-0.000019	30.548859	-4.229979	7.312332	37083.187500	91952.109375	1671.561035	94412.914062
2012	09	0.752246	-30.516916	65.273567	64.521324	-0.000025	-0.000025	34.004406	-16.083172	-3.258175	2087.658691	91951.656250	1670.634155	94411.007812
2012	09	11.276527	-21.270218	67.525635	56.249107	-0.000022	-0.000022	34.978886	-2.177963	1.503972	31294.998047	91951.195312	1669.825439	94409.132812
2012	09	16.767752	-16.097713	66.957787	50.190029	-0.000019	-0.000019	34.092316	-5.841474	-2.039500	46534.433594	91950.718750	1669.177856	94407.421875
2012	09	17.195967	-17.163376	68.196548	51.000576	-0.000020	-0.000020	33.837200	-17.383320	2.021115	47722.828125	91950.250000	1668.595215	94405.804688
2012	09	16.570463	-17.621452	68.874718	52.304256	-0.000020	-0.000020	34.682804	-2.726586	-0.037284	45986.910156	91949.781250	1667.988159	94404.148438
2012	09	14.521709	-18.227388	67.199707	52.677998	-0.000020	-0.000020	34.450607	-5.844790	-1.708757	40301.140625	91949.296875	1667.387939	94402.484375
2012	09	11.300900	-18.727640	62.925816	51.624920	-0.000020	-0.000020	32.897278	-0.952227	-1.236884	31362.642578	91948.820312	1666.746216	94400.804688
2012	10	12.117710	-19.560774	64.997498	52.879791	-0.000020	-0.000020	33.319016	-3.963470	-0.931252	32544.656250	91948.343750	1666.080200	94399.148438
2012	10	9.111440	-20.163088	62.002914	52.891476	-0.000020	-0.000020	32.728386	-3.999608	-0.721573	24470.685547	91947.875000	1665.075562	94397.476562
2012	10	0.000000	-26.864660	58.410324	58.410324	-0.000022	-0.000022	31.545664	-11.355197	-2.275150	0.000000	91947.437500	1662.543579	94395.734375
2012	10	0.005984	-25.349924	57.927139	57.921158	-0.000022	-0.000022	32.571232	-5.265028	-2.702376	16.071402	91947.062500	1658.347290	94393.984375
2012	10	0.304160	-24.069742	57.223679	56.919521	-0.000021	-0.000021	32.849777	-7.280696	-3.579054	816.885132	91946.781250	1652.536865	94392.250000
2012	10	0.660839	-21.721285	54.369507	53.708672	-0.000020	-0.000020	31.987385	-9.804665	-2.893834	1774.821777	91946.570312	1645.081299	94390.546875
2012	10	0.666388	-22.166477	52.726063	52.059673	-0.000019	-0.000019	29.893198	-3.740109	-0.951946	1789.724487	91946.429688	1636.009888	94388.929688
2012	10	0.680708	-20.696363	49.131279	48.450573	-0.000018	-0.000018	27.754208	-3.465239	-1.152459	1828.185425	91946.328125	1625.262451	94387.359375
2012	10	0.636888	-21.040937	48.775826	48.138939	-0.000018	-0.000018	27.098001	-8.258972	-2.762933	1710.496460	91946.273438	1612.857544	94385.835938
2012	10	0.606633	-22.461351	49.875179	49.268543	-0.000018	-0.000018	26.807192	-9.032295	-3.209544	1629.240112	91946.265625	1598.751099	94384.273438
2012	10	0.401388	-22.387512	47.735291	47.333904	-0.000018	-0.000018	24.946392	0.501571	0.088068	1078.011475	91946.304688	1582.981689	94382.726562
2012	10	0.491811	-27.139845	52.049240	51.557430	-0.000019	-0.000019	24.417585	-2.973425	-1.263996	1320.861694	91946.375000	1565.420898	94381.093750
2012	10	0.284875	-31.055996	57.057842	56.772968	-0.000021	-0.000021	25.716974	-4.931692	-2.473456	765.090942	91946.492188	1546.080811	94379.304688
2012	10	0.128257	-32.904797	60.230083	60.101822	-0.000022	-0.000022	27.197029	-14.493624	-6.699864	344.459900	91946.703125	1524.979492	94377.343750
2012	10	0.060094	-32.495918	59.737141	59.677048	-0.000022	-0.000022	27.181128	-16.114508	-6.251079	161.394592	91946.960938	1502.188110	94375.304688
2012	10	0.015891	-35.899986	63.363491	63.347599	-0.000024	-0.000024	27.447615	-9.536789	-4.053433	42.679821	91947.250000	1477.760986	94373.226562
2012	10	0.000000	-35.873707	62.699348	62.699348	-0.000023	-0.000023	26.825645	-13.343380	-4.739578	0.000000	91947.578125	1464.764160	94371.000000
2012	10	0.000000	-27.095259	51.444759	51.444759	-0.000019	-0.000019	24.349499	-10.990844	-2.627214	0.000000	91947.851562	1463.524292	94369.007812
2012	10	0.000000	-25.109491	46.347504	46.347504	-0.000017	-0.000017	21.238008	-12.989348	-2.611051	0.000000	91948.046875	1462.487305	94367.320312
2012	10	0.000000	-24.825161	43.035473	43.035473	-0.000016	-0.000016	18.210310	-13.416333	-2.751499	0.000000	91948.164062	1461.453979	94365.734375
2012	10	0.000000	-25.737442	41.276234	41.276234	-0.000015	-0.000015	15.538795	-14.688883	-3.812008	0.000000	91948.218750	1460.432007	94364.250000
2012	10	0.000000	-23.782276	37.873100	37.873100	-0.000014	-0.000014	14.090823	-5.644187	-1.345982	0.000000	91948.226562	1459.424561	94362.851562
2012	10	0.000000	-19.118191	32.081451	32.081451	-0.000012	-0.000012	12.963262	-1.200686	-0.501831	0.000000	91948.218750	1458.507202	94361.578125
2012	10	0.000000	-17.207645	29.125893	29.125893	-0.000011	-0.000011	11.918246	-4.220790	-0.499174	0.000000	91948.195312	1457.740479	94360.492188
2012	10	0.000000	-19.081568	30.267401	30.267401	-0.000011	-0.000011	11.185833	-4.833714	-0.898963	0.000000	91948.156250	1456.967651	94359.421875
2012	10	0.000000	-22.592556	33.246464	33.246464	-0.000012	-0.000012	10.653905	-8.468699	-2.493823	0.000000	91948.125000	1456.122070	94358.304688
2012	10	0.000000	-33.473038	43.732456	43.732456	-0.000016	-0.000016	10.259419	-16.461660	-8.324642	0.000000	91948.085938	1454.992676	94356.921875
2012	10	0.000000	-26.528860	36.601864	36.601864	-0.000014	-0.000014	10.073003	-9.009965	-3.649197	0.000000	91948.062500	1453.818359	94355.500000
2012	10	0.000000	-18.740625	28.599316	28.599316	-0.000011	-0.000011	9.858691	-9.267234	-2.026872	0.000000	91948.031250	1452.916382	94354.359375
2012	10	0.000000	-23.545506	33.127953	33.127953	-0.000012	-0.000012	9.582447	-14.209558	-4.812828	0.000000	91948.007812	1452.072266	94353.281250
2012	10	0.000000	-26.414783	35.801979	35.801979	-0.000013	-0.000013	9.387196	-11.147401	-5.010141	0.000000	91947.976562	1451.080811	94352.062500
2012	11	0.000000	-19.781338	28.721468	28.721468	-0.000011	-0.000011	8.940129	-9.389020	-2.786015	0.000000	91947.945312	1450.138550	94350.898438
2012	11	0.000000	-20.614674	29.358259	29.358259	-0.000011	-0.000011	8.743584	-15.965760	-5.327411	0.000000	91947.914062	1449.334229	94349.875000
2012	11	0.000000	-18.980387	27.535847	27.535847	-0.000011	-0.000011	8.555461	-11.637503	-3.507946	0.000000	91947.875000	1448.489380	94348.820312
2012	11	0.000000	-17.008020	25.369732	25.369732	-0.000010	-0.000010	8.361713	-6.887599	-1.870340	0.000000	91947.843750	1447.741699	94347.875000
2012	11	0.000000	-16.734638	24.917170	24.917170	-0.000010	-0.000010	8.182530	-2.680523	-0.847464	0.000000	91947.812500	1447.002808	94346.937500
2012	11	0.000000	-14.545215	22.590317	22.590317	-0.000009	-0.000009	8.045103	-8.441242	-3.946656	0.000000	91947.781250	1446.298340	94346.046875
2012	11	0.000000	-10.063612	18.011124	18.011124	-0.000007	-0.000007	7.947511	-7.143986	-0.981746	0.000000	91947.742188	1445.763062	94345.320312
2012	11	0.000000	-10.167145	18.006800	18.006800	-0.000007	-0.000007	7.839654	-8.158114	-1.210142	0.000000	91947.710938	1445.276611	94344.648438
2012	11	0.000000	-15.512906	23.237944	23.237944	-0.000009	-0.000009	7.725037	-15.758712	-5.920325	0.000000	91947.679688	1444.680664	94343.875000
2012	11	0.000000	-12.672581	20.331209	20.331209	-0.000008	-0.000008	7.658628	-10.476518	-2.338199	0.000000	91947.648438	1444.081543	94343.101562
2012	11	0.000000	-12.934169	20.531301	20.531301	-0.000008	-0.000008	7.597134	-12.736670	-2.651051	0.000000	91947.609375	1443.502441	94342.343750
2012	11	0.000000	-12.997517	20.529753	20.529753	-0.000008	-0.000008	7.532237	-10.336211	-2.211666	0.000000	91947.578125	1442.925171	94341.593750
2012	11	0.000000	-11.200844	18.661890	18.661890	-0.000007	-0.000007	7.461044	-5.566173	-1.088095	0.000000	91947.546875	1442.365112	94340.859375
2012	11	0.000000	-10.044106	17.419704	17.419704	-0.000007	-0.000007	7.375599	-5.704781	-1.008942	0.000000	91947.507812	1441.894531	94340.226562
2012	11	0.000000	-10.573402	17.848333	17.848333	-0.000007	-0.000007	7.274930	-10.184726	-1.583484	0.000000	91947.476562	1441.400757	94339.562500
2012	11	0.000000	-9.620345	16.786711	16.786711	-0.000006	-0.000006	7.166366	-10.597580	-1.913006	0.000000	91947.437500	1440.935181	94338.937500
2012	11	0.000000	-8.858339	15.894604	15.894604	-0.000006	-0.000006	7.036264	-1.018536	-1.503021	0.000000	91947.406250	1440.476929	94338.320312
2012	11	0.000000	-6.938551	13.822365	13.822365	-0.000005	-0.000005	6.883813	0.068070	-0.405862	0.000000	91947.367188	1440.097900	94337.789062
2012	11	0.000000	-6.998808	13.702507	13.702507	-0.000005	-0.000005	6.703700	-2.401189	-0.364817	0.000000	91947.335938	1439.731689	94337.273438
2012	11	0.000000	-8.009288	14.530092	14.530092	-0.000006	-0.000006	6.520805	-1.166628	-1.324025	0.000000	91947.304688	1439.339233	94336.742188
2012	11	0.000000	-11.597765	17.958073	17.958073	-0.000007	-0.000007	6.360307	-2.824670	-0.826876	0.000000	91947.273438	1438.907471	94336.171875
2012	11	0.000000	-11.906417	18.183578	18.183578	-0.000007	-0.000007	6.277163	-3.306623	-1.019532	0.000000	91947.250000	1438.372681	94335.507812
2012	11	0.000000	-8.829227	15.064449	15.064449	-0.000006	-0.000006	6.235222	-4.669172	-0.905574	0.000000	91947.218750	1437.913818	94334.921875
2012	11	0.000000	-10.698486	16.878916	16.878916	-0.000007	-0.000007	6.180429	-2.056596	-0.655439	0.000000	91947.195312	1437.459961	94334.335938
2012	11	0.000000	-10.107321	16.237198	16.237198	-0.000006	-0.000006	6.129876	-5.144155	-1.850556	0.000000	91947.171875	1437.007080	94333.757812
2012	11	0.000000	-10.781939	16.860409	16.860409	-0.000007	-0.000007	6.078470	-12.087331	-2.789897	0.000000	91947.148438	1436.533936	94333.164062
2012	11	0.000000	-13.886052	19.914913	19.914913	-0.000008	-0.000008	6.028862	-8.963442	-3.202807	0.000000	91947.117188	1435.981201	94332.484375
2012	11	0.000000	-9.962205	15.949511	15.949511	-0.000006	-0.000006	5.987306	-7.643113	-1.441711	0.000000	91947.093750	1435.471191	94331.851562
2012	11	0.000000	-11.806178	17.754677	17.754677	-0.000007	-0.000007	5.948501	-15.827503	-4.131506	0.000000	91947.070312	1435.030029	94331.289062
2012	11	0.000000	-13.054188	18.962364	18.962364	-0.000007	-0.000007	5.908177	-6.779446	-4.190615	0.000000	91947.046875	1434.455566	94330.601562
2012	12	0.000000	-7.869451	13.945898	13.945898	-0.000005	-0.000005	6.076447	-9.817652	-1.490433	0.000000	91947.015625	1434.026733	94330.054688
2012	12	0.000000	-8.029826	14.073553	14.073553	-0.000005	-0.000005	6.043728	-9.439283	-1.139315	0.000000	91946.992188	1433.645508	94329.554688
2012	12	0.000000	-5.806945	11.811133	11.811133	-0.000004	-0.000004	6.004188	-12.172653	-0.859017	0.000000	91946.960938	1433.311279	94329.101562
2012	12	0.000000	-7.200977	13.156006	13.156006	-0.000005	-0.000005	5.955029	-6.622863	-1.020469	0.000000	91946.937500	1433.011597	94328.687500
2012	12	0.000000	-9.734243	15.630887	15.630887	-0.000006	-0.000006	5.896644	-13.693439	-2.830268	0.000000	91946.906250	1432.612183	94328.179688
2012	12	0.000000	-8.978386	14.820552	14.820552	-0.000006	-0.000006	5.842167	-11.245065	-2.186104	0.000000	91946.875000	1432.200317	94327.656250
2012	12	0.000000	-5.371069	11.165074	11.165074	-0.000004	-0.000004	5.794006	-9.115833	-0.831281	0.000000	91946.851562	1431.856567	94327.203125
2012	12	0.000000	-7.416390	13.160727	13.160727	-0.000005	-0.000005	5.744337	-11.564110	-1.445554	0.000000	91946.820312	1431.562866	94326.804688
2012	12	0.000000	-6.124105	11.811504	11.811504	-0.000004	-0.000004	5.687400	-7.370335	-0.594265	0.000000	91946.789062	1431.227173	94326.359375
2012	12	0.000000	-6.953482	12.577826	12.577826	-0.000005	-0.000005	5.624344	-20.165005	-1.994110	0.000000	91946.757812	1430.919922	94325.945312
2012	12	0.000000	-7.961161	13.515218	13.515218	-0.000005	-0.000005	5.554058	-19.091597	-2.641104	0.000000	91946.734375	1430.567505	94325.492188
2012	12	0.000000	-6.861988	12.345366	12.345366	-0.000005	-0.000005	5.483377	-13.908831	-1.779741	0.000000	91946.703125	1430.222534	94325.046875
2012	12	0.000000	-4.235437	9.652789	9.652789	-0.000004	-0.000004	5.417352	-4.343711	-0.449912	0.000000	91946.671875	1429.945312	94324.671875
2012	12	0.000000	-5.627797	10.976862	10.976862	-0.000004	-0.000004	5.349066	-15.180810	-1.986776	0.000000	91946.648438	1429.698364	94324.335938
2012	12	0.000000	-7.657588	12.931160	12.931160	-0.000005	-0.000005	5.273572	-17.163809	-2.797247	0.000000	91946.617188	1429.362549	94323.906250
2012	12	0.000000	-5.074778	10.281116	10.281116	-0.000004	-0.000004	5.206337	-7.576908	-0.591983	0.000000	91946.593750	1429.073853	94323.523438
2012	12	0.000000	-6.186845	11.332119	11.332119	-0.000004	-0.000004	5.145274	-15.213515	-1.744623	0.000000	91946.562500	1428.791260	94323.156250
2012	12	0.000000	-8.533819	13.610573	13.610573	-0.000005	-0.000005	5.076753	-23.622946	-5.813445	0.000000	91946.539062	1428.460938	94322.734375
2012	12	0.000000	-9.154979	14.179813	14.179813	-0.000005	-0.000005	5.024835	-26.602312	-6.353178	0.000000	91946.507812	1428.060669	94322.250000
2012	12	0.000000	-4.587422	9.580033	9.580033	-0.000004	-0.000004	4.992611	-8.110522	-0.701348	0.000000	91946.484375	1427.741211	94321.851562
2012	12	0.000000	-3.164629	8.126052	8.126052	-0.000003	-0.000003	4.961422	-3.281178	-0.240442	0.000000	91946.460938	1427.534180	94321.562500
2012	12	0.000000	-5.959780	10.871356	10.871356	-0.000004	-0.000004	4.911576	-14.033677	-2.281173	0.000000	91946.429688	1427.296021	94321.242188
2012	12	0.000000	-6.571337	11.409305	11.409305	-0.000004	-0.000004	4.837967	-12.860900	-3.431442	0.000000	91946.406250	1426.984985	94320.851562
2012	12	0.000000	-5.102492	9.880127	9.880127	-0.000004	-0.000004	4.777635	-13.714544	-1.937275	0.000000	91946.382812	1426.699341	94320.484375
2012	12	0.000000	-3.454830	8.178729	8.178729	-0.000003	-0.000003	4.723899	-5.222064	-0.274590	0.000000	91946.351562	1426.476562	94320.187500
2012	12	0.000000	-7.262359	11.924698	11.924698	-0.000004	-0.000004	4.662339	-6.078562	-0.973371	0.000000	91946.328125	1426.210327	94319.851562
2012	12	0.000000	-7.410723	12.004708	12.004708	-0.000004	-0.000004	4.593985	-13.276031	-1.824135	0.000000	91946.304688	1425.870117	94319.437500
2012	12	0.000000	-5.719834	10.250913	10.250913	-0.000004	-0.000004	4.531079	-10.683002	-0.914591	0.000000	91946.281250	1425.574463	94319.078125
2012	12	0.000000	-6.241610	10.709483	10.709483	-0.000004	-0.000004	4.467873	-8.363276	-0.975480	0.000000	91946.257812	1425.288818	94318.718750
2012	12	0.000000	-5.098409	9.497729	9.497729	-0.000004	-0.000004	4.399320	-12.153062	-0.865327	0.000000	91946.234375	1425.012451	94318.382812
2012	12	0.000000	-5.914437	10.236454	10.236454	-0.000004	-0.000004	4.322017	-9.332570	-0.985480	0.000000	91946.210938	1424.744995	94318.046875
2013	01	0.000000	-4.259225	8.494783	8.494783	-0.000003	-0.000003	4.235558	-4.859699	-0.319903	0.000000	91946.187500	1424.488525	94317.734375
2013	01	0.000000	-3.564489	7.708315	7.708315	-0.000003	-0.000003	4.143826	-6.265962	-0.255504	0.000000	91946.164062	1424.277710	94317.468750
2013	01	0.000000	-4.196781	8.237214	8.237214	-0.000003	-0.000003	4.040433	-7.466281	-0.387801	0.000000	91946.140625	1424.060059	94317.195312
2013	01	0.000000	-4.138840	8.068402	8.068402	-0.000003	-0.000003	3.929562	-4.434118	-0.238997	0.000000	91946.117188	1423.836670	94316.921875
2013	01	0.000000	-4.631028	8.451101	8.451101	-0.000003	-0.000003	3.820073	-4.679818	-0.346992	0.000000	91946.101562	1423.607178	94316.640625
2013	01	0.000000	-5.452573	9.170785	9.170785	-0.000003	-0.000003	3.718212	-9.797712	-0.920952	0.000000	91946.078125	1423.351929	94316.343750
2013	01	0.000000	-4.534166	8.166206	8.166206	-0.000003	-0.000003	3.632040	-8.923922	-0.577085	0.000000	91946.062500	1423.101562	94316.054688
2013	01	0.000000	-4.245182	7.805517	7.805517	-0.000003	-0.000003	3.560335	-2.631251	-0.177272	0.000000	91946.046875	1422.874878	94315.789062
2013	01	0.000000	-5.145071	8.638843	8.638843	-0.000003	-0.000003	3.493773	-10.130691	-0.816787	0.000000	91946.031250	1422.633423	94315.515625
2013	01	0.000000	-5.827786	9.256396	9.256396	-0.000003	-0.000003	3.428610	-12.188650	-1.298070	0.000000	91946.015625	1422.375122	94315.218750
2013	01	0.000000	-4.139243	7.505933	7.505933	-0.000003	-0.000003	3.366689	-10.772786	-0.736618	0.000000	91946.000000	1422.116089	94314.929688
2013	01	0.000000	-3.532660	6.843386	6.843386	-0.000003	-0.000003	3.310726	-4.842722	-0.230478	0.000000	91945.984375	1421.914795	94314.695312
2013	01	0.000000	-4.206197	7.448393	7.448393	-0.000003	-0.000003	3.242196	-4.050802	-0.270441	0.000000	91945.968750	1421.698853	94314.453125
2013	01	0.000000	-3.607813	6.773604	6.773604	-0.000003	-0.000003	3.165792	-7.830212	-0.379932	0.000000	91945.953125	1421.492920	94314.226562
2013	01	0.000000	-4.876368	7.957915	7.957915	-0.000003	-0.000003	3.081547	-14.978613	-1.229031	0.000000	91945.937500	1421.270630	94313.976562
2013	01	0.000000	-5.754616	8.753285	8.753285	-0.000003	-0.000003	2.998670	-14.121736	-1.538848	0.000000	91945.921875	1421.009277	94313.695312
2013	01	0.000000	-4.391996	7.328257	7.328257	-0.000003	-0.000003	2.936261	-15.257168	-0.906943	0.000000	91945.906250	1420.756836	94313.429688
2013	01	0.000000	-3.726789	6.607277	6.607277	-0.000002	-0.000002	2.880488	-14.174574	-0.591589	0.000000	91945.898438	1420.545532	94313.203125
2013	01	0.000000	-3.554326	6.368622	6.368622	-0.000002	-0.000002	2.814296	-7.817892	-0.364431	0.000000	91945.882812	1420.343750	94312.984375
2013	01	0.000000	-5.581123	8.314163	8.314163	-0.000003	-0.000003	2.733040	-13.631267	-1.341579	0.000000	91945.867188	1420.115112	94312.742188
2013	01	0.000000	-5.077232	7.726064	7.726064	-0.000003	-0.000003	2.648832	-5.288142	-0.496539	0.000000	91945.851562	1419.851318	94312.468750
2013	01	0.000000	-5.348647	7.922100	7.922100	-0.000003	-0.000003	2.573453	-26.058617	-2.442183	0.000000	91945.843750	1419.604614	94312.218750
2013	01	0.000000	-5.647775	8.146831	8.146831	-0.000003	-0.000003	2.499056	-14.075696	-1.771888	0.000000	91945.828125	1419.332886	94311.945312
2013	01	0.000000	-4.881683	7.310930	7.310930	-0.000003	-0.000003	2.429246	-4.771294	-0.468011	0.000000	91945.812500	1419.095215	94311.703125
2013	01	0.000000	-4.985331	7.349984	7.349984	-0.000003	-0.000003	2.364653	-8.565802	-0.716767	0.000000	91945.804688	1418.839844	94311.445312
2013	01	0.000000	-3.740757	6.053176	6.053176	-0.000002	-0.000002	2.312420	-13.441590	-0.633231	0.000000	91945.789062	1418.617310	94311.226562
2013	01	0.000000	-3.007736	5.267765	5.267765	-0.000002	-0.000002	2.260028	-5.331306	-0.198686	0.000000	91945.781250	1418.429565	94311.046875
2013	01	0.000000	-3.540033	5.734138	5.734138	-0.000002	-0.000002	2.194104	-15.752129	-0.625664	0.000000	91945.765625	1418.240601	94310.859375
2013	01	0.000000	-4.889609	7.005271	7.005271	-0.000003	-0.000003	2.115662	-10.587270	-0.953806	0.000000	91945.757812	1418.025024	94310.656250
2013	01	0.000000	-3.802538	5.839543	5.839543	-0.000002	-0.000002	2.037005	-5.302703	-0.333732	0.000000	91945.742188	1417.795044	94310.437500
2013	01	0.000000	-3.243021	5.205983	5.205983	-0.000002	-0.000002	1.962962	-1.961419	-0.106109	0.000000	91945.734375	1417.602783	94310.257812
2013	02	0.000000	-2.717191	4.416959	4.416959	-0.000002	-0.000002	1.699769	-3.895104	-0.148069	0.000000	91945.726562	1417.419922	94310.085938
2013	02	0.000000	-3.281465	4.898391	4.898391	-0.000002	-0.000002	1.616927	-11.398474	-0.561640	0.000000	91945.710938	1417.233887	94309.921875
2013	02	0.000000	-3.150609	4.679744	4.679744	-0.000002	-0.000002	1.529135	-11.257593	-0.512181	0.000000	91945.703125	1417.028442	94309.734375
2013	02	0.000000	-2.467799	3.910648	3.910648	-0.000002	-0.000002	1.442849	-4.733821	-0.143306	0.000000	91945.695312	1416.853271	94309.585938
2013	02	0.000000	-2.542333	3.890852	3.890852	-0.000002	-0.000002	1.348519	-3.503342	-0.107803	0.000000	91945.679688	1416.679199	94309.437500
2013	02	0.000000	-3.133221	4.382995	4.382995	-0.000002	-0.000002	1.249775	-6.812122	-0.333178	0.000000	91945.671875	1416.498413	94309.289062
2013	02	0.000000	-2.671317	3.826382	3.826382	-0.000002	-0.000002	1.155065	-2.825469	-0.107997	0.000000	91945.664062	1416.310425	94309.140625
2013	02	0.000000	-2.286611	3.352951	3.352951	-0.000001	-0.000001	1.066340	-2.057805	-0.067135	0.000000	91945.656250	1416.141602	94309.007812
2013	02	0.000000	-2.405964	3.380476	3.380476	-0.000001	-0.000001	0.974513	-4.979504	-0.160775	0.000000	91945.648438	1415.978271	94308.882812
2013	02	0.000000	-2.993396	3.874192	3.874192	-0.000002	-0.000002	0.880795	-12.550803	-0.519583	0.000000	91945.640625	1415.799316	94308.750000
2013	02	0.000000	-2.660398	3.454965	3.454965	-0.000001	-0.000001	0.794567	-3.840415	-0.154532	0.000000	91945.625000	1415.615845	94308.617188
2013	02	0.000000	-2.802078	3.518361	3.518361	-0.000001	-0.000001	0.716282	-5.289604	-0.213678	0.000000	91945.617188	1415.439819	94308.492188
2013	02	0.000000	-2.794844	3.436927	3.436927	-0.000001	-0.000001	0.642083	-6.524346	-0.270547	0.000000	91945.617188	1415.257202	94308.359375
2013	02	0.000000	-2.390810	2.963229	2.963229	-0.000001	-0.000001	0.572418	-3.619341	-0.118064	0.000000	91945.609375	1415.085327	94308.242188
2013	02	0.000000	-2.459255	2.960384	2.960384	-0.000001	-0.000001	0.501128	-2.310755	-0.089940	0.000000	91945.601562	1414.918457	94308.132812
2013	02	0.000000	-2.507617	2.935971	2.935971	-0.000001	-0.000001	0.428354	-7.607354	-0.220356	0.000000	91945.593750	1414.748169	94308.023438
2013	02	0.000000	-2.285261	2.643067	2.643067	-0.000001	-0.000001	0.357806	-7.217356	-0.189528	0.000000	91945.585938	1414.583496	94307.921875
2013	02	0.000000	-2.445242	2.733082	2.733082	-0.000001	-0.000001	0.287840	-5.239936	-0.204674	0.000000	91945.578125	1414.416748	94307.820312
2013	02	0.000000	-2.042675	2.281893	2.281893	-0.000001	-0.000001	0.239218	-1.626354	-0.122554	0.000000	91945.578125	1414.259766	94307.734375
2013	02	0.000000	-2.263594	2.460934	2.460934	-0.000001	-0.000001	0.197340	-3.770168	-0.135377	0.000000	91945.570312	1414.098511	94307.640625
2013	02	0.000000	-2.044491	2.200887	2.200887	-0.000001	-0.000001	0.156395	-1.956875	-0.132444	0.000000	91945.570312	1413.943848	94307.562500
2013	02	0.000000	-2.280644	2.401115	2.401115	-0.000001	-0.000001	0.120471	-7.965608	-0.214964	0.000000	91945.562500	1413.784302	94307.476562
2013	02	0.000000	-2.000053	2.099112	2.099112	-0.000001	-0.000001	0.099059	-3.118359	-0.114502	0.000000	91945.562500	1413.633423	94307.398438
2013	02	0.000000	-2.728537	2.807849	2.807849	-0.000001	-0.000001	0.079312	-10.092989	-0.376532	0.000000	91945.562500	1413.464111	94307.304688
2013	02	0.000000	-2.111258	2.171913	2.171913	-0.000001	-0.000001	0.060655	-2.578003	-0.094714	0.000000	91945.554688	1413.298462	94307.210938
2013	02	0.000000	-1.901068	1.945404	1.945404	-0.000001	-0.000001	0.044336	-0.545814	-0.110725	0.000000	91945.554688	1413.148560	94307.132812
2013	02	0.000000	-2.815624	2.851134	2.851134	-0.000001	-0.000001	0.035509	-11.956682	-0.494212	0.000000	91945.554688	1412.987549	94307.054688
2013	02	0.000000	-3.389280	3.417808	3.417808	-0.000001	-0.000001	0.028528	-15.841796	-1.042490	0.000000	91945.554688	1412.794800	94306.937500
2013	03	0.000000	-3.701751	3.726130	3.726130	-0.000001	-0.000001	0.024378	-21.216425	-2.222424	0.000000	91945.554688	1412.588501	94306.804688
2013	03	0.000000	-3.119318	3.137521	3.137521	-0.000001	-0.000001	0.018203	-8.845404	-0.494092	0.000000	91945.554688	1412.405884	94306.695312
2013	03	0.000000	-2.643195	2.656231	2.656231	-0.000001	-0.000001	0.013036	2.264680	-0.340433	0.000000	91945.554688	1412.235107	94306.601562
2013	03	0.000000	-3.310594	3.319009	3.319009	-0.000001	-0.000001	0.008415	-1.584331	-0.465236	0.000000	91945.554688	1412.055664	94306.500000
2013	03	0.000000	-3.533033	3.537376	3.537376	-0.000001	-0.000001	0.004343	-7.007438	-0.471231	0.000000	91945.554688	1411.866455	94306.390625
2013	03	0.000000	-3.422239	3.425448	3.425448	-0.000001	-0.000001	0.003209	-1.558331	-0.462222	0.000000	91945.546875	1411.682373	94306.281250
2013	03	0.000000	-3.990022	3.992776	3.992776	-0.000001	-0.000001	0.002754	-2.580282	-0.801694	0.000000	91945.546875	1411.478027	94306.156250
2013	03	0.000000	-3.652656	3.654995	3.654995	-0.000001	-0.000001	0.002339	-1.941479	-0.700360	0.000000	91945.546875	1411.276611	94306.031250
2013	03	0.000000	-3.952491	3.954700	3.954700	-0.000001	-0.000001	0.002209	-2.920219	-0.829272	0.000000	91945.546875	1411.076660	94305.906250
2013	03	0.000000	-3.867882	3.870073	3.870073	-0.000001	-0.000001	0.002191	-6.999670	-1.234197	0.000000	91945.546875	1410.870361	94305.781250
2013	03	0.000000	-3.170788	3.172962	3.172962	-0.000001	-0.000001	0.002174	-5.969087	-0.882799	0.000000	91945.546875	1410.674316	94305.664062
2013	03	0.000000	-4.080289	4.082454	4.082454	-0.000002	-0.000002	0.002166	-8.994526	-1.536469	0.000000	91945.546875	1410.495239	94305.562500
2013	03	0.000000	-6.184184	6.186328	6.186328	-0.000002	-0.000002	0.002144	-16.655165	-3.412660	0.000000	91945.546875	1410.233521	94305.375000
2013	03	0.000000	-4.553223	4.554996	4.554996	-0.000002	-0.000002	0.001774	-11.693791	-1.449834	0.000000	91945.546875	1409.981689	94305.203125
2013	03	0.000000	-3.359889	3.360560	3.360560	-0.000001	-0.000001	0.000671	-5.682126	-0.538443	0.000000	91945.546875	1409.783691	94305.078125
2013	03	0.000000	-4.972884	4.972900	4.972900	-0.000002	-0.000002	0.000016	-15.145098	-3.960821	0.000000	91945.546875	1409.583252	94304.953125
2013	03	0.000000	-5.674473	5.674473	5.674473	-0.000002	-0.000002	0.000000	-27.978788	-5.642205	0.000000	91945.546875	1409.309326	94304.757812
2013	03	0.000000	-4.873610	4.873610	4.873610	-0.000002	-0.000002	0.000000	-5.272707	-0.810785	0.000000	91945.546875	1409.069092	94304.593750
2013	03	0.000000	-4.586123	4.586123	4.586123	-0.000002	-0.000002	0.000000	-13.957579	-1.176114	0.000000	91945.546875	1408.835205	94304.437500
2013	03	0.000000	-4.680871	4.680871	4.680871	-0.000002	-0.000002	0.000000	-6.560916	-0.953714	0.000000	91945.546875	1408.618408	94304.304688
2013	03	0.000000	-3.860283	3.860283	3.860283	-0.000001	-0.000001	0.000000	-9.397948	-1.425156	0.000000	91945.546875	1408.397583	94304.156250
2013	03	0.000000	-4.757702	4.757702	4.757702	-0.000002	-0.000002	0.000000	-15.170641	-1.761548	0.000000	91945.546875	1408.181763	94304.015625
2013	03	0.000000	-4.980096	4.980096	4.980096	-0.000002	-0.000002	0.000000	-8.934900	-1.765231	0.000000	91945.546875	1407.939209	94303.851562
2013	03	0.000000	-4.493608	4.493608	4.493608	-0.000002	-0.000002	0.000000	-15.475705	-2.083800	0.000000	91945.546875	1407.716187	94303.710938
2013	03	0.000000	-5.556218	5.556218	5.556218	-0.000002	-0.000002	0.000000	-26.874163	-4.265292	0.000000	91945.546875	1407.472778	94303.539062
2013	03	0.000000	-5.389205	5.389205	5.389205	-0.000002	-0.000002	0.000000	-20.669397	-3.388954	0.000000	91945.546875	1407.218140	94303.367188
2013	03	0.000000	-4.809947	4.809947	4.809947	-0.000002	-0.000002	0.000000	-17.878178	-2.851491	0.000000	91945.546875	1406.974854	94303.195312
2013	03	0.000000	-4.186248	4.186248	4.186248	-0.000002	-0.000002	0.000000	-5.135957	-1.306926	0.000000	91945.546875	1406.752563	94303.054688
2013	03	0.000000	-3.275120	3.275120	3.275120	-0.000001	-0.000001	0.000000	2.833910	-0.613583	0.000000	91945.546875	1406.559814	94302.937500
2013	03	0.000000	-4.661314	4.661314	4.661314	-0.000002	-0.000002	0.000000	-10.330367	-1.774407	0.000000	91945.546875	1406.352783	94302.804688
2013	03	0.000000	-4.983733	4.983733	4.983733	-0.000002	-0.000002	0.000000	-11.103311	-2.521751	0.000000	91945.546875	1406.117310	94302.648438
2013	04	0.000000	-5.612259	5.612259	5.612259	-0.000002	-0.000002	0.000000	-18.424593	-5.326487	0.000000	91945.546875	1405.875244	94302.484375
2013	04	0.000000	-6.091124	6.091124	6.091124	-0.000002	-0.000002	0.000000	-7.121187	-2.844997	0.000000	91945.546875	1405.590942	94302.273438
2013	04	0.000000	-5.069281	5.069281	5.069281	-0.000002	-0.000002	0.000000	-7.168466	-1.811695	0.000000	91945.546875	1405.329102	94302.093750
2013	04	0.000000	-5.404317	5.404317	5.404317	-0.000002	-0.000002	0.000000	-8.064275	-1.823794	0.000000	91945.546875	1405.078369	94301.914062
2013	04	0.000000	-5.050959	5.050959	5.050959	-0.000002	-0.000002	0.000000	-11.044564	-2.472334	0.000000	91945.546875	1404.825317	94301.742188
2013	04	0.000000	-5.708934	5.708934	5.708934	-0.000002	-0.000002	0.000000	-14.897334	-3.054999	0.000000	91945.546875	1404.570923	94301.562500
2013	04	0.000000	-6.289335	6.289335	6.289335	-0.000002	-0.000002	0.000000	-15.590739	-4.170748	0.000000	91945.546875	1404.290283	94301.359375
2013	04	0.000000	-5.601032	5.601032	5.601032	-0.000002	-0.000002	0.000000	-7.288259	-2.430992	0.000000	91945.546875	1404.015137	94301.164062
2013	04	0.000000	-4.931446	4.931446	4.931446	-0.000002	-0.000002	0.000000	2.916809	-0.935215	0.000000	91945.546875	1403.763916	94300.984375
2013	04	0.000000	-6.430450	6.430450	6.430450	-0.000002	-0.000002	0.000000	-12.421630	-3.960926	0.000000	91945.546875	1403.505615	94300.804688
2013	04	0.000000	-6.324195	6.324195	6.324195	-0.000002	-0.000002	0.000000	-2.915038	-2.197634	0.000000	91945.546875	1403.211792	94300.585938
2013	04	0.000000	-5.650931	5.650931	5.650931	-0.000002	-0.000002	0.000000	-6.980728	-3.176812	0.000000	91945.546875	1402.928589	94300.382812
2013	04	0.000000	-8.742844	8.742844	8.742844	-0.000003	-0.000003	0.000000	-15.345075	-7.124908	0.000000	91945.546875	1402.626587	94300.156250
2013	04	0.000000	-9.254444	9.254444	9.254444	-0.000004	-0.000004	0.000000	-9.933109	-4.616256	0.000000	91945.546875	1402.237183	94299.843750
2013	04	0.000000	-7.061582	7.061582	7.061582	-0.000003	-0.000003	0.000000	-8.239567	-3.061929	0.000000	91945.546875	1401.886353	94299.570312
2013	04	0.000000	-8.622824	8.622824	8.622824	-0.000003	-0.000003	0.000000	-12.317275	-5.188060	0.000000	91945.546875	1401.556885	94299.320312
2013	04	0.000000	-7.586385	7.586385	7.586385	-0.000003	-0.000003	0.000000	-7.020248	-4.100386	0.000000	91945.546875	1401.203979	94299.039062
2013	04	0.000000	-10.829381	10.829381	10.829381	-0.000004	-0.000004	0.000000	-16.036596	-8.828906	0.000000	91945.546875	1400.824219	94298.742188
2013	04	0.000000	-9.080455	9.080455	9.080455	-0.000004	-0.000004	0.000000	-6.736980	-3.868465	0.000000	91945.546875	1400.407227	94298.398438
2013	04	0.000000	-9.187798	9.187798	9.187798	-0.000004	-0.000004	0.000000	-13.735067	-5.665593	0.000000	91945.546875	1400.023438	94298.093750
2013	04	0.000000	-6.866058	6.866058	6.866058	-0.000003	-0.000003	0.000000	-11.357737	-3.122882	0.000000	91945.546875	1399.689819	94297.835938
2013	04	0.000000	-9.343122	9.343122	9.343122	-0.000004	-0.000004	0.000000	-13.240552	-6.533774	0.000000	91945.546875	1399.349976	94297.570312
2013	04	0.000000	-9.971126	9.971126	9.971126	-0.000004	-0.000004	0.000000	-18.859995	-9.600101	0.000000	91945.546875	1398.946167	94297.242188
2013	04	0.000000	-9.322211	9.322211	9.322211	-0.000004	-0.000004	0.000000	-17.056471	-8.166120	0.000000	91945.546875	1398.550659	94296.929688
2013	04	0.000000	-7.235839	7.235839	7.235839	-0.000003	-0.000003	0.000000	-12.777716	-4.049697	0.000000	91945.546875	1398.188354	94296.640625
2013	04	0.000000	-6.942626	6.942626	6.942626	-0.000003	-0.000003	0.000000	-6.178013	-3.075399	0.000000	91945.546875	1397.891235	94296.421875
2013	04	0.000000	-5.698155	5.698155	5.698155	-0.000002	-0.000002	0.000000	0.453724	-1.017884	0.000000	91945.546875	1397.596680	94296.203125
2013	04	0.000000	-7.178907	7.178907	7.178907	-0.000003	-0.000003	0.000000	-12.918500	-4.919693	0.000000	91945.546875	1397.309448	94295.992188
2013	04	0.000000	-7.692396	7.692396	7.692396	-0.000003	-0.000003	0.000000	-5.636234	-3.680567	0.000000	91945.546875	1396.983643	94295.742188
2013	04	0.000000	-9.685756	9.685756	9.685756	-0.000004	-0.000004	0.000000	-12.615540	-6.145123	0.000000	91945.546875	1396.612793	94295.445312
2013	05	0.000000	-8.166934	8.166934	8.166934	-0.000003	-0.000003	0.000000	-11.916332	-4.058498	0.000000	91945.546875	1396.244385	94295.156250
2013	05	0.000000	-8.644502	8.644502	8.644502	-0.000003	-0.000003	0.000000	-11.666286	-5.949353	0.000000	91945.546875	1395.903076	94294.890625
2013	05	0.000000	-7.762516	7.762516	7.762516	-0.000003	-0.000003	0.000000	-8.393659	-4.685731	0.000000	91945.546875	1395.560791	94294.625000
2013	05	0.000000	-11.665413	11.665413	11.665413	-0.000004	-0.000004	0.000000	-9.812975	-5.363362	0.000000	91945.546875	1395.174683	94294.312500
2013	05	0.000000	-8.602770	8.602770	8.602770	-0.000003	-0.000003	0.000000	-3.102628	-3.226686	0.000000	91945.546875	1394.765625	94293.984375
2013	05	0.000000	-10.193177	10.193177	10.193177	-0.000004	-0.000004	0.000000	-8.649654	-4.149011	0.000000	91945.546875	1394.391968	94293.687500
2013	05	0.000000	-8.479897	8.479897	8.479897	-0.000003	-0.000003	0.000000	-7.405994	-3.834808	0.000000	91945.546875	1394.008179	94293.375000
2013	05	0.000000	-8.168360	8.168360	8.168360	-0.000003	-0.000003	0.000000	-9.085131	-3.181689	0.000000	91945.546875	1393.662720	94293.109375
2013	05	0.000000	-8.806847	8.806847	8.806847	-0.000003	-0.000003	0.000000	-7.947140	-3.089350	0.000000	91945.546875	1393.319092	94292.843750
2013	05	0.000000	-8.248582	8.248582	8.248582	-0.000003	-0.000003	0.000000	-2.104353	-1.162544	0.000000	91945.546875	1392.965820	94292.562500
2013	05	0.000000	-9.202836	9.202836	9.202836	-0.000003	-0.000003	0.000000	-5.328979	-1.879366	0.000000	91945.546875	1392.610596	94292.289062
2013	05	0.000000	-10.107773	10.107773	10.107773	-0.000004	-0.000004	0.000000	-14.181127	-6.953515	0.000000	91945.546875	1392.225098	94291.976562
2013	05	0.000000	-9.099204	9.099204	9.099204	-0.000003	-0.000003	0.000000	-17.109867	-7.915774	0.000000	91945.546875	1391.831543	94291.656250
2013	05	0.000000	-8.589854	8.589854	8.589854	-0.000003	-0.000003	0.000000	-11.033312	-3.584758	0.000000	91945.546875	1391.480469	94291.382812
2013	05	0.000000	-10.747026	10.747026	10.747026	-0.000004	-0.000004	0.000000	-14.456757	-8.334147	0.000000	91945.546875	1391.093994	94291.078125
2013	05	0.000000	-8.026847	8.026847	8.026847	-0.000003	-0.000003	0.000000	-11.630719	-3.856112	0.000000	91945.546875	1390.703369	94290.757812
2013	05	0.000000	-6.272648	6.272648	6.272648	-0.000002	-0.000002	0.000000	9.576768	3.798492	0.000000	91945.546875	1390.405396	94290.539062
2013	05	0.000000	-6.175742	6.175742	6.175742	-0.000002	-0.000002	0.000000	8.752618	3.732980	0.000000	91945.546875	1390.127808	94290.335938
2013	05	0.000000	-6.480046	6.480046	6.480046	-0.000002	-0.000002	0.000000	0.566635	0.937757	0.000000	91945.546875	1389.848877	94290.132812
2013	05	0.000000	-8.362761	8.362761	8.362761	-0.000003	-0.000003	0.000000	-3.294921	0.749873	0.000000	91945.546875	1389.537231	94289.898438
2013	05	0.000000	-8.195610	8.195610	8.195610	-0.000003	-0.000003	0.000000	-2.156414	1.832457	0.000000	91945.546875	1389.190063	94289.625000
2013	05	0.000000	-7.125672	7.125672	7.125672	-0.000003	-0.000003	0.000000	0.379559	2.833559	0.000000	91945.546875	1388.864624	94289.375000
2013	05	0.000000	-8.903338	8.903338	8.903338	-0.000003	-0.000003	0.000000	-12.578858	-5.338003	0.000000	91945.546875	1388.540894	94289.132812
2013	05	0.000000	-9.259972	9.259972	9.259972	-0.000003	-0.000003	0.000000	-13.098260	-7.125942	0.000000	91945.546875	1388.164185	94288.828125
2013	05	0.000000	-9.890512	9.890512	9.890512	-0.000004	-0.000004	0.000000	-14.934315	-2.763236	0.000000	91945.546875	1387.782715	94288.523438
2013	05	0.000000	-8.342115	8.342115	8.342115	-0.000003	-0.000003	0.000000	-8.796393	0.180001	0.000000	91945.546875	1387.411011	94288.226562
2013	05	0.000000	-7.716031	7.716031	7.716031	-0.000003	-0.000003	0.000000	-2.020684	2.237166	0.000000	91945.546875	1387.074707	94287.968750
2013	05	0.000000	-7.974823	7.974823	7.974823	-0.000003	-0.000003	0.000000	3.291474	2.230969	0.000000	91945.546875	1386.750732	94287.718750
2013	05	0.000000	-8.928238	8.928238	8.928238	-0.000003	-0.000003	0.000000	-3.648665	-0.328563	0.000000	91945.546875	1386.403198	94287.445312
2013	05	0.000000	-8.255117	22.826538	22.826538	-0.000009	-0.000009	14.571420	0.765830	0.662040	0.000000	91945.851562	1386.048462	94286.945312
2013	05	0.000000	-9.624170	17.201864	17.201864	-0.000006	-0.000006	7.577693	-15.495805	-9.009315	0.000000	91946.351562	1385.688232	94286.281250
2013	06	0.000000	-9.224083	16.376701	16.376701	-0.000006	-0.000006	7.152618	-20.082977	-9.996986	0.000000	91946.671875	1385.301514	94285.726562
2013	06	0.000000	-8.834641	15.889970	15.889970	-0.000006	-0.000006	7.055327	-14.245349	-3.175896	0.000000	91946.968750	1384.927856	94285.203125
2013	06	0.000000	-8.426071	12.528191	12.528191	-0.000005	-0.000005	4.102119	-7.312157	0.294627	0.000000	91947.234375	1384.563843	94284.703125
2013	06	0.000000	-8.029905	9.172372	9.172372	-0.000004	-0.000004	1.142466	-9.135780	1.324146	0.000000	91947.289062	1384.213501	94284.367188
2013	06	0.000000	-8.188611	9.395013	9.395013	-0.000004	-0.000004	1.206402	-8.961894	5.491576	0.000000	91947.304688	1383.867432	94284.062500
2013	06	0.000000	-7.295906	8.558759	8.558759	-0.000003	-0.000003	1.262852	7.806866	12.891556	0.000000	91947.320312	1383.532837	94283.757812
2013	06	0.000000	-7.077104	8.343196	8.343196	-0.000003	-0.000003	1.266092	11.637161	13.769143	0.000000	91947.335938	1383.222290	94283.484375
2013	06	0.000000	-7.176069	8.545122	8.545122	-0.000003	-0.000003	1.369053	6.604745	5.791631	0.000000	91947.351562	1382.906128	94283.203125
2013	06	0.000000	-8.336562	9.817787	9.817787	-0.000004	-0.000004	1.481224	-5.057477	0.293977	0.000000	91947.375000	1382.574219	94282.898438
2013	06	0.000000	-7.643168	9.220404	9.220404	-0.000004	-0.000004	1.577235	-4.688509	0.453239	0.000000	91947.398438	1382.231201	94282.578125
2013	06	0.000000	-8.391929	10.077661	10.077661	-0.000004	-0.000004	1.685732	-18.955400	-4.597557	0.000000	91947.421875	1381.888550	94282.257812
2013	06	0.000000	-7.683291	9.478134	9.478134	-0.000004	-0.000004	1.794843	-7.829804	1.035544	0.000000	91947.445312	1381.547852	94281.929688
2013	06	0.000000	-9.387560	11.235270	11.235270	-0.000004	-0.000004	1.847710	-58.750095	-24.398127	0.000000	91947.468750	1381.190430	94281.593750
2013	06	0.000000	-8.491556	10.271031	10.271031	-0.000004	-0.000004	1.779476	-33.949760	-12.345636	0.000000	91947.492188	1380.812012	94281.226562
2013	06	0.000000	-9.089612	13.033919	13.033919	-0.000005	-0.000005	3.944307	-26.230234	-7.734146	0.000000	91947.523438	1380.443726	94280.843750
2013	06	0.000000	-10.402133	73.227341	73.227341	-0.000028	-0.000028	62.825211	-38.589073	-5.228162	0.000000	91948.500000	1380.049072	94279.632812
2013	06	0.000000	-14.612422	108.009529	108.009529	-0.000042	-0.000042	93.397102	-37.196133	22.484200	0.000000	91951.906250	1379.546509	94276.031250
2013	06	0.000000	-15.532842	90.215515	90.215515	-0.000035	-0.000035	74.682671	6.567270	42.541130	0.000000	91953.609375	1378.950195	94273.070312
2013	06	0.000000	-15.584636	78.742477	78.742477	-0.000030	-0.000030	63.157841	-5.158203	44.395451	0.000000	91954.898438	1378.367798	94270.171875
2013	06	4.380524	-8.315279	68.385880	64.005356	-0.000025	-0.000025	55.690075	53.591061	58.431992	12156.976562	91955.804688	1377.861572	94267.679688
2013	06	25.532907	10.392075	63.622051	38.089146	-0.000015	-0.000015	48.481220	55.716290	34.685154	70859.789062	91956.304688	1377.852417	94266.156250
2013	06	45.491974	25.427931	85.462517	39.970535	-0.000015	-0.000015	65.398468	54.919651	66.749962	126250.875000	91956.867188	1378.387939	94264.828125
2013	06	62.939899	40.588608	88.868240	25.928339	-0.000010	-0.000010	66.516945	73.712936	60.340008	174672.937500	91957.546875	1379.471436	94263.710938
2013	06	90.298752	62.227169	92.444633	2.145891	-0.000001	-0.000001	64.373055	64.280151	62.410851	250600.140625	91958.257812	1381.152466	94263.343750
2013	06	122.265610	86.242867	111.671127	-10.594482	0.000004	0.000004	75.648384	22.575787	85.816765	339315.656250	91959.031250	1383.552734	94263.492188
2013	06	137.600586	93.745377	134.316986	-3.283597	0.000001	0.000001	90.461784	-44.098709	129.100143	381873.781250	91959.867188	1386.427246	94263.648438
2013	06	154.151947	110.682610	130.498749	-23.653214	0.000009	0.000009	87.029388	22.799765	69.931152	427807.750000	91960.671875	1390.061768	94264.367188
2013	06	178.500000	131.150284	129.589920	-48.910065	0.000019	0.000019	82.240219	12.052351	52.302952	495379.187500	91961.343750	1393.886108	94265.500000
2013	06	180.445465	130.646286	133.541290	-46.904175	0.000018	0.000018	83.742119	-23.597305	71.678658	500778.343750	91961.953125	1398.299561	94267.203125
2013	06	188.203903	139.326920	127.393394	-60.810516	0.000023	0.000023	78.516403	15.043075	51.249783	522309.843750	91962.507812	1402.702393	94268.976562
2013	07	229.852264	172.215881	137.585709	-92.266548	0.000034	0.000034	79.949341	63.155621	72.371964	617316.562500	91962.945312	1407.759399	94271.515625
2013	07	244.863419	181.428314	145.778412	-99.085007	0.000037	0.000037	82.343300	53.309658	102.713921	657632.125000	91963.289062	1413.360352	94274.570312
2013	07	242.271774	178.872742	141.579681	-100.692078	0.000038	0.000038	78.180664	38.862801	105.915947	650671.750000	91963.570312	1418.981812	94277.687500
2013	07	199.696915	142.457474	134.949371	-64.747536	0.000024	0.000024	77.709946	-1.448549	86.214325	536328.062500	91963.781250	1424.564819	94280.835938
2013	07	183.421783	134.112289	114.212402	-69.209396	0.000026	0.000026	64.902885	33.629875	37.375568	492617.781250	91963.976562	1428.085083	94282.171875
2013	07	274.886749	203.938004	137.832932	-137.053818	0.000051	0.000051	66.884171	38.211330	90.148590	738266.062500	91964.078125	1434.140259	94286.148438
2013	07	150.427643	101.342278	111.085106	-39.342533	0.000015	0.000015	61.999737	-14.918536	36.918289	404005.062500	91964.234375	1438.661499	94288.703125
2013	07	216.951065	155.571274	127.497459	-89.453598	0.000033	0.000033	66.117668	-10.172290	53.954281	582667.625000	91964.320312	1442.961060	94291.039062
2013	07	214.583679	150.673050	133.242584	-81.341095	0.000030	0.000030	69.331947	-15.890783	43.098404	576309.625000	91964.296875	1447.810059	94293.765625
2013	07	351.651337	260.475403	163.550186	-188.101151	0.000070	0.000070	72.374260	-2.663366	89.303619	944433.500000	91964.187500	1454.380249	94298.109375
2013	07	352.890472	255.887741	173.964111	-178.926376	0.000067	0.000067	76.961357	-0.851749	116.080177	947761.562500	91963.992188	1462.632568	94304.023438
2013	07	327.241852	231.691406	173.410889	-153.830978	0.000057	0.000057	77.860435	-27.140545	125.293846	878876.750000	91963.781250	1470.367920	94309.328125
2013	07	308.475586	224.320786	152.700012	-155.775574	0.000058	0.000058	68.545219	16.379637	101.403244	828476.000000	91963.523438	1477.984131	94314.664062
2013	07	266.275940	191.114517	139.240570	-127.035362	0.000047	0.000047	64.079140	22.439415	64.500572	715140.000000	91963.273438	1484.444458	94319.093750
2013	07	303.053711	222.524521	142.139450	-160.914246	0.000060	0.000060	61.610271	43.744640	68.844864	813914.375000	91963.015625	1490.969482	94323.679688
2013	07	330.875641	245.136932	149.775497	-181.100143	0.000068	0.000068	64.036797	69.029831	80.604362	888636.125000	91962.679688	1498.520752	94329.289062
2013	07	338.751984	248.821533	155.376144	-183.375824	0.000068	0.000068	65.445717	43.070263	83.143471	909789.562500	91962.257812	1506.576050	94335.328125
2013	07	310.258148	224.253723	150.225235	-160.032913	0.000060	0.000060	64.220810	19.868767	72.703125	833263.437500	91961.828125	1513.888672	94340.640625
2013	07	344.942413	251.150177	157.158463	-187.783966	0.000070	0.000070	63.366215	29.459785	99.387894	926415.437500	91961.382812	1521.515259	94346.289062
2013	07	322.401917	229.181076	157.947861	-164.454041	0.000061	0.000061	64.727020	13.568201	85.632812	865878.062500	91960.921875	1529.234619	94352.015625
2013	07	294.010529	212.960052	139.554214	-154.456329	0.000058	0.000058	58.503719	69.485840	76.884964	789627.125000	91960.460938	1536.185425	94357.070312
2013	07	269.795166	194.166092	130.109421	-139.685730	0.000052	0.000052	54.480366	80.838295	71.647652	724591.562500	91960.031250	1542.825073	94361.960938
2013	07	259.728455	186.253250	125.111893	-134.616547	0.000050	0.000050	51.636700	89.653191	60.994755	697555.312500	91959.664062	1548.750488	94366.281250
2013	07	278.988068	201.028885	128.825241	-150.162842	0.000056	0.000056	50.866043	81.155106	61.016247	749281.062500	91959.296875	1554.854126	94370.820312
2013	07	294.192322	208.883835	138.462509	-155.729813	0.000058	0.000058	53.154018	57.969059	61.642376	790115.375000	91958.914062	1561.617432	94375.992188
2013	07	312.188049	218.738632	148.108948	-164.079132	0.000061	0.000061	54.659496	28.595476	64.010872	838446.625000	91958.523438	1568.213013	94380.937500
2013	07	330.041931	229.587463	156.604004	-173.437927	0.000065	0.000065	56.149525	30.254585	88.074142	886396.937500	91958.093750	1575.367920	94386.367188
2013	07	311.934723	214.577896	151.772141	-160.162582	0.000060	0.000060	54.415314	15.947417	84.486397	837766.187500	91957.648438	1582.513062	94391.820312
2013	07	227.224197	153.860382	122.768356	-104.455849	0.000039	0.000039	49.404533	54.214859	42.550694	610258.312500	91957.242188	1588.309814	94396.039062
2013	07	257.278564	176.842010	129.413986	-127.864601	0.000048	0.000048	48.977413	71.720520	55.568462	690975.687500	91956.859375	1593.693848	94399.929688
2013	07	224.454880	150.383148	121.305046	-103.149841	0.000039	0.000039	47.233307	64.093468	48.978714	602820.750000	91956.468750	1598.794800	94403.562500
2013	08	213.120163	141.139603	118.364922	-94.755249	0.000035	0.000035	46.384350	65.069786	46.585514	572379.000000	91956.093750	1603.541992	94406.890625
2013	08	228.429993	151.600266	123.329277	-105.100731	0.000039	0.000039	46.499542	57.888664	46.685467	613496.750000	91955.726562	1608.112183	94410.054688
2013	08	233.506622	151.843613	131.315216	-102.191406	0.000038	0.000038	49.652210	43.643753	53.314526	627131.062500	91955.312500	1612.989136	94413.468750
2013	08	219.353607	136.628708	134.205017	-85.148590	0.000032	0.000032	51.480122	37.038204	57.163456	589120.187500	91954.851562	1617.592285	94416.523438
2013	08	199.464386	122.906837	126.954224	-72.510162	0.000027	0.000027	50.396675	43.926266	52.750889	535703.500000	91954.382812	1621.712769	94419.085938
2013	08	205.914230	129.526337	125.767639	-80.146584	0.000030	0.000030	49.379753	54.222855	44.590969	553025.937500	91953.914062	1625.713745	94421.570312
2013	08	212.429794	126.652367	137.743240	-74.686554	0.000028	0.000028	51.965805	11.591115	65.070564	570524.875000	91953.429688	1629.920776	94424.234375
2013	08	149.888916	87.497574	110.035118	-39.853802	0.000015	0.000015	47.643780	45.873669	34.539139	402558.187500	91952.960938	1633.250122	94426.039062
2013	08	162.894073	97.702332	112.434319	-50.459751	0.000019	0.000019	47.242580	64.347977	32.762356	437486.281250	91952.523438	1636.171997	94427.531250
2013	08	178.453949	106.644913	120.174393	-58.279564	0.000022	0.000022	48.365353	42.712959	38.968876	479275.593750	91952.062500	1639.502808	94429.406250
2013	08	186.221375	106.995239	129.409286	-56.812069	0.000021	0.000021	50.183167	30.979227	45.335327	500136.593750	91951.593750	1642.837402	94431.242188
2013	08	184.372711	101.766792	133.720551	-50.652153	0.000019	0.000019	51.114635	5.490778	62.158440	495171.656250	91951.093750	1646.194336	94433.046875
2013	08	173.242416	90.687943	133.716431	-39.525970	0.000015	0.000015	51.161972	0.571462	60.388405	465278.906250	91950.593750	1649.210815	94434.507812
2013	08	174.003998	91.825691	133.324692	-40.679291	0.000015	0.000015	51.146397	12.491278	50.865643	467324.281250	91950.093750	1652.102417	94435.835938
2013	08	180.540665	94.098900	138.515915	-42.024746	0.000016	0.000016	52.074150	9.016292	50.494942	484879.875000	91949.570312	1655.119019	94437.281250
2013	08	175.549515	87.302643	141.066040	-34.483479	0.000013	0.000013	52.819157	-22.680761	51.188805	471475.093750	91949.039062	1658.165161	94438.734375
2013	08	164.678497	82.326180	134.487183	-30.191322	0.000011	0.000011	52.134861	-11.268369	30.608841	442278.750000	91948.507812	1660.983765	94439.945312
2013	08	93.891685	32.870426	113.179436	19.287754	-0.000007	-0.000007	52.158180	-16.104326	24.627041	252165.828125	91948.031250	1662.747070	94440.125000
2013	08	80.329155	28.825069	100.182121	19.852962	-0.000007	-0.000007	48.678032	6.252476	16.848875	215740.843750	91947.625000	1663.476685	94439.312500
2013	08	85.257820	31.925394	101.031349	15.773526	-0.000006	-0.000006	47.698921	5.183394	32.399960	228977.781250	91947.203125	1664.694458	94439.078125
2013	08	70.722160	23.176304	93.696762	22.974607	-0.000009	-0.000009	46.150913	9.252586	28.633224	189939.234375	91946.812500	1665.426880	94438.382812
2013	08	44.831451	4.158298	84.890709	40.059250	-0.000015	-0.000015	44.217545	-3.546560	28.128189	120404.281250	91946.429688	1665.867310	94437.460938
2013	08	49.116577	8.429962	83.777451	34.660873	-0.000013	-0.000013	43.090832	8.373238	22.732264	131912.890625	91946.046875	1665.777100	94436.054688
2013	08	63.259529	19.400412	87.124123	23.864594	-0.000009	-0.000009	43.265007	27.504627	16.831244	169896.750000	91945.671875	1666.461914	94435.429688
2013	08	66.129532	21.237463	87.917282	21.787746	-0.000008	-0.000008	43.025208	19.674002	12.194002	177604.765625	91945.296875	1667.009644	94434.687500
2013	08	77.812004	30.399687	90.563309	12.751303	-0.000005	-0.000005	43.150986	31.316607	17.002340	208980.484375	91944.906250	1667.869629	94434.242188
2013	08	79.616371	32.134556	90.219482	10.603118	-0.000004	-0.000004	42.737671	42.539680	17.639326	213826.484375	91944.507812	1668.929077	94434.007812
2013	08	75.965599	29.867897	88.255424	12.289832	-0.000005	-0.000005	42.157730	30.748756	12.639092	204021.578125	91944.109375	1669.904053	94433.703125
2013	08	80.109161	32.400333	89.947563	9.838396	-0.000004	-0.000004	42.238731	31.785456	17.417778	215149.984375	91943.703125	1670.900513	94433.429688
2013	08	84.470940	35.136616	91.712982	7.242045	-0.000003	-0.000003	42.378662	21.709572	19.476971	226864.453125	91943.289062	1672.006348	94433.257812
2013	08	85.588142	35.353928	92.891548	7.303409	-0.000003	-0.000003	42.657337	19.729630	22.994089	229864.937500	91942.867188	1673.086670	94433.062500
2013	09	79.614388	31.690563	89.108902	9.494522	-0.000004	-0.000004	41.185085	17.214691	21.549255	220948.531250	91942.445312	1674.189941	94432.882812
2013	09	71.246056	27.112370	83.817947	12.571899	-0.000005	-0.000005	39.684269	21.234350	17.871649	197724.453125	91942.023438	1675.106689	94432.539062
2013	09	68.785141	24.779194	84.015083	15.229945	-0.000006	-0.000006	40.009144	19.300177	13.091547	190894.859375	91941.617188	1675.881836	94432.085938
2013	09	75.285912	26.034655	90.960381	15.674478	-0.000006	-0.000006	41.709133	-4.172620	10.171888	208936.000000	91941.203125	1676.708374	94431.648438
2013	09	78.188866	27.736521	92.911926	14.723056	-0.000006	-0.000006	42.459576	-0.303662	15.854835	216992.375000	91940.765625	1677.652344	94431.273438
2013	09	59.833221	15.268812	86.395355	26.562130	-0.000010	-0.000010	41.830944	-10.054384	28.169455	166051.187500	91940.335938	1678.357788	94430.664062
2013	09	37.509079	2.367369	74.315697	36.806614	-0.000014	-0.000014	39.173981	6.567264	13.456716	104096.468750	91939.929688	1678.410400	94429.460938
2013	09	47.530739	9.074899	77.586288	30.055555	-0.000012	-0.000012	39.130451	0.201816	16.762503	131908.906250	91939.515625	1678.643311	94428.484375
2013	09	43.204704	3.685037	80.233505	37.028797	-0.000014	-0.000014	40.713833	-12.917746	28.720633	119903.156250	91939.109375	1678.865601	94427.476562
2013	09	25.877699	-7.516437	74.943398	49.065701	-0.000019	-0.000019	41.549263	-7.538427	12.539166	71816.664062	91938.687500	1678.796387	94426.117188
2013	09	19.211201	-11.057953	69.584152	50.372948	-0.000019	-0.000019	39.314995	-1.684440	11.350370	53315.574219	91938.265625	1678.267090	94424.328125
2013	09	34.032223	1.538659	70.608215	36.575996	-0.000014	-0.000014	38.114655	11.991500	5.803979	94447.367188	91937.851562	1678.222046	94423.085938
2013	09	33.956909	1.683730	69.623428	35.666523	-0.000014	-0.000014	37.350250	13.676884	4.512349	94238.359375	91937.429688	1678.253418	94421.953125
2013	09	28.141439	-2.814643	67.836510	39.695068	-0.000015	-0.000015	36.880428	12.000943	2.627565	78099.070312	91937.015625	1678.210571	94420.765625
2013	09	26.265633	-3.503613	65.610268	39.344635	-0.000015	-0.000015	35.841022	12.740829	5.655177	72893.273438	91936.601562	1678.012939	94419.445312
2013	09	23.320723	-5.823668	64.091606	40.770882	-0.000016	-0.000016	34.947212	8.815307	6.666715	64720.460938	91936.187500	1677.797729	94418.148438
2013	09	16.963089	-10.705762	62.355286	45.392193	-0.000018	-0.000018	34.686432	6.481281	12.468919	47076.542969	91935.781250	1677.533203	94416.812500
2013	09	0.029819	-23.267097	56.958836	56.929016	-0.000022	-0.000022	33.661922	2.009971	10.549903	82.753822	91935.367188	1676.862061	94415.085938
2013	09	11.301980	-15.103668	61.021427	49.719448	-0.000019	-0.000019	34.615780	-1.543597	10.921567	31365.636719	91934.960938	1676.323608	94413.523438
2013	09	6.409452	-19.452845	62.328571	55.919121	-0.000022	-0.000022	36.466274	-6.051881	-1.218756	17787.726562	91934.554688	1675.655762	94411.765625
2013	09	12.374558	-14.051600	62.705772	50.331219	-0.000019	-0.000019	36.279613	-13.316883	13.257896	34342.292969	91934.140625	1675.146240	94410.117188
2013	09	16.191635	-9.491761	59.256771	43.065136	-0.000017	-0.000017	33.573376	13.292899	6.461385	44935.574219	91933.726562	1674.738892	94408.640625
2013	09	11.363343	-12.998655	54.735413	43.372074	-0.000017	-0.000017	30.373417	11.993915	8.678866	31535.933594	91933.320312	1674.351685	94407.281250
2013	09	0.048737	-21.860956	50.408989	50.360252	-0.000019	-0.000019	28.499296	1.743834	9.456766	135.257553	91932.914062	1673.710083	94405.757812
2013	09	0.000000	-21.076532	49.377178	49.377178	-0.000019	-0.000019	28.300650	1.350103	3.901725	0.000000	91932.523438	1673.041626	94404.226562
2013	09	0.000000	-20.446560	46.445274	46.445274	-0.000018	-0.000018	25.998711	2.495958	5.445727	0.000000	91932.132812	1672.393677	94402.765625
2013	09	0.791042	-18.781855	42.344795	41.553749	-0.000016	-0.000016	22.771896	6.547644	7.386962	2195.325684	91931.757812	1671.768066	94401.421875
2013	09	3.006174	-16.981960	41.101345	38.095173	-0.000015	-0.000015	21.113211	7.003458	9.209648	8342.835938	91931.398438	1671.153320	94400.179688
2013	09	3.666209	-16.932526	40.955307	37.289101	-0.000014	-0.000014	20.356575	4.904836	9.553658	10174.585938	91931.039062	1670.526367	94398.960938
2013	09	3.213488	-16.458416	39.540615	36.327126	-0.000014	-0.000014	19.868710	3.225965	6.709587	8918.178711	91930.695312	1669.900146	94397.750000
2013	10	2.821262	-16.458754	38.524216	35.702957	-0.000013	-0.000013	19.244204	6.635575	7.585675	7577.091309	91930.351562	1669.305420	94396.601562
2013	10	2.031784	-17.367460	36.283195	34.251411	-0.000013	-0.000013	16.883951	6.214499	6.320036	5456.781738	91930.031250	1668.421875	94395.531250
2013	10	0.866978	-17.366732	33.279655	32.412678	-0.000012	-0.000012	15.045946	-3.614921	0.490037	2328.452881	91929.734375	1666.172119	94394.531250
2013	10	0.439706	-17.974224	33.016193	32.576488	-0.000012	-0.000012	14.602263	-7.683940	-2.152406	1180.922363	91929.460938	1662.317505	94393.570312
2013	10	0.007440	-16.322369	31.184498	31.177057	-0.000012	-0.000012	14.854689	-13.473745	-3.998414	19.981794	91929.210938	1656.881226	94392.625000
2013	10	0.111233	-16.069071	31.198240	31.087009	-0.000012	-0.000012	15.017937	-8.786866	-2.865359	298.738617	91928.984375	1649.877930	94391.710938
2013	10	0.246184	-16.753178	32.068813	31.822630	-0.000012	-0.000012	15.069452	-9.618894	-3.605057	661.179749	91928.796875	1641.240479	94390.765625
2013	10	0.293790	-16.603727	31.802532	31.508741	-0.000012	-0.000012	14.905015	-11.494669	-4.279565	789.033447	91928.632812	1630.974121	94389.789062
2013	10	0.262678	-16.231749	30.857801	30.595123	-0.000011	-0.000011	14.363374	-5.059714	-1.869719	705.475891	91928.515625	1619.104492	94388.812500
2013	10	0.186196	-15.048506	28.588018	28.401821	-0.000011	-0.000011	13.353316	-1.653344	-0.562305	500.067871	91928.421875	1605.638062	94387.875000
2013	10	0.137121	-16.201483	28.604342	28.467222	-0.000011	-0.000011	12.265738	-2.493802	-0.801831	368.266479	91928.343750	1590.561768	94386.953125
2013	10	0.089225	-15.412637	27.336466	27.247240	-0.000010	-0.000010	11.834602	-2.403665	-0.353812	239.633133	91928.281250	1573.859131	94386.023438
2013	10	0.074956	-17.245098	29.019184	28.944225	-0.000011	-0.000011	11.699129	-5.129179	-1.791307	201.311066	91928.242188	1555.527344	94385.062500
2013	10	0.059165	-22.244986	34.142490	34.083324	-0.000013	-0.000013	11.838338	-5.581587	-3.305740	158.899765	91928.234375	1535.489380	94383.984375
2013	10	0.000000	-19.732412	32.050617	32.050617	-0.000012	-0.000012	12.318207	-14.248433	-4.383295	0.000000	91928.265625	1513.791260	94382.804688
2013	10	0.000000	-25.218147	37.985596	37.985596	-0.000014	-0.000014	12.767449	-10.599257	-4.334308	0.000000	91928.320312	1490.487183	94381.554688
2013	10	0.000000	-24.626318	37.480404	37.480404	-0.000014	-0.000014	12.854085	-15.314668	-5.085121	0.000000	91928.414062	1478.246704	94380.164062
2013	10	0.000000	-24.205076	36.633610	36.633610	-0.000014	-0.000014	12.428533	-13.057966	-4.702987	0.000000	91928.500000	1477.243286	94378.835938
2013	10	0.000000	-25.946014	37.991550	37.991550	-0.000014	-0.000014	12.045532	-11.974906	-5.273211	0.000000	91928.578125	1476.209595	94377.484375
2013	10	0.000000	-21.627516	33.329300	33.329300	-0.000012	-0.000012	11.701786	-9.388498	-3.454054	0.000000	91928.648438	1475.251709	94376.226562
2013	10	0.000000	-15.946383	27.309710	27.309710	-0.000010	-0.000010	11.363326	-13.787295	-2.812599	0.000000	91928.718750	1474.393799	94375.078125
2013	10	0.000000	-16.334522	27.321104	27.321104	-0.000010	-0.000010	10.986582	-10.281503	-2.021044	0.000000	91928.781250	1473.651978	94374.054688
2013	10	0.000000	-19.177992	29.763304	29.763304	-0.000011	-0.000011	10.585311	-20.144054	-6.170363	0.000000	91928.843750	1472.918457	94373.054688
2013	10	0.000000	-21.172976	31.471182	31.471182	-0.000012	-0.000012	10.298205	-20.579710	-7.238596	0.000000	91928.898438	1472.011963	94371.890625
2013	10	0.000000	-18.474468	28.518082	28.518082	-0.000011	-0.000011	10.043613	-21.197060	-6.494570	0.000000	91928.945312	1471.201782	94370.835938
2013	10	0.000000	-17.744627	27.535681	27.535681	-0.000010	-0.000010	9.791053	-8.512394	-2.889909	0.000000	91928.992188	1470.406250	94369.804688
2013	10	0.000000	-18.552673	28.132744	28.132744	-0.000011	-0.000011	9.580070	-9.867350	-3.540556	0.000000	91929.039062	1469.642334	94368.804688
2013	10	0.000000	-15.668653	25.126797	25.126797	-0.000009	-0.000009	9.458143	-17.329235	-4.280539	0.000000	91929.085938	1468.900146	94367.835938
2013	10	0.000000	-11.847999	21.168814	21.168814	-0.000008	-0.000008	9.320816	-10.785122	-1.882527	0.000000	91929.125000	1468.258911	94366.976562
2013	10	0.000000	-12.963069	22.069145	22.069145	-0.000008	-0.000008	9.106074	-20.615271	-4.110208	0.000000	91929.164062	1467.711426	94366.210938
2013	10	0.000000	-13.802607	22.721504	22.721504	-0.000008	-0.000008	8.918900	-7.924099	-2.102643	0.000000	91929.203125	1467.091187	94365.382812
2013	11	0.000000	-10.342895	18.868813	18.868813	-0.000007	-0.000007	8.525917	-20.543879	-2.839368	0.000000	91929.234375	1466.509155	94364.593750
2013	11	0.000000	-11.408080	19.804640	19.804640	-0.000008	-0.000008	8.396559	-14.173090	-3.426592	0.000000	91929.265625	1465.992188	94363.875000
2013	11	0.000000	-12.327016	20.619476	20.619476	-0.000008	-0.000008	8.292458	-24.789547	-6.690275	0.000000	91929.304688	1465.432251	94363.117188
2013	11	0.000000	-11.135807	19.356987	19.356987	-0.000007	-0.000007	8.221178	-18.442299	-5.200744	0.000000	91929.335938	1464.854736	94362.343750
2013	11	0.000000	-7.596942	15.745553	15.745553	-0.000006	-0.000006	8.148611	-7.285509	-0.775981	0.000000	91929.367188	1464.396362	94361.695312
2013	11	0.000000	-8.456287	16.501606	16.501606	-0.000006	-0.000006	8.045318	-7.204928	-1.102725	0.000000	91929.390625	1463.970581	94361.078125
2013	11	0.000000	-8.203010	16.130270	16.130270	-0.000006	-0.000006	7.927260	-9.257523	-1.040795	0.000000	91929.421875	1463.519897	94360.437500
2013	11	0.000000	-11.337893	19.140793	19.140793	-0.000007	-0.000007	7.802898	-17.242666	-6.247942	0.000000	91929.445312	1463.069458	94359.804688
2013	11	0.000000	-12.847687	20.548645	20.548645	-0.000008	-0.000008	7.700957	-18.474558	-8.450547	0.000000	91929.476562	1462.488525	94359.046875
2013	11	0.000000	-9.433784	17.056305	17.056305	-0.000007	-0.000007	7.622522	-25.622553	-4.697836	0.000000	91929.500000	1461.969604	94358.351562
2013	11	0.000000	-8.639045	16.167809	16.167809	-0.000006	-0.000006	7.528764	-12.653932	-2.533842	0.000000	91929.523438	1461.534912	94357.750000
2013	11	0.000000	-8.040304	15.459965	15.459965	-0.000006	-0.000006	7.419661	-13.831244	-2.395778	0.000000	91929.546875	1461.087769	94357.132812
2013	11	0.000000	-5.675010	12.974986	12.974986	-0.000005	-0.000005	7.299976	-2.731354	-0.727810	0.000000	91929.562500	1460.725098	94356.601562
2013	11	0.000000	-6.240101	13.399046	13.399046	-0.000005	-0.000005	7.158945	-3.979959	-0.694723	0.000000	91929.585938	1460.399048	94356.117188
2013	11	0.000000	-8.867620	15.874910	15.874910	-0.000006	-0.000006	7.007290	-11.748023	-2.140365	0.000000	91929.601562	1460.002441	94355.562500
2013	11	0.000000	-8.674186	15.533620	15.533620	-0.000006	-0.000006	6.859434	-8.729280	-1.615515	0.000000	91929.617188	1459.567017	94354.976562
2013	11	0.000000	-7.810484	14.535846	14.535846	-0.000006	-0.000006	6.725362	-10.605930	-1.595201	0.000000	91929.640625	1459.155884	94354.421875
2013	11	0.000000	-7.156113	13.741704	13.741704	-0.000005	-0.000005	6.585590	-5.936573	-0.797233	0.000000	91929.656250	1458.775024	94353.898438
2013	11	0.000000	-7.719247	14.150911	14.150911	-0.000005	-0.000005	6.431664	-8.953019	-1.231789	0.000000	91929.671875	1458.398071	94353.382812
2013	11	0.000000	-8.987929	15.262298	15.262298	-0.000006	-0.000006	6.274368	-11.395212	-1.929359	0.000000	91929.695312	1457.999268	94352.851562
2013	11	0.000000	-8.865767	15.000329	15.000329	-0.000006	-0.000006	6.134562	-15.231853	-2.670203	0.000000	91929.710938	1457.552368	94352.281250
2013	11	0.000000	-8.009682	14.014195	14.014195	-0.000005	-0.000005	6.004514	-7.900318	-1.366137	0.000000	91929.726562	1457.160645	94351.765625
2013	11	0.000000	-9.168996	15.041298	15.041298	-0.000006	-0.000006	5.872302	-7.305295	-1.612866	0.000000	91929.742188	1456.742065	94351.226562
2013	11	0.000000	-7.934785	13.701977	13.701977	-0.000005	-0.000005	5.767192	-4.530175	-0.917706	0.000000	91929.757812	1456.323120	94350.695312
2013	11	0.000000	-7.701212	13.365795	13.365795	-0.000005	-0.000005	5.664583	-2.907860	-0.602709	0.000000	91929.781250	1455.952759	94350.210938
2013	11	0.000000	-7.061089	12.609446	12.609446	-0.000005	-0.000005	5.548357	-3.579845	-0.636544	0.000000	91929.796875	1455.581543	94349.734375
2013	11	0.000000	-6.563635	12.001240	12.001240	-0.000005	-0.000005	5.437605	-13.774842	-1.615620	0.000000	91929.812500	1455.237915	94349.289062
2013	11	0.000000	-6.629045	11.937371	11.937371	-0.000005	-0.000005	5.308326	-19.526419	-2.900883	0.000000	91929.828125	1454.893921	94348.843750
2013	11	0.000000	-4.593542	9.749040	9.749040	-0.000004	-0.000004	5.155498	2.496762	-0.415788	0.000000	91929.843750	1454.598145	94348.453125
2013	11	0.000000	-5.467055	10.419469	10.419469	-0.000004	-0.000004	4.952415	4.312629	-0.686987	0.000000	91929.851562	1454.316406	94348.085938
2013	12	0.000000	-5.267857	10.184742	10.184742	-0.000004	-0.000004	4.916885	0.412475	-0.422976	0.000000	91929.867188	1454.026489	94347.710938
2013	12	0.000000	-6.950439	11.682218	11.682218	-0.000004	-0.000004	4.731778	-10.129773	-1.371711	0.000000	91929.875000	1453.709229	94347.320312
2013	12	0.000000	-5.845408	10.424093	10.424093	-0.000004	-0.000004	4.578685	-10.507523	-0.957987	0.000000	91929.890625	1453.390625	94346.929688
2013	12	0.000000	-6.232687	10.648650	10.648650	-0.000004	-0.000004	4.415964	-3.460459	-0.595687	0.000000	91929.906250	1453.086060	94346.562500
2013	12	0.000000	-4.964887	9.216675	9.216675	-0.000003	-0.000003	4.251788	1.496415	-0.469952	0.000000	91929.914062	1452.789917	94346.203125
2013	12	0.000000	-4.352439	8.330708	8.330708	-0.000003	-0.000003	3.978269	-0.199108	-0.518860	0.000000	91929.929688	1452.539062	94345.898438
2013	12	0.000000	-7.972133	11.643471	11.643471	-0.000004	-0.000004	3.671338	-12.396385	-2.427124	0.000000	91929.937500	1452.239136	94345.554688
2013	12	0.000000	-9.746063	13.292631	13.292631	-0.000005	-0.000005	3.546567	-13.946084	-3.622546	0.000000	91929.945312	1451.833984	94345.117188
2013	12	0.000000	-8.187205	11.705736	11.705736	-0.000004	-0.000004	3.518532	-9.695508	-1.934119	0.000000	91929.953125	1451.429932	94344.679688
2013	12	0.000000	-6.710248	10.206778	10.206778	-0.000004	-0.000004	3.496529	-11.207745	-1.672800	0.000000	91929.960938	1451.102417	94344.320312
2013	12	0.000000	-6.517916	9.978015	9.978015	-0.000004	-0.000004	3.460099	-6.227756	-0.932001	0.000000	91929.968750	1450.765259	94343.945312
2013	12	0.000000	-4.956874	8.372507	8.372507	-0.000003	-0.000003	3.415633	-10.600419	-0.781881	0.000000	91929.976562	1450.486572	94343.632812
2013	12	0.000000	-4.656961	7.968154	7.968154	-0.000003	-0.000003	3.311193	-2.216626	-0.321617	0.000000	91929.984375	1450.238892	94343.359375
2013	12	0.000000	-5.534193	8.654384	8.654384	-0.000003	-0.000003	3.120192	-15.235029	-1.408005	0.000000	91929.992188	1449.962280	94343.062500
2013	12	0.000000	-6.479514	9.426347	9.426347	-0.000004	-0.000004	2.946833	-15.245974	-1.917277	0.000000	91929.992188	1449.671387	94342.750000
2013	12	0.000000	-7.583436	10.402323	10.402323	-0.000004	-0.000004	2.818886	-16.623783	-3.024296	0.000000	91930.000000	1449.345825	94342.414062
2013	12	0.000000	-8.689653	11.441699	11.441699	-0.000004	-0.000004	2.752046	-14.702834	-3.562467	0.000000	91930.007812	1448.972900	94342.031250
2013	12	0.000000	-5.807209	8.533493	8.533493	-0.000003	-0.000003	2.726285	-6.252095	-0.993698	0.000000	91930.007812	1448.631592	94341.679688
2013	12	0.000000	-5.001765	7.678802	7.678802	-0.000003	-0.000003	2.677038	-4.422385	-0.611220	0.000000	91930.015625	1448.384888	94341.421875
2013	12	0.000000	-5.344188	7.890736	7.890736	-0.000003	-0.000003	2.546548	-7.508477	-0.775478	0.000000	91930.023438	1448.102051	94341.132812
2013	12	0.000000	-4.771011	7.174999	7.174999	-0.000003	-0.000003	2.403988	-5.311358	-0.455174	0.000000	91930.023438	1447.851440	94340.882812
2013	12	0.000000	-5.632633	7.872571	7.872571	-0.000003	-0.000003	2.239938	-5.265358	-0.749039	0.000000	91930.031250	1447.582642	94340.617188
2013	12	0.000000	-4.648646	6.755054	6.755054	-0.000003	-0.000003	2.106408	-6.938383	-0.680013	0.000000	91930.031250	1447.320312	94340.367188
2013	12	0.000000	-4.157467	6.096590	6.096590	-0.000002	-0.000002	1.939123	-2.437591	-0.258506	0.000000	91930.031250	1447.084839	94340.148438
2013	12	0.000000	-4.987407	6.744005	6.744005	-0.000003	-0.000003	1.756598	-2.637050	-0.519637	0.000000	91930.031250	1446.843506	94339.921875
2013	12	0.000000	-5.219913	6.838913	6.838913	-0.000003	-0.000003	1.619001	-1.391751	-0.568622	0.000000	91930.031250	1446.583618	94339.687500
2013	12	0.000000	-5.026130	6.549494	6.549494	-0.000002	-0.000002	1.523364	-9.766671	-1.274833	0.000000	91930.031250	1446.315796	94339.453125
2013	12	0.000000	-5.103651	6.541385	6.541385	-0.000002	-0.000002	1.437734	0.850353	-0.599882	0.000000	91930.031250	1446.070312	94339.234375
2013	12	0.000000	-5.302409	6.688581	6.688581	-0.000002	-0.000002	1.386171	-2.072753	-0.420122	0.000000	91930.031250	1445.799927	94339.000000
2013	12	0.000000	-5.967995	7.333915	7.333915	-0.000003	-0.000003	1.365920	-7.079901	-1.474499	0.000000	91930.031250	1445.538208	94338.773438
2013	12	0.000000	-4.885763	6.231251	6.231251	-0.000002	-0.000002	1.345487	-13.790176	-1.293504	0.000000	91930.031250	1445.258667	94338.531250
