# Monthly output values extracted from ELM simulation
# Source file: tmp4k2mjmqh.nc
# Years: 2003 - 2008
#
# Variables:
#   GPP: gross primary production (monthly sum, gC/m2/month)
#   NPP: net primary production (monthly sum, gC/m2/month)
#   ER: total ecosystem respiration, autotrophic + heterotrophic (monthly sum, gC/m2/month)
#   NEE: net ecosystem exchange of carbon, includes fire, landuse, harvest, and hrv_xsmrpool flux, positive for source (monthly sum, gC/m2/month)
#   NBP: net biome production, includes fire, landuse, and harvest flux, positive for sink (monthly mean, gC/m^2/s)
#   NEP: net ecosystem production, excludes fire, landuse, and harvest flux, positive for sink (monthly mean, gC/m^2/s)
#   HR: total heterotrophic respiration (monthly sum, gC/m2/month)
#   FSH: sensible heat (monthly mean, W/m^2)
#   EFLX_LH_TOT: total latent heat flux [+ to atm] (monthly mean, W/m^2)
#   FPSN: photosynthesis (mean daily flux, umol/m2/day)
#   TOTSOMC: total soil organic matter carbon (monthly mean, gC/m^2)
#   TOTVEGC: total vegetation carbon, excluding cpool (monthly mean, gC/m^2)
#   TOTECOSYSC: total ecosystem carbon, incl veg but excl cpool but excl product pools (monthly mean, gC/m^2)
#
Year	Month	GPP	NPP	ER	NEE	NBP	NEP	HR	FSH	EFLX_LH_TOT	FPSN	TOTSOMC	TOTVEGC	TOTECOSYSC
2003	01	0.000000	-0.500526	0.500526	0.500526	-0.000000	-0.000000	0.000000	0.233015	-0.581871	0.000000	25413.941406	119.975945	25640.435547
2003	01	0.000000	-0.724233	0.724233	0.724233	-0.000000	-0.000000	0.000000	-8.535816	-2.104359	0.000000	25413.941406	119.947166	25640.414062
2003	01	0.000000	-0.603090	0.603090	0.603090	-0.000000	-0.000000	0.000000	-4.501823	-1.251561	0.000000	25413.941406	119.916954	25640.390625
2003	01	0.000000	-0.463882	0.463882	0.463882	-0.000000	-0.000000	0.000000	6.057983	-0.567208	0.000000	25413.941406	119.890633	25640.371094
2003	01	0.000000	-0.703483	0.703483	0.703483	-0.000000	-0.000000	0.000000	-10.584037	-3.296265	0.000000	25413.941406	119.864166	25640.351562
2003	01	0.000000	-0.696308	0.696308	0.696308	-0.000000	-0.000000	0.000000	-7.073301	-2.342190	0.000000	25413.941406	119.831795	25640.324219
2003	01	0.000000	-0.578135	0.578135	0.578135	-0.000000	-0.000000	0.000000	-2.655221	-0.963427	0.000000	25413.941406	119.803062	25640.302734
2003	01	0.000000	-0.539833	0.539833	0.539833	-0.000000	-0.000000	0.000000	-7.402992	-1.615485	0.000000	25413.941406	119.777107	25640.283203
2003	01	0.000000	-0.415212	0.415212	0.415212	-0.000000	-0.000000	0.000000	-1.545689	-0.741471	0.000000	25413.941406	119.753593	25640.265625
2003	01	0.000000	-0.587017	0.587017	0.587017	-0.000000	-0.000000	0.000000	-19.488457	-3.226731	0.000000	25413.941406	119.728775	25640.248047
2003	01	0.000000	-0.644293	0.644293	0.644293	-0.000000	-0.000000	0.000000	-11.113556	-2.022650	0.000000	25413.941406	119.700645	25640.226562
2003	01	0.000000	-0.677583	0.677583	0.677583	-0.000000	-0.000000	0.000000	-8.459925	-1.873449	0.000000	25413.941406	119.671989	25640.205078
2003	01	0.000000	-0.652541	0.652541	0.652541	-0.000000	-0.000000	0.000000	-8.659903	-1.916553	0.000000	25413.941406	119.641380	25640.179688
2003	01	0.000000	-0.750387	0.750387	0.750387	-0.000000	-0.000000	0.000000	-14.037912	-3.457145	0.000000	25413.941406	119.610565	25640.156250
2003	01	0.000000	-0.701697	0.701697	0.701697	-0.000000	-0.000000	0.000000	-5.451798	-1.530810	0.000000	25413.941406	119.579796	25640.132812
2003	01	0.000000	-0.718239	0.718239	0.718239	-0.000000	-0.000000	0.000000	-13.150761	-3.333016	0.000000	25413.941406	119.548294	25640.107422
2003	01	0.000000	-0.535261	0.535261	0.535261	-0.000000	-0.000000	0.000000	-0.963841	-0.477766	0.000000	25413.941406	119.519814	25640.085938
2003	01	0.000000	-0.626790	0.626790	0.626790	-0.000000	-0.000000	0.000000	-20.339830	-4.165175	0.000000	25413.941406	119.494255	25640.066406
2003	01	0.000000	-0.740271	0.740271	0.740271	-0.000000	-0.000000	0.000000	-33.725864	-7.886785	0.000000	25413.941406	119.463486	25640.042969
2003	01	0.000000	-0.659083	0.659083	0.659083	-0.000000	-0.000000	0.000000	-26.481075	-5.143680	0.000000	25413.941406	119.433022	25640.017578
2003	01	0.000000	-0.548192	0.548192	0.548192	-0.000000	-0.000000	0.000000	-22.990702	-3.801084	0.000000	25413.941406	119.405502	25639.998047
2003	01	0.000000	-0.442759	0.442759	0.442759	-0.000000	-0.000000	0.000000	-4.439634	-0.758107	0.000000	25413.941406	119.382378	25639.980469
2003	01	0.000000	-0.376687	0.376687	0.376687	-0.000000	-0.000000	0.000000	6.258976	-0.407021	0.000000	25413.941406	119.361839	25639.966797
2003	01	0.000000	-0.501113	0.501113	0.501113	-0.000000	-0.000000	0.000000	-18.878132	-2.595170	0.000000	25413.941406	119.339989	25639.951172
2003	01	0.000000	-0.531403	0.531403	0.531403	-0.000000	-0.000000	0.000000	-22.390991	-4.040814	0.000000	25413.941406	119.315552	25639.933594
2003	01	0.000000	-0.406469	0.406469	0.406469	-0.000000	-0.000000	0.000000	-5.558987	-0.760847	0.000000	25413.941406	119.292755	25639.917969
2003	01	0.000000	-0.415953	0.415953	0.415953	-0.000000	-0.000000	0.000000	-9.649835	-0.868780	0.000000	25413.941406	119.272255	25639.902344
2003	01	0.000000	-0.395159	0.395159	0.395159	-0.000000	-0.000000	0.000000	-6.011704	-0.469648	0.000000	25413.941406	119.251465	25639.888672
2003	01	0.000000	-0.461135	0.461135	0.461135	-0.000000	-0.000000	0.000000	-10.836305	-1.554288	0.000000	25413.941406	119.230598	25639.875000
2003	01	0.000000	-0.508936	0.508936	0.508936	-0.000000	-0.000000	0.000000	-20.256624	-3.169762	0.000000	25413.941406	119.207153	25639.857422
2003	01	0.000000	-0.457336	0.457336	0.457336	-0.000000	-0.000000	0.000000	-11.632770	-1.839696	0.000000	25413.941406	119.183807	25639.839844
2003	02	0.000000	-0.433037	0.433037	0.433037	-0.000000	-0.000000	0.000000	-6.815367	-1.284164	0.000000	25413.941406	119.162148	25639.826172
2003	02	0.000000	-0.421453	0.421453	0.421453	-0.000000	-0.000000	0.000000	-4.886074	-1.526375	0.000000	25413.941406	119.139435	25639.808594
2003	02	0.000000	-0.477495	0.477495	0.477495	-0.000000	-0.000000	0.000000	1.557814	-2.890371	0.000000	25413.941406	119.115845	25639.792969
2003	02	0.000000	-0.496056	0.496056	0.496056	-0.000000	-0.000000	0.000000	-0.063658	-2.450196	0.000000	25413.941406	119.091248	25639.773438
2003	02	0.000000	-0.518656	0.518656	0.518656	-0.000000	-0.000000	0.000000	-1.428208	-3.710142	0.000000	25413.941406	119.065712	25639.755859
2003	02	0.000000	-0.507344	0.507344	0.507344	-0.000000	-0.000000	0.000000	0.778239	-3.420375	0.000000	25413.941406	119.039932	25639.736328
2003	02	0.000000	-0.518333	0.518333	0.518333	-0.000000	-0.000000	0.000000	2.410301	-4.241682	0.000000	25413.941406	119.014793	25639.716797
2003	02	0.000000	-0.636692	0.636692	0.636692	-0.000000	-0.000000	0.000000	-2.670347	-2.432216	0.000000	25413.941406	118.986725	25639.695312
2003	02	0.000000	-0.586992	0.586992	0.586992	-0.000000	-0.000000	0.000000	-2.803825	-2.663046	0.000000	25413.941406	118.957977	25639.673828
2003	02	0.000000	-0.507368	0.507368	0.507368	-0.000000	-0.000000	0.000000	4.155430	-3.573679	0.000000	25413.941406	118.930779	25639.652344
2003	02	0.000000	-0.493444	0.493444	0.493444	-0.000000	-0.000000	0.000000	0.323588	-2.498402	0.000000	25413.941406	118.906219	25639.634766
2003	02	0.000000	-0.455741	0.455741	0.455741	-0.000000	-0.000000	0.000000	-1.232321	-2.532253	0.000000	25413.941406	118.881821	25639.617188
2003	02	0.000000	-0.386589	0.386589	0.386589	-0.000000	-0.000000	0.000000	-17.122818	-2.989752	0.000000	25413.941406	118.860062	25639.601562
2003	02	0.000000	-0.372481	0.372481	0.372481	-0.000000	-0.000000	0.000000	-11.056005	-1.559453	0.000000	25413.941406	118.839317	25639.587891
2003	02	0.000000	-0.345227	0.345227	0.345227	-0.000000	-0.000000	0.000000	-6.801390	-0.736566	0.000000	25413.941406	118.819519	25639.574219
2003	02	0.000000	-0.250239	0.250239	0.250239	-0.000000	-0.000000	0.000000	17.187258	0.354782	0.000000	25413.941406	118.801628	25639.562500
2003	02	0.000000	-0.292399	0.292399	0.292399	-0.000000	-0.000000	0.000000	1.935565	-0.734242	0.000000	25413.941406	118.785973	25639.554688
2003	02	0.000000	-0.382881	0.382881	0.382881	-0.000000	-0.000000	0.000000	-12.766960	-1.874782	0.000000	25413.941406	118.766266	25639.541016
2003	02	0.000000	-0.376932	0.376932	0.376932	-0.000000	-0.000000	0.000000	-10.657645	-1.371820	0.000000	25413.941406	118.745453	25639.525391
2003	02	0.000000	-0.363221	0.363221	0.363221	-0.000000	-0.000000	0.000000	-5.716270	-1.712196	0.000000	25413.941406	118.725578	25639.513672
2003	02	0.000000	-0.270284	0.270284	0.270284	-0.000000	-0.000000	0.000000	10.780464	-0.352954	0.000000	25413.941406	118.706894	25639.500000
2003	02	0.000000	-0.383597	0.383597	0.383597	-0.000000	-0.000000	0.000000	0.789795	-1.341718	0.000000	25413.941406	118.689117	25639.490234
2003	02	0.000000	-0.308819	0.308819	0.308819	-0.000000	-0.000000	0.000000	6.777764	-0.735962	0.000000	25413.941406	118.669273	25639.476562
2003	02	0.000000	-0.394255	0.394255	0.394255	-0.000000	-0.000000	0.000000	-6.510936	-1.711806	0.000000	25413.941406	118.650467	25639.462891
2003	02	0.000000	-0.433143	0.433143	0.433143	-0.000000	-0.000000	0.000000	-4.505305	-2.888739	0.000000	25413.941406	118.628159	25639.447266
2003	02	0.000000	-0.417089	0.417089	0.417089	-0.000000	-0.000000	0.000000	-0.209516	-2.917780	0.000000	25413.941406	118.606354	25639.433594
2003	02	0.000000	-0.464990	0.464990	0.464990	-0.000000	-0.000000	0.000000	-0.409581	-3.756836	0.000000	25413.941406	118.583702	25639.416016
2003	02	0.000000	-0.473088	0.473088	0.473088	-0.000000	-0.000000	0.000000	-4.339439	-5.078265	0.000000	25413.941406	118.560127	25639.400391
2003	03	0.000000	-0.590253	0.590253	0.590253	-0.000000	-0.000000	0.000000	-6.264850	-4.231572	0.000000	25413.941406	118.535385	25639.380859
2003	03	0.000000	-0.600445	0.600445	0.600445	-0.000000	-0.000000	0.000000	-16.457363	-6.258936	0.000000	25413.941406	118.509148	25639.361328
2003	03	0.000000	-0.615130	0.615130	0.615130	-0.000000	-0.000000	0.000000	-19.937716	-8.153460	0.000000	25413.941406	118.482887	25639.341797
2003	03	0.000000	-0.694288	0.694288	0.694288	-0.000000	-0.000000	0.000000	-12.836651	-5.747830	0.000000	25413.941406	118.454674	25639.320312
2003	03	0.000000	-0.589212	0.589212	0.589212	-0.000000	-0.000000	0.000000	-8.301004	-2.238652	0.000000	25413.941406	118.427597	25639.298828
2003	03	0.000000	-0.579534	0.579534	0.579534	-0.000000	-0.000000	0.000000	-10.662684	-3.394878	0.000000	25413.941406	118.400711	25639.279297
2003	03	0.000000	-0.573378	0.573378	0.573378	-0.000000	-0.000000	0.000000	-12.373634	-3.046633	0.000000	25413.941406	118.377083	25639.261719
2003	03	0.000000	-0.556921	0.556921	0.556921	-0.000000	-0.000000	0.000000	-9.075767	-2.619429	0.000000	25413.941406	118.350670	25639.242188
2003	03	0.000000	-0.421188	0.421188	0.421188	-0.000000	-0.000000	0.000000	-2.627684	-1.054507	0.000000	25413.941406	118.329117	25639.226562
2003	03	0.000000	-0.386683	0.386683	0.386683	-0.000000	-0.000000	0.000000	-1.837747	-1.347274	0.000000	25413.941406	118.309120	25639.212891
2003	03	0.000000	-0.469660	0.469660	0.469660	-0.000000	-0.000000	0.000000	-12.484995	-2.455400	0.000000	25413.941406	118.288948	25639.199219
2003	03	0.000000	-0.371585	0.371585	0.371585	-0.000000	-0.000000	0.000000	-2.727539	-1.642825	0.000000	25413.941406	118.267776	25639.185547
2003	03	0.000000	-0.356693	0.356693	0.356693	-0.000000	-0.000000	0.000000	1.221024	-0.375473	0.000000	25413.941406	118.250130	25639.173828
2003	03	0.000000	-0.313802	0.313802	0.313802	-0.000000	-0.000000	0.000000	6.581866	-0.669542	0.000000	25413.941406	118.233009	25639.164062
2003	03	0.000000	-0.303370	0.303370	0.303370	-0.000000	-0.000000	0.000000	7.798116	-0.552549	0.000000	25413.941406	118.215881	25639.152344
2003	03	0.000000	-0.306619	0.306619	0.306619	-0.000000	-0.000000	0.000000	3.896248	-0.683754	0.000000	25413.941406	118.199806	25639.142578
2003	03	0.000000	-0.399134	0.399134	0.399134	-0.000000	-0.000000	0.000000	-10.062350	-2.056928	0.000000	25413.941406	118.181549	25639.130859
2003	03	0.000000	-0.417476	0.417476	0.417476	-0.000000	-0.000000	0.000000	-8.914192	-2.008809	0.000000	25413.941406	118.161545	25639.117188
2003	03	0.000000	-0.421968	0.421968	0.421968	-0.000000	-0.000000	0.000000	-6.555226	-1.683619	0.000000	25413.941406	118.141327	25639.103516
2003	03	0.000000	-0.412473	0.412473	0.412473	-0.000000	-0.000000	0.000000	-1.640404	-0.667794	0.000000	25413.941406	118.121429	25639.089844
2003	03	0.000000	-0.474209	0.474209	0.474209	-0.000000	-0.000000	0.000000	-5.214830	-2.069501	0.000000	25413.941406	118.100212	25639.076172
2003	03	0.000000	-0.451709	0.451709	0.451709	-0.000000	-0.000000	0.000000	-5.700224	-4.326229	0.000000	25413.941406	118.078384	25639.060547
2003	03	0.000000	-0.351859	0.351859	0.351859	-0.000000	-0.000000	0.000000	7.657256	-0.998484	0.000000	25413.941406	118.058784	25639.046875
2003	03	0.000000	-0.293184	0.293184	0.293184	-0.000000	-0.000000	0.000000	16.777771	0.038216	0.000000	25413.941406	118.042549	25639.037109
2003	03	0.000000	-0.430814	0.430814	0.430814	-0.000000	-0.000000	0.000000	2.701395	-0.597406	0.000000	25413.941406	118.024147	25639.025391
2003	03	0.000000	-0.432987	0.432987	0.432987	-0.000000	-0.000000	0.000000	-4.056526	-1.792810	0.000000	25413.941406	118.002983	25639.011719
2003	03	0.000000	-0.425671	0.425671	0.425671	-0.000000	-0.000000	0.000000	-0.079103	-1.367308	0.000000	25413.941406	117.982529	25638.996094
2003	03	0.000000	-0.330525	0.330525	0.330525	-0.000000	-0.000000	0.000000	7.356396	0.083651	0.000000	25413.941406	117.963951	25638.984375
2003	03	0.000000	-0.358427	0.358427	0.358427	-0.000000	-0.000000	0.000000	-4.092381	-0.746636	0.000000	25413.941406	117.946274	25638.972656
2003	03	0.000000	-0.364393	0.364393	0.364393	-0.000000	-0.000000	0.000000	2.516953	0.016905	0.000000	25413.941406	117.928131	25638.960938
2003	03	0.000000	-0.348627	0.348627	0.348627	-0.000000	-0.000000	0.000000	9.995517	0.523984	0.000000	25413.941406	117.910217	25638.951172
2003	04	0.000000	-0.425440	0.425440	0.425440	-0.000000	-0.000000	0.000000	-4.564342	-1.408230	0.000000	25413.941406	117.890564	25638.937500
2003	04	0.000000	-0.443432	0.443432	0.443432	-0.000000	-0.000000	0.000000	-8.100923	-1.910198	0.000000	25413.941406	117.870117	25638.923828
2003	04	0.000000	-0.579466	0.579466	0.579466	-0.000000	-0.000000	0.000000	-11.227880	-4.097376	0.000000	25413.941406	117.845871	25638.906250
2003	04	0.000000	-0.619794	0.619794	0.619794	-0.000000	-0.000000	0.000000	-10.254861	-4.074371	0.000000	25413.941406	117.819572	25638.884766
2003	04	0.000000	-0.466872	0.466872	0.466872	-0.000000	-0.000000	0.000000	-5.414158	-2.195685	0.000000	25413.941406	117.794167	25638.867188
2003	04	0.000000	-0.444641	0.444641	0.444641	-0.000000	-0.000000	0.000000	-1.980398	-1.562075	0.000000	25413.941406	117.773460	25638.851562
2003	04	0.000000	-0.441989	0.441989	0.441989	-0.000000	-0.000000	0.000000	-6.610349	-2.295806	0.000000	25413.941406	117.751617	25638.837891
2003	04	0.000000	-0.415477	0.415477	0.415477	-0.000000	-0.000000	0.000000	-1.522004	-1.063833	0.000000	25413.941406	117.730698	25638.822266
2003	04	0.000000	-0.381113	0.381113	0.381113	-0.000000	-0.000000	0.000000	5.809282	0.868734	0.000000	25413.941406	117.710938	25638.808594
2003	04	0.000000	-0.395877	0.395877	0.395877	-0.000000	-0.000000	0.000000	2.159626	0.211654	0.000000	25413.941406	117.691971	25638.796875
2003	04	0.000000	-0.497834	0.497834	0.497834	-0.000000	-0.000000	0.000000	-3.075529	-1.500417	0.000000	25413.941406	117.670486	25638.781250
2003	04	0.000000	-0.518537	0.518537	0.518537	-0.000000	-0.000000	0.000000	-11.431575	-3.616652	0.000000	25413.941406	117.646568	25638.763672
2003	04	0.000000	-0.546163	0.546163	0.546163	-0.000000	-0.000000	0.000000	-17.717949	-5.882625	0.000000	25413.941406	117.622253	25638.746094
2003	04	0.000000	-0.698077	0.698077	0.698077	-0.000000	-0.000000	0.000000	-16.524542	-4.643497	0.000000	25413.941406	117.595108	25638.726562
2003	04	0.000000	-0.593200	0.593200	0.593200	-0.000000	-0.000000	0.000000	-11.361010	-2.453581	0.000000	25413.941406	117.567337	25638.705078
2003	04	0.000000	-0.545631	0.545631	0.545631	-0.000000	-0.000000	0.000000	-8.363664	-1.674586	0.000000	25413.941406	117.541298	25638.685547
2003	04	0.000000	-0.640550	0.640550	0.640550	-0.000000	-0.000000	0.000000	-9.753088	-4.861267	0.000000	25413.941406	117.515289	25638.666016
2003	04	0.000000	-0.644430	0.644430	0.644430	-0.000000	-0.000000	0.000000	-5.917358	-2.701483	0.000000	25413.941406	117.487175	25638.642578
2003	04	0.000000	-0.589937	0.589937	0.589937	-0.000000	-0.000000	0.000000	-7.697043	-2.829668	0.000000	25413.941406	117.459908	25638.623047
2003	04	0.000000	-0.482057	0.482057	0.482057	-0.000000	-0.000000	0.000000	1.953948	-0.463343	0.000000	25413.941406	117.436302	25638.605469
2003	04	0.000000	-0.579640	0.579640	0.579640	-0.000000	-0.000000	0.000000	-3.524779	-0.488195	0.000000	25413.941406	117.411827	25638.587891
2003	04	0.000000	-0.517590	0.517590	0.517590	-0.000000	-0.000000	0.000000	-7.123121	-2.319230	0.000000	25413.941406	117.386971	25638.568359
2003	04	0.000000	-0.498969	0.498969	0.498969	-0.000000	-0.000000	0.000000	-2.443336	-0.775135	0.000000	25413.941406	117.363625	25638.552734
2003	04	0.000000	-0.522347	0.522347	0.522347	-0.000000	-0.000000	0.000000	-4.831888	-1.125267	0.000000	25413.941406	117.340019	25638.535156
2003	04	0.000000	-0.564803	0.564803	0.564803	-0.000000	-0.000000	0.000000	-9.662993	-1.772467	0.000000	25413.941406	117.315430	25638.517578
2003	04	0.000000	-0.635982	0.635982	0.635982	-0.000000	-0.000000	0.000000	-4.657533	0.618694	0.000000	25413.941406	117.288834	25638.496094
2003	04	0.000000	-0.558488	0.558488	0.558488	-0.000000	-0.000000	0.000000	-8.647700	-0.153674	0.000000	25413.941406	117.262306	25638.476562
2003	04	0.000000	-0.521960	0.521960	0.521960	-0.000000	-0.000000	0.000000	-3.244861	0.992852	0.000000	25413.941406	117.238113	25638.458984
2003	04	0.000000	-0.519992	0.519992	0.519992	-0.000000	-0.000000	0.000000	-0.035866	1.273174	0.000000	25413.941406	117.214684	25638.441406
2003	04	0.000000	-0.563004	0.563004	0.563004	-0.000000	-0.000000	0.000000	-2.720949	1.310424	0.000000	25413.941406	117.189423	25638.421875
2003	05	0.000000	-0.599227	0.599227	0.599227	-0.000000	-0.000000	0.000000	-4.478299	-0.088935	0.000000	25413.941406	117.164291	25638.404297
2003	05	0.000000	-0.522401	0.522401	0.522401	-0.000000	-0.000000	0.000000	5.039078	3.018889	0.000000	25413.941406	117.139862	25638.386719
2003	05	0.000000	-0.567505	0.567505	0.567505	-0.000000	-0.000000	0.000000	-4.392414	3.228709	0.000000	25413.941406	117.115532	25638.369141
2003	05	0.000000	-0.554779	0.554779	0.554779	-0.000000	-0.000000	0.000000	-2.206597	3.015887	0.000000	25413.941406	117.090988	25638.349609
2003	05	0.000000	-0.553952	0.553952	0.553952	-0.000000	-0.000000	0.000000	-3.570943	1.990267	0.000000	25413.941406	117.066750	25638.332031
2003	05	0.000000	-0.557875	0.557875	0.557875	-0.000000	-0.000000	0.000000	-3.960097	0.408324	0.000000	25413.941406	117.042343	25638.314453
2003	05	0.000000	-0.517780	0.517780	0.517780	-0.000000	-0.000000	0.000000	11.389571	7.206595	0.000000	25413.941406	117.018799	25638.296875
2003	05	0.000000	-0.458458	0.458458	0.458458	-0.000000	-0.000000	0.000000	9.579844	4.032836	0.000000	25413.941406	116.996422	25638.281250
2003	05	0.000000	-0.472452	0.472452	0.472452	-0.000000	-0.000000	0.000000	12.593677	8.461727	0.000000	25413.941406	116.975586	25638.267578
2003	05	0.000000	-0.675797	0.676980	0.676980	-0.000000	-0.000000	0.001182	1.526462	6.247057	0.000000	25413.941406	116.949829	25638.248047
2003	05	0.000000	-0.677958	0.806278	0.806278	-0.000000	-0.000000	0.128320	0.511210	5.048452	0.000000	25413.943359	116.921524	25638.224609
2003	05	0.000000	-0.678927	0.870140	0.870140	-0.000000	-0.000000	0.191213	3.124706	5.953114	0.000000	25413.951172	116.893143	25638.195312
2003	05	0.000000	-0.666763	0.874404	0.874404	-0.000000	-0.000000	0.207641	4.214547	5.647572	0.000000	25413.958984	116.865051	25638.167969
2003	05	0.000000	-0.652023	0.846707	0.846707	-0.000000	-0.000000	0.194685	0.115132	4.856080	0.000000	25413.966797	116.837379	25638.140625
2003	05	0.000000	-0.662110	0.853647	0.853647	-0.000000	-0.000000	0.191537	0.176731	3.625979	0.000000	25413.974609	116.809708	25638.113281
2003	05	0.000000	-0.608909	0.799160	0.799160	-0.000000	-0.000000	0.190252	4.860025	8.228138	0.000000	25413.982422	116.782959	25638.085938
2003	05	0.000000	-0.584948	0.764944	0.764944	-0.000000	-0.000000	0.179996	-1.135988	7.205795	0.000000	25413.990234	116.757179	25638.060547
2003	05	0.000000	-0.598003	0.762137	0.762137	-0.000000	-0.000000	0.164134	-4.192274	12.123948	0.000000	25413.998047	116.731743	25638.037109
2003	05	0.000000	-0.640519	0.844413	0.844413	-0.000000	-0.000000	0.203894	-4.811804	18.907084	0.000000	25414.003906	116.705315	25638.009766
2003	05	0.000000	-0.625768	0.876429	0.876429	-0.000000	-0.000000	0.250660	-11.874347	18.375437	0.000000	25414.013672	116.678474	25637.982422
2003	05	0.000000	-0.646459	0.966315	0.966315	-0.000000	-0.000000	0.319856	-5.620777	15.261461	0.000000	25414.025391	116.651459	25637.953125
2003	05	0.000000	-0.643131	1.036806	1.036806	-0.000000	-0.000000	0.393674	-0.548796	11.269164	0.000000	25414.041016	116.624260	25637.919922
2003	05	0.000000	-0.616365	1.005003	1.005003	-0.000000	-0.000000	0.388638	-0.344334	7.047681	0.000000	25414.056641	116.597626	25637.886719
2003	05	0.000000	-0.607917	0.965478	0.965478	-0.000000	-0.000000	0.357561	0.640747	12.731815	0.000000	25414.072266	116.571449	25637.855469
2003	05	0.000000	-0.595042	1.607936	1.607936	-0.000001	-0.000001	1.012893	2.429585	17.893641	0.000000	25414.103516	116.545700	25637.812500
2003	05	0.000000	-0.615117	2.646332	2.646332	-0.000001	-0.000001	2.031215	2.236905	23.137054	0.000000	25414.171875	116.519745	25637.734375
2003	05	0.000000	-0.633631	2.745705	2.745705	-0.000001	-0.000001	2.112074	-5.508184	18.760185	0.000000	25414.253906	116.493233	25637.648438
2003	05	0.000000	-0.678403	2.254336	2.254336	-0.000001	-0.000001	1.575933	-26.677818	17.619442	0.000000	25414.316406	116.465630	25637.574219
2003	05	0.000000	-0.653618	2.312407	2.312407	-0.000001	-0.000001	1.658789	-15.164236	26.906328	0.000000	25414.376953	116.437752	25637.501953
2003	05	0.000000	-0.681638	6.111727	6.111727	-0.000002	-0.000002	5.430089	0.973104	7.431911	0.000000	25414.513672	116.409760	25637.359375
2003	05	0.000000	-0.726247	11.866893	11.866893	-0.000004	-0.000004	11.140646	7.302495	5.505063	0.000000	25414.763672	116.380974	25637.101562
2003	06	0.000000	-0.775386	26.827806	26.827806	-0.000010	-0.000010	26.052420	68.070663	29.744400	0.000000	25415.447266	116.349380	25636.433594
2003	06	0.000000	-0.716662	25.673672	25.673672	-0.000010	-0.000010	24.957008	78.123055	27.226572	0.000000	25416.312500	116.318161	25635.527344
2003	06	0.000000	-0.683186	19.828550	19.828550	-0.000008	-0.000008	19.145365	89.814865	30.523899	0.000000	25416.904297	116.288643	25634.789062
2003	06	0.000000	-0.621051	17.392130	17.392130	-0.000007	-0.000007	16.771078	79.164688	67.465431	0.000000	25417.322266	116.260605	25634.167969
2003	06	0.000000	-0.636211	15.924170	15.924170	-0.000006	-0.000006	15.287959	96.492508	56.503063	0.000000	25417.648438	116.233337	25633.617188
2003	06	0.000000	-0.721464	16.239725	16.239725	-0.000006	-0.000006	15.518263	92.008492	38.511753	0.000000	25417.921875	116.204720	25633.089844
2003	06	0.000000	-0.832308	17.104183	17.104183	-0.000007	-0.000007	16.271875	80.380173	54.420818	0.000000	25418.177734	116.171761	25632.525391
2003	06	0.000000	-0.763316	16.496206	16.496206	-0.000006	-0.000006	15.732892	80.584686	40.331043	0.000000	25418.406250	116.138756	25631.964844
2003	06	0.000000	-0.759752	16.495787	16.495787	-0.000006	-0.000006	15.736035	88.425522	44.593475	0.000000	25418.607422	116.106934	25631.417969
2003	06	0.000000	-0.690809	16.107271	16.107271	-0.000006	-0.000006	15.416464	79.802467	28.705349	0.000000	25418.791016	116.076477	25630.871094
2003	06	0.000000	-0.694598	15.977011	15.977011	-0.000006	-0.000006	15.282413	81.256332	36.656082	0.000000	25418.953125	116.046959	25630.333984
2003	06	0.000000	-0.635755	15.029422	15.029422	-0.000006	-0.000006	14.393666	130.391357	53.490700	0.000000	25419.095703	116.018410	25629.820312
2003	06	1.122962	0.427858	13.346878	12.223916	-0.000005	-0.000005	12.651773	152.101120	44.135597	3116.482422	25419.210938	115.999832	25629.357422
2003	06	4.451050	3.309313	13.478525	9.027475	-0.000003	-0.000003	12.336787	131.735321	44.660938	12352.704102	25419.304688	116.054527	25629.005859
2003	06	9.187905	7.419421	14.658718	5.470812	-0.000002	-0.000002	12.890233	118.539413	39.010544	25498.587891	25419.388672	116.221863	25628.761719
2003	06	14.131574	11.706363	15.405101	1.273527	-0.000000	-0.000000	12.979889	121.765892	41.588596	39218.421875	25419.464844	116.539680	25628.650391
2003	06	18.293242	15.257595	15.639245	-2.653997	0.000001	0.000001	12.603599	118.259750	52.036930	50768.019531	25419.531250	116.985008	25628.675781
2003	06	18.941515	15.675729	15.076208	-3.865307	0.000001	0.000001	11.810422	111.852310	46.035812	52567.132812	25419.583984	117.515282	25628.804688
2003	06	17.329020	14.154534	13.488020	-3.840999	0.000001	0.000001	10.313536	151.813980	40.937912	48092.078125	25419.625000	117.993744	25628.921875
2003	06	20.047087	16.392752	13.764043	-6.283043	0.000002	0.000002	10.109707	134.310486	36.617916	55635.351562	25419.658203	118.496178	25629.091797
2003	06	26.474398	21.839544	15.056499	-11.417901	0.000004	0.000004	10.421643	131.927063	37.400318	73472.648438	25419.685547	119.111862	25629.375000
2003	06	29.930939	24.600838	15.661005	-14.269935	0.000006	0.000006	10.330904	140.651413	38.594303	83065.351562	25419.703125	119.898193	25629.818359
2003	06	35.256882	28.876404	16.788382	-18.468502	0.000007	0.000007	10.407902	134.351852	36.929127	97846.101562	25419.714844	120.773170	25630.355469
2003	06	42.919384	34.993065	18.374231	-24.545153	0.000009	0.000009	10.447911	126.826485	38.508533	119111.328125	25419.716797	121.815742	25631.056641
2003	06	49.530388	39.930553	19.868515	-29.661871	0.000011	0.000011	10.268683	118.243942	33.409504	137458.406250	25419.707031	123.092674	25631.996094
2003	06	56.552105	44.619350	22.231737	-34.320370	0.000013	0.000013	10.298981	109.903183	32.605251	156945.312500	25419.689453	124.479668	25633.048828
2003	06	69.837212	52.654400	28.167006	-41.670200	0.000016	0.000016	10.984198	80.924637	36.130596	193814.593750	25419.660156	126.132446	25634.353516
2003	06	70.247444	49.969727	30.853930	-39.393517	0.000015	0.000015	10.576214	42.799728	31.494961	194953.093750	25419.623047	127.797844	25635.664062
2003	06	70.336449	46.421917	34.269424	-36.067020	0.000014	0.000014	10.354896	88.326927	32.371544	195200.078125	25419.580078	129.416687	25636.943359
2003	06	73.174316	43.260311	40.356014	-32.818302	0.000013	0.000013	10.442013	83.093788	31.476130	203075.828125	25419.531250	130.969299	25638.156250
2003	07	74.596092	43.211018	41.749001	-32.847095	0.000012	0.000012	10.363923	63.935368	21.915104	200343.468750	25419.486328	132.189758	25639.042969
2003	07	90.808357	47.155289	54.946072	-35.862289	0.000013	0.000013	11.293001	25.764954	33.175892	243884.953125	25419.431641	133.756607	25640.265625
2003	07	73.744873	32.293652	52.805946	-20.938923	0.000008	0.000008	11.354729	34.608147	37.859230	198057.328125	25419.375000	134.990753	25641.144531
2003	07	89.059479	47.167137	52.940742	-36.118736	0.000013	0.000013	11.048399	89.629890	44.246788	239187.937500	25419.312500	136.301392	25642.095703
2003	07	58.188423	21.749878	46.938660	-11.249763	0.000004	0.000004	10.500113	33.124622	27.635521	156277.234375	25419.251953	137.439316	25642.896484
2003	07	82.850166	39.279377	54.659668	-28.190495	0.000011	0.000011	11.088882	69.041222	44.522717	222511.515625	25419.193359	138.331238	25643.453125
2003	07	85.674446	37.760647	58.970245	-26.704193	0.000010	0.000010	11.056451	59.672405	53.843880	230096.718750	25419.123047	139.584930	25644.351562
2003	07	88.508621	35.030506	65.070175	-23.438442	0.000009	0.000009	11.592066	63.761883	65.583565	237708.500000	25419.048828	140.771469	25645.181641
2003	07	80.592178	30.152378	61.971352	-18.620829	0.000007	0.000007	11.531550	67.972015	55.227215	216447.234375	25418.970703	141.817017	25645.861328
2003	07	85.999756	34.042423	63.545296	-22.454462	0.000008	0.000008	11.587961	46.555576	33.658035	230970.421875	25418.892578	142.728851	25646.410156
2003	07	103.090973	41.845562	73.282867	-29.808109	0.000011	0.000011	12.037455	50.733894	47.075424	276872.468750	25418.802734	144.054443	25647.359375
2003	07	91.082947	31.788147	71.183212	-19.899731	0.000007	0.000007	11.888416	48.253059	49.828121	244622.390625	25418.712891	145.217636	25648.140625
2003	07	86.580856	31.281425	66.563866	-20.016989	0.000007	0.000007	11.264436	76.273201	53.970600	232531.093750	25418.623047	146.294083	25648.853516
2003	07	82.819969	31.669142	61.718010	-21.101961	0.000008	0.000008	10.567180	92.794159	47.596813	222430.437500	25418.535156	147.222168	25649.441406
2003	07	28.983616	-9.231143	48.409267	19.425652	-0.000007	-0.000007	10.194509	36.097767	59.735046	77841.585938	25418.458984	147.816711	25649.712891
2003	07	51.540035	15.822842	45.021202	-6.518833	0.000002	0.000002	9.304008	59.194530	50.419426	138421.593750	25418.410156	147.661774	25649.248047
2003	07	50.441002	15.503591	43.990475	-6.450526	0.000002	0.000002	9.053065	59.016609	66.272369	135469.906250	25418.341797	148.288910	25649.585938
2003	07	56.556301	20.393734	44.872803	-11.683498	0.000004	0.000004	8.710235	79.530815	58.195602	151893.828125	25418.277344	148.742401	25649.767578
2003	07	82.202194	33.936977	58.101978	-24.100218	0.000009	0.000009	9.836762	81.038116	53.582489	220771.265625	25418.201172	149.625275	25650.357422
2003	07	103.060478	42.681194	70.886787	-32.173691	0.000012	0.000012	10.507506	59.347202	65.173676	276790.562500	25418.105469	150.885895	25651.294922
2003	07	100.755043	34.758335	76.826790	-23.928259	0.000009	0.000009	10.830074	62.188122	56.278690	270598.875000	25418.001953	152.227188	25652.300781
2003	07	96.466660	37.650524	69.251785	-27.214880	0.000010	0.000010	10.435645	56.608673	39.646946	259081.484375	25417.896484	153.208755	25652.943359
2003	07	86.882217	29.829575	67.067131	-19.815086	0.000007	0.000007	10.014487	36.580936	42.740391	233340.468750	25417.796875	154.339920	25653.753906
2003	07	93.742203	36.793915	66.519073	-27.223124	0.000010	0.000010	9.570789	35.237156	41.662739	251764.375000	25417.699219	155.406021	25654.515625
2003	07	55.643707	9.740745	55.297344	-0.346365	0.000000	0.000000	9.394379	18.594154	26.634325	149442.875000	25417.609375	156.106384	25654.917969
2003	07	73.665642	28.247944	54.293842	-19.371801	0.000007	0.000007	8.876143	53.224239	36.978851	197844.562500	25417.525391	156.836380	25655.361328
2003	07	42.933125	7.227256	43.726048	0.792923	-0.000000	-0.000000	8.020180	51.630169	42.617924	115305.921875	25417.447266	157.322128	25655.585938
2003	07	50.124039	13.113378	45.260174	-4.863866	0.000002	0.000002	8.249512	72.840080	35.371178	134618.640625	25417.373047	157.745575	25655.753906
2003	07	46.791798	11.727533	42.979988	-3.811808	0.000001	0.000001	7.915725	66.951050	38.316486	125669.210938	25417.302734	158.033249	25655.792969
2003	07	55.736080	15.342551	48.944241	-6.791837	0.000003	0.000003	8.550714	67.569725	39.983433	149690.953125	25417.222656	158.574905	25656.074219
2003	07	43.661716	10.262936	41.357216	-2.304499	0.000001	0.000001	7.958436	77.907967	32.062099	117262.718750	25417.146484	158.934525	25656.177734
2003	08	33.230396	2.265731	39.041180	5.810786	-0.000002	-0.000002	8.076518	51.596310	24.528687	89247.203125	25417.076172	159.189529	25656.183594
2003	08	52.596130	18.447226	42.339359	-10.256774	0.000004	0.000004	8.190452	59.213581	20.312429	141257.968750	25417.005859	159.458069	25656.199219
2003	08	51.814213	16.176453	43.960060	-7.854150	0.000003	0.000003	8.322303	49.962830	22.822798	139157.968750	25416.923828	160.075012	25656.556641
2003	08	39.090504	7.315430	39.928810	0.838304	-0.000000	-0.000000	8.153734	21.314968	22.939465	104985.765625	25416.845703	160.440308	25656.666016
2003	08	45.924622	13.417580	40.626831	-5.297788	0.000002	0.000002	8.119793	50.023304	24.969040	123340.210938	25416.769531	160.731171	25656.703125
2003	08	40.861549	10.039967	39.112469	-1.749078	0.000001	0.000001	8.290889	47.780636	34.788815	109742.273438	25416.691406	161.153671	25656.869141
2003	08	43.999573	13.111873	39.054092	-4.945482	0.000002	0.000002	8.166391	59.374184	31.105373	118170.101562	25416.613281	161.556168	25657.015625
2003	08	41.386532	10.452841	39.197212	-2.189318	0.000001	0.000001	8.263523	52.329517	26.730919	111152.218750	25416.537109	161.894516	25657.097656
2003	08	50.232418	14.327326	44.490681	-5.741736	0.000002	0.000002	8.585589	45.315727	33.456387	134909.703125	25416.455078	162.333542	25657.275391
2003	08	53.727966	13.521085	49.527859	-4.200106	0.000002	0.000002	9.320981	15.602734	31.284981	144297.750000	25416.361328	162.792694	25657.451172
2003	08	38.937466	9.272704	38.397423	-0.540044	0.000000	0.000000	8.732660	42.611019	25.978251	104574.750000	25416.271484	163.123444	25657.500000
2003	08	33.195343	7.199882	34.126518	0.931176	-0.000000	-0.000000	8.131057	52.399498	28.787453	89153.062500	25416.189453	163.468231	25657.582031
2003	08	29.728493	5.965397	31.326893	1.598398	-0.000001	-0.000001	7.563796	60.287598	20.729469	79842.117188	25416.119141	163.640366	25657.511719
2003	08	27.567854	4.256774	30.856550	3.288693	-0.000001	-0.000001	7.545467	37.125278	18.401285	74039.265625	25416.046875	163.849258	25657.486328
2003	08	21.607117	-0.143750	29.304930	7.697813	-0.000003	-0.000003	7.554064	7.448338	26.122026	58030.457031	25415.984375	163.898682	25657.300781
2003	08	20.565399	-0.806376	29.206850	8.641450	-0.000003	-0.000003	7.835073	4.119847	17.682228	55232.703125	25415.921875	163.891296	25657.056641
2003	08	25.586668	3.920300	29.689487	4.102819	-0.000002	-0.000002	8.023119	17.531246	11.975503	68718.382812	25415.855469	163.900650	25656.816406
2003	08	29.510082	6.306991	31.495134	1.985051	-0.000001	-0.000001	8.292042	18.109575	9.496427	79255.523438	25415.777344	164.145859	25656.806641
2003	08	32.948364	9.937037	31.160595	-1.787770	0.000001	0.000001	8.149267	25.862932	12.901908	88489.757812	25415.697266	164.377960	25656.783203
2003	08	34.927822	11.213860	31.935698	-2.992126	0.000001	0.000001	8.221734	36.036690	19.321779	93806.007812	25415.613281	164.746536	25656.896484
2003	08	30.553364	7.992074	30.648912	0.095548	-0.000000	-0.000000	8.087622	33.934578	20.228716	82057.476562	25415.529297	165.089294	25656.984375
2003	08	25.605667	5.013507	28.432652	2.826984	-0.000001	-0.000001	7.840492	31.979055	12.915184	68769.398438	25415.451172	165.295425	25656.943359
2003	08	24.021082	4.703415	27.016220	2.995138	-0.000001	-0.000001	7.698553	34.799397	13.812669	64513.664062	25415.378906	165.404205	25656.812500
2003	08	28.580299	8.213015	28.134808	-0.445491	0.000000	0.000000	7.767523	40.741322	14.787956	76758.398438	25415.300781	165.675049	25656.841797
2003	08	22.707449	3.555763	26.856920	4.149471	-0.000002	-0.000002	7.705234	24.783274	30.338964	60985.632812	25415.222656	165.889923	25656.814453
2003	08	18.567026	2.385109	23.068577	4.501552	-0.000002	-0.000002	6.886661	43.295525	22.453524	49865.652344	25415.156250	165.957031	25656.656250
2003	08	19.165897	2.724668	23.286545	4.120647	-0.000002	-0.000002	6.845315	45.082928	14.694847	51474.042969	25415.091797	166.058777	25656.546875
2003	08	20.333429	2.500037	25.124008	4.790579	-0.000002	-0.000002	7.290617	23.367344	16.692217	54609.699219	25415.027344	166.142700	25656.412109
2003	08	20.034662	1.777816	25.846531	5.811867	-0.000002	-0.000002	7.589683	6.011890	16.834530	53807.292969	25414.957031	166.222778	25656.261719
2003	08	22.898014	3.678946	27.271084	4.373069	-0.000002	-0.000002	8.052016	18.677525	14.449036	61497.425781	25414.882812	166.295044	25656.089844
2003	08	21.725416	4.314059	25.262976	3.537562	-0.000001	-0.000001	7.851620	28.814331	13.162920	58348.171875	25414.802734	166.487930	25656.035156
2003	09	13.859044	-0.776597	21.919039	8.059994	-0.000003	-0.000003	7.283396	6.366616	20.636936	38462.085938	25414.732422	166.550781	25655.859375
2003	09	16.449696	0.775763	23.065565	6.615870	-0.000003	-0.000003	7.391633	-12.849976	10.810212	45651.750000	25414.667969	166.522964	25655.597656
2003	09	16.248045	0.527543	23.397341	7.149297	-0.000003	-0.000003	7.676840	-7.632840	8.006455	45092.125000	25414.595703	166.587952	25655.419922
2003	09	15.134594	0.294213	22.487083	7.352490	-0.000003	-0.000003	7.646703	-3.857371	5.793214	42002.039062	25414.523438	166.593506	25655.177734
2003	09	14.433357	0.336999	21.619280	7.185923	-0.000003	-0.000003	7.522922	2.494520	6.256775	40055.941406	25414.451172	166.626099	25654.966797
2003	09	12.041663	-0.718604	20.153505	8.111841	-0.000003	-0.000003	7.393237	3.733934	12.953073	33418.433594	25414.382812	166.609451	25654.710938
2003	09	15.557282	1.950313	21.038237	5.480954	-0.000002	-0.000002	7.431268	-3.191219	14.464228	43175.093750	25414.310547	166.645020	25654.507812
2003	09	18.249582	2.650548	23.377419	5.127835	-0.000002	-0.000002	7.778383	-24.884670	17.442623	50646.859375	25414.232422	166.725052	25654.345703
2003	09	13.038919	0.010449	20.748791	7.709871	-0.000003	-0.000003	7.720320	0.527106	16.413837	36186.050781	25414.152344	166.791550	25654.160156
2003	09	11.211170	-0.658723	19.206009	7.994839	-0.000003	-0.000003	7.336115	-4.873658	11.622085	31113.619141	25414.078125	166.803574	25653.931641
2003	09	9.104192	-1.959868	18.472794	9.368602	-0.000004	-0.000004	7.408734	3.892260	8.752838	25266.259766	25414.011719	166.764603	25653.656250
2003	09	3.538830	-5.903412	16.456234	12.917405	-0.000005	-0.000005	7.013993	-5.279928	20.706112	9821.080078	25413.943359	166.683548	25653.343750
2003	09	0.094252	-8.076704	14.990175	14.895923	-0.000006	-0.000006	6.819219	-2.725373	8.896094	261.571136	25413.878906	166.437714	25652.876953
2003	09	1.979752	-6.010312	14.762686	12.782933	-0.000005	-0.000005	6.772621	2.672839	5.217294	5494.274414	25413.814453	166.209320	25652.429688
2003	09	3.505357	-4.499137	14.685005	11.179648	-0.000004	-0.000004	6.680511	2.619754	5.915030	9728.185547	25413.750000	166.037674	25652.042969
2003	09	6.598558	-2.410078	15.991580	9.393022	-0.000004	-0.000004	6.982944	-25.499914	-1.512561	18312.542969	25413.685547	165.911865	25651.701172
2003	09	6.634557	-2.229589	16.121672	9.487114	-0.000004	-0.000004	7.257525	3.192514	4.540431	18412.447266	25413.615234	165.857117	25651.416016
2003	09	6.254212	-1.724565	14.596270	8.342057	-0.000003	-0.000003	6.617492	9.855526	5.889053	17356.902344	25413.546875	165.794983	25651.130859
2003	09	6.108826	-1.816861	14.411701	8.302876	-0.000003	-0.000003	6.486014	9.194160	4.850736	16953.419922	25413.482422	165.730637	25650.859375
2003	09	5.121228	-2.413141	13.817369	8.696140	-0.000003	-0.000003	6.283000	7.103172	8.224463	14212.605469	25413.417969	165.674133	25650.597656
2003	09	4.349225	-2.692181	12.786036	8.436811	-0.000003	-0.000003	5.744631	8.516197	11.127790	12070.114258	25413.357422	165.590668	25650.322266
2003	09	4.251646	-2.672917	12.144253	7.892608	-0.000003	-0.000003	5.219691	11.480561	5.872299	11799.311523	25413.300781	165.499130	25650.058594
2003	09	4.313271	-2.679493	11.958544	7.645272	-0.000003	-0.000003	4.965779	0.548394	6.393097	11970.335938	25413.248047	165.408157	25649.808594
2003	09	4.553198	-2.425850	11.758885	7.205687	-0.000003	-0.000003	4.779837	2.200334	4.821514	12636.190430	25413.197266	165.325836	25649.572266
2003	09	3.755821	-2.750520	10.833905	7.078085	-0.000003	-0.000003	4.327565	3.521465	4.590989	10423.280273	25413.148438	165.248306	25649.349609
2003	09	3.313042	-2.767156	9.941272	6.628230	-0.000003	-0.000003	3.861074	5.712292	2.844149	9194.467773	25413.105469	165.152679	25649.128906
2003	09	3.181177	-2.819224	9.687496	6.506319	-0.000003	-0.000003	3.687094	-0.134328	3.306531	8828.510742	25413.064453	165.056274	25648.916016
2003	09	3.441896	-3.048217	10.358454	6.916556	-0.000003	-0.000003	3.868340	-6.330931	1.613121	9552.068359	25413.023438	164.957291	25648.701172
2003	09	3.479190	-2.638038	9.855521	6.376331	-0.000002	-0.000002	3.738293	-4.318384	0.716689	9655.566406	25412.980469	164.866241	25648.490234
2003	09	3.015640	-3.026860	9.607731	6.592091	-0.000003	-0.000003	3.565231	-2.879357	0.679982	8369.106445	25412.941406	164.768646	25648.283203
2003	10	2.897629	-3.325763	10.047428	7.149799	-0.000003	-0.000003	3.824035	-2.936982	0.462650	7782.191895	25412.902344	164.668594	25648.068359
2003	10	2.137467	-3.920304	10.096185	7.958717	-0.000003	-0.000003	4.038414	-18.782536	-0.231323	5740.616211	25412.863281	164.505875	25647.845703
2003	10	4.138156	-2.829149	12.714671	8.576514	-0.000003	-0.000003	5.747366	-25.660692	-5.366313	11113.889648	25412.820312	164.026947	25647.583984
2003	10	3.396580	-3.601738	13.738248	10.341668	-0.000004	-0.000004	6.739930	-15.464062	1.445310	9122.229492	25412.789062	163.159164	25647.296875
2003	10	1.930078	-4.423489	13.525209	11.595131	-0.000004	-0.000004	7.171643	9.692830	11.032732	5183.628906	25412.783203	161.867416	25646.960938
2003	10	0.570255	-5.363380	12.839634	12.269380	-0.000005	-0.000005	6.905999	6.436762	13.003952	1531.539429	25412.798828	160.141754	25646.595703
2003	10	0.000000	-6.057790	12.358086	12.358086	-0.000005	-0.000005	6.300296	4.702952	13.979741	0.000000	25412.833984	157.985107	25646.212891
2003	10	0.071127	-6.539483	11.898353	11.827226	-0.000004	-0.000004	5.287742	-1.148547	4.273338	191.027222	25412.875000	155.409637	25645.843750
2003	10	0.294847	-7.248985	13.704728	13.409881	-0.000005	-0.000005	6.160897	-1.467032	-0.356310	791.874023	25412.933594	152.405106	25645.451172
2003	10	0.418706	-8.401956	16.336851	15.918144	-0.000006	-0.000006	7.516188	-1.939996	0.139413	1124.523560	25413.046875	148.958466	25644.974609
2003	10	0.431012	-10.113012	18.583189	18.152178	-0.000007	-0.000007	8.039165	-5.873874	1.512330	1157.574463	25413.197266	145.058533	25644.419922
2003	10	0.351581	-12.758134	20.905735	20.554153	-0.000008	-0.000008	7.796020	-10.204538	5.857235	944.244019	25413.367188	140.687515	25643.789062
2003	10	0.230652	-15.427934	23.621706	23.391054	-0.000009	-0.000009	7.963120	-5.365666	1.360670	619.463318	25413.556641	135.815857	25643.050781
2003	10	0.088926	-19.480223	25.222010	25.133085	-0.000009	-0.000009	5.652861	-5.948870	0.467530	238.828217	25413.705078	130.456894	25642.273438
2003	10	0.055281	-28.899733	34.506081	34.450802	-0.000013	-0.000013	5.551071	-2.097423	1.813104	148.467789	25413.828125	124.463844	25641.296875
2003	10	0.015966	-33.269539	38.247242	38.231274	-0.000014	-0.000014	4.961735	-5.389935	-0.756260	42.881325	25413.960938	117.841743	25640.078125
2003	10	0.000672	-36.563377	40.283432	40.282761	-0.000015	-0.000015	3.719384	2.581530	4.588374	1.805839	25414.054688	113.108177	25638.718750
2003	10	0.000000	-26.185118	29.351969	29.351969	-0.000011	-0.000011	3.166851	-1.250790	4.208882	0.000000	25414.128906	112.055130	25637.591797
2003	10	0.000000	-19.210697	21.837313	21.837313	-0.000008	-0.000008	2.626616	2.505317	3.630287	0.000000	25414.191406	111.290703	25636.740234
2003	10	0.000000	-15.244747	17.372280	17.372280	-0.000006	-0.000006	2.127532	0.067869	0.976803	0.000000	25414.244141	110.706482	25636.085938
2003	10	0.000000	-13.992918	15.788308	15.788308	-0.000006	-0.000006	1.795390	-3.568732	-1.189721	0.000000	25414.287109	110.204010	25635.527344
2003	10	0.000000	-12.744640	14.486814	14.486814	-0.000005	-0.000005	1.742175	-5.461827	-1.673321	0.000000	25414.324219	109.734848	25635.007812
2003	10	0.000000	-9.982791	11.675915	11.675915	-0.000004	-0.000004	1.693124	-4.626888	-2.446971	0.000000	25414.359375	109.331284	25634.554688
2003	10	0.000000	-8.466499	10.011187	10.011187	-0.000004	-0.000004	1.544688	-6.647678	-3.318654	0.000000	25414.390625	109.007118	25634.183594
2003	10	0.000000	-7.444398	8.818909	8.818909	-0.000003	-0.000003	1.374510	-3.309176	-1.820688	0.000000	25414.417969	108.716728	25633.853516
2003	10	0.000000	-6.673222	7.989898	7.989898	-0.000003	-0.000003	1.316676	-0.174329	-0.906917	0.000000	25414.441406	108.455772	25633.554688
2003	10	0.000000	-4.980808	6.181140	6.181140	-0.000002	-0.000002	1.200332	3.969041	-0.498237	0.000000	25414.464844	108.235641	25633.298828
2003	10	0.000000	-5.084482	5.968092	5.968092	-0.000002	-0.000002	0.883610	-4.044535	-3.322552	0.000000	25414.482422	108.053871	25633.089844
2003	10	0.000000	-4.238908	5.007589	5.007589	-0.000002	-0.000002	0.768680	-9.942334	-3.098632	0.000000	25414.496094	107.863419	25632.878906
2003	10	0.000000	-5.481309	6.119503	6.119503	-0.000002	-0.000002	0.638194	-15.923322	-1.280076	0.000000	25414.507812	107.691879	25632.691406
2003	10	0.000000	-5.347974	5.993693	5.993693	-0.000002	-0.000002	0.645719	-13.109544	-2.548448	0.000000	25414.519531	107.475136	25632.460938
2003	11	0.000000	-4.773705	5.392955	5.392955	-0.000002	-0.000002	0.619251	-4.129677	-2.321780	0.000000	25414.531250	107.283966	25632.253906
2003	11	0.000000	-3.335293	3.940382	3.940382	-0.000002	-0.000002	0.605090	-8.798307	-3.487696	0.000000	25414.541016	107.123756	25632.080078
2003	11	0.000000	-3.875182	4.449772	4.449772	-0.000002	-0.000002	0.574590	-6.885879	-2.904128	0.000000	25414.550781	106.981560	25631.923828
2003	11	0.000000	-3.417252	3.990083	3.990083	-0.000002	-0.000002	0.572831	-7.975219	-2.996599	0.000000	25414.560547	106.828079	25631.755859
2003	11	0.000000	-3.358513	3.906819	3.906819	-0.000002	-0.000002	0.548307	-10.798691	-4.323008	0.000000	25414.572266	106.692627	25631.607422
2003	11	0.000000	-3.236064	3.768855	3.768855	-0.000001	-0.000001	0.532791	-11.042397	-4.363867	0.000000	25414.580078	106.556664	25631.460938
2003	11	0.000000	-2.853961	3.357701	3.357701	-0.000001	-0.000001	0.503740	-3.610752	-1.384302	0.000000	25414.589844	106.435074	25631.326172
2003	11	0.000000	-2.294203	2.743321	2.743321	-0.000001	-0.000001	0.449119	-7.733158	-2.114055	0.000000	25414.599609	106.324409	25631.207031
2003	11	0.000000	-2.352488	2.641748	2.641748	-0.000001	-0.000001	0.289260	-8.759253	-4.192914	0.000000	25414.605469	106.228607	25631.103516
2003	11	0.000000	-1.971311	2.169282	2.169282	-0.000001	-0.000001	0.197972	-1.020975	-1.644326	0.000000	25414.609375	106.131615	25631.003906
2003	11	0.000000	-1.879925	1.975824	1.975824	-0.000001	-0.000001	0.095899	-2.834504	-1.847021	0.000000	25414.611328	106.048103	25630.921875
2003	11	0.000000	-1.566194	1.638304	1.638304	-0.000001	-0.000001	0.072110	-3.065043	-0.392283	0.000000	25414.611328	105.968033	25630.845703
2003	11	0.000000	-1.303497	1.344190	1.344190	-0.000001	-0.000001	0.040693	4.263373	-0.335370	0.000000	25414.611328	105.902580	25630.783203
2003	11	0.000000	-1.556340	1.575407	1.575407	-0.000001	-0.000001	0.019067	-2.658306	-1.098707	0.000000	25414.611328	105.834572	25630.720703
2003	11	0.000000	-1.651780	1.667271	1.667271	-0.000001	-0.000001	0.015490	-5.398458	-1.810908	0.000000	25414.611328	105.760475	25630.652344
2003	11	0.000000	-1.468757	1.482933	1.482933	-0.000001	-0.000001	0.014177	1.867551	-1.072308	0.000000	25414.611328	105.690132	25630.587891
2003	11	0.000000	-1.623991	1.636821	1.636821	-0.000001	-0.000001	0.012830	-7.899042	-3.015595	0.000000	25414.609375	105.621536	25630.523438
2003	11	0.000000	-1.468856	1.477386	1.477386	-0.000001	-0.000001	0.008530	-5.913052	-1.811919	0.000000	25414.609375	105.550888	25630.458984
2003	11	0.000000	-1.507688	1.511703	1.511703	-0.000001	-0.000001	0.004015	-10.981845	-4.164685	0.000000	25414.609375	105.483101	25630.396484
2003	11	0.000000	-1.135088	1.135295	1.135295	-0.000000	-0.000000	0.000208	-1.410483	-0.462595	0.000000	25414.609375	105.422890	25630.341797
2003	11	0.000000	-1.309280	1.309280	1.309280	-0.000001	-0.000001	0.000000	-5.765945	-1.292847	0.000000	25414.609375	105.365044	25630.289062
2003	11	0.000000	-2.063841	2.063841	2.063841	-0.000001	-0.000001	0.000000	-15.555032	-7.704179	0.000000	25414.609375	105.293213	25630.222656
2003	11	0.000000	-1.668858	1.668858	1.668858	-0.000001	-0.000001	0.000000	-18.387003	-7.158280	0.000000	25414.609375	105.214104	25630.150391
2003	11	0.000000	-1.140614	1.140614	1.140614	-0.000000	-0.000000	0.000000	-0.553991	-2.137404	0.000000	25414.609375	105.151711	25630.093750
2003	11	0.000000	-1.275439	1.275439	1.275439	-0.000000	-0.000000	0.000000	-3.679849	-2.771547	0.000000	25414.609375	105.096901	25630.044922
2003	11	0.000000	-0.888352	0.888352	0.888352	-0.000000	-0.000000	0.000000	-1.668036	-1.801192	0.000000	25414.609375	105.042885	25629.996094
2003	11	0.000000	-1.201139	1.201139	1.201139	-0.000000	-0.000000	0.000000	-13.679161	-3.914229	0.000000	25414.609375	104.996902	25629.957031
2003	11	0.000000	-1.100066	1.100066	1.100066	-0.000000	-0.000000	0.000000	-14.830946	-4.349974	0.000000	25414.609375	104.940666	25629.906250
2003	11	0.000000	-1.068918	1.068918	1.068918	-0.000000	-0.000000	0.000000	0.766049	-2.127783	0.000000	25414.609375	104.891228	25629.861328
2003	11	0.000000	-1.186303	1.186303	1.186303	-0.000000	-0.000000	0.000000	-8.520466	-3.879008	0.000000	25414.609375	104.840546	25629.816406
2003	12	0.000000	-0.907422	0.907422	0.907422	-0.000000	-0.000000	0.000000	-7.309493	-2.501103	0.000000	25414.609375	104.790932	25629.773438
2003	12	0.000000	-0.714839	0.714839	0.714839	-0.000000	-0.000000	0.000000	2.271191	-0.658853	0.000000	25414.609375	104.752014	25629.740234
2003	12	0.000000	-0.798258	0.798258	0.798258	-0.000000	-0.000000	0.000000	-7.145985	-1.292965	0.000000	25414.609375	104.715767	25629.708984
2003	12	0.000000	-0.791893	0.791893	0.791893	-0.000000	-0.000000	0.000000	-10.589016	-1.055808	0.000000	25414.609375	104.675964	25629.675781
2003	12	0.000000	-0.642603	0.642603	0.642603	-0.000000	-0.000000	0.000000	1.400629	-0.455589	0.000000	25414.609375	104.640160	25629.644531
2003	12	0.000000	-0.561421	0.561421	0.561421	-0.000000	-0.000000	0.000000	4.703677	-0.272834	0.000000	25414.609375	104.609406	25629.621094
2003	12	0.000000	-0.737513	0.737513	0.737513	-0.000000	-0.000000	0.000000	-13.811532	-1.554517	0.000000	25414.609375	104.575226	25629.591797
2003	12	0.000000	-0.607740	0.607740	0.607740	-0.000000	-0.000000	0.000000	0.754006	-0.415995	0.000000	25414.609375	104.541702	25629.564453
2003	12	0.000000	-0.678184	0.678184	0.678184	-0.000000	-0.000000	0.000000	-1.156094	-0.518335	0.000000	25414.609375	104.509041	25629.537109
2003	12	0.000000	-0.757667	0.757667	0.757667	-0.000000	-0.000000	0.000000	-15.183376	-2.319560	0.000000	25414.609375	104.474854	25629.507812
2003	12	0.000000	-0.887894	0.887894	0.887894	-0.000000	-0.000000	0.000000	-25.140797	-5.162614	0.000000	25414.609375	104.436966	25629.476562
2003	12	0.000000	-1.045757	1.045757	1.045757	-0.000000	-0.000000	0.000000	-21.884439	-7.542417	0.000000	25414.609375	104.393440	25629.439453
2003	12	0.000000	-0.820389	0.820389	0.820389	-0.000000	-0.000000	0.000000	-10.325056	-2.218391	0.000000	25414.609375	104.352142	25629.402344
2003	12	0.000000	-0.745357	0.745357	0.745357	-0.000000	-0.000000	0.000000	-4.472172	-0.921160	0.000000	25414.609375	104.316841	25629.373047
2003	12	0.000000	-0.705383	0.705383	0.705383	-0.000000	-0.000000	0.000000	-2.077408	-0.876656	0.000000	25414.609375	104.282570	25629.345703
2003	12	0.000000	-0.986601	0.986601	0.986601	-0.000000	-0.000000	0.000000	-15.936944	-5.464102	0.000000	25414.609375	104.245193	25629.312500
2003	12	0.000000	-0.961850	0.961850	0.961850	-0.000000	-0.000000	0.000000	-24.022469	-7.615237	0.000000	25414.609375	104.202843	25629.277344
2003	12	0.000000	-0.895716	0.895716	0.895716	-0.000000	-0.000000	0.000000	-14.298518	-3.979965	0.000000	25414.609375	104.162537	25629.242188
2003	12	0.000000	-0.808471	0.808471	0.808471	-0.000000	-0.000000	0.000000	-4.994543	-1.563034	0.000000	25414.609375	104.124954	25629.210938
2003	12	0.000000	-0.641638	0.641638	0.641638	-0.000000	-0.000000	0.000000	-7.012299	-2.096181	0.000000	25414.609375	104.092827	25629.183594
2003	12	0.000000	-0.993952	0.993952	0.993952	-0.000000	-0.000000	0.000000	-14.495996	-5.018284	0.000000	25414.609375	104.055687	25629.152344
2003	12	0.000000	-0.808519	0.808519	0.808519	-0.000000	-0.000000	0.000000	-9.147790	-2.506925	0.000000	25414.609375	104.016380	25629.119141
2003	12	0.000000	-0.726387	0.726387	0.726387	-0.000000	-0.000000	0.000000	-6.177913	-1.361397	0.000000	25414.609375	103.983276	25629.091797
2003	12	0.000000	-0.782968	0.782968	0.782968	-0.000000	-0.000000	0.000000	-10.834940	-2.313226	0.000000	25414.609375	103.948914	25629.062500
2003	12	0.000000	-0.669046	0.669046	0.669046	-0.000000	-0.000000	0.000000	-2.415520	-0.600794	0.000000	25414.609375	103.915947	25629.035156
2003	12	0.000000	-0.602569	0.602569	0.602569	-0.000000	-0.000000	0.000000	0.716201	-0.255144	0.000000	25414.609375	103.886894	25629.011719
2003	12	0.000000	-0.482148	0.482148	0.482148	-0.000000	-0.000000	0.000000	2.380529	-0.518844	0.000000	25414.609375	103.860138	25628.990234
2003	12	0.000000	-0.610447	0.610447	0.610447	-0.000000	-0.000000	0.000000	-24.121004	-3.456176	0.000000	25414.609375	103.834023	25628.970703
2003	12	0.000000	-0.668470	0.668470	0.668470	-0.000000	-0.000000	0.000000	-32.968994	-5.673215	0.000000	25414.609375	103.804581	25628.947266
2003	12	0.000000	-0.836331	0.836331	0.836331	-0.000000	-0.000000	0.000000	-23.969057	-7.638597	0.000000	25414.609375	103.772034	25628.919922
2003	12	0.000000	-0.982009	0.982009	0.982009	-0.000000	-0.000000	0.000000	-15.438140	-6.028708	0.000000	25414.609375	103.733284	25628.886719
2004	01	0.000000	-0.775749	0.775749	0.775749	-0.000000	-0.000000	0.000000	-13.178022	-2.750131	0.000000	25414.609375	103.695129	25628.853516
2004	01	0.000000	-0.651483	0.651483	0.651483	-0.000000	-0.000000	0.000000	-23.800751	-4.147263	0.000000	25414.609375	103.665550	25628.830078
2004	01	0.000000	-0.724459	0.724459	0.724459	-0.000000	-0.000000	0.000000	-28.611212	-6.039391	0.000000	25414.609375	103.634773	25628.804688
2004	01	0.000000	-0.923882	0.923882	0.923882	-0.000000	-0.000000	0.000000	-23.218927	-7.275050	0.000000	25414.609375	103.599365	25628.775391
2004	01	0.000000	-0.944330	0.944330	0.944330	-0.000000	-0.000000	0.000000	-28.663193	-9.746941	0.000000	25414.609375	103.562019	25628.744141
2004	01	0.000000	-0.937263	0.937263	0.937263	-0.000000	-0.000000	0.000000	-26.077291	-9.271903	0.000000	25414.609375	103.521515	25628.708984
2004	01	0.000000	-0.544688	0.544688	0.544688	-0.000000	-0.000000	0.000000	-15.590284	-2.437027	0.000000	25414.609375	103.490463	25628.683594
2004	01	0.000000	-0.455480	0.455480	0.455480	-0.000000	-0.000000	0.000000	-12.714074	-1.422941	0.000000	25414.609375	103.467461	25628.666016
2004	01	0.000000	-0.516569	0.516569	0.516569	-0.000000	-0.000000	0.000000	-27.644871	-4.298108	0.000000	25414.609375	103.444000	25628.648438
2004	01	0.000000	-0.633128	0.633128	0.633128	-0.000000	-0.000000	0.000000	-39.407486	-7.913398	0.000000	25414.609375	103.417587	25628.626953
2004	01	0.000000	-0.629651	0.629651	0.629651	-0.000000	-0.000000	0.000000	-38.264652	-7.483633	0.000000	25414.609375	103.389397	25628.605469
2004	01	0.000000	-0.680739	0.680739	0.680739	-0.000000	-0.000000	0.000000	-13.415203	-4.646808	0.000000	25414.609375	103.360374	25628.582031
2004	01	0.000000	-0.523645	0.523645	0.523645	-0.000000	-0.000000	0.000000	-2.071595	-0.592576	0.000000	25414.609375	103.333305	25628.560547
2004	01	0.000000	-0.452705	0.452705	0.452705	-0.000000	-0.000000	0.000000	1.662174	-0.585219	0.000000	25414.609375	103.310028	25628.542969
2004	01	0.000000	-0.445224	0.445224	0.445224	-0.000000	-0.000000	0.000000	-8.440324	-0.901525	0.000000	25414.609375	103.288284	25628.527344
2004	01	0.000000	-0.466152	0.466152	0.466152	-0.000000	-0.000000	0.000000	-15.158874	-2.081471	0.000000	25414.609375	103.266777	25628.511719
2004	01	0.000000	-0.476916	0.476916	0.476916	-0.000000	-0.000000	0.000000	-17.506971	-2.397127	0.000000	25414.609375	103.244057	25628.494141
2004	01	0.000000	-0.544416	0.544416	0.544416	-0.000000	-0.000000	0.000000	-26.085701	-6.322704	0.000000	25414.609375	103.220268	25628.476562
2004	01	0.000000	-0.564344	0.564344	0.564344	-0.000000	-0.000000	0.000000	-35.454227	-7.434657	0.000000	25414.609375	103.194839	25628.457031
2004	01	0.000000	-0.529075	0.529075	0.529075	-0.000000	-0.000000	0.000000	-29.965508	-5.730937	0.000000	25414.609375	103.170090	25628.437500
2004	01	0.000000	-0.567241	0.567241	0.567241	-0.000000	-0.000000	0.000000	-40.966732	-7.976474	0.000000	25414.609375	103.145752	25628.417969
2004	01	0.000000	-0.545462	0.545462	0.545462	-0.000000	-0.000000	0.000000	-34.662262	-6.942712	0.000000	25414.609375	103.120064	25628.398438
2004	01	0.000000	-0.517279	0.517279	0.517279	-0.000000	-0.000000	0.000000	-35.513519	-6.410801	0.000000	25414.609375	103.096291	25628.380859
2004	01	0.000000	-0.442911	0.442911	0.442911	-0.000000	-0.000000	0.000000	-20.611273	-2.729122	0.000000	25414.609375	103.073547	25628.363281
2004	01	0.000000	-0.431069	0.431069	0.431069	-0.000000	-0.000000	0.000000	-23.346739	-2.496727	0.000000	25414.609375	103.053085	25628.347656
2004	01	0.000000	-0.468785	0.468785	0.468785	-0.000000	-0.000000	0.000000	-32.279686	-4.249997	0.000000	25414.609375	103.031326	25628.332031
2004	01	0.000000	-0.378159	0.378159	0.378159	-0.000000	-0.000000	0.000000	-14.910396	-1.302206	0.000000	25414.609375	103.010727	25628.316406
2004	01	0.000000	-0.367636	0.367636	0.367636	-0.000000	-0.000000	0.000000	-16.441751	-0.997922	0.000000	25414.609375	102.992348	25628.304688
2004	01	0.000000	-0.356204	0.356204	0.356204	-0.000000	-0.000000	0.000000	-5.790739	-0.464312	0.000000	25414.609375	102.973541	25628.291016
2004	01	0.000000	-0.465508	0.465508	0.465508	-0.000000	-0.000000	0.000000	-5.230500	-0.865259	0.000000	25414.609375	102.954506	25628.277344
2004	01	0.000000	-0.451958	0.451958	0.451958	-0.000000	-0.000000	0.000000	-10.417723	-1.674701	0.000000	25414.609375	102.931923	25628.261719
2004	02	0.000000	-0.430076	0.430076	0.430076	-0.000000	-0.000000	0.000000	-10.313865	-2.418524	0.000000	25414.609375	102.911400	25628.246094
2004	02	0.000000	-0.369294	0.369294	0.369294	-0.000000	-0.000000	0.000000	12.680579	-0.541606	0.000000	25414.609375	102.890266	25628.230469
2004	02	0.000000	-0.326971	0.326971	0.326971	-0.000000	-0.000000	0.000000	15.635652	-0.128530	0.000000	25414.609375	102.872032	25628.218750
2004	02	0.000000	-0.351405	0.351405	0.351405	-0.000000	-0.000000	0.000000	5.770966	-0.128757	0.000000	25414.609375	102.853851	25628.205078
2004	02	0.000000	-0.366682	0.366682	0.366682	-0.000000	-0.000000	0.000000	2.577447	-0.696461	0.000000	25414.609375	102.834930	25628.191406
2004	02	0.000000	-0.361496	0.361496	0.361496	-0.000000	-0.000000	0.000000	3.175009	-1.886405	0.000000	25414.609375	102.815834	25628.177734
2004	02	0.000000	-0.334023	0.334023	0.334023	-0.000000	-0.000000	0.000000	-5.909322	-1.400826	0.000000	25414.609375	102.797325	25628.166016
2004	02	0.000000	-0.312829	0.312829	0.312829	-0.000000	-0.000000	0.000000	-0.182417	-0.783696	0.000000	25414.609375	102.779747	25628.154297
2004	02	0.000000	-0.321485	0.321485	0.321485	-0.000000	-0.000000	0.000000	-8.684053	-1.773258	0.000000	25414.609375	102.762596	25628.142578
2004	02	0.000000	-0.331937	0.331937	0.331937	-0.000000	-0.000000	0.000000	-11.645163	-2.502929	0.000000	25414.609375	102.744774	25628.130859
2004	02	0.000000	-0.440380	0.440380	0.440380	-0.000000	-0.000000	0.000000	5.819918	-3.708320	0.000000	25414.609375	102.725548	25628.117188
2004	02	0.000000	-0.409278	0.409278	0.409278	-0.000000	-0.000000	0.000000	15.773738	-3.906167	0.000000	25414.609375	102.704041	25628.101562
2004	02	0.000000	-0.393612	0.393612	0.393612	-0.000000	-0.000000	0.000000	12.952847	-2.330646	0.000000	25414.609375	102.684059	25628.085938
2004	02	0.000000	-0.371883	0.371883	0.371883	-0.000000	-0.000000	0.000000	-9.291900	-3.946510	0.000000	25414.609375	102.664635	25628.072266
2004	02	0.000000	-0.355071	0.355071	0.355071	-0.000000	-0.000000	0.000000	-12.999296	-3.740601	0.000000	25414.609375	102.645538	25628.058594
2004	02	0.000000	-0.314433	0.314433	0.314433	-0.000000	-0.000000	0.000000	-1.143105	-1.379987	0.000000	25414.609375	102.628296	25628.046875
2004	02	0.000000	-0.290470	0.290470	0.290470	-0.000000	-0.000000	0.000000	8.248226	-0.924776	0.000000	25414.609375	102.611191	25628.035156
2004	02	0.000000	-0.263588	0.263588	0.263588	-0.000000	-0.000000	0.000000	10.412137	-0.380644	0.000000	25414.609375	102.596275	25628.027344
2004	02	0.000000	-0.333365	0.333365	0.333365	-0.000000	-0.000000	0.000000	-2.195207	-1.280175	0.000000	25414.609375	102.579247	25628.015625
2004	02	0.000000	-0.321204	0.321204	0.321204	-0.000000	-0.000000	0.000000	4.409158	-1.069731	0.000000	25414.609375	102.561592	25628.003906
2004	02	0.000000	-0.297706	0.297706	0.297706	-0.000000	-0.000000	0.000000	1.148258	-1.339748	0.000000	25414.609375	102.545212	25627.992188
2004	02	0.000000	-0.370243	0.370243	0.370243	-0.000000	-0.000000	0.000000	-1.884298	-3.517912	0.000000	25414.609375	102.527519	25627.980469
2004	02	0.000000	-0.422826	0.422826	0.422826	-0.000000	-0.000000	0.000000	-3.341161	-4.830215	0.000000	25414.609375	102.507515	25627.966797
2004	02	0.000000	-0.423391	0.423391	0.423391	-0.000000	-0.000000	0.000000	4.072070	-4.136227	0.000000	25414.609375	102.486763	25627.951172
2004	02	0.000000	-0.427728	0.427728	0.427728	-0.000000	-0.000000	0.000000	6.282401	-3.552696	0.000000	25414.609375	102.466042	25627.935547
2004	02	0.000000	-0.376888	0.376888	0.376888	-0.000000	-0.000000	0.000000	8.992926	-1.466867	0.000000	25414.609375	102.446053	25627.921875
2004	02	0.000000	-0.336721	0.336721	0.336721	-0.000000	-0.000000	0.000000	-0.678072	-1.419190	0.000000	25414.609375	102.427704	25627.908203
2004	02	0.000000	-0.311106	0.311106	0.311106	-0.000000	-0.000000	0.000000	-6.302920	-2.228829	0.000000	25414.609375	102.410713	25627.896484
2004	03	0.000000	-0.348268	0.348268	0.348268	-0.000000	-0.000000	0.000000	3.748808	-1.883109	0.000000	25414.609375	102.393822	25627.886719
2004	03	0.000000	-0.406686	0.406686	0.406686	-0.000000	-0.000000	0.000000	-22.150887	-4.607481	0.000000	25414.609375	102.375458	25627.873047
2004	03	0.000000	-0.397831	0.397831	0.397831	-0.000000	-0.000000	0.000000	-22.265087	-5.322446	0.000000	25414.609375	102.356590	25627.859375
2004	03	0.000000	-0.459252	0.459252	0.459252	-0.000000	-0.000000	0.000000	-20.948771	-5.804321	0.000000	25414.609375	102.336914	25627.845703
2004	03	0.000000	-0.453028	0.453028	0.453028	-0.000000	-0.000000	0.000000	-7.499629	-4.182042	0.000000	25414.609375	102.315704	25627.830078
2004	03	0.000000	-0.334280	0.334280	0.334280	-0.000000	-0.000000	0.000000	-6.732865	-1.354312	0.000000	25414.609375	102.297394	25627.818359
2004	03	0.000000	-0.313459	0.313459	0.313459	-0.000000	-0.000000	0.000000	-6.129126	-1.481352	0.000000	25414.609375	102.281013	25627.806641
2004	03	0.000000	-0.244692	0.244692	0.244692	-0.000000	-0.000000	0.000000	14.285269	-0.474043	0.000000	25414.609375	102.266029	25627.796875
2004	03	0.000000	-0.247430	0.247430	0.247430	-0.000000	-0.000000	0.000000	9.743468	-0.222099	0.000000	25414.609375	102.252815	25627.789062
2004	03	0.000000	-0.249230	0.249230	0.249230	-0.000000	-0.000000	0.000000	7.049932	-0.075134	0.000000	25414.609375	102.238403	25627.781250
2004	03	0.000000	-0.219846	0.219846	0.219846	-0.000000	-0.000000	0.000000	18.127197	0.106960	0.000000	25414.609375	102.225052	25627.773438
2004	03	0.000000	-0.379540	0.379540	0.379540	-0.000000	-0.000000	0.000000	0.868467	-1.101281	0.000000	25414.609375	102.210312	25627.763672
2004	03	0.000000	-0.449333	0.449333	0.449333	-0.000000	-0.000000	0.000000	-3.104268	-3.514268	0.000000	25414.609375	102.189949	25627.750000
2004	03	0.000000	-0.391490	0.391490	0.391490	-0.000000	-0.000000	0.000000	-6.359570	-2.135865	0.000000	25414.609375	102.170731	25627.736328
2004	03	0.000000	-0.402860	0.402860	0.402860	-0.000000	-0.000000	0.000000	-2.556589	-0.942297	0.000000	25414.609375	102.152191	25627.722656
2004	03	0.000000	-0.424705	0.424705	0.424705	-0.000000	-0.000000	0.000000	-1.494936	-0.640280	0.000000	25414.609375	102.133194	25627.708984
2004	03	0.000000	-0.479573	0.479573	0.479573	-0.000000	-0.000000	0.000000	-2.531111	-1.279820	0.000000	25414.609375	102.112541	25627.693359
2004	03	0.000000	-0.461415	0.461415	0.461415	-0.000000	-0.000000	0.000000	-3.017801	-1.515136	0.000000	25414.609375	102.091316	25627.677734
2004	03	0.000000	-0.337975	0.337975	0.337975	-0.000000	-0.000000	0.000000	-2.665969	-0.754756	0.000000	25414.609375	102.072670	25627.666016
2004	03	0.000000	-0.284134	0.284134	0.284134	-0.000000	-0.000000	0.000000	5.560344	-1.050533	0.000000	25414.609375	102.057281	25627.656250
2004	03	0.000000	-0.513381	0.513381	0.513381	-0.000000	-0.000000	0.000000	-9.208311	-4.434151	0.000000	25414.609375	102.039116	25627.642578
2004	03	0.000000	-0.607825	0.607825	0.607825	-0.000000	-0.000000	0.000000	-8.689675	-4.844506	0.000000	25414.609375	102.014320	25627.625000
2004	03	0.000000	-0.505555	0.505555	0.505555	-0.000000	-0.000000	0.000000	-7.990083	-2.973413	0.000000	25414.609375	101.990097	25627.605469
2004	03	0.000000	-0.428335	0.428335	0.428335	-0.000000	-0.000000	0.000000	10.034859	-3.204772	0.000000	25414.609375	101.969582	25627.589844
2004	03	0.000000	-0.358727	0.358727	0.358727	-0.000000	-0.000000	0.000000	-9.451419	-2.966013	0.000000	25414.609375	101.951263	25627.578125
2004	03	0.000000	-0.325176	0.325176	0.325176	-0.000000	-0.000000	0.000000	-1.418583	-0.878926	0.000000	25414.609375	101.934753	25627.566406
2004	03	0.000000	-0.344821	0.344821	0.344821	-0.000000	-0.000000	0.000000	0.051581	-1.994204	0.000000	25414.609375	101.918114	25627.556641
2004	03	0.000000	-0.342905	0.342905	0.342905	-0.000000	-0.000000	0.000000	-0.909455	-1.440314	0.000000	25414.609375	101.901489	25627.544922
2004	03	0.000000	-0.335093	0.335093	0.335093	-0.000000	-0.000000	0.000000	-3.964976	-2.279820	0.000000	25414.609375	101.884674	25627.533203
2004	03	0.000000	-0.402673	0.402673	0.402673	-0.000000	-0.000000	0.000000	2.612057	-3.719892	0.000000	25414.609375	101.867035	25627.521484
2004	03	0.000000	-0.400691	0.400691	0.400691	-0.000000	-0.000000	0.000000	1.503963	-2.925540	0.000000	25414.609375	101.848320	25627.507812
2004	04	0.000000	-0.413353	0.413353	0.413353	-0.000000	-0.000000	0.000000	0.044629	-1.855336	0.000000	25414.609375	101.829361	25627.494141
2004	04	0.000000	-0.420375	0.420375	0.420375	-0.000000	-0.000000	0.000000	6.003571	-0.006805	0.000000	25414.609375	101.809647	25627.480469
2004	04	0.000000	-0.380181	0.380181	0.380181	-0.000000	-0.000000	0.000000	9.369308	-0.268859	0.000000	25414.609375	101.790771	25627.466797
2004	04	0.000000	-0.410837	0.410837	0.410837	-0.000000	-0.000000	0.000000	-4.168878	-3.097942	0.000000	25414.609375	101.771477	25627.453125
2004	04	0.000000	-0.428023	0.428023	0.428023	-0.000000	-0.000000	0.000000	-2.413818	-2.569380	0.000000	25414.609375	101.752213	25627.439453
2004	04	0.000000	-0.471966	0.471966	0.471966	-0.000000	-0.000000	0.000000	-1.204436	-1.583517	0.000000	25414.609375	101.731392	25627.425781
2004	04	0.000000	-0.423830	0.423830	0.423830	-0.000000	-0.000000	0.000000	2.396359	-0.397904	0.000000	25414.609375	101.710846	25627.410156
2004	04	0.000000	-0.479656	0.479656	0.479656	-0.000000	-0.000000	0.000000	-6.034855	-2.851090	0.000000	25414.609375	101.689751	25627.394531
2004	04	0.000000	-0.495568	0.495568	0.495568	-0.000000	-0.000000	0.000000	-1.978673	-2.265465	0.000000	25414.609375	101.667992	25627.378906
2004	04	0.000000	-0.461850	0.461850	0.461850	-0.000000	-0.000000	0.000000	2.432061	-0.511457	0.000000	25414.609375	101.646751	25627.363281
2004	04	0.000000	-0.488922	0.488922	0.488922	-0.000000	-0.000000	0.000000	-3.782384	-1.786537	0.000000	25414.609375	101.624832	25627.345703
2004	04	0.000000	-0.562488	0.562488	0.562488	-0.000000	-0.000000	0.000000	0.616681	-1.416892	0.000000	25414.609375	101.601364	25627.328125
2004	04	0.000000	-0.502270	0.502270	0.502270	-0.000000	-0.000000	0.000000	4.529166	-0.689000	0.000000	25414.609375	101.578186	25627.310547
2004	04	0.000000	-0.437766	0.437766	0.437766	-0.000000	-0.000000	0.000000	-0.408992	-1.545819	0.000000	25414.609375	101.556496	25627.294922
2004	04	0.000000	-0.456522	0.456522	0.456522	-0.000000	-0.000000	0.000000	9.090538	2.511661	0.000000	25414.609375	101.536797	25627.281250
2004	04	0.000000	-0.405882	0.405882	0.405882	-0.000000	-0.000000	0.000000	3.781050	0.249162	0.000000	25414.609375	101.516159	25627.265625
2004	04	0.000000	-0.505755	0.505755	0.505755	-0.000000	-0.000000	0.000000	7.455977	1.393400	0.000000	25414.609375	101.495430	25627.250000
2004	04	0.000000	-0.453285	0.453285	0.453285	-0.000000	-0.000000	0.000000	10.767550	0.087627	0.000000	25414.609375	101.473717	25627.234375
2004	04	0.000000	-0.443963	0.443963	0.443963	-0.000000	-0.000000	0.000000	11.406817	-0.631835	0.000000	25414.609375	101.453194	25627.218750
2004	04	0.000000	-0.433327	0.433327	0.433327	-0.000000	-0.000000	0.000000	11.164046	0.078404	0.000000	25414.609375	101.433022	25627.205078
2004	04	0.000000	-0.435711	0.435711	0.435711	-0.000000	-0.000000	0.000000	9.001274	0.331002	0.000000	25414.609375	101.412926	25627.189453
2004	04	0.000000	-0.472611	0.472611	0.472611	-0.000000	-0.000000	0.000000	8.081333	1.325508	0.000000	25414.609375	101.392265	25627.173828
2004	04	0.000000	-0.492638	0.492638	0.492638	-0.000000	-0.000000	0.000000	4.189332	0.453267	0.000000	25414.609375	101.370369	25627.158203
2004	04	0.000000	-0.421827	0.421827	0.421827	-0.000000	-0.000000	0.000000	7.565931	0.828907	0.000000	25414.609375	101.349388	25627.142578
2004	04	0.000000	-0.456254	0.456254	0.456254	-0.000000	-0.000000	0.000000	8.861253	2.566440	0.000000	25414.609375	101.329475	25627.128906
2004	04	0.000000	-0.512481	0.512481	0.512481	-0.000000	-0.000000	0.000000	6.696308	3.354924	0.000000	25414.609375	101.307518	25627.111328
2004	04	0.000000	-0.466838	0.466838	0.466838	-0.000000	-0.000000	0.000000	3.925022	3.765352	0.000000	25414.609375	101.285706	25627.095703
2004	04	0.000000	-0.516007	0.516007	0.516007	-0.000000	-0.000000	0.000000	2.950155	3.481933	0.000000	25414.609375	101.263458	25627.080078
2004	04	0.000000	-0.493337	0.493337	0.493337	-0.000000	-0.000000	0.000000	7.024188	5.457480	0.000000	25414.609375	101.241150	25627.062500
2004	04	0.000000	-0.440934	0.440934	0.440934	-0.000000	-0.000000	0.000000	6.481359	3.998653	0.000000	25414.609375	101.219872	25627.046875
2004	05	0.000000	-0.405845	0.405845	0.405845	-0.000000	-0.000000	0.000000	15.573019	5.138996	0.000000	25414.609375	101.200974	25627.033203
2004	05	0.000000	-0.461079	0.461079	0.461079	-0.000000	-0.000000	0.000000	9.984138	5.334996	0.000000	25414.609375	101.181160	25627.019531
2004	05	0.000000	-0.477839	0.477839	0.477839	-0.000000	-0.000000	0.000000	7.559141	5.886654	0.000000	25414.609375	101.160309	25627.003906
2004	05	0.000000	-0.482492	0.482492	0.482492	-0.000000	-0.000000	0.000000	12.409891	7.457828	0.000000	25414.609375	101.139519	25626.988281
2004	05	0.000000	-0.554134	0.554134	0.554134	-0.000000	-0.000000	0.000000	5.411758	6.436208	0.000000	25414.609375	101.116730	25626.970703
2004	05	0.000000	-0.507462	0.507462	0.507462	-0.000000	-0.000000	0.000000	7.360528	6.210831	0.000000	25414.609375	101.094002	25626.955078
2004	05	0.000000	-0.521599	0.521599	0.521599	-0.000000	-0.000000	0.000000	8.491994	7.158637	0.000000	25414.609375	101.071938	25626.937500
2004	05	0.000000	-0.521553	0.521553	0.521553	-0.000000	-0.000000	0.000000	18.487894	11.512779	0.000000	25414.609375	101.049263	25626.919922
2004	05	0.000000	-0.507935	0.507935	0.507935	-0.000000	-0.000000	0.000000	8.141743	8.264594	0.000000	25414.609375	101.027496	25626.904297
2004	05	0.000000	-0.578859	0.578859	0.578859	-0.000000	-0.000000	0.000000	8.892030	8.361472	0.000000	25414.609375	101.004227	25626.886719
2004	05	0.000000	-0.545388	0.545388	0.545388	-0.000000	-0.000000	0.000000	7.815070	8.260071	0.000000	25414.609375	100.980675	25626.869141
2004	05	0.000000	-0.591622	0.591622	0.591622	-0.000000	-0.000000	0.000000	4.000530	12.816276	0.000000	25414.609375	100.956604	25626.849609
2004	05	0.000000	-0.590103	0.590103	0.590103	-0.000000	-0.000000	0.000000	-1.594727	11.919123	0.000000	25414.609375	100.931976	25626.830078
2004	05	0.000000	-0.560277	0.560277	0.560277	-0.000000	-0.000000	0.000000	3.604367	11.292097	0.000000	25414.609375	100.907936	25626.812500
2004	05	0.000000	-0.606406	0.606406	0.606406	-0.000000	-0.000000	0.000000	-0.618373	20.112488	0.000000	25414.609375	100.883385	25626.792969
2004	05	0.000000	-0.604120	0.604120	0.604120	-0.000000	-0.000000	0.000000	0.819798	8.655082	0.000000	25414.609375	100.858376	25626.773438
2004	05	0.000000	-0.634456	0.634456	0.634456	-0.000000	-0.000000	0.000000	-2.872451	19.338154	0.000000	25414.609375	100.832756	25626.753906
2004	05	0.000000	-0.644728	0.644728	0.644728	-0.000000	-0.000000	0.000000	-5.024558	18.832376	0.000000	25414.609375	100.806633	25626.732422
2004	05	0.000000	-0.637153	1.591580	1.591580	-0.000001	-0.000001	0.954427	-6.747594	28.286364	0.000000	25414.632812	100.780342	25626.695312
2004	05	0.000000	-0.627955	2.063571	2.063571	-0.000001	-0.000001	1.435616	-12.278556	34.986176	0.000000	25414.687500	100.754448	25626.632812
2004	05	0.000000	-0.636466	2.059159	2.059159	-0.000001	-0.000001	1.422694	-20.470602	26.301600	0.000000	25414.746094	100.728531	25626.566406
2004	05	0.000000	-0.650694	2.326932	2.326932	-0.000001	-0.000001	1.676238	-13.621139	13.188532	0.000000	25414.806641	100.702179	25626.498047
2004	05	0.000000	-0.652014	2.886976	2.886976	-0.000001	-0.000001	2.234963	-6.527396	1.698159	0.000000	25414.890625	100.675529	25626.412109
2004	05	0.000000	-0.675312	3.589055	3.589055	-0.000001	-0.000001	2.913743	-24.721222	-0.680962	0.000000	25414.986328	100.648758	25626.312500
2004	05	0.000000	-0.695806	4.934175	4.934175	-0.000002	-0.000002	4.238369	-45.650040	-7.719387	0.000000	25415.126953	100.620934	25626.167969
2004	05	0.000000	-0.658119	12.054005	12.054005	-0.000005	-0.000005	11.395886	-21.819464	10.346316	0.000000	25415.382812	100.593521	25625.906250
2004	05	0.000000	-0.628489	10.160736	10.160736	-0.000004	-0.000004	9.532248	-11.067112	17.299578	0.000000	25415.779297	100.567329	25625.507812
2004	05	0.000000	-0.653437	8.122898	8.122898	-0.000003	-0.000003	7.469461	-2.674646	11.952761	0.000000	25415.958984	100.541374	25625.248047
2004	05	0.000000	-0.709787	13.643814	13.643814	-0.000005	-0.000005	12.934026	41.009315	20.853033	0.000000	25416.210938	100.513550	25624.900391
2004	05	0.000000	-0.690438	17.129934	17.129934	-0.000006	-0.000006	16.439495	51.228958	24.175955	0.000000	25416.603516	100.485489	25624.396484
2004	05	0.000000	-0.788486	15.930381	15.930381	-0.000006	-0.000006	15.141894	19.016945	23.700201	0.000000	25416.957031	100.456894	25623.865234
2004	06	0.000000	-0.850470	14.775187	14.775187	-0.000006	-0.000006	13.924716	36.092072	41.844906	0.000000	25417.240234	100.423164	25623.343750
2004	06	0.000000	-0.750708	16.765318	16.765318	-0.000006	-0.000006	16.014610	71.792618	33.047890	0.000000	25417.501953	100.391586	25622.841797
2004	06	0.000000	-0.822252	19.616407	19.616407	-0.000008	-0.000008	18.794155	74.398712	45.634007	0.000000	25417.794922	100.359802	25622.218750
2004	06	0.000000	-0.815357	19.851521	19.851521	-0.000008	-0.000008	19.036165	76.127144	43.457268	0.000000	25418.085938	100.326653	25621.554688
2004	06	0.000000	-0.715454	19.116470	19.116470	-0.000007	-0.000007	18.401018	47.068130	29.850851	0.000000	25418.349609	100.295334	25620.902344
2004	06	0.000000	-0.629725	17.697056	17.697056	-0.000007	-0.000007	17.067331	70.896927	35.442230	0.000000	25418.576172	100.268265	25620.300781
2004	06	0.000000	-0.643943	18.456093	18.456093	-0.000007	-0.000007	17.812149	117.735741	41.709820	0.000000	25418.787109	100.241470	25619.693359
2004	06	2.135050	0.978653	19.734011	17.598961	-0.000007	-0.000007	18.577614	109.720985	50.394573	5925.263672	25418.990234	100.228676	25619.076172
2004	06	5.788476	3.907478	19.217474	13.428997	-0.000005	-0.000005	17.336475	106.336403	52.303905	16064.375000	25419.175781	100.308578	25618.566406
2004	06	9.366073	6.728453	19.672394	10.306319	-0.000004	-0.000004	17.034773	125.422874	55.030113	25993.041016	25419.343750	100.482651	25618.169922
2004	06	12.367218	9.096815	19.482489	7.115270	-0.000003	-0.000003	16.212086	132.955582	47.197960	34321.921875	25419.490234	100.735710	25617.878906
2004	06	15.139119	11.240799	19.984653	4.845533	-0.000002	-0.000002	16.086332	89.730743	37.519558	42014.593750	25419.623047	101.090195	25617.695312
2004	06	19.275253	14.453109	20.605906	1.330654	-0.000001	-0.000001	15.783764	91.874878	31.887516	53493.332031	25419.736328	101.477890	25617.568359
2004	06	24.192692	18.327814	21.627325	-2.565366	0.000001	0.000001	15.762447	117.116951	45.675846	67140.375000	25419.837891	102.048965	25617.611328
2004	06	22.851788	17.196669	20.373903	-2.477884	0.000001	0.000001	14.718784	73.450310	34.926369	63419.054688	25419.916016	102.658211	25617.716797
2004	06	31.041994	23.636034	22.424685	-8.617310	0.000003	0.000003	15.018724	67.976341	28.527294	86148.789062	25419.976562	103.333244	25617.906250
2004	06	37.070301	28.356152	23.685930	-13.384370	0.000005	0.000005	14.971782	66.326889	33.186024	102878.750000	25420.023438	104.161919	25618.240234
2004	06	43.786495	33.649452	24.978426	-18.808069	0.000007	0.000007	14.841383	83.255569	45.295910	121517.765625	25420.048828	105.190796	25618.779297
2004	06	41.252712	31.567854	23.859404	-17.393311	0.000007	0.000007	14.174544	79.986259	53.203316	114485.929688	25420.064453	106.275688	25619.386719
2004	06	48.553085	37.260433	25.723080	-22.830006	0.000009	0.000009	14.430430	92.920158	46.071644	134746.171875	25420.070312	107.397377	25620.042969
2004	06	55.479252	42.688896	27.502344	-27.976908	0.000011	0.000011	14.711988	60.955486	43.601662	153967.890625	25420.062500	108.782196	25620.937500
2004	06	58.166355	44.901524	27.498234	-30.668123	0.000012	0.000012	14.233400	105.937027	48.086498	161425.234375	25420.044922	110.198936	25621.884766
2004	06	66.507896	51.497643	29.277895	-37.230000	0.000014	0.000014	14.267638	78.899071	53.004906	184574.968750	25420.017578	111.798302	25623.013672
2004	06	68.179718	52.715900	29.798460	-38.381256	0.000015	0.000015	14.334644	44.521336	49.275829	189214.640625	25419.980469	113.564232	25624.306641
2004	06	61.465759	47.339111	27.770372	-33.695385	0.000013	0.000013	13.643725	43.178921	57.062004	170581.843750	25419.937500	115.220795	25625.505859
2004	06	52.489685	39.878811	26.363171	-26.126516	0.000010	0.000010	13.752295	51.410767	42.457249	145671.156250	25419.898438	116.629578	25626.462891
2004	06	66.036919	51.077465	28.186888	-37.850037	0.000015	0.000015	13.227429	87.109024	52.872734	183267.890625	25419.847656	118.145485	25627.537109
2004	06	73.264030	56.515545	30.617401	-42.646626	0.000016	0.000016	13.868916	92.185631	58.766174	203324.812500	25419.789062	119.961182	25628.912109
2004	06	74.719391	57.650082	30.853559	-43.865833	0.000017	0.000017	13.784253	98.575905	67.891243	207363.781250	25419.722656	121.851326	25630.341797
2004	06	81.144737	62.565010	32.605644	-48.539097	0.000019	0.000019	14.025912	89.917229	60.810928	225195.625000	25419.648438	123.861725	25631.900391
2004	07	99.083839	76.401299	37.936195	-61.147640	0.000023	0.000023	15.253652	68.960938	87.128860	266110.468750	25419.568359	126.092407	25633.654297
2004	07	106.172905	81.720833	39.877716	-66.295181	0.000025	0.000025	15.425648	66.278114	92.467583	285149.625000	25419.476562	128.674637	25635.750000
2004	07	96.450768	73.069183	39.230911	-57.219860	0.000021	0.000021	15.849326	70.102501	83.674629	259038.812500	25419.384766	131.179489	25637.757812
2004	07	99.342155	75.461761	38.880482	-60.461670	0.000023	0.000023	15.000089	34.325520	67.785629	266804.250000	25419.291016	133.488602	25639.572266
2004	07	89.471703	67.468391	35.986652	-53.485050	0.000020	0.000020	13.983341	51.200024	57.151913	240295.062500	25419.197266	135.806183	25641.431641
2004	07	74.224640	55.963440	30.425728	-43.798912	0.000016	0.000016	12.164530	97.956978	53.024494	199345.859375	25419.111328	137.790634	25643.001953
2004	07	81.470848	60.826275	32.941513	-48.529339	0.000018	0.000018	12.296939	88.984032	60.861629	218807.093750	25419.027344	139.699905	25644.527344
2004	07	71.086861	52.259598	30.647638	-40.439224	0.000015	0.000015	11.820374	102.943825	70.497063	190918.703125	25418.943359	141.592972	25646.035156
2004	07	70.984558	52.129230	29.846809	-41.137749	0.000015	0.000015	10.991483	110.841957	63.247894	190643.953125	25418.863281	143.161194	25647.248047
2004	07	84.100929	61.104202	34.381592	-49.719337	0.000019	0.000019	11.384863	71.773041	82.382248	225870.718750	25418.777344	144.954224	25648.689453
2004	07	63.428585	44.826778	29.187077	-34.241512	0.000013	0.000013	10.585267	48.028370	52.753452	170350.796875	25418.689453	146.757172	25650.142578
2004	07	60.152428	42.047775	28.440680	-31.711744	0.000012	0.000012	10.336030	83.832756	43.360012	161551.984375	25418.613281	148.008667	25651.068359
2004	07	59.107265	39.751957	30.165459	-28.941805	0.000011	0.000011	10.810152	50.506702	39.955555	158744.984375	25418.533203	149.455704	25652.179688
2004	07	56.652966	37.736095	29.741814	-26.911154	0.000010	0.000010	10.824941	50.547180	33.164967	152153.437500	25418.460938	150.547943	25652.933594
2004	07	89.265343	62.208950	38.597847	-50.667500	0.000019	0.000019	11.541450	66.794342	53.132832	239740.843750	25418.373047	152.196823	25654.232422
2004	07	88.258499	58.593403	42.121056	-46.137447	0.000017	0.000017	12.455958	45.757561	61.529564	237036.750000	25418.273438	154.086227	25655.736328
2004	07	95.704597	63.925095	44.004784	-51.699814	0.000019	0.000019	12.225282	54.408066	66.696640	257034.796875	25418.166016	156.137390	25657.400391
2004	07	90.947212	57.089855	46.216095	-44.731121	0.000017	0.000017	12.358739	34.859631	65.193199	244257.859375	25418.056641	158.093323	25658.968750
2004	07	84.486801	52.937675	43.220314	-41.266483	0.000015	0.000015	11.671190	48.619827	62.549248	226907.062500	25417.945312	159.916733	25660.406250
2004	07	80.097885	52.570854	37.877079	-42.220802	0.000016	0.000016	10.350053	94.661789	43.445869	215119.703125	25417.839844	161.529739	25661.681641
2004	07	82.475723	52.949013	39.793079	-42.682648	0.000016	0.000016	10.266365	93.740341	51.654640	221505.906250	25417.734375	163.281693	25663.105469
2004	07	71.858650	44.850441	36.789516	-35.069141	0.000013	0.000013	9.781299	108.765717	37.951702	192991.515625	25417.636719	164.769272	25664.285156
2004	07	78.520493	45.264248	44.035671	-34.484825	0.000013	0.000013	10.779424	73.563782	42.886452	210883.281250	25417.535156	166.301971	25665.494141
2004	07	82.208771	46.667747	46.628662	-35.580105	0.000013	0.000013	11.087646	72.011169	59.285370	220788.921875	25417.425781	167.680023	25666.523438
2004	07	84.965675	49.220947	47.261887	-37.703785	0.000014	0.000014	11.517164	76.616112	51.769592	228193.171875	25417.304688	169.263672	25667.759766
2004	07	75.862953	38.188759	50.114216	-25.748737	0.000010	0.000010	12.440022	32.718739	48.546642	203745.906250	25417.162109	170.686630	25668.792969
2004	07	60.347301	28.135963	44.104069	-16.243231	0.000006	0.000006	11.892734	24.462650	27.595066	162075.359375	25417.031250	171.642471	25669.371094
2004	07	59.502193	27.774221	43.447002	-16.055193	0.000006	0.000006	11.719028	26.995031	32.522530	159805.656250	25416.898438	172.616638	25669.974609
2004	07	48.559498	22.328085	37.192871	-11.366628	0.000004	0.000004	10.961457	55.203640	29.721964	130416.734375	25416.767578	173.470398	25670.472656
2004	07	41.949696	18.035738	34.522076	-7.427620	0.000003	0.000003	10.608117	50.148323	41.591480	112664.726562	25416.650391	174.018265	25670.683594
2004	07	45.946636	19.708792	37.147617	-8.799019	0.000003	0.000003	10.909773	34.011730	29.983210	123399.343750	25416.529297	174.740387	25671.066406
2004	08	23.184803	3.515350	30.274925	7.090121	-0.000003	-0.000003	10.605470	39.440784	49.531204	62267.664062	25416.416016	175.114639	25671.105469
2004	08	47.302834	22.877447	35.027130	-12.275705	0.000005	0.000005	10.601741	70.256508	31.924774	127041.703125	25416.306641	175.495499	25671.154297
2004	08	51.944069	25.752457	36.969891	-14.974178	0.000006	0.000006	10.778278	58.503273	34.510769	139506.703125	25416.181641	176.289917	25671.613281
2004	08	55.526752	23.842258	43.451492	-12.075266	0.000005	0.000005	11.766992	17.870964	29.751654	149128.765625	25416.048828	177.141479	25672.109375
2004	08	59.681171	27.040733	44.332481	-15.348691	0.000006	0.000006	11.692041	-3.594552	38.997669	160286.328125	25415.908203	177.950760	25672.548828
2004	08	37.352970	10.016722	39.164433	1.811463	-0.000001	-0.000001	11.828184	-3.506855	13.208563	100319.250000	25415.771484	178.537643	25672.765625
2004	08	52.733891	25.162493	38.958485	-13.775403	0.000005	0.000005	11.387090	37.547733	26.163061	141627.937500	25415.638672	179.046814	25672.914062
2004	08	57.463650	25.821508	43.402756	-14.060896	0.000005	0.000005	11.760612	-5.022132	49.933392	154330.718750	25415.492188	179.965714	25673.464844
2004	08	46.650215	17.844505	40.720383	-5.929831	0.000002	0.000002	11.914675	6.104395	39.536346	125288.953125	25415.351562	180.553223	25673.683594
2004	08	50.487675	21.763489	40.604057	-9.883615	0.000004	0.000004	11.879872	18.722969	32.914642	135595.250000	25415.201172	181.308075	25674.060547
2004	08	46.779724	20.946419	37.108696	-9.671031	0.000004	0.000004	11.275388	38.836159	33.224155	125636.781250	25415.056641	181.999191	25674.388672
2004	08	46.000896	20.861309	36.137573	-9.863325	0.000004	0.000004	10.997984	48.482700	30.555416	123545.070312	25414.916016	182.664932	25674.708984
2004	08	48.713146	21.884953	37.940132	-10.773012	0.000004	0.000004	11.111939	27.082123	27.558451	130829.390625	25414.775391	183.373764	25675.068359
2004	08	29.054876	5.634890	34.800091	5.745213	-0.000002	-0.000002	11.380103	2.720248	17.916973	78032.968750	25414.638672	183.836075	25675.177734
2004	08	33.066090	12.390067	31.138624	-1.927462	0.000001	0.000001	10.462605	35.822330	22.252050	88805.921875	25414.515625	184.067917	25675.070312
2004	08	39.298115	13.051126	37.722229	-1.575884	0.000001	0.000001	11.475243	9.180793	18.405241	105543.343750	25414.386719	184.483124	25675.142578
2004	08	52.621525	23.367081	41.159985	-11.461540	0.000004	0.000004	11.905541	21.196056	20.760754	141326.156250	25414.236328	185.139694	25675.429688
2004	08	39.456230	14.932216	36.167213	-3.289017	0.000001	0.000001	11.643198	29.843409	31.428822	105968.000000	25414.089844	185.727097	25675.644531
2004	08	42.984413	15.687971	39.261040	-3.723374	0.000001	0.000001	11.964597	14.149738	24.300776	115443.687500	25413.941406	186.296997	25675.845703
2004	08	42.977791	16.498068	38.384777	-4.593014	0.000002	0.000002	11.905054	20.543789	19.780111	115425.882812	25413.791016	186.796051	25675.972656
2004	08	46.616177	19.385128	39.160358	-7.455821	0.000003	0.000003	11.929307	21.611254	29.390135	125197.546875	25413.634766	187.394043	25676.191406
2004	08	42.382378	16.832386	37.083767	-5.298608	0.000002	0.000002	11.533778	19.747818	32.109081	113826.781250	25413.478516	187.986237	25676.417969
2004	08	38.889275	14.899561	35.233067	-3.656206	0.000001	0.000001	11.243355	23.289619	34.683666	104445.320312	25413.326172	188.515442	25676.589844
2004	08	31.551373	11.082299	31.137064	-0.414307	0.000000	0.000000	10.667993	36.513630	29.876848	84737.835938	25413.183594	188.954788	25676.685547
2004	08	25.036480	7.297641	27.845598	2.809119	-0.000001	-0.000001	10.106759	38.700626	27.683664	67240.734375	25413.054688	189.243561	25676.652344
2004	08	21.160198	4.903921	26.091915	4.931716	-0.000002	-0.000002	9.835637	44.215366	24.455774	56830.156250	25412.937500	189.440125	25676.537109
2004	08	17.389549	3.100571	23.544968	6.155418	-0.000002	-0.000002	9.255989	45.582756	16.927872	46703.289062	25412.828125	189.565750	25676.365234
2004	08	17.867464	3.869630	23.033213	5.165746	-0.000002	-0.000002	9.035377	43.170769	15.848380	47986.835938	25412.724609	189.682388	25676.197266
2004	08	19.237116	4.895360	23.436495	4.199378	-0.000002	-0.000002	9.094738	38.851200	15.056871	51665.320312	25412.619141	189.833740	25676.068359
2004	08	20.427588	4.829767	25.131886	4.704298	-0.000002	-0.000002	9.534065	32.201714	18.619043	54862.578125	25412.511719	189.994415	25675.939453
2004	08	17.287424	3.378754	23.202240	5.914817	-0.000002	-0.000002	9.293571	23.840511	10.767830	46429.007812	25412.404297	190.115524	25675.765625
2004	09	20.801287	4.512069	25.772579	4.971292	-0.000002	-0.000002	9.483360	1.416897	20.777613	57728.433594	25412.292969	190.238968	25675.593750
2004	09	17.596668	2.854097	24.386412	6.789743	-0.000003	-0.000003	9.643841	3.608679	15.908664	48834.867188	25412.173828	190.392807	25675.437500
2004	09	13.971355	1.359880	21.775354	7.803999	-0.000003	-0.000003	9.163879	6.534210	13.417181	38773.777344	25412.064453	190.465576	25675.207031
2004	09	12.157457	-0.020923	21.238031	9.080573	-0.000004	-0.000004	9.059650	11.521649	13.961466	33739.789062	25411.960938	190.482986	25674.931641
2004	09	12.243866	0.823664	20.111706	7.867840	-0.000003	-0.000003	8.691504	13.888337	8.908887	33979.585938	25411.857422	190.513229	25674.675781
2004	09	12.643007	1.343155	19.918297	7.275290	-0.000003	-0.000003	8.618445	14.513707	7.992249	35087.300781	25411.757812	190.543854	25674.427734
2004	09	13.932771	2.156869	20.401293	6.468523	-0.000002	-0.000002	8.625392	7.676748	10.671651	38666.695312	25411.654297	190.600784	25674.208984
2004	09	16.251705	3.344566	21.893097	5.641391	-0.000002	-0.000002	8.985957	-3.620147	5.254266	45102.285156	25411.546875	190.701630	25674.027344
2004	09	16.620819	3.781818	21.820404	5.199584	-0.000002	-0.000002	8.981401	1.346887	9.986367	46126.660156	25411.433594	190.820892	25673.857422
2004	09	14.133169	1.831204	21.542315	7.409145	-0.000003	-0.000003	9.240349	7.325144	14.081036	39222.851562	25411.318359	190.937683	25673.679688
2004	09	9.735018	-0.144505	18.388279	8.653261	-0.000003	-0.000003	8.508756	9.546008	6.808621	27016.951172	25411.212891	190.966827	25673.423828
2004	09	8.810855	-0.797402	17.936993	9.126139	-0.000004	-0.000004	8.328736	2.300508	9.619510	24452.179688	25411.113281	190.949219	25673.136719
2004	09	9.263672	-0.669188	18.507252	9.243580	-0.000004	-0.000004	8.574392	-9.966976	12.576462	25708.855469	25411.013672	190.915787	25672.833984
2004	09	9.206734	-0.526983	18.298800	9.092066	-0.000004	-0.000004	8.565084	-1.775340	13.251629	25550.837891	25410.912109	190.900726	25672.542969
2004	09	6.410154	-1.991113	16.390585	9.980432	-0.000004	-0.000004	7.989317	-1.794442	10.684793	17789.677734	25410.812500	190.873734	25672.250000
2004	09	5.392223	-2.368650	15.448069	10.055844	-0.000004	-0.000004	7.687194	2.321057	12.191879	14964.681641	25410.716797	190.788834	25671.914062
2004	09	6.617024	-1.399457	15.676108	9.059085	-0.000003	-0.000003	7.659628	7.816222	5.401798	18363.787109	25410.623047	190.723862	25671.603516
2004	09	6.053187	-1.467865	14.963389	8.910202	-0.000003	-0.000003	7.442337	10.962815	5.481203	16799.009766	25410.529297	190.679459	25671.318359
2004	09	5.848701	-1.559758	14.488968	8.640266	-0.000003	-0.000003	7.080508	6.032832	4.922460	16231.512695	25410.439453	190.624512	25671.031250
2004	09	6.080692	-1.414154	14.453997	8.373305	-0.000003	-0.000003	6.959152	4.199334	2.759743	16875.339844	25410.349609	190.572174	25670.755859
2004	09	5.121469	-2.120949	14.144332	9.022862	-0.000003	-0.000003	6.901915	3.101368	3.348774	14213.276367	25410.261719	190.515762	25670.478516
2004	09	4.814498	-2.545194	14.773282	9.958783	-0.000004	-0.000004	7.413589	-5.923606	0.957405	13361.359375	25410.171875	190.435684	25670.173828
2004	09	1.926277	-4.594507	13.896723	11.970445	-0.000005	-0.000005	7.375938	-2.776769	3.432474	5345.869629	25410.080078	190.347290	25669.847656
2004	09	3.760584	-3.074492	14.305212	10.544629	-0.000004	-0.000004	7.470137	-3.592513	1.208909	10436.499023	25409.986328	190.202087	25669.464844
2004	09	1.783483	-4.498638	14.083310	12.299827	-0.000005	-0.000005	7.801189	-10.504213	1.535975	4949.582520	25409.890625	190.105011	25669.125000
2004	09	0.566350	-5.181987	13.593222	13.026871	-0.000005	-0.000005	7.844884	-9.267255	7.744215	1571.752686	25409.791016	189.933533	25668.701172
2004	09	0.858336	-4.408273	12.670918	11.812581	-0.000005	-0.000005	7.404308	-1.108258	8.241861	2382.083740	25409.693359	189.771729	25668.294922
2004	09	0.980024	-4.472553	12.433313	11.453289	-0.000004	-0.000004	6.980736	-5.406180	2.819846	2719.795898	25409.599609	189.623871	25667.919922
2004	09	0.600675	-4.558938	12.070282	11.469607	-0.000004	-0.000004	6.910669	-11.362204	-3.512087	1667.012939	25409.507812	189.469421	25667.544922
2004	09	0.439936	-4.239539	11.257652	10.817718	-0.000004	-0.000004	6.578178	-7.130620	-1.433187	1220.924438	25409.417969	189.325333	25667.185547
2004	10	0.493768	-4.157875	10.863811	10.370044	-0.000004	-0.000004	6.212169	-10.369411	-2.265645	1326.117798	25409.332031	189.193283	25666.853516
2004	10	0.478000	-3.976126	10.361005	9.883005	-0.000004	-0.000004	5.906879	-4.637863	0.245045	1283.770264	25409.250000	189.018997	25666.539062
2004	10	0.599875	-4.206700	10.455584	9.855708	-0.000004	-0.000004	5.649008	-12.512867	-3.322095	1611.090942	25409.173828	188.570465	25666.234375
2004	10	0.640511	-4.299947	10.608423	9.967914	-0.000004	-0.000004	5.667966	-8.000682	-1.413827	1720.226074	25409.107422	187.764252	25665.921875
2004	10	0.400397	-4.127835	10.153075	9.752679	-0.000004	-0.000004	5.624844	-11.257502	-3.462885	1075.348999	25409.050781	186.613770	25665.613281
2004	10	0.489737	-4.749879	11.012800	10.523063	-0.000004	-0.000004	5.773184	-18.828465	-8.540921	1315.292480	25409.007812	185.110077	25665.296875
2004	10	0.452900	-5.092489	11.775517	11.322618	-0.000004	-0.000004	6.230129	-18.289686	-5.801741	1216.358643	25408.980469	183.239349	25664.949219
2004	10	0.307649	-5.233747	12.226550	11.918901	-0.000004	-0.000004	6.685154	-12.541258	-5.438833	826.255249	25408.972656	181.013550	25664.580078
2004	10	0.222884	-5.558213	12.848393	12.625509	-0.000005	-0.000005	7.067296	-14.315392	-4.888463	598.602966	25408.986328	178.434616	25664.189453
2004	10	0.156079	-5.788079	13.134015	12.977936	-0.000005	-0.000005	7.189858	-10.802049	-1.206426	419.182465	25409.019531	175.497528	25663.777344
2004	10	0.099699	-6.023312	13.045469	12.945770	-0.000005	-0.000005	6.922458	-17.173826	-6.139529	267.762024	25409.062500	172.203888	25663.357422
2004	10	0.059809	-6.344934	12.884371	12.824562	-0.000005	-0.000005	6.479629	-14.923004	-5.801419	160.629471	25409.107422	168.552002	25662.939453
2004	10	0.044317	-7.967823	13.971478	13.927161	-0.000005	-0.000005	5.959338	-15.168518	-6.409524	119.022346	25409.156250	164.524597	25662.501953
2004	10	0.024947	-10.186123	15.628039	15.603092	-0.000006	-0.000006	5.416969	-20.053995	-8.795255	67.000755	25409.201172	160.076447	25662.007812
2004	10	0.017547	-13.440872	18.731857	18.714310	-0.000007	-0.000007	5.273439	-10.893748	-3.971648	47.125301	25409.246094	155.221863	25661.458984
2004	10	0.008938	-22.214256	27.813667	27.804731	-0.000010	-0.000010	5.590473	-21.833242	-8.448204	24.005526	25409.300781	149.789749	25660.667969
2004	10	0.000434	-24.175243	29.956202	29.955769	-0.000011	-0.000011	5.780525	-18.350332	-7.116924	1.165739	25409.373047	145.952499	25659.671875
2004	10	0.000000	-16.184294	21.731909	21.731909	-0.000008	-0.000008	5.547616	-19.261641	-8.023009	0.000000	25409.443359	145.239563	25658.810547
2004	10	0.000000	-14.566327	19.857586	19.857586	-0.000007	-0.000007	5.291259	-14.746085	-5.218322	0.000000	25409.503906	144.714081	25658.119141
2004	10	0.000000	-15.665133	20.801210	20.801210	-0.000008	-0.000008	5.136080	-34.585819	-5.633685	0.000000	25409.558594	144.193481	25657.439453
2004	10	0.000000	-12.467281	17.458290	17.458290	-0.000007	-0.000007	4.991007	-30.481491	-11.380114	0.000000	25409.609375	143.698364	25656.789062
2004	10	0.000000	-9.349563	14.112821	14.112821	-0.000005	-0.000005	4.763257	-12.553033	-5.580727	0.000000	25409.654297	143.317123	25656.257812
2004	10	0.000000	-8.507576	13.034599	13.034599	-0.000005	-0.000005	4.527024	-9.977486	-4.237996	0.000000	25409.693359	142.995453	25655.794922
2004	10	0.000000	-6.747826	10.933359	10.933359	-0.000004	-0.000004	4.185534	-10.190544	-3.393368	0.000000	25409.726562	142.725266	25655.390625
2004	10	0.000000	-7.690915	11.583999	11.583999	-0.000004	-0.000004	3.893084	-15.539146	-6.660894	0.000000	25409.755859	142.455231	25655.000000
2004	10	0.000000	-6.091254	9.671364	9.671364	-0.000004	-0.000004	3.580110	-8.512863	-2.867057	0.000000	25409.779297	142.204239	25654.634766
2004	10	0.000000	-6.762446	10.008739	10.008739	-0.000004	-0.000004	3.246292	-25.138515	-10.958034	0.000000	25409.800781	141.965652	25654.294922
2004	10	0.000000	-6.835949	9.851978	9.851978	-0.000004	-0.000004	3.016029	-19.307922	-8.170543	0.000000	25409.816406	141.713974	25653.951172
2004	10	0.000000	-6.042670	8.868586	8.868586	-0.000003	-0.000003	2.825916	-20.179279	-6.710691	0.000000	25409.830078	141.476776	25653.626953
2004	10	0.000000	-5.097000	7.588380	7.588380	-0.000003	-0.000003	2.491381	-26.190037	-10.024662	0.000000	25409.837891	141.269318	25653.341797
2004	10	0.000000	-3.585458	5.672550	5.672550	-0.000002	-0.000002	2.087092	-13.044009	-3.657351	0.000000	25409.839844	141.101440	25653.107422
2004	11	0.000000	-3.081187	4.751734	4.751734	-0.000002	-0.000002	1.670547	-3.587479	-0.696442	0.000000	25409.837891	140.970734	25652.923828
2004	11	0.000000	-3.154235	4.518260	4.518260	-0.000002	-0.000002	1.364026	2.283936	0.198468	0.000000	25409.832031	140.837067	25652.748047
2004	11	0.000000	-2.721278	3.834740	3.834740	-0.000001	-0.000001	1.113462	2.508501	0.779784	0.000000	25409.826172	140.713364	25652.589844
2004	11	0.000000	-2.836104	3.739150	3.739150	-0.000001	-0.000001	0.903047	-7.197631	-2.532080	0.000000	25409.820312	140.595490	25652.447266
2004	11	0.000000	-3.179731	3.959426	3.959426	-0.000002	-0.000002	0.779695	-6.682116	-3.234417	0.000000	25409.814453	140.471359	25652.302734
2004	11	0.000000	-2.773760	3.489455	3.489455	-0.000001	-0.000001	0.715696	1.886829	-0.846552	0.000000	25409.812500	140.346939	25652.160156
2004	11	0.000000	-2.780977	3.439569	3.439569	-0.000001	-0.000001	0.658592	-0.843015	-0.973498	0.000000	25409.810547	140.232986	25652.031250
2004	11	0.000000	-2.931549	3.555145	3.555145	-0.000001	-0.000001	0.623596	-2.510535	-2.254168	0.000000	25409.808594	140.114151	25651.900391
2004	11	0.000000	-2.271594	2.854027	2.854027	-0.000001	-0.000001	0.582434	1.497267	-0.198523	0.000000	25409.806641	140.002991	25651.775391
2004	11	0.000000	-2.334694	2.799021	2.799021	-0.000001	-0.000001	0.464327	-13.346265	-4.624435	0.000000	25409.804688	139.905914	25651.667969
2004	11	0.000000	-2.304339	2.693782	2.693782	-0.000001	-0.000001	0.389443	-4.854554	-2.662915	0.000000	25409.802734	139.805466	25651.562500
2004	11	0.000000	-1.745529	2.056195	2.056195	-0.000001	-0.000001	0.310666	1.358904	-0.813865	0.000000	25409.802734	139.719223	25651.472656
2004	11	0.000000	-1.931365	2.148426	2.148426	-0.000001	-0.000001	0.217061	-11.535826	-2.713591	0.000000	25409.798828	139.636398	25651.388672
2004	11	0.000000	-1.811998	1.966803	1.966803	-0.000001	-0.000001	0.154805	-5.659519	-1.464477	0.000000	25409.796875	139.552750	25651.306641
2004	11	0.000000	-2.052306	2.176496	2.176496	-0.000001	-0.000001	0.124189	-12.129477	-3.994433	0.000000	25409.794922	139.470337	25651.226562
2004	11	0.000000	-2.909906	3.017001	3.017001	-0.000001	-0.000001	0.107095	-14.848001	-5.564875	0.000000	25409.792969	139.367584	25651.126953
2004	11	0.000000	-2.650095	2.756415	2.756415	-0.000001	-0.000001	0.106319	-4.542875	-1.567526	0.000000	25409.791016	139.256149	25651.019531
2004	11	0.000000	-1.969079	2.075009	2.075009	-0.000001	-0.000001	0.105930	-5.948764	-1.339524	0.000000	25409.789062	139.156952	25650.925781
2004	11	0.000000	-1.358994	1.451333	1.451333	-0.000001	-0.000001	0.092340	4.856773	-0.383136	0.000000	25409.789062	139.085114	25650.857422
2004	11	0.000000	-1.502070	1.554215	1.554215	-0.000001	-0.000001	0.052145	-8.506206	-1.553518	0.000000	25409.787109	139.021027	25650.798828
2004	11	0.000000	-1.972647	2.007564	2.007564	-0.000001	-0.000001	0.034917	-15.705293	-6.184326	0.000000	25409.785156	138.945129	25650.728516
2004	11	0.000000	-2.398748	2.428857	2.428857	-0.000001	-0.000001	0.030109	-9.174311	-4.007177	0.000000	25409.785156	138.854630	25650.644531
2004	11	0.000000	-2.146306	2.176107	2.176107	-0.000001	-0.000001	0.029802	-13.836594	-4.463947	0.000000	25409.785156	138.761185	25650.558594
2004	11	0.000000	-2.188660	2.218278	2.218278	-0.000001	-0.000001	0.029619	-11.693613	-4.665611	0.000000	25409.783203	138.672043	25650.476562
2004	11	0.000000	-1.983218	2.012669	2.012669	-0.000001	-0.000001	0.029451	-15.850510	-7.111399	0.000000	25409.783203	138.585251	25650.396484
2004	11	0.000000	-1.649937	1.676226	1.676226	-0.000001	-0.000001	0.026289	-15.061922	-6.473903	0.000000	25409.783203	138.510086	25650.326172
2004	11	0.000000	-1.590244	1.609695	1.609695	-0.000001	-0.000001	0.019451	-10.550122	-4.125010	0.000000	25409.781250	138.440704	25650.263672
2004	11	0.000000	-1.498722	1.513195	1.513195	-0.000001	-0.000001	0.014473	-17.858608	-7.038090	0.000000	25409.781250	138.372787	25650.203125
2004	11	0.000000	-1.545476	1.553790	1.553790	-0.000001	-0.000001	0.008314	-12.619762	-6.097289	0.000000	25409.781250	138.308350	25650.146484
2004	11	0.000000	-1.675481	1.681243	1.681243	-0.000001	-0.000001	0.005763	-9.601431	-6.315572	0.000000	25409.781250	138.239471	25650.083984
2004	12	0.000000	-1.791661	1.797511	1.797511	-0.000001	-0.000001	0.005849	-11.043267	-6.635056	0.000000	25409.781250	138.167618	25650.019531
2004	12	0.000000	-1.663379	1.669193	1.669193	-0.000001	-0.000001	0.005814	-15.510953	-8.244783	0.000000	25409.781250	138.096512	25649.957031
2004	12	0.000000	-1.350783	1.356629	1.356629	-0.000001	-0.000001	0.005846	-16.850008	-5.098399	0.000000	25409.781250	138.034180	25649.902344
2004	12	0.000000	-1.138741	1.144240	1.144240	-0.000000	-0.000000	0.005500	-25.984337	-4.660650	0.000000	25409.781250	137.979431	25649.853516
2004	12	0.000000	-0.931230	0.934003	0.934003	-0.000000	-0.000000	0.002774	-13.651315	-1.379945	0.000000	25409.781250	137.933136	25649.816406
2004	12	0.000000	-0.715423	0.715603	0.715603	-0.000000	-0.000000	0.000181	-0.748964	-0.321717	0.000000	25409.781250	137.892670	25649.783203
2004	12	0.000000	-0.981702	0.981702	0.981702	-0.000000	-0.000000	0.000000	-9.492210	-1.637104	0.000000	25409.781250	137.852707	25649.750000
2004	12	0.000000	-0.917504	0.917504	0.917504	-0.000000	-0.000000	0.000000	-14.748336	-1.771075	0.000000	25409.781250	137.809265	25649.714844
2004	12	0.000000	-0.942577	0.942577	0.942577	-0.000000	-0.000000	0.000000	-17.407314	-2.259176	0.000000	25409.781250	137.764832	25649.677734
2004	12	0.000000	-0.782150	0.782150	0.782150	-0.000000	-0.000000	0.000000	-8.342039	-0.555149	0.000000	25409.781250	137.724411	25649.644531
2004	12	0.000000	-0.667710	0.667710	0.667710	-0.000000	-0.000000	0.000000	0.917165	-0.319759	0.000000	25409.781250	137.688889	25649.617188
2004	12	0.000000	-0.637909	0.637909	0.637909	-0.000000	-0.000000	0.000000	3.323181	-0.341435	0.000000	25409.781250	137.655640	25649.589844
2004	12	0.000000	-0.833299	0.833299	0.833299	-0.000000	-0.000000	0.000000	-14.353595	-1.553542	0.000000	25409.781250	137.619308	25649.562500
2004	12	0.000000	-0.861495	0.861495	0.861495	-0.000000	-0.000000	0.000000	-15.436249	-1.649216	0.000000	25409.781250	137.579788	25649.529297
2004	12	0.000000	-0.967899	0.967899	0.967899	-0.000000	-0.000000	0.000000	-16.267302	-2.428507	0.000000	25409.781250	137.537704	25649.496094
2004	12	0.000000	-0.915991	0.915991	0.915991	-0.000000	-0.000000	0.000000	-20.976631	-3.181536	0.000000	25409.781250	137.496841	25649.462891
2004	12	0.000000	-1.034289	1.034289	1.034289	-0.000000	-0.000000	0.000000	-33.918217	-6.868910	0.000000	25409.781250	137.452362	25649.425781
2004	12	0.000000	-1.200086	1.200086	1.200086	-0.000000	-0.000000	0.000000	-21.754301	-6.579500	0.000000	25409.781250	137.405563	25649.386719
2004	12	0.000000	-1.207554	1.207554	1.207554	-0.000000	-0.000000	0.000000	-9.944591	-3.141565	0.000000	25409.781250	137.354767	25649.341797
2004	12	0.000000	-1.214867	1.214867	1.214867	-0.000000	-0.000000	0.000000	-20.777420	-6.050244	0.000000	25409.781250	137.303650	25649.298828
2004	12	0.000000	-1.108465	1.108465	1.108465	-0.000000	-0.000000	0.000000	-7.761827	-1.934235	0.000000	25409.781250	137.255463	25649.257812
2004	12	0.000000	-1.095993	1.095993	1.095993	-0.000000	-0.000000	0.000000	-11.177337	-2.982995	0.000000	25409.781250	137.208557	25649.218750
2004	12	0.000000	-0.666216	0.666216	0.666216	-0.000000	-0.000000	0.000000	-0.616203	-1.365976	0.000000	25409.781250	137.168625	25649.187500
2004	12	0.000000	-0.916468	0.916468	0.916468	-0.000000	-0.000000	0.000000	-10.404181	-2.852501	0.000000	25409.781250	137.134811	25649.160156
2004	12	0.000000	-0.852210	0.852210	0.852210	-0.000000	-0.000000	0.000000	-21.650909	-4.550477	0.000000	25409.781250	137.093140	25649.126953
2004	12	0.000000	-0.966996	0.966996	0.966996	-0.000000	-0.000000	0.000000	-20.957600	-4.181859	0.000000	25409.781250	137.055313	25649.095703
2004	12	0.000000	-1.429916	1.429916	1.429916	-0.000001	-0.000001	0.000000	-32.000881	-10.610864	0.000000	25409.781250	137.005295	25649.052734
2004	12	0.000000	-0.879687	0.879687	0.879687	-0.000000	-0.000000	0.000000	-8.988832	-2.602731	0.000000	25409.781250	136.955246	25649.011719
2004	12	0.000000	-0.661399	0.661399	0.661399	-0.000000	-0.000000	0.000000	-1.219950	-0.337225	0.000000	25409.781250	136.921631	25648.984375
2004	12	0.000000	-0.838221	0.838221	0.838221	-0.000000	-0.000000	0.000000	-14.670034	-2.195924	0.000000	25409.781250	136.888809	25648.958984
2004	12	0.000000	-1.166682	1.166682	1.166682	-0.000000	-0.000000	0.000000	-17.376566	-4.709910	0.000000	25409.781250	136.845306	25648.923828
2005	01	0.000000	-1.285269	1.285269	1.285269	-0.000000	-0.000000	0.000000	-26.353022	-8.444588	0.000000	25409.781250	136.794708	25648.880859
2005	01	0.000000	-1.022740	1.022740	1.022740	-0.000000	-0.000000	0.000000	-9.774960	-3.047467	0.000000	25409.781250	136.749847	25648.843750
2005	01	0.000000	-1.355790	1.355790	1.355790	-0.000001	-0.000001	0.000000	-20.114594	-6.947777	0.000000	25409.781250	136.699631	25648.800781
2005	01	0.000000	-1.263307	1.263307	1.263307	-0.000000	-0.000000	0.000000	-22.755333	-6.979098	0.000000	25409.781250	136.647507	25648.755859
2005	01	0.000000	-1.130148	1.130148	1.130148	-0.000000	-0.000000	0.000000	-24.294563	-7.107533	0.000000	25409.781250	136.599655	25648.714844
2005	01	0.000000	-0.976538	0.976538	0.976538	-0.000000	-0.000000	0.000000	-2.647990	-3.044569	0.000000	25409.781250	136.554688	25648.677734
2005	01	0.000000	-0.927779	0.927779	0.927779	-0.000000	-0.000000	0.000000	-13.005259	-4.110692	0.000000	25409.781250	136.517563	25648.648438
2005	01	0.000000	-1.211079	1.211079	1.211079	-0.000000	-0.000000	0.000000	-16.864250	-6.565652	0.000000	25409.781250	136.471527	25648.609375
2005	01	0.000000	-1.322707	1.322707	1.322707	-0.000000	-0.000000	0.000000	-9.744691	-5.918351	0.000000	25409.781250	136.421188	25648.566406
2005	01	0.000000	-0.917332	0.917332	0.917332	-0.000000	-0.000000	0.000000	-15.081156	-6.258085	0.000000	25409.781250	136.374878	25648.527344
2005	01	0.000000	-0.745684	0.745684	0.745684	-0.000000	-0.000000	0.000000	-9.747966	-3.369310	0.000000	25409.781250	136.339432	25648.500000
2005	01	0.000000	-0.724906	0.724906	0.724906	-0.000000	-0.000000	0.000000	-3.611099	-1.610019	0.000000	25409.781250	136.307755	25648.474609
2005	01	0.000000	-0.714276	0.714276	0.714276	-0.000000	-0.000000	0.000000	-3.953695	-1.742682	0.000000	25409.781250	136.274048	25648.449219
2005	01	0.000000	-0.436467	0.436467	0.436467	-0.000000	-0.000000	0.000000	11.165077	-0.154363	0.000000	25409.781250	136.247345	25648.429688
2005	01	0.000000	-0.511991	0.511991	0.511991	-0.000000	-0.000000	0.000000	-6.326328	-0.469706	0.000000	25409.781250	136.222610	25648.412109
2005	01	0.000000	-0.519696	0.519696	0.519696	-0.000000	-0.000000	0.000000	-2.657743	-0.469045	0.000000	25409.781250	136.197479	25648.394531
2005	01	0.000000	-0.551307	0.551307	0.551307	-0.000000	-0.000000	0.000000	-6.208486	-0.749816	0.000000	25409.781250	136.170837	25648.376953
2005	01	0.000000	-0.514817	0.514817	0.514817	-0.000000	-0.000000	0.000000	-3.985192	-0.577240	0.000000	25409.781250	136.144577	25648.357422
2005	01	0.000000	-0.683064	0.683064	0.683064	-0.000000	-0.000000	0.000000	0.421691	0.604497	0.000000	25409.781250	136.117569	25648.337891
2005	01	0.000000	-0.584399	0.584399	0.584399	-0.000000	-0.000000	0.000000	6.708926	0.024725	0.000000	25409.781250	136.086334	25648.314453
2005	01	0.000000	-0.536957	0.536957	0.536957	-0.000000	-0.000000	0.000000	-0.809572	-0.691952	0.000000	25409.781250	136.060211	25648.294922
2005	01	0.000000	-0.560954	0.560954	0.560954	-0.000000	-0.000000	0.000000	4.237511	-0.326382	0.000000	25409.781250	136.034637	25648.277344
2005	01	0.000000	-0.794189	0.794189	0.794189	-0.000000	-0.000000	0.000000	-9.874028	-3.427696	0.000000	25409.781250	136.004135	25648.253906
2005	01	0.000000	-0.968548	0.968548	0.968548	-0.000000	-0.000000	0.000000	-10.740774	-5.548825	0.000000	25409.781250	135.966461	25648.224609
2005	01	0.000000	-0.902601	0.902601	0.902601	-0.000000	-0.000000	0.000000	-6.314669	-5.054612	0.000000	25409.781250	135.926956	25648.191406
2005	01	0.000000	-0.727177	0.727177	0.727177	-0.000000	-0.000000	0.000000	-3.894057	-3.560683	0.000000	25409.781250	135.891769	25648.164062
2005	01	0.000000	-0.536560	0.536560	0.536560	-0.000000	-0.000000	0.000000	-6.022202	-1.004586	0.000000	25409.781250	135.864120	25648.144531
2005	01	0.000000	-0.579189	0.579189	0.579189	-0.000000	-0.000000	0.000000	-11.349051	-1.532695	0.000000	25409.781250	135.837540	25648.125000
2005	01	0.000000	-0.509958	0.509958	0.509958	-0.000000	-0.000000	0.000000	-4.646556	-0.472358	0.000000	25409.781250	135.811264	25648.105469
2005	01	0.000000	-0.514176	0.514176	0.514176	-0.000000	-0.000000	0.000000	-3.723627	-0.656579	0.000000	25409.781250	135.786865	25648.089844
2005	01	0.000000	-0.534906	0.534906	0.534906	-0.000000	-0.000000	0.000000	-1.369736	-1.032667	0.000000	25409.781250	135.761307	25648.070312
2005	02	0.000000	-0.518088	0.518088	0.518088	-0.000000	-0.000000	0.000000	-4.713249	-1.066356	0.000000	25409.781250	135.734650	25648.050781
2005	02	0.000000	-0.450307	0.450307	0.450307	-0.000000	-0.000000	0.000000	-0.265942	-0.774719	0.000000	25409.781250	135.710007	25648.035156
2005	02	0.000000	-0.541458	0.541458	0.541458	-0.000000	-0.000000	0.000000	-8.878090	-1.576643	0.000000	25409.781250	135.683090	25648.015625
2005	02	0.000000	-0.372435	0.372435	0.372435	-0.000000	-0.000000	0.000000	9.567112	-0.555931	0.000000	25409.781250	135.658493	25647.998047
2005	02	0.000000	-0.326405	0.326405	0.326405	-0.000000	-0.000000	0.000000	14.164724	-0.337645	0.000000	25409.781250	135.638214	25647.984375
2005	02	0.000000	-0.341136	0.341136	0.341136	-0.000000	-0.000000	0.000000	6.764283	-0.272457	0.000000	25409.781250	135.618439	25647.972656
2005	02	0.000000	-0.297865	0.297865	0.297865	-0.000000	-0.000000	0.000000	12.063282	-0.299955	0.000000	25409.781250	135.598160	25647.958984
2005	02	0.000000	-0.534499	0.534499	0.534499	-0.000000	-0.000000	0.000000	-11.194527	-2.825950	0.000000	25409.781250	135.576797	25647.945312
2005	02	0.000000	-0.640630	0.640630	0.640630	-0.000000	-0.000000	0.000000	-9.290390	-5.526901	0.000000	25409.781250	135.546234	25647.921875
2005	02	0.000000	-0.701395	0.701395	0.701395	-0.000000	-0.000000	0.000000	-8.580641	-4.173522	0.000000	25409.781250	135.514145	25647.898438
2005	02	0.000000	-0.692779	0.692779	0.692779	-0.000000	-0.000000	0.000000	-9.183204	-5.518096	0.000000	25409.781250	135.481018	25647.873047
2005	02	0.000000	-0.697850	0.697850	0.697850	-0.000000	-0.000000	0.000000	-8.952974	-4.025673	0.000000	25409.781250	135.448288	25647.847656
2005	02	0.000000	-0.674016	0.674016	0.674016	-0.000000	-0.000000	0.000000	-8.973428	-4.826925	0.000000	25409.781250	135.415604	25647.822266
2005	02	0.000000	-0.591872	0.591872	0.591872	-0.000000	-0.000000	0.000000	-10.759162	-3.841250	0.000000	25409.781250	135.384750	25647.798828
2005	02	0.000000	-0.636485	0.636485	0.636485	-0.000000	-0.000000	0.000000	-10.148356	-5.371931	0.000000	25409.781250	135.355621	25647.777344
2005	02	0.000000	-0.652406	0.652406	0.652406	-0.000000	-0.000000	0.000000	-9.124594	-6.091026	0.000000	25409.781250	135.324051	25647.751953
2005	02	0.000000	-0.679511	0.679511	0.679511	-0.000000	-0.000000	0.000000	-10.648418	-2.822093	0.000000	25409.781250	135.291794	25647.726562
2005	02	0.000000	-0.432725	0.432725	0.432725	-0.000000	-0.000000	0.000000	0.388031	-0.802539	0.000000	25409.781250	135.264709	25647.707031
2005	02	0.000000	-0.476064	0.476064	0.476064	-0.000000	-0.000000	0.000000	-3.088311	-0.876872	0.000000	25409.781250	135.240662	25647.691406
2005	02	0.000000	-0.530032	0.530032	0.530032	-0.000000	-0.000000	0.000000	-8.266861	-1.695332	0.000000	25409.781250	135.214798	25647.671875
2005	02	0.000000	-0.413762	0.413762	0.413762	-0.000000	-0.000000	0.000000	1.238447	-0.326825	0.000000	25409.781250	135.189514	25647.654297
2005	02	0.000000	-0.324918	0.324918	0.324918	-0.000000	-0.000000	0.000000	10.408244	-0.407054	0.000000	25409.781250	135.169678	25647.642578
2005	02	0.000000	-0.429685	0.429685	0.429685	-0.000000	-0.000000	0.000000	-9.955329	-1.345250	0.000000	25409.781250	135.147430	25647.626953
2005	02	0.000000	-0.511467	0.511467	0.511467	-0.000000	-0.000000	0.000000	-12.884663	-2.263059	0.000000	25409.781250	135.123856	25647.611328
2005	02	0.000000	-0.564179	0.564179	0.564179	-0.000000	-0.000000	0.000000	-10.215748	-3.234520	0.000000	25409.781250	135.096252	25647.591797
2005	02	0.000000	-0.605124	0.605124	0.605124	-0.000000	-0.000000	0.000000	-9.644860	-3.961132	0.000000	25409.781250	135.067078	25647.570312
2005	02	0.000000	-0.538656	0.538656	0.538656	-0.000000	-0.000000	0.000000	-4.817115	-1.844984	0.000000	25409.781250	135.039185	25647.548828
2005	02	0.000000	-0.436261	0.436261	0.436261	-0.000000	-0.000000	0.000000	-11.324417	-1.815132	0.000000	25409.781250	135.013550	25647.531250
2005	03	0.000000	-0.538661	0.538661	0.538661	-0.000000	-0.000000	0.000000	-18.774544	-3.995334	0.000000	25409.781250	134.989990	25647.513672
2005	03	0.000000	-0.516171	0.516171	0.516171	-0.000000	-0.000000	0.000000	-0.923251	-2.808386	0.000000	25409.781250	134.964981	25647.496094
2005	03	0.000000	-0.477333	0.477333	0.477333	-0.000000	-0.000000	0.000000	0.450145	-3.263904	0.000000	25409.781250	134.941223	25647.480469
2005	03	0.000000	-0.534447	0.534447	0.534447	-0.000000	-0.000000	0.000000	5.167830	-2.643484	0.000000	25409.781250	134.917496	25647.464844
2005	03	0.000000	-0.574866	0.574866	0.574866	-0.000000	-0.000000	0.000000	3.675437	-3.307922	0.000000	25409.781250	134.891815	25647.445312
2005	03	0.000000	-0.640410	0.640410	0.640410	-0.000000	-0.000000	0.000000	-0.336693	-2.762605	0.000000	25409.781250	134.864502	25647.425781
2005	03	0.000000	-0.529224	0.529224	0.529224	-0.000000	-0.000000	0.000000	1.359763	-1.206816	0.000000	25409.781250	134.837631	25647.406250
2005	03	0.000000	-0.599604	0.599604	0.599604	-0.000000	-0.000000	0.000000	4.951343	-3.103444	0.000000	25409.781250	134.811829	25647.388672
2005	03	0.000000	-0.562084	0.562084	0.562084	-0.000000	-0.000000	0.000000	5.772770	-4.559961	0.000000	25409.781250	134.785385	25647.369141
2005	03	0.000000	-0.548504	0.548504	0.548504	-0.000000	-0.000000	0.000000	2.641597	-3.373485	0.000000	25409.781250	134.760147	25647.351562
2005	03	0.000000	-0.667437	0.667437	0.667437	-0.000000	-0.000000	0.000000	1.915268	-4.227637	0.000000	25409.781250	134.732925	25647.332031
2005	03	0.000000	-0.648745	0.648745	0.648745	-0.000000	-0.000000	0.000000	0.013080	-3.050852	0.000000	25409.781250	134.704117	25647.310547
2005	03	0.000000	-0.731760	0.731760	0.731760	-0.000000	-0.000000	0.000000	-0.412832	-1.046327	0.000000	25409.781250	134.674469	25647.287109
2005	03	0.000000	-0.693421	0.693421	0.693421	-0.000000	-0.000000	0.000000	-7.086506	-2.569217	0.000000	25409.781250	134.643890	25647.263672
2005	03	0.000000	-0.720579	0.720579	0.720579	-0.000000	-0.000000	0.000000	-3.000980	-2.229185	0.000000	25409.781250	134.612350	25647.240234
2005	03	0.000000	-0.634245	0.634245	0.634245	-0.000000	-0.000000	0.000000	-9.280046	-2.841559	0.000000	25409.781250	134.583984	25647.218750
2005	03	0.000000	-0.706613	0.706613	0.706613	-0.000000	-0.000000	0.000000	-0.202211	-1.749682	0.000000	25409.781250	134.554276	25647.197266
2005	03	0.000000	-0.511162	0.511162	0.511162	-0.000000	-0.000000	0.000000	0.215499	-1.208089	0.000000	25409.781250	134.526703	25647.177734
2005	03	0.000000	-0.391563	0.391563	0.391563	-0.000000	-0.000000	0.000000	14.678774	-0.455478	0.000000	25409.781250	134.504761	25647.162109
2005	03	0.000000	-0.536508	0.536508	0.536508	-0.000000	-0.000000	0.000000	7.537765	-0.069859	0.000000	25409.781250	134.483521	25647.148438
2005	03	0.000000	-0.531908	0.531908	0.531908	-0.000000	-0.000000	0.000000	-8.171474	-2.935746	0.000000	25409.781250	134.457672	25647.130859
2005	03	0.000000	-0.527083	0.527083	0.527083	-0.000000	-0.000000	0.000000	-8.439030	-3.914832	0.000000	25409.781250	134.433136	25647.113281
2005	03	0.000000	-0.586795	0.586795	0.586795	-0.000000	-0.000000	0.000000	-18.079325	-4.161609	0.000000	25409.781250	134.407822	25647.095703
2005	03	0.000000	-0.615818	0.615818	0.615818	-0.000000	-0.000000	0.000000	-5.685589	-2.253829	0.000000	25409.781250	134.380615	25647.074219
2005	03	0.000000	-0.589814	0.589814	0.589814	-0.000000	-0.000000	0.000000	6.605619	-0.711279	0.000000	25409.781250	134.353836	25647.054688
2005	03	0.000000	-0.524305	0.524305	0.524305	-0.000000	-0.000000	0.000000	5.217826	-2.143673	0.000000	25409.781250	134.327942	25647.037109
2005	03	0.000000	-0.427271	0.427271	0.427271	-0.000000	-0.000000	0.000000	7.811489	-0.761484	0.000000	25409.781250	134.305298	25647.021484
2005	03	0.000000	-0.475557	0.475557	0.475557	-0.000000	-0.000000	0.000000	0.641265	-1.704977	0.000000	25409.781250	134.283554	25647.007812
2005	03	0.000000	-0.534861	0.534861	0.534861	-0.000000	-0.000000	0.000000	9.745238	-2.365960	0.000000	25409.781250	134.259674	25646.990234
2005	03	0.000000	-0.494326	0.494326	0.494326	-0.000000	-0.000000	0.000000	11.758861	-0.875489	0.000000	25409.781250	134.235321	25646.974609
2005	03	0.000000	-0.494626	0.494626	0.494626	-0.000000	-0.000000	0.000000	11.683050	-0.276805	0.000000	25409.781250	134.212326	25646.958984
2005	04	0.000000	-0.455053	0.455053	0.455053	-0.000000	-0.000000	0.000000	3.709333	-0.486332	0.000000	25409.781250	134.189011	25646.941406
2005	04	0.000000	-0.503685	0.503685	0.503685	-0.000000	-0.000000	0.000000	-12.833024	-3.287049	0.000000	25409.781250	134.165237	25646.925781
2005	04	0.000000	-0.533554	0.533554	0.533554	-0.000000	-0.000000	0.000000	-6.530755	-2.487537	0.000000	25409.781250	134.140869	25646.908203
2005	04	0.000000	-0.530821	0.530821	0.530821	-0.000000	-0.000000	0.000000	-9.094131	-4.350491	0.000000	25409.781250	134.115555	25646.890625
2005	04	0.000000	-0.574621	0.574621	0.574621	-0.000000	-0.000000	0.000000	-7.764905	-3.831759	0.000000	25409.781250	134.089890	25646.873047
2005	04	0.000000	-0.582319	0.582319	0.582319	-0.000000	-0.000000	0.000000	-6.872011	-2.716074	0.000000	25409.781250	134.062866	25646.853516
2005	04	0.000000	-0.616507	0.616507	0.616507	-0.000000	-0.000000	0.000000	-8.263982	-3.262357	0.000000	25409.781250	134.035416	25646.832031
2005	04	0.000000	-0.612420	0.612420	0.612420	-0.000000	-0.000000	0.000000	-9.065800	-3.921952	0.000000	25409.781250	134.007538	25646.812500
2005	04	0.000000	-0.661010	0.661010	0.661010	-0.000000	-0.000000	0.000000	-11.277723	-5.254552	0.000000	25409.781250	133.978867	25646.791016
2005	04	0.000000	-0.578058	0.578058	0.578058	-0.000000	-0.000000	0.000000	-7.802126	-4.074386	0.000000	25409.781250	133.950348	25646.769531
2005	04	0.000000	-0.532228	0.532228	0.532228	-0.000000	-0.000000	0.000000	-5.427553	-2.503949	0.000000	25409.781250	133.925110	25646.751953
2005	04	0.000000	-0.493661	0.493661	0.493661	-0.000000	-0.000000	0.000000	-4.292227	-1.967482	0.000000	25409.781250	133.900162	25646.734375
2005	04	0.000000	-0.439522	0.439522	0.439522	-0.000000	-0.000000	0.000000	-2.640754	-1.115912	0.000000	25409.781250	133.877563	25646.718750
2005	04	0.000000	-0.586248	0.586248	0.586248	-0.000000	-0.000000	0.000000	-0.683825	-0.631290	0.000000	25409.781250	133.853424	25646.701172
2005	04	0.000000	-0.546047	0.546047	0.546047	-0.000000	-0.000000	0.000000	-8.186337	-3.291649	0.000000	25409.781250	133.826279	25646.681641
2005	04	0.000000	-0.472252	0.472252	0.472252	-0.000000	-0.000000	0.000000	-2.779600	-1.160192	0.000000	25409.781250	133.802185	25646.666016
2005	04	0.000000	-0.444849	0.444849	0.444849	-0.000000	-0.000000	0.000000	0.451405	-0.545095	0.000000	25409.781250	133.779587	25646.650391
2005	04	0.000000	-0.459900	0.459900	0.459900	-0.000000	-0.000000	0.000000	-3.142709	-1.889746	0.000000	25409.781250	133.757019	25646.634766
2005	04	0.000000	-0.436769	0.436769	0.436769	-0.000000	-0.000000	0.000000	2.304879	-0.063366	0.000000	25409.781250	133.734848	25646.621094
2005	04	0.000000	-0.449354	0.449354	0.449354	-0.000000	-0.000000	0.000000	9.842327	1.018980	0.000000	25409.781250	133.712982	25646.605469
2005	04	0.000000	-0.484041	0.484041	0.484041	-0.000000	-0.000000	0.000000	-0.945146	-1.881156	0.000000	25409.781250	133.689713	25646.589844
2005	04	0.000000	-0.474412	0.474412	0.474412	-0.000000	-0.000000	0.000000	0.727673	-0.591141	0.000000	25409.781250	133.666107	25646.574219
2005	04	0.000000	-0.594894	0.594894	0.594894	-0.000000	-0.000000	0.000000	-6.929008	0.035076	0.000000	25409.781250	133.641846	25646.556641
2005	04	0.000000	-0.687604	0.687604	0.687604	-0.000000	-0.000000	0.000000	-6.915285	-0.615990	0.000000	25409.781250	133.611694	25646.533203
2005	04	0.000000	-0.529652	0.529652	0.529652	-0.000000	-0.000000	0.000000	-2.628934	0.472535	0.000000	25409.781250	133.584793	25646.513672
2005	04	0.000000	-0.492379	0.492379	0.492379	-0.000000	-0.000000	0.000000	4.231659	1.488186	0.000000	25409.781250	133.560455	25646.496094
2005	04	0.000000	-0.598559	0.598559	0.598559	-0.000000	-0.000000	0.000000	0.078058	0.615554	0.000000	25409.781250	133.534805	25646.478516
2005	04	0.000000	-0.555566	0.555566	0.555566	-0.000000	-0.000000	0.000000	3.715975	2.212736	0.000000	25409.781250	133.508545	25646.458984
2005	04	0.000000	-0.693436	0.693436	0.693436	-0.000000	-0.000000	0.000000	-7.702055	1.501012	0.000000	25409.781250	133.479813	25646.437500
2005	04	0.000000	-0.628939	0.628939	0.628939	-0.000000	-0.000000	0.000000	1.517004	2.952499	0.000000	25409.781250	133.450348	25646.416016
2005	05	0.000000	-0.618714	0.618714	0.618714	-0.000000	-0.000000	0.000000	3.181045	2.215428	0.000000	25409.781250	133.422638	25646.396484
2005	05	0.000000	-0.758562	0.758562	0.758562	-0.000000	-0.000000	0.000000	1.530872	5.091469	0.000000	25409.781250	133.392899	25646.373047
2005	05	0.000000	-0.752328	0.752328	0.752328	-0.000000	-0.000000	0.000000	1.067499	5.979821	0.000000	25409.781250	133.361130	25646.349609
2005	05	0.000000	-0.743940	0.743940	0.743940	-0.000000	-0.000000	0.000000	7.514452	9.633187	0.000000	25409.781250	133.329651	25646.324219
2005	05	0.000000	-0.700736	0.700736	0.700736	-0.000000	-0.000000	0.000000	6.602589	7.017069	0.000000	25409.781250	133.299072	25646.300781
2005	05	0.000000	-0.707798	0.707798	0.707798	-0.000000	-0.000000	0.000000	12.367424	8.563599	0.000000	25409.781250	133.268967	25646.279297
2005	05	0.000000	-0.623683	0.623683	0.623683	-0.000000	-0.000000	0.000000	5.222234	5.346648	0.000000	25409.781250	133.240143	25646.257812
2005	05	0.000000	-0.608327	0.608327	0.608327	-0.000000	-0.000000	0.000000	4.546589	6.313763	0.000000	25409.781250	133.213074	25646.238281
2005	05	0.000000	-0.629762	0.629762	0.629762	-0.000000	-0.000000	0.000000	1.875983	4.661985	0.000000	25409.781250	133.185806	25646.216797
2005	05	0.000000	-0.649352	0.649352	0.649352	-0.000000	-0.000000	0.000000	8.233795	7.733274	0.000000	25409.781250	133.157837	25646.197266
2005	05	0.000000	-0.682123	0.682123	0.682123	-0.000000	-0.000000	0.000000	12.909822	10.537526	0.000000	25409.781250	133.129044	25646.175781
2005	05	0.000000	-0.686472	0.686472	0.686472	-0.000000	-0.000000	0.000000	8.756418	8.523801	0.000000	25409.781250	133.099503	25646.152344
2005	05	0.000000	-0.665749	0.665749	0.665749	-0.000000	-0.000000	0.000000	7.773753	7.412446	0.000000	25409.781250	133.070480	25646.130859
2005	05	0.000000	-0.759005	0.759005	0.759005	-0.000000	-0.000000	0.000000	11.141970	14.892283	0.000000	25409.781250	133.040161	25646.107422
2005	05	0.000000	-0.745289	0.745289	0.745289	-0.000000	-0.000000	0.000000	3.780869	9.565609	0.000000	25409.781250	133.008591	25646.083984
2005	05	0.000000	-0.768472	0.768472	0.768472	-0.000000	-0.000000	0.000000	3.324840	14.064302	0.000000	25409.781250	132.976471	25646.058594
2005	05	0.000000	-0.723563	0.723563	0.723563	-0.000000	-0.000000	0.000000	1.805865	8.214211	0.000000	25409.781250	132.945343	25646.035156
2005	05	0.000000	-0.710709	0.710709	0.710709	-0.000000	-0.000000	0.000000	-4.774513	11.894796	0.000000	25409.781250	132.915009	25646.011719
2005	05	0.000000	-0.730095	0.730095	0.730095	-0.000000	-0.000000	0.000000	-0.092114	13.086525	0.000000	25409.781250	132.884445	25645.988281
2005	05	0.000000	-0.729750	0.729750	0.729750	-0.000000	-0.000000	0.000000	-1.903405	7.627688	0.000000	25409.781250	132.853500	25645.964844
2005	05	0.000000	-0.752887	0.752887	0.752887	-0.000000	-0.000000	0.000000	-1.871837	5.014401	0.000000	25409.781250	132.822403	25645.941406
2005	05	0.000000	-0.779950	1.673084	1.673084	-0.000001	-0.000001	0.893135	-8.116574	4.234734	0.000000	25409.802734	132.790405	25645.900391
2005	05	0.000000	-0.780782	5.335986	5.335986	-0.000002	-0.000002	4.555203	-7.526480	6.128736	0.000000	25409.941406	132.757706	25645.769531
2005	05	0.000000	-0.806119	2.933381	2.933381	-0.000001	-0.000001	2.127262	-2.025068	4.392453	0.000000	25410.066406	132.724884	25645.646484
2005	05	0.000000	-0.782063	2.046777	2.046777	-0.000001	-0.000001	1.264713	-7.779999	9.966743	0.000000	25410.130859	132.692017	25645.570312
2005	05	0.000000	-0.802328	2.107496	2.107496	-0.000001	-0.000001	1.305168	-16.372707	20.235210	0.000000	25410.179688	132.659256	25645.505859
2005	05	0.000000	-0.862054	6.400838	6.400838	-0.000002	-0.000002	5.538784	-13.398257	5.156919	0.000000	25410.300781	132.625076	25645.380859
2005	05	0.000000	-0.844967	15.136676	15.136676	-0.000006	-0.000006	14.291708	12.919284	15.220804	0.000000	25410.712891	132.589920	25645.013672
2005	05	0.000000	-0.895405	22.197716	22.197716	-0.000008	-0.000008	21.302311	47.675030	27.558580	0.000000	25411.347656	132.554977	25644.416016
2005	05	0.000000	-0.922200	23.447489	23.447489	-0.000009	-0.000009	22.525288	61.724449	33.236710	0.000000	25412.082031	132.518097	25643.654297
2005	05	0.000000	-0.873759	16.580141	16.580141	-0.000006	-0.000006	15.706381	84.905159	37.838249	0.000000	25412.564453	132.481720	25642.998047
2005	06	0.000000	-0.777218	12.671552	12.671552	-0.000005	-0.000005	11.894334	109.380043	33.082954	0.000000	25412.816406	132.447372	25642.548828
2005	06	0.000000	-0.659756	11.059352	11.059352	-0.000004	-0.000004	10.399596	124.216782	56.427532	0.000000	25413.025391	132.416290	25642.148438
2005	06	0.000000	-0.616045	9.948510	9.948510	-0.000004	-0.000004	9.332465	138.232620	39.081436	0.000000	25413.195312	132.388062	25641.804688
2005	06	0.000000	-0.643379	9.717296	9.717296	-0.000004	-0.000004	9.073916	121.267120	42.866360	0.000000	25413.347656	132.359818	25641.476562
2005	06	0.000000	-0.667566	9.715467	9.715467	-0.000004	-0.000004	9.047901	113.891785	23.528559	0.000000	25413.486328	132.330627	25641.152344
2005	06	0.000000	-0.722255	10.185138	10.185138	-0.000004	-0.000004	9.462882	90.625511	33.179092	0.000000	25413.607422	132.300201	25640.824219
2005	06	0.000000	-0.727860	9.975713	9.975713	-0.000004	-0.000004	9.247853	98.303062	28.220821	0.000000	25413.720703	132.268829	25640.488281
2005	06	0.000000	-0.745784	9.693633	9.693633	-0.000004	-0.000004	8.947848	84.544579	21.699505	0.000000	25413.826172	132.237061	25640.158203
2005	06	0.000000	-0.736930	8.850865	8.850865	-0.000003	-0.000003	8.113936	103.958054	0.231776	0.000000	25413.917969	132.205017	25639.847656
2005	06	0.000000	-0.733387	11.472260	11.472260	-0.000004	-0.000004	10.738873	88.224678	-4.087198	0.000000	25414.007812	132.172989	25639.519531
2005	06	0.000000	-0.688720	11.943828	11.943828	-0.000005	-0.000005	11.255106	115.008362	-3.598311	0.000000	25414.121094	132.142273	25639.121094
2005	06	0.000000	-0.673729	11.862487	11.862487	-0.000005	-0.000005	11.188760	119.280891	-1.868756	0.000000	25414.226562	132.112350	25638.724609
2005	06	0.000000	-0.682593	12.120989	12.120989	-0.000005	-0.000005	11.438396	101.131500	0.075173	0.000000	25414.326172	132.082504	25638.326172
2005	06	0.000000	-0.761536	14.101869	14.101869	-0.000005	-0.000005	13.340334	89.695358	29.998571	0.000000	25414.429688	132.051590	25637.898438
2005	06	0.000000	-0.837818	15.611059	15.611059	-0.000006	-0.000006	14.773242	95.736824	48.990616	0.000000	25414.546875	132.017273	25637.390625
2005	06	0.000000	-0.894122	16.138515	16.138515	-0.000006	-0.000006	15.244392	90.924149	49.381874	0.000000	25414.652344	131.981262	25636.863281
2005	06	0.000000	-0.958866	17.011652	17.011652	-0.000007	-0.000007	16.052784	87.802536	52.762093	0.000000	25414.750000	131.942780	25636.310547
2005	06	1.610366	0.598412	17.024107	15.413739	-0.000006	-0.000006	16.012152	81.534897	37.318966	4469.142578	25414.835938	131.915054	25635.755859
2005	06	7.029970	5.497626	17.081934	10.051963	-0.000004	-0.000004	15.549589	97.784843	63.571259	19509.810547	25414.908203	132.011414	25635.326172
2005	06	11.430460	9.522731	16.293554	4.863093	-0.000002	-0.000002	14.385824	122.654480	49.113911	31722.199219	25414.960938	132.251343	25635.080078
2005	06	12.477268	10.291681	15.920000	3.442733	-0.000001	-0.000001	13.734414	55.028984	33.045074	34627.335938	25415.003906	132.605316	25634.964844
2005	06	18.956106	16.096769	16.282040	-2.674067	0.000001	0.000001	13.422703	71.071259	28.124296	52607.628906	25415.035156	132.992371	25634.919922
2005	06	24.259129	20.715488	17.148176	-7.110952	0.000003	0.000003	13.604538	116.997894	52.427322	67324.750000	25415.062500	133.637344	25635.113281
2005	06	29.182268	24.884716	17.550238	-11.632031	0.000004	0.000004	13.252687	116.023239	56.480659	80987.617188	25415.080078	134.356445	25635.396484
2005	06	39.270306	33.404964	19.517883	-19.752422	0.000008	0.000008	13.652543	84.439255	71.470810	108984.281250	25415.083984	135.355301	25635.951172
2005	06	46.698978	39.236927	21.157837	-25.541140	0.000010	0.000010	13.695786	71.826927	65.490509	129600.585938	25415.074219	136.537842	25636.689453
2005	06	60.494617	49.874634	25.289097	-35.205517	0.000014	0.000014	14.669117	77.867470	58.775684	167886.703125	25415.042969	138.036057	25637.716797
2005	06	63.884098	51.430477	25.964275	-37.919823	0.000015	0.000015	13.510655	87.262901	65.498283	177293.296875	25414.994141	139.707123	25638.925781
2005	06	71.605804	56.001263	28.165150	-43.440655	0.000017	0.000017	12.560609	92.371201	67.192261	198722.843750	25414.933594	141.494492	25640.287109
2005	06	76.482857	56.865776	31.705322	-44.777531	0.000017	0.000017	12.088242	86.105537	50.204845	212257.796875	25414.863281	143.388138	25641.779297
2005	07	71.333427	47.342548	36.168640	-35.164783	0.000013	0.000013	12.177766	62.617474	38.753460	191580.890625	25414.789062	145.115204	25643.117188
2005	07	66.246101	39.810921	38.456707	-27.789391	0.000010	0.000010	12.021528	82.698898	43.155651	177917.828125	25414.718750	146.425385	25644.048828
2005	07	72.085670	41.362507	42.746880	-29.338795	0.000011	0.000011	12.023713	114.217400	50.496223	193601.218750	25414.642578	147.786224	25645.025391
2005	07	72.018188	36.957516	46.659409	-25.358776	0.000009	0.000009	11.598742	117.940521	52.850960	193419.968750	25414.566406	149.017792	25645.884766
2005	07	80.144997	37.763630	54.052406	-26.092592	0.000010	0.000010	11.671038	108.086578	49.468296	215246.234375	25414.486328	150.219574	25646.722656
2005	07	82.640862	34.114639	60.114376	-22.526482	0.000008	0.000008	11.588154	85.992615	50.966442	221949.406250	25414.396484	151.384338	25647.513672
2005	07	78.426010	29.067894	60.473709	-17.952295	0.000007	0.000007	11.115597	83.585190	38.145130	210629.515625	25414.308594	152.297104	25648.078125
2005	07	93.795860	32.631348	72.590889	-21.204975	0.000008	0.000008	11.426371	81.268974	62.700535	251908.500000	25414.212891	153.361542	25648.783203
2005	07	94.434441	29.340595	76.658363	-17.776079	0.000007	0.000007	11.564517	72.538246	47.605907	253623.546875	25414.107422	154.400986	25649.455078
2005	07	98.976013	30.416483	79.748810	-19.227205	0.000007	0.000007	11.189276	57.231434	52.178402	265820.875000	25414.001953	155.312454	25650.011719
2005	07	86.526405	23.431398	73.802849	-12.723551	0.000005	0.000005	10.707850	67.341187	37.078098	232384.843750	25413.894531	156.157410	25650.513672
2005	07	70.870224	17.058964	63.925026	-6.945194	0.000003	0.000003	10.113769	67.573738	42.448578	190336.875000	25413.792969	156.852478	25650.878906
2005	07	33.637100	-11.426057	54.922703	21.285601	-0.000008	-0.000008	9.859545	22.542978	42.814152	90339.507812	25413.707031	157.021439	25650.742188
2005	07	66.161865	18.180994	58.180378	-7.981489	0.000003	0.000003	10.199505	36.104645	38.323814	177691.593750	25413.628906	157.049438	25650.451172
2005	07	77.486816	29.296862	58.558144	-18.928667	0.000007	0.000007	10.368195	71.290611	42.178860	208107.125000	25413.535156	157.571594	25650.654297
2005	07	112.328468	44.450989	79.288010	-33.040455	0.000012	0.000012	11.410533	85.452690	51.112659	301681.687500	25413.421875	158.967804	25651.701172
2005	07	123.469246	42.767334	92.240250	-31.228994	0.000012	0.000012	11.538338	71.961174	59.049530	331602.593750	25413.294922	160.292007	25652.666016
2005	07	124.900871	36.922436	99.638603	-25.262259	0.000009	0.000009	11.660174	70.022339	62.144520	335447.531250	25413.164062	161.582642	25653.587891
2005	07	112.663017	31.617085	92.075264	-20.587753	0.000008	0.000008	11.029331	75.508224	50.105225	302580.218750	25413.029297	162.678391	25654.326172
2005	07	97.650375	25.241098	82.748177	-14.902194	0.000006	0.000006	10.338904	94.854218	44.579391	262260.593750	25412.900391	163.627151	25654.941406
2005	07	90.141418	23.403200	76.631035	-13.510386	0.000005	0.000005	9.892814	105.537094	37.671650	242093.734375	25412.779297	164.348450	25655.347656
2005	07	89.650436	21.952282	77.490738	-12.159702	0.000005	0.000005	9.792581	98.749657	38.638233	240775.109375	25412.658203	165.100830	25655.791016
2005	07	97.673737	24.257744	83.447632	-14.226102	0.000005	0.000005	10.031639	84.846344	40.021801	262323.343750	25412.537109	165.809692	25656.189453
2005	07	103.455788	23.888596	89.954918	-13.500867	0.000005	0.000005	10.387729	78.384674	42.482937	277852.250000	25412.408203	166.623352	25656.681641
2005	07	96.922523	20.857012	86.387367	-10.535159	0.000004	0.000004	10.321854	79.598602	39.527683	260305.812500	25412.275391	167.295517	25657.029297
2005	07	101.476273	25.281181	86.549751	-14.926529	0.000006	0.000006	10.354651	78.265190	36.442875	272535.875000	25412.144531	168.050751	25657.460938
2005	07	92.818314	18.053787	85.255478	-7.562828	0.000003	0.000003	10.490960	77.164703	36.316040	249283.078125	25412.007812	168.762833	25657.843750
2005	07	87.216110	20.002979	77.538376	-9.677739	0.000004	0.000004	10.325241	82.651672	31.693607	234237.187500	25411.875000	169.345215	25658.101562
2005	07	81.922668	18.744410	73.374481	-8.548181	0.000003	0.000003	10.196229	85.589363	32.802467	220020.515625	25411.742188	169.970169	25658.402344
2005	07	70.004906	15.732897	63.973034	-6.031876	0.000002	0.000002	9.701021	96.805244	28.911566	188012.906250	25411.613281	170.548935	25658.671875
2005	07	66.556381	14.405985	61.668682	-4.887697	0.000002	0.000002	9.518288	95.141594	29.835167	178751.140625	25411.492188	171.036972	25658.859375
2005	08	65.721916	12.924548	62.311611	-3.410306	0.000001	0.000001	9.514242	83.648323	33.513348	176510.031250	25411.371094	171.479752	25659.005859
2005	08	71.107094	14.777735	66.099571	-5.007521	0.000002	0.000002	9.770213	65.943741	36.809231	190973.031250	25411.248047	171.923325	25659.146484
2005	08	70.401169	13.972114	66.355301	-4.045866	0.000002	0.000002	9.926248	60.473995	36.005238	189077.125000	25411.121094	172.408218	25659.324219
2005	08	75.600655	13.446815	72.529152	-3.071497	0.000001	0.000001	10.375318	42.684956	40.523613	203041.437500	25410.990234	172.851776	25659.449219
2005	08	79.969414	14.356556	76.576477	-3.392936	0.000001	0.000001	10.963620	16.901890	33.748283	214774.671875	25410.851562	173.230194	25659.490234
2005	08	72.630455	13.433429	70.062462	-2.567995	0.000001	0.000001	10.865434	32.237400	37.861740	195064.343750	25410.708984	173.759201	25659.677734
2005	08	57.542370	4.613442	63.862625	6.320256	-0.000002	-0.000002	10.933698	-1.572720	40.750961	154542.140625	25410.568359	174.103012	25659.679688
2005	08	50.152958	4.625841	56.206287	6.053328	-0.000002	-0.000002	10.679169	1.407843	48.281879	134696.312500	25410.433594	174.218155	25659.455078
2005	08	48.272820	7.980154	50.262360	1.989541	-0.000001	-0.000001	9.969694	3.776271	34.230579	129646.789062	25410.302734	174.448578	25659.363281
2005	08	41.763752	-0.377354	52.712158	10.948404	-0.000004	-0.000004	10.571051	-11.948446	25.806898	112165.335938	25410.173828	174.573196	25659.166016
2005	08	61.918438	17.171341	55.258293	-6.660143	0.000002	0.000002	10.511196	0.935608	26.176630	166294.984375	25410.039062	174.849487	25659.111328
2005	08	64.374374	16.130253	59.274570	-5.099807	0.000002	0.000002	11.030447	19.410625	38.026440	172890.906250	25409.894531	175.369827	25659.294922
2005	08	66.965263	18.544670	59.420422	-7.544838	0.000003	0.000003	10.999832	13.003349	31.896736	179849.281250	25409.744141	175.989517	25659.566406
2005	08	67.790207	17.163126	61.842010	-5.948196	0.000002	0.000002	11.214931	25.239342	33.410969	182064.859375	25409.591797	176.559921	25659.789062
2005	08	65.916847	17.939831	58.976608	-6.940235	0.000003	0.000003	10.999595	38.401196	33.895107	177033.546875	25409.437500	177.181595	25660.062500
2005	08	58.494823	13.387502	55.759232	-2.735594	0.000001	0.000001	10.651907	27.413174	31.236708	157100.140625	25409.283203	177.726990	25660.265625
2005	08	45.094456	6.502110	48.716007	3.621552	-0.000001	-0.000001	10.123662	47.651695	28.525194	121110.640625	25409.140625	178.060501	25660.275391
2005	08	34.479687	3.608373	40.099464	5.619777	-0.000002	-0.000002	9.228150	62.095886	28.128805	92602.445312	25409.011719	178.232544	25660.146484
2005	08	35.876602	4.219982	40.685490	4.808887	-0.000002	-0.000002	9.028869	46.562939	33.218349	96354.156250	25408.892578	178.354324	25659.984375
2005	08	42.210320	8.262938	43.186523	0.976206	-0.000000	-0.000000	9.239144	38.643913	25.985645	113364.671875	25408.771484	178.554764	25659.902344
2005	08	46.331539	10.295279	45.538799	-0.792739	0.000000	0.000000	9.502538	24.905251	21.021149	124433.070312	25408.642578	178.872482	25659.923828
2005	08	47.477859	8.663507	48.638859	1.160997	-0.000000	-0.000000	9.824504	15.250074	19.652908	127511.773438	25408.509766	179.158112	25659.910156
2005	08	39.803684	5.320403	44.185612	4.381926	-0.000002	-0.000002	9.702329	21.722155	18.105045	106901.156250	25408.373047	179.457169	25659.900391
2005	08	38.976715	5.796735	42.675880	3.699165	-0.000001	-0.000001	9.495901	34.502239	25.768431	104680.164062	25408.242188	179.627869	25659.773438
2005	08	24.030899	-3.017593	36.372017	12.341117	-0.000005	-0.000005	9.323524	17.016922	23.443499	64540.031250	25408.117188	179.753601	25659.607422
2005	08	7.054667	-13.549982	29.723553	22.668886	-0.000008	-0.000008	9.118904	-0.479333	16.178497	18946.791016	25408.017578	179.487122	25659.052734
2005	08	7.039200	-11.610162	27.498985	20.459785	-0.000008	-0.000008	8.849624	4.567303	18.856050	18905.251953	25407.923828	178.998093	25658.285156
2005	08	23.995829	3.465614	29.405825	5.409996	-0.000002	-0.000002	8.875610	33.200706	13.346745	64445.835938	25407.820312	178.888229	25657.896484
2005	08	29.491451	5.588981	33.064053	3.572602	-0.000001	-0.000001	9.161583	9.804291	25.271152	79205.492188	25407.703125	179.069046	25657.796875
2005	08	23.493097	0.308735	32.498405	9.005310	-0.000003	-0.000003	9.314045	9.840120	23.030025	63095.648438	25407.582031	179.174423	25657.613281
2005	08	19.292850	0.895401	26.920923	7.628073	-0.000003	-0.000003	8.523474	33.887821	12.014338	51815.003906	25407.470703	179.196777	25657.357422
2005	09	10.586682	-5.490973	24.233755	13.647073	-0.000005	-0.000005	8.156099	26.199488	28.018383	29380.521484	25407.367188	179.178650	25657.078125
2005	09	17.669474	0.518530	25.352268	7.682796	-0.000003	-0.000003	8.201326	16.705631	11.481061	49036.921875	25407.263672	179.089813	25656.724609
2005	09	17.659470	-0.442620	26.625515	8.966046	-0.000003	-0.000003	8.523426	16.309093	15.199227	49009.160156	25407.160156	179.065903	25656.433594
2005	09	16.357597	-0.764086	25.594572	9.236976	-0.000004	-0.000004	8.472889	13.854832	15.828906	45396.156250	25407.050781	179.074799	25656.167969
2005	09	13.202704	-1.946139	23.130966	9.928262	-0.000004	-0.000004	7.982123	9.153285	30.642475	36640.589844	25406.949219	179.037872	25655.865234
2005	09	12.305002	-1.419417	21.227262	8.922258	-0.000003	-0.000003	7.502842	25.750103	18.295977	34149.257812	25406.853516	178.971848	25655.552734
2005	09	12.799527	-1.119819	21.347975	8.548447	-0.000003	-0.000003	7.428627	25.543694	12.242999	35521.679688	25406.759766	178.935455	25655.277344
2005	09	13.260151	-1.441531	22.399858	9.139708	-0.000004	-0.000004	7.698177	7.081769	11.337786	36800.019531	25406.666016	178.893951	25654.996094
2005	09	14.595213	-1.331884	24.284674	9.689460	-0.000004	-0.000004	8.357576	3.753661	12.439851	40505.125000	25406.564453	178.862549	25654.705078
2005	09	13.633966	-0.623403	22.306246	8.672277	-0.000003	-0.000003	8.048874	8.289632	12.295489	37837.445312	25406.458984	178.845352	25654.423828
2005	09	13.342083	-2.322346	24.324366	10.982284	-0.000004	-0.000004	8.659937	-13.374653	13.755351	37027.398438	25406.355469	178.812485	25654.125000
2005	09	14.260273	-0.896620	23.876755	9.616481	-0.000004	-0.000004	8.719860	3.436494	9.447423	39575.589844	25406.248047	178.735809	25653.765625
2005	09	16.765182	0.614678	25.046614	8.281431	-0.000003	-0.000003	8.896109	-2.955473	10.252216	46527.300781	25406.132812	178.784042	25653.529297
2005	09	15.336753	-0.026753	24.196987	8.860234	-0.000003	-0.000003	8.833481	4.578280	8.343104	42563.074219	25406.017578	178.776733	25653.236328
2005	09	16.555044	0.838401	24.607353	8.052311	-0.000003	-0.000003	8.890712	-1.121207	9.072124	45944.113281	25405.898438	178.810196	25652.984375
2005	09	17.071898	1.631870	24.246525	7.174628	-0.000003	-0.000003	8.806499	-2.804991	13.409945	47378.507812	25405.775391	178.889252	25652.777344
2005	09	14.063229	-0.834093	23.740137	9.676909	-0.000004	-0.000004	8.842816	-20.591946	13.339754	39028.746094	25405.656250	178.919785	25652.525391
2005	09	11.581295	-2.211317	22.519707	10.938412	-0.000004	-0.000004	8.727095	-3.523555	4.096156	32140.802734	25405.542969	178.870163	25652.191406
2005	09	9.726488	-3.128759	21.461033	11.734546	-0.000005	-0.000005	8.605786	-1.676363	8.741210	26993.279297	25405.429688	178.813568	25651.855469
2005	09	7.529649	-3.939825	19.730730	12.201079	-0.000005	-0.000005	8.261255	-4.449211	13.547318	20896.537109	25405.320312	178.698639	25651.470703
2005	09	6.333140	-4.039698	18.306620	11.973479	-0.000005	-0.000005	7.933781	0.230031	8.739340	17575.945312	25405.212891	178.574234	25651.085938
2005	09	7.521671	-2.802499	18.041424	10.519753	-0.000004	-0.000004	7.717253	4.456730	3.336992	20874.396484	25405.107422	178.469330	25650.728516
2005	09	6.276509	-3.880002	17.809017	11.532509	-0.000004	-0.000004	7.652507	-21.810226	8.795492	17418.779297	25405.003906	178.370834	25650.384766
2005	09	8.551771	-2.771933	19.543606	10.991835	-0.000004	-0.000004	8.219902	-17.399639	7.603482	23733.164062	25404.898438	178.247513	25650.009766
2005	09	8.457643	-2.466622	19.288202	10.830559	-0.000004	-0.000004	8.363938	3.044963	6.196393	23471.935547	25404.787109	178.188599	25649.681641
2005	09	5.155894	-4.124550	17.163776	12.007882	-0.000005	-0.000005	7.883331	-6.274769	5.113822	14308.813477	25404.677734	178.101334	25649.332031
2005	09	3.619406	-4.840363	16.006191	12.386785	-0.000005	-0.000005	7.546422	4.036417	11.441784	10044.699219	25404.572266	177.955276	25648.939453
2005	09	3.410348	-4.562974	15.128065	11.717717	-0.000005	-0.000005	7.154743	11.345043	14.666694	9464.514648	25404.468750	177.804962	25648.552734
2005	09	0.813202	-6.074583	13.120210	12.307007	-0.000005	-0.000005	6.232424	-1.935123	36.009666	2256.827148	25404.373047	177.630569	25648.164062
2005	09	0.000000	-6.319622	11.815553	11.815553	-0.000005	-0.000005	5.495930	9.753588	22.861712	0.000000	25404.285156	177.438232	25647.789062
2005	10	0.241477	-6.057619	11.200490	10.959014	-0.000004	-0.000004	4.901394	6.507606	12.634506	648.536438	25404.207031	177.254639	25647.445312
2005	10	1.643674	-4.954116	11.385199	9.741526	-0.000004	-0.000004	4.787409	-12.421333	1.065701	4414.431641	25404.132812	177.021210	25647.125000
2005	10	2.475425	-4.186063	11.436156	8.960732	-0.000003	-0.000003	4.774668	-5.751328	-0.829554	6648.274414	25404.064453	176.449554	25646.830078
2005	10	2.381145	-4.267459	11.410616	9.029471	-0.000003	-0.000003	4.762012	-1.569602	1.808861	6395.063965	25404.001953	175.424911	25646.539062
2005	10	2.043338	-4.677618	11.500024	9.456687	-0.000004	-0.000004	4.779069	0.973744	1.823592	5487.813965	25403.953125	173.935272	25646.242188
2005	10	1.414498	-5.315908	11.188028	9.773531	-0.000004	-0.000004	4.457623	2.136999	1.296255	3798.933105	25403.919922	171.978363	25645.937500
2005	10	0.847646	-6.120682	10.852734	10.005088	-0.000004	-0.000004	3.884406	-5.947711	-2.148665	2276.531982	25403.894531	169.526978	25645.617188
2005	10	0.429759	-7.316112	11.540536	11.110777	-0.000004	-0.000004	3.794666	-10.384353	-1.027584	1154.207275	25403.875000	166.591690	25645.279297
2005	10	0.126967	-8.719220	12.758874	12.631907	-0.000005	-0.000005	3.912685	-16.450396	-2.604524	340.997437	25403.865234	163.159882	25644.900391
2005	10	0.056989	-10.013849	14.090107	14.033117	-0.000005	-0.000005	4.019269	-16.958513	-1.693107	153.056427	25403.869141	159.230133	25644.476562
2005	10	0.019407	-12.085329	16.165306	16.145899	-0.000006	-0.000006	4.060570	-19.263784	-1.551876	52.120907	25403.884766	154.783432	25643.990234
2005	10	0.005423	-15.932960	20.019512	20.014090	-0.000007	-0.000007	4.081130	-8.815296	0.582523	14.564573	25403.912109	149.783951	25643.404297
2005	10	0.000000	-21.293123	25.448608	25.448608	-0.000010	-0.000010	4.155486	-2.602530	-0.042417	0.000000	25403.953125	144.176147	25642.666016
2005	10	0.007011	-27.457619	31.715214	31.708202	-0.000012	-0.000012	4.250584	-1.907432	0.491814	18.828329	25404.009766	137.908844	25641.714844
2005	10	0.009486	-34.538467	37.954460	37.944977	-0.000014	-0.000014	3.406509	-5.276939	-0.771355	25.475725	25404.064453	130.994781	25640.580078
2005	10	0.005014	-48.766617	51.744434	51.739422	-0.000019	-0.000019	2.972802	-4.830116	-0.725279	13.465835	25404.103516	123.252068	25639.085938
2005	10	0.000346	-44.476662	46.970013	46.969666	-0.000018	-0.000018	2.493000	-11.301877	-2.013054	0.929785	25404.140625	117.623093	25637.357422
2005	10	0.000000	-31.729065	33.675976	33.675976	-0.000013	-0.000013	1.946911	-15.337127	-1.106938	0.000000	25404.162109	116.369438	25636.076172
2005	10	0.000000	-26.776703	28.574524	28.574524	-0.000011	-0.000011	1.797819	-17.958092	-3.445901	0.000000	25404.179688	115.387512	25635.041016
2005	10	0.000000	-20.700941	22.414030	22.414030	-0.000008	-0.000008	1.713089	-10.645564	-4.766915	0.000000	25404.197266	114.570518	25634.173828
2005	10	0.000000	-15.025442	16.576021	16.576021	-0.000006	-0.000006	1.550579	-12.374888	-5.036801	0.000000	25404.214844	113.976166	25633.533203
2005	10	0.000000	-14.436165	15.896763	15.896763	-0.000006	-0.000006	1.460598	-11.983153	-6.694468	0.000000	25404.232422	113.448288	25632.962891
2005	10	0.000000	-12.388249	14.321828	14.321828	-0.000005	-0.000005	1.933578	-19.264383	-7.308725	0.000000	25404.253906	112.987503	25632.458984
2005	10	0.000000	-9.093652	10.851515	10.851515	-0.000004	-0.000004	1.757864	-18.532961	-8.075689	0.000000	25404.304688	112.588615	25631.996094
2005	10	0.000000	-8.451618	9.680986	9.680986	-0.000004	-0.000004	1.229367	-15.253630	-8.053832	0.000000	25404.322266	112.280144	25631.650391
2005	10	0.000000	-8.157107	9.819901	9.819901	-0.000004	-0.000004	1.662794	-17.433130	-9.272742	0.000000	25404.345703	111.973076	25631.306641
2005	10	0.000000	-6.083149	7.485331	7.485331	-0.000003	-0.000003	1.402182	-8.069616	-4.221163	0.000000	25404.384766	111.700310	25630.984375
2005	10	0.000000	-4.419105	5.254078	5.254078	-0.000002	-0.000002	0.834973	0.546339	-0.412635	0.000000	25404.398438	111.504555	25630.761719
2005	10	0.000000	-3.921003	4.386889	4.386889	-0.000002	-0.000002	0.465886	1.772784	-1.250319	0.000000	25404.402344	111.340363	25630.582031
2005	10	0.000000	-4.548446	4.881022	4.881022	-0.000002	-0.000002	0.332576	-21.224232	-8.070808	0.000000	25404.404297	111.165367	25630.402344
2005	10	0.000000	-3.953247	4.225366	4.225366	-0.000002	-0.000002	0.272119	-12.496036	-4.623212	0.000000	25404.404297	110.995789	25630.228516
2005	11	0.000000	-3.592436	3.796363	3.796363	-0.000001	-0.000001	0.203927	-8.024045	-3.331151	0.000000	25404.404297	110.840157	25630.072266
2005	11	0.000000	-2.617955	2.737347	2.737347	-0.000001	-0.000001	0.119391	4.552585	-1.005000	0.000000	25404.404297	110.708298	25629.939453
2005	11	0.000000	-2.693002	2.755815	2.755815	-0.000001	-0.000001	0.062813	-6.525155	-2.379148	0.000000	25404.402344	110.586609	25629.822266
2005	11	0.000000	-2.159766	2.190475	2.190475	-0.000001	-0.000001	0.030709	3.627347	-1.027279	0.000000	25404.402344	110.479523	25629.718750
2005	11	0.000000	-2.033723	2.042887	2.042887	-0.000001	-0.000001	0.009164	5.424420	-0.288876	0.000000	25404.402344	110.382484	25629.626953
2005	11	0.000000	-1.741761	1.747974	1.747974	-0.000001	-0.000001	0.006213	9.448182	-0.345960	0.000000	25404.402344	110.288918	25629.539062
2005	11	0.000000	-1.692865	1.697821	1.697821	-0.000001	-0.000001	0.004956	6.688978	-0.436679	0.000000	25404.402344	110.205658	25629.462891
2005	11	0.000000	-2.158051	2.158065	2.158065	-0.000001	-0.000001	0.000014	-11.539284	-2.531176	0.000000	25404.402344	110.115517	25629.378906
2005	11	0.000000	-2.099122	2.099122	2.099122	-0.000001	-0.000001	0.000000	-18.760864	-4.318840	0.000000	25404.402344	110.018028	25629.287109
2005	11	0.000000	-2.156730	2.156730	2.156730	-0.000001	-0.000001	0.000000	-28.726158	-7.494443	0.000000	25404.402344	109.921608	25629.195312
2005	11	0.000000	-1.931729	1.931729	1.931729	-0.000001	-0.000001	0.000000	-13.849865	-3.238880	0.000000	25404.402344	109.829147	25629.109375
2005	11	0.000000	-1.486920	1.486920	1.486920	-0.000001	-0.000001	0.000000	0.491527	-0.576899	0.000000	25404.402344	109.748146	25629.035156
2005	11	0.000000	-1.386660	1.386660	1.386660	-0.000001	-0.000001	0.000000	1.783736	-0.690198	0.000000	25404.402344	109.678017	25628.970703
2005	11	0.000000	-1.300575	1.300575	1.300575	-0.000001	-0.000001	0.000000	4.225897	-0.102175	0.000000	25404.402344	109.610413	25628.908203
2005	11	0.000000	-1.758787	1.758787	1.758787	-0.000001	-0.000001	0.000000	-17.190344	-5.018306	0.000000	25404.402344	109.539124	25628.843750
2005	11	0.000000	-1.770571	1.770571	1.770571	-0.000001	-0.000001	0.000000	-10.349396	-2.529060	0.000000	25404.402344	109.455750	25628.765625
2005	11	0.000000	-1.360857	1.360857	1.360857	-0.000001	-0.000001	0.000000	-2.576459	-1.711692	0.000000	25404.402344	109.382805	25628.699219
2005	11	0.000000	-1.119419	1.119419	1.119419	-0.000000	-0.000000	0.000000	5.988590	-1.169306	0.000000	25404.402344	109.324036	25628.646484
2005	11	0.000000	-1.546869	1.546869	1.546869	-0.000001	-0.000001	0.000000	-24.729013	-6.534190	0.000000	25404.402344	109.254166	25628.582031
2005	11	0.000000	-1.377599	1.377599	1.377599	-0.000001	-0.000001	0.000000	-25.586651	-4.350191	0.000000	25404.402344	109.188377	25628.523438
2005	11	0.000000	-1.316020	1.316020	1.316020	-0.000001	-0.000001	0.000000	-17.330935	-2.778082	0.000000	25404.402344	109.124100	25628.464844
2005	11	0.000000	-1.393548	1.393548	1.393548	-0.000001	-0.000001	0.000000	-19.382509	-3.478499	0.000000	25404.402344	109.060646	25628.408203
2005	11	0.000000	-1.360563	1.360563	1.360563	-0.000001	-0.000001	0.000000	-25.169413	-4.466146	0.000000	25404.402344	108.995934	25628.347656
2005	11	0.000000	-1.365343	1.365343	1.365343	-0.000001	-0.000001	0.000000	-28.808105	-6.820761	0.000000	25404.402344	108.933517	25628.292969
2005	11	0.000000	-1.667930	1.667930	1.667930	-0.000001	-0.000001	0.000000	-27.737570	-10.484806	0.000000	25404.402344	108.865334	25628.230469
2005	11	0.000000	-1.602112	1.602112	1.602112	-0.000001	-0.000001	0.000000	-21.063770	-6.544228	0.000000	25404.402344	108.792412	25628.162109
2005	11	0.000000	-1.520386	1.520386	1.520386	-0.000001	-0.000001	0.000000	-22.214556	-6.135469	0.000000	25404.402344	108.723480	25628.099609
2005	11	0.000000	-1.588620	1.588620	1.588620	-0.000001	-0.000001	0.000000	-30.319019	-9.770760	0.000000	25404.402344	108.656036	25628.039062
2005	11	0.000000	-1.511838	1.511838	1.511838	-0.000001	-0.000001	0.000000	-33.502502	-11.264234	0.000000	25404.402344	108.587234	25627.976562
2005	11	0.000000	-1.177715	1.177715	1.177715	-0.000000	-0.000000	0.000000	-19.242989	-3.831952	0.000000	25404.402344	108.527184	25627.921875
2005	12	0.000000	-1.197148	1.197148	1.197148	-0.000000	-0.000000	0.000000	-11.633249	-2.708290	0.000000	25404.402344	108.473991	25627.875000
2005	12	0.000000	-1.084757	1.084757	1.084757	-0.000000	-0.000000	0.000000	-11.001362	-2.198639	0.000000	25404.402344	108.420486	25627.826172
2005	12	0.000000	-1.062951	1.062951	1.062951	-0.000000	-0.000000	0.000000	-8.934574	-1.985729	0.000000	25404.402344	108.373573	25627.785156
2005	12	0.000000	-1.029970	1.029970	1.029970	-0.000000	-0.000000	0.000000	-9.925292	-2.062174	0.000000	25404.402344	108.322456	25627.740234
2005	12	0.000000	-0.933338	0.933338	0.933338	-0.000000	-0.000000	0.000000	-4.898551	-1.035905	0.000000	25404.402344	108.277878	25627.701172
2005	12	0.000000	-0.779574	0.779574	0.779574	-0.000000	-0.000000	0.000000	8.816515	-0.140213	0.000000	25404.402344	108.235283	25627.666016
2005	12	0.000000	-0.717173	0.717173	0.717173	-0.000000	-0.000000	0.000000	1.863283	-0.549537	0.000000	25404.402344	108.199425	25627.634766
2005	12	0.000000	-1.128548	1.128548	1.128548	-0.000000	-0.000000	0.000000	-19.824036	-6.123725	0.000000	25404.402344	108.156410	25627.597656
2005	12	0.000000	-1.197758	1.197758	1.197758	-0.000000	-0.000000	0.000000	-12.980984	-6.270693	0.000000	25404.402344	108.104233	25627.552734
2005	12	0.000000	-1.230224	1.230224	1.230224	-0.000000	-0.000000	0.000000	-11.491654	-4.319551	0.000000	25404.402344	108.052422	25627.505859
2005	12	0.000000	-1.373128	1.373128	1.373128	-0.000001	-0.000001	0.000000	-8.318647	-3.484340	0.000000	25404.402344	107.997864	25627.457031
2005	12	0.000000	-0.965251	0.965251	0.965251	-0.000000	-0.000000	0.000000	-7.141105	-3.545415	0.000000	25404.402344	107.945122	25627.410156
2005	12	0.000000	-1.084801	1.084801	1.084801	-0.000000	-0.000000	0.000000	-13.113015	-3.960592	0.000000	25404.402344	107.902832	25627.375000
2005	12	0.000000	-1.011884	1.011884	1.011884	-0.000000	-0.000000	0.000000	-3.852652	-1.134678	0.000000	25404.402344	107.856216	25627.333984
2005	12	0.000000	-1.068641	1.068641	1.068641	-0.000000	-0.000000	0.000000	-6.180466	-2.007008	0.000000	25404.402344	107.810493	25627.292969
2005	12	0.000000	-0.915530	0.915530	0.915530	-0.000000	-0.000000	0.000000	-14.316936	-3.355813	0.000000	25404.402344	107.766640	25627.255859
2005	12	0.000000	-0.951514	0.951514	0.951514	-0.000000	-0.000000	0.000000	-16.515362	-6.186946	0.000000	25404.402344	107.725945	25627.220703
2005	12	0.000000	-1.101092	1.101092	1.101092	-0.000000	-0.000000	0.000000	-10.631316	-5.694439	0.000000	25404.402344	107.681755	25627.183594
2005	12	0.000000	-1.216599	1.216599	1.216599	-0.000000	-0.000000	0.000000	-9.253597	-3.299381	0.000000	25404.402344	107.632774	25627.138672
2005	12	0.000000	-0.937904	0.937904	0.937904	-0.000000	-0.000000	0.000000	-13.375577	-3.545170	0.000000	25404.402344	107.585365	25627.097656
2005	12	0.000000	-0.851884	0.851884	0.851884	-0.000000	-0.000000	0.000000	-15.639419	-4.418521	0.000000	25404.402344	107.547905	25627.066406
2005	12	0.000000	-0.777208	0.777208	0.777208	-0.000000	-0.000000	0.000000	-19.468143	-4.483047	0.000000	25404.402344	107.510246	25627.035156
2005	12	0.000000	-0.663267	0.663267	0.663267	-0.000000	-0.000000	0.000000	-12.373257	-1.653681	0.000000	25404.402344	107.477257	25627.007812
2005	12	0.000000	-0.768239	0.768239	0.768239	-0.000000	-0.000000	0.000000	-4.460464	-1.130308	0.000000	25404.402344	107.443993	25626.980469
2005	12	0.000000	-0.696755	0.696755	0.696755	-0.000000	-0.000000	0.000000	2.381009	-0.908035	0.000000	25404.402344	107.409676	25626.951172
2005	12	0.000000	-0.612545	0.612545	0.612545	-0.000000	-0.000000	0.000000	7.025922	-0.585301	0.000000	25404.402344	107.378769	25626.927734
2005	12	0.000000	-0.823686	0.823686	0.823686	-0.000000	-0.000000	0.000000	-8.712207	-2.275109	0.000000	25404.402344	107.345680	25626.900391
2005	12	0.000000	-0.772713	0.772713	0.772713	-0.000000	-0.000000	0.000000	-9.766484	-2.404677	0.000000	25404.402344	107.310371	25626.871094
2005	12	0.000000	-0.805542	0.805542	0.805542	-0.000000	-0.000000	0.000000	-9.278808	-2.433940	0.000000	25404.402344	107.275360	25626.841797
2005	12	0.000000	-0.797184	0.797184	0.797184	-0.000000	-0.000000	0.000000	-10.944962	-2.713871	0.000000	25404.402344	107.239891	25626.810547
2005	12	0.000000	-0.753063	0.753063	0.753063	-0.000000	-0.000000	0.000000	-10.026705	-2.359805	0.000000	25404.402344	107.205902	25626.783203
2006	01	0.000000	-0.771979	0.771979	0.771979	-0.000000	-0.000000	0.000000	-8.085300	-2.034001	0.000000	25404.402344	107.171280	25626.753906
2006	01	0.000000	-0.677989	0.677989	0.677989	-0.000000	-0.000000	0.000000	-6.573861	-1.517869	0.000000	25404.402344	107.139519	25626.728516
2006	01	0.000000	-0.740681	0.740681	0.740681	-0.000000	-0.000000	0.000000	-11.781908	-3.536171	0.000000	25404.402344	107.106628	25626.701172
2006	01	0.000000	-0.578841	0.578841	0.578841	-0.000000	-0.000000	0.000000	-8.570711	-1.184564	0.000000	25404.402344	107.076973	25626.677734
2006	01	0.000000	-0.631920	0.631920	0.631920	-0.000000	-0.000000	0.000000	-11.423341	-1.945551	0.000000	25404.402344	107.049034	25626.656250
2006	01	0.000000	-0.585148	0.585148	0.585148	-0.000000	-0.000000	0.000000	3.575261	-0.579945	0.000000	25404.402344	107.020775	25626.632812
2006	01	0.000000	-0.682804	0.682804	0.682804	-0.000000	-0.000000	0.000000	-16.061729	-4.009759	0.000000	25404.402344	106.991280	25626.609375
2006	01	0.000000	-0.543889	0.543889	0.543889	-0.000000	-0.000000	0.000000	-9.924541	-1.308450	0.000000	25404.402344	106.962761	25626.587891
2006	01	0.000000	-0.495421	0.495421	0.495421	-0.000000	-0.000000	0.000000	2.444655	-0.192587	0.000000	25404.402344	106.937981	25626.568359
2006	01	0.000000	-0.540684	0.540684	0.540684	-0.000000	-0.000000	0.000000	3.242897	-0.036271	0.000000	25404.402344	106.913010	25626.548828
2006	01	0.000000	-0.497328	0.497328	0.497328	-0.000000	-0.000000	0.000000	6.386773	-0.216633	0.000000	25404.402344	106.887260	25626.529297
2006	01	0.000000	-0.416635	0.416635	0.416635	-0.000000	-0.000000	0.000000	10.444502	-0.247991	0.000000	25404.402344	106.864830	25626.511719
2006	01	0.000000	-0.490471	0.490471	0.490471	-0.000000	-0.000000	0.000000	-2.798075	-0.442692	0.000000	25404.402344	106.842674	25626.496094
2006	01	0.000000	-0.528275	0.528275	0.528275	-0.000000	-0.000000	0.000000	-4.075245	-0.732062	0.000000	25404.402344	106.817795	25626.476562
2006	01	0.000000	-0.580857	0.580857	0.580857	-0.000000	-0.000000	0.000000	-3.025467	-1.183672	0.000000	25404.402344	106.791374	25626.457031
2006	01	0.000000	-0.386719	0.386719	0.386719	-0.000000	-0.000000	0.000000	10.486775	0.280966	0.000000	25404.402344	106.768356	25626.439453
2006	01	0.000000	-0.562826	0.562826	0.562826	-0.000000	-0.000000	0.000000	-3.292921	-0.586912	0.000000	25404.402344	106.745544	25626.421875
2006	01	0.000000	-0.527378	0.527378	0.527378	-0.000000	-0.000000	0.000000	1.969236	-0.935159	0.000000	25404.402344	106.719315	25626.402344
2006	01	0.000000	-0.524645	0.524645	0.524645	-0.000000	-0.000000	0.000000	2.168070	-0.735089	0.000000	25404.402344	106.695320	25626.384766
2006	01	0.000000	-0.584205	0.584205	0.584205	-0.000000	-0.000000	0.000000	-11.227170	-3.268524	0.000000	25404.402344	106.670021	25626.365234
2006	01	0.000000	-0.647995	0.647995	0.647995	-0.000000	-0.000000	0.000000	-16.036331	-6.382556	0.000000	25404.402344	106.642250	25626.341797
2006	01	0.000000	-0.637121	0.637121	0.637121	-0.000000	-0.000000	0.000000	-13.129578	-3.704381	0.000000	25404.402344	106.613541	25626.320312
2006	01	0.000000	-0.542820	0.542820	0.542820	-0.000000	-0.000000	0.000000	-8.027571	-2.716353	0.000000	25404.402344	106.588036	25626.300781
2006	01	0.000000	-0.653623	0.653623	0.653623	-0.000000	-0.000000	0.000000	-13.243945	-4.274669	0.000000	25404.402344	106.560898	25626.279297
2006	01	0.000000	-0.523413	0.523413	0.523413	-0.000000	-0.000000	0.000000	-17.175640	-3.660226	0.000000	25404.402344	106.533707	25626.257812
2006	01	0.000000	-0.498930	0.498930	0.498930	-0.000000	-0.000000	0.000000	-1.667810	-1.295871	0.000000	25404.402344	106.510551	25626.240234
2006	01	0.000000	-0.390990	0.390990	0.390990	-0.000000	-0.000000	0.000000	7.190475	-0.506333	0.000000	25404.402344	106.489067	25626.224609
2006	01	0.000000	-0.454594	0.454594	0.454594	-0.000000	-0.000000	0.000000	-0.183862	-0.545793	0.000000	25404.402344	106.469238	25626.210938
2006	01	0.000000	-0.431772	0.431772	0.431772	-0.000000	-0.000000	0.000000	-4.974710	-0.659265	0.000000	25404.402344	106.446007	25626.193359
2006	01	0.000000	-0.502693	0.502693	0.502693	-0.000000	-0.000000	0.000000	-5.642112	-2.214372	0.000000	25404.402344	106.425346	25626.177734
2006	01	0.000000	-0.426655	0.426655	0.426655	-0.000000	-0.000000	0.000000	-7.154444	-0.969840	0.000000	25404.402344	106.402061	25626.160156
2006	02	0.000000	-0.409791	0.409791	0.409791	-0.000000	-0.000000	0.000000	-6.355439	-0.828989	0.000000	25404.402344	106.381737	25626.146484
2006	02	0.000000	-0.375970	0.375970	0.375970	-0.000000	-0.000000	0.000000	7.865625	-0.663158	0.000000	25404.402344	106.360168	25626.130859
2006	02	0.000000	-0.394165	0.394165	0.394165	-0.000000	-0.000000	0.000000	7.614087	-0.654630	0.000000	25404.402344	106.339066	25626.115234
2006	02	0.000000	-0.371018	0.371018	0.371018	-0.000000	-0.000000	0.000000	10.352770	-0.943056	0.000000	25404.402344	106.319603	25626.101562
2006	02	0.000000	-0.357578	0.357578	0.357578	-0.000000	-0.000000	0.000000	0.340995	-1.365383	0.000000	25404.402344	106.299088	25626.087891
2006	02	0.000000	-0.339988	0.339988	0.339988	-0.000000	-0.000000	0.000000	6.590325	-0.675703	0.000000	25404.402344	106.280594	25626.074219
2006	02	0.000000	-0.386327	0.386327	0.386327	-0.000000	-0.000000	0.000000	-2.012497	-1.346959	0.000000	25404.402344	106.259712	25626.058594
2006	02	0.000000	-0.421626	0.421626	0.421626	-0.000000	-0.000000	0.000000	0.667795	-1.122485	0.000000	25404.402344	106.238815	25626.044922
2006	02	0.000000	-0.553499	0.553499	0.553499	-0.000000	-0.000000	0.000000	-8.601209	-3.620226	0.000000	25404.402344	106.215401	25626.027344
2006	02	0.000000	-0.526195	0.526195	0.526195	-0.000000	-0.000000	0.000000	-14.656270	-3.525872	0.000000	25404.402344	106.187706	25626.003906
2006	02	0.000000	-0.499944	0.499944	0.499944	-0.000000	-0.000000	0.000000	-15.014451	-3.146687	0.000000	25404.402344	106.163971	25625.986328
2006	02	0.000000	-0.628978	0.628978	0.628978	-0.000000	-0.000000	0.000000	-20.653694	-6.217510	0.000000	25404.402344	106.136978	25625.964844
2006	02	0.000000	-0.649847	0.649847	0.649847	-0.000000	-0.000000	0.000000	-9.102749	-2.999121	0.000000	25404.402344	106.108162	25625.943359
2006	02	0.000000	-0.586268	0.586268	0.586268	-0.000000	-0.000000	0.000000	-10.774423	-3.926604	0.000000	25404.402344	106.078613	25625.919922
2006	02	0.000000	-0.587969	0.587969	0.587969	-0.000000	-0.000000	0.000000	-17.726532	-4.100357	0.000000	25404.402344	106.052544	25625.898438
2006	02	0.000000	-0.695272	0.695272	0.695272	-0.000000	-0.000000	0.000000	-21.034174	-6.534208	0.000000	25404.402344	106.021011	25625.873047
2006	02	0.000000	-0.686542	0.686542	0.686542	-0.000000	-0.000000	0.000000	-21.207346	-6.489214	0.000000	25404.402344	105.989876	25625.847656
2006	02	0.000000	-0.537122	0.537122	0.537122	-0.000000	-0.000000	0.000000	-21.068970	-5.207174	0.000000	25404.402344	105.961334	25625.824219
2006	02	0.000000	-0.556963	0.556963	0.556963	-0.000000	-0.000000	0.000000	-10.185922	-2.849712	0.000000	25404.402344	105.937180	25625.806641
2006	02	0.000000	-0.637294	0.637294	0.637294	-0.000000	-0.000000	0.000000	-17.885435	-6.015718	0.000000	25404.402344	105.908066	25625.783203
2006	02	0.000000	-0.489366	0.489366	0.489366	-0.000000	-0.000000	0.000000	-18.972364	-5.573942	0.000000	25404.402344	105.881561	25625.761719
2006	02	0.000000	-0.506549	0.506549	0.506549	-0.000000	-0.000000	0.000000	-10.762069	-4.921124	0.000000	25404.402344	105.857468	25625.744141
2006	02	0.000000	-0.330683	0.330683	0.330683	-0.000000	-0.000000	0.000000	6.810206	-1.343908	0.000000	25404.402344	105.835701	25625.728516
2006	02	0.000000	-0.315640	0.315640	0.315640	-0.000000	-0.000000	0.000000	6.586347	-0.371708	0.000000	25404.402344	105.819153	25625.716797
2006	02	0.000000	-0.401011	0.401011	0.401011	-0.000000	-0.000000	0.000000	-6.800965	-1.951830	0.000000	25404.402344	105.798859	25625.703125
2006	02	0.000000	-0.465010	0.465010	0.465010	-0.000000	-0.000000	0.000000	-6.586613	-3.065100	0.000000	25404.402344	105.778320	25625.687500
2006	02	0.000000	-0.395139	0.395139	0.395139	-0.000000	-0.000000	0.000000	-6.619322	-1.791554	0.000000	25404.402344	105.755783	25625.671875
2006	02	0.000000	-0.385574	0.385574	0.385574	-0.000000	-0.000000	0.000000	1.906477	-1.197066	0.000000	25404.402344	105.735947	25625.658203
2006	03	0.000000	-0.321801	0.321801	0.321801	-0.000000	-0.000000	0.000000	11.726093	-0.611966	0.000000	25404.402344	105.717049	25625.644531
2006	03	0.000000	-0.289757	0.289757	0.289757	-0.000000	-0.000000	0.000000	-1.344404	-0.585721	0.000000	25404.402344	105.701431	25625.634766
2006	03	0.000000	-0.360278	0.360278	0.360278	-0.000000	-0.000000	0.000000	-4.338355	-1.065032	0.000000	25404.402344	105.685059	25625.625000
2006	03	0.000000	-0.338778	0.338778	0.338778	-0.000000	-0.000000	0.000000	3.083660	-0.893430	0.000000	25404.402344	105.666801	25625.611328
2006	03	0.000000	-0.363986	0.363986	0.363986	-0.000000	-0.000000	0.000000	3.644162	-0.638645	0.000000	25404.402344	105.649696	25625.599609
2006	03	0.000000	-0.277544	0.277544	0.277544	-0.000000	-0.000000	0.000000	10.076620	-0.217714	0.000000	25404.402344	105.633545	25625.589844
2006	03	0.000000	-0.372776	0.372776	0.372776	-0.000000	-0.000000	0.000000	2.040906	-0.656349	0.000000	25404.402344	105.616661	25625.578125
2006	03	0.000000	-0.384359	0.384359	0.384359	-0.000000	-0.000000	0.000000	-0.359010	-0.721602	0.000000	25404.402344	105.597954	25625.566406
2006	03	0.000000	-0.411485	0.411485	0.411485	-0.000000	-0.000000	0.000000	-3.409239	-1.059023	0.000000	25404.402344	105.579247	25625.552734
2006	03	0.000000	-0.403588	0.403588	0.403588	-0.000000	-0.000000	0.000000	-3.661482	-1.332307	0.000000	25404.402344	105.559593	25625.539062
2006	03	0.000000	-0.319773	0.319773	0.319773	-0.000000	-0.000000	0.000000	5.294534	-0.488178	0.000000	25404.402344	105.541748	25625.527344
2006	03	0.000000	-0.300016	0.300016	0.300016	-0.000000	-0.000000	0.000000	-2.770866	-0.618180	0.000000	25404.402344	105.526222	25625.517578
2006	03	0.000000	-0.374477	0.374477	0.374477	-0.000000	-0.000000	0.000000	-20.104734	-3.140570	0.000000	25404.402344	105.509079	25625.505859
2006	03	0.000000	-0.359908	0.359908	0.359908	-0.000000	-0.000000	0.000000	-16.081467	-2.729523	0.000000	25404.402344	105.490791	25625.494141
2006	03	0.000000	-0.331361	0.331361	0.331361	-0.000000	-0.000000	0.000000	-8.990410	-1.278353	0.000000	25404.402344	105.473839	25625.482422
2006	03	0.000000	-0.330746	0.330746	0.330746	-0.000000	-0.000000	0.000000	-9.998505	-1.232518	0.000000	25404.402344	105.456856	25625.470703
2006	03	0.000000	-0.329957	0.329957	0.329957	-0.000000	-0.000000	0.000000	-10.729468	-1.610548	0.000000	25404.402344	105.440224	25625.460938
2006	03	0.000000	-0.323440	0.323440	0.323440	-0.000000	-0.000000	0.000000	-9.735702	-1.310341	0.000000	25404.402344	105.423759	25625.449219
2006	03	0.000000	-0.369662	0.369662	0.369662	-0.000000	-0.000000	0.000000	-9.114010	-1.657728	0.000000	25404.402344	105.406555	25625.437500
2006	03	0.000000	-0.413799	0.413799	0.413799	-0.000000	-0.000000	0.000000	-4.941855	-1.557078	0.000000	25404.402344	105.388008	25625.425781
2006	03	0.000000	-0.507969	0.507969	0.507969	-0.000000	-0.000000	0.000000	-9.906080	-5.204797	0.000000	25404.402344	105.366936	25625.410156
2006	03	0.000000	-0.465685	0.465685	0.465685	-0.000000	-0.000000	0.000000	-6.119352	-2.919810	0.000000	25404.402344	105.345047	25625.394531
2006	03	0.000000	-0.444169	0.444169	0.444169	-0.000000	-0.000000	0.000000	-4.064818	-1.630524	0.000000	25404.402344	105.324638	25625.378906
2006	03	0.000000	-0.383338	0.383338	0.383338	-0.000000	-0.000000	0.000000	-1.004701	-1.406382	0.000000	25404.402344	105.304817	25625.365234
2006	03	0.000000	-0.320573	0.320573	0.320573	-0.000000	-0.000000	0.000000	7.290658	-0.364572	0.000000	25404.402344	105.288589	25625.355469
2006	03	0.000000	-0.398155	0.398155	0.398155	-0.000000	-0.000000	0.000000	-7.200927	-1.547487	0.000000	25404.402344	105.270020	25625.341797
2006	03	0.000000	-0.410072	0.410072	0.410072	-0.000000	-0.000000	0.000000	-5.232458	-1.130507	0.000000	25404.402344	105.251343	25625.328125
2006	03	0.000000	-0.303281	0.303281	0.303281	-0.000000	-0.000000	0.000000	5.917087	-0.472420	0.000000	25404.402344	105.233772	25625.316406
2006	03	0.000000	-0.338779	0.338779	0.338779	-0.000000	-0.000000	0.000000	5.709383	-0.275442	0.000000	25404.402344	105.217758	25625.306641
2006	03	0.000000	-0.322286	0.322286	0.322286	-0.000000	-0.000000	0.000000	-1.096190	-0.571810	0.000000	25404.402344	105.200798	25625.294922
2006	03	0.000000	-0.284698	0.284698	0.284698	-0.000000	-0.000000	0.000000	7.470773	-0.174166	0.000000	25404.402344	105.185692	25625.287109
2006	04	0.000000	-0.364081	0.364081	0.364081	-0.000000	-0.000000	0.000000	-14.124131	-3.216028	0.000000	25404.402344	105.168892	25625.275391
2006	04	0.000000	-0.510263	0.510263	0.510263	-0.000000	-0.000000	0.000000	-10.645600	-6.558547	0.000000	25404.402344	105.148209	25625.259766
2006	04	0.000000	-0.542818	0.542818	0.542818	-0.000000	-0.000000	0.000000	-8.813576	-3.950797	0.000000	25404.402344	105.124489	25625.242188
2006	04	0.000000	-0.522594	0.522594	0.522594	-0.000000	-0.000000	0.000000	-6.559778	-2.804983	0.000000	25404.402344	105.100815	25625.224609
2006	04	0.000000	-0.386972	0.386972	0.386972	-0.000000	-0.000000	0.000000	-6.730278	-2.007451	0.000000	25404.402344	105.079399	25625.208984
2006	04	0.000000	-0.320004	0.320004	0.320004	-0.000000	-0.000000	0.000000	2.903744	-0.956043	0.000000	25404.402344	105.062462	25625.197266
2006	04	0.000000	-0.369049	0.369049	0.369049	-0.000000	-0.000000	0.000000	-5.423543	-1.739073	0.000000	25404.402344	105.044991	25625.185547
2006	04	0.000000	-0.386294	0.386294	0.386294	-0.000000	-0.000000	0.000000	-6.632184	-2.361838	0.000000	25404.402344	105.026390	25625.173828
2006	04	0.000000	-0.390004	0.390004	0.390004	-0.000000	-0.000000	0.000000	-9.221526	-2.693297	0.000000	25404.402344	105.007835	25625.160156
2006	04	0.000000	-0.447632	0.447632	0.447632	-0.000000	-0.000000	0.000000	-3.220491	-3.908633	0.000000	25404.402344	104.987587	25625.146484
2006	04	0.000000	-0.414112	0.414112	0.414112	-0.000000	-0.000000	0.000000	-4.008895	-2.884474	0.000000	25404.402344	104.967438	25625.130859
2006	04	0.000000	-0.362250	0.362250	0.362250	-0.000000	-0.000000	0.000000	-2.186580	-1.865535	0.000000	25404.402344	104.948593	25625.119141
2006	04	0.000000	-0.364217	0.364217	0.364217	-0.000000	-0.000000	0.000000	-0.998440	-2.392191	0.000000	25404.402344	104.930786	25625.105469
2006	04	0.000000	-0.334137	0.334137	0.334137	-0.000000	-0.000000	0.000000	0.437696	-1.168926	0.000000	25404.402344	104.913284	25625.093750
2006	04	0.000000	-0.330300	0.330300	0.330300	-0.000000	-0.000000	0.000000	12.257885	0.401292	0.000000	25404.402344	104.896957	25625.083984
2006	04	0.000000	-0.401861	0.401861	0.401861	-0.000000	-0.000000	0.000000	-1.605688	-1.567041	0.000000	25404.402344	104.878357	25625.070312
2006	04	0.000000	-0.428046	0.428046	0.428046	-0.000000	-0.000000	0.000000	1.485850	-0.198980	0.000000	25404.402344	104.858597	25625.056641
2006	04	0.000000	-0.420588	0.420588	0.420588	-0.000000	-0.000000	0.000000	-4.590147	-2.596400	0.000000	25404.402344	104.838425	25625.042969
2006	04	0.000000	-0.432972	0.432972	0.432972	-0.000000	-0.000000	0.000000	-0.123704	-2.067222	0.000000	25404.402344	104.818596	25625.029297
2006	04	0.000000	-0.366676	0.366676	0.366676	-0.000000	-0.000000	0.000000	5.739802	-0.260701	0.000000	25404.402344	104.799149	25625.015625
2006	04	0.000000	-0.333957	0.333957	0.333957	-0.000000	-0.000000	0.000000	13.949392	1.072704	0.000000	25404.402344	104.782425	25625.003906
2006	04	0.000000	-0.460013	0.460013	0.460013	-0.000000	-0.000000	0.000000	1.336958	-0.053561	0.000000	25404.402344	104.762955	25624.990234
2006	04	0.000000	-0.442722	0.442722	0.442722	-0.000000	-0.000000	0.000000	-0.215730	-2.226653	0.000000	25404.402344	104.741806	25624.974609
2006	04	0.000000	-0.443717	0.443717	0.443717	-0.000000	-0.000000	0.000000	-0.267260	-1.087731	0.000000	25404.402344	104.721397	25624.960938
2006	04	0.000000	-0.496243	0.496243	0.496243	-0.000000	-0.000000	0.000000	-1.501146	-0.415477	0.000000	25404.402344	104.699974	25624.945312
2006	04	0.000000	-0.491279	0.491279	0.491279	-0.000000	-0.000000	0.000000	-3.693508	-1.141181	0.000000	25404.402344	104.677574	25624.927734
2006	04	0.000000	-0.494183	0.494183	0.494183	-0.000000	-0.000000	0.000000	2.149151	0.154348	0.000000	25404.402344	104.655319	25624.912109
2006	04	0.000000	-0.411292	0.411292	0.411292	-0.000000	-0.000000	0.000000	9.697878	0.575113	0.000000	25404.402344	104.634125	25624.896484
2006	04	0.000000	-0.328252	0.328252	0.328252	-0.000000	-0.000000	0.000000	14.312449	1.619504	0.000000	25404.402344	104.616402	25624.884766
2006	04	0.000000	-0.307581	0.307581	0.307581	-0.000000	-0.000000	0.000000	20.005875	2.069144	0.000000	25404.402344	104.600365	25624.873047
2006	05	0.000000	-0.408147	0.408147	0.408147	-0.000000	-0.000000	0.000000	12.464504	2.664741	0.000000	25404.402344	104.583176	25624.861328
2006	05	0.000000	-0.565438	0.565438	0.565438	-0.000000	-0.000000	0.000000	-5.339597	-0.647951	0.000000	25404.402344	104.560959	25624.845703
2006	05	0.000000	-0.592136	0.592136	0.592136	-0.000000	-0.000000	0.000000	-6.444366	-0.445195	0.000000	25404.402344	104.536469	25624.826172
2006	05	0.000000	-0.577184	0.577184	0.577184	-0.000000	-0.000000	0.000000	-5.015313	-0.257757	0.000000	25404.402344	104.511856	25624.808594
2006	05	0.000000	-0.578366	0.578366	0.578366	-0.000000	-0.000000	0.000000	-7.432577	-0.755417	0.000000	25404.402344	104.487633	25624.789062
2006	05	0.000000	-0.709873	0.709873	0.709873	-0.000000	-0.000000	0.000000	-13.341336	-2.275071	0.000000	25404.402344	104.460884	25624.767578
2006	05	0.000000	-0.732985	0.733666	0.733666	-0.000000	-0.000000	0.000680	-10.990842	-1.196293	0.000000	25404.402344	104.431595	25624.744141
2006	05	0.000000	-0.681284	0.688705	0.688705	-0.000000	-0.000000	0.007421	-7.374055	-0.289963	0.000000	25404.402344	104.403015	25624.722656
2006	05	0.000000	-0.687775	0.708033	0.708033	-0.000000	-0.000000	0.020258	-6.874760	1.878758	0.000000	25404.402344	104.375221	25624.699219
2006	05	0.000000	-0.679902	0.706903	0.706903	-0.000000	-0.000000	0.027001	-4.290994	1.176121	0.000000	25404.404297	104.347427	25624.675781
2006	05	0.000000	-0.677147	0.704993	0.704993	-0.000000	-0.000000	0.027846	-2.811670	1.156965	0.000000	25404.406250	104.319710	25624.654297
2006	05	0.000000	-0.545524	0.569488	0.569488	-0.000000	-0.000000	0.023964	5.520643	2.863183	0.000000	25404.406250	104.294601	25624.632812
2006	05	0.000000	-0.558648	0.558648	0.558648	-0.000000	-0.000000	0.000000	6.292658	4.746423	0.000000	25404.406250	104.271149	25624.615234
2006	05	0.000000	-0.649970	0.723755	0.723755	-0.000000	-0.000000	0.073785	-11.011651	2.744437	0.000000	25404.408203	104.245674	25624.595703
2006	05	0.000000	-0.681152	0.989055	0.989055	-0.000000	-0.000000	0.307902	-5.060463	3.212703	0.000000	25404.416016	104.218208	25624.566406
2006	05	0.000000	-0.648830	4.364215	4.364215	-0.000002	-0.000002	3.715385	3.226528	8.650713	0.000000	25404.531250	104.190865	25624.458984
2006	05	0.000000	-0.560032	1.414104	1.414104	-0.000001	-0.000001	0.854072	15.351412	14.244489	0.000000	25404.611328	104.165909	25624.380859
2006	05	0.000000	-0.591152	0.827906	0.827906	-0.000000	-0.000000	0.236753	7.153664	9.251370	0.000000	25404.623047	104.141762	25624.351562
2006	05	0.000000	-0.648443	8.102888	8.102888	-0.000003	-0.000003	7.454445	1.414085	7.779391	0.000000	25404.808594	104.115753	25624.189453
2006	05	0.000000	-0.592858	2.690570	2.690570	-0.000001	-0.000001	2.097712	19.986082	14.346734	0.000000	25405.001953	104.090317	25624.015625
2006	05	0.000000	-0.590180	2.102667	2.102667	-0.000001	-0.000001	1.512487	26.432755	5.070539	0.000000	25405.052734	104.065544	25623.955078
2006	05	0.000000	-0.665590	6.546597	6.546597	-0.000002	-0.000002	5.881008	16.568481	4.176748	0.000000	25405.218750	104.039146	25623.796875
2006	05	0.000000	-0.568848	3.376531	3.376531	-0.000001	-0.000001	2.807683	64.598541	7.077824	0.000000	25405.380859	104.013702	25623.636719
2006	05	0.000000	-0.583084	8.587993	8.587993	-0.000003	-0.000003	8.004910	77.293205	8.463121	0.000000	25405.570312	103.989479	25623.451172
2006	05	0.000000	-0.630525	18.342337	18.342337	-0.000007	-0.000007	17.711813	75.239128	16.443405	0.000000	25406.037109	103.964050	25623.023438
2006	05	0.000000	-0.660994	17.329817	17.329817	-0.000006	-0.000006	16.668823	90.959335	23.515358	0.000000	25406.658203	103.937454	25622.425781
2006	05	0.000000	-0.666326	16.255259	16.255259	-0.000006	-0.000006	15.588933	87.458008	19.761021	0.000000	25407.125000	103.910370	25621.900391
2006	05	0.000000	-0.657892	17.865929	17.865929	-0.000007	-0.000007	17.208036	99.823601	18.214121	0.000000	25407.587891	103.883316	25621.345703
2006	05	0.000000	-0.684800	14.520459	14.520459	-0.000005	-0.000005	13.835659	68.401192	36.173019	0.000000	25407.968750	103.855934	25620.833984
2006	05	0.000000	-0.656968	14.478734	14.478734	-0.000005	-0.000005	13.821766	67.057610	57.732254	0.000000	25408.255859	103.828369	25620.357422
2006	05	0.000000	-0.620567	13.637990	13.637990	-0.000005	-0.000005	13.017423	61.307999	78.365807	0.000000	25408.511719	103.802292	25619.904297
2006	06	0.000000	-0.614489	13.332921	13.332921	-0.000005	-0.000005	12.718432	80.381599	22.061096	0.000000	25408.748047	103.776321	25619.464844
2006	06	0.000000	-0.567434	12.655786	12.655786	-0.000005	-0.000005	12.088350	71.474838	48.917210	0.000000	25408.972656	103.751137	25619.031250
2006	06	0.000000	-0.617255	13.654006	13.654006	-0.000005	-0.000005	13.036750	79.249817	22.447737	0.000000	25409.191406	103.725449	25618.591797
2006	06	0.000000	-0.575452	12.618121	12.618121	-0.000005	-0.000005	12.042670	42.876202	59.819790	0.000000	25409.406250	103.699661	25618.152344
2006	06	0.000000	-0.519513	11.291059	11.291059	-0.000004	-0.000004	10.771546	70.838341	74.436310	0.000000	25409.595703	103.675888	25617.751953
2006	06	0.000000	-0.552072	10.854975	10.854975	-0.000004	-0.000004	10.302902	70.821045	61.765709	0.000000	25409.757812	103.652512	25617.386719
2006	06	0.000000	-0.565332	10.662668	10.662668	-0.000004	-0.000004	10.097336	37.318897	82.429688	0.000000	25409.910156	103.628067	25617.027344
2006	06	0.000000	-0.553686	10.691987	10.691987	-0.000004	-0.000004	10.138301	57.635021	54.450943	0.000000	25410.052734	103.603653	25616.673828
2006	06	0.000000	-0.582793	11.032708	11.032708	-0.000004	-0.000004	10.449915	90.338867	49.095642	0.000000	25410.191406	103.579422	25616.320312
2006	06	0.000000	-0.647219	12.703297	12.703297	-0.000005	-0.000005	12.056078	101.272446	32.834938	0.000000	25410.343750	103.553261	25615.921875
2006	06	0.000000	-0.714288	13.822793	13.822793	-0.000005	-0.000005	13.108504	52.904293	22.386515	0.000000	25410.511719	103.523941	25615.464844
2006	06	0.000000	-0.698304	13.497731	13.497731	-0.000005	-0.000005	12.799426	71.691368	35.170422	0.000000	25410.667969	103.495636	25615.025391
2006	06	0.000000	-0.678519	13.802231	13.802231	-0.000005	-0.000005	13.123712	77.868164	36.431396	0.000000	25410.824219	103.466179	25614.558594
2006	06	0.000000	-0.718692	13.743739	13.743739	-0.000005	-0.000005	13.025047	95.814613	40.667404	0.000000	25410.966797	103.437973	25614.097656
2006	06	0.000000	-0.758363	15.006982	15.006982	-0.000006	-0.000006	14.248618	89.712387	44.065678	0.000000	25411.103516	103.407455	25613.628906
2006	06	0.000000	-0.698257	15.177175	15.177175	-0.000006	-0.000006	14.478917	88.412247	40.591839	0.000000	25411.248047	103.377068	25613.117188
2006	06	1.253557	0.320297	15.080851	13.827294	-0.000005	-0.000005	14.147591	116.974884	43.332569	3478.912598	25411.388672	103.356804	25612.628906
2006	06	4.604083	2.832149	15.473951	10.869868	-0.000004	-0.000004	13.702017	123.301849	46.888062	12777.408203	25411.519531	103.403008	25612.218750
2006	06	11.139567	7.639548	18.725424	7.585857	-0.000003	-0.000003	15.225405	99.891342	58.271595	30914.904297	25411.650391	103.566742	25611.906250
2006	06	16.111532	11.384392	19.739302	3.627768	-0.000001	-0.000001	15.012159	88.545959	57.536465	44713.269531	25411.777344	103.883644	25611.720703
2006	06	16.445650	11.503482	19.812389	3.366740	-0.000001	-0.000001	14.870222	34.731705	31.515940	45640.523438	25411.898438	104.287918	25611.628906
2006	06	20.543407	14.663416	20.424133	-0.119274	0.000000	0.000000	14.544142	49.975731	24.920986	57012.761719	25412.005859	104.661774	25611.527344
2006	06	26.905598	19.520767	22.063583	-4.842016	0.000002	0.000002	14.678752	68.528084	29.765747	74669.328125	25412.099609	105.294144	25611.667969
2006	06	22.175732	15.824233	20.017452	-2.158279	0.000001	0.000001	13.665954	41.477409	15.983154	61542.839844	25412.187500	105.834320	25611.748047
2006	06	40.320293	29.701164	24.616407	-15.703882	0.000006	0.000006	13.997283	86.931129	47.306950	111898.234375	25412.255859	106.578033	25612.037109
2006	06	44.287827	32.512726	26.203424	-18.084404	0.000007	0.000007	14.428322	43.986904	58.808369	122909.078125	25412.300781	107.624146	25612.615234
2006	06	48.911652	36.177067	26.433426	-22.478226	0.000009	0.000009	13.698843	62.728363	54.740490	135741.265625	25412.332031	108.787003	25613.310547
2006	06	48.573891	35.781811	26.328676	-22.245216	0.000009	0.000009	13.536595	47.624310	41.802242	134803.906250	25412.355469	109.955315	25614.041016
2006	06	57.597752	42.732548	28.376213	-29.221537	0.000011	0.000011	13.511010	46.800030	56.462505	159847.218750	25412.367188	111.259033	25614.884766
2006	06	53.220913	39.714485	25.549704	-27.671209	0.000011	0.000011	12.043279	41.653107	34.316536	147700.484375	25412.363281	112.639229	25615.853516
2006	07	56.895432	42.676769	26.509167	-30.386261	0.000011	0.000011	12.290506	57.737816	32.200764	152804.625000	25412.351562	113.996338	25616.820312
2006	07	47.593395	35.557625	24.280697	-23.312698	0.000009	0.000009	12.244928	62.915096	37.789383	127822.070312	25412.343750	115.229790	25617.664062
2006	07	43.906540	32.728550	22.845146	-21.061390	0.000008	0.000008	11.667160	75.930840	45.527016	117920.234375	25412.339844	116.279259	25618.335938
2006	07	59.399170	44.766727	26.447714	-32.951458	0.000012	0.000012	11.815267	121.089096	43.490814	159528.953125	25412.322266	117.584198	25619.267578
2006	07	71.042549	53.874218	29.041656	-42.000893	0.000016	0.000016	11.873325	98.213615	37.088051	190799.687500	25412.289062	119.142578	25620.451172
2006	07	70.009155	53.143288	28.825813	-41.183338	0.000015	0.000015	11.959949	98.810104	41.971973	188024.296875	25412.248047	120.899796	25621.828125
2006	07	64.837379	49.325497	26.899767	-37.937614	0.000014	0.000014	11.387881	140.970779	38.377548	174134.406250	25412.203125	122.566231	25623.123047
2006	07	60.720200	46.205597	25.393305	-35.326893	0.000013	0.000013	10.878703	146.881805	30.282654	163076.859375	25412.160156	124.042755	25624.251953
2006	07	70.431442	53.922878	27.494768	-42.936672	0.000016	0.000016	10.986207	132.717636	35.035641	189158.437500	25412.113281	125.655991	25625.519531
2006	07	77.812080	59.831490	29.090374	-48.721714	0.000018	0.000018	11.109782	123.984802	34.456402	208980.703125	25412.056641	127.485588	25627.000000
2006	07	88.027603	68.129402	31.314903	-56.712692	0.000021	0.000021	11.416707	73.923843	31.005306	236416.609375	25411.990234	129.563782	25628.718750
2006	07	82.100533	63.532997	30.277361	-51.823177	0.000019	0.000019	11.709820	67.824562	41.758484	220498.250000	25411.921875	131.704315	25630.494141
2006	07	87.817604	68.565819	30.458094	-57.359516	0.000021	0.000021	11.206304	100.364510	36.336063	235852.640625	25411.853516	133.809128	25632.236328
2006	07	62.816929	48.557343	25.446270	-37.370659	0.000014	0.000014	11.186682	58.157692	28.071011	168708.062500	25411.781250	135.838776	25633.914062
2006	07	76.251907	59.630203	28.042368	-48.209534	0.000018	0.000018	11.420670	82.464371	33.349121	204790.531250	25411.718750	137.363419	25635.082031
2006	07	93.392334	73.295219	32.196262	-61.196075	0.000023	0.000023	12.099143	60.251785	57.564899	250824.734375	25411.640625	139.543762	25636.888672
2006	07	65.483391	50.767632	26.501196	-38.982197	0.000015	0.000015	11.785434	72.769325	45.919304	175869.406250	25411.558594	141.666626	25638.628906
2006	07	53.095589	41.026287	22.837181	-30.258404	0.000011	0.000011	10.767883	57.911541	45.063881	142599.359375	25411.490234	143.010513	25639.623047
2006	07	56.057190	43.389866	23.901003	-32.156189	0.000012	0.000012	11.233673	45.800880	36.290588	150553.375000	25411.421875	144.384293	25640.648438
2006	07	53.946945	41.859737	22.708733	-31.238211	0.000012	0.000012	10.621526	49.504292	41.803368	144885.859375	25411.349609	145.750641	25641.669922
2006	07	62.916016	49.214733	24.407848	-38.508163	0.000014	0.000014	10.706567	95.666771	39.441059	168974.171875	25411.273438	147.172424	25642.757812
2006	07	64.484467	50.592251	24.428061	-40.056404	0.000015	0.000015	10.535849	101.137558	33.060162	173186.593750	25411.189453	148.803665	25644.052734
2006	07	70.176590	55.238293	25.470978	-44.705612	0.000017	0.000017	10.532687	86.555832	28.781498	188473.968750	25411.105469	150.473495	25645.392578
2006	07	84.031006	66.284447	28.918102	-55.112907	0.000021	0.000021	11.171535	69.631149	40.886719	225682.937500	25411.011719	152.414948	25646.992188
2006	07	97.325233	76.718842	32.650013	-64.675217	0.000024	0.000024	12.043627	62.534103	43.019913	261387.359375	25410.908203	154.771759	25648.982422
2006	07	89.183777	70.221756	30.576225	-58.607552	0.000022	0.000022	11.614202	62.135567	41.174149	239521.781250	25410.798828	157.133652	25650.966797
2006	07	87.803001	69.196297	29.738750	-58.064247	0.000022	0.000022	11.132045	87.202164	36.686348	235813.421875	25410.691406	159.336136	25652.816406
2006	07	75.883713	59.031693	27.650372	-48.233341	0.000018	0.000018	10.798348	70.391296	31.974058	203801.656250	25410.585938	161.421722	25654.556641
2006	07	69.444954	53.312336	26.812084	-42.632866	0.000016	0.000016	10.679472	56.224590	27.669392	186509.000000	25410.482422	163.239807	25656.039062
2006	07	63.619888	47.526932	26.954224	-36.665665	0.000014	0.000014	10.861263	43.212101	24.322252	170864.593750	25410.384766	164.871216	25657.322266
2006	07	60.501915	45.741703	24.027384	-36.474529	0.000014	0.000014	9.267170	64.189995	18.476377	162490.609375	25410.302734	166.423187	25658.566406
2006	08	50.507210	37.241314	22.287647	-28.219563	0.000011	0.000011	9.021750	52.513729	17.781427	135647.718750	25410.230469	167.669266	25659.529297
2006	08	54.337376	39.629654	24.137890	-30.199484	0.000011	0.000011	9.430170	32.428226	20.663691	145934.437500	25410.160156	168.971207	25660.542969
2006	08	66.378662	48.812641	27.968763	-38.409897	0.000014	0.000014	10.402744	31.762068	38.655415	178273.843750	25410.078125	170.398895	25661.660156
2006	08	55.684196	39.838573	27.197960	-28.486240	0.000011	0.000011	11.352332	41.190456	31.910070	149551.625000	25409.974609	171.805511	25662.722656
2006	08	59.461723	42.222637	28.714619	-30.747103	0.000011	0.000011	11.475534	53.328217	38.231403	159696.937500	25409.865234	173.161072	25663.716797
2006	08	56.073311	39.357407	27.727232	-28.346081	0.000011	0.000011	11.011327	52.192905	34.379139	150596.671875	25409.753906	174.495728	25664.699219
2006	08	53.329315	36.243340	28.182032	-25.147284	0.000009	0.000009	11.096054	56.335091	30.795734	143227.078125	25409.644531	175.694962	25665.554688
2006	08	48.545071	31.813011	27.857683	-20.687386	0.000008	0.000008	11.125628	33.084385	27.340397	130377.976562	25409.533203	176.857971	25666.363281
2006	08	32.699692	19.883699	23.054646	-9.645047	0.000004	0.000004	10.238652	41.625134	21.086920	87821.898438	25409.431641	177.661423	25666.835938
2006	08	41.030048	25.906948	25.440750	-15.589294	0.000006	0.000006	10.317652	49.801781	29.850719	110194.812500	25409.337891	178.355209	25667.210938
2006	08	45.890648	29.100504	27.526262	-18.364382	0.000007	0.000007	10.736123	29.697533	26.561964	123248.968750	25409.230469	179.286530	25667.806641
2006	08	32.333927	18.321787	24.397705	-7.936222	0.000003	0.000003	10.385566	23.914642	22.710478	86839.562500	25409.126953	180.085510	25668.277344
2006	08	12.721128	2.891944	19.916227	7.195099	-0.000003	-0.000003	10.087043	11.407836	27.000069	34165.261719	25409.039062	180.481781	25668.355469
2006	08	15.738309	5.569870	20.096153	4.357844	-0.000002	-0.000002	9.927714	16.617460	16.480785	42268.535156	25408.974609	180.433350	25667.992188
2006	08	40.272877	24.519356	26.186644	-14.086235	0.000005	0.000005	10.433120	44.090496	22.263176	108161.281250	25408.880859	180.995941	25668.238281
2006	08	37.326935	21.831499	26.136240	-11.190696	0.000004	0.000004	10.640802	39.152657	24.397734	100249.335938	25408.769531	181.825012	25668.732422
2006	08	25.743887	13.311007	22.479439	-3.264450	0.000001	0.000001	10.046556	48.836094	26.149349	69140.617188	25408.671875	182.331436	25668.917969
2006	08	22.759041	10.977445	21.725039	-1.034002	0.000000	0.000000	9.943442	48.346478	21.780359	61124.187500	25408.578125	182.782333	25669.056641
2006	08	17.029366	6.864407	19.411240	2.381872	-0.000001	-0.000001	9.246280	42.565945	32.070667	45735.941406	25408.498047	183.048599	25669.023438
2006	08	15.907172	6.111983	18.547428	2.640255	-0.000001	-0.000001	8.752237	34.533794	35.843887	42722.054688	25408.427734	183.241776	25668.937500
2006	08	9.991591	0.782279	18.162680	8.171087	-0.000003	-0.000003	8.953366	10.347120	22.002073	26834.519531	25408.357422	183.381622	25668.802734
2006	08	19.049812	8.251512	20.117390	1.067577	-0.000000	-0.000000	9.319089	29.981554	14.101312	51162.273438	25408.281250	183.522568	25668.658203
2006	08	17.776999	6.924342	20.424337	2.647340	-0.000001	-0.000001	9.571682	17.730408	11.115999	47743.863281	25408.201172	183.764023	25668.605469
2006	08	18.510851	7.571637	20.428503	1.917651	-0.000001	-0.000001	9.489288	24.927711	9.920336	49714.781250	25408.119141	183.999222	25668.542969
2006	08	21.071646	9.484408	21.118536	0.046889	-0.000000	-0.000000	9.531298	47.137718	21.052435	56592.332031	25408.031250	184.287628	25668.535156
2006	08	17.959139	7.242386	20.020365	2.061227	-0.000001	-0.000001	9.303613	43.536198	24.009190	48233.042969	25407.945312	184.563492	25668.515625
2006	08	16.971846	6.798102	19.008142	2.036298	-0.000001	-0.000001	8.834400	43.619793	16.282648	45581.457031	25407.863281	184.782288	25668.451172
2006	08	19.261717	8.291061	20.012461	0.750742	-0.000000	-0.000000	9.041804	37.588108	17.467543	51731.390625	25407.779297	185.035614	25668.427734
2006	08	21.306406	9.685003	20.898899	-0.407505	0.000000	0.000000	9.277497	34.637474	17.773600	57222.828125	25407.689453	185.332077	25668.439453
2006	08	19.858927	8.627419	20.459253	0.600326	-0.000000	-0.000000	9.227746	35.014500	16.727146	53335.320312	25407.597656	185.642807	25668.460938
2006	08	17.724785	7.036842	19.856117	2.131331	-0.000001	-0.000001	9.168172	38.160522	16.347578	47603.632812	25407.509766	185.896652	25668.427734
2006	09	16.288956	6.147016	18.961720	2.672761	-0.000001	-0.000001	8.819777	38.267971	17.048349	45205.664062	25407.423828	186.106125	25668.353516
2006	09	14.424588	4.756863	18.270960	3.846372	-0.000001	-0.000001	8.603235	30.531267	13.456334	40031.605469	25407.335938	186.309631	25668.275391
2006	09	16.072596	6.226441	18.394875	2.322279	-0.000001	-0.000001	8.548719	33.272480	11.610532	44605.210938	25407.251953	186.474121	25668.166016
2006	09	17.385487	6.592709	19.670166	2.284678	-0.000001	-0.000001	8.877387	7.862075	18.941156	48248.792969	25407.162109	186.698212	25668.109375
2006	09	20.073784	7.453957	21.952887	1.879099	-0.000001	-0.000001	9.333056	-8.981377	24.997477	55709.449219	25407.068359	186.926102	25668.044922
2006	09	20.996099	8.360108	22.054968	1.058868	-0.000000	-0.000000	9.418976	4.091406	19.301411	58269.089844	25406.962891	187.212219	25668.027344
2006	09	19.396698	7.365063	21.447407	2.050709	-0.000001	-0.000001	9.415771	2.778871	17.286451	53830.375000	25406.859375	187.502167	25668.013672
2006	09	17.207909	6.101771	20.220551	3.012640	-0.000001	-0.000001	9.114411	2.185299	17.200136	47755.972656	25406.757812	187.732910	25667.945312
2006	09	17.117100	5.868851	20.366966	3.249867	-0.000001	-0.000001	9.118718	-0.952738	20.114698	47503.953125	25406.658203	187.928131	25667.847656
2006	09	14.812895	4.985306	18.538460	3.725566	-0.000001	-0.000001	8.710873	17.650169	9.849327	41109.246094	25406.560547	188.135223	25667.767578
2006	09	13.872965	4.261694	18.305784	4.432820	-0.000002	-0.000002	8.694514	19.750566	10.761434	38500.718750	25406.468750	188.296371	25667.650391
2006	09	12.604359	3.433843	17.734032	5.129674	-0.000002	-0.000002	8.563518	20.892088	11.474921	34980.042969	25406.376953	188.420517	25667.496094
2006	09	12.272675	3.080275	17.734505	5.461831	-0.000002	-0.000002	8.542107	4.665454	8.605097	34059.542969	25406.287109	188.546448	25667.347656
2006	09	12.530475	2.488568	18.979206	6.448731	-0.000002	-0.000002	8.937298	-23.573009	18.038820	34774.996094	25406.197266	188.635239	25667.158203
2006	09	15.299289	4.317694	20.135565	4.836276	-0.000002	-0.000002	9.153970	-13.396237	17.122194	42459.101562	25406.101562	188.748383	25666.978516
2006	09	14.824084	4.106141	19.942186	5.118103	-0.000002	-0.000002	9.224243	1.709854	8.970787	41140.296875	25406.000000	188.912613	25666.845703
2006	09	14.610319	3.915559	19.976124	5.365807	-0.000002	-0.000002	9.281364	-0.554495	10.867622	40547.050781	25405.896484	189.048737	25666.683594
2006	09	10.912175	1.821937	18.146908	7.234734	-0.000003	-0.000003	9.056671	-0.135885	6.910711	30283.837891	25405.792969	189.203201	25666.541016
2006	09	8.825010	0.658517	16.865856	8.040845	-0.000003	-0.000003	8.699362	-2.054534	10.228458	24491.468750	25405.701172	189.196686	25666.251953
2006	09	7.793211	0.395825	15.611621	7.818410	-0.000003	-0.000003	8.214234	4.970507	5.581056	21627.982422	25405.607422	189.254791	25666.035156
2006	09	5.614059	-1.323040	15.126949	9.512891	-0.000004	-0.000004	8.189852	-1.847053	16.080734	15580.325195	25405.519531	189.233170	25665.753906
2006	09	1.857754	-3.813437	13.278764	11.421010	-0.000004	-0.000004	7.607574	-2.531970	22.262842	5155.701172	25405.431641	189.173691	25665.441406
2006	09	0.578340	-4.433149	12.252476	11.674137	-0.000005	-0.000005	7.240988	5.008147	19.196218	1605.027832	25405.347656	189.027939	25665.058594
2006	09	1.687579	-3.493635	12.291458	10.603879	-0.000004	-0.000004	7.110244	5.322352	8.546207	4683.426270	25405.267578	188.890625	25664.693359
2006	09	2.415369	-2.962665	12.530006	10.114638	-0.000004	-0.000004	7.151974	4.547071	10.595762	6703.212891	25405.185547	188.780960	25664.355469
2006	09	2.699050	-2.567559	12.206287	9.507237	-0.000004	-0.000004	6.939678	6.557329	11.959149	7490.495605	25405.103516	188.685440	25664.035156
2006	09	2.780757	-2.579816	12.248075	9.467318	-0.000004	-0.000004	6.887501	0.021479	14.502856	7717.251465	25405.023438	188.601730	25663.732422
2006	09	4.322953	-1.540383	12.890313	8.567360	-0.000003	-0.000003	7.026978	-2.482603	8.516299	11997.207031	25404.943359	188.529312	25663.437500
2006	09	4.517558	-1.400830	13.218259	8.700701	-0.000003	-0.000003	7.299871	-0.253258	2.163582	12537.279297	25404.861328	188.480774	25663.162109
2006	09	4.629442	-1.145966	12.942891	8.313449	-0.000003	-0.000003	7.167482	1.910539	1.793586	12847.784180	25404.777344	188.440308	25662.888672
2006	10	3.912851	-1.920871	13.361239	9.448389	-0.000004	-0.000004	7.527519	0.922533	1.387754	10508.783203	25404.693359	188.393356	25662.613281
2006	10	2.936801	-2.383815	12.932079	9.995278	-0.000004	-0.000004	7.611464	-1.232953	0.880814	7887.396973	25404.609375	188.283890	25662.314453
2006	10	3.018242	-2.123243	12.340431	9.322189	-0.000003	-0.000003	7.198946	8.417882	1.882930	8106.122559	25404.531250	187.875458	25662.005859
2006	10	2.319554	-2.561480	11.348226	9.028671	-0.000003	-0.000003	6.467192	5.765076	2.070702	6229.650391	25404.466797	187.112869	25661.720703
2006	10	1.700162	-3.325435	11.361094	9.660932	-0.000004	-0.000004	6.335497	-8.942751	3.538723	4566.143066	25404.419922	185.970093	25661.431641
2006	10	1.434786	-3.494357	11.418068	9.983283	-0.000004	-0.000004	6.488925	-2.930664	1.557157	3853.418213	25404.392578	184.451538	25661.121094
2006	10	1.607381	-3.741305	12.219669	10.612289	-0.000004	-0.000004	6.870984	-3.527298	-0.977698	4316.959473	25404.388672	182.568863	25660.794922
2006	10	0.642567	-4.781792	13.366014	12.723448	-0.000005	-0.000005	7.941656	-9.620085	2.469826	1725.747437	25404.417969	180.312622	25660.431641
2006	10	0.145613	-5.430059	13.740420	13.594807	-0.000005	-0.000005	8.164749	-10.352739	5.482827	391.074860	25404.474609	177.662552	25660.009766
2006	10	0.374793	-5.949425	15.264329	14.889535	-0.000006	-0.000006	8.940110	-37.166599	10.432208	1006.586670	25404.554688	174.635208	25659.558594
2006	10	1.522320	-7.158650	23.526749	22.004431	-0.000008	-0.000008	14.845779	-44.820461	-3.630107	4088.508789	25404.757812	171.210953	25658.955078
2006	10	1.218350	-7.918338	26.498701	25.280352	-0.000009	-0.000009	17.362015	-18.983631	-1.867874	3272.133789	25405.099609	167.407333	25658.187500
2006	10	0.462965	-9.243505	26.144907	25.681942	-0.000010	-0.000010	16.438437	-9.980252	10.645540	1243.390747	25405.482422	163.205887	25657.339844
2006	10	0.145585	-11.077738	24.598454	24.452866	-0.000009	-0.000009	13.375129	0.017156	4.612777	390.999329	25405.792969	158.593567	25656.517578
2006	10	0.123283	-14.573965	25.276682	25.153399	-0.000009	-0.000009	10.579434	-12.117026	3.099224	331.101593	25406.013672	153.538452	25655.714844
2006	10	0.072324	-19.317652	30.159788	30.087463	-0.000011	-0.000011	10.769813	-7.860980	0.212016	194.241043	25406.238281	147.986557	25654.779297
2006	10	0.003227	-21.239132	30.906538	30.903311	-0.000012	-0.000012	9.664180	-8.173518	0.540839	8.667164	25406.429688	144.163162	25653.765625
2006	10	0.000000	-17.682949	27.132582	27.132582	-0.000010	-0.000010	9.449633	-9.503430	-2.010184	0.000000	25406.632812	143.459991	25652.777344
2006	10	0.000000	-14.741799	22.687513	22.687513	-0.000008	-0.000008	7.945714	-4.455979	-1.721826	0.000000	25406.783203	142.904663	25651.955078
2006	10	0.000000	-12.924373	19.772591	19.772591	-0.000007	-0.000007	6.848217	-2.968998	-0.330633	0.000000	25406.898438	142.421387	25651.244141
2006	10	0.000000	-10.996100	16.567202	16.567202	-0.000006	-0.000006	5.571100	-5.239412	-2.028236	0.000000	25406.982422	142.005524	25650.636719
2006	10	0.000000	-10.509820	15.715453	15.715453	-0.000006	-0.000006	5.205634	-4.665446	-1.075116	0.000000	25407.042969	141.623856	25650.091797
2006	10	0.000000	-9.212361	13.990529	13.990529	-0.000005	-0.000005	4.778168	-5.242796	-2.110389	0.000000	25407.095703	141.270523	25649.583984
2006	10	0.000000	-8.456359	13.053384	13.053384	-0.000005	-0.000005	4.597025	-4.224061	-1.369147	0.000000	25407.140625	140.950562	25649.123047
2006	10	0.000000	-7.241251	11.408102	11.408102	-0.000004	-0.000004	4.166851	0.001638	0.565278	0.000000	25407.181641	140.666122	25648.703125
2006	10	0.000000	-6.064310	9.261126	9.261126	-0.000003	-0.000003	3.196816	1.779848	2.352290	0.000000	25407.207031	140.421188	25648.345703
2006	10	0.000000	-5.699876	8.145459	8.145459	-0.000003	-0.000003	2.445583	-1.617684	0.308572	0.000000	25407.212891	140.202713	25648.046875
2006	10	0.000000	-5.314523	7.299451	7.299451	-0.000003	-0.000003	1.984928	-1.055048	0.687178	0.000000	25407.212891	139.992096	25647.771484
2006	10	0.000000	-4.628208	6.080376	6.080376	-0.000002	-0.000002	1.452167	-3.629494	-1.799054	0.000000	25407.208984	139.802597	25647.535156
2006	10	0.000000	-5.061161	6.205131	6.205131	-0.000002	-0.000002	1.143970	-6.103544	-2.301628	0.000000	25407.199219	139.620865	25647.320312
2006	10	0.000000	-4.418702	5.420900	5.420900	-0.000002	-0.000002	1.002198	-9.041012	-2.261437	0.000000	25407.191406	139.436142	25647.109375
2006	11	0.000000	-3.229835	3.927863	3.927863	-0.000002	-0.000002	0.698028	6.543687	0.211433	0.000000	25407.185547	139.284851	25646.937500
2006	11	0.000000	-3.437513	3.851841	3.851841	-0.000001	-0.000001	0.414328	-5.671255	-1.612691	0.000000	25407.179688	139.149811	25646.792969
2006	11	0.000000	-4.095111	4.408031	4.408031	-0.000002	-0.000002	0.312921	-12.589924	-6.216766	0.000000	25407.177734	138.995377	25646.634766
2006	11	0.000000	-4.041869	4.325714	4.325714	-0.000002	-0.000002	0.283845	-13.878139	-7.179981	0.000000	25407.173828	138.835220	25646.470703
2006	11	0.000000	-3.860484	4.129553	4.129553	-0.000002	-0.000002	0.269069	-12.639351	-6.357483	0.000000	25407.171875	138.677246	25646.312500
2006	11	0.000000	-3.653756	3.986900	3.986900	-0.000002	-0.000002	0.333143	-24.645741	-11.902090	0.000000	25407.169922	138.526764	25646.158203
2006	11	0.000000	-3.278702	3.518518	3.518518	-0.000001	-0.000001	0.239816	-17.827820	-8.245219	0.000000	25407.169922	138.388763	25646.019531
2006	11	0.000000	-2.519165	2.692644	2.692644	-0.000001	-0.000001	0.173480	-10.285645	-3.544558	0.000000	25407.169922	138.268539	25645.898438
2006	11	0.000000	-2.228667	2.314501	2.314501	-0.000001	-0.000001	0.085834	-4.445802	-1.333712	0.000000	25407.167969	138.168655	25645.802734
2006	11	0.000000	-2.036623	2.087329	2.087329	-0.000001	-0.000001	0.050707	-7.068564	-2.503881	0.000000	25407.166016	138.072067	25645.710938
2006	11	0.000000	-1.760766	1.785483	1.785483	-0.000001	-0.000001	0.024717	2.349640	-0.833153	0.000000	25407.166016	137.987671	25645.632812
2006	11	0.000000	-2.148535	2.155682	2.155682	-0.000001	-0.000001	0.007147	-16.412909	-5.663572	0.000000	25407.166016	137.906387	25645.558594
2006	11	0.000000	-2.414752	2.420650	2.420650	-0.000001	-0.000001	0.005898	-28.670216	-10.573231	0.000000	25407.166016	137.804031	25645.464844
2006	11	0.000000	-2.208447	2.214340	2.214340	-0.000001	-0.000001	0.005893	-22.788874	-7.982901	0.000000	25407.166016	137.709534	25645.376953
2006	11	0.000000	-2.218390	2.224363	2.224363	-0.000001	-0.000001	0.005973	-25.780878	-9.886464	0.000000	25407.166016	137.611664	25645.287109
2006	11	0.000000	-1.657766	1.663546	1.663546	-0.000001	-0.000001	0.005780	-8.183798	-2.116619	0.000000	25407.166016	137.528412	25645.210938
2006	11	0.000000	-1.520081	1.522443	1.522443	-0.000001	-0.000001	0.002362	-11.251297	-2.329999	0.000000	25407.166016	137.457947	25645.148438
2006	11	0.000000	-1.669162	1.669162	1.669162	-0.000001	-0.000001	0.000000	-18.120720	-4.668627	0.000000	25407.166016	137.385223	25645.082031
2006	11	0.000000	-1.282819	1.282819	1.282819	-0.000000	-0.000000	0.000000	-0.512568	-0.664780	0.000000	25407.166016	137.317078	25645.021484
2006	11	0.000000	-1.085279	1.085279	1.085279	-0.000000	-0.000000	0.000000	2.960803	-0.006762	0.000000	25407.166016	137.261261	25644.972656
2006	11	0.000000	-1.294018	1.294018	1.294018	-0.000000	-0.000000	0.000000	-12.217311	-1.896608	0.000000	25407.166016	137.203979	25644.923828
2006	11	0.000000	-1.387510	1.387510	1.387510	-0.000001	-0.000001	0.000000	-3.615939	-0.362866	0.000000	25407.166016	137.141602	25644.869141
2006	11	0.000000	-1.130248	1.130248	1.130248	-0.000000	-0.000000	0.000000	6.421304	0.589049	0.000000	25407.166016	137.080734	25644.816406
2006	11	0.000000	-1.044337	1.044337	1.044337	-0.000000	-0.000000	0.000000	2.018476	-0.665197	0.000000	25407.166016	137.029495	25644.771484
2006	11	0.000000	-1.155384	1.155384	1.155384	-0.000000	-0.000000	0.000000	-10.904451	-2.084890	0.000000	25407.166016	136.976883	25644.726562
2006	11	0.000000	-1.338608	1.338608	1.338608	-0.000001	-0.000001	0.000000	-24.643423	-4.546524	0.000000	25407.166016	136.917862	25644.675781
2006	11	0.000000	-1.254734	1.254734	1.254734	-0.000000	-0.000000	0.000000	-19.142290	-3.251225	0.000000	25407.166016	136.859039	25644.623047
2006	11	0.000000	-1.226142	1.226142	1.226142	-0.000000	-0.000000	0.000000	-20.365995	-3.230056	0.000000	25407.166016	136.801819	25644.574219
2006	11	0.000000	-1.520346	1.520346	1.520346	-0.000001	-0.000001	0.000000	-21.984241	-6.037162	0.000000	25407.166016	136.741516	25644.521484
2006	11	0.000000	-1.460698	1.460698	1.460698	-0.000001	-0.000001	0.000000	-6.909614	-2.019572	0.000000	25407.166016	136.676041	25644.462891
2006	12	0.000000	-1.475222	1.475222	1.475222	-0.000001	-0.000001	0.000000	-24.542553	-6.577864	0.000000	25407.166016	136.613113	25644.408203
2006	12	0.000000	-1.744349	1.744349	1.744349	-0.000001	-0.000001	0.000000	-31.497276	-10.295375	0.000000	25407.166016	136.547318	25644.349609
2006	12	0.000000	-2.006176	2.006176	2.006176	-0.000001	-0.000001	0.000000	-36.164673	-11.897367	0.000000	25407.166016	136.471252	25644.281250
2006	12	0.000000	-1.356329	1.356329	1.356329	-0.000001	-0.000001	0.000000	-10.366668	-3.867857	0.000000	25407.166016	136.401855	25644.218750
2006	12	0.000000	-1.577802	1.577802	1.577802	-0.000001	-0.000001	0.000000	-15.727398	-5.931966	0.000000	25407.166016	136.342377	25644.167969
2006	12	0.000000	-1.186794	1.186794	1.186794	-0.000000	-0.000000	0.000000	-10.528398	-2.533277	0.000000	25407.166016	136.282318	25644.115234
2006	12	0.000000	-0.986700	0.986700	0.986700	-0.000000	-0.000000	0.000000	-3.880217	-1.480505	0.000000	25407.166016	136.235321	25644.074219
2006	12	0.000000	-1.087062	1.087062	1.087062	-0.000000	-0.000000	0.000000	-12.625236	-2.669789	0.000000	25407.166016	136.188690	25644.035156
2006	12	0.000000	-1.273948	1.273948	1.273948	-0.000000	-0.000000	0.000000	-18.109573	-7.484074	0.000000	25407.166016	136.138000	25643.992188
2006	12	0.000000	-1.370075	1.370075	1.370075	-0.000001	-0.000001	0.000000	-17.358288	-9.729251	0.000000	25407.166016	136.082062	25643.943359
2006	12	0.000000	-1.423830	1.423830	1.423830	-0.000001	-0.000001	0.000000	-16.754583	-7.946117	0.000000	25407.166016	136.023590	25643.892578
2006	12	0.000000	-1.239860	1.239860	1.239860	-0.000000	-0.000000	0.000000	-8.080812	-2.633244	0.000000	25407.166016	135.968628	25643.845703
2006	12	0.000000	-1.250607	1.250607	1.250607	-0.000000	-0.000000	0.000000	-11.358932	-3.790151	0.000000	25407.166016	135.916168	25643.800781
2006	12	0.000000	-1.216327	1.216327	1.216327	-0.000000	-0.000000	0.000000	-10.052977	-3.681642	0.000000	25407.166016	135.863800	25643.755859
2006	12	0.000000	-0.909492	0.909492	0.909492	-0.000000	-0.000000	0.000000	-4.466567	-1.811942	0.000000	25407.166016	135.816864	25643.716797
2006	12	0.000000	-0.900961	0.900961	0.900961	-0.000000	-0.000000	0.000000	-7.750684	-1.678117	0.000000	25407.166016	135.777054	25643.683594
2006	12	0.000000	-1.121471	1.121471	1.121471	-0.000000	-0.000000	0.000000	-14.518071	-5.465948	0.000000	25407.166016	135.732254	25643.646484
2006	12	0.000000	-0.950580	0.950580	0.950580	-0.000000	-0.000000	0.000000	-7.448790	-1.733142	0.000000	25407.166016	135.686874	25643.609375
2006	12	0.000000	-1.056773	1.056773	1.056773	-0.000000	-0.000000	0.000000	-8.069173	-2.584565	0.000000	25407.166016	135.643829	25643.572266
2006	12	0.000000	-1.022723	1.022723	1.022723	-0.000000	-0.000000	0.000000	-4.198750	-1.355418	0.000000	25407.166016	135.598404	25643.535156
2006	12	0.000000	-0.861056	0.861056	0.861056	-0.000000	-0.000000	0.000000	1.667014	-1.643213	0.000000	25407.166016	135.557022	25643.501953
2006	12	0.000000	-1.014377	1.014377	1.014377	-0.000000	-0.000000	0.000000	-5.056570	-2.151390	0.000000	25407.166016	135.515045	25643.466797
2006	12	0.000000	-0.758549	0.758549	0.758549	-0.000000	-0.000000	0.000000	-4.692395	-1.345042	0.000000	25407.166016	135.475250	25643.433594
2006	12	0.000000	-0.840201	0.840201	0.840201	-0.000000	-0.000000	0.000000	-2.865388	-1.276833	0.000000	25407.166016	135.440720	25643.406250
2006	12	0.000000	-0.851896	0.851896	0.851896	-0.000000	-0.000000	0.000000	-9.305037	-2.316654	0.000000	25407.166016	135.400864	25643.375000
2006	12	0.000000	-0.527648	0.527648	0.527648	-0.000000	-0.000000	0.000000	19.068104	0.106830	0.000000	25407.166016	135.368637	25643.349609
2006	12	0.000000	-0.587848	0.587848	0.587848	-0.000000	-0.000000	0.000000	2.315007	-0.600585	0.000000	25407.166016	135.341080	25643.330078
2006	12	0.000000	-0.732286	0.732286	0.732286	-0.000000	-0.000000	0.000000	0.741276	-0.611939	0.000000	25407.166016	135.309311	25643.304688
2006	12	0.000000	-0.692012	0.692012	0.692012	-0.000000	-0.000000	0.000000	1.726161	-1.026294	0.000000	25407.166016	135.275116	25643.279297
2006	12	0.000000	-0.670336	0.670336	0.670336	-0.000000	-0.000000	0.000000	-7.721199	-0.941557	0.000000	25407.166016	135.243439	25643.253906
2006	12	0.000000	-0.606147	0.606147	0.606147	-0.000000	-0.000000	0.000000	4.893127	-0.870743	0.000000	25407.166016	135.211624	25643.230469
2007	01	0.000000	-0.377256	0.377256	0.377256	-0.000000	-0.000000	0.000000	33.431232	0.362247	0.000000	25407.166016	135.186737	25643.212891
2007	01	0.000000	-0.466305	0.466305	0.466305	-0.000000	-0.000000	0.000000	12.969972	-0.148593	0.000000	25407.166016	135.163620	25643.197266
2007	01	0.000000	-0.535948	0.535948	0.535948	-0.000000	-0.000000	0.000000	-0.978753	-1.103287	0.000000	25407.166016	135.137299	25643.177734
2007	01	0.000000	-0.436939	0.436939	0.436939	-0.000000	-0.000000	0.000000	20.267752	0.154133	0.000000	25407.166016	135.111801	25643.160156
2007	01	0.000000	-0.595210	0.595210	0.595210	-0.000000	-0.000000	0.000000	-4.480393	-1.034937	0.000000	25407.166016	135.086121	25643.140625
2007	01	0.000000	-0.663634	0.663634	0.663634	-0.000000	-0.000000	0.000000	9.722903	-1.213736	0.000000	25407.166016	135.055069	25643.117188
2007	01	0.000000	-0.581194	0.581194	0.581194	-0.000000	-0.000000	0.000000	16.870323	0.081365	0.000000	25407.166016	135.025925	25643.095703
2007	01	0.000000	-0.497064	0.497064	0.497064	-0.000000	-0.000000	0.000000	21.489050	0.237867	0.000000	25407.166016	134.998962	25643.076172
2007	01	0.000000	-0.597151	0.597151	0.597151	-0.000000	-0.000000	0.000000	5.273167	-0.719581	0.000000	25407.166016	134.972946	25643.058594
2007	01	0.000000	-0.473570	0.473570	0.473570	-0.000000	-0.000000	0.000000	14.534900	-0.758423	0.000000	25407.166016	134.945038	25643.037109
2007	01	0.000000	-0.534966	0.534966	0.534966	-0.000000	-0.000000	0.000000	4.306194	-0.704042	0.000000	25407.166016	134.920197	25643.019531
2007	01	0.000000	-0.748751	0.748751	0.748751	-0.000000	-0.000000	0.000000	-4.093433	-3.719573	0.000000	25407.166016	134.890579	25642.998047
2007	01	0.000000	-0.794960	0.794960	0.794960	-0.000000	-0.000000	0.000000	-11.717513	-6.555341	0.000000	25407.166016	134.855820	25642.970703
2007	01	0.000000	-0.847734	0.847734	0.847734	-0.000000	-0.000000	0.000000	-10.968210	-3.824687	0.000000	25407.166016	134.820312	25642.941406
2007	01	0.000000	-0.792391	0.792391	0.792391	-0.000000	-0.000000	0.000000	-2.523299	-3.845690	0.000000	25407.166016	134.784546	25642.914062
2007	01	0.000000	-0.675058	0.675058	0.675058	-0.000000	-0.000000	0.000000	5.558367	-2.136953	0.000000	25407.166016	134.751968	25642.888672
2007	01	0.000000	-0.583488	0.583488	0.583488	-0.000000	-0.000000	0.000000	11.885756	-1.064410	0.000000	25407.166016	134.723282	25642.867188
2007	01	0.000000	-0.583884	0.583884	0.583884	-0.000000	-0.000000	0.000000	2.555985	-1.917832	0.000000	25407.166016	134.695282	25642.845703
2007	01	0.000000	-0.491211	0.491211	0.491211	-0.000000	-0.000000	0.000000	16.250992	-0.539822	0.000000	25407.166016	134.669937	25642.828125
2007	01	0.000000	-0.646352	0.646352	0.646352	-0.000000	-0.000000	0.000000	5.232033	-1.161434	0.000000	25407.166016	134.641876	25642.808594
2007	01	0.000000	-0.657992	0.657992	0.657992	-0.000000	-0.000000	0.000000	5.973555	-0.748797	0.000000	25407.166016	134.612625	25642.785156
2007	01	0.000000	-0.682435	0.682435	0.682435	-0.000000	-0.000000	0.000000	-2.556139	-3.453410	0.000000	25407.166016	134.581604	25642.761719
2007	01	0.000000	-0.631963	0.631963	0.631963	-0.000000	-0.000000	0.000000	1.710557	-1.951233	0.000000	25407.166016	134.552307	25642.740234
2007	01	0.000000	-0.610612	0.610612	0.610612	-0.000000	-0.000000	0.000000	-0.147946	-1.307759	0.000000	25407.166016	134.523880	25642.718750
2007	01	0.000000	-0.635409	0.635409	0.635409	-0.000000	-0.000000	0.000000	-0.972469	-1.446993	0.000000	25407.166016	134.494385	25642.697266
2007	01	0.000000	-0.511543	0.511543	0.511543	-0.000000	-0.000000	0.000000	16.682320	0.039970	0.000000	25407.166016	134.467575	25642.677734
2007	01	0.000000	-0.432044	0.432044	0.432044	-0.000000	-0.000000	0.000000	16.137697	-0.510481	0.000000	25407.166016	134.444199	25642.662109
2007	01	0.000000	-0.625620	0.625620	0.625620	-0.000000	-0.000000	0.000000	0.457678	-1.786072	0.000000	25407.166016	134.419128	25642.644531
2007	01	0.000000	-0.784196	0.784196	0.784196	-0.000000	-0.000000	0.000000	-5.285081	-2.235002	0.000000	25407.166016	134.387894	25642.621094
2007	01	0.000000	-0.837675	0.837675	0.837675	-0.000000	-0.000000	0.000000	-4.802637	-2.063327	0.000000	25407.166016	134.352737	25642.591797
2007	01	0.000000	-0.794619	0.794619	0.794619	-0.000000	-0.000000	0.000000	-10.300000	-5.977201	0.000000	25407.166016	134.318283	25642.564453
2007	02	0.000000	-0.798476	0.798476	0.798476	-0.000000	-0.000000	0.000000	-14.076945	-9.475095	0.000000	25407.166016	134.283691	25642.539062
2007	02	0.000000	-0.834040	0.834040	0.834040	-0.000000	-0.000000	0.000000	-23.638437	-8.158398	0.000000	25407.166016	134.243546	25642.505859
2007	02	0.000000	-0.842610	0.842610	0.842610	-0.000000	-0.000000	0.000000	-33.715744	-11.718429	0.000000	25407.166016	134.206940	25642.476562
2007	02	0.000000	-0.832710	0.832710	0.832710	-0.000000	-0.000000	0.000000	-27.252563	-9.019359	0.000000	25407.166016	134.168854	25642.445312
2007	02	0.000000	-0.738200	0.738200	0.738200	-0.000000	-0.000000	0.000000	-22.745441	-6.466783	0.000000	25407.166016	134.132706	25642.416016
2007	02	0.000000	-0.534066	0.534066	0.534066	-0.000000	-0.000000	0.000000	-11.466541	-2.312683	0.000000	25407.166016	134.101791	25642.392578
2007	02	0.000000	-0.584599	0.584599	0.584599	-0.000000	-0.000000	0.000000	-27.366440	-5.570175	0.000000	25407.166016	134.074280	25642.373047
2007	02	0.000000	-0.555223	0.555223	0.555223	-0.000000	-0.000000	0.000000	-31.277452	-5.213814	0.000000	25407.166016	134.045563	25642.351562
2007	02	0.000000	-0.440059	0.440059	0.440059	-0.000000	-0.000000	0.000000	-14.471291	-1.671498	0.000000	25407.166016	134.019608	25642.332031
2007	02	0.000000	-0.410520	0.410520	0.410520	-0.000000	-0.000000	0.000000	-4.742549	-0.576339	0.000000	25407.166016	133.997391	25642.318359
2007	02	0.000000	-0.430024	0.430024	0.430024	-0.000000	-0.000000	0.000000	-4.042680	-0.559143	0.000000	25407.166016	133.973862	25642.302734
2007	02	0.000000	-0.484635	0.484635	0.484635	-0.000000	-0.000000	0.000000	-16.072985	-2.473583	0.000000	25407.166016	133.949600	25642.285156
2007	02	0.000000	-0.405912	0.405912	0.405912	-0.000000	-0.000000	0.000000	-7.165540	-0.897422	0.000000	25407.166016	133.925171	25642.267578
2007	02	0.000000	-0.444080	0.444080	0.444080	-0.000000	-0.000000	0.000000	-16.376026	-2.440143	0.000000	25407.166016	133.902969	25642.251953
2007	02	0.000000	-0.501704	0.501704	0.501704	-0.000000	-0.000000	0.000000	-30.335361	-5.014327	0.000000	25407.166016	133.877884	25642.234375
2007	02	0.000000	-0.536852	0.536852	0.536852	-0.000000	-0.000000	0.000000	-34.118732	-6.435695	0.000000	25407.166016	133.850998	25642.214844
2007	02	0.000000	-0.448275	0.448275	0.448275	-0.000000	-0.000000	0.000000	-21.765457	-3.029002	0.000000	25407.166016	133.825287	25642.197266
2007	02	0.000000	-0.386057	0.386057	0.386057	-0.000000	-0.000000	0.000000	-13.231606	-1.010778	0.000000	25407.166016	133.803055	25642.181641
2007	02	0.000000	-0.310212	0.310212	0.310212	-0.000000	-0.000000	0.000000	-1.296120	-0.292551	0.000000	25407.166016	133.782623	25642.169922
2007	02	0.000000	-0.293920	0.293920	0.293920	-0.000000	-0.000000	0.000000	4.375301	-0.303444	0.000000	25407.166016	133.764389	25642.158203
2007	02	0.000000	-0.414250	0.414250	0.414250	-0.000000	-0.000000	0.000000	-9.664759	-1.132424	0.000000	25407.166016	133.743576	25642.144531
2007	02	0.000000	-0.296304	0.296304	0.296304	-0.000000	-0.000000	0.000000	4.095253	-0.362510	0.000000	25407.166016	133.723404	25642.132812
2007	02	0.000000	-0.289108	0.289108	0.289108	-0.000000	-0.000000	0.000000	3.417598	-0.302320	0.000000	25407.166016	133.705154	25642.121094
2007	02	0.000000	-0.294887	0.294887	0.294887	-0.000000	-0.000000	0.000000	3.842187	-0.373749	0.000000	25407.166016	133.686996	25642.109375
2007	02	0.000000	-0.317060	0.317060	0.317060	-0.000000	-0.000000	0.000000	-2.728262	-0.771015	0.000000	25407.166016	133.668518	25642.099609
2007	02	0.000000	-0.424233	0.424233	0.424233	-0.000000	-0.000000	0.000000	-18.734772	-3.002516	0.000000	25407.166016	133.647507	25642.085938
2007	02	0.000000	-0.483665	0.483665	0.483665	-0.000000	-0.000000	0.000000	-25.572382	-4.713297	0.000000	25407.166016	133.623459	25642.068359
2007	02	0.000000	-0.517641	0.517641	0.517641	-0.000000	-0.000000	0.000000	-26.535240	-5.388234	0.000000	25407.166016	133.597488	25642.050781
2007	03	0.000000	-0.466613	0.466613	0.466613	-0.000000	-0.000000	0.000000	-8.353642	-1.935571	0.000000	25407.166016	133.572647	25642.033203
2007	03	0.000000	-0.363342	0.363342	0.363342	-0.000000	-0.000000	0.000000	-0.124103	-0.769269	0.000000	25407.166016	133.552673	25642.019531
2007	03	0.000000	-0.494204	0.494204	0.494204	-0.000000	-0.000000	0.000000	-8.252396	-1.501122	0.000000	25407.166016	133.530579	25642.005859
2007	03	0.000000	-0.511993	0.511993	0.511993	-0.000000	-0.000000	0.000000	-7.451547	-1.485767	0.000000	25407.166016	133.506958	25641.988281
2007	03	0.000000	-0.445554	0.445554	0.445554	-0.000000	-0.000000	0.000000	-7.510257	-1.306821	0.000000	25407.166016	133.483231	25641.972656
2007	03	0.000000	-0.378675	0.378675	0.378675	-0.000000	-0.000000	0.000000	-5.134534	-0.608225	0.000000	25407.166016	133.462784	25641.958984
2007	03	0.000000	-0.411749	0.411749	0.411749	-0.000000	-0.000000	0.000000	-11.209023	-1.284446	0.000000	25407.166016	133.442505	25641.945312
2007	03	0.000000	-0.465133	0.465133	0.465133	-0.000000	-0.000000	0.000000	-18.221256	-2.910442	0.000000	25407.166016	133.421051	25641.931641
2007	03	0.000000	-0.515416	0.515416	0.515416	-0.000000	-0.000000	0.000000	-20.517002	-6.111510	0.000000	25407.166016	133.397217	25641.916016
2007	03	0.000000	-0.483934	0.483934	0.483934	-0.000000	-0.000000	0.000000	-25.166672	-5.698936	0.000000	25407.166016	133.373627	25641.898438
2007	03	0.000000	-0.462434	0.462434	0.462434	-0.000000	-0.000000	0.000000	-17.328421	-3.487916	0.000000	25407.166016	133.350327	25641.882812
2007	03	0.000000	-0.299496	0.299496	0.299496	-0.000000	-0.000000	0.000000	13.893648	-0.299197	0.000000	25407.166016	133.331268	25641.871094
2007	03	0.000000	-0.427859	0.427859	0.427859	-0.000000	-0.000000	0.000000	-1.556809	-1.401675	0.000000	25407.166016	133.312592	25641.859375
2007	03	0.000000	-0.423065	0.423065	0.423065	-0.000000	-0.000000	0.000000	-5.614284	-2.130224	0.000000	25407.166016	133.289673	25641.843750
2007	03	0.000000	-0.301614	0.301614	0.301614	-0.000000	-0.000000	0.000000	13.291824	-0.123992	0.000000	25407.166016	133.271576	25641.833984
2007	03	0.000000	-0.366474	0.366474	0.366474	-0.000000	-0.000000	0.000000	-2.330951	-0.586906	0.000000	25407.166016	133.252991	25641.822266
2007	03	0.000000	-0.411752	0.411752	0.411752	-0.000000	-0.000000	0.000000	-7.783898	-1.495042	0.000000	25407.166016	133.233063	25641.810547
2007	03	0.000000	-0.470176	0.470176	0.470176	-0.000000	-0.000000	0.000000	-16.111153	-2.929020	0.000000	25407.166016	133.210846	25641.794922
2007	03	0.000000	-0.412032	0.412032	0.412032	-0.000000	-0.000000	0.000000	-5.334008	-1.027912	0.000000	25407.166016	133.188950	25641.781250
2007	03	0.000000	-0.332512	0.332512	0.332512	-0.000000	-0.000000	0.000000	10.458921	-0.341164	0.000000	25407.166016	133.170410	25641.769531
2007	03	0.000000	-0.450716	0.450716	0.450716	-0.000000	-0.000000	0.000000	-7.025637	-2.118107	0.000000	25407.166016	133.149826	25641.755859
2007	03	0.000000	-0.325174	0.325174	0.325174	-0.000000	-0.000000	0.000000	13.004128	-0.145002	0.000000	25407.166016	133.130356	25641.744141
2007	03	0.000000	-0.387158	0.387158	0.387158	-0.000000	-0.000000	0.000000	6.634379	-0.222059	0.000000	25407.166016	133.111069	25641.732422
2007	03	0.000000	-0.424318	0.424318	0.424318	-0.000000	-0.000000	0.000000	1.005532	-0.806808	0.000000	25407.166016	133.090271	25641.718750
2007	03	0.000000	-0.460894	0.460894	0.460894	-0.000000	-0.000000	0.000000	-2.770935	-0.924582	0.000000	25407.166016	133.068176	25641.703125
2007	03	0.000000	-0.410705	0.410705	0.410705	-0.000000	-0.000000	0.000000	5.277663	-0.464729	0.000000	25407.166016	133.047714	25641.689453
2007	03	0.000000	-0.470987	0.470987	0.470987	-0.000000	-0.000000	0.000000	-7.522912	-2.560174	0.000000	25407.166016	133.025116	25641.675781
2007	03	0.000000	-0.518343	0.518343	0.518343	-0.000000	-0.000000	0.000000	-9.044705	-5.239764	0.000000	25407.166016	133.001938	25641.658203
2007	03	0.000000	-0.488113	0.488113	0.488113	-0.000000	-0.000000	0.000000	-12.555815	-3.421632	0.000000	25407.166016	132.978394	25641.642578
2007	03	0.000000	-0.515065	0.515065	0.515065	-0.000000	-0.000000	0.000000	-9.788610	-2.273545	0.000000	25407.166016	132.954788	25641.626953
2007	03	0.000000	-0.555584	0.555584	0.555584	-0.000000	-0.000000	0.000000	-11.345262	-2.943661	0.000000	25407.166016	132.929794	25641.609375
2007	04	0.000000	-0.600170	0.600170	0.600170	-0.000000	-0.000000	0.000000	-13.475177	-3.683043	0.000000	25407.166016	132.903610	25641.589844
2007	04	0.000000	-0.745796	0.745796	0.745796	-0.000000	-0.000000	0.000000	-12.303377	-4.583539	0.000000	25407.166016	132.873642	25641.566406
2007	04	0.000000	-0.596931	0.596931	0.596931	-0.000000	-0.000000	0.000000	-8.115464	-2.580849	0.000000	25407.166016	132.843460	25641.544922
2007	04	0.000000	-0.634658	0.634658	0.634658	-0.000000	-0.000000	0.000000	-11.754057	-4.031862	0.000000	25407.166016	132.816284	25641.523438
2007	04	0.000000	-0.671866	0.671866	0.671866	-0.000000	-0.000000	0.000000	-13.868363	-5.520344	0.000000	25407.166016	132.786850	25641.501953
2007	04	0.000000	-0.635606	0.635606	0.635606	-0.000000	-0.000000	0.000000	-18.238573	-8.099925	0.000000	25407.166016	132.757614	25641.480469
2007	04	0.000000	-0.723205	0.723205	0.723205	-0.000000	-0.000000	0.000000	-14.046812	-6.168500	0.000000	25407.166016	132.727829	25641.457031
2007	04	0.000000	-0.717266	0.717266	0.717266	-0.000000	-0.000000	0.000000	-13.277643	-5.894854	0.000000	25407.166016	132.696014	25641.433594
2007	04	0.000000	-0.747516	0.747516	0.747516	-0.000000	-0.000000	0.000000	-14.610617	-7.051877	0.000000	25407.166016	132.664062	25641.408203
2007	04	0.000000	-0.647087	0.647087	0.647087	-0.000000	-0.000000	0.000000	-9.981010	-5.754274	0.000000	25407.166016	132.633438	25641.384766
2007	04	0.000000	-0.606978	0.606978	0.606978	-0.000000	-0.000000	0.000000	-7.225373	-2.829188	0.000000	25407.166016	132.605667	25641.365234
2007	04	0.000000	-0.658633	0.658633	0.658633	-0.000000	-0.000000	0.000000	-6.622200	-1.989626	0.000000	25407.166016	132.577164	25641.343750
2007	04	0.000000	-0.620363	0.620363	0.620363	-0.000000	-0.000000	0.000000	-3.503509	-0.340067	0.000000	25407.166016	132.547836	25641.322266
2007	04	0.000000	-0.511758	0.511758	0.511758	-0.000000	-0.000000	0.000000	1.618460	-0.639218	0.000000	25407.166016	132.521576	25641.302734
2007	04	0.000000	-0.393038	0.393038	0.393038	-0.000000	-0.000000	0.000000	21.604485	1.347970	0.000000	25407.166016	132.500778	25641.289062
2007	04	0.000000	-0.609125	0.609125	0.609125	-0.000000	-0.000000	0.000000	-6.911443	-3.080486	0.000000	25407.166016	132.475998	25641.271484
2007	04	0.000000	-0.602043	0.602043	0.602043	-0.000000	-0.000000	0.000000	-0.783684	-0.595319	0.000000	25407.166016	132.448013	25641.250000
2007	04	0.000000	-0.542237	0.542237	0.542237	-0.000000	-0.000000	0.000000	-1.478391	-0.840353	0.000000	25407.166016	132.421997	25641.232422
2007	04	0.000000	-0.712384	0.712384	0.712384	-0.000000	-0.000000	0.000000	-15.525846	-5.745974	0.000000	25407.166016	132.393860	25641.210938
2007	04	0.000000	-0.781287	0.781877	0.781877	-0.000000	-0.000000	0.000590	-8.231629	-2.240440	0.000000	25407.166016	132.360886	25641.185547
2007	04	0.000000	-0.557436	0.557436	0.557436	-0.000000	-0.000000	0.000000	1.382359	1.440742	0.000000	25407.166016	132.332214	25641.164062
2007	04	0.000000	-0.604823	0.604823	0.604823	-0.000000	-0.000000	0.000000	-4.847258	-0.638268	0.000000	25407.166016	132.304184	25641.142578
2007	04	0.000000	-0.509343	0.509343	0.509343	-0.000000	-0.000000	0.000000	2.839112	1.093580	0.000000	25407.166016	132.279465	25641.125000
2007	04	0.000000	-0.653265	0.653265	0.653265	-0.000000	-0.000000	0.000000	-2.409649	-1.414692	0.000000	25407.166016	132.252823	25641.105469
2007	04	0.000000	-0.690080	0.690080	0.690080	-0.000000	-0.000000	0.000000	-7.789371	-2.584237	0.000000	25407.166016	132.222870	25641.083984
2007	04	0.000000	-0.756097	0.761729	0.761729	-0.000000	-0.000000	0.005632	-10.762875	-4.248394	0.000000	25407.166016	132.191376	25641.058594
2007	04	0.000000	-0.715881	0.744145	0.744145	-0.000000	-0.000000	0.028265	-2.734924	-0.858612	0.000000	25407.166016	132.158890	25641.033203
2007	04	0.000000	-0.559032	0.559032	0.559032	-0.000000	-0.000000	0.000000	1.809340	0.136307	0.000000	25407.166016	132.131073	25641.011719
2007	04	0.000000	-0.571563	0.571563	0.571563	-0.000000	-0.000000	0.000000	2.586454	0.382364	0.000000	25407.166016	132.104950	25640.994141
2007	04	0.000000	-0.523544	0.523544	0.523544	-0.000000	-0.000000	0.000000	7.859147	2.784734	0.000000	25407.166016	132.079285	25640.974609
2007	05	0.000000	-0.551191	0.551191	0.551191	-0.000000	-0.000000	0.000000	4.335342	1.896759	0.000000	25407.166016	132.054611	25640.957031
2007	05	0.000000	-0.615803	0.615803	0.615803	-0.000000	-0.000000	0.000000	-7.828250	-1.726527	0.000000	25407.166016	132.028381	25640.937500
2007	05	0.000000	-0.666646	0.666646	0.666646	-0.000000	-0.000000	0.000000	-6.026685	-1.661435	0.000000	25407.166016	132.000320	25640.917969
2007	05	0.000000	-0.703602	0.703602	0.703602	-0.000000	-0.000000	0.000000	-3.960946	2.424042	0.000000	25407.166016	131.971008	25640.896484
2007	05	0.000000	-0.696960	0.696960	0.696960	-0.000000	-0.000000	0.000000	-7.770760	-0.309969	0.000000	25407.166016	131.940994	25640.873047
2007	05	0.000000	-0.692561	0.692561	0.692561	-0.000000	-0.000000	0.000000	-0.683899	1.316704	0.000000	25407.166016	131.911316	25640.849609
2007	05	0.000000	-0.665031	0.665031	0.665031	-0.000000	-0.000000	0.000000	3.691318	3.067843	0.000000	25407.166016	131.882614	25640.828125
2007	05	0.000000	-0.759862	0.759862	0.759862	-0.000000	-0.000000	0.000000	0.126772	1.536912	0.000000	25407.166016	131.851791	25640.804688
2007	05	0.000000	-0.691739	0.691739	0.691739	-0.000000	-0.000000	0.000000	-2.644941	1.260041	0.000000	25407.166016	131.821320	25640.781250
2007	05	0.000000	-0.703654	0.703654	0.703654	-0.000000	-0.000000	0.000000	-0.283050	3.316656	0.000000	25407.166016	131.791550	25640.759766
2007	05	0.000000	-0.613612	0.613612	0.613612	-0.000000	-0.000000	0.000000	2.421912	3.890470	0.000000	25407.166016	131.763092	25640.738281
2007	05	0.000000	-0.579901	0.579901	0.579901	-0.000000	-0.000000	0.000000	6.510706	5.656738	0.000000	25407.166016	131.737091	25640.718750
2007	05	0.000000	-0.687131	0.687131	0.687131	-0.000000	-0.000000	0.000000	2.746525	4.037191	0.000000	25407.166016	131.708893	25640.699219
2007	05	0.000000	-0.652156	0.652156	0.652156	-0.000000	-0.000000	0.000000	2.216971	2.395118	0.000000	25407.166016	131.679855	25640.675781
2007	05	0.000000	-0.508912	0.508912	0.508912	-0.000000	-0.000000	0.000000	12.189516	4.634879	0.000000	25407.166016	131.654404	25640.658203
2007	05	0.000000	-0.576867	0.576867	0.576867	-0.000000	-0.000000	0.000000	3.351115	4.422444	0.000000	25407.166016	131.629425	25640.640625
2007	05	0.000000	-0.584913	0.584913	0.584913	-0.000000	-0.000000	0.000000	3.729971	5.894148	0.000000	25407.166016	131.603546	25640.621094
2007	05	0.000000	-0.585364	0.585364	0.585364	-0.000000	-0.000000	0.000000	7.027896	8.029425	0.000000	25407.166016	131.577194	25640.603516
2007	05	0.000000	-0.541759	0.541759	0.541759	-0.000000	-0.000000	0.000000	14.172690	9.930111	0.000000	25407.166016	131.552216	25640.585938
2007	05	0.000000	-0.562487	0.562487	0.562487	-0.000000	-0.000000	0.000000	13.198727	8.205749	0.000000	25407.166016	131.527054	25640.566406
2007	05	0.000000	-0.580017	0.580017	0.580017	-0.000000	-0.000000	0.000000	14.989383	8.077911	0.000000	25407.166016	131.501602	25640.548828
2007	05	0.000000	-0.654724	0.654724	0.654724	-0.000000	-0.000000	0.000000	14.467438	10.706550	0.000000	25407.166016	131.474182	25640.529297
2007	05	0.000000	-0.686170	0.686170	0.686170	-0.000000	-0.000000	0.000000	11.159206	12.170012	0.000000	25407.166016	131.445145	25640.505859
2007	05	0.000000	-0.645973	2.235019	2.235019	-0.000001	-0.000001	1.589046	16.439108	11.708423	0.000000	25407.208984	131.416626	25640.451172
2007	05	0.000000	-0.714907	2.854372	2.854372	-0.000001	-0.000001	2.139465	15.888194	13.530128	0.000000	25407.279297	131.387207	25640.367188
2007	05	0.000000	-0.646492	1.465775	1.465775	-0.000001	-0.000001	0.819283	25.646769	16.464737	0.000000	25407.330078	131.358170	25640.302734
2007	05	0.000000	-0.708765	1.822247	1.822247	-0.000001	-0.000001	1.113482	25.077721	19.884939	0.000000	25407.361328	131.328934	25640.251953
2007	05	0.000000	-0.719162	2.519735	2.519735	-0.000001	-0.000001	1.800573	25.613531	8.429327	0.000000	25407.417969	131.298584	25640.179688
2007	05	0.000000	-0.645577	3.363272	3.363272	-0.000001	-0.000001	2.717695	55.988693	7.921873	0.000000	25407.500000	131.269592	25640.082031
2007	05	0.000000	-0.681288	3.742202	3.742202	-0.000001	-0.000001	3.060913	48.089092	5.489163	0.000000	25407.601562	131.240967	25639.962891
2007	05	0.000000	-0.732516	12.645605	12.645605	-0.000005	-0.000005	11.913089	60.591957	8.110884	0.000000	25407.816406	131.210892	25639.718750
2007	06	0.000000	-0.701397	13.917420	13.917420	-0.000005	-0.000005	13.216023	98.208733	13.286149	0.000000	25408.220703	131.179825	25639.250000
2007	06	0.000000	-0.604928	13.092044	13.092044	-0.000005	-0.000005	12.487116	145.420197	20.248377	0.000000	25408.519531	131.151169	25638.820312
2007	06	0.000000	-0.605575	14.390212	14.390212	-0.000006	-0.000006	13.784637	145.928696	18.578880	0.000000	25408.808594	131.123856	25638.357422
2007	06	0.000000	-0.634205	14.505059	14.505059	-0.000006	-0.000006	13.870854	139.546783	13.849895	0.000000	25409.082031	131.096161	25637.875000
2007	06	0.000000	-0.731501	14.994598	14.994598	-0.000006	-0.000006	14.263097	104.969482	32.421856	0.000000	25409.332031	131.066391	25637.384766
2007	06	0.000000	-0.918266	16.056322	16.056322	-0.000006	-0.000006	15.138057	98.822212	33.908215	0.000000	25409.566406	131.031647	25636.865234
2007	06	0.000000	-0.984559	16.428282	16.428282	-0.000006	-0.000006	15.443724	83.035583	32.151901	0.000000	25409.783203	130.992096	25636.322266
2007	06	0.000000	-0.919276	15.780910	15.780910	-0.000006	-0.000006	14.861633	85.552788	36.785442	0.000000	25409.972656	130.953568	25635.787109
2007	06	0.000000	-1.006767	16.316174	16.316174	-0.000006	-0.000006	15.309405	74.577354	63.020687	0.000000	25410.142578	130.913864	25635.250000
2007	06	0.000000	-0.939833	16.651194	16.651194	-0.000006	-0.000006	15.711360	92.806641	45.220592	0.000000	25410.298828	130.874023	25634.697266
2007	06	0.000000	-0.817469	15.363494	15.363494	-0.000006	-0.000006	14.546025	115.128838	44.327469	0.000000	25410.435547	130.837845	25634.164062
2007	06	1.216986	0.351021	14.126670	12.909684	-0.000005	-0.000005	13.260705	126.860893	46.584591	3377.421387	25410.544922	130.811615	25633.683594
2007	06	5.173310	3.941102	13.314643	8.141332	-0.000003	-0.000003	12.082434	127.002869	41.870975	14357.146484	25410.630859	130.874435	25633.332031
2007	06	8.815132	7.172370	12.932661	4.117528	-0.000002	-0.000002	11.289898	131.441162	45.343353	24464.052734	25410.697266	131.055145	25633.132812
2007	06	14.578259	12.307477	13.582353	-0.995907	0.000000	0.000000	11.311570	100.147301	26.701481	40458.078125	25410.751953	131.370255	25633.080078
2007	06	21.153997	18.045355	14.705722	-6.448275	0.000002	0.000002	11.597080	43.065933	17.398903	58707.289062	25410.802734	131.866272	25633.201172
2007	06	31.097763	26.816250	16.373144	-14.724619	0.000006	0.000006	12.091629	70.687149	20.996664	86303.562500	25410.845703	132.613541	25633.560547
2007	06	37.374233	32.105721	17.045818	-20.328415	0.000008	0.000008	11.777304	64.725014	29.985321	103722.234375	25410.876953	133.576218	25634.132812
2007	06	37.792530	31.721550	17.477694	-20.314837	0.000008	0.000008	11.406715	83.193474	31.749529	104883.109375	25410.894531	134.652740	25634.832031
2007	06	43.887520	36.440430	18.708164	-25.179358	0.000010	0.000010	11.261072	106.533112	29.403671	121798.132812	25410.902344	135.805313	25635.611328
2007	06	44.495075	35.719707	19.894979	-24.600098	0.000009	0.000009	11.119608	117.668022	22.520205	123484.242188	25410.900391	137.021240	25636.468750
2007	06	56.086948	44.376656	22.993546	-33.093403	0.000013	0.000013	11.283253	113.897018	28.102470	155654.390625	25410.896484	138.260422	25637.328125
2007	06	59.540436	46.117050	23.639740	-35.900696	0.000014	0.000014	10.216354	124.247337	22.451992	165238.625000	25410.873047	139.832367	25638.558594
2007	06	60.652050	44.323708	26.466219	-34.185829	0.000013	0.000013	10.137875	95.877991	19.551479	168323.625000	25410.845703	141.320526	25639.714844
2007	06	55.120411	37.143593	27.824339	-27.296070	0.000011	0.000011	9.847521	111.641235	20.112118	152972.031250	25410.816406	142.663513	25640.732422
2007	06	50.424908	30.881451	29.012589	-21.412315	0.000008	0.000008	9.469133	80.506958	19.948690	139940.906250	25410.787109	143.858292	25641.611328
2007	06	15.823440	-0.305109	24.862745	9.039307	-0.000003	-0.000003	8.734198	19.059967	46.398254	43913.742188	25410.767578	144.345215	25641.806641
2007	06	43.284908	24.379395	27.989990	-15.294923	0.000006	0.000006	9.084471	83.043999	39.032963	120125.757812	25410.759766	144.535446	25641.708984
2007	06	69.827766	42.103622	37.177433	-32.650333	0.000013	0.000013	9.453286	100.004158	34.774609	193788.390625	25410.722656	145.781097	25642.650391
2007	06	86.164413	46.681499	49.188450	-36.975964	0.000014	0.000014	9.705538	69.758186	31.161766	239126.390625	25410.673828	147.231491	25643.791016
2007	07	100.210938	46.427273	64.160141	-36.050797	0.000013	0.000013	10.376477	71.132942	32.780083	269137.531250	25410.615234	148.822418	25645.058594
2007	07	92.978157	39.212482	63.602650	-29.375511	0.000011	0.000011	9.836975	129.194641	27.187906	249712.390625	25410.550781	150.148087	25646.068359
2007	07	89.664368	31.362350	68.104843	-21.559521	0.000008	0.000008	9.802829	140.900223	24.693098	240812.484375	25410.482422	151.337524	25646.949219
2007	07	85.061829	21.015028	74.035034	-11.026794	0.000004	0.000004	9.988235	130.153915	25.834673	228451.406250	25410.414062	152.199127	25647.501953
2007	07	83.569534	14.946573	79.106323	-4.463211	0.000002	0.000002	10.483362	117.268372	27.675821	224443.531250	25410.341797	152.697189	25647.675781
2007	07	86.455872	23.028852	73.804291	-12.651582	0.000005	0.000005	10.377272	122.654541	25.468658	232195.406250	25410.267578	153.292038	25647.943359
2007	07	86.284203	13.829186	83.713333	-2.570867	0.000001	0.000001	11.258321	109.310616	27.143745	231734.343750	25410.185547	154.085663	25648.402344
2007	07	85.125496	20.036072	76.468163	-8.657338	0.000003	0.000003	11.378733	113.858315	27.939779	228622.406250	25410.117188	154.199615	25648.146484
2007	07	110.618263	43.050156	78.143730	-32.474529	0.000012	0.000012	10.575628	114.536934	27.845257	297088.593750	25410.023438	155.467361	25649.074219
2007	07	110.243210	37.967297	82.617889	-27.625322	0.000010	0.000010	10.341977	76.725487	25.761482	296081.312500	25409.927734	156.640594	25649.916016
2007	07	96.276466	33.628811	72.009872	-24.266596	0.000009	0.000009	9.362217	102.959343	19.044962	258570.687500	25409.833984	157.836212	25650.804688
2007	07	101.973412	32.354023	78.906761	-23.066650	0.000009	0.000009	9.287372	113.419632	21.922226	273871.031250	25409.744141	158.949646	25651.628906
2007	07	102.484367	24.545481	87.671104	-14.813261	0.000006	0.000006	9.732219	121.714134	24.722248	275243.312500	25409.650391	159.872070	25652.251953
2007	07	103.076202	26.429913	86.462448	-16.613760	0.000006	0.000006	9.816154	121.269012	23.209099	276832.781250	25409.552734	160.668823	25652.742188
2007	07	114.405510	31.014502	93.533798	-20.871716	0.000008	0.000008	10.142786	107.423065	27.230272	307260.062500	25409.453125	161.455414	25653.212891
2007	07	113.085602	31.632326	91.275902	-21.809700	0.000008	0.000008	9.822627	114.965050	24.915817	303715.156250	25409.347656	162.601746	25654.048828
2007	07	107.836884	26.360966	91.298386	-16.538498	0.000006	0.000006	9.822465	102.368279	23.727873	289618.593750	25409.244141	163.433899	25654.572266
2007	07	96.363159	25.204935	80.435852	-15.927314	0.000006	0.000006	9.277620	118.958374	17.799883	258803.531250	25409.140625	164.363251	25655.203125
2007	07	95.427544	23.100668	81.634880	-13.792665	0.000005	0.000005	9.308003	114.603172	18.414602	256290.703125	25409.039062	165.030334	25655.578125
2007	07	105.166656	32.687607	81.564217	-23.602440	0.000009	0.000009	9.085167	118.662437	19.324589	282447.156250	25408.933594	165.946045	25656.207031
2007	07	74.430946	13.954695	69.287155	-5.143781	0.000002	0.000002	8.810914	73.212189	16.470179	199899.921875	25408.833984	166.757355	25656.738281
2007	07	76.384239	21.333935	63.343689	-13.040556	0.000005	0.000005	8.293381	77.674385	14.051433	205145.921875	25408.744141	167.217911	25656.933594
2007	07	81.915604	25.429941	64.713188	-17.202406	0.000006	0.000006	8.227535	113.430862	15.875990	220001.546875	25408.650391	167.982025	25657.441406
2007	07	85.314644	26.486872	67.039978	-18.274666	0.000007	0.000007	8.212205	130.284164	15.958955	229130.406250	25408.552734	168.833649	25658.037109
2007	07	84.367699	22.238569	70.455574	-13.912130	0.000005	0.000005	8.326441	123.529022	15.492798	226587.187500	25408.455078	169.645508	25658.591797
2007	07	87.009239	21.104557	74.435028	-12.574209	0.000005	0.000005	8.530348	96.390686	15.525947	233681.593750	25408.355469	170.285645	25658.968750
2007	07	79.942574	12.338278	76.429169	-3.513402	0.000001	0.000001	8.824876	80.871628	15.291554	214702.562500	25408.253906	170.836121	25659.248047
2007	07	78.463318	16.078224	71.184258	-7.279060	0.000003	0.000003	8.799164	72.049400	14.189058	210729.718750	25408.152344	171.237106	25659.373047
2007	07	58.391987	8.111094	59.099674	0.707690	-0.000000	-0.000000	8.818785	47.061821	23.583727	156823.953125	25408.054688	171.703873	25659.566406
2007	07	77.341042	24.282381	62.083431	-15.257607	0.000006	0.000006	9.024774	91.576958	27.947548	207715.609375	25407.958984	172.233521	25659.820312
2007	07	65.940765	12.349627	62.730263	-3.210504	0.000001	0.000001	9.139124	96.952423	24.790592	177097.796875	25407.855469	172.855667	25660.154297
2007	08	63.617207	13.012590	59.437904	-4.179300	0.000002	0.000002	8.833290	99.135536	19.067698	170857.359375	25407.755859	173.196793	25660.216797
2007	08	70.450134	12.834570	66.668846	-3.781283	0.000001	0.000001	9.053286	69.632057	20.224560	189208.625000	25407.652344	173.671906	25660.412109
2007	08	76.049957	13.546141	71.977058	-4.072898	0.000002	0.000002	9.473243	45.031425	21.282948	204248.140625	25407.544922	174.001373	25660.453125
2007	08	75.864769	17.615824	67.776810	-8.087959	0.000003	0.000003	9.527865	37.118740	18.650278	203750.765625	25407.435547	174.524643	25660.679688
2007	08	72.453217	10.659582	71.630890	-0.822320	0.000000	0.000000	9.837261	43.891052	20.773365	194588.343750	25407.322266	175.055191	25660.908203
2007	08	72.108177	13.402052	68.652870	-3.455306	0.000001	0.000001	9.946746	41.832291	22.731668	193661.656250	25407.207031	175.379059	25660.917969
2007	08	58.010715	13.593175	53.529041	-4.481674	0.000002	0.000002	9.111501	60.358639	13.317575	155799.968750	25407.091797	175.926437	25661.169922
2007	08	52.460793	11.848096	49.399891	-3.060901	0.000001	0.000001	8.787195	79.545776	13.016325	140894.484375	25406.986328	176.353180	25661.318359
2007	08	55.028778	8.484803	55.795429	0.766651	-0.000000	-0.000000	9.251454	58.035847	16.596231	147791.343750	25406.878906	176.719101	25661.404297
2007	08	63.738972	15.630281	57.757362	-5.981606	0.000002	0.000002	9.648676	48.607471	18.988255	171184.390625	25406.767578	176.982956	25661.369141
2007	08	52.146736	8.428115	53.373230	1.226501	-0.000000	-0.000000	9.654616	12.861147	15.417909	140051.000000	25406.652344	177.500244	25661.585938
2007	08	61.907536	16.971006	54.723434	-7.184098	0.000003	0.000003	9.786909	19.464851	24.593472	166265.687500	25406.537109	177.867630	25661.652344
2007	08	54.859032	7.018433	58.095932	3.236903	-0.000001	-0.000001	10.255335	-5.681713	24.688438	147335.453125	25406.416016	178.318909	25661.787109
2007	08	45.948421	7.640671	48.705589	2.757174	-0.000001	-0.000001	10.397844	24.196651	36.788971	123404.132812	25406.300781	178.460434	25661.607422
2007	08	48.082031	11.387733	46.983994	-1.098037	0.000000	0.000000	10.289696	48.197952	30.362375	129134.390625	25406.177734	178.881821	25661.701172
2007	08	40.692684	8.877148	41.380917	0.688233	-0.000000	-0.000000	9.565381	52.465298	23.844234	109288.757812	25406.060547	179.204758	25661.714844
2007	08	44.706669	10.846772	43.404255	-1.302411	0.000000	0.000000	9.544362	42.565765	19.159405	120069.156250	25405.949219	179.504608	25661.718750
2007	08	47.965347	11.410849	46.278305	-1.687038	0.000001	0.000001	9.723811	38.118427	23.546810	128821.015625	25405.830078	179.880402	25661.792969
2007	08	42.896286	8.979875	43.402596	0.506308	-0.000000	-0.000000	9.486183	51.299271	26.090603	115206.984375	25405.712891	180.263184	25661.875000
2007	08	35.978043	5.295970	39.803440	3.825398	-0.000001	-0.000001	9.121368	53.106915	20.781485	96626.593750	25405.603516	180.486694	25661.808594
2007	08	36.505238	5.851481	39.655628	3.150389	-0.000001	-0.000001	9.001870	49.949726	22.936712	98042.492188	25405.496094	180.665878	25661.707031
2007	08	40.890377	7.980767	42.022743	1.132367	-0.000000	-0.000000	9.113134	36.030407	23.576969	109819.695312	25405.388672	180.880219	25661.638672
2007	08	45.300869	9.858638	44.899498	-0.401369	0.000000	0.000000	9.457269	26.261278	16.151352	121665.000000	25405.273438	181.198273	25661.664062
2007	08	45.963402	11.005509	44.476028	-1.487373	0.000001	0.000001	9.518136	37.983360	17.284166	123444.375000	25405.154297	181.543671	25661.716797
2007	08	42.700966	8.664394	43.565403	0.864438	-0.000000	-0.000000	9.528831	27.692259	16.390121	114682.414062	25405.033203	181.888046	25661.761719
2007	08	39.106915	6.960476	41.461258	2.354344	-0.000001	-0.000001	9.314820	37.385090	21.114202	105029.835938	25404.916016	182.152054	25661.732422
2007	08	37.061474	5.328822	40.947445	3.885970	-0.000001	-0.000001	9.214792	32.801411	21.985716	99536.382812	25404.802734	182.350067	25661.640625
2007	08	35.844555	5.618618	39.303478	3.458921	-0.000001	-0.000001	9.077540	34.820763	17.614752	96268.093750	25404.689453	182.533295	25661.539062
2007	08	33.873970	5.113985	37.723408	3.849440	-0.000001	-0.000001	8.963424	36.488045	16.245977	90975.664062	25404.576172	182.738190	25661.462891
2007	08	31.679514	4.153358	36.349003	4.669487	-0.000002	-0.000002	8.822845	35.185345	16.253998	85081.992188	25404.468750	182.896042	25661.345703
2007	08	28.192600	0.993340	36.045746	7.853145	-0.000003	-0.000003	8.846484	17.747379	14.572585	75717.156250	25404.359375	183.007721	25661.181641
2007	09	24.949360	0.890825	32.480591	7.531233	-0.000003	-0.000003	8.422058	27.594799	13.605906	69240.304688	25404.257812	183.004562	25660.906250
2007	09	22.435526	-0.571800	31.414913	8.979388	-0.000003	-0.000003	8.407588	4.852530	9.186769	62263.828125	25404.154297	183.093262	25660.724609
2007	09	19.392567	-2.048164	29.957638	10.565071	-0.000004	-0.000004	8.516907	4.273276	6.965117	53818.910156	25404.060547	182.979218	25660.337891
2007	09	23.928537	1.320964	31.349428	7.420892	-0.000003	-0.000003	8.741857	8.914983	8.743826	66407.289062	25403.958984	182.981476	25660.062500
2007	09	26.490746	4.191417	30.932936	4.442190	-0.000002	-0.000002	8.633607	10.746404	9.940255	73518.015625	25403.851562	183.129944	25659.929688
2007	09	23.235472	2.265326	29.416147	6.180675	-0.000002	-0.000002	8.446001	9.393669	10.063329	64483.871094	25403.744141	183.242340	25659.769531
2007	09	20.775953	0.299005	28.892075	8.116120	-0.000003	-0.000003	8.415126	3.866291	7.738100	57658.128906	25403.640625	183.300323	25659.556641
2007	09	18.373331	-1.551061	28.376732	10.003401	-0.000004	-0.000004	8.452339	-1.706503	6.136463	50990.289062	25403.541016	183.283157	25659.267578
2007	09	20.854870	1.480196	27.695736	6.840867	-0.000003	-0.000003	8.321063	7.304528	13.667239	57877.140625	25403.439453	183.299957	25659.015625
2007	09	23.007364	1.197118	30.476614	7.469251	-0.000003	-0.000003	8.666368	-8.598808	15.757112	63850.812500	25403.333984	183.347870	25658.791016
2007	09	21.525690	1.125697	29.021351	7.495662	-0.000003	-0.000003	8.621359	-4.981075	10.405256	59738.824219	25403.224609	183.413391	25658.578125
2007	09	20.438896	1.769246	27.000628	6.561731	-0.000003	-0.000003	8.330976	3.649076	10.763355	56722.714844	25403.119141	183.479019	25658.371094
2007	09	22.893019	1.398937	30.174955	7.281937	-0.000003	-0.000003	8.680874	-27.361570	19.255911	63533.484375	25403.011719	183.537766	25658.156250
2007	09	21.058949	0.656974	29.081713	8.022766	-0.000003	-0.000003	8.679739	-6.617035	14.219429	58443.503906	25402.902344	183.581467	25657.919922
2007	09	17.431057	0.264778	25.464407	8.033350	-0.000003	-0.000003	8.298128	-6.280133	10.083942	48375.261719	25402.794922	183.635025	25657.701172
2007	09	15.868780	-0.778811	24.851486	8.982707	-0.000003	-0.000003	8.203897	-1.320875	6.556203	44039.574219	25402.693359	183.636383	25657.437500
2007	09	13.622341	-1.110980	22.599884	8.977544	-0.000003	-0.000003	7.866563	5.090941	5.784657	37805.183594	25402.597656	183.611954	25657.154297
2007	09	12.218435	-1.366068	21.127213	8.908777	-0.000003	-0.000003	7.542709	7.096252	3.930276	33909.015625	25402.505859	183.572266	25656.869141
2007	09	12.065579	-1.643684	21.311438	9.245857	-0.000004	-0.000004	7.602172	4.293656	6.802470	33484.804688	25402.416016	183.537521	25656.591797
2007	09	12.440993	-2.320056	22.685116	10.244122	-0.000004	-0.000004	7.924065	-27.935999	15.229072	34526.664062	25402.326172	183.466599	25656.273438
2007	09	9.843699	-3.786141	21.642624	11.798924	-0.000005	-0.000005	8.012783	-3.238088	10.001938	27318.566406	25402.234375	183.379913	25655.931641
2007	09	7.146022	-3.977814	18.424995	11.278973	-0.000004	-0.000004	7.301158	1.438817	6.847718	19831.880859	25402.146484	183.272537	25655.576172
2007	09	7.188100	-3.545813	17.632822	10.444720	-0.000004	-0.000004	6.898908	-10.151872	7.477865	19948.660156	25402.064453	183.139252	25655.218750
2007	09	6.884126	-3.691094	17.529482	10.645356	-0.000004	-0.000004	6.954263	-4.655945	4.715600	19105.058594	25401.982422	183.033401	25654.890625
2007	09	5.241152	-3.967980	15.677867	10.436715	-0.000004	-0.000004	6.468736	7.079272	6.789423	14545.422852	25401.902344	182.909912	25654.552734
2007	09	4.501463	-4.152879	14.396996	9.895534	-0.000004	-0.000004	5.742654	9.107694	5.052715	12492.612305	25401.830078	182.767578	25654.218750
2007	09	4.586687	-4.018351	14.031684	9.444997	-0.000004	-0.000004	5.426647	6.077678	3.459093	12729.128906	25401.759766	182.628922	25653.904297
2007	09	4.048653	-4.289897	13.408775	9.360122	-0.000004	-0.000004	5.070225	4.658184	2.631083	11235.958984	25401.693359	182.492844	25653.603516
2007	09	3.567246	-4.381898	12.663190	9.095943	-0.000004	-0.000004	4.714045	-0.200295	2.327351	9899.942383	25401.630859	182.343491	25653.302734
2007	09	2.978974	-4.429822	11.849041	8.870066	-0.000003	-0.000003	4.440243	3.859039	1.993665	8267.349609	25401.570312	182.189819	25653.005859
2007	10	3.112570	-4.412994	11.872088	8.759519	-0.000003	-0.000003	4.346525	-0.699462	1.402609	8359.461914	25401.513672	182.034210	25652.716797
2007	10	4.100563	-4.511109	13.324129	9.223566	-0.000003	-0.000003	4.712457	-20.459396	1.076590	11012.923828	25401.457031	181.830139	25652.435547
2007	10	3.044369	-5.353509	13.680494	10.636126	-0.000004	-0.000004	5.282616	-22.357298	-0.055471	8176.293457	25401.400391	181.263336	25652.132812
2007	10	2.120208	-4.935780	11.503717	9.383510	-0.000004	-0.000004	4.447730	-4.914410	1.429134	5694.264648	25401.351562	180.228180	25651.818359
2007	10	1.240371	-5.671782	10.754096	9.513725	-0.000004	-0.000004	3.841944	-12.853023	1.617461	3331.277100	25401.314453	178.724777	25651.517578
2007	10	0.781578	-6.026896	10.169777	9.388200	-0.000004	-0.000004	3.361303	-13.458945	2.235229	2099.090820	25401.285156	176.751495	25651.214844
2007	10	0.762757	-6.680901	10.602308	9.839551	-0.000004	-0.000004	3.158651	-13.720446	-0.337428	2048.543701	25401.263672	174.306671	25650.908203
2007	10	0.648930	-7.045152	10.757196	10.108267	-0.000004	-0.000004	3.063114	-6.880902	-0.753594	1742.838623	25401.248047	171.389236	25650.582031
2007	10	0.460087	-7.576883	10.879816	10.419728	-0.000004	-0.000004	2.842845	1.208178	-0.362144	1235.661499	25401.240234	168.006149	25650.250000
2007	10	0.359148	-10.176835	13.153001	12.793853	-0.000005	-0.000005	2.617018	-11.169622	3.020889	964.566406	25401.238281	164.122299	25649.876953
2007	10	0.204091	-12.548670	15.250096	15.046007	-0.000006	-0.000006	2.497337	-8.379154	0.671311	548.128296	25401.242188	159.693619	25649.416016
2007	10	0.005123	-16.163176	18.450291	18.445169	-0.000007	-0.000007	2.281992	-10.193894	-2.936133	13.757706	25401.250000	154.734879	25648.882812
2007	10	0.000000	-22.257631	24.731985	24.731985	-0.000009	-0.000009	2.474354	-20.254070	-8.170429	0.000000	25401.265625	149.147751	25648.171875
2007	10	0.000000	-28.731350	31.377230	31.377230	-0.000012	-0.000012	2.645879	-22.986254	-6.747981	0.000000	25401.296875	142.917908	25647.259766
2007	10	0.000000	-40.504528	43.737514	43.737514	-0.000016	-0.000016	3.232989	-20.533764	-6.553708	0.000000	25401.347656	135.930725	25646.025391
2007	10	0.000000	-50.887680	53.907566	53.907566	-0.000020	-0.000020	3.019887	-9.263829	-3.973512	0.000000	25401.417969	128.130005	25644.408203
2007	10	0.000000	-49.312962	52.461010	52.461010	-0.000020	-0.000020	3.148051	-4.610152	-2.658957	0.000000	25401.480469	122.445320	25642.580078
2007	10	0.000000	-33.332531	37.186314	37.186314	-0.000014	-0.000014	3.853781	-21.495541	-10.354548	0.000000	25401.568359	121.066605	25641.130859
2007	10	0.000000	-24.774521	28.733795	28.733795	-0.000011	-0.000011	3.959275	-25.551777	-10.249722	0.000000	25401.685547	120.094673	25640.033203
2007	10	0.000000	-19.474155	23.387205	23.387205	-0.000009	-0.000009	3.913049	-23.073265	-10.941902	0.000000	25401.792969	119.350052	25639.171875
2007	10	0.000000	-15.074766	18.178835	18.178835	-0.000007	-0.000007	3.104069	-13.105165	-7.062270	0.000000	25401.892578	118.753685	25638.462891
2007	10	0.000000	-11.177479	13.243870	13.243870	-0.000005	-0.000005	2.066392	-2.708709	-1.250086	0.000000	25401.947266	118.299492	25637.933594
2007	10	0.000000	-8.178534	9.679381	9.679381	-0.000004	-0.000004	1.500848	-6.266427	-2.560402	0.000000	25401.978516	117.943398	25637.527344
2007	10	0.000000	-6.264613	7.063682	7.063682	-0.000003	-0.000003	0.799069	4.633738	-0.447747	0.000000	25401.992188	117.681061	25637.236328
2007	10	0.000000	-5.121640	5.590566	5.590566	-0.000002	-0.000002	0.468927	8.891928	0.630149	0.000000	25401.994141	117.463661	25637.005859
2007	10	0.000000	-5.054983	5.341404	5.341404	-0.000002	-0.000002	0.286421	-0.330945	-0.527867	0.000000	25401.994141	117.264153	25636.800781
2007	10	0.000000	-6.467620	6.666584	6.666584	-0.000002	-0.000002	0.198964	-19.009743	-7.361780	0.000000	25401.994141	117.049629	25636.583984
2007	10	0.000000	-7.335040	7.527196	7.527196	-0.000003	-0.000003	0.192156	-21.571543	-11.650545	0.000000	25401.992188	116.781456	25636.316406
2007	10	0.000000	-6.459821	6.790998	6.790998	-0.000003	-0.000003	0.331176	-18.597540	-9.794788	0.000000	25401.994141	116.526123	25636.060547
2007	10	0.000000	-5.901006	6.374672	6.374672	-0.000002	-0.000002	0.473667	-20.094427	-9.905484	0.000000	25402.003906	116.295555	25635.822266
2007	10	0.000000	-5.294650	5.684047	5.684047	-0.000002	-0.000002	0.389398	-24.361082	-11.969257	0.000000	25402.011719	116.086418	25635.607422
2007	11	0.000000	-5.088640	5.754013	5.754013	-0.000002	-0.000002	0.665372	-26.571409	-14.166929	0.000000	25402.027344	115.884209	25635.392578
2007	11	0.000000	-4.367326	4.668037	4.668037	-0.000002	-0.000002	0.300711	-4.246990	-2.879156	0.000000	25402.039062	115.697990	25635.195312
2007	11	0.000000	-4.390900	4.843024	4.843024	-0.000002	-0.000002	0.452124	-7.971656	-4.070076	0.000000	25402.046875	115.522362	25635.015625
2007	11	0.000000	-3.813686	4.102583	4.102583	-0.000002	-0.000002	0.288898	-5.685232	-3.559324	0.000000	25402.056641	115.357117	25634.841797
2007	11	0.000000	-3.319017	3.482446	3.482446	-0.000001	-0.000001	0.163428	-8.444960	-5.440946	0.000000	25402.056641	115.211807	25634.697266
2007	11	0.000000	-3.164420	3.304093	3.304093	-0.000001	-0.000001	0.139673	-9.435489	-5.829966	0.000000	25402.056641	115.077957	25634.564453
2007	11	0.000000	-3.253309	3.380224	3.380224	-0.000001	-0.000001	0.126915	-7.333157	-3.987088	0.000000	25402.056641	114.943840	25634.431641
2007	11	0.000000	-2.890358	3.010995	3.010995	-0.000001	-0.000001	0.120638	-8.569780	-4.028012	0.000000	25402.056641	114.816238	25634.306641
2007	11	0.000000	-2.413098	2.518760	2.518760	-0.000001	-0.000001	0.105662	4.366255	-1.943062	0.000000	25402.056641	114.700203	25634.193359
2007	11	0.000000	-2.218958	2.282623	2.282623	-0.000001	-0.000001	0.063665	-0.974308	-0.460679	0.000000	25402.056641	114.603798	25634.099609
2007	11	0.000000	-2.834813	2.884752	2.884752	-0.000001	-0.000001	0.049939	-2.914397	-1.644282	0.000000	25402.054688	114.494423	25633.994141
2007	11	0.000000	-2.564011	2.614107	2.614107	-0.000001	-0.000001	0.050096	-0.632324	-0.448785	0.000000	25402.054688	114.380684	25633.886719
2007	11	0.000000	-1.909629	1.959291	1.959291	-0.000001	-0.000001	0.049662	12.263822	0.588049	0.000000	25402.054688	114.281151	25633.791016
2007	11	0.000000	-1.743978	1.775588	1.775588	-0.000001	-0.000001	0.031610	6.219106	-0.666752	0.000000	25402.054688	114.204224	25633.718750
2007	11	0.000000	-1.906235	1.922260	1.922260	-0.000001	-0.000001	0.016025	-0.842058	-2.031315	0.000000	25402.054688	114.120644	25633.640625
2007	11	0.000000	-2.140378	2.152657	2.152657	-0.000001	-0.000001	0.012278	-8.928432	-5.270419	0.000000	25402.054688	114.030968	25633.556641
2007	11	0.000000	-1.979759	1.992603	1.992603	-0.000001	-0.000001	0.012844	-6.817842	-5.334181	0.000000	25402.054688	113.941017	25633.472656
2007	11	0.000000	-1.767357	1.776043	1.776043	-0.000001	-0.000001	0.008686	-6.254977	-4.339434	0.000000	25402.054688	113.859688	25633.396484
2007	11	0.000000	-1.749586	1.755337	1.755337	-0.000001	-0.000001	0.005751	-2.704186	-2.589271	0.000000	25402.054688	113.782112	25633.326172
2007	11	0.000000	-1.725685	1.731350	1.731350	-0.000001	-0.000001	0.005665	0.025413	-1.233451	0.000000	25402.052734	113.704826	25633.253906
2007	11	0.000000	-1.711829	1.717469	1.717469	-0.000001	-0.000001	0.005640	-8.177425	-4.405009	0.000000	25402.052734	113.628029	25633.183594
2007	11	0.000000	-1.886411	1.891247	1.891247	-0.000001	-0.000001	0.004837	-15.840899	-8.502942	0.000000	25402.052734	113.551041	25633.113281
2007	11	0.000000	-2.090125	2.094205	2.094205	-0.000001	-0.000001	0.004080	-14.385633	-7.540699	0.000000	25402.052734	113.466347	25633.035156
2007	11	0.000000	-2.138142	2.142252	2.142252	-0.000001	-0.000001	0.004110	-20.012156	-9.804487	0.000000	25402.052734	113.379372	25632.953125
2007	11	0.000000	-2.171699	2.263569	2.263569	-0.000001	-0.000001	0.091870	-10.436630	-5.864765	0.000000	25402.054688	113.288246	25632.867188
2007	11	0.000000	-1.984569	2.206821	2.206821	-0.000001	-0.000001	0.222252	-9.179420	-4.986877	0.000000	25402.062500	113.202621	25632.781250
2007	11	0.000000	-1.325840	1.362980	1.362980	-0.000001	-0.000001	0.037140	7.615852	-1.327362	0.000000	25402.068359	113.128708	25632.708984
2007	11	0.000000	-1.012260	1.016443	1.016443	-0.000000	-0.000000	0.004182	4.964698	-0.338879	0.000000	25402.068359	113.078102	25632.666016
2007	11	0.000000	-1.116895	1.120824	1.120824	-0.000000	-0.000000	0.003930	-6.291277	-1.381765	0.000000	25402.068359	113.025719	25632.619141
2007	11	0.000000	-1.311039	1.311812	1.311812	-0.000001	-0.000001	0.000773	-20.781757	-6.260506	0.000000	25402.066406	112.970901	25632.570312
2007	12	0.000000	-1.874111	1.889272	1.889272	-0.000001	-0.000001	0.015162	-33.580593	-6.909986	0.000000	25402.068359	112.903633	25632.509766
2007	12	0.000000	-1.572732	1.607308	1.607308	-0.000001	-0.000001	0.034576	-27.217546	-8.410821	0.000000	25402.068359	112.830269	25632.439453
2007	12	0.000000	-1.005148	1.005148	1.005148	-0.000000	-0.000000	0.000000	-7.310620	-1.390108	0.000000	25402.070312	112.776665	25632.392578
2007	12	0.000000	-1.032843	1.032843	1.032843	-0.000000	-0.000000	0.000000	-21.658255	-4.329357	0.000000	25402.070312	112.727776	25632.349609
2007	12	0.000000	-0.969554	0.969554	0.969554	-0.000000	-0.000000	0.000000	-22.973038	-6.313911	0.000000	25402.070312	112.682632	25632.310547
2007	12	0.000000	-0.656268	0.656268	0.656268	-0.000000	-0.000000	0.000000	2.295743	-0.383365	0.000000	25402.070312	112.643387	25632.277344
2007	12	0.000000	-0.919068	0.919068	0.919068	-0.000000	-0.000000	0.000000	-16.154716	-3.183069	0.000000	25402.070312	112.605408	25632.246094
2007	12	0.000000	-1.254992	1.254992	1.254992	-0.000000	-0.000000	0.000000	-16.971014	-5.953182	0.000000	25402.070312	112.555161	25632.201172
2007	12	0.000000	-0.887188	0.887188	0.887188	-0.000000	-0.000000	0.000000	-6.920618	-2.273342	0.000000	25402.070312	112.506378	25632.160156
2007	12	0.000000	-0.685918	0.685918	0.685918	-0.000000	-0.000000	0.000000	-3.006849	-0.945724	0.000000	25402.070312	112.470657	25632.130859
2007	12	0.000000	-0.995495	0.995495	0.995495	-0.000000	-0.000000	0.000000	-15.790121	-4.564984	0.000000	25402.070312	112.431770	25632.097656
2007	12	0.000000	-1.267927	1.267927	1.267927	-0.000000	-0.000000	0.000000	-22.409346	-9.732167	0.000000	25402.070312	112.381485	25632.052734
2007	12	0.000000	-1.077691	1.077691	1.077691	-0.000000	-0.000000	0.000000	-8.780587	-2.932172	0.000000	25402.070312	112.330902	25632.007812
2007	12	0.000000	-0.944135	0.944135	0.944135	-0.000000	-0.000000	0.000000	-8.232677	-2.210634	0.000000	25402.070312	112.287064	25631.970703
2007	12	0.000000	-0.862914	0.862914	0.862914	-0.000000	-0.000000	0.000000	-13.779978	-3.141014	0.000000	25402.070312	112.245842	25631.935547
2007	12	0.000000	-0.682726	0.682726	0.682726	-0.000000	-0.000000	0.000000	0.346880	-0.724458	0.000000	25402.070312	112.210098	25631.906250
2007	12	0.000000	-0.753364	0.753364	0.753364	-0.000000	-0.000000	0.000000	-10.556931	-1.972567	0.000000	25402.070312	112.175194	25631.876953
2007	12	0.000000	-0.481998	0.481998	0.481998	-0.000000	-0.000000	0.000000	13.887144	-0.280494	0.000000	25402.070312	112.143959	25631.851562
2007	12	0.000000	-0.612660	0.612660	0.612660	-0.000000	-0.000000	0.000000	-7.683127	-1.074706	0.000000	25402.070312	112.116264	25631.830078
2007	12	0.000000	-0.692197	0.692197	0.692197	-0.000000	-0.000000	0.000000	-6.100614	-0.935576	0.000000	25402.070312	112.084007	25631.804688
2007	12	0.000000	-0.818729	0.818729	0.818729	-0.000000	-0.000000	0.000000	-12.371526	-3.104666	0.000000	25402.070312	112.048897	25631.775391
2007	12	0.000000	-0.741666	0.741666	0.741666	-0.000000	-0.000000	0.000000	-14.498152	-2.614781	0.000000	25402.070312	112.011734	25631.744141
2007	12	0.000000	-0.767993	0.767993	0.767993	-0.000000	-0.000000	0.000000	-16.092373	-3.753779	0.000000	25402.070312	111.978539	25631.716797
2007	12	0.000000	-0.808663	0.808663	0.808663	-0.000000	-0.000000	0.000000	-12.327460	-3.517303	0.000000	25402.070312	111.942474	25631.687500
2007	12	0.000000	-0.843542	0.843542	0.843542	-0.000000	-0.000000	0.000000	-14.360449	-4.288179	0.000000	25402.070312	111.905937	25631.658203
2007	12	0.000000	-0.669718	0.669718	0.669718	-0.000000	-0.000000	0.000000	-4.476154	-1.705954	0.000000	25402.070312	111.871399	25631.628906
2007	12	0.000000	-0.859959	0.859959	0.859959	-0.000000	-0.000000	0.000000	-10.296859	-3.515721	0.000000	25402.070312	111.836098	25631.599609
2007	12	0.000000	-0.658089	0.658089	0.658089	-0.000000	-0.000000	0.000000	-5.022819	-0.991844	0.000000	25402.070312	111.801704	25631.572266
2007	12	0.000000	-0.865683	0.865683	0.865683	-0.000000	-0.000000	0.000000	-21.583372	-8.289946	0.000000	25402.070312	111.768639	25631.544922
2007	12	0.000000	-0.802642	0.802642	0.802642	-0.000000	-0.000000	0.000000	-25.049417	-8.355992	0.000000	25402.070312	111.731102	25631.513672
2007	12	0.000000	-0.577859	0.577859	0.577859	-0.000000	-0.000000	0.000000	-17.734676	-2.690480	0.000000	25402.070312	111.699577	25631.488281
2008	01	0.000000	-0.407542	0.407542	0.407542	-0.000000	-0.000000	0.000000	4.918029	0.080571	0.000000	25402.070312	111.674568	25631.468750
2008	01	0.000000	-0.490171	0.490171	0.490171	-0.000000	-0.000000	0.000000	-14.339823	-2.467598	0.000000	25402.070312	111.652199	25631.453125
2008	01	0.000000	-0.564784	0.564784	0.564784	-0.000000	-0.000000	0.000000	-14.648442	-4.144065	0.000000	25402.070312	111.625168	25631.431641
2008	01	0.000000	-0.624125	0.624125	0.624125	-0.000000	-0.000000	0.000000	-6.209229	-3.988506	0.000000	25402.070312	111.597076	25631.410156
2008	01	0.000000	-0.579964	0.579964	0.579964	-0.000000	-0.000000	0.000000	-4.375568	-1.594028	0.000000	25402.070312	111.568626	25631.386719
2008	01	0.000000	-0.584184	0.584184	0.584184	-0.000000	-0.000000	0.000000	-5.801692	-1.857849	0.000000	25402.070312	111.541084	25631.365234
2008	01	0.000000	-0.444094	0.444094	0.444094	-0.000000	-0.000000	0.000000	-6.505337	-0.731066	0.000000	25402.070312	111.515633	25631.345703
2008	01	0.000000	-0.480329	0.480329	0.480329	-0.000000	-0.000000	0.000000	-13.104515	-1.902998	0.000000	25402.070312	111.492607	25631.330078
2008	01	0.000000	-0.483930	0.483930	0.483930	-0.000000	-0.000000	0.000000	-16.885895	-2.669333	0.000000	25402.070312	111.467949	25631.310547
2008	01	0.000000	-0.473620	0.473620	0.473620	-0.000000	-0.000000	0.000000	-8.664272	-2.071091	0.000000	25402.070312	111.444542	25631.292969
2008	01	0.000000	-0.551260	0.551260	0.551260	-0.000000	-0.000000	0.000000	-3.086154	-3.670697	0.000000	25402.070312	111.419579	25631.275391
2008	01	0.000000	-0.549356	0.549356	0.549356	-0.000000	-0.000000	0.000000	-5.354094	-3.392598	0.000000	25402.070312	111.393013	25631.253906
2008	01	0.000000	-0.406426	0.406426	0.406426	-0.000000	-0.000000	0.000000	10.651320	-0.428004	0.000000	25402.070312	111.369659	25631.238281
2008	01	0.000000	-0.449930	0.449930	0.449930	-0.000000	-0.000000	0.000000	1.232677	-0.301281	0.000000	25402.070312	111.348167	25631.222656
2008	01	0.000000	-0.377753	0.377753	0.377753	-0.000000	-0.000000	0.000000	11.384368	-0.314796	0.000000	25402.070312	111.325645	25631.205078
2008	01	0.000000	-0.335131	0.335131	0.335131	-0.000000	-0.000000	0.000000	3.591644	-0.408399	0.000000	25402.070312	111.307228	25631.193359
2008	01	0.000000	-0.439134	0.439134	0.439134	-0.000000	-0.000000	0.000000	0.724602	-0.964630	0.000000	25402.070312	111.286987	25631.179688
2008	01	0.000000	-0.496076	0.496076	0.496076	-0.000000	-0.000000	0.000000	-11.860991	-2.538464	0.000000	25402.070312	111.263351	25631.162109
2008	01	0.000000	-0.408918	0.408918	0.408918	-0.000000	-0.000000	0.000000	-6.401965	-1.098603	0.000000	25402.070312	111.240921	25631.144531
2008	01	0.000000	-0.489552	0.489552	0.489552	-0.000000	-0.000000	0.000000	-13.050896	-2.581090	0.000000	25402.070312	111.219345	25631.128906
2008	01	0.000000	-0.793015	0.793015	0.793015	-0.000000	-0.000000	0.000000	-28.796783	-8.927692	0.000000	25402.070312	111.190536	25631.107422
2008	01	0.000000	-0.654683	0.654683	0.654683	-0.000000	-0.000000	0.000000	-25.112942	-6.907387	0.000000	25402.070312	111.158592	25631.082031
2008	01	0.000000	-0.599238	0.599238	0.599238	-0.000000	-0.000000	0.000000	-7.830969	-2.957087	0.000000	25402.070312	111.132454	25631.060547
2008	01	0.000000	-0.700074	0.700074	0.700074	-0.000000	-0.000000	0.000000	-4.506285	-3.435576	0.000000	25402.070312	111.102600	25631.037109
2008	01	0.000000	-0.427252	0.427252	0.427252	-0.000000	-0.000000	0.000000	-2.085552	-3.525929	0.000000	25402.070312	111.076630	25631.017578
2008	01	0.000000	-0.338489	0.338489	0.338489	-0.000000	-0.000000	0.000000	2.798980	-1.012291	0.000000	25402.070312	111.058121	25631.005859
2008	01	0.000000	-0.354599	0.354599	0.354599	-0.000000	-0.000000	0.000000	-4.643910	-0.776199	0.000000	25402.070312	111.038765	25630.992188
2008	01	0.000000	-0.321415	0.321415	0.321415	-0.000000	-0.000000	0.000000	-4.024887	-0.567064	0.000000	25402.070312	111.020767	25630.980469
2008	01	0.000000	-0.405178	0.405178	0.405178	-0.000000	-0.000000	0.000000	-9.127854	-2.441139	0.000000	25402.070312	111.001549	25630.966797
2008	01	0.000000	-0.403541	0.403541	0.403541	-0.000000	-0.000000	0.000000	1.385284	-1.042577	0.000000	25402.070312	110.981461	25630.953125
2008	01	0.000000	-0.343744	0.343744	0.343744	-0.000000	-0.000000	0.000000	10.916574	-0.479689	0.000000	25402.070312	110.961746	25630.939453
2008	02	0.000000	-0.421686	0.421686	0.421686	-0.000000	-0.000000	0.000000	-2.532050	-1.015331	0.000000	25402.070312	110.942001	25630.925781
2008	02	0.000000	-0.458479	0.458479	0.458479	-0.000000	-0.000000	0.000000	-6.587048	-1.381553	0.000000	25402.070312	110.919601	25630.908203
2008	02	0.000000	-0.371101	0.371101	0.371101	-0.000000	-0.000000	0.000000	3.235930	-0.714881	0.000000	25402.070312	110.897575	25630.892578
2008	02	0.000000	-0.408615	0.408615	0.408615	-0.000000	-0.000000	0.000000	-11.229464	-1.624092	0.000000	25402.070312	110.877396	25630.878906
2008	02	0.000000	-0.397442	0.397442	0.397442	-0.000000	-0.000000	0.000000	-9.005247	-1.471035	0.000000	25402.070312	110.856705	25630.865234
2008	02	0.000000	-0.365642	0.365642	0.365642	-0.000000	-0.000000	0.000000	-11.483910	-1.513905	0.000000	25402.070312	110.836296	25630.849609
2008	02	0.000000	-0.291344	0.291344	0.291344	-0.000000	-0.000000	0.000000	4.699280	-0.405599	0.000000	25402.070312	110.818329	25630.837891
2008	02	0.000000	-0.365569	0.365569	0.365569	-0.000000	-0.000000	0.000000	-5.127669	-0.733553	0.000000	25402.070312	110.800056	25630.826172
2008	02	0.000000	-0.308115	0.308115	0.308115	-0.000000	-0.000000	0.000000	4.783119	-0.573277	0.000000	25402.070312	110.780617	25630.812500
2008	02	0.000000	-0.279999	0.279999	0.279999	-0.000000	-0.000000	0.000000	-4.241493	-0.182914	0.000000	25402.070312	110.764343	25630.802734
2008	02	0.000000	-0.393695	0.393695	0.393695	-0.000000	-0.000000	0.000000	-17.050858	-2.572689	0.000000	25402.070312	110.746162	25630.791016
2008	02	0.000000	-0.415802	0.415802	0.415802	-0.000000	-0.000000	0.000000	-21.998487	-3.631850	0.000000	25402.070312	110.724777	25630.775391
2008	02	0.000000	-0.459856	0.459856	0.459856	-0.000000	-0.000000	0.000000	-9.496758	-1.912040	0.000000	25402.070312	110.703217	25630.759766
2008	02	0.000000	-0.468428	0.468428	0.468428	-0.000000	-0.000000	0.000000	-5.434110	-1.679637	0.000000	25402.070312	110.679970	25630.742188
2008	02	0.000000	-0.314605	0.314605	0.314605	-0.000000	-0.000000	0.000000	4.141496	-0.895754	0.000000	25402.070312	110.660164	25630.728516
2008	02	0.000000	-0.441964	0.441964	0.441964	-0.000000	-0.000000	0.000000	-2.202344	-0.583588	0.000000	25402.070312	110.640205	25630.714844
2008	02	0.000000	-0.472733	0.472733	0.472733	-0.000000	-0.000000	0.000000	-4.916146	-1.656776	0.000000	25402.070312	110.617340	25630.697266
2008	02	0.000000	-0.319440	0.319440	0.319440	-0.000000	-0.000000	0.000000	-0.481318	-0.634430	0.000000	25402.070312	110.597221	25630.683594
2008	02	0.000000	-0.271200	0.271200	0.271200	-0.000000	-0.000000	0.000000	8.337440	-0.145097	0.000000	25402.070312	110.580322	25630.673828
2008	02	0.000000	-0.500577	0.500577	0.500577	-0.000000	-0.000000	0.000000	-12.384127	-3.070896	0.000000	25402.070312	110.560837	25630.660156
2008	02	0.000000	-0.598955	0.598955	0.598955	-0.000000	-0.000000	0.000000	-15.111691	-5.065650	0.000000	25402.070312	110.535690	25630.640625
2008	02	0.000000	-0.619178	0.619178	0.619178	-0.000000	-0.000000	0.000000	-15.458522	-5.105213	0.000000	25402.070312	110.506714	25630.617188
2008	02	0.000000	-0.514478	0.514478	0.514478	-0.000000	-0.000000	0.000000	-15.254759	-4.633782	0.000000	25402.070312	110.480789	25630.597656
2008	02	0.000000	-0.329481	0.329481	0.329481	-0.000000	-0.000000	0.000000	0.952130	-1.651510	0.000000	25402.070312	110.459229	25630.582031
2008	02	0.000000	-0.242055	0.242055	0.242055	-0.000000	-0.000000	0.000000	11.980438	-0.210368	0.000000	25402.070312	110.443726	25630.572266
2008	02	0.000000	-0.278594	0.278594	0.278594	-0.000000	-0.000000	0.000000	-2.362572	-0.522633	0.000000	25402.070312	110.428207	25630.562500
2008	02	0.000000	-0.224007	0.224007	0.224007	-0.000000	-0.000000	0.000000	15.446814	-0.210657	0.000000	25402.070312	110.412994	25630.554688
2008	02	0.000000	-0.307440	0.307440	0.307440	-0.000000	-0.000000	0.000000	1.685775	-0.501774	0.000000	25402.070312	110.397995	25630.544922
2008	03	0.000000	-0.362940	0.362940	0.362940	-0.000000	-0.000000	0.000000	-9.258408	-1.401673	0.000000	25402.070312	110.379463	25630.533203
2008	03	0.000000	-0.276983	0.276983	0.276983	-0.000000	-0.000000	0.000000	-0.300558	-0.569075	0.000000	25402.070312	110.362602	25630.521484
2008	03	0.000000	-0.245836	0.245836	0.245836	-0.000000	-0.000000	0.000000	3.837524	-0.441724	0.000000	25402.070312	110.347832	25630.513672
2008	03	0.000000	-0.220509	0.220509	0.220509	-0.000000	-0.000000	0.000000	11.509103	-0.121459	0.000000	25402.070312	110.334206	25630.505859
2008	03	0.000000	-0.255587	0.255587	0.255587	-0.000000	-0.000000	0.000000	2.339936	-0.455269	0.000000	25402.070312	110.320023	25630.498047
2008	03	0.000000	-0.428660	0.428660	0.428660	-0.000000	-0.000000	0.000000	-7.379205	-2.007606	0.000000	25402.070312	110.302956	25630.486328
2008	03	0.000000	-0.465119	0.465119	0.465119	-0.000000	-0.000000	0.000000	-18.021774	-6.129505	0.000000	25402.070312	110.281143	25630.470703
2008	03	0.000000	-0.386781	0.386781	0.386781	-0.000000	-0.000000	0.000000	-19.561460	-4.094578	0.000000	25402.070312	110.261208	25630.457031
2008	03	0.000000	-0.392997	0.392997	0.392997	-0.000000	-0.000000	0.000000	-21.256430	-4.193334	0.000000	25402.070312	110.242737	25630.443359
2008	03	0.000000	-0.431076	0.431076	0.431076	-0.000000	-0.000000	0.000000	-19.756550	-4.993347	0.000000	25402.070312	110.222603	25630.429688
2008	03	0.000000	-0.447914	0.447914	0.447914	-0.000000	-0.000000	0.000000	-18.047825	-5.457865	0.000000	25402.070312	110.202469	25630.416016
2008	03	0.000000	-0.502726	0.502726	0.502726	-0.000000	-0.000000	0.000000	-20.529797	-6.849636	0.000000	25402.070312	110.180305	25630.400391
2008	03	0.000000	-0.415296	0.415296	0.415296	-0.000000	-0.000000	0.000000	-16.258123	-3.567257	0.000000	25402.070312	110.158882	25630.384766
2008	03	0.000000	-0.264285	0.264285	0.264285	-0.000000	-0.000000	0.000000	4.813004	-0.622734	0.000000	25402.070312	110.142059	25630.373047
2008	03	0.000000	-0.346102	0.346102	0.346102	-0.000000	-0.000000	0.000000	-0.823724	-0.812105	0.000000	25402.070312	110.126381	25630.363281
2008	03	0.000000	-0.382341	0.382341	0.382341	-0.000000	-0.000000	0.000000	-20.377424	-3.642853	0.000000	25402.070312	110.107941	25630.351562
2008	03	0.000000	-0.394166	0.394166	0.394166	-0.000000	-0.000000	0.000000	-22.537420	-4.830680	0.000000	25402.070312	110.088966	25630.337891
2008	03	0.000000	-0.423137	0.423137	0.423137	-0.000000	-0.000000	0.000000	-25.504478	-6.825937	0.000000	25402.070312	110.069702	25630.326172
2008	03	0.000000	-0.382115	0.382115	0.382115	-0.000000	-0.000000	0.000000	-19.812010	-3.794909	0.000000	25402.070312	110.050240	25630.312500
2008	03	0.000000	-0.386866	0.386866	0.386866	-0.000000	-0.000000	0.000000	-24.614883	-4.639146	0.000000	25402.070312	110.031761	25630.298828
2008	03	0.000000	-0.408477	0.408477	0.408477	-0.000000	-0.000000	0.000000	-27.085608	-5.867825	0.000000	25402.070312	110.012566	25630.287109
2008	03	0.000000	-0.353065	0.353065	0.353065	-0.000000	-0.000000	0.000000	-13.864257	-2.187061	0.000000	25402.070312	109.993912	25630.273438
2008	03	0.000000	-0.338746	0.338746	0.338746	-0.000000	-0.000000	0.000000	-12.351408	-1.963987	0.000000	25402.070312	109.976898	25630.263672
2008	03	0.000000	-0.405404	0.405404	0.405404	-0.000000	-0.000000	0.000000	-26.520077	-5.290979	0.000000	25402.070312	109.958481	25630.250000
2008	03	0.000000	-0.434707	0.434707	0.434707	-0.000000	-0.000000	0.000000	-29.350071	-7.869504	0.000000	25402.070312	109.938629	25630.236328
2008	03	0.000000	-0.420895	0.420895	0.420895	-0.000000	-0.000000	0.000000	-19.755592	-5.694361	0.000000	25402.070312	109.918472	25630.222656
2008	03	0.000000	-0.364600	0.364600	0.364600	-0.000000	-0.000000	0.000000	-13.507718	-2.848223	0.000000	25402.070312	109.899620	25630.208984
2008	03	0.000000	-0.288681	0.288681	0.288681	-0.000000	-0.000000	0.000000	3.312299	-0.881750	0.000000	25402.070312	109.883156	25630.199219
2008	03	0.000000	-0.306695	0.306695	0.306695	-0.000000	-0.000000	0.000000	6.252413	-0.448703	0.000000	25402.070312	109.867561	25630.189453
2008	03	0.000000	-0.329122	0.329122	0.329122	-0.000000	-0.000000	0.000000	4.013012	-0.354592	0.000000	25402.070312	109.851151	25630.179688
2008	03	0.000000	-0.259533	0.259533	0.259533	-0.000000	-0.000000	0.000000	10.684993	-0.187729	0.000000	25402.070312	109.835335	25630.169922
2008	04	0.000000	-0.332734	0.332734	0.332734	-0.000000	-0.000000	0.000000	0.431009	-0.891437	0.000000	25402.070312	109.819916	25630.160156
2008	04	0.000000	-0.497766	0.497766	0.497766	-0.000000	-0.000000	0.000000	-0.269050	-1.561912	0.000000	25402.070312	109.800552	25630.146484
2008	04	0.000000	-0.647069	0.647069	0.647069	-0.000000	-0.000000	0.000000	-7.233428	-2.736427	0.000000	25402.070312	109.773865	25630.126953
2008	04	0.000000	-0.492219	0.492219	0.492219	-0.000000	-0.000000	0.000000	-6.820658	-2.276400	0.000000	25402.070312	109.748276	25630.107422
2008	04	0.000000	-0.584518	0.584518	0.584518	-0.000000	-0.000000	0.000000	-8.319993	-3.240419	0.000000	25402.070312	109.724876	25630.089844
2008	04	0.000000	-0.618835	0.618835	0.618835	-0.000000	-0.000000	0.000000	-5.447874	-1.740844	0.000000	25402.070312	109.698349	25630.068359
2008	04	0.000000	-0.527310	0.527310	0.527310	-0.000000	-0.000000	0.000000	-1.981023	-0.803414	0.000000	25402.070312	109.672905	25630.048828
2008	04	0.000000	-0.465286	0.465286	0.465286	-0.000000	-0.000000	0.000000	2.196273	0.068964	0.000000	25402.070312	109.650711	25630.033203
2008	04	0.000000	-0.491134	0.491134	0.491134	-0.000000	-0.000000	0.000000	3.395496	0.387681	0.000000	25402.070312	109.628716	25630.017578
2008	04	0.000000	-0.478387	0.478387	0.478387	-0.000000	-0.000000	0.000000	-0.321353	-0.727240	0.000000	25402.070312	109.606178	25630.000000
2008	04	0.000000	-0.378434	0.378434	0.378434	-0.000000	-0.000000	0.000000	4.571088	-0.009843	0.000000	25402.070312	109.585434	25629.986328
2008	04	0.000000	-0.376224	0.376224	0.376224	-0.000000	-0.000000	0.000000	13.399080	1.515737	0.000000	25402.070312	109.568108	25629.974609
2008	04	0.000000	-0.429377	0.429377	0.429377	-0.000000	-0.000000	0.000000	1.318146	-0.184761	0.000000	25402.070312	109.547470	25629.958984
2008	04	0.000000	-0.371220	0.371220	0.371220	-0.000000	-0.000000	0.000000	14.433932	1.760083	0.000000	25402.070312	109.529091	25629.947266
2008	04	0.000000	-0.459960	0.459960	0.459960	-0.000000	-0.000000	0.000000	-0.835174	-1.159418	0.000000	25402.070312	109.508217	25629.931641
2008	04	0.000000	-0.457354	0.457354	0.457354	-0.000000	-0.000000	0.000000	1.370029	0.260246	0.000000	25402.070312	109.486931	25629.917969
2008	04	0.000000	-0.411124	0.411124	0.411124	-0.000000	-0.000000	0.000000	0.753933	-0.260685	0.000000	25402.070312	109.466187	25629.902344
2008	04	0.000000	-0.419719	0.419719	0.419719	-0.000000	-0.000000	0.000000	3.492542	0.047530	0.000000	25402.070312	109.446350	25629.888672
2008	04	0.000000	-0.513837	0.513837	0.513837	-0.000000	-0.000000	0.000000	-0.114938	1.403754	0.000000	25402.070312	109.425362	25629.873047
2008	04	0.000000	-0.593240	0.593240	0.593240	-0.000000	-0.000000	0.000000	-11.289246	-1.907180	0.000000	25402.070312	109.400085	25629.853516
2008	04	0.000000	-0.519093	0.519093	0.519093	-0.000000	-0.000000	0.000000	-1.095982	0.243588	0.000000	25402.070312	109.375641	25629.835938
2008	04	0.000000	-0.590755	0.590755	0.590755	-0.000000	-0.000000	0.000000	-4.220191	-1.373178	0.000000	25402.070312	109.350822	25629.816406
2008	04	0.000000	-0.592678	0.592678	0.592678	-0.000000	-0.000000	0.000000	-2.090128	-0.159562	0.000000	25402.070312	109.325104	25629.796875
2008	04	0.000000	-0.596533	0.596533	0.596533	-0.000000	-0.000000	0.000000	-6.684883	-1.447613	0.000000	25402.070312	109.299049	25629.777344
2008	04	0.000000	-0.568577	0.568577	0.568577	-0.000000	-0.000000	0.000000	-0.779888	1.835341	0.000000	25402.070312	109.273758	25629.757812
2008	04	0.000000	-0.505743	0.505743	0.505743	-0.000000	-0.000000	0.000000	-1.822797	1.057487	0.000000	25402.070312	109.249901	25629.740234
2008	04	0.000000	-0.517373	0.517373	0.517373	-0.000000	-0.000000	0.000000	1.446509	2.224940	0.000000	25402.070312	109.226654	25629.722656
2008	04	0.000000	-0.440686	0.440686	0.440686	-0.000000	-0.000000	0.000000	3.687490	2.279313	0.000000	25402.070312	109.204781	25629.707031
2008	04	0.000000	-0.485882	0.485882	0.485882	-0.000000	-0.000000	0.000000	4.501649	2.039409	0.000000	25402.070312	109.183327	25629.691406
2008	04	0.000000	-0.467412	0.467412	0.467412	-0.000000	-0.000000	0.000000	4.774014	2.206333	0.000000	25402.070312	109.161461	25629.675781
2008	05	0.000000	-0.468435	0.468435	0.468435	-0.000000	-0.000000	0.000000	3.764364	3.221590	0.000000	25402.070312	109.140213	25629.660156
2008	05	0.000000	-0.548484	0.548484	0.548484	-0.000000	-0.000000	0.000000	-1.613859	0.765432	0.000000	25402.070312	109.117233	25629.642578
2008	05	0.000000	-0.477234	0.477234	0.477234	-0.000000	-0.000000	0.000000	-8.444403	-1.473089	0.000000	25402.070312	109.095016	25629.626953
2008	05	0.000000	-0.541786	0.541786	0.541786	-0.000000	-0.000000	0.000000	-6.362966	-0.687460	0.000000	25402.070312	109.072731	25629.611328
2008	05	0.000000	-0.625841	0.625841	0.625841	-0.000000	-0.000000	0.000000	-3.605465	2.776725	0.000000	25402.070312	109.047523	25629.591797
2008	05	0.000000	-0.600428	0.600428	0.600428	-0.000000	-0.000000	0.000000	-4.215371	2.216698	0.000000	25402.070312	109.021759	25629.572266
2008	05	0.000000	-0.576976	0.576976	0.576976	-0.000000	-0.000000	0.000000	-5.318671	-0.296662	0.000000	25402.070312	108.996727	25629.552734
2008	05	0.000000	-0.582263	0.582263	0.582263	-0.000000	-0.000000	0.000000	-2.939103	1.552158	0.000000	25402.070312	108.972000	25629.533203
2008	05	0.000000	-0.563954	0.563954	0.563954	-0.000000	-0.000000	0.000000	-4.391694	0.637951	0.000000	25402.070312	108.947571	25629.515625
2008	05	0.000000	-0.561570	0.561570	0.561570	-0.000000	-0.000000	0.000000	-2.445917	2.142933	0.000000	25402.070312	108.923256	25629.498047
2008	05	0.000000	-0.495860	0.495860	0.495860	-0.000000	-0.000000	0.000000	-0.521779	2.750848	0.000000	25402.070312	108.900269	25629.480469
2008	05	0.000000	-0.494761	0.494761	0.494761	-0.000000	-0.000000	0.000000	0.761973	3.886356	0.000000	25402.070312	108.878372	25629.464844
2008	05	0.000000	-0.546240	0.546240	0.546240	-0.000000	-0.000000	0.000000	-0.634362	5.367689	0.000000	25402.070312	108.855583	25629.447266
2008	05	0.000000	-0.595833	0.595833	0.595833	-0.000000	-0.000000	0.000000	-1.941576	4.783629	0.000000	25402.070312	108.831154	25629.429688
2008	05	0.000000	-0.612196	0.612196	0.612196	-0.000000	-0.000000	0.000000	1.693237	3.946584	0.000000	25402.070312	108.805527	25629.410156
2008	05	0.000000	-0.558037	0.558037	0.558037	-0.000000	-0.000000	0.000000	3.770999	4.652568	0.000000	25402.070312	108.780647	25629.390625
2008	05	0.000000	-0.572266	0.572266	0.572266	-0.000000	-0.000000	0.000000	1.802705	5.108570	0.000000	25402.070312	108.756599	25629.373047
2008	05	0.000000	-0.607159	0.607159	0.607159	-0.000000	-0.000000	0.000000	3.229471	10.478665	0.000000	25402.070312	108.731323	25629.353516
2008	05	0.000000	-0.548451	0.548451	0.548451	-0.000000	-0.000000	0.000000	2.376699	9.808000	0.000000	25402.070312	108.706886	25629.333984
2008	05	0.000000	-0.536793	0.536793	0.536793	-0.000000	-0.000000	0.000000	-0.888435	9.144714	0.000000	25402.070312	108.683495	25629.316406
2008	05	0.000000	-0.553999	0.554516	0.554516	-0.000000	-0.000000	0.000517	0.803463	5.954998	0.000000	25402.070312	108.660027	25629.298828
2008	05	0.000000	-0.572149	0.577587	0.577587	-0.000000	-0.000000	0.005439	-1.471598	6.696362	0.000000	25402.070312	108.635788	25629.281250
2008	05	0.000000	-0.577037	1.183924	1.183924	-0.000000	-0.000000	0.606887	-3.538459	8.381989	0.000000	25402.083984	108.611206	25629.251953
2008	05	0.000000	-0.570564	3.621821	3.621821	-0.000001	-0.000001	3.051257	-3.227391	9.879871	0.000000	25402.181641	108.586746	25629.158203
2008	05	0.000000	-0.619407	7.281489	7.281489	-0.000003	-0.000003	6.662082	-15.435556	14.966611	0.000000	25402.376953	108.561462	25628.986328
2008	05	0.000000	-0.632018	3.031312	3.031312	-0.000001	-0.000001	2.399294	-13.331264	4.403964	0.000000	25402.558594	108.535347	25628.818359
2008	05	0.000000	-0.653813	2.082886	2.082886	-0.000001	-0.000001	1.429073	-21.581512	0.678156	0.000000	25402.619141	108.508568	25628.748047
2008	05	0.000000	-0.643166	2.972219	2.972219	-0.000001	-0.000001	2.329053	-24.331484	10.923470	0.000000	25402.703125	108.481461	25628.656250
2008	05	0.000000	-0.631731	2.300461	2.300461	-0.000001	-0.000001	1.668730	-5.339884	2.573261	0.000000	25402.740234	108.455254	25628.589844
2008	05	0.000000	-0.640099	9.857903	9.857903	-0.000004	-0.000004	9.217803	10.292394	22.895748	0.000000	25402.923828	108.428566	25628.402344
2008	05	0.000000	-0.608094	28.585426	28.585426	-0.000011	-0.000011	27.977333	57.552238	54.142685	0.000000	25403.646484	108.402649	25627.759766
2008	06	0.000000	-0.605631	27.223438	27.223438	-0.000011	-0.000011	26.617807	80.434685	24.085222	0.000000	25404.675781	108.376747	25626.798828
2008	06	0.000000	-0.570263	22.130398	22.130398	-0.000009	-0.000009	21.560137	87.493690	22.279610	0.000000	25405.396484	108.350952	25626.003906
2008	06	0.000000	-0.511048	16.717182	16.717182	-0.000006	-0.000006	16.206133	55.638344	75.936516	0.000000	25405.933594	108.327080	25625.341797
2008	06	0.000000	-0.489288	12.501326	12.501326	-0.000005	-0.000005	12.012038	27.610420	30.102722	0.000000	25406.222656	108.304855	25624.882812
2008	06	0.000000	-0.565909	12.545571	12.545571	-0.000005	-0.000005	11.979662	-0.683897	5.608718	0.000000	25406.447266	108.281235	25624.468750
2008	06	0.000000	-0.654889	15.121963	15.121963	-0.000006	-0.000006	14.467074	58.628468	17.812277	0.000000	25406.669922	108.254845	25624.009766
2008	06	0.000000	-0.634439	15.522091	15.522091	-0.000006	-0.000006	14.887651	66.136490	27.749111	0.000000	25406.916016	108.227135	25623.492188
2008	06	0.000000	-0.598359	15.664614	15.664614	-0.000006	-0.000006	15.066254	94.263687	23.563288	0.000000	25407.150391	108.200905	25622.978516
2008	06	0.000000	-0.621809	16.013155	16.013155	-0.000006	-0.000006	15.391347	64.757584	30.294056	0.000000	25407.384766	108.174568	25622.445312
2008	06	0.000000	-0.632516	16.437008	16.437008	-0.000006	-0.000006	15.804491	75.680710	25.862453	0.000000	25407.607422	108.147491	25621.904297
2008	06	0.000000	-0.611866	17.163862	17.163862	-0.000007	-0.000007	16.551996	99.056976	25.517042	0.000000	25407.832031	108.121323	25621.351562
2008	06	0.000000	-0.685226	18.637888	18.637888	-0.000007	-0.000007	17.952662	97.236801	35.486439	0.000000	25408.074219	108.093475	25620.746094
2008	06	0.000000	-0.679423	18.631855	18.631855	-0.000007	-0.000007	17.952433	99.789536	39.515450	0.000000	25408.316406	108.064674	25620.125000
2008	06	0.000000	-0.674272	19.095078	19.095078	-0.000007	-0.000007	18.420807	105.741699	40.249710	0.000000	25408.546875	108.036423	25619.500000
2008	06	0.000000	-0.714880	20.168404	20.168404	-0.000008	-0.000008	19.453524	81.625511	34.821644	0.000000	25408.771484	108.006821	25618.830078
2008	06	1.670037	0.679851	17.980680	16.310644	-0.000006	-0.000006	16.990494	31.624388	19.205091	4634.743652	25408.962891	107.990402	25618.222656
2008	06	6.140304	4.230952	18.630081	12.489778	-0.000005	-0.000005	16.720730	62.659012	22.602133	17040.779297	25409.130859	108.069725	25617.744141
2008	06	11.351027	8.280303	20.428690	9.077662	-0.000004	-0.000004	17.357965	88.953964	35.083355	31501.757812	25409.285156	108.266129	25617.384766
2008	06	13.386591	9.918181	19.515726	6.129137	-0.000002	-0.000002	16.047318	88.106766	36.128792	37150.917969	25409.427734	108.570068	25617.134766
2008	06	19.959661	15.068060	21.194799	1.235136	-0.000000	-0.000000	16.303196	105.785728	34.859333	55392.726562	25409.548828	108.974525	25617.011719
2008	06	31.444637	24.073273	24.261049	-7.183589	0.000003	0.000003	16.889683	94.255325	59.291241	87266.226562	25409.654297	109.618187	25617.099609
2008	06	35.543316	27.350206	23.763981	-11.779334	0.000005	0.000005	15.570873	94.718658	53.355389	98641.007812	25409.726562	110.480766	25617.429688
2008	06	41.278130	31.791372	24.459320	-16.818811	0.000006	0.000006	14.972562	70.424576	55.563747	114556.460938	25409.777344	111.449272	25617.896484
2008	06	39.986259	30.760979	23.616381	-16.369879	0.000006	0.000006	14.391099	84.284683	48.221218	110971.218750	25409.810547	112.516838	25618.478516
2008	06	41.765366	32.180660	23.080023	-18.685341	0.000007	0.000007	13.495317	92.776848	42.310001	115908.656250	25409.835938	113.523438	25619.031250
2008	06	46.791214	36.156456	23.711012	-23.080202	0.000009	0.000009	13.076257	97.979134	42.217960	129856.554688	25409.845703	114.670113	25619.740234
2008	06	46.682865	35.965130	23.411060	-23.271807	0.000009	0.000009	12.693323	73.481163	27.904488	129555.867188	25409.847656	115.887260	25620.535156
2008	06	54.424030	42.093784	24.886549	-29.537485	0.000011	0.000011	12.556300	80.268227	37.430500	151039.421875	25409.839844	117.132248	25621.371094
2008	06	63.057579	48.838047	27.213343	-35.844238	0.000014	0.000014	12.993810	100.896545	46.342564	174999.515625	25409.820312	118.707626	25622.521484
2008	06	65.628845	50.767773	27.904215	-37.724632	0.000015	0.000015	13.043140	96.248123	39.194572	182135.390625	25409.789062	120.331375	25623.720703
2008	07	67.551888	51.860619	29.867022	-37.684872	0.000014	0.000014	14.175743	92.521896	40.711227	181424.812500	25409.759766	122.005600	25624.949219
2008	07	64.471527	49.783386	27.697220	-36.774307	0.000014	0.000014	13.009076	83.619011	30.427874	173151.843750	25409.722656	123.683640	25626.197266
2008	07	73.398132	56.888329	29.231766	-44.166367	0.000016	0.000016	12.721958	83.877632	42.431831	197126.125000	25409.677734	125.361870	25627.470703
2008	07	77.194221	59.451809	30.584337	-46.609890	0.000017	0.000017	12.841923	93.324181	49.678238	207321.296875	25409.623047	127.294495	25628.998047
2008	07	80.476196	62.340416	30.567719	-49.908478	0.000019	0.000019	12.431933	123.868874	33.109818	216135.750000	25409.564453	129.166809	25630.468750
2008	07	95.458092	74.468300	33.457180	-62.000912	0.000023	0.000023	12.467389	121.518265	33.883644	256372.750000	25409.496094	131.400696	25632.308594
2008	07	86.304276	66.943703	31.417925	-54.886353	0.000020	0.000020	12.057356	131.332092	29.533724	231788.281250	25409.423828	133.703552	25634.222656
2008	07	79.808517	60.406292	31.994726	-47.813793	0.000018	0.000018	12.592497	104.263466	28.168230	214342.546875	25409.353516	135.824509	25635.960938
2008	07	78.547089	57.831200	34.337982	-44.209106	0.000017	0.000017	13.622092	92.551109	33.374001	210954.718750	25409.287109	137.598709	25637.308594
2008	07	79.970856	59.315826	33.457859	-46.512989	0.000017	0.000017	12.802834	107.468414	27.909042	214778.515625	25409.208984	139.603485	25638.902344
2008	07	63.000668	43.650249	32.941910	-30.058756	0.000011	0.000011	13.591493	102.246658	26.349257	169201.531250	25409.148438	141.095474	25639.970703
2008	07	83.422562	61.707539	34.047379	-49.375183	0.000018	0.000018	12.332359	113.799873	27.481262	224048.812500	25409.076172	142.748489	25641.207031
2008	07	79.721756	59.487572	31.188898	-48.532856	0.000018	0.000018	10.954717	97.903481	20.026510	214109.531250	25408.990234	144.784714	25642.882812
2008	07	77.651764	57.562218	30.566092	-47.085670	0.000018	0.000018	10.476546	110.916008	19.977541	208550.140625	25408.906250	146.671585	25644.435547
2008	07	77.598816	57.101059	31.263603	-46.335213	0.000017	0.000017	10.765847	99.239464	25.024117	208407.921875	25408.828125	148.448212	25645.878906
2008	07	96.212471	70.934525	36.537395	-59.675072	0.000022	0.000022	11.259455	69.223587	28.612738	258398.812500	25408.742188	150.561096	25647.642578
2008	07	88.899818	63.184940	37.190861	-51.708958	0.000019	0.000019	11.475981	62.723660	24.649645	238759.140625	25408.652344	152.690750	25649.416016
2008	07	78.761803	54.909897	34.990070	-43.771725	0.000016	0.000016	11.138168	89.853127	23.289089	211531.359375	25408.560547	154.675140	25651.037109
2008	07	58.429012	39.563427	28.849442	-29.579571	0.000011	0.000011	9.983854	128.327164	15.595953	156923.406250	25408.476562	156.142761	25652.179688
2008	07	59.528805	38.758675	31.173367	-28.355438	0.000011	0.000011	10.403239	120.641945	17.534231	159877.109375	25408.396484	157.394470	25653.111328
2008	07	70.678040	48.003777	33.044880	-37.633156	0.000014	0.000014	10.370621	116.452042	18.291641	189820.718750	25408.310547	158.743408	25654.130859
2008	07	64.575455	42.320118	32.535065	-32.040394	0.000012	0.000012	10.279726	90.448235	16.034567	173430.953125	25408.224609	160.216461	25655.279297
2008	07	62.730343	41.536739	31.022518	-31.707829	0.000012	0.000012	9.828910	121.099380	16.604233	168475.531250	25408.140625	161.565277	25656.314453
2008	07	50.795460	31.301903	29.301687	-21.493776	0.000008	0.000008	9.808128	109.942085	23.248846	136421.890625	25408.060547	162.750992	25657.191406
2008	07	62.038986	39.981766	31.784636	-30.254351	0.000011	0.000011	9.727416	108.540092	20.243465	166618.734375	25407.980469	163.848541	25657.984375
2008	07	68.168671	42.848217	35.304173	-32.864494	0.000012	0.000012	9.983723	75.869217	23.941504	183081.281250	25407.892578	165.193710	25659.019531
2008	07	64.472076	38.074196	36.595715	-27.876364	0.000010	0.000010	10.197832	51.739319	18.715645	173153.312500	25407.802734	166.474442	25659.984375
2008	07	68.081459	41.247276	37.059540	-31.021921	0.000012	0.000012	10.225352	102.874802	23.210514	182847.078125	25407.710938	167.802597	25660.992188
2008	07	59.783077	32.805172	37.327755	-22.455326	0.000008	0.000008	10.349847	94.867500	22.039276	160560.015625	25407.617188	169.039520	25661.908203
2008	07	55.705681	28.073837	38.927864	-16.777819	0.000006	0.000006	11.296016	75.566650	42.578339	149609.328125	25407.525391	169.992142	25662.519531
2008	07	21.795010	4.730501	27.563990	5.768978	-0.000002	-0.000002	10.499479	37.044910	82.410858	58535.078125	25407.445312	170.626053	25662.810547
2008	08	1.749887	-10.800480	22.822420	21.072535	-0.000008	-0.000008	10.272055	8.570538	34.685616	4699.688965	25407.404297	170.408524	25662.265625
2008	08	34.423851	14.768993	30.554317	-3.869533	0.000001	0.000001	10.899460	-7.133782	21.830153	92452.484375	25407.357422	170.344833	25661.871094
2008	08	48.777920	25.871952	33.838230	-14.939690	0.000006	0.000006	10.932264	35.369656	25.868822	131003.351562	25407.267578	171.131821	25662.314453
2008	08	41.580261	19.521418	33.114285	-8.465978	0.000003	0.000003	11.055441	23.886059	17.937109	111672.523438	25407.175781	171.839142	25662.677734
2008	08	42.679150	20.276573	33.395672	-9.283479	0.000003	0.000003	10.993095	11.142033	14.405667	114623.828125	25407.082031	172.550400	25663.041016
2008	08	46.811459	24.055578	33.625130	-13.186327	0.000005	0.000005	10.869251	43.689888	28.409891	125722.007812	25406.986328	173.221741	25663.371094
2008	08	44.199009	22.322145	32.596226	-11.602784	0.000004	0.000004	10.719362	45.158409	23.666224	118705.726562	25406.886719	174.006989	25663.816406
2008	08	43.913151	21.174885	33.634308	-10.278840	0.000004	0.000004	10.896045	42.064510	23.741573	117937.992188	25406.791016	174.688400	25664.160156
2008	08	45.277191	22.204947	33.928894	-11.348298	0.000004	0.000004	10.856648	42.172779	29.165804	121601.414062	25406.691406	175.396469	25664.525391
2008	08	42.217716	19.573223	33.428482	-8.789236	0.000003	0.000003	10.783988	33.002365	29.084953	113384.546875	25406.589844	176.077972	25664.867188
2008	08	40.618473	18.888035	32.392281	-8.226195	0.000003	0.000003	10.661840	41.555054	23.745522	109089.445312	25406.490234	176.680847	25665.134766
2008	08	39.932610	17.785509	32.967445	-6.965161	0.000003	0.000003	10.820349	31.985050	19.261314	107247.414062	25406.390625	177.275299	25665.392578
2008	08	39.489418	17.736317	32.540020	-6.949398	0.000003	0.000003	10.786921	42.229393	26.496019	106057.132812	25406.287109	177.897049	25665.673828
2008	08	33.772610	13.376283	30.974781	-2.797831	0.000001	0.000001	10.578451	36.172344	28.684202	90703.445312	25406.187500	178.389511	25665.832031
2008	08	32.923717	12.835539	30.549435	-2.374284	0.000001	0.000001	10.461254	37.783539	31.202259	88423.570312	25406.089844	178.796555	25665.912109
2008	08	32.922142	13.466357	29.757219	-3.164923	0.000001	0.000001	10.301434	43.601738	26.165667	88419.335938	25405.992188	179.229950	25666.019531
2008	08	35.140026	14.859632	30.678343	-4.461684	0.000002	0.000002	10.397948	37.299965	27.554770	94375.921875	25405.892578	179.713501	25666.177734
2008	08	30.141878	11.575472	28.791800	-1.350080	0.000001	0.000001	10.225392	39.477341	22.731863	80952.351562	25405.794922	180.149506	25666.291016
2008	08	25.203573	8.151486	27.017563	1.813990	-0.000001	-0.000001	9.965476	40.528763	22.512182	67689.492188	25405.705078	180.464401	25666.291016
2008	08	24.798235	8.391377	26.123993	1.325757	-0.000000	-0.000000	9.717134	43.957966	20.632761	66600.875000	25405.617188	180.727188	25666.246094
2008	08	26.179693	9.375705	26.587482	0.407789	-0.000000	-0.000000	9.783493	39.952492	21.802662	70311.070312	25405.529297	181.022766	25666.238281
2008	08	26.506733	9.771980	26.447058	-0.059673	0.000000	0.000000	9.712307	35.165382	19.316944	71189.398438	25405.439453	181.328796	25666.238281
2008	08	27.443987	10.236674	27.102386	-0.341602	0.000000	0.000000	9.895073	35.385757	18.014807	73706.593750	25405.347656	181.653000	25666.257812
2008	08	27.360567	10.305343	26.975245	-0.385322	0.000000	0.000000	9.920021	33.393990	17.023098	73482.546875	25405.253906	181.997864	25666.292969
2008	08	26.084351	9.614470	26.320953	0.236604	-0.000000	-0.000000	9.851074	34.289185	16.317490	70055.007812	25405.160156	182.328934	25666.314453
2008	08	24.489550	8.236955	26.205910	1.716360	-0.000001	-0.000001	9.953315	34.717323	16.862509	65771.828125	25405.066406	182.620636	25666.296875
2008	08	21.206005	6.360159	24.370066	3.164061	-0.000001	-0.000001	9.524220	31.355951	14.736928	56953.183594	25404.976562	182.861176	25666.232422
2008	08	20.640747	5.926548	24.124092	3.483343	-0.000001	-0.000001	9.409891	26.693970	17.345863	55435.070312	25404.890625	183.065796	25666.142578
2008	08	20.686264	5.037961	25.474991	4.788727	-0.000002	-0.000002	9.826688	2.767756	16.558357	55557.312500	25404.800781	183.269424	25666.046875
2008	08	15.106975	1.927478	22.787638	7.680661	-0.000003	-0.000003	9.608139	13.424771	6.560942	40572.957031	25404.716797	183.370483	25665.843750
2008	08	18.602043	4.605172	23.656418	5.054376	-0.000002	-0.000002	9.659548	22.515982	13.882401	49959.695312	25404.632812	183.477951	25665.650391
2008	09	19.273335	5.522205	23.031507	3.758173	-0.000001	-0.000001	9.280377	17.938459	18.678768	53488.007812	25404.542969	183.665512	25665.537109
2008	09	16.636475	3.836555	21.763245	5.126769	-0.000002	-0.000002	8.963324	11.612437	14.122993	46170.109375	25404.457031	183.830704	25665.408203
2008	09	18.433777	4.709116	22.930798	4.497022	-0.000002	-0.000002	9.206137	-2.257152	21.634642	51158.039062	25404.371094	183.956879	25665.242188
2008	09	19.864048	5.617788	23.551731	3.687681	-0.000001	-0.000001	9.305469	4.410749	19.889046	55127.378906	25404.279297	184.137650	25665.125000
2008	09	18.018827	4.701392	22.479439	4.460612	-0.000002	-0.000002	9.162004	3.279943	15.941974	50006.460938	25404.185547	184.339432	25665.027344
2008	09	18.828199	5.033688	23.071880	4.243681	-0.000002	-0.000002	9.277369	-2.262172	13.298212	52252.660156	25404.095703	184.491730	25664.884766
2008	09	19.548206	5.374180	23.585697	4.037490	-0.000002	-0.000002	9.411671	-3.289536	15.651921	54250.843750	25403.998047	184.683487	25664.773438
2008	09	16.412767	3.711629	21.869139	5.456372	-0.000002	-0.000002	9.168001	0.212741	13.616305	45549.265625	25403.902344	184.848404	25664.638672
2008	09	13.656474	2.141149	20.491531	6.835057	-0.000003	-0.000003	8.976206	5.133971	12.351737	37899.910156	25403.814453	184.958771	25664.457031
2008	09	11.768619	1.000395	19.544498	7.775878	-0.000003	-0.000003	8.776273	3.381672	10.544367	32660.669922	25403.730469	185.013687	25664.226562
2008	09	11.104421	0.505487	19.432251	8.327831	-0.000003	-0.000003	8.833318	-1.761952	12.668162	30817.367188	25403.648438	185.043823	25663.974609
2008	09	9.441612	-0.301406	18.392139	8.950527	-0.000003	-0.000003	8.649120	1.271601	8.042057	26202.681641	25403.570312	185.057617	25663.707031
2008	09	8.696950	-0.534708	17.700939	9.003990	-0.000003	-0.000003	8.469281	6.775940	4.342525	24136.068359	25403.492188	185.044281	25663.417969
2008	09	8.836797	0.000645	17.009628	8.172831	-0.000003	-0.000003	8.173476	9.681905	5.730025	24524.175781	25403.414062	185.050858	25663.156250
2008	09	7.578367	-0.803137	16.267523	8.689157	-0.000003	-0.000003	7.886019	1.166216	7.541775	21031.740234	25403.337891	185.034485	25662.882812
2008	09	7.459297	-0.863739	16.063011	8.603714	-0.000003	-0.000003	7.739975	-10.510953	9.336719	20701.292969	25403.263672	185.003235	25662.603516
2008	09	7.893779	-0.590269	16.331469	8.437688	-0.000003	-0.000003	7.847419	-8.999860	5.507533	21907.082031	25403.189453	184.979675	25662.330078
2008	09	7.376353	-0.807167	16.053303	8.676950	-0.000003	-0.000003	7.869782	-2.537883	4.214802	20471.105469	25403.113281	184.968826	25662.064453
2008	09	6.283807	-1.445780	15.403077	9.119269	-0.000004	-0.000004	7.673490	-3.668192	0.964839	17439.033203	25403.037109	184.929001	25661.777344
2008	09	7.009333	-1.220568	16.312384	9.303052	-0.000004	-0.000004	8.082484	-5.065629	1.843183	19452.537109	25402.960938	184.885468	25661.482422
2008	09	7.039843	-1.167270	16.421217	9.381375	-0.000004	-0.000004	8.214106	-2.293385	2.008470	19537.208984	25402.880859	184.843369	25661.177734
2008	09	6.939562	-1.164950	16.354929	9.415367	-0.000004	-0.000004	8.250418	-1.206493	2.709151	19258.908203	25402.800781	184.818130	25660.888672
2008	09	5.427762	-1.981468	15.346345	9.918583	-0.000004	-0.000004	7.937115	-2.358438	0.624607	15063.307617	25402.720703	184.780701	25660.589844
2008	09	2.601028	-3.836183	14.234034	11.633005	-0.000004	-0.000004	7.796823	-2.519687	1.981491	7218.460449	25402.640625	184.699432	25660.257812
2008	09	1.570991	-4.410541	13.604210	12.033219	-0.000005	-0.000005	7.622678	-3.322200	8.055015	4359.868164	25402.562500	184.540009	25659.851562
2008	09	1.992228	-3.726223	12.876261	10.884033	-0.000004	-0.000004	7.157810	-1.065092	6.993968	5528.897949	25402.484375	184.402161	25659.476562
2008	09	1.836055	-3.763590	12.209075	10.373020	-0.000004	-0.000004	6.609430	1.834646	8.068470	5095.480957	25402.410156	184.279800	25659.134766
2008	09	1.446995	-3.693330	11.026335	9.579340	-0.000004	-0.000004	5.886011	4.750834	6.787449	4015.750000	25402.341797	184.149811	25658.808594
2008	09	1.042690	-3.564155	9.751294	8.708604	-0.000003	-0.000003	5.144449	10.345707	8.386600	2893.707520	25402.277344	184.026672	25658.509766
2008	09	0.854521	-3.531023	8.812924	7.958405	-0.000003	-0.000003	4.427381	7.276359	6.369351	2371.495605	25402.218750	183.904053	25658.242188
2008	10	0.872395	-3.680238	8.758435	7.886040	-0.000003	-0.000003	4.205802	-1.738103	1.969223	2343.000000	25402.166016	183.781342	25657.988281
2008	10	0.866517	-3.662201	8.365455	7.498937	-0.000003	-0.000003	3.836736	-1.272455	1.343503	2327.214600	25402.115234	183.613495	25657.748047
2008	10	0.630593	-3.838957	7.845083	7.214490	-0.000003	-0.000003	3.375532	-1.164654	2.588255	1693.590454	25402.068359	183.148224	25657.521484
2008	10	0.542581	-4.277833	8.097499	7.554919	-0.000003	-0.000003	3.277085	-23.394899	-4.081606	1457.214233	25402.027344	182.299225	25657.296875
2008	10	0.285071	-4.697744	8.434716	8.149645	-0.000003	-0.000003	3.451900	-21.844727	-4.463531	765.619263	25401.994141	181.063416	25657.056641
2008	10	0.150072	-4.659122	8.268661	8.118590	-0.000003	-0.000003	3.459468	-11.073654	-5.682539	403.048798	25401.966797	179.450912	25656.812500
2008	10	0.165477	-4.675281	8.245319	8.079842	-0.000003	-0.000003	3.404561	-7.813260	-2.968043	444.424011	25401.947266	177.463730	25656.568359
2008	10	0.168771	-4.959172	8.563319	8.394548	-0.000003	-0.000003	3.435377	-9.791301	-4.251808	453.270203	25401.935547	175.091293	25656.314453
2008	10	0.143174	-5.276964	8.919405	8.776232	-0.000003	-0.000003	3.499268	-5.073422	-2.157643	384.522827	25401.931641	172.330338	25656.044922
2008	10	0.108295	-6.010409	9.709290	9.600994	-0.000004	-0.000004	3.590585	-7.754702	-3.999569	290.848846	25401.939453	169.174286	25655.751953
2008	10	0.079107	-7.280260	11.020062	10.940954	-0.000004	-0.000004	3.660695	-17.777750	-7.337260	212.457504	25401.957031	165.615753	25655.427734
2008	10	0.051209	-9.004741	12.854102	12.802893	-0.000005	-0.000005	3.798152	-21.431494	-7.805160	137.533051	25401.986328	161.620697	25655.037109
2008	10	0.026369	-9.028704	12.846515	12.820145	-0.000005	-0.000005	3.791441	-17.021839	-5.971254	70.820793	25402.025391	157.224808	25654.613281
2008	10	0.011923	-10.370196	13.930646	13.918723	-0.000005	-0.000005	3.548528	-9.441359	-3.038237	32.020763	25402.070312	152.435837	25654.173828
2008	10	0.005459	-13.997188	17.283045	17.277584	-0.000006	-0.000006	3.280397	-7.995770	-2.526742	14.662357	25402.117188	147.186005	25653.652344
2008	10	0.002158	-23.256973	26.332823	26.330664	-0.000010	-0.000010	3.073690	-20.330486	-7.209294	5.795511	25402.167969	141.384689	25652.949219
2008	10	0.000213	-30.621752	33.754684	33.754475	-0.000013	-0.000013	3.132723	-25.540977	-12.474916	0.571884	25402.222656	137.152054	25651.886719
2008	10	0.000000	-19.752626	22.739399	22.739399	-0.000008	-0.000008	2.986772	-21.828100	-9.282495	0.000000	25402.279297	136.265213	25650.935547
2008	10	0.000000	-16.773994	19.564785	19.564785	-0.000007	-0.000007	2.790790	-14.370943	-6.883042	0.000000	25402.332031	135.665619	25650.251953
2008	10	0.000000	-11.839327	14.376650	14.376650	-0.000005	-0.000005	2.537323	-11.328982	-4.129095	0.000000	25402.384766	135.158463	25649.664062
2008	10	0.000000	-12.317307	14.457047	14.457047	-0.000005	-0.000005	2.139741	-19.838137	-8.727381	0.000000	25402.425781	134.747971	25649.187500
2008	10	0.000000	-9.947773	11.934793	11.934793	-0.000004	-0.000004	1.987020	-12.087930	-4.523534	0.000000	25402.464844	134.346436	25648.726562
2008	10	0.000000	-8.489771	10.252609	10.252609	-0.000004	-0.000004	1.762838	-5.449938	-2.012468	0.000000	25402.500000	134.022064	25648.349609
2008	10	0.000000	-8.816403	10.409634	10.409634	-0.000004	-0.000004	1.593230	-13.753772	-6.315390	0.000000	25402.533203	133.708023	25647.988281
2008	10	0.000000	-8.535481	10.038321	10.038321	-0.000004	-0.000004	1.502839	-17.572815	-8.301853	0.000000	25402.566406	133.393677	25647.632812
2008	10	0.000000	-7.315771	8.740772	8.740772	-0.000003	-0.000003	1.425001	-16.932690	-6.594125	0.000000	25402.595703	133.109665	25647.308594
2008	10	0.000000	-6.466001	7.699748	7.699748	-0.000003	-0.000003	1.233747	-24.586916	-8.964133	0.000000	25402.623047	132.858932	25647.021484
2008	10	0.000000	-6.961365	8.092862	8.092862	-0.000003	-0.000003	1.131497	-27.045486	-10.615021	0.000000	25402.648438	132.609222	25646.742188
2008	10	0.000000	-7.092754	8.190821	8.190821	-0.000003	-0.000003	1.098067	-26.876074	-11.312185	0.000000	25402.669922	132.354935	25646.458984
2008	10	0.000000	-5.694331	6.780429	6.780429	-0.000003	-0.000003	1.086099	-12.708605	-5.435080	0.000000	25402.693359	132.118240	25646.193359
2008	10	0.000000	-4.582133	5.598436	5.598436	-0.000002	-0.000002	1.016302	-15.763560	-6.091638	0.000000	25402.714844	131.917725	25645.966797
2008	11	0.000000	-3.532874	4.278677	4.278677	-0.000002	-0.000002	0.745803	-6.224491	-2.192525	0.000000	25402.732422	131.762405	25645.789062
2008	11	0.000000	-3.053147	3.443441	3.443441	-0.000001	-0.000001	0.390294	-9.509094	-2.527768	0.000000	25402.742188	131.632446	25645.648438
2008	11	0.000000	-3.143495	3.391076	3.391076	-0.000001	-0.000001	0.247581	-10.776212	-4.370133	0.000000	25402.746094	131.501389	25645.513672
2008	11	0.000000	-2.892103	3.048546	3.048546	-0.000001	-0.000001	0.156443	-2.438163	-2.621631	0.000000	25402.746094	131.373947	25645.386719
2008	11	0.000000	-3.173204	3.285362	3.285362	-0.000001	-0.000001	0.112158	-0.116290	-1.260830	0.000000	25402.748047	131.253571	25645.269531
2008	11	0.000000	-3.169297	3.272271	3.272271	-0.000001	-0.000001	0.102974	-1.541939	-1.825865	0.000000	25402.748047	131.118088	25645.138672
2008	11	0.000000	-3.634540	3.733015	3.733015	-0.000001	-0.000001	0.098475	-8.021455	-4.863625	0.000000	25402.748047	130.982697	25645.005859
2008	11	0.000000	-3.259013	3.356332	3.356332	-0.000001	-0.000001	0.097319	-8.526679	-6.222452	0.000000	25402.748047	130.842438	25644.871094
2008	11	0.000000	-2.780804	2.866669	2.866669	-0.000001	-0.000001	0.085865	-11.691625	-5.793887	0.000000	25402.748047	130.721268	25644.753906
2008	11	0.000000	-2.871684	2.936153	2.936153	-0.000001	-0.000001	0.064469	-8.531002	-6.022201	0.000000	25402.748047	130.606476	25644.642578
2008	11	0.000000	-2.714964	2.768067	2.768067	-0.000001	-0.000001	0.053103	-17.659407	-8.893661	0.000000	25402.748047	130.490692	25644.533203
2008	11	0.000000	-2.907663	2.949681	2.949681	-0.000001	-0.000001	0.042019	-7.750962	-6.065446	0.000000	25402.750000	130.376251	25644.423828
2008	11	0.000000	-2.562673	2.603279	2.603279	-0.000001	-0.000001	0.040606	-11.749372	-5.347077	0.000000	25402.750000	130.262726	25644.316406
2008	11	0.000000	-2.361340	2.396277	2.396277	-0.000001	-0.000001	0.034937	-5.434193	-2.035805	0.000000	25402.750000	130.163422	25644.222656
2008	11	0.000000	-2.149889	2.176946	2.176946	-0.000001	-0.000001	0.027057	-1.193462	-0.995029	0.000000	25402.750000	130.065887	25644.130859
2008	11	0.000000	-2.136051	2.153345	2.153345	-0.000001	-0.000001	0.017295	-2.651657	-0.943447	0.000000	25402.750000	129.976959	25644.048828
2008	11	0.000000	-2.005101	2.018813	2.018813	-0.000001	-0.000001	0.013712	-0.628985	-1.055646	0.000000	25402.748047	129.887573	25643.964844
2008	11	0.000000	-1.397403	1.405898	1.405898	-0.000001	-0.000001	0.008495	10.131807	-0.431397	0.000000	25402.748047	129.813782	25643.898438
2008	11	0.000000	-1.632866	1.633327	1.633327	-0.000001	-0.000001	0.000462	-3.452959	-1.254894	0.000000	25402.748047	129.746170	25643.837891
2008	11	0.000000	-1.739220	1.739220	1.739220	-0.000001	-0.000001	0.000000	-5.809629	-1.832039	0.000000	25402.748047	129.670013	25643.769531
2008	11	0.000000	-1.283029	1.283029	1.283029	-0.000000	-0.000000	0.000000	5.408868	-0.798924	0.000000	25402.748047	129.604492	25643.710938
2008	11	0.000000	-1.417903	1.417903	1.417903	-0.000001	-0.000001	0.000000	-7.765199	-2.488904	0.000000	25402.748047	129.541504	25643.654297
2008	11	0.000000	-1.495413	1.495413	1.495413	-0.000001	-0.000001	0.000000	-11.992415	-2.615741	0.000000	25402.748047	129.476562	25643.597656
2008	11	0.000000	-1.840478	1.840478	1.840478	-0.000001	-0.000001	0.000000	-15.058575	-5.938064	0.000000	25402.748047	129.404953	25643.531250
2008	11	0.000000	-1.904114	1.904114	1.904114	-0.000001	-0.000001	0.000000	-12.054399	-7.080134	0.000000	25402.748047	129.325607	25643.458984
2008	11	0.000000	-1.881525	1.881525	1.881525	-0.000001	-0.000001	0.000000	-8.616819	-6.614084	0.000000	25402.748047	129.246399	25643.388672
2008	11	0.000000	-1.622362	1.622362	1.622362	-0.000001	-0.000001	0.000000	-1.618065	-1.396184	0.000000	25402.748047	129.172073	25643.320312
2008	11	0.000000	-1.665141	1.665141	1.665141	-0.000001	-0.000001	0.000000	-5.998996	-2.938864	0.000000	25402.748047	129.102539	25643.257812
2008	11	0.000000	-1.279715	1.279715	1.279715	-0.000000	-0.000000	0.000000	-5.389490	-2.975001	0.000000	25402.748047	129.036255	25643.199219
2008	11	0.000000	-1.616808	1.616808	1.616808	-0.000001	-0.000001	0.000000	-5.840128	-2.670475	0.000000	25402.748047	128.979263	25643.148438
2008	12	0.000000	-1.984544	1.984544	1.984544	-0.000001	-0.000001	0.000000	-8.989820	-4.211517	0.000000	25402.748047	128.901550	25643.078125
2008	12	0.000000	-1.395706	1.395706	1.395706	-0.000001	-0.000001	0.000000	-9.658280	-2.111574	0.000000	25402.748047	128.832077	25643.015625
2008	12	0.000000	-1.299912	1.299912	1.299912	-0.000000	-0.000000	0.000000	-20.644693	-4.478360	0.000000	25402.748047	128.777710	25642.968750
2008	12	0.000000	-0.968457	0.968457	0.968457	-0.000000	-0.000000	0.000000	-6.849083	-1.585995	0.000000	25402.748047	128.724670	25642.921875
2008	12	0.000000	-1.206983	1.206983	1.206983	-0.000000	-0.000000	0.000000	-22.530127	-4.819448	0.000000	25402.748047	128.679153	25642.884766
2008	12	0.000000	-1.266909	1.266909	1.266909	-0.000000	-0.000000	0.000000	-25.798662	-6.022648	0.000000	25402.748047	128.622971	25642.835938
2008	12	0.000000	-1.019552	1.019552	1.019552	-0.000000	-0.000000	0.000000	-20.436691	-2.784140	0.000000	25402.748047	128.574326	25642.792969
2008	12	0.000000	-0.834045	0.834045	0.834045	-0.000000	-0.000000	0.000000	-12.001288	-1.029332	0.000000	25402.748047	128.531403	25642.757812
2008	12	0.000000	-1.123594	1.123594	1.123594	-0.000000	-0.000000	0.000000	-11.795393	-2.067425	0.000000	25402.748047	128.487717	25642.720703
2008	12	0.000000	-0.971815	0.971815	0.971815	-0.000000	-0.000000	0.000000	-20.430750	-2.789160	0.000000	25402.748047	128.441269	25642.681641
2008	12	0.000000	-0.978684	0.978684	0.978684	-0.000000	-0.000000	0.000000	-9.199536	-1.194180	0.000000	25402.748047	128.398911	25642.646484
2008	12	0.000000	-1.174705	1.174705	1.174705	-0.000000	-0.000000	0.000000	-14.591928	-2.985269	0.000000	25402.748047	128.350510	25642.605469
2008	12	0.000000	-0.969503	0.969503	0.969503	-0.000000	-0.000000	0.000000	-16.296326	-2.473929	0.000000	25402.748047	128.303787	25642.564453
2008	12	0.000000	-1.283784	1.283784	1.283784	-0.000000	-0.000000	0.000000	-28.950159	-7.103451	0.000000	25402.748047	128.256851	25642.525391
2008	12	0.000000	-1.693195	1.693195	1.693195	-0.000001	-0.000001	0.000000	-36.763840	-12.290724	0.000000	25402.748047	128.194931	25642.470703
2008	12	0.000000	-1.572680	1.572680	1.572680	-0.000001	-0.000001	0.000000	-37.871571	-12.599364	0.000000	25402.748047	128.131927	25642.414062
2008	12	0.000000	-1.258356	1.258356	1.258356	-0.000000	-0.000000	0.000000	-23.822418	-6.973717	0.000000	25402.748047	128.072464	25642.361328
2008	12	0.000000	-1.098399	1.098399	1.098399	-0.000000	-0.000000	0.000000	-23.158920	-4.408931	0.000000	25402.748047	128.025665	25642.322266
2008	12	0.000000	-1.471732	1.471732	1.471732	-0.000001	-0.000001	0.000000	-15.648746	-5.895467	0.000000	25402.748047	127.972145	25642.275391
2008	12	0.000000	-1.344871	1.344871	1.344871	-0.000001	-0.000001	0.000000	-14.978651	-5.321132	0.000000	25402.748047	127.917839	25642.228516
2008	12	0.000000	-0.781125	0.781125	0.781125	-0.000000	-0.000000	0.000000	-1.426282	-1.327877	0.000000	25402.748047	127.870827	25642.187500
2008	12	0.000000	-0.884700	0.884700	0.884700	-0.000000	-0.000000	0.000000	-14.579152	-2.375224	0.000000	25402.748047	127.834625	25642.158203
2008	12	0.000000	-1.040580	1.040580	1.040580	-0.000000	-0.000000	0.000000	-12.611183	-2.824961	0.000000	25402.748047	127.792336	25642.123047
2008	12	0.000000	-1.032671	1.032671	1.032671	-0.000000	-0.000000	0.000000	-10.194304	-2.687310	0.000000	25402.748047	127.747574	25642.085938
2008	12	0.000000	-0.923584	0.923584	0.923584	-0.000000	-0.000000	0.000000	-12.985341	-2.984426	0.000000	25402.748047	127.708199	25642.052734
2008	12	0.000000	-0.906486	0.906486	0.906486	-0.000000	-0.000000	0.000000	-7.506973	-1.782163	0.000000	25402.748047	127.666603	25642.019531
2008	12	0.000000	-0.919780	0.919780	0.919780	-0.000000	-0.000000	0.000000	-5.130715	-1.241271	0.000000	25402.748047	127.627487	25641.986328
2008	12	0.000000	-0.862243	0.862243	0.862243	-0.000000	-0.000000	0.000000	-12.178343	-2.234344	0.000000	25402.748047	127.588264	25641.955078
2008	12	0.000000	-0.893225	0.893225	0.893225	-0.000000	-0.000000	0.000000	-11.914732	-1.948737	0.000000	25402.748047	127.550468	25641.923828
2008	12	0.000000	-0.816601	0.816601	0.816601	-0.000000	-0.000000	0.000000	-12.828414	-2.449044	0.000000	25402.748047	127.512085	25641.892578
2008	12	0.000000	-0.761782	0.761782	0.761782	-0.000000	-0.000000	0.000000	-3.750485	-0.761006	0.000000	25402.748047	127.479134	25641.867188
