# Monthly output values extracted from ELM simulation
# Source file: tmps6xmf3u_.nc
# Years: 2007 - 2009
#
# Variables:
#   GPP: gross primary production (monthly sum, gC/m2/month)
#   NPP: net primary production (monthly sum, gC/m2/month)
#   ER: total ecosystem respiration, autotrophic + heterotrophic (monthly sum, gC/m2/month)
#   NEE: net ecosystem exchange of carbon, includes fire, landuse, harvest, and hrv_xsmrpool flux, positive for source (monthly sum, gC/m2/month)
#   NBP: net biome production, includes fire, landuse, and harvest flux, positive for sink (monthly mean, gC/m^2/s)
#   NEP: net ecosystem production, excludes fire, landuse, and harvest flux, positive for sink (monthly mean, gC/m^2/s)
#   HR: total heterotrophic respiration (monthly sum, gC/m2/month)
#   FSH: sensible heat (monthly mean, W/m^2)
#   EFLX_LH_TOT: total latent heat flux [+ to atm] (monthly mean, W/m^2)
#   FPSN: photosynthesis (mean daily flux, umol/m2/day)
#   TOTSOMC: total soil organic matter carbon (monthly mean, gC/m^2)
#   TOTVEGC: total vegetation carbon, excluding cpool (monthly mean, gC/m^2)
#   TOTECOSYSC: total ecosystem carbon, incl veg but excl cpool but excl product pools (monthly mean, gC/m^2)
#
Year	Month	GPP	NPP	ER	NEE	NBP	NEP	HR	FSH	EFLX_LH_TOT	FPSN	TOTSOMC	TOTVEGC	TOTECOSYSC
2007	01	226.127823	85.525757	243.830017	18.744516	-0.000007	-0.000007	103.227936	-27.919462	127.504013	607313.812500	15623.958984	27245.093750	46913.078125
2007	01	259.843781	112.528580	245.697891	-13.103635	0.000005	0.000005	98.382706	59.993279	103.445122	697865.062500	15624.028320	27244.744141	46912.839844
2007	01	253.256500	110.846169	235.696762	-16.517582	0.000006	0.000007	93.286438	44.846630	102.558876	680173.500000	15624.014648	27244.949219	46913.375000
2007	01	254.685913	110.591995	235.967117	-17.676741	0.000007	0.000007	91.873207	48.483101	95.912781	684012.500000	15624.002930	27245.076172	46913.925781
2007	01	262.073212	116.263847	236.085449	-24.945824	0.000009	0.000010	90.276077	61.248611	109.543671	703852.687500	15623.994141	27245.240234	46914.550781
2007	01	249.598145	106.257668	234.202957	-14.353335	0.000005	0.000006	90.862480	62.197758	73.676430	670348.312500	15623.986328	27245.470703	46915.269531
2007	01	253.229385	107.908073	235.799896	-16.387751	0.000006	0.000007	90.478554	58.130993	90.593460	680100.750000	15623.994141	27245.509766	46915.796875
2007	01	248.267349	102.988754	236.006592	-11.219111	0.000004	0.000005	90.727982	51.647461	77.997398	666774.125000	15624.006836	27245.548828	46916.316406
2007	01	242.943726	100.415817	233.185013	-8.717155	0.000003	0.000004	90.657104	53.508930	73.483688	652476.437500	15624.026367	27245.500000	46916.753906
2007	01	233.851105	92.937599	233.398438	0.588800	-0.000000	0.000000	92.484940	37.013321	72.609711	628056.250000	15624.063477	27245.220703	46916.929688
2007	01	244.941391	102.105003	234.640503	-9.259523	0.000003	0.000004	91.804115	56.163929	72.401749	657841.562500	15624.105469	27244.894531	46917.039062
2007	01	254.587753	108.430275	237.422928	-16.123562	0.000006	0.000006	91.265442	60.418346	84.706436	683748.937500	15624.133789	27244.863281	46917.457031
2007	01	249.053909	104.101456	235.053574	-12.959149	0.000005	0.000005	90.101135	49.623356	75.300545	668886.625000	15624.155273	27244.919922	46918.003906
2007	01	254.370270	107.663536	237.030701	-16.298492	0.000006	0.000006	90.323967	50.543892	92.076752	683164.812500	15624.177734	27244.953125	46918.539062
2007	01	253.308197	107.565407	234.364410	-17.902805	0.000007	0.000007	88.621620	59.319466	83.967339	680312.375000	15624.202148	27245.007812	46919.109375
2007	01	256.795990	110.688354	232.747055	-23.008051	0.000009	0.000009	86.639427	45.814358	100.577316	689679.562500	15624.222656	27245.125000	46919.812500
2007	01	253.089920	108.224541	229.924072	-22.125050	0.000008	0.000009	85.058701	52.367271	81.254539	679726.125000	15624.237305	27245.302734	46920.648438
2007	01	253.526093	109.386208	229.358673	-23.126751	0.000009	0.000009	85.218765	58.216076	74.492958	680897.625000	15624.262695	27245.382812	46921.390625
2007	01	257.050354	111.331123	229.398499	-26.611248	0.000010	0.000010	83.679276	33.286522	104.466454	690362.687500	15624.291016	27245.433594	46922.117188
2007	01	256.623413	111.211823	227.231857	-28.351057	0.000011	0.000011	81.820259	56.060970	92.914680	689216.125000	15624.311523	27245.625000	46923.062500
2007	01	246.276566	104.541924	223.914536	-21.321619	0.000008	0.000008	82.179886	60.218384	65.035950	661427.500000	15624.338867	27245.761719	46923.984375
2007	01	229.464996	89.158707	227.560959	-0.863719	0.000000	0.000001	87.254677	31.595306	75.154007	616276.500000	15624.392578	27245.515625	46924.425781
2007	01	250.910294	105.911804	234.113663	-15.756417	0.000006	0.000006	89.115173	53.289009	81.948166	673872.312500	15624.466797	27245.140625	46924.605469
2007	01	250.664413	105.889748	233.417618	-16.206673	0.000006	0.000006	88.642952	56.514526	73.265579	673211.937500	15624.520508	27245.123047	46925.125000
2007	01	265.776215	118.271294	234.542130	-30.194073	0.000011	0.000012	87.037193	73.205406	90.756248	713797.937500	15624.563477	27245.236328	46925.816406
2007	01	260.162109	114.689400	231.278717	-27.843477	0.000010	0.000011	85.805984	77.620682	74.423988	698720.062500	15624.591797	27245.595703	46926.816406
2007	01	245.632568	103.383354	227.604675	-16.988035	0.000006	0.000007	85.355484	52.487808	71.528275	659697.875000	15624.638672	27245.648438	46927.515625
2007	01	255.378952	112.393486	225.950516	-28.388687	0.000011	0.000011	82.965057	65.369194	78.194221	685873.812500	15624.685547	27245.636719	46928.214844
2007	01	268.527191	123.308250	226.561386	-40.926128	0.000015	0.000016	81.342461	81.890388	104.668854	721186.187500	15624.720703	27245.869141	46929.207031
2007	01	261.280884	116.069908	226.348663	-33.892658	0.000013	0.000013	81.137680	76.988503	76.140274	701724.687500	15624.744141	27246.320312	46930.472656
2007	01	267.365234	122.037910	225.908813	-40.416965	0.000015	0.000015	80.581467	80.669846	99.052284	718065.625000	15624.781250	27246.630859	46931.582031
2007	02	234.015869	102.178650	205.450684	-27.626387	0.000011	0.000012	73.613464	66.177872	76.750801	695838.000000	15624.815430	27247.037109	46932.800781
2007	02	238.003799	103.722572	208.217194	-28.847900	0.000012	0.000012	73.935966	49.137123	101.464890	707695.875000	15624.865234	27247.255859	46933.796875
2007	02	237.664230	105.954979	203.632523	-33.093094	0.000014	0.000014	71.923264	66.561890	98.449364	706686.250000	15624.909180	27247.562500	46934.917969
2007	02	231.322067	99.297920	203.192673	-27.190840	0.000011	0.000012	71.168549	59.530609	94.968559	687828.000000	15624.953125	27247.800781	46936.035156
2007	02	241.160645	105.935402	206.725800	-33.496387	0.000014	0.000014	71.500557	67.125984	94.319321	717082.687500	15625.004883	27248.007812	46937.105469
2007	02	241.161270	108.313042	202.854126	-37.368774	0.000015	0.000016	70.005898	71.568245	88.534698	717084.562500	15625.045898	27248.431641	46938.429688
2007	02	239.896149	105.896141	204.471619	-34.486244	0.000014	0.000015	70.471611	61.937973	93.255028	713322.812500	15625.092773	27248.792969	46939.699219
2007	02	238.238541	104.135162	203.611710	-33.688614	0.000014	0.000014	69.508347	44.463501	104.621025	708393.875000	15625.141602	27249.154297	46940.992188
2007	02	241.319931	108.607101	200.094711	-40.287094	0.000017	0.000017	67.381897	63.072899	110.482849	717556.312500	15625.189453	27249.486328	46942.292969
2007	02	237.783951	104.368248	199.944077	-36.901840	0.000015	0.000016	66.528374	61.373745	84.309227	707042.250000	15625.232422	27249.890625	46943.742188
2007	02	241.725372	106.372498	202.271484	-38.515953	0.000016	0.000016	66.918602	52.477421	99.877464	718761.875000	15625.288086	27250.195312	46945.078125
2007	02	242.519302	110.110512	197.197601	-44.383854	0.000018	0.000019	64.788795	62.487171	103.286140	721122.625000	15625.339844	27250.595703	46946.546875
2007	02	229.870285	102.824890	188.404816	-40.527683	0.000017	0.000017	61.359425	33.971081	86.144951	683511.187500	15625.383789	27250.980469	46948.121094
2007	02	246.939713	113.490089	195.198502	-50.803509	0.000021	0.000021	61.748875	82.472420	105.105591	734266.625000	15625.438477	27251.179688	46949.531250
2007	02	247.637634	114.944687	192.052109	-54.647911	0.000023	0.000023	59.359158	83.067406	91.826569	736341.750000	15625.480469	27251.771484	46951.398438
2007	02	246.159729	115.735634	188.334427	-56.887764	0.000024	0.000024	57.910332	77.175148	104.448563	731947.375000	15625.523438	27252.365234	46953.320312
2007	02	236.524765	105.954712	189.815781	-45.771523	0.000019	0.000019	59.245724	59.632336	90.405807	703298.062500	15625.573242	27252.892578	46955.203125
2007	02	237.687119	106.253311	195.254700	-41.495033	0.000017	0.000018	63.820892	55.824471	89.475037	706754.250000	15625.655273	27253.160156	46956.683594
2007	02	237.256042	104.556572	196.857681	-39.461067	0.000016	0.000017	64.158211	37.975002	95.480225	705472.562500	15625.744141	27253.458984	46958.117188
2007	02	249.431366	115.732872	195.359146	-53.135010	0.000022	0.000022	61.660648	42.821774	135.546921	741675.375000	15625.828125	27253.861328	46959.675781
2007	02	245.741119	115.655548	186.625595	-58.178410	0.000024	0.000024	56.540001	44.236599	99.729073	730702.562500	15625.880859	27254.550781	46961.714844
2007	02	246.741669	112.898453	190.086472	-55.718140	0.000023	0.000023	56.243263	53.527195	105.266846	733677.687500	15625.939453	27255.111328	46963.679688
2007	02	249.975845	114.813881	189.911316	-59.127571	0.000024	0.000025	54.749344	48.943886	105.896736	743294.375000	15625.998047	27255.726562	46965.746094
2007	02	249.523239	114.403030	188.818436	-59.767937	0.000025	0.000025	53.698212	52.627304	111.748825	741948.625000	15626.058594	27256.423828	46967.929688
2007	02	250.289108	115.601456	184.951736	-64.400581	0.000027	0.000027	50.264080	56.929523	124.518677	744225.875000	15626.118164	27257.066406	46970.144531
2007	02	251.020554	116.842979	181.419083	-68.664772	0.000028	0.000029	47.241497	71.522919	114.022049	746400.875000	15626.168945	27257.779297	46972.554688
2007	02	244.344269	111.002075	179.537781	-63.869869	0.000026	0.000027	46.195572	70.281799	93.605980	726549.062500	15626.217773	27258.431641	46974.988281
2007	02	234.153992	102.338150	179.788147	-53.429306	0.000022	0.000022	47.972298	64.033028	76.429474	696248.687500	15626.287109	27258.849609	46977.164062
2007	03	276.875519	128.506454	202.505219	-73.333511	0.000027	0.000028	54.136139	88.728638	100.770096	743607.437500	15626.377930	27259.230469	46979.214844
2007	03	263.656128	114.010567	202.276062	-60.343365	0.000023	0.000023	52.630489	39.680237	95.455658	708104.000000	15626.457031	27259.826172	46981.535156
2007	03	262.010345	113.136574	202.147583	-58.826157	0.000022	0.000022	53.273804	51.397961	80.303734	703683.875000	15626.548828	27260.113281	46983.546875
2007	03	261.841064	112.038361	205.760300	-55.044273	0.000021	0.000021	55.957569	46.991817	84.636139	703229.187500	15626.654297	27260.386719	46985.492188
2007	03	259.920105	110.484871	207.054413	-51.829277	0.000019	0.000020	57.619179	37.177677	81.559799	698070.062500	15626.772461	27260.603516	46987.312500
2007	03	266.648071	116.763794	208.169113	-57.442638	0.000021	0.000022	58.284836	50.403267	90.262405	716139.375000	15626.898438	27260.871094	46989.121094
2007	03	272.463684	121.755974	203.779419	-67.648026	0.000025	0.000026	53.071724	33.827106	125.232765	731758.437500	15627.011719	27261.281250	46991.156250
2007	03	259.720459	114.113396	192.065460	-66.618866	0.000025	0.000025	46.458389	48.055157	110.164825	697533.875000	15627.098633	27261.753906	46993.476562
2007	03	256.993958	112.880440	187.449631	-68.508301	0.000026	0.000026	43.336094	72.495377	98.403023	690211.312500	15627.175781	27261.978516	46995.699219
2007	03	252.432709	110.800514	182.369156	-69.027611	0.000026	0.000026	40.736946	77.580780	98.016235	677961.062500	15627.250977	27262.136719	46997.933594
2007	03	245.693344	107.041550	176.308380	-68.349075	0.000026	0.000026	37.656605	68.505852	99.599014	659861.125000	15627.323242	27262.144531	47000.121094
2007	03	229.191986	97.204514	166.524811	-61.631382	0.000023	0.000023	34.537342	71.237938	97.290276	615543.250000	15627.391602	27261.968750	47002.222656
2007	03	214.970215	86.790222	160.710449	-53.224041	0.000020	0.000020	32.530483	69.605522	89.670586	577347.625000	15627.462891	27261.388672	47004.003906
2007	03	208.582306	82.682655	158.391846	-49.154827	0.000018	0.000019	32.492203	88.662895	84.488968	560191.562500	15627.541016	27260.517578	47005.527344
2007	03	194.560257	73.381386	153.691116	-39.833595	0.000015	0.000015	32.512249	102.028709	86.963264	522532.437500	15627.630859	27259.433594	47006.828125
2007	03	173.052689	56.013165	149.063263	-22.953972	0.000009	0.000009	32.023727	97.459976	93.386436	464769.375000	15627.733398	27257.917969	47007.710938
2007	03	183.309341	65.824173	148.693222	-33.580738	0.000013	0.000013	31.208046	109.275764	75.021416	492315.750000	15627.842773	27256.103516	47008.320312
2007	03	203.314346	80.093239	158.230865	-44.048176	0.000016	0.000017	35.009758	92.332954	73.514252	546043.375000	15627.957031	27254.683594	47009.269531
2007	03	208.043640	82.908821	163.143448	-43.864956	0.000016	0.000017	38.008640	72.743141	72.289368	558744.875000	15628.088867	27253.662109	47010.503906
2007	03	203.757126	78.127792	166.742920	-35.979069	0.000013	0.000014	41.113579	61.604034	61.242958	547232.562500	15628.253906	27252.566406	47011.539062
2007	03	214.143982	85.703239	168.988220	-44.120701	0.000016	0.000017	40.547482	72.688194	78.231201	575128.625000	15628.411133	27251.667969	47012.781250
2007	03	220.441895	89.530983	173.922836	-45.484081	0.000017	0.000017	43.011932	61.218151	77.537231	592043.000000	15628.572266	27250.919922	47014.121094
2007	03	221.567535	90.738914	173.395508	-47.137135	0.000018	0.000018	42.566898	60.952137	78.483482	595066.187500	15628.742188	27250.308594	47015.550781
2007	03	222.360123	92.348587	172.182007	-49.143314	0.000018	0.000019	42.170471	82.267387	80.710968	597194.812500	15628.904297	27249.718750	47017.039062
2007	03	223.330444	95.975067	167.679062	-54.616688	0.000020	0.000021	40.323662	105.871758	71.606796	599800.875000	15629.062500	27249.142578	47018.570312
2007	03	218.965286	91.948830	167.621429	-50.309242	0.000019	0.000019	40.604961	97.436089	77.807373	588077.312500	15629.216797	27248.601562	47020.164062
2007	03	225.497131	97.407234	168.698364	-55.764210	0.000021	0.000021	40.608479	106.755013	78.657875	605619.937500	15629.375977	27247.988281	47021.671875
2007	03	197.844681	77.175766	158.314896	-38.495323	0.000014	0.000015	37.645969	117.976288	91.329475	531353.500000	15629.528320	27247.324219	47023.187500
2007	03	180.907654	65.850037	148.232285	-31.640974	0.000012	0.000012	33.174671	121.825310	80.954979	485865.531250	15629.674805	27246.037109	47024.203125
2007	03	164.377563	53.423519	141.707565	-21.635685	0.000008	0.000008	30.753519	124.812553	67.067780	441470.531250	15629.812500	27244.316406	47024.902344
2007	03	152.138229	43.016144	139.230804	-11.873180	0.000004	0.000005	30.108727	117.377907	63.614330	408599.218750	15629.954102	27242.212891	47025.261719
2007	04	136.620377	33.539478	131.923172	-3.696403	0.000001	0.000002	28.842272	129.473907	69.526405	379153.468750	15630.105469	27239.804688	47025.328125
2007	04	142.390472	35.965076	136.901688	-4.488051	0.000002	0.000002	30.476301	116.103333	65.335480	395166.843750	15630.265625	27237.238281	47025.218750
2007	04	159.662720	49.183369	144.255844	-14.406225	0.000006	0.000006	33.776489	96.665184	76.315170	443101.406250	15630.435547	27234.925781	47025.285156
2007	04	204.445984	80.790634	175.129257	-28.316160	0.000011	0.000011	51.473907	-6.973170	128.927475	567385.437500	15630.638672	27233.310547	47025.738281
2007	04	227.948257	92.807289	219.264297	-7.683476	0.000003	0.000003	84.123344	-63.626804	161.645172	632609.750000	15630.990234	27232.658203	47026.214844
2007	04	262.648407	116.275383	242.978760	-18.669247	0.000007	0.000008	96.605759	14.334159	119.645737	728910.750000	15631.459961	27232.667969	47026.550781
2007	04	279.332458	132.513535	236.225906	-42.106262	0.000016	0.000017	89.406975	74.098076	126.586006	775212.875000	15631.877930	27233.416016	47027.597656
2007	04	280.036804	133.589294	227.172150	-51.864456	0.000020	0.000020	80.724640	85.048859	112.863281	777167.562500	15632.189453	27234.507812	47029.320312
2007	04	270.653625	120.507332	229.582947	-40.070587	0.000015	0.000016	79.436646	34.925926	111.833748	751127.125000	15632.453125	27235.533203	47031.140625
2007	04	240.876999	96.319672	237.635590	-2.241386	0.000001	0.000001	93.078278	-55.918694	146.130280	668489.937500	15632.732422	27236.087891	47032.335938
2007	04	266.054291	117.668015	252.924881	-12.129495	0.000005	0.000005	104.538605	19.830912	135.089554	738362.875000	15633.097656	27236.308594	47032.605469
2007	04	266.472992	117.651497	258.057831	-7.415368	0.000003	0.000003	109.236320	8.331104	125.742859	739524.875000	15633.442383	27236.982422	47033.148438
2007	04	263.949493	115.681931	253.170395	-9.779387	0.000004	0.000004	104.902824	24.566614	100.176414	732521.562500	15633.757812	27237.611328	47033.652344
2007	04	275.619446	125.971687	250.421616	-24.198174	0.000009	0.000010	100.773888	56.557793	118.812424	764908.312500	15634.035156	27238.269531	47034.308594
2007	04	274.056061	124.687775	245.028229	-28.028324	0.000011	0.000011	95.659927	74.246971	122.662270	760569.687500	15634.263672	27239.152344	47035.382812
2007	04	275.557190	124.287209	247.796204	-26.761543	0.000010	0.000011	96.526230	60.951698	106.799591	764735.625000	15634.475586	27240.054688	47036.535156
2007	04	285.620941	131.671143	249.621597	-35.000011	0.000014	0.000014	95.671791	64.363564	121.834412	792664.875000	15634.690430	27240.986328	47037.675781
2007	04	279.178528	127.181488	242.359695	-35.819580	0.000014	0.000014	90.362663	52.688351	128.640564	774785.625000	15634.877930	27242.060547	47039.105469
2007	04	282.300995	131.309753	236.767807	-44.534046	0.000017	0.000018	85.776558	72.795021	124.720787	783451.312500	15635.046875	27243.054688	47040.613281
2007	04	270.113342	123.094940	228.797073	-40.317204	0.000016	0.000016	81.778679	55.006493	109.874039	749627.625000	15635.204102	27243.994141	47042.218750
2007	04	265.448517	117.475441	227.598999	-36.850544	0.000014	0.000015	79.625916	36.200905	122.405006	736681.687500	15635.361328	27244.679688	47043.667969
2007	04	279.447296	129.985504	226.939590	-51.508812	0.000020	0.000020	77.477806	52.711765	121.722572	775531.562500	15635.515625	27245.392578	47045.195312
2007	04	282.795349	133.872421	222.335205	-59.461361	0.000023	0.000023	73.412262	67.521774	141.189484	784823.187500	15635.651367	27246.390625	47047.109375
2007	04	264.849487	116.862900	225.212158	-38.638638	0.000015	0.000015	77.225555	-14.904657	129.459778	735019.187500	15635.773438	27247.322266	47049.070312
2007	04	285.167877	134.893173	233.435608	-50.733643	0.000020	0.000020	83.160912	59.268917	143.541687	791407.500000	15635.958984	27248.005859	47050.414062
2007	04	272.418488	124.520241	232.875092	-38.544891	0.000015	0.000015	84.976822	15.697265	135.866318	756025.062500	15636.113281	27249.087891	47052.230469
2007	04	275.238770	126.608902	248.101212	-26.139109	0.000010	0.000010	99.471359	13.220843	135.624390	763851.875000	15636.337891	27249.878906	47053.304688
2007	04	268.926605	121.017410	249.916870	-18.011368	0.000007	0.000007	102.007690	16.411474	130.320526	746334.125000	15636.569336	27250.677734	47054.210938
2007	04	271.368652	123.203743	252.121216	-18.249163	0.000007	0.000007	103.956314	31.910330	112.304413	753111.500000	15636.808594	27251.357422	47054.878906
2007	04	268.982422	121.269211	252.817703	-15.166540	0.000006	0.000006	105.104492	24.569695	112.626541	746489.125000	15637.032227	27252.072266	47055.582031
2007	05	270.882782	119.066574	263.157104	-6.694322	0.000002	0.000003	111.340897	40.043777	99.707787	727512.625000	15637.261719	27252.714844	47056.113281
2007	05	223.610245	81.198486	255.759094	33.180111	-0.000012	-0.000012	113.347343	-10.930097	74.487129	600552.312500	15637.528320	27252.796875	47055.980469
2007	05	244.084503	99.466454	251.700363	8.647032	-0.000003	-0.000003	107.082306	4.713540	94.164085	655540.250000	15637.804688	27252.037109	47055.164062
2007	05	268.316650	118.680023	268.218262	0.932686	-0.000000	0.000000	118.581627	-20.103626	148.570496	720620.750000	15638.044922	27252.156250	47055.109375
2007	05	281.248352	128.437881	276.269165	-3.948194	0.000001	0.000002	123.458702	19.940363	119.633636	755351.562500	15638.298828	27252.628906	47055.042969
2007	05	270.272217	119.999023	271.333771	2.092465	-0.000001	-0.000000	121.060585	15.658396	116.348137	725872.750000	15638.517578	27253.333984	47055.296875
2007	05	273.750092	121.982964	277.319122	4.599827	-0.000002	-0.000001	125.551979	-4.553905	132.713501	735213.437500	15638.753906	27253.818359	47055.226562
2007	05	261.678528	111.508614	280.978333	20.330538	-0.000008	-0.000007	130.808426	-8.303146	118.784241	702792.687500	15638.991211	27254.312500	47055.039062
2007	05	224.108765	81.222321	271.997192	48.919071	-0.000018	-0.000018	129.110764	-31.288759	98.843971	601891.187500	15639.268555	27254.107422	47054.085938
2007	05	237.188232	90.544922	273.766785	37.609077	-0.000014	-0.000014	127.123466	-46.106869	113.513969	637018.875000	15639.566406	27253.490234	47052.710938
2007	05	274.222473	122.281815	271.363831	-1.828207	0.000001	0.000001	119.423164	-11.967324	134.658478	736482.125000	15639.797852	27253.343750	47052.152344
2007	05	269.473663	117.693161	276.494873	8.051558	-0.000003	-0.000003	124.714355	-28.479675	135.376099	723728.187500	15639.975586	27253.876953	47052.160156
2007	05	268.203766	117.462967	278.038971	10.865488	-0.000004	-0.000004	127.298187	-5.691642	111.782135	720317.562500	15640.172852	27254.271484	47051.941406
2007	05	271.839935	121.092918	271.560028	0.750257	-0.000000	0.000000	120.812996	1.215770	124.602791	730083.250000	15640.361328	27254.611328	47051.726562
2007	05	291.591980	137.634430	272.131897	-18.430000	0.000007	0.000007	118.174332	61.844643	115.866669	783131.562500	15640.524414	27255.253906	47051.921875
2007	05	263.480255	115.775894	260.342773	-2.107477	0.000001	0.000001	112.638405	19.368633	80.065323	707631.625000	15640.663086	27255.992188	47052.406250
2007	05	270.778534	119.714851	270.846710	1.098099	-0.000000	-0.000000	119.783028	-10.214387	121.624161	727232.687500	15640.818359	27256.355469	47052.507812
2007	05	251.831406	104.109055	277.133331	26.331772	-0.000010	-0.000009	129.410980	-14.539183	103.229614	676346.125000	15641.006836	27256.644531	47052.195312
2007	05	240.118530	94.251793	265.410370	26.321564	-0.000010	-0.000009	119.543610	-27.210077	124.748253	644888.812500	15641.208008	27256.601562	47051.570312
2007	05	138.581787	10.883692	242.027664	104.475548	-0.000039	-0.000039	114.329582	-73.886787	89.254906	372190.531250	15641.452148	27255.158203	47049.890625
2007	05	280.479248	129.177505	265.047638	-14.402046	0.000005	0.000006	113.745903	28.041941	104.591080	753286.000000	15641.757812	27253.294922	47047.714844
2007	05	300.408447	145.186188	268.035614	-31.343346	0.000012	0.000012	112.813347	32.043968	154.263840	806810.000000	15641.870117	27254.142578	47048.339844
2007	05	297.084747	143.342499	261.794464	-34.260868	0.000013	0.000013	108.052238	63.013966	118.508362	797883.562500	15641.959961	27255.296875	47049.390625
2007	05	295.449524	142.546051	258.652069	-35.768143	0.000013	0.000014	105.748581	49.167374	123.703110	793491.750000	15642.048828	27256.376953	47050.468750
2007	05	302.316284	148.879822	257.561218	-43.725864	0.000016	0.000017	104.124725	53.817616	148.059158	811933.937500	15642.132812	27257.500000	47051.660156
2007	05	305.845978	151.874588	256.739563	-48.077271	0.000018	0.000018	102.768158	53.056076	159.355850	821413.687500	15642.207031	27258.806641	47053.074219
2007	05	302.705109	149.140488	252.139008	-49.537048	0.000018	0.000019	98.574379	49.179920	151.151215	812978.187500	15642.275391	27260.117188	47054.593750
2007	05	291.935120	143.179764	243.973099	-46.933033	0.000018	0.000018	95.217728	46.411785	130.286819	784053.125000	15642.338867	27261.322266	47056.140625
2007	05	300.014771	147.482239	246.752319	-52.233540	0.000020	0.000020	94.219788	56.565285	140.180573	805752.750000	15642.413086	27262.339844	47057.539062
2007	05	296.645020	146.176788	242.091476	-53.524715	0.000020	0.000020	91.623230	67.819260	140.152283	796702.562500	15642.476562	27263.509766	47059.175781
2007	05	293.030090	140.261520	244.838242	-47.163097	0.000018	0.000018	92.069656	60.411308	121.711861	786993.875000	15642.544922	27264.605469	47060.761719
2007	06	276.798279	131.055481	233.591629	-42.211163	0.000016	0.000017	87.848831	36.558289	112.153481	768179.937500	15642.626953	27265.529297	47062.175781
2007	06	273.406586	127.226204	232.443344	-39.967827	0.000015	0.000016	86.262970	42.648712	128.910797	758767.250000	15642.708984	27266.378906	47063.582031
2007	06	265.492096	120.598831	234.706879	-29.789881	0.000011	0.000012	89.813614	31.160858	93.136192	736802.625000	15642.804688	27267.064453	47064.789062
2007	06	257.223724	113.605865	234.644363	-21.584103	0.000008	0.000009	91.026512	4.341240	92.461327	713855.937500	15642.922852	27267.501953	47065.652344
2007	06	261.724792	117.231384	238.562454	-22.167171	0.000009	0.000009	94.069046	5.929425	101.410973	726347.437500	15643.042969	27267.912109	47066.449219
2007	06	267.720245	123.517738	249.314026	-17.411148	0.000007	0.000007	105.111504	9.378701	112.031845	742986.312500	15643.178711	27268.408203	47067.062500
2007	06	263.037628	120.320648	244.068726	-17.973915	0.000007	0.000007	101.351723	29.890238	87.931686	729990.937500	15643.322266	27268.937500	47067.574219
2007	06	281.576294	134.944611	247.407928	-33.173458	0.000013	0.000013	100.776222	45.121174	93.997597	781440.062500	15643.451172	27269.550781	47068.273438
2007	06	289.423676	142.200470	244.513824	-43.915012	0.000017	0.000017	97.290604	51.095047	116.897408	803218.375000	15643.547852	27270.613281	47069.476562
2007	06	295.022736	147.516632	241.378220	-52.649773	0.000020	0.000021	93.872093	61.106953	120.511055	818757.125000	15643.629883	27271.808594	47070.933594
2007	06	295.943481	149.759537	236.467087	-58.481705	0.000023	0.000023	90.283150	73.186317	130.049072	821312.375000	15643.694336	27273.164062	47072.687500
2007	06	285.676483	140.489105	234.071243	-50.610622	0.000020	0.000020	88.883865	63.836296	140.871841	792819.062500	15643.757812	27274.416016	47074.410156
2007	06	286.327667	139.314850	234.816483	-50.516644	0.000019	0.000020	87.803673	63.703167	126.535561	794626.312500	15643.828125	27275.511719	47076.015625
2007	06	277.282928	129.982117	238.493973	-37.794495	0.000015	0.000015	91.193153	48.366207	103.153313	769524.937500	15643.909180	27276.560547	47077.542969
2007	06	260.645081	117.347084	239.139633	-20.511040	0.000008	0.000008	95.841667	22.754953	92.668602	723351.000000	15644.021484	27277.316406	47078.628906
2007	06	256.402435	114.092087	243.905151	-11.502987	0.000004	0.000005	101.594795	-3.603104	97.557800	711576.750000	15644.161133	27277.703125	47079.191406
2007	06	281.722717	133.900482	250.897964	-29.830553	0.000012	0.000012	103.075706	55.309666	94.335945	781846.437500	15644.299805	27278.250000	47079.742188
2007	06	275.709839	129.064743	248.004257	-26.711441	0.000010	0.000011	101.359161	55.482166	75.759224	765159.250000	15644.416016	27279.171875	47080.707031
2007	06	278.577606	131.717377	246.112946	-31.470591	0.000012	0.000013	99.252731	55.288208	86.689240	773118.000000	15644.525391	27280.001953	47081.656250
2007	06	266.713348	120.083801	247.864853	-17.854536	0.000007	0.000007	101.235298	27.664402	83.524086	740191.937500	15644.633789	27280.810547	47082.582031
2007	06	195.250992	63.432339	237.150574	42.893456	-0.000017	-0.000016	105.331902	-18.943613	72.955017	541867.187500	15644.779297	27280.953125	47082.757812
2007	06	235.975906	96.676323	247.803619	12.821511	-0.000005	-0.000005	108.504013	1.236290	71.990875	654888.312500	15645.013672	27279.740234	47081.390625
2007	06	263.634216	119.077263	250.581665	-12.058829	0.000005	0.000005	106.024704	29.584822	87.053185	731646.625000	15645.170898	27279.828125	47081.375000
2007	06	268.723694	122.919029	253.379929	-14.350134	0.000006	0.000006	107.575249	13.725019	109.171318	745771.125000	15645.297852	27280.359375	47081.789062
2007	06	264.128326	118.770737	253.067566	-10.067207	0.000004	0.000004	107.709953	27.377808	89.473579	733017.875000	15645.416992	27280.976562	47082.277344
2007	06	267.746033	120.628098	255.248352	-11.504201	0.000004	0.000005	108.130409	34.173130	99.168770	743057.937500	15645.541016	27281.490234	47082.644531
2007	06	261.700531	114.117119	256.830750	-3.876384	0.000001	0.000002	109.247330	25.093060	85.818398	726280.125000	15645.661133	27282.052734	47083.035156
2007	06	227.934921	89.283829	245.971512	19.029902	-0.000007	-0.000007	107.320412	14.543851	59.037228	632572.750000	15645.810547	27282.070312	47082.882812
2007	06	256.336548	112.358627	250.843216	-4.500088	0.000002	0.000002	106.865295	-3.877096	114.263641	711393.812500	15645.958008	27281.960938	47082.699219
2007	06	234.988480	93.806274	249.580765	15.585442	-0.000006	-0.000006	108.398552	-2.076163	64.091629	652148.000000	15646.102539	27282.001953	47082.574219
2007	07	250.451431	103.494034	258.869385	9.444142	-0.000004	-0.000003	111.912003	12.716552	76.931633	672639.937500	15646.258789	27281.705078	47082.125000
2007	07	278.350586	126.135040	264.106659	-13.217832	0.000005	0.000005	111.891106	30.978462	91.458023	747569.000000	15646.393555	27281.837891	47082.097656
2007	07	283.298126	128.169785	268.580658	-13.691454	0.000005	0.000005	113.452316	51.903099	100.040436	760856.687500	15646.495117	27282.496094	47082.570312
2007	07	287.223267	132.144897	269.421936	-16.775431	0.000006	0.000007	114.343536	29.602495	104.656364	771398.437500	15646.595703	27283.285156	47083.132812
2007	07	269.911255	118.483391	267.108368	-1.777055	0.000001	0.000001	115.680489	-4.727523	100.648331	724903.375000	15646.696289	27283.988281	47083.609375
2007	07	284.644073	130.936646	272.555847	-11.062465	0.000004	0.000005	118.848419	44.875973	111.906898	764471.437500	15646.814453	27284.498047	47083.742188
2007	07	281.142670	127.137985	270.331909	-9.785087	0.000004	0.000004	116.327225	39.454910	100.707886	755067.750000	15646.914062	27285.253906	47084.187500
2007	07	279.182678	125.153023	271.317841	-6.839281	0.000003	0.000003	117.288155	13.357356	108.438789	749803.812500	15647.018555	27285.916016	47084.523438
2007	07	276.290955	122.819145	268.705963	-6.559464	0.000002	0.000003	115.234184	-5.176623	109.318932	742037.437500	15647.119141	27286.488281	47084.808594
2007	07	274.093781	122.266975	264.563599	-8.504753	0.000003	0.000004	112.736809	36.872665	112.775681	736136.375000	15647.221680	27286.949219	47085.039062
2007	07	275.224915	121.550903	266.709595	-7.489964	0.000003	0.000003	113.035606	2.655023	119.537605	739174.250000	15647.315430	27287.523438	47085.433594
2007	07	262.093292	112.765846	262.538239	1.470218	-0.000001	-0.000000	113.210823	-3.814923	117.637146	703906.625000	15647.420898	27287.923828	47085.644531
2007	07	225.509583	82.552498	257.657257	33.172852	-0.000012	-0.000012	114.700188	-69.802437	133.341522	605653.375000	15647.564453	27287.664062	47085.156250
2007	07	207.209885	69.227913	252.094101	45.909286	-0.000017	-0.000017	114.112122	-35.104237	85.392647	556505.687500	15647.742188	27286.855469	47084.109375
2007	07	174.454834	44.768505	242.828705	69.398880	-0.000026	-0.000026	113.142387	-43.317669	80.065628	468535.125000	15647.941406	27285.408203	47082.472656
2007	07	172.495026	41.742424	242.816742	71.346626	-0.000027	-0.000026	112.064133	-58.615238	90.054207	463271.656250	15648.173828	27283.435547	47080.312500
2007	07	47.968639	-64.500542	223.916855	176.973038	-0.000066	-0.000066	111.447670	-25.120588	11.171560	128829.859375	15648.422852	27280.435547	47077.191406
2007	07	134.440048	9.095174	234.912003	101.496681	-0.000038	-0.000038	109.567116	-17.372124	21.888229	361067.031250	15648.745117	27275.693359	47072.343750
2007	07	199.583832	62.927174	244.611359	46.052193	-0.000017	-0.000017	107.954704	-18.645210	40.762203	536024.312500	15649.045898	27273.091797	47069.687500
2007	07	279.274353	129.361954	253.744110	-24.505663	0.000009	0.000010	103.831711	38.302681	93.323891	750049.937500	15649.269531	27272.283203	47068.890625
2007	07	294.984070	141.629364	259.031494	-34.928085	0.000013	0.000013	105.676788	61.127144	100.531372	792241.687500	15649.328125	27273.015625	47069.660156
2007	07	270.330505	121.381073	254.616913	-14.689172	0.000005	0.000006	105.667496	35.430046	99.748489	726029.312500	15649.373047	27273.927734	47070.640625
2007	07	206.488190	68.575462	246.498779	41.034939	-0.000015	-0.000015	108.586067	-29.985111	72.943558	554567.375000	15649.486328	27273.769531	47070.464844
2007	07	133.352341	8.166320	234.588745	102.260651	-0.000038	-0.000038	109.402718	-11.956473	19.527197	358145.750000	15649.688477	27271.925781	47068.605469
2007	07	251.705826	106.180611	248.283630	-2.398016	0.000001	0.000001	102.758423	10.183163	92.765953	676008.875000	15649.937500	27269.607422	47066.285156
2007	07	278.247375	127.278320	253.879349	-23.343939	0.000009	0.000009	102.910294	42.200989	88.767868	747291.812500	15650.019531	27269.791016	47066.605469
2007	07	268.566711	118.839584	255.889801	-11.652899	0.000004	0.000005	106.162674	9.338446	100.423569	721292.375000	15650.083984	27270.326172	47067.210938
2007	07	278.912109	127.333817	261.088745	-16.799454	0.000006	0.000007	109.510437	-17.217796	143.471786	749077.062500	15650.156250	27270.853516	47067.738281
2007	07	260.551422	112.681862	259.239685	-0.287908	0.000000	0.000000	111.370110	-3.163444	102.046600	699765.625000	15650.252930	27271.195312	47067.906250
2007	07	275.975983	125.107666	257.956665	-16.995550	0.000006	0.000007	107.088348	44.826420	122.472557	741191.437500	15650.338867	27271.507812	47068.175781
2007	07	281.449097	129.221985	258.720886	-21.704514	0.000008	0.000008	106.493790	75.966316	113.334824	755890.687500	15650.399414	27272.134766	47068.816406
2007	08	275.701721	123.762230	258.659790	-16.018345	0.000006	0.000006	106.720284	70.597420	109.567749	740455.000000	15650.461914	27272.791016	47069.476562
2007	08	247.401367	102.026451	249.378769	3.000918	-0.000001	-0.000001	104.003838	19.906992	73.721939	664448.375000	15650.539062	27273.111328	47069.855469
2007	08	265.476654	117.690353	251.127533	-13.325672	0.000005	0.000005	103.341240	20.260740	95.874878	712993.312500	15650.633789	27273.091797	47069.960938
2007	08	270.450104	120.969040	262.267792	-7.158934	0.000003	0.000003	112.786743	-8.848700	124.597466	726350.500000	15650.717773	27273.464844	47070.289062
2007	08	261.245911	114.478447	257.302704	-2.919924	0.000001	0.000001	110.535248	17.029911	94.607155	701630.750000	15650.810547	27273.808594	47070.472656
2007	08	263.804993	116.107155	262.079071	-0.702745	0.000000	0.000001	114.381210	-7.526113	127.229797	708503.812500	15650.913086	27274.033203	47070.500000
2007	08	241.446548	98.534309	259.609650	19.186224	-0.000007	-0.000007	116.697418	-27.768927	116.855019	648455.437500	15651.027344	27274.212891	47070.367188
2007	08	237.935699	95.610207	259.688446	22.775806	-0.000009	-0.000008	117.362968	-25.991764	104.813438	639026.312500	15651.169922	27273.880859	47069.781250
2007	08	271.124298	123.058395	259.612518	-10.488828	0.000004	0.000004	111.546600	-4.725839	124.387329	728161.250000	15651.280273	27273.779297	47069.445312
2007	08	284.296478	134.991241	260.061462	-23.212162	0.000009	0.000009	110.756210	10.010395	134.607651	763537.937500	15651.344727	27274.347656	47069.871094
2007	08	252.876617	108.573006	257.942474	6.088646	-0.000002	-0.000002	113.638847	-39.221802	145.317810	679153.312500	15651.412109	27274.902344	47070.265625
2007	08	220.938782	83.251938	246.778305	26.862251	-0.000010	-0.000010	109.091461	-7.521228	70.116341	593377.500000	15651.526367	27274.611328	47069.820312
2007	08	291.408203	140.739380	257.059265	-33.326283	0.000012	0.000013	106.390457	50.681885	122.016991	782637.937500	15651.626953	27274.396484	47069.582031
2007	08	280.156616	132.045135	257.213379	-21.920683	0.000008	0.000009	109.101883	15.382025	129.719879	752419.500000	15651.665039	27275.351562	47070.527344
2007	08	299.942993	147.473541	261.393646	-37.526848	0.000014	0.000014	108.924210	83.098106	136.432556	805559.937500	15651.717773	27276.238281	47071.316406
2007	08	275.388245	127.789810	253.912155	-20.453701	0.000008	0.000008	106.313705	47.485348	106.786964	739613.062500	15651.756836	27277.292969	47072.386719
2007	08	266.929169	121.250710	251.783295	-14.123563	0.000005	0.000006	106.104820	31.173994	86.107574	716894.437500	15651.827148	27277.839844	47072.941406
2007	08	247.523193	105.082420	248.233780	1.732834	-0.000001	-0.000000	105.792999	23.436483	97.202179	664775.562500	15651.912109	27277.974609	47073.121094
2007	08	274.131714	127.579948	254.944107	-18.165417	0.000007	0.000007	108.392357	-27.659918	163.533768	736238.312500	15652.002930	27278.138672	47073.300781
2007	08	283.548920	135.188248	253.449524	-29.077305	0.000011	0.000011	105.088837	51.136719	107.474915	761530.187500	15652.061523	27278.855469	47073.996094
2007	08	281.582031	133.270813	254.354630	-26.205408	0.000010	0.000010	106.043388	15.189142	131.694290	756247.750000	15652.106445	27279.716797	47074.933594
2007	08	281.179413	132.758377	255.233261	-24.924200	0.000009	0.000010	106.812225	50.282501	108.125381	755166.375000	15652.169922	27280.445312	47075.644531
2007	08	231.037659	90.651932	245.094772	15.078983	-0.000006	-0.000005	104.709045	9.009604	63.513680	620500.187500	15652.249023	27280.779297	47076.035156
2007	08	281.509125	132.848557	256.133575	-24.353786	0.000009	0.000009	107.472969	1.122187	145.470352	756052.000000	15652.350586	27280.654297	47075.976562
2007	08	274.266968	126.610847	261.478607	-11.766635	0.000004	0.000005	113.822502	20.055611	123.786430	736601.562500	15652.422852	27281.369141	47076.519531
2007	08	259.851685	114.895393	258.394165	-0.435867	0.000000	0.000001	113.437897	-4.995174	120.464134	697886.312500	15652.509766	27281.884766	47076.832031
2007	08	208.272125	72.307983	248.729721	41.479153	-0.000015	-0.000015	112.765579	-38.224113	94.104462	559358.562500	15652.630859	27281.537109	47076.292969
2007	08	280.756012	131.116882	258.696747	-21.037817	0.000008	0.000008	109.057587	46.972645	124.543968	754029.312500	15652.764648	27281.062500	47075.683594
2007	08	266.639740	119.663109	255.953384	-9.664951	0.000004	0.000004	108.976761	-2.442430	128.943375	716117.062500	15652.824219	27281.695312	47076.261719
2007	08	281.130219	131.859131	265.996216	-14.112678	0.000005	0.000006	116.725136	-0.659984	159.271698	755034.250000	15652.904297	27282.171875	47076.523438
2007	08	278.801575	130.411804	257.157104	-20.623249	0.000008	0.000008	108.767311	15.780701	137.080200	748780.250000	15652.957031	27283.023438	47077.218750
2007	09	266.488373	123.697449	247.444809	-18.055344	0.000007	0.000007	104.653885	30.605160	104.211479	739567.562500	15653.015625	27283.646484	47077.757812
2007	09	270.817230	126.500671	246.537048	-23.292057	0.000009	0.000009	102.220467	69.732956	115.953392	751581.187500	15653.066406	27284.306641	47078.441406
2007	09	228.985275	90.965889	239.024185	11.026979	-0.000004	-0.000004	101.004799	-2.110370	68.469078	635487.687500	15653.131836	27284.685547	47078.894531
2007	09	268.851166	125.739212	241.249878	-26.613291	0.000010	0.000011	98.137932	89.460571	131.599899	746124.812500	15653.213867	27284.578125	47078.921875
2007	09	267.220032	121.685417	244.456818	-21.775280	0.000008	0.000009	98.922226	67.090569	109.245781	741598.062500	15653.255859	27285.273438	47079.789062
2007	09	230.269363	91.487366	238.839783	9.558244	-0.000004	-0.000003	100.057770	11.593557	84.684532	639051.375000	15653.335938	27285.468750	47080.105469
2007	09	246.865601	105.312218	240.087601	-5.790247	0.000002	0.000003	98.534203	48.584816	78.582115	685109.750000	15653.439453	27285.259766	47080.062500
2007	09	179.608246	50.645340	233.777115	55.156578	-0.000021	-0.000021	104.814232	-27.390903	85.755638	498454.843750	15653.573242	27284.591797	47079.468750
2007	09	276.074921	130.843811	247.174088	-27.913212	0.000011	0.000011	101.942993	63.857605	107.217064	766172.437500	15653.735352	27283.794922	47078.628906
2007	09	273.647858	127.603523	246.016052	-26.644266	0.000010	0.000011	99.971725	65.306984	93.622299	759436.812500	15653.780273	27284.652344	47079.582031
2007	09	254.694641	111.402855	242.536636	-11.170549	0.000004	0.000005	99.244843	37.182346	75.607056	706837.125000	15653.836914	27285.242188	47080.296875
2007	09	261.613342	117.540306	242.934021	-17.691952	0.000007	0.000007	98.860970	52.885582	90.098686	726038.250000	15653.899414	27285.646484	47080.875000
2007	09	239.433395	99.174232	241.956741	3.510648	-0.000001	-0.000001	101.697578	34.125977	81.254639	664483.625000	15653.981445	27285.847656	47081.179688
2007	09	265.652954	119.589371	249.943787	-14.721964	0.000006	0.000006	103.880173	33.974613	104.278976	737249.125000	15654.082031	27285.929688	47081.265625
2007	09	259.602814	115.278778	254.657455	-3.958192	0.000002	0.000002	110.333427	18.168541	120.198997	720458.500000	15654.156250	27286.482422	47081.726562
2007	09	224.627930	86.083405	252.051849	28.410992	-0.000011	-0.000011	113.507317	-21.208111	101.214806	623395.062500	15654.269531	27286.650391	47081.562500
2007	09	178.619141	50.735306	238.886780	61.254627	-0.000024	-0.000023	111.002937	-22.731750	64.675667	495709.875000	15654.440430	27285.484375	47080.140625
2007	09	196.092575	64.744286	237.677643	42.571991	-0.000016	-0.000016	106.329346	-7.593630	59.557316	544202.750000	15654.631836	27284.085938	47078.570312
2007	09	157.949219	33.056370	229.756104	72.793732	-0.000028	-0.000028	104.863251	-3.879169	29.302328	438346.000000	15654.815430	27282.185547	47076.625000
2007	09	164.216949	39.628765	227.248657	64.018471	-0.000025	-0.000024	102.660454	-7.369922	36.947815	455740.437500	15655.047852	27279.855469	47074.277344
2007	09	214.247559	80.408043	232.900467	19.639606	-0.000008	-0.000007	99.060936	15.822856	52.498032	594587.062500	15655.229492	27278.080078	47072.589844
2007	09	221.377747	86.288307	235.163116	14.772017	-0.000006	-0.000005	100.073685	25.705458	62.194077	614375.000000	15655.345703	27277.371094	47071.996094
2007	09	120.870201	3.862819	221.691208	101.807541	-0.000039	-0.000039	104.683800	-9.368209	23.717056	335443.093750	15655.500977	27275.994141	47070.691406
2007	09	214.338394	82.351723	231.785461	18.433556	-0.000007	-0.000007	99.798798	1.650662	79.686508	594839.125000	15655.750000	27273.201172	47067.914062
2007	09	254.635025	114.439804	239.323029	-14.325586	0.000006	0.000006	99.127792	40.520527	92.799561	706671.687500	15655.861328	27272.878906	47067.722656
2007	09	254.742416	112.904739	243.580429	-10.175641	0.000004	0.000004	101.742752	36.096336	96.543556	706969.812500	15655.924805	27273.156250	47068.085938
2007	09	224.887268	88.401276	237.917725	14.016741	-0.000005	-0.000005	101.431747	7.549227	71.856018	624114.750000	15656.001953	27273.259766	47068.253906
2007	09	249.522598	108.232788	241.823257	-6.713152	0.000003	0.000003	100.533440	31.202126	85.508842	692483.562500	15656.101562	27272.845703	47067.929688
2007	09	255.463562	113.923347	242.497025	-11.980424	0.000005	0.000005	100.956802	66.866638	89.381149	708971.062500	15656.170898	27273.130859	47068.304688
2007	09	182.033051	53.881439	229.788193	48.741177	-0.000019	-0.000018	101.636574	-6.460804	46.110676	505184.281250	15656.285156	27272.638672	47067.871094
2007	10	269.193207	122.651955	248.888397	-19.285973	0.000007	0.000008	102.347130	77.873009	96.306503	722974.937500	15656.421875	27271.716797	47067.078125
2007	10	213.781998	75.740067	255.853348	43.090103	-0.000016	-0.000016	117.811394	-12.144347	89.381470	574156.437500	15656.522461	27271.746094	47066.957031
2007	10	71.190605	-42.110935	228.721039	158.549118	-0.000059	-0.000059	115.419495	-11.901983	13.849942	191197.328125	15656.726562	27269.515625	47064.437500
2007	10	262.909912	119.349380	250.462402	-11.428894	0.000004	0.000005	106.901878	34.731407	99.741066	706099.750000	15656.993164	27266.363281	47061.148438
2007	10	261.770233	117.760948	245.530548	-15.221161	0.000006	0.000006	101.521255	45.094906	103.792000	703039.062500	15657.117188	27266.626953	47061.484375
2007	10	242.368256	101.243462	246.832733	5.482941	-0.000002	-0.000002	105.707954	-9.312819	108.299248	650930.875000	15657.176758	27266.720703	47061.707031
2007	10	231.774307	93.197639	254.909378	24.153440	-0.000009	-0.000009	116.332687	-22.536381	123.465317	622478.625000	15657.282227	27266.433594	47061.277344
2007	10	230.710083	92.948128	253.141891	23.450123	-0.000009	-0.000008	115.379936	-8.382811	102.318153	619620.437500	15657.421875	27265.833984	47060.324219
2007	10	264.812073	120.057114	254.483902	-9.309933	0.000003	0.000004	109.728943	34.117031	116.838432	711208.500000	15657.529297	27265.650391	47059.972656
2007	10	274.454559	127.948563	255.463989	-17.972418	0.000007	0.000007	108.957993	48.157600	120.857964	737105.437500	15657.584961	27266.140625	47060.375000
2007	10	261.917358	118.010231	252.528641	-8.370627	0.000003	0.000004	108.621521	21.348061	117.372719	703434.125000	15657.634766	27266.666016	47060.843750
2007	10	257.638947	115.371948	246.758835	-9.862101	0.000004	0.000004	104.491829	28.002899	112.579552	691943.562500	15657.699219	27266.921875	47061.109375
2007	10	260.322296	116.966576	243.944092	-15.360240	0.000006	0.000006	100.588387	39.977386	103.668953	699150.187500	15657.759766	27267.093750	47061.433594
2007	10	253.519470	110.920952	243.578751	-8.922853	0.000003	0.000004	100.980232	26.972673	98.159103	680879.812500	15657.814453	27267.333984	47061.886719
2007	10	267.947937	122.243446	255.728241	-11.201904	0.000004	0.000005	110.023750	23.494837	139.283234	719630.500000	15657.886719	27267.523438	47062.113281
2007	10	269.822479	123.595169	263.727997	-5.076794	0.000002	0.000002	117.500656	12.228194	149.994110	724665.000000	15657.969727	27267.955078	47062.269531
2007	10	266.460846	121.625633	252.907974	-12.535232	0.000005	0.000005	108.072754	26.022402	124.084839	715636.625000	15658.035156	27268.480469	47062.632812
2007	10	239.350113	99.545029	243.949448	5.616907	-0.000002	-0.000002	104.144379	23.455734	83.797218	642825.000000	15658.106445	27268.613281	47062.781250
2007	10	239.354111	100.469765	239.529297	1.192679	-0.000000	-0.000000	100.644951	14.971392	87.476501	642835.750000	15658.190430	27268.404297	47062.734375
2007	10	263.473267	121.095604	243.867767	-18.588078	0.000007	0.000007	101.490112	39.613171	112.942329	707612.750000	15658.265625	27268.306641	47062.796875
2007	10	255.161301	114.474380	238.474182	-15.669765	0.000006	0.000006	97.787270	25.751673	95.195168	685289.312500	15658.324219	27268.564453	47063.292969
2007	10	272.116669	129.395340	237.304962	-33.794441	0.000013	0.000013	94.583618	62.128639	120.045135	730826.500000	15658.374023	27268.863281	47063.933594
2007	10	267.287018	125.046852	235.519440	-30.750340	0.000011	0.000012	93.279305	64.081589	111.771042	717855.437500	15658.409180	27269.443359	47064.933594
2007	10	262.010559	120.468079	234.453201	-26.540237	0.000010	0.000010	92.910698	57.778065	106.021706	703684.437500	15658.455078	27269.884766	47065.820312
2007	10	224.357483	89.017731	242.883698	19.543285	-0.000007	-0.000007	107.543945	1.641574	87.152443	602559.187500	15658.544922	27269.902344	47066.046875
2007	10	227.813766	92.201248	239.148499	12.351730	-0.000005	-0.000004	103.535995	2.473917	89.333382	611841.750000	15658.680664	27269.291016	47065.457031
2007	10	156.584900	32.786266	225.919037	70.351051	-0.000026	-0.000026	102.120399	-17.242048	42.304230	420541.656250	15658.829102	27268.181641	47064.503906
2007	10	134.218781	14.785202	221.167526	87.965576	-0.000033	-0.000032	101.733932	-24.082710	41.683804	360472.750000	15659.061523	27265.398438	47061.894531
2007	10	249.316254	110.296043	236.230057	-12.069423	0.000005	0.000005	97.209839	32.643993	91.136398	669591.187500	15659.280273	27263.388672	47060.078125
2007	10	260.780792	118.612846	238.388535	-21.375565	0.000008	0.000008	96.220573	43.370522	94.236176	700381.625000	15659.346680	27263.515625	47060.523438
2007	10	266.238251	122.506935	249.835938	-15.385685	0.000006	0.000006	106.104622	48.714321	127.174698	715038.812500	15659.407227	27263.892578	47061.078125
2007	11	240.732498	104.283447	240.468430	0.719686	-0.000000	0.000000	104.019371	23.586926	107.619965	668088.937500	15659.495117	27264.181641	47061.335938
2007	11	247.124832	110.856880	233.852905	-12.288235	0.000005	0.000005	97.584953	47.671352	97.165588	685829.187500	15659.583008	27264.218750	47061.472656
2007	11	251.369690	112.770172	234.549698	-15.836376	0.000006	0.000006	95.950172	55.947693	115.324120	697609.687500	15659.649414	27264.453125	47061.937500
2007	11	254.394592	116.103920	234.407486	-19.003565	0.000007	0.000008	96.116806	60.449299	115.675049	706004.500000	15659.718750	27264.724609	47062.429688
2007	11	237.321976	101.197571	233.150833	-3.187683	0.000001	0.000002	97.026405	15.386160	122.561943	658624.000000	15659.793945	27264.876953	47062.808594
2007	11	247.828247	111.864891	229.510468	-17.334366	0.000007	0.000007	93.547112	52.815147	105.919495	687781.312500	15659.873047	27264.949219	47063.160156
2007	11	243.113907	107.511528	230.762497	-11.368073	0.000004	0.000005	95.160110	40.197784	105.217186	674697.937500	15659.947266	27265.101562	47063.609375
2007	11	217.633102	84.473328	238.198761	21.548939	-0.000008	-0.000008	105.038994	-39.852928	132.269699	603982.750000	15660.052734	27264.937500	47063.558594
2007	11	224.157837	90.134537	244.411224	21.236580	-0.000008	-0.000008	110.387924	-7.045984	112.107689	622090.437500	15660.194336	27264.419922	47062.871094
2007	11	221.732666	88.573158	245.836502	25.086943	-0.000010	-0.000009	112.676971	-5.315853	101.051025	615360.000000	15660.343750	27263.892578	47062.042969
2007	11	221.295929	90.828453	234.194611	13.881727	-0.000005	-0.000005	103.727127	22.757658	83.341408	614147.937500	15660.477539	27263.404297	47061.382812
2007	11	156.652466	37.513344	218.779388	63.109913	-0.000024	-0.000024	99.640274	-18.968267	53.934410	434747.218750	15660.621094	27262.232422	47060.292969
2007	11	237.113937	105.841385	225.122025	-11.009008	0.000004	0.000005	93.849457	43.970936	86.462540	658046.625000	15660.793945	27260.681641	47058.937500
2007	11	238.365555	106.313347	224.060593	-13.322126	0.000005	0.000006	92.008362	40.692463	91.981689	661520.125000	15660.855469	27260.701172	47059.308594
2007	11	234.486526	101.510010	226.076385	-7.427359	0.000003	0.000003	93.099861	31.416128	93.389809	650754.937500	15660.925781	27260.611328	47059.589844
2007	11	225.255569	92.867622	231.423889	7.151045	-0.000003	-0.000002	99.035957	12.614244	100.972900	625136.875000	15661.025391	27260.294922	47059.484375
2007	11	253.288422	115.639137	234.839722	-17.466053	0.000007	0.000007	97.190445	55.633965	110.072350	702934.562500	15661.123047	27260.212891	47059.566406
2007	11	249.706009	111.727280	238.060486	-10.662933	0.000004	0.000004	100.081779	51.677601	127.137314	692992.562500	15661.196289	27260.558594	47060.046875
2007	11	227.159470	92.455605	235.900482	9.723532	-0.000004	-0.000003	101.196632	-8.836893	106.553833	630420.625000	15661.281250	27260.621094	47060.242188
2007	11	228.949341	93.236305	243.403290	15.436390	-0.000006	-0.000006	107.690254	-7.400903	111.108459	635387.937500	15661.404297	27260.248047	47059.789062
2007	11	237.193649	101.148056	241.793289	5.581999	-0.000002	-0.000002	105.747688	22.525032	116.073402	658267.812500	15661.521484	27260.007812	47059.437500
2007	11	211.746948	80.239983	244.738144	33.973480	-0.000013	-0.000013	113.231178	-2.069156	106.795326	587647.312500	15661.645508	27259.673828	47058.898438
2007	11	211.523346	79.626099	245.702408	35.161266	-0.000014	-0.000013	113.805138	-9.136186	107.304329	587026.750000	15661.808594	27258.929688	47057.761719
2007	11	194.272110	65.963646	232.976791	39.686817	-0.000015	-0.000015	104.668320	-16.319286	78.050926	539150.500000	15661.963867	27257.964844	47056.605469
2007	11	216.756973	85.076630	236.371506	20.596611	-0.000008	-0.000008	104.691154	-5.276352	104.563637	601551.250000	15662.102539	27256.919922	47055.546875
2007	11	221.794830	89.790787	236.635162	15.822340	-0.000006	-0.000006	104.631119	14.810223	100.135208	615532.500000	15662.220703	27256.304688	47054.839844
2007	11	203.727051	75.557739	238.955811	36.210686	-0.000014	-0.000014	110.786499	-42.830929	127.538017	565390.250000	15662.344727	27255.681641	47054.082031
2007	11	223.064438	90.732254	227.246323	5.163748	-0.000002	-0.000002	94.914131	2.258289	103.309608	619055.937500	15662.471680	27254.833984	47053.320312
2007	11	213.625305	80.966125	234.525528	21.882017	-0.000008	-0.000008	101.866348	24.627598	95.270081	592860.187500	15662.563477	27254.429688	47052.980469
2007	11	44.959080	-59.863670	211.016998	167.039627	-0.000064	-0.000064	106.194252	-14.451493	19.055246	124771.960938	15662.723633	27252.359375	47050.906250
2007	12	224.316116	88.277763	248.061462	24.759680	-0.000009	-0.000009	112.023109	-17.730076	99.088135	602448.062500	15663.001953	27248.804688	47047.210938
2007	12	251.329407	111.265266	244.691620	-5.623519	0.000002	0.000002	104.627480	40.090332	92.062622	674997.937500	15663.194336	27248.375000	47046.667969
2007	12	241.863464	104.571648	238.814041	-2.035236	0.000001	0.000001	101.522217	35.559021	78.128281	649575.125000	15663.256836	27248.375000	47046.792969
2007	12	235.770309	96.209953	244.104584	9.348403	-0.000003	-0.000003	104.544228	20.898132	91.876839	633210.750000	15663.334961	27248.138672	47046.667969
2007	12	225.221893	89.037285	243.071228	18.863394	-0.000007	-0.000007	106.886620	-8.583745	100.566498	604880.687500	15663.435547	27247.697266	47046.246094
2007	12	241.552200	103.902428	241.240479	0.702264	-0.000000	0.000000	103.590706	32.752216	77.845306	648739.250000	15663.541992	27247.212891	47045.773438
2007	12	246.815598	109.596016	237.304611	-8.497064	0.000003	0.000004	100.085030	58.210819	78.468689	662875.187500	15663.616211	27247.109375	47045.839844
2007	12	257.962677	116.689774	240.663269	-16.285563	0.000006	0.000006	99.390366	64.939545	96.561691	692813.000000	15663.686523	27247.132812	47046.058594
2007	12	213.935730	79.177414	239.911530	26.989571	-0.000010	-0.000010	105.153206	-35.477497	113.597321	574569.375000	15663.762695	27247.060547	47046.167969
2007	12	240.455078	101.478058	244.119507	4.678138	-0.000002	-0.000001	105.142502	35.890587	97.331139	645792.625000	15663.883789	27246.382812	47045.492188
2007	12	236.536911	98.341438	243.630005	8.106747	-0.000003	-0.000003	105.434555	22.192503	92.479370	635269.562500	15663.982422	27246.160156	47045.296875
2007	12	199.645691	68.320168	235.469131	36.837009	-0.000014	-0.000013	104.143616	16.476788	51.205231	536190.437500	15664.102539	27245.439453	47044.628906
2007	12	179.390091	53.069820	228.640854	50.264248	-0.000019	-0.000018	102.320572	-3.087604	48.864552	481789.781250	15664.264648	27243.970703	47043.269531
2007	12	238.861313	99.776009	241.089478	3.241583	-0.000001	-0.000001	102.004173	25.720806	93.454018	641512.250000	15664.414062	27242.728516	47042.160156
2007	12	233.024368	94.938362	241.102371	9.091344	-0.000003	-0.000003	103.016350	11.266162	104.690163	625835.937500	15664.502930	27242.498047	47042.027344
2007	12	128.689133	10.287377	226.116928	98.441086	-0.000037	-0.000036	107.715187	-36.571938	62.749233	345621.656250	15664.644531	27241.089844	47040.726562
2007	12	229.380753	92.266197	246.692093	18.324539	-0.000007	-0.000006	109.577522	-26.973938	128.910950	616050.250000	15664.882812	27238.898438	47038.378906
2007	12	225.295929	90.432320	241.390869	17.108063	-0.000006	-0.000006	106.527245	-14.710262	126.361412	605079.562500	15665.002930	27238.394531	47037.835938
2007	12	244.008713	105.577675	242.164474	-0.831179	0.000000	0.000001	103.733437	53.284714	75.785324	655336.687500	15665.104492	27237.945312	47037.406250
2007	12	219.570358	85.873436	237.980072	19.422714	-0.000007	-0.000007	104.283150	-36.004326	118.207382	589702.312500	15665.190430	27237.683594	47037.246094
2007	12	248.509567	108.802216	242.384628	-5.112002	0.000002	0.000002	102.677284	26.246401	103.586601	667424.687500	15665.291992	27237.162109	47036.777344
2007	12	244.532745	106.282478	238.016235	-5.503658	0.000002	0.000002	99.765968	42.326801	81.068672	656744.125000	15665.364258	27237.103516	47036.886719
2007	12	260.108948	120.897499	235.554077	-23.542084	0.000009	0.000009	96.342628	69.650650	98.784485	698577.312500	15665.422852	27237.207031	47037.257812
2007	12	255.031494	114.433975	236.538788	-17.480000	0.000007	0.000007	95.941254	55.076565	105.327240	684940.687500	15665.471680	27237.470703	47037.843750
2007	12	232.542084	94.202187	236.915894	5.386460	-0.000002	-0.000002	98.575996	-3.111560	101.220970	624540.625000	15665.536133	27237.515625	47038.187500
2007	12	239.729187	99.732368	239.921280	1.204667	-0.000000	-0.000000	99.924461	7.171142	100.674744	643843.125000	15665.627930	27237.205078	47038.101562
2007	12	250.850494	109.845352	243.779526	-6.058470	0.000002	0.000003	102.774384	49.515324	93.857536	673711.687500	15665.717773	27237.078125	47038.109375
2007	12	241.031357	102.402260	238.733124	-1.285813	0.000000	0.000001	100.104012	39.142109	78.567429	647340.375000	15665.798828	27237.105469	47038.296875
2007	12	248.094910	108.327080	239.676651	-7.405911	0.000003	0.000003	99.908813	34.061646	102.315857	666311.000000	15665.882812	27236.966797	47038.359375
2007	12	235.752991	98.427444	238.332275	3.591565	-0.000001	-0.000001	101.006721	16.901947	93.539375	633164.187500	15665.962891	27236.933594	47038.523438
2007	12	251.797546	110.741196	247.963715	-2.821635	0.000001	0.000001	106.907349	8.927718	133.895782	676255.250000	15666.063477	27236.703125	47038.335938
2008	01	245.419678	105.081795	243.627808	-0.779730	0.000000	0.000001	103.289917	34.720131	76.292496	659126.125000	15666.148438	27236.804688	47038.476562
2008	01	258.002106	110.651588	248.992233	-7.997749	0.000003	0.000003	101.641731	54.882690	107.914536	692918.875000	15666.232422	27236.755859	47038.531250
2008	01	248.992386	105.135803	242.504700	-5.475646	0.000002	0.000002	98.648117	57.238884	76.072556	668721.375000	15666.300781	27236.859375	47038.835938
2008	01	256.187378	112.090813	240.507828	-14.667590	0.000005	0.000006	96.411255	58.668743	89.305435	688045.062500	15666.375000	27236.853516	47039.105469
2008	01	259.865662	114.127693	241.297699	-17.556097	0.000007	0.000007	95.559715	67.201675	98.394485	697923.812500	15666.438477	27236.982422	47039.554688
2008	01	243.411652	99.642517	239.371765	-3.028081	0.000001	0.000002	95.602646	54.607822	69.269363	653733.125000	15666.503906	27237.060547	47039.984375
2008	01	259.313080	111.058296	243.134735	-15.166617	0.000006	0.000006	94.879967	51.818138	93.760185	696439.750000	15666.587891	27236.947266	47040.203125
2008	01	252.755692	105.880905	241.620483	-10.123570	0.000004	0.000004	94.745712	60.294029	99.045807	678828.562500	15666.654297	27237.074219	47040.699219
2008	01	250.125793	103.249878	241.597977	-7.516276	0.000003	0.000003	94.722061	52.901287	78.433823	671765.375000	15666.729492	27237.085938	47041.074219
2008	01	256.487762	110.134003	240.476486	-14.999805	0.000006	0.000006	94.122734	66.487923	92.149117	688851.750000	15666.810547	27237.058594	47041.410156
2008	01	229.077576	90.221115	232.016724	3.950515	-0.000001	-0.000001	93.160248	25.449005	72.215416	615235.937500	15666.892578	27236.929688	47041.691406
2008	01	240.604462	99.280067	235.562958	-4.030207	0.000002	0.000002	94.238556	41.811665	82.385880	646193.875000	15666.996094	27236.492188	47041.648438
2008	01	239.617523	98.720787	235.116333	-3.489962	0.000001	0.000002	94.219604	33.162582	88.394470	643543.187500	15667.094727	27236.187500	47041.730469
2008	01	228.987183	89.473343	234.843445	6.867395	-0.000003	-0.000002	95.329597	8.881253	88.942116	614993.250000	15667.199219	27235.806641	47041.695312
2008	01	258.789825	114.408897	236.824066	-20.954727	0.000008	0.000008	92.443115	70.888412	81.673546	695034.500000	15667.296875	27235.476562	47041.757812
2008	01	244.289795	103.947182	231.809738	-11.469088	0.000004	0.000005	91.467117	60.407288	61.612980	656091.625000	15667.369141	27235.572266	47042.304688
2008	01	240.531876	99.209450	233.398087	-6.122902	0.000002	0.000003	92.075653	40.904587	66.887535	645998.937500	15667.455078	27235.410156	47042.617188
2008	01	266.366302	119.010620	239.526123	-25.829357	0.000010	0.000010	92.170448	73.769020	93.881424	715382.687500	15667.545898	27235.289062	47042.910156
2008	01	252.573868	106.377831	238.326492	-13.236665	0.000005	0.000005	92.130432	59.016678	78.689384	678340.250000	15667.614258	27235.582031	47043.660156
2008	01	251.957840	106.900993	237.225067	-13.722125	0.000005	0.000006	92.168221	59.448227	74.640167	676685.750000	15667.699219	27235.611328	47044.132812
2008	01	265.560211	118.162743	238.730591	-25.819065	0.000010	0.000010	91.333099	82.341820	84.242218	713217.750000	15667.784180	27235.677734	47044.640625
2008	01	261.451782	114.945114	236.064041	-24.377249	0.000009	0.000009	89.557373	74.350647	74.861855	702183.687500	15667.850586	27236.017578	47045.488281
2008	01	257.867493	109.750114	237.623657	-19.233444	0.000007	0.000008	89.506264	49.041786	91.079391	692557.312500	15667.921875	27236.269531	47046.257812
2008	01	267.516235	119.730988	234.321152	-32.184742	0.000012	0.000012	86.535919	59.143021	97.376030	718471.000000	15667.994141	27236.482422	47047.046875
2008	01	263.496552	117.328842	230.920990	-31.565294	0.000012	0.000012	84.753304	57.244923	90.265396	707675.375000	15668.052734	27236.884766	47048.105469
2008	01	264.921967	119.349907	228.314606	-35.597210	0.000013	0.000014	82.742531	66.908340	91.705223	711503.625000	15668.117188	27237.185547	47049.117188
2008	01	260.986938	116.261353	226.383469	-33.593403	0.000013	0.000013	81.657867	61.985851	81.617546	700935.250000	15668.175781	27237.576172	47050.285156
2008	01	244.989334	99.676422	231.137527	-12.841805	0.000005	0.000005	85.824615	31.239607	81.509666	657970.312500	15668.253906	27237.695312	47051.125000
2008	01	263.030029	117.900497	230.714737	-31.305368	0.000012	0.000012	85.585197	75.152802	84.255409	706422.437500	15668.350586	27237.675781	47051.726562
2008	01	257.843201	113.533150	229.250427	-27.582933	0.000010	0.000011	84.940369	55.006119	78.393944	692492.187500	15668.430664	27237.935547	47052.660156
2008	01	260.976196	114.595612	231.213104	-28.753353	0.000011	0.000011	84.832497	51.591461	104.270721	700906.437500	15668.514648	27238.121094	47053.511719
2008	02	239.167618	104.263504	212.117584	-26.105476	0.000010	0.000011	77.213486	42.880337	104.583855	686633.875000	15668.596680	27238.324219	47054.433594
2008	02	250.711319	115.290070	209.535828	-40.231049	0.000016	0.000016	74.114548	56.750256	106.508224	719775.125000	15668.672852	27238.554688	47055.457031
2008	02	251.740753	117.348099	205.731705	-45.064651	0.000018	0.000018	71.339050	61.729935	97.719292	722730.437500	15668.733398	27239.041016	47056.851562
2008	02	252.295914	118.321526	203.046967	-48.304623	0.000019	0.000020	69.072578	70.350044	113.468163	724324.375000	15668.789062	27239.562500	47058.367188
2008	02	252.935379	119.965904	199.168045	-52.823078	0.000021	0.000021	66.198563	59.946663	116.074890	726160.187500	15668.841797	27240.080078	47059.968750
2008	02	246.507492	113.024902	199.858398	-45.704895	0.000018	0.000019	66.375816	55.857281	81.545822	707706.125000	15668.894531	27240.576172	47061.609375
2008	02	247.373474	111.206268	204.644012	-41.785347	0.000017	0.000017	68.476799	53.049400	99.607941	710192.312500	15668.967773	27240.962891	47063.062500
2008	02	250.557495	110.960732	208.845230	-40.768234	0.000016	0.000017	69.248451	54.515423	110.808678	719333.437500	15669.048828	27241.343750	47064.472656
2008	02	255.062881	114.721077	208.247635	-45.871292	0.000018	0.000019	67.905815	61.270630	102.022591	732268.125000	15669.127930	27241.851562	47066.023438
2008	02	245.265015	107.807205	205.327667	-38.993477	0.000016	0.000016	67.869835	58.481178	85.458542	704139.125000	15669.206055	27242.355469	47067.609375
2008	02	252.288712	113.150307	206.406464	-44.938450	0.000018	0.000018	67.268044	58.399448	103.694656	724303.562500	15669.294922	27242.695312	47069.015625
2008	02	249.335953	109.609985	204.670410	-43.721798	0.000017	0.000018	64.944458	38.200848	109.141670	715826.437500	15669.375000	27243.181641	47070.632812
2008	02	240.899567	102.313850	204.915344	-35.040562	0.000014	0.000014	66.329636	27.753773	92.487114	691606.125000	15669.456055	27243.507812	47072.140625
2008	02	245.134598	109.103798	203.298035	-40.892975	0.000016	0.000017	67.267242	74.975426	99.003807	703764.625000	15669.558594	27243.720703	47073.429688
2008	02	244.204941	107.804276	202.492111	-40.769314	0.000016	0.000017	66.091454	54.643795	90.804787	701095.625000	15669.657227	27243.994141	47074.808594
2008	02	247.957642	108.977486	207.736008	-39.278206	0.000016	0.000016	68.755852	59.061386	93.395996	711869.375000	15669.755859	27244.328125	47076.242188
2008	02	250.915237	112.916260	208.384979	-41.586899	0.000017	0.000017	70.386009	69.763161	94.146004	720360.437500	15669.865234	27244.738281	47077.660156
2008	02	258.776886	119.432083	209.948334	-47.885292	0.000019	0.000019	70.603516	83.812622	95.499733	742930.750000	15669.976562	27245.255859	47079.132812
2008	02	242.319778	106.040672	207.167877	-34.208714	0.000014	0.000014	70.888763	66.583282	81.266205	695683.500000	15670.083984	27245.824219	47080.675781
2008	02	247.155289	112.478767	222.839584	-23.372593	0.000009	0.000010	88.163048	2.543290	149.441681	709565.875000	15670.210938	27246.166016	47081.777344
2008	02	232.640533	98.985184	229.475067	-2.222391	0.000001	0.000001	95.819733	48.724442	93.808929	667895.062500	15670.397461	27246.441406	47082.179688
2008	02	258.887665	123.884903	224.367020	-33.577656	0.000013	0.000014	89.364273	78.785912	93.413460	743248.750000	15670.573242	27246.638672	47082.578125
2008	02	260.799042	122.058464	227.011215	-32.844906	0.000013	0.000013	88.270638	77.640167	97.673882	748736.187500	15670.697266	27247.365234	47083.652344
2008	02	250.739624	112.963570	224.896545	-24.900240	0.000010	0.000010	87.120499	56.626438	100.097679	719856.250000	15670.812500	27248.050781	47084.726562
2008	02	245.397949	110.458313	219.235977	-25.219200	0.000010	0.000010	84.296341	49.219902	95.877403	704520.687500	15670.930664	27248.474609	47085.605469
2008	02	250.738922	113.519569	221.919922	-27.876318	0.000011	0.000012	84.700562	67.057968	87.351204	719854.312500	15671.044922	27248.857422	47086.500000
2008	02	252.392288	114.314201	225.847778	-25.601889	0.000010	0.000011	87.769699	61.863693	90.117126	724600.937500	15671.166992	27249.353516	47087.410156
2008	02	253.608292	117.479286	221.275711	-31.390028	0.000013	0.000013	85.146721	65.376869	87.953613	728092.062500	15671.280273	27249.921875	47088.406250
2008	03	281.496887	133.151810	238.917923	-41.571480	0.000016	0.000016	90.572853	81.622032	89.461021	756019.062500	15671.388672	27250.539062	47089.484375
2008	03	261.221497	113.786629	240.473282	-19.740839	0.000007	0.000008	93.038406	33.181797	95.293648	701565.250000	15671.490234	27251.234375	47090.660156
2008	03	275.302307	124.321785	244.990219	-29.304771	0.000011	0.000011	94.009712	52.427868	97.482140	739382.187500	15671.618164	27251.623047	47091.402344
2008	03	273.367523	126.294769	238.703186	-33.657082	0.000013	0.000013	91.630463	73.893646	102.361656	734185.875000	15671.726562	27252.261719	47092.460938
2008	03	274.728729	127.406792	237.668442	-36.053131	0.000013	0.000014	90.346519	71.675880	92.681793	737841.750000	15671.831055	27252.861328	47093.527344
2008	03	271.636780	126.428871	232.988876	-37.640808	0.000014	0.000014	87.780991	73.793571	104.170082	729537.625000	15671.935547	27253.441406	47094.636719
2008	03	279.571960	133.527924	230.222137	-48.342819	0.000018	0.000018	84.178108	72.339958	117.612091	750849.250000	15672.026367	27254.142578	47095.964844
2008	03	274.939728	130.505493	225.172760	-48.760056	0.000018	0.000019	80.738518	70.310852	119.254120	738408.500000	15672.102539	27254.914062	47097.496094
2008	03	280.441864	133.404739	226.830460	-52.604549	0.000020	0.000020	79.793343	66.473732	115.995651	753185.562500	15672.184570	27255.587891	47098.972656
2008	03	278.801849	130.882751	224.942963	-52.852116	0.000020	0.000020	77.023857	52.644119	102.761154	748780.937500	15672.258789	27256.437500	47100.707031
2008	03	275.621429	128.340927	225.735413	-48.879322	0.000018	0.000019	78.454910	62.422314	103.651001	740239.250000	15672.334961	27257.255859	47102.441406
2008	03	273.669189	124.100082	231.807556	-40.855022	0.000015	0.000016	82.238449	37.985325	109.269745	734996.125000	15672.442383	27257.882812	47103.839844
2008	03	281.118286	131.187897	227.331268	-52.780487	0.000020	0.000020	77.400879	40.710190	123.994728	755002.250000	15672.541016	27258.554688	47105.347656
2008	03	276.576813	132.200317	216.985001	-58.585339	0.000022	0.000022	72.608513	57.471420	118.588875	742805.125000	15672.619141	27259.412109	47107.195312
2008	03	275.746582	131.340881	213.331406	-61.408791	0.000023	0.000023	68.925713	63.703526	129.681900	740575.375000	15672.692383	27260.121094	47109.031250
2008	03	261.401215	120.310135	206.312271	-54.082615	0.000020	0.000021	65.221214	51.113655	128.994171	702047.875000	15672.760742	27260.750000	47110.910156
2008	03	280.720581	133.978027	210.645950	-69.068390	0.000026	0.000026	63.903397	72.223030	100.120445	753934.062500	15672.833984	27261.201172	47112.695312
2008	03	277.261078	130.198608	215.612564	-60.642365	0.000023	0.000023	68.550087	60.949272	98.863136	744642.937500	15672.913086	27262.027344	47114.781250
2008	03	273.140472	122.009232	227.534378	-44.600006	0.000017	0.000017	76.403152	21.059998	130.888504	733576.125000	15673.031250	27262.734375	47116.515625
2008	03	279.759460	127.929955	225.726593	-53.026878	0.000020	0.000020	73.897087	46.224377	102.370277	751352.812500	15673.144531	27263.412109	47118.203125
2008	03	279.951447	128.532501	230.744736	-48.200813	0.000018	0.000018	79.325775	65.049026	112.121155	751868.437500	15673.268555	27264.212891	47119.910156
2008	03	279.789551	127.041916	229.159912	-49.623810	0.000019	0.000019	76.412277	47.227875	105.467178	751433.625000	15673.392578	27264.976562	47121.558594
2008	03	288.969299	134.451401	229.026901	-58.936649	0.000022	0.000022	74.508995	63.787899	132.992691	776087.750000	15673.506836	27265.830078	47123.367188
2008	03	287.616974	136.049515	220.265518	-66.345787	0.000025	0.000025	68.698074	71.446045	105.750801	772455.875000	15673.594727	27266.892578	47125.542969
2008	03	285.753235	134.472229	216.729889	-68.017776	0.000025	0.000026	65.448875	74.211052	116.747139	767450.375000	15673.680664	27267.828125	47127.710938
2008	03	271.629395	119.859879	220.390915	-50.232975	0.000019	0.000019	68.621399	18.012640	114.284744	729517.812500	15673.762695	27268.705078	47129.886719
2008	03	288.583191	133.919540	227.898056	-59.679737	0.000022	0.000023	73.234383	61.053059	121.645424	775050.875000	15673.890625	27269.394531	47131.613281
2008	03	286.869751	132.788269	222.259216	-63.605194	0.000024	0.000024	68.177742	49.318684	119.279465	770449.000000	15673.996094	27270.402344	47133.750000
2008	03	284.094727	130.951492	217.726761	-65.362724	0.000024	0.000025	64.583519	46.343754	131.648270	762996.125000	15674.093750	27271.343750	47135.949219
2008	03	279.708466	127.422028	213.121368	-65.581947	0.000024	0.000025	60.834919	37.979282	120.190681	751215.937500	15674.182617	27272.177734	47138.171875
2008	03	284.726898	134.552597	205.070114	-78.651703	0.000029	0.000030	54.895813	63.392990	122.695122	764693.937500	15674.262695	27272.958984	47140.484375
2008	04	274.433441	131.166519	194.771072	-78.689774	0.000030	0.000031	51.504147	58.564243	109.597694	761616.937500	15674.325195	27273.900391	47143.125000
2008	04	269.122192	126.717316	199.529587	-68.620094	0.000026	0.000027	57.124699	45.494350	108.002426	746877.062500	15674.408203	27274.765625	47145.589844
2008	04	264.018188	120.890175	207.167374	-55.878384	0.000022	0.000022	64.039345	35.859917	104.877014	732712.250000	15674.533203	27275.490234	47147.675781
2008	04	267.085938	119.306839	221.919128	-44.194427	0.000017	0.000017	74.140038	18.900019	115.375648	741225.875000	15674.700195	27276.080078	47149.332031
2008	04	275.547638	125.953064	225.260162	-49.315178	0.000019	0.000019	75.665588	49.012661	120.118561	764709.187500	15674.877930	27276.824219	47150.957031
2008	04	271.694336	125.283821	217.375290	-53.346817	0.000021	0.000021	70.964798	62.703484	119.747932	754015.312500	15675.036133	27277.691406	47152.773438
2008	04	277.864441	130.858521	213.030243	-63.862049	0.000025	0.000025	66.024330	80.534859	119.637665	771138.812500	15675.168945	27278.535156	47154.746094
2008	04	277.769714	132.018997	207.810165	-68.987465	0.000027	0.000027	62.059475	67.840820	118.720146	770875.875000	15675.284180	27279.474609	47156.949219
2008	04	275.364746	131.629303	200.669556	-73.723213	0.000028	0.000029	56.934097	70.446320	119.722893	764201.625000	15675.381836	27280.419922	47159.324219
2008	04	279.945282	134.531311	199.455322	-79.518044	0.000031	0.000031	54.041348	89.604889	122.323547	776913.625000	15675.474609	27281.357422	47161.800781
2008	04	258.374573	119.148285	187.972092	-69.430641	0.000027	0.000027	48.745792	67.472633	128.125702	717049.812500	15675.557617	27282.248047	47164.390625
2008	04	261.291626	124.174324	180.362534	-79.957314	0.000031	0.000031	43.245235	86.559807	118.247742	725145.375000	15675.636719	27282.753906	47166.761719
2008	04	249.009415	116.556396	171.796722	-76.240974	0.000029	0.000030	39.343716	73.559540	109.617767	691059.375000	15675.703125	27283.269531	47169.320312
2008	04	230.093689	101.612991	166.974075	-62.147964	0.000024	0.000024	38.493385	45.996063	95.835342	638563.750000	15675.780273	27283.431641	47171.574219
2008	04	213.820602	89.685616	160.025436	-52.823582	0.000020	0.000021	35.890457	67.297615	93.191811	593402.187500	15675.865234	27283.091797	47173.414062
2008	04	232.654633	103.590424	175.434891	-56.248219	0.000022	0.000022	46.370693	23.331228	100.390106	645671.000000	15675.963867	27282.628906	47175.050781
2008	04	263.291901	123.891502	199.425461	-62.894989	0.000024	0.000025	60.025059	78.070786	107.589996	730696.562500	15676.145508	27282.742188	47176.667969
2008	04	263.215576	122.115501	201.121979	-61.122246	0.000024	0.000024	60.021885	82.120918	96.030060	730484.812500	15676.324219	27283.406250	47178.738281
2008	04	254.223785	111.944283	208.491226	-44.761261	0.000017	0.000018	66.211731	38.091175	111.263657	705530.500000	15676.512695	27283.984375	47180.628906
2008	04	256.532196	112.682945	216.698380	-38.862610	0.000015	0.000015	72.849121	19.429131	101.412445	711936.875000	15676.732422	27284.394531	47182.117188
2008	04	261.129120	117.048218	222.231583	-37.926414	0.000015	0.000015	78.150673	49.010700	94.786217	724694.375000	15676.977539	27284.849609	47183.417969
2008	04	254.547546	111.464371	220.764114	-32.812355	0.000013	0.000013	77.680962	44.548622	98.106781	706428.937500	15677.222656	27285.253906	47184.605469
2008	04	259.030609	113.964180	225.542023	-32.517609	0.000013	0.000013	80.475594	25.712502	96.918556	718870.562500	15677.450195	27285.695312	47185.832031
2008	04	260.671814	114.693840	229.260895	-30.440004	0.000012	0.000012	83.282928	23.478245	123.733330	723425.250000	15677.691406	27286.125000	47186.886719
2008	04	266.309174	119.294571	230.402939	-34.935410	0.000013	0.000014	83.388321	28.254904	101.358711	739070.187500	15677.904297	27286.750000	47188.175781
2008	04	288.402924	139.295303	233.493881	-53.938274	0.000021	0.000021	84.386284	79.254372	135.579086	800385.437500	15678.121094	27287.562500	47189.523438
2008	04	279.162781	132.472031	225.518509	-52.673599	0.000020	0.000021	78.827751	62.256874	105.354073	774741.937500	15678.288086	27288.791016	47191.484375
2008	04	286.321625	137.340805	230.376312	-54.974705	0.000021	0.000022	81.395493	71.914894	126.746994	794609.500000	15678.463867	27289.869141	47193.250000
2008	04	271.162659	126.626305	220.128616	-50.063519	0.000019	0.000020	75.592255	59.048985	133.016815	752539.812500	15678.622070	27290.962891	47195.136719
2008	04	275.662689	129.081863	218.560638	-56.131611	0.000022	0.000022	71.979790	66.577133	112.473137	765028.437500	15678.767578	27291.812500	47196.945312
2008	05	271.395966	121.923767	229.313766	-41.079487	0.000015	0.000016	79.841560	35.738228	93.887306	728890.875000	15678.924805	27292.625000	47198.675781
2008	05	276.594269	127.797508	240.915787	-34.675816	0.000013	0.000013	92.119041	-7.080182	141.203079	742852.000000	15679.116211	27293.238281	47199.945312
2008	05	282.208130	132.086060	259.948181	-21.257385	0.000008	0.000008	109.826103	47.363609	119.910912	757929.250000	15679.368164	27294.019531	47200.773438
2008	05	282.827087	132.964050	261.167542	-20.657064	0.000008	0.000008	111.304497	8.430985	141.372238	759591.625000	15679.629883	27294.886719	47201.468750
2008	05	276.541321	129.790207	255.124802	-20.414122	0.000008	0.000008	108.373665	20.919594	118.570587	742709.875000	15679.866211	27295.734375	47202.187500
2008	05	286.328491	137.254959	258.351410	-26.974752	0.000010	0.000010	109.277870	42.326565	124.115868	768995.312500	15680.089844	27296.556641	47202.894531
2008	05	284.089935	133.978729	263.861328	-19.226370	0.000007	0.000008	113.750092	26.717880	120.565659	762983.250000	15680.306641	27297.505859	47203.632812
2008	05	267.117920	120.768913	263.114685	-3.001054	0.000001	0.000001	116.765671	-21.383053	135.620956	717401.312500	15680.523438	27298.353516	47204.210938
2008	05	272.235870	124.974220	269.609772	-1.623990	0.000001	0.000001	122.348114	-5.911432	134.249924	731146.625000	15680.779297	27298.830078	47204.164062
2008	05	263.327301	116.271858	272.076843	9.751564	-0.000004	-0.000003	125.021385	-25.476049	124.475670	707220.875000	15681.026367	27299.394531	47204.160156
2008	05	282.220337	133.084961	272.641693	-8.576675	0.000003	0.000004	123.506332	11.997927	125.706367	757961.937500	15681.272461	27299.900391	47204.015625
2008	05	269.537689	122.618073	273.435303	4.899513	-0.000002	-0.000001	126.515694	-8.436458	119.251938	723900.062500	15681.489258	27300.689453	47204.183594
2008	05	273.662903	125.912132	273.086487	0.425403	-0.000000	0.000000	125.335724	-19.420372	136.971710	734979.250000	15681.714844	27301.269531	47204.085938
2008	05	255.433472	110.210976	273.711639	19.279911	-0.000007	-0.000007	128.489151	-12.236775	108.381477	686020.312500	15681.936523	27301.773438	47203.906250
2008	05	239.764694	97.559982	268.516663	29.753618	-0.000011	-0.000011	126.311928	-22.238310	114.148048	643938.500000	15682.191406	27301.675781	47203.078125
2008	05	283.627655	134.101547	270.705109	-11.920976	0.000004	0.000005	121.178986	22.280621	121.725357	761741.687500	15682.416992	27301.892578	47202.687500
2008	05	277.908051	130.017670	268.709839	-8.196676	0.000003	0.000003	120.819481	-5.679201	133.558243	746380.437500	15682.584961	27302.750000	47203.035156
2008	05	254.920532	110.940720	265.615051	11.695971	-0.000004	-0.000004	121.635254	-22.084309	117.008415	684642.625000	15682.756836	27303.326172	47203.152344
2008	05	280.034302	130.962662	273.152222	-5.880733	0.000002	0.000003	124.080551	8.848206	125.538094	752091.000000	15682.963867	27303.648438	47202.832031
2008	05	280.952881	131.392426	268.837891	-11.113692	0.000004	0.000005	119.277451	33.047405	120.160553	754557.937500	15683.128906	27304.468750	47203.132812
2008	05	276.803040	127.314484	271.000153	-4.801671	0.000002	0.000002	121.511597	-1.351111	116.911400	743412.687500	15683.286133	27305.251953	47203.445312
2008	05	293.248535	142.040237	270.498016	-21.749346	0.000008	0.000008	119.289749	37.808182	127.095917	787580.562500	15683.438477	27306.095703	47203.777344
2008	05	290.821747	139.318527	271.968872	-17.851803	0.000007	0.000007	120.465668	36.383743	123.753777	781062.937500	15683.576172	27307.218750	47204.414062
2008	05	286.863922	136.611588	269.813202	-16.049707	0.000006	0.000006	119.560883	27.904089	121.768654	770433.312500	15683.713867	27308.263672	47204.988281
2008	05	290.455353	139.765335	267.685059	-21.769379	0.000008	0.000009	116.995033	38.659698	118.188652	780078.875000	15683.846680	27309.277344	47205.570312
2008	05	288.975525	138.300369	264.502594	-23.472095	0.000009	0.000009	113.827438	34.660858	130.255844	776104.500000	15683.961914	27310.378906	47206.375000
2008	05	236.315414	96.058800	265.197327	29.882689	-0.000011	-0.000011	124.940720	-13.661072	98.062630	634674.687500	15684.124023	27310.900391	47206.406250
2008	05	279.473358	131.531464	267.227692	-11.244982	0.000004	0.000005	119.285782	22.090874	100.723816	750584.437500	15684.323242	27310.884766	47205.828125
2008	05	303.964081	150.581589	265.540100	-37.423351	0.000014	0.000014	112.157608	63.857792	129.429245	816359.437500	15684.439453	27311.880859	47206.500000
2008	05	296.078644	144.557434	260.196899	-34.881226	0.000013	0.000013	108.675659	58.464043	133.268448	795181.500000	15684.521484	27313.248047	47207.707031
2008	05	273.296112	125.962746	254.273499	-18.022133	0.000007	0.000007	106.940132	37.227577	120.679794	733994.125000	15684.614258	27314.298828	47208.683594
2008	06	255.276077	114.024368	246.077377	-8.230555	0.000003	0.000004	104.825684	8.988251	109.802444	708450.812500	15684.735352	27314.775391	47209.105469
2008	06	271.765137	127.756699	250.874863	-19.922186	0.000008	0.000008	106.866440	39.936386	92.453796	754211.750000	15684.868164	27315.304688	47209.464844
2008	06	281.480194	135.859879	250.425461	-30.086721	0.000012	0.000012	104.805153	61.676029	88.679237	781173.312500	15684.977539	27316.187500	47210.207031
2008	06	270.442078	126.814583	248.432236	-21.041914	0.000008	0.000008	104.804749	40.974983	115.079277	750540.000000	15685.075195	27317.240234	47211.164062
2008	06	164.085403	40.264500	240.156784	77.039207	-0.000030	-0.000029	116.335861	-27.896397	60.147804	455375.375000	15685.254883	27317.117188	47210.750000
2008	06	110.612312	-3.008943	225.471558	115.827034	-0.000045	-0.000044	111.850304	-31.778700	49.322323	306975.031250	15685.572266	27314.515625	47207.761719
2008	06	238.883377	102.687469	240.651321	2.735666	-0.000001	-0.000001	104.455414	17.050432	67.692429	662957.250000	15685.882812	27311.996094	47205.011719
2008	06	194.607040	64.996063	233.742081	40.102688	-0.000015	-0.000015	104.131096	-3.730279	36.765411	540080.062500	15686.064453	27311.505859	47204.437500
2008	06	245.746918	107.628181	239.416611	-5.362723	0.000002	0.000002	101.297874	25.317160	73.657997	682005.187500	15686.245117	27310.619141	47203.507812
2008	06	257.053345	115.687767	244.773880	-11.311922	0.000004	0.000005	103.408333	38.799961	86.344818	713383.125000	15686.364258	27310.888672	47203.753906
2008	06	263.926086	121.649101	244.767776	-18.190853	0.000007	0.000007	102.490799	43.567509	86.630775	732456.562500	15686.477539	27311.351562	47204.164062
2008	06	276.312836	131.468689	246.317764	-29.027708	0.000011	0.000012	101.473602	54.999737	111.405121	766832.812500	15686.571289	27312.076172	47204.882812
2008	06	268.872131	124.225525	248.974640	-18.930206	0.000007	0.000008	104.328011	33.834503	103.264328	746183.062500	15686.661133	27312.964844	47205.730469
2008	06	272.762451	129.138077	246.735519	-25.059717	0.000010	0.000010	103.111130	51.457512	102.376335	756979.625000	15686.764648	27313.720703	47206.414062
2008	06	284.130493	137.432190	250.575623	-32.587692	0.000013	0.000013	103.877319	65.985756	106.695732	788528.562500	15686.855469	27314.675781	47207.300781
2008	06	267.569611	123.731674	247.210663	-19.391853	0.000007	0.000008	103.372734	54.801620	84.536949	742568.250000	15686.946289	27315.677734	47208.242188
2008	06	255.304474	114.202423	244.190796	-10.146636	0.000004	0.000004	103.088760	51.007496	92.813423	708529.562500	15687.046875	27316.441406	47208.968750
2008	06	118.460419	1.882332	223.206909	105.713432	-0.000041	-0.000040	106.628807	-12.567800	25.357018	328755.375000	15687.234375	27315.511719	47207.960938
2008	06	248.389206	110.452271	238.794495	-8.627831	0.000003	0.000004	100.857544	28.027220	79.546745	689338.125000	15687.518555	27313.240234	47205.601562
2008	06	274.339844	130.151566	245.423157	-27.949863	0.000011	0.000011	101.234871	38.577011	91.064453	761357.250000	15687.630859	27313.718750	47206.085938
2008	06	285.886810	140.046967	247.869278	-37.050781	0.000014	0.000015	102.029434	60.048279	125.250839	793402.750000	15687.708008	27314.679688	47207.035156
2008	06	275.490448	130.976028	247.833374	-26.690411	0.000010	0.000011	103.318924	47.226051	104.231644	764550.437500	15687.778320	27315.830078	47208.160156
2008	06	237.230804	100.074432	241.293335	5.029155	-0.000002	-0.000002	104.136971	-10.389179	115.432350	658370.937500	15687.883789	27316.355469	47208.617188
2008	06	259.832184	120.299957	249.647186	-9.218467	0.000004	0.000004	110.114944	-23.137047	134.731613	721095.125000	15688.014648	27316.570312	47208.671875
2008	06	262.838837	121.942566	249.881561	-11.990804	0.000005	0.000005	108.985283	24.879755	92.317726	729439.250000	15688.126953	27317.199219	47209.003906
2008	06	249.448288	112.121651	244.386230	-4.095654	0.000002	0.000002	107.059578	15.235049	85.675949	692277.375000	15688.247070	27317.617188	47209.183594
2008	06	267.415070	127.393669	242.078949	-24.369768	0.000009	0.000010	102.057549	43.238331	81.287956	742139.375000	15688.352539	27318.007812	47209.496094
2008	06	267.677216	126.292747	242.868942	-23.841984	0.000009	0.000010	101.484497	51.951988	120.325066	742866.812500	15688.429688	27318.812500	47210.304688
2008	06	258.598816	117.754517	242.642181	-14.990416	0.000006	0.000006	101.797890	31.428949	76.926483	717672.187500	15688.514648	27319.453125	47210.945312
2008	06	249.999496	111.195702	242.119003	-6.914352	0.000003	0.000003	103.315208	13.739227	99.785370	693807.062500	15688.622070	27319.767578	47211.222656
2008	07	247.969681	108.671921	246.140350	-0.831053	0.000000	0.000001	106.842590	-2.996105	108.572884	665974.687500	15688.742188	27319.970703	47211.363281
2008	07	229.632294	90.968788	243.733307	15.099215	-0.000006	-0.000005	105.069801	-15.949124	67.259750	616725.812500	15688.875977	27319.859375	47211.226562
2008	07	282.481476	134.045731	250.915024	-30.568331	0.000011	0.000012	102.479271	32.891010	93.574707	758663.437500	15688.997070	27319.802734	47211.210938
2008	07	281.421570	133.149994	252.634247	-27.789238	0.000010	0.000011	104.362694	65.116325	100.363968	755816.687500	15689.062500	27320.781250	47212.250000
2008	07	189.166122	57.034492	252.986206	64.818054	-0.000024	-0.000024	120.854561	-57.898861	96.775665	508045.406250	15689.204102	27320.861328	47212.105469
2008	07	187.019363	57.863453	248.283005	62.261559	-0.000023	-0.000023	119.127090	-36.505520	83.426926	502279.812500	15689.450195	27319.353516	47210.039062
2008	07	163.456543	38.015335	237.222534	74.763840	-0.000028	-0.000028	111.781326	-33.659504	57.892239	438996.875000	15689.689453	27317.369141	47207.773438
2008	07	273.154938	127.763443	251.622711	-20.534449	0.000008	0.000008	106.231209	7.123490	102.184044	733615.000000	15689.898438	27316.195312	47206.453125
2008	07	238.825333	100.476616	253.866501	16.038889	-0.000006	-0.000006	115.517792	-27.291363	124.813095	641415.625000	15689.995117	27316.562500	47206.605469
2008	07	249.844986	108.814255	250.670609	1.823257	-0.000001	-0.000000	109.639885	-7.771299	95.643135	671011.187500	15690.135742	27316.371094	47206.171875
2008	07	260.449127	117.495224	252.374130	-7.077430	0.000003	0.000003	109.420227	-6.003297	112.665390	699490.812500	15690.242188	27316.550781	47206.218750
2008	07	272.208282	127.197464	257.577881	-13.632929	0.000005	0.000005	112.567032	39.009155	107.599991	731072.562500	15690.336914	27317.062500	47206.507812
2008	07	189.326736	58.081852	243.860703	55.531403	-0.000021	-0.000020	112.615829	-47.997574	83.538002	508476.718750	15690.458984	27317.025391	47206.242188
2008	07	219.201828	85.946846	239.592056	21.387581	-0.000008	-0.000008	106.337059	-33.152439	95.469818	588712.625000	15690.651367	27315.687500	47204.757812
2008	07	262.973083	120.106293	247.200897	-14.774907	0.000006	0.000006	104.334091	6.989383	85.214195	706269.500000	15690.770508	27315.412109	47204.460938
2008	07	220.458984	85.435364	237.844589	18.382824	-0.000007	-0.000006	102.820961	-0.912258	63.114563	592088.937500	15690.863281	27315.435547	47204.531250
2008	07	286.251831	139.681442	251.000977	-34.253700	0.000013	0.000013	104.430588	27.515238	120.713295	768789.500000	15690.966797	27315.335938	47204.496094
2008	07	267.860626	123.463608	253.059769	-13.803770	0.000005	0.000006	108.662758	-22.131834	119.319931	719396.000000	15691.033203	27316.203125	47205.281250
2008	07	295.876770	145.778427	266.151733	-28.728039	0.000011	0.000011	116.053383	49.936527	124.006424	794639.312500	15691.117188	27317.007812	47205.812500
2008	07	281.514130	134.061172	260.228973	-20.288212	0.000008	0.000008	112.776024	28.144150	109.726791	756065.312500	15691.179688	27318.203125	47206.726562
2008	07	283.435822	134.752991	263.534363	-18.904585	0.000007	0.000007	114.851547	3.735949	138.052460	761226.500000	15691.250977	27319.152344	47207.390625
2008	07	259.271729	115.667633	258.098450	-0.176487	0.000000	0.000000	114.494354	0.074381	92.674362	696328.750000	15691.340820	27319.818359	47207.718750
2008	07	277.809418	131.036636	258.548065	-18.264622	0.000007	0.000007	111.775284	31.662205	101.763718	746115.625000	15691.432617	27320.332031	47207.980469
2008	07	283.178986	135.630920	260.092529	-22.089802	0.000008	0.000009	112.544464	2.063830	124.114799	760536.750000	15691.500000	27321.212891	47208.625000
2008	07	285.538239	137.597809	261.718201	-22.823439	0.000009	0.000009	113.777794	-2.772210	148.776459	766872.937500	15691.555664	27322.259766	47209.429688
2008	07	281.914825	133.542511	268.700104	-12.218201	0.000005	0.000005	120.327805	-6.500761	138.977417	757141.562500	15691.628906	27323.250000	47209.988281
2008	07	288.486389	138.814377	264.070526	-23.419424	0.000009	0.000009	114.398514	28.284891	116.225555	774790.812500	15691.700195	27324.236328	47210.554688
2008	07	280.064056	132.581345	259.804749	-19.262955	0.000007	0.000008	112.322029	29.695641	112.203865	752170.937500	15691.750977	27325.328125	47211.410156
2008	07	261.807983	116.906509	262.490448	1.678748	-0.000001	-0.000000	117.588959	-15.419584	119.142265	703140.375000	15691.827148	27326.033203	47211.785156
2008	07	283.356873	135.731079	257.357086	-25.003588	0.000009	0.000010	109.731262	25.333454	122.674423	761014.437500	15691.907227	27326.574219	47212.015625
2008	07	287.455170	138.386307	264.304169	-22.154858	0.000008	0.000009	115.235306	26.546602	129.877930	772021.250000	15691.957031	27327.611328	47212.792969
2008	08	276.264771	130.929840	255.453003	-19.815664	0.000007	0.000008	110.118095	26.183197	117.203125	741967.062500	15692.004883	27328.703125	47213.671875
2008	08	165.513443	38.651012	239.016327	74.498894	-0.000028	-0.000027	112.153893	-10.703737	27.792118	444521.125000	15692.117188	27328.550781	47213.324219
2008	08	219.385468	85.069969	242.110275	23.720753	-0.000009	-0.000008	107.794777	0.232427	68.716728	589205.812500	15692.329102	27326.707031	47211.312500
2008	08	230.882523	94.672028	246.197693	16.311050	-0.000006	-0.000006	109.987198	-7.439074	91.063530	620083.562500	15692.453125	27326.318359	47210.777344
2008	08	128.525589	10.900492	231.385040	103.855263	-0.000039	-0.000038	113.759941	-45.832191	68.629456	345182.500000	15692.617188	27324.990234	47209.222656
2008	08	180.139648	53.919380	234.525818	55.381916	-0.000021	-0.000020	108.305565	-10.746350	50.135197	483802.875000	15692.877930	27322.181641	47206.242188
2008	08	286.098724	140.339432	252.050659	-33.052410	0.000012	0.000013	106.291359	39.041573	110.654167	768378.250000	15693.045898	27321.470703	47205.402344
2008	08	282.346924	136.554672	252.488144	-28.863180	0.000011	0.000011	106.695892	49.320946	115.314453	758302.000000	15693.077148	27322.558594	47206.433594
2008	08	258.698456	117.150658	246.618195	-11.084726	0.000004	0.000005	105.070404	23.649244	88.905296	694789.000000	15693.131836	27323.281250	47207.113281
2008	08	258.362183	116.495201	247.575119	-9.791602	0.000004	0.000004	105.708138	6.223233	94.811462	693885.937500	15693.200195	27323.677734	47207.507812
2008	08	264.840637	122.162979	249.413895	-14.431377	0.000005	0.000006	106.736214	11.151553	114.269577	711285.187500	15693.270508	27324.080078	47207.867188
2008	08	266.813049	123.355438	252.088104	-13.729627	0.000005	0.000005	108.630486	13.016388	109.247665	716582.437500	15693.340820	27324.642578	47208.324219
2008	08	286.111877	138.517914	258.771545	-26.345102	0.000010	0.000010	111.177559	31.789820	143.733139	768413.562500	15693.410156	27325.355469	47208.832031
2008	08	278.008240	133.888092	249.761108	-27.251944	0.000010	0.000011	105.640961	40.172066	101.394691	746649.562500	15693.453125	27326.435547	47209.832031
2008	08	280.201385	135.738235	250.598206	-28.608078	0.000011	0.000011	106.135048	24.394562	120.650230	752539.687500	15693.500000	27327.341797	47210.699219
2008	08	271.953888	127.388336	259.525604	-11.433229	0.000004	0.000005	114.960068	-24.715187	164.491852	730389.312500	15693.556641	27328.242188	47211.421875
2008	08	282.791290	136.809631	258.012909	-23.783434	0.000009	0.000009	112.031219	25.442087	117.470428	759495.437500	15693.631836	27329.044922	47211.894531
2008	08	288.160675	141.389984	252.463959	-34.701801	0.000013	0.000013	105.693283	55.892746	123.562737	773916.000000	15693.672852	27330.121094	47212.847656
2008	08	274.754730	131.002640	246.186829	-27.573065	0.000010	0.000011	102.434753	24.834408	109.356911	737911.562500	15693.707031	27331.146484	47213.902344
2008	08	279.579956	135.076050	245.471619	-33.113560	0.000012	0.000013	100.967728	59.697411	103.558174	750870.687500	15693.748047	27331.962891	47214.828125
2008	08	274.649261	130.813538	246.297028	-27.357548	0.000010	0.000011	102.461296	48.060650	108.710686	737628.312500	15693.790039	27332.853516	47215.816406
2008	08	272.879639	128.277710	249.424255	-22.460758	0.000008	0.000009	104.822334	32.076523	103.917290	732875.625000	15693.845703	27333.667969	47216.656250
2008	08	273.248718	128.627670	254.249329	-18.004810	0.000007	0.000007	109.628296	8.956596	122.603439	733866.812500	15693.911133	27334.417969	47217.324219
2008	08	279.509827	133.807983	256.692596	-21.822756	0.000008	0.000009	110.990738	45.892479	113.310280	750682.375000	15693.980469	27335.171875	47217.886719
2008	08	273.313263	127.945107	253.357742	-18.961103	0.000007	0.000007	107.989586	30.925230	116.031418	734040.187500	15694.041016	27336.050781	47218.605469
2008	08	289.710754	142.389542	251.188385	-37.528008	0.000014	0.000014	103.867180	72.208740	121.702225	778079.062500	15694.091797	27336.933594	47219.449219
2008	08	275.809845	130.952393	250.645874	-24.169672	0.000009	0.000009	105.788437	15.232305	143.612686	740745.250000	15694.125000	27338.076172	47220.621094
2008	08	270.623932	126.437386	250.842194	-18.787537	0.000007	0.000007	106.655640	20.876574	100.786316	726817.437500	15694.192383	27338.800781	47221.261719
2008	08	284.332245	137.396957	250.783249	-32.554874	0.000012	0.000013	103.847946	67.728241	126.566925	763634.062500	15694.247070	27339.585938	47222.031250
2008	08	289.890808	141.194534	249.120789	-39.775963	0.000015	0.000015	100.424500	66.751709	128.693253	778562.750000	15694.283203	27340.669922	47223.195312
2008	08	284.250671	136.527725	245.785797	-37.470863	0.000014	0.000014	98.062859	65.220497	130.154266	763414.875000	15694.308594	27341.855469	47224.562500
2008	09	245.656067	107.500641	232.337738	-12.356456	0.000005	0.000005	94.182320	16.317724	101.834465	681753.000000	15694.360352	27342.537109	47225.464844
2008	09	224.593399	90.533379	226.380417	2.748814	-0.000001	-0.000001	92.320404	-5.072702	71.909813	623299.187500	15694.441406	27342.621094	47225.828125
2008	09	263.850433	125.154037	237.282684	-25.606010	0.000010	0.000010	98.586296	-19.643723	171.373428	732246.625000	15694.523438	27342.699219	47226.136719
2008	09	210.710220	80.743256	231.972382	22.223824	-0.000009	-0.000008	102.005417	-24.356251	86.596619	584770.062500	15694.620117	27342.904297	47226.335938
2008	09	238.517792	103.512024	234.745239	-2.810938	0.000001	0.000001	99.739494	9.753098	86.054436	661942.625000	15694.753906	27342.378906	47225.812500
2008	09	260.016144	121.337952	238.804779	-20.249847	0.000008	0.000008	100.126572	31.009937	120.409958	721605.625000	15694.842773	27342.603516	47226.070312
2008	09	272.280273	131.234802	240.708603	-30.610210	0.000012	0.000012	99.663109	67.263748	106.326050	755641.375000	15694.899414	27343.458984	47226.988281
2008	09	258.634277	119.887268	240.461426	-17.211432	0.000007	0.000007	101.714439	17.251350	105.803398	717770.562500	15694.959961	27344.277344	47227.828125
2008	09	270.060059	131.206116	241.595306	-27.503407	0.000011	0.000011	102.741371	42.780170	131.076782	749479.812500	15695.030273	27344.990234	47228.484375
2008	09	250.345581	115.007919	239.664886	-9.719434	0.000004	0.000004	104.327209	15.743263	113.832344	694767.562500	15695.099609	27345.736328	47229.160156
2008	09	272.660095	132.565720	242.450012	-29.248888	0.000011	0.000012	102.355614	70.452347	108.189941	756695.500000	15695.175781	27346.347656	47229.710938
2008	09	258.788025	120.333572	242.496124	-15.330741	0.000006	0.000006	104.041687	28.831263	109.733398	718197.187500	15695.234375	27347.210938	47230.519531
2008	09	263.918335	123.890907	245.076813	-17.880434	0.000007	0.000007	105.049400	39.005112	109.169693	732435.062500	15695.308594	27347.830078	47231.007812
2008	09	253.273865	115.606590	242.658768	-9.654084	0.000004	0.000004	104.991493	44.721111	106.495964	702894.187500	15695.378906	27348.529297	47231.597656
2008	09	187.048431	60.283142	235.748367	49.660866	-0.000019	-0.000019	108.983055	-29.740990	74.535362	519103.187500	15695.502930	27348.292969	47231.160156
2008	09	214.243317	85.196335	237.665970	24.383551	-0.000009	-0.000009	108.619011	-17.008226	88.417198	594575.312500	15695.683594	27347.119141	47229.734375
2008	09	258.916473	121.443520	246.759445	-11.196233	0.000004	0.000005	109.286469	6.098852	126.965424	718553.812500	15695.799805	27347.011719	47229.355469
2008	09	262.499786	124.691292	242.819061	-18.719969	0.000007	0.000008	105.010574	61.305431	100.218758	728498.312500	15695.866211	27347.683594	47229.824219
2008	09	216.672485	86.554070	235.350220	19.638420	-0.000008	-0.000007	105.231804	-11.795592	77.455421	601316.812500	15695.953125	27347.923828	47229.921875
2008	09	261.388153	123.671837	239.189240	-21.238289	0.000008	0.000009	101.472923	38.618855	110.222908	725413.250000	15696.045898	27347.861328	47229.828125
2008	09	242.956680	108.731758	237.370834	-4.625280	0.000002	0.000002	103.145912	9.656371	101.027718	674261.562500	15696.118164	27348.312500	47230.191406
2008	09	257.910278	120.461464	237.707031	-19.242741	0.000007	0.000008	100.258232	55.983959	103.492989	715761.312500	15696.186523	27348.701172	47230.597656
2008	09	242.922272	109.761635	239.668854	-2.292969	0.000001	0.000001	106.508240	-10.769839	134.754898	674166.062500	15696.253906	27349.214844	47231.070312
2008	09	206.945663	79.409996	233.179428	27.194149	-0.000010	-0.000010	105.643776	-14.036971	78.167503	574322.562500	15696.370117	27348.935547	47230.570312
2008	09	271.701752	132.204361	238.642258	-32.099186	0.000012	0.000013	99.144875	70.213043	123.704979	754035.875000	15696.476562	27348.812500	47230.417969
2008	09	271.404541	130.700638	238.293381	-32.150898	0.000012	0.000013	97.589516	71.238731	129.284103	753211.000000	15696.506836	27349.785156	47231.476562
2008	09	262.085510	124.012474	234.095078	-27.030239	0.000010	0.000011	96.022057	69.348083	103.084221	727348.500000	15696.541992	27350.664062	47232.511719
2008	09	255.790909	118.433022	233.591614	-21.239182	0.000008	0.000009	96.233734	58.281086	106.528122	709879.562500	15696.589844	27351.322266	47233.347656
2008	09	258.384460	119.865768	239.001419	-18.423004	0.000007	0.000007	100.482719	37.940674	117.307579	717077.312500	15696.652344	27351.921875	47234.031250
2008	09	237.146118	102.047424	245.649017	9.462888	-0.000004	-0.000003	110.550331	-15.496945	110.631607	658135.937500	15696.739258	27352.322266	47234.296875
2008	10	258.095673	117.518806	249.372879	-7.730847	0.000003	0.000003	108.796043	40.832218	87.623337	693170.125000	15696.848633	27352.427734	47234.132812
2008	10	244.573776	105.286972	245.274109	1.692176	-0.000001	-0.000000	105.987305	27.590588	84.032539	656854.250000	15696.932617	27352.650391	47234.289062
2008	10	258.031067	115.935791	248.926010	-8.113267	0.000003	0.000003	106.830750	2.717477	119.845673	692996.625000	15697.022461	27352.794922	47234.375000
2008	10	272.023804	128.346710	254.396118	-16.636002	0.000006	0.000007	110.718987	40.416954	121.364777	730577.187500	15697.096680	27353.292969	47234.718750
2008	10	245.486542	106.602341	250.221298	5.726396	-0.000002	-0.000002	111.337097	-1.976273	125.481445	659305.687500	15697.173828	27353.783203	47235.011719
2008	10	250.736923	111.917572	254.004898	4.259548	-0.000002	-0.000001	115.185547	-7.787996	128.520828	673406.687500	15697.276367	27353.929688	47234.878906
2008	10	262.001373	120.679565	253.383499	-7.626353	0.000003	0.000003	112.061707	37.368866	112.223686	703659.750000	15697.370117	27354.189453	47234.812500
2008	10	255.385315	115.699860	251.848282	-2.545586	0.000001	0.000001	112.162827	-3.216896	131.368698	685890.937500	15697.442383	27354.644531	47235.046875
2008	10	247.556793	109.025871	249.864059	3.298640	-0.000001	-0.000001	111.333130	13.057888	96.193375	664865.750000	15697.529297	27354.865234	47234.996094
2008	10	266.192505	124.706749	246.169083	-19.032093	0.000007	0.000007	104.683342	54.177822	106.867485	714915.875000	15697.607422	27355.093750	47235.113281
2008	10	249.953598	113.676369	236.457199	-12.505147	0.000005	0.000005	100.179970	33.620777	99.169640	671302.937500	15697.655273	27355.619141	47235.726562
2008	10	270.597565	129.609787	239.011597	-30.594772	0.000011	0.000012	98.023827	69.549736	110.551392	726746.625000	15697.713867	27355.925781	47236.203125
2008	10	259.343445	118.601166	241.146072	-17.206251	0.000006	0.000007	100.403786	42.161762	109.854568	696521.312500	15697.755859	27356.580078	47237.042969
2008	10	249.285614	110.000954	243.621613	-4.672956	0.000002	0.000002	104.336937	11.715883	108.689529	669508.937500	15697.833984	27356.880859	47237.371094
2008	10	256.837982	115.413803	241.770981	-14.076025	0.000005	0.000006	100.346794	42.499401	113.468903	689792.375000	15697.911133	27357.093750	47237.667969
2008	10	267.182861	123.782288	254.287857	-11.904066	0.000004	0.000005	110.887299	53.784374	123.468506	717575.687500	15697.983398	27357.507812	47238.039062
2008	10	265.660156	121.916451	251.932724	-12.736586	0.000005	0.000005	108.188995	40.251793	108.999641	713486.187500	15698.053711	27358.121094	47238.492188
2008	10	264.439514	121.233543	249.828918	-13.619815	0.000005	0.000005	106.622940	61.940746	125.764168	710207.937500	15698.122070	27358.669922	47238.925781
2008	10	266.270996	123.042458	246.165115	-19.115152	0.000007	0.000008	102.936584	71.176102	102.153763	715126.750000	15698.181641	27359.224609	47239.484375
2008	10	248.055191	107.517609	243.059479	-4.005046	0.000001	0.000002	102.521896	47.972115	99.171074	666204.375000	15698.245117	27359.634766	47239.953125
2008	10	258.518280	116.107254	244.645477	-12.882226	0.000005	0.000005	102.234436	52.857719	115.431007	694305.250000	15698.323242	27359.816406	47240.191406
2008	10	253.618271	112.555626	243.749649	-8.878102	0.000003	0.000004	102.687004	38.858562	97.378014	681145.187500	15698.391602	27360.154297	47240.597656
2008	10	211.959518	78.704437	237.743484	26.774431	-0.000010	-0.000010	104.488403	3.338676	64.253242	569261.812500	15698.495117	27359.949219	47240.406250
2008	10	244.499893	106.002495	241.265015	-2.244490	0.000001	0.000001	102.767616	14.893841	114.705154	656655.875000	15698.612305	27359.482422	47239.988281
2008	10	230.699280	94.628761	239.238113	9.529142	-0.000004	-0.000003	103.167580	-2.953952	96.732803	619591.437500	15698.708984	27359.365234	47239.890625
2008	10	236.821808	100.610199	243.754730	7.923180	-0.000003	-0.000003	107.543129	-18.107937	130.098129	636034.750000	15698.807617	27359.103516	47239.660156
2008	10	255.279755	117.009567	246.045090	-8.244470	0.000003	0.000003	107.774887	44.374393	106.525482	685607.375000	15698.911133	27359.078125	47239.445312
2008	10	243.495056	108.381935	240.411331	-2.093589	0.000001	0.000001	105.298218	15.126428	112.249084	653957.125000	15698.985352	27359.416016	47239.765625
2008	10	197.274506	69.236595	235.860794	39.576363	-0.000015	-0.000014	107.822876	-7.800633	65.356224	529822.125000	15699.100586	27359.013672	47239.253906
2008	10	157.196075	36.227951	234.383240	78.177177	-0.000029	-0.000029	113.415123	-27.189726	61.801727	422183.093750	15699.281250	27357.330078	47237.460938
2008	10	231.261490	98.197571	245.664612	15.393073	-0.000006	-0.000005	112.600700	-16.145782	128.544647	621101.312500	15699.497070	27355.744141	47235.500000
2008	11	217.916046	91.015312	232.775391	15.817293	-0.000006	-0.000006	105.874664	-4.204317	103.153900	604767.937500	15699.605469	27355.490234	47235.050781
2008	11	200.145905	76.039665	233.245209	34.057190	-0.000013	-0.000013	109.138969	-2.370419	76.827286	555451.687500	15699.735352	27354.798828	47234.097656
2008	11	218.571014	91.015030	230.779343	13.166174	-0.000005	-0.000005	103.223373	11.651858	83.356071	606585.625000	15699.868164	27354.103516	47233.226562
2008	11	169.302551	50.335712	221.276367	52.931606	-0.000020	-0.000020	102.309547	-23.600517	65.787315	469854.125000	15699.989258	27353.203125	47232.304688
2008	11	229.759506	99.386665	228.462677	-0.339117	0.000000	0.000001	98.089836	17.100618	97.011330	637636.312500	15700.135742	27352.044922	47231.160156
2008	11	219.990509	91.980644	230.393372	11.360496	-0.000004	-0.000004	102.383492	0.633879	92.117447	610525.125000	15700.225586	27351.763672	47230.878906
2008	11	248.619415	114.075462	233.059387	-14.602437	0.000006	0.000006	98.515442	47.593010	108.064804	689977.000000	15700.309570	27351.687500	47230.835938
2008	11	250.602859	115.936897	232.613022	-17.032318	0.000007	0.000007	97.947067	48.262711	107.551277	695481.562500	15700.363281	27352.117188	47231.343750
2008	11	250.136749	115.506927	230.994583	-18.184708	0.000007	0.000007	96.364754	63.130444	103.556076	694188.000000	15700.413086	27352.544922	47231.902344
2008	11	253.972534	119.336464	229.236099	-23.779026	0.000009	0.000010	94.600037	79.266846	105.707924	704833.125000	15700.460938	27353.013672	47232.558594
2008	11	233.268127	100.136566	233.210144	0.899371	-0.000000	0.000000	100.078598	-5.857541	117.834991	647373.562500	15700.520508	27353.394531	47233.074219
2008	11	236.585464	103.021324	235.424789	-0.203389	0.000000	0.000000	101.860664	23.187840	105.616768	656579.937500	15700.609375	27353.384766	47233.046875
2008	11	237.403503	103.795334	237.249115	0.802809	-0.000000	0.000000	103.640930	22.934952	116.219505	658850.250000	15700.700195	27353.464844	47233.046875
2008	11	234.479660	102.168518	237.038223	3.515701	-0.000001	-0.000001	104.727074	1.269125	123.113655	650735.937500	15700.791992	27353.500000	47232.980469
2008	11	248.487564	114.579597	236.839859	-10.690606	0.000004	0.000004	102.931908	54.781906	105.140884	689611.062500	15700.879883	27353.613281	47232.972656
2008	11	240.506180	108.423241	231.164200	-8.384960	0.000003	0.000004	99.081253	47.448383	84.804398	667460.875000	15700.948242	27353.927734	47233.289062
2008	11	254.000809	120.616135	229.300049	-23.743792	0.000009	0.000010	95.915375	70.992676	103.860680	704911.687500	15701.008789	27354.226562	47233.695312
2008	11	233.406982	103.155968	224.408829	-8.041252	0.000003	0.000003	94.157806	51.531586	101.094818	647758.937500	15701.057617	27354.619141	47234.300781
2008	11	219.280060	90.989975	228.998306	10.675082	-0.000004	-0.000004	100.708206	-12.605328	116.892181	608553.437500	15701.137695	27354.507812	47234.351562
2008	11	201.638428	75.892540	233.748367	33.066719	-0.000013	-0.000012	108.002480	-5.134137	80.734161	559593.812500	15701.271484	27353.861328	47233.507812
2008	11	221.443207	92.783943	232.543091	12.056620	-0.000005	-0.000004	103.883835	14.218628	104.154396	614556.687500	15701.409180	27353.236328	47232.734375
2008	11	221.153503	92.411507	231.147797	10.950955	-0.000004	-0.000004	102.405800	7.604155	93.740326	613752.687500	15701.515625	27352.921875	47232.328125
2008	11	225.175705	96.365402	229.202744	4.983644	-0.000002	-0.000002	100.392448	11.612102	93.275299	624915.187500	15701.612305	27352.626953	47232.035156
2008	11	193.753891	68.679840	229.088730	36.291386	-0.000014	-0.000014	104.014687	-48.368561	115.615028	537712.312500	15701.720703	27352.175781	47231.449219
2008	11	205.325073	79.426819	236.388824	32.020229	-0.000012	-0.000012	110.490562	-11.854977	91.918541	569825.062500	15701.834961	27351.175781	47230.316406
2008	11	193.021545	69.499672	229.226028	37.160908	-0.000014	-0.000014	105.704163	-17.319809	103.636780	535679.875000	15701.979492	27350.228516	47229.078125
2008	11	204.317337	80.905777	225.152542	21.791563	-0.000008	-0.000008	101.740982	-40.396992	154.608459	567028.375000	15702.111328	27349.384766	47228.132812
2008	11	143.431763	32.276699	210.098648	67.623184	-0.000026	-0.000026	98.943581	-42.285145	81.061363	398056.656250	15702.250000	27347.996094	47226.828125
2008	11	193.693054	72.352890	220.337967	27.601149	-0.000011	-0.000010	98.997803	-23.991575	99.195457	537543.500000	15702.433594	27346.078125	47224.960938
2008	11	195.890991	71.262138	224.567291	29.632488	-0.000011	-0.000011	99.938446	15.323125	77.213707	543643.250000	15702.560547	27345.011719	47223.921875
2008	12	204.875732	76.875465	231.424942	27.537180	-0.000010	-0.000010	103.424660	-8.281766	70.703186	550236.812500	15702.694336	27344.042969	47222.953125
2008	12	226.461716	95.142273	232.225830	6.752047	-0.000003	-0.000002	100.906387	31.274952	71.460678	608210.500000	15702.803711	27343.320312	47222.316406
2008	12	237.020676	103.064178	235.410843	-0.621978	0.000000	0.000001	101.454338	32.400719	76.436363	636568.812500	15702.888672	27343.035156	47222.113281
2008	12	248.142303	111.543015	238.028961	-9.125537	0.000003	0.000004	101.429680	56.212719	83.383873	666438.312500	15702.964844	27343.015625	47222.164062
2008	12	247.048996	110.814064	235.153839	-10.907418	0.000004	0.000004	98.918907	45.512157	80.404228	663502.000000	15703.026367	27343.224609	47222.500000
2008	12	233.679459	102.032494	228.676590	-4.015183	0.000001	0.000002	97.029640	22.555822	77.880638	627595.250000	15703.091797	27343.292969	47222.773438
2008	12	242.564331	108.501244	231.882751	-9.693966	0.000004	0.000004	97.819656	38.734913	77.970932	651457.500000	15703.165039	27343.205078	47222.898438
2008	12	244.442200	109.931854	232.702805	-10.751848	0.000004	0.000004	98.192451	46.252193	82.652786	656500.875000	15703.235352	27343.259766	47223.140625
2008	12	243.191467	106.939957	235.054184	-7.149795	0.000003	0.000003	98.802681	49.849403	75.221626	653141.812500	15703.309570	27343.318359	47223.371094
2008	12	242.728653	106.505562	234.741821	-6.999407	0.000003	0.000003	98.518730	38.536320	91.298355	651898.812500	15703.381836	27343.427734	47223.656250
2008	12	232.499496	98.523476	232.942719	1.430571	-0.000001	-0.000000	98.966690	32.313908	79.661110	624426.250000	15703.459961	27343.400391	47223.800781
2008	12	243.410385	107.387199	235.066910	-7.356164	0.000003	0.000003	99.043732	54.025955	79.016235	653729.687500	15703.544922	27343.279297	47223.843750
2008	12	246.385361	108.508072	238.169601	-7.228520	0.000003	0.000003	100.292313	38.352272	108.967537	661719.687500	15703.625000	27343.347656	47224.023438
2008	12	202.849030	72.493294	233.015396	31.153543	-0.000012	-0.000011	102.659668	-42.257309	112.488304	544793.750000	15703.717773	27343.140625	47223.921875
2008	12	244.210159	107.097725	237.982941	-5.240121	0.000002	0.000002	100.870506	41.951458	83.851219	655877.687500	15703.837891	27342.496094	47223.328125
2008	12	230.747650	97.619919	233.269836	3.509238	-0.000001	-0.000001	100.142113	16.868736	81.003761	619721.250000	15703.918945	27342.451172	47223.406250
2008	12	249.030792	111.242584	237.222092	-10.821743	0.000004	0.000004	99.433861	33.764114	102.213249	668824.562500	15704.000000	27342.388672	47223.476562
2008	12	239.925934	103.934052	237.905350	-1.033686	0.000000	0.000001	101.913445	11.110327	113.691284	644371.562500	15704.076172	27342.500000	47223.671875
2008	12	241.964142	105.620262	235.892807	-5.084482	0.000002	0.000002	99.548927	35.351871	89.167610	649845.562500	15704.155273	27342.539062	47223.824219
2008	12	208.148209	77.914780	234.874298	27.712894	-0.000010	-0.000010	104.640877	-32.607037	96.332497	559025.750000	15704.249023	27342.271484	47223.640625
2008	12	234.943329	99.687332	239.289444	5.332838	-0.000002	-0.000002	104.033440	-10.291121	105.558495	630989.687500	15704.374023	27341.607422	47222.937500
2008	12	242.918076	109.478004	232.662109	-9.269305	0.000003	0.000004	99.222038	41.230659	85.079620	652407.562500	15704.460938	27341.511719	47222.898438
2008	12	260.899109	127.273140	227.472702	-32.439808	0.000012	0.000012	93.846733	81.539505	88.398972	700699.437500	15704.516602	27341.785156	47223.417969
2008	12	236.250092	103.670418	228.454376	-6.809176	0.000003	0.000003	95.874695	30.937754	76.050079	634499.250000	15704.564453	27342.164062	47224.105469
2008	12	253.483109	116.716591	233.390396	-19.106236	0.000007	0.000008	96.623871	61.349228	97.323402	680782.187500	15704.636719	27342.210938	47224.378906
2008	12	253.194290	116.189980	233.717422	-18.490461	0.000007	0.000007	96.713097	47.996975	103.353371	680006.500000	15704.697266	27342.595703	47224.996094
2008	12	253.709274	115.368645	235.925323	-16.797600	0.000006	0.000007	97.584686	37.847698	128.199493	681389.562500	15704.760742	27342.966797	47225.578125
2008	12	213.044418	83.860611	228.356094	16.297974	-0.000006	-0.000006	99.172295	-29.459358	109.067802	572175.562500	15704.838867	27343.023438	47225.839844
2008	12	244.920349	111.443832	230.906357	-13.027742	0.000005	0.000005	97.429863	37.748917	86.074493	657785.062500	15704.948242	27342.539062	47225.496094
2008	12	243.582581	108.463478	231.433319	-11.163078	0.000004	0.000005	96.314217	31.778105	108.310303	654192.187500	15705.013672	27342.734375	47225.945312
2008	12	255.372208	117.668419	233.869690	-20.516405	0.000008	0.000008	96.165901	44.788719	103.140083	685855.750000	15705.085938	27342.898438	47226.320312
2009	01	251.804977	114.398026	233.125626	-17.693188	0.000007	0.000007	95.718681	31.647615	105.924973	676275.187500	15705.146484	27343.281250	47226.968750
2009	01	253.895950	118.299492	230.948364	-21.959372	0.000008	0.000009	95.351883	55.795815	96.358810	681890.937500	15705.216797	27343.658203	47227.582031
2009	01	249.549561	112.764870	231.719482	-16.842461	0.000006	0.000007	94.934799	42.986210	95.555435	670217.750000	15705.291992	27344.123047	47228.296875
2009	01	248.277374	110.647293	232.729691	-14.560672	0.000005	0.000006	95.099625	23.987095	115.105446	666801.062500	15705.375977	27344.466797	47228.875000
2009	01	246.605255	110.966591	228.759979	-16.858889	0.000006	0.000007	93.121323	55.961300	83.354645	662310.187500	15705.457031	27344.787109	47229.472656
2009	01	239.832458	104.831230	230.684982	-8.161722	0.000003	0.000003	95.683731	43.644081	77.331085	644120.500000	15705.549805	27344.964844	47229.906250
2009	01	246.877060	112.557793	228.504532	-17.387373	0.000006	0.000007	94.185257	57.603039	76.284370	663040.250000	15705.643555	27345.154297	47230.339844
2009	01	243.423050	108.735199	229.555054	-12.883442	0.000005	0.000005	94.867210	55.566521	68.944733	653763.750000	15705.732422	27345.398438	47230.835938
2009	01	251.279465	115.778900	229.056610	-21.238941	0.000008	0.000008	93.556030	68.792763	80.956169	674863.812500	15705.822266	27345.615234	47231.316406
2009	01	254.682190	118.552635	228.105988	-25.592886	0.000010	0.000010	91.976440	66.084251	85.654587	684002.562500	15705.900391	27346.027344	47232.039062
2009	01	252.505951	114.684547	228.316422	-23.206829	0.000009	0.000009	90.495018	43.458202	101.463661	678157.812500	15705.972656	27346.496094	47232.871094
2009	01	251.733047	114.321686	226.628296	-24.122650	0.000009	0.000009	89.216927	58.863773	88.896141	676082.000000	15706.046875	27346.916016	47233.699219
2009	01	232.845505	97.910431	227.423279	-4.440742	0.000002	0.000002	92.488197	14.195370	77.799332	625355.500000	15706.133789	27347.146484	47234.316406
2009	01	255.544281	118.188690	229.005981	-25.557432	0.000010	0.000010	91.650375	51.969604	96.703354	686317.937500	15706.234375	27347.212891	47234.691406
2009	01	254.662933	120.143669	223.158951	-30.523716	0.000011	0.000012	88.639687	61.945435	85.511581	683950.812500	15706.306641	27347.712891	47235.585938
2009	01	258.887115	123.087494	222.370422	-35.537048	0.000013	0.000014	86.570793	61.882549	88.015068	695295.812500	15706.374023	27348.261719	47236.621094
2009	01	256.114014	122.215004	218.968292	-36.166679	0.000014	0.000014	85.069275	60.959839	91.416801	687848.000000	15706.436523	27348.896484	47237.796875
2009	01	243.392059	109.502968	219.963409	-22.450218	0.000008	0.000009	86.074318	33.735134	78.360680	653680.500000	15706.512695	27349.320312	47238.757812
2009	01	247.857315	112.376137	221.637711	-25.241764	0.000009	0.000010	86.156548	37.319729	92.806770	665672.875000	15706.600586	27349.513672	47239.476562
2009	01	254.352966	117.295792	223.352600	-30.023130	0.000011	0.000012	86.295433	53.237251	93.651718	683118.375000	15706.683594	27349.867188	47240.343750
2009	01	257.290863	121.207825	221.310074	-35.004147	0.000013	0.000013	85.227066	76.553856	90.904388	691008.625000	15706.763672	27350.347656	47241.347656
2009	01	248.289703	114.295082	218.487152	-28.826544	0.000011	0.000011	84.492531	55.218994	78.587402	666834.187500	15706.838867	27350.892578	47242.476562
2009	01	250.376144	114.419670	223.196426	-26.204304	0.000010	0.000010	87.239960	32.853367	102.543114	672437.750000	15706.928711	27351.259766	47243.359375
2009	01	249.489502	112.478683	225.832993	-22.681711	0.000008	0.000009	88.822174	27.343256	102.714615	670056.500000	15707.022461	27351.630859	47244.195312
2009	01	256.992706	122.077904	220.186661	-35.831856	0.000013	0.000014	85.271858	61.900021	85.930008	690207.937500	15707.111328	27352.023438	47245.078125
2009	01	266.116821	130.136322	218.621979	-46.521252	0.000017	0.000018	82.641487	67.894325	100.217735	714712.625000	15707.185547	27352.648438	47246.285156
2009	01	261.850372	127.627541	214.498032	-46.379372	0.000017	0.000018	80.275192	66.734802	78.250191	703254.250000	15707.243164	27353.462891	47247.796875
2009	01	259.344666	121.512772	219.708801	-38.663513	0.000014	0.000015	81.876892	51.194199	86.004295	696524.625000	15707.310547	27354.166016	47249.179688
2009	01	253.973068	116.575356	221.648209	-31.353079	0.000012	0.000012	84.250511	51.540722	98.456451	682098.062500	15707.391602	27354.765625	47250.402344
2009	01	256.469269	120.377075	221.005478	-34.492603	0.000013	0.000013	84.913315	66.644600	80.820656	688802.062500	15707.488281	27355.208984	47251.394531
2009	01	240.938431	107.599518	220.687531	-19.280346	0.000007	0.000008	87.348610	30.390116	84.438705	647090.812500	15707.582031	27355.669922	47252.410156
2009	02	235.877838	112.865990	203.845978	-31.155777	0.000013	0.000013	80.834122	66.343407	89.435783	701374.437500	15707.697266	27355.972656	47253.121094
2009	02	236.178329	114.497849	198.804840	-36.497955	0.000015	0.000015	77.124344	45.413631	120.057831	702267.937500	15707.789062	27356.626953	47254.250000
2009	02	232.231201	112.898239	193.437622	-37.918591	0.000016	0.000016	74.104645	70.560326	93.783318	690531.312500	15707.861328	27357.335938	47255.585938
2009	02	220.748749	98.086433	201.216415	-18.657866	0.000008	0.000008	78.554115	39.494370	83.818085	656388.625000	15707.954102	27357.761719	47256.582031
2009	02	231.677216	107.247856	202.149826	-28.653488	0.000012	0.000012	77.720467	51.353985	81.562263	688884.062500	15708.061523	27358.101562	47257.410156
2009	02	224.881470	101.616547	200.781647	-23.226444	0.000010	0.000010	77.516739	32.606998	78.278534	668677.125000	15708.156250	27358.609375	47258.457031
2009	02	230.248932	105.803658	203.413895	-25.962217	0.000011	0.000011	78.968620	39.171577	83.902977	684637.062500	15708.258789	27359.017578	47259.363281
2009	02	234.673706	108.959274	203.809387	-29.992043	0.000012	0.000013	78.094955	33.861092	109.273727	697794.000000	15708.357422	27359.537109	47260.363281
2009	02	237.811920	112.199203	200.844086	-36.096107	0.000015	0.000015	75.231354	54.551281	89.775887	707125.375000	15708.442383	27360.193359	47261.585938
2009	02	240.018768	114.462196	199.504044	-39.643528	0.000016	0.000017	73.947464	58.891502	96.323166	713687.312500	15708.521484	27360.957031	47262.980469
2009	02	232.255341	107.207985	200.047150	-31.337528	0.000013	0.000013	74.999802	46.203384	85.167145	690603.062500	15708.603516	27361.654297	47264.324219
2009	02	238.691483	112.837166	200.979477	-36.841900	0.000015	0.000016	75.125153	56.005539	85.557091	709740.750000	15708.693359	27362.296875	47265.570312
2009	02	237.731705	113.645088	199.027466	-37.834675	0.000016	0.000016	74.940842	64.426285	75.910172	706886.937500	15708.780273	27363.007812	47266.898438
2009	02	235.386093	114.007698	193.871460	-40.645615	0.000017	0.000017	72.493050	60.073532	113.046196	699912.312500	15708.865234	27363.708984	47268.257812
2009	02	233.827652	110.672760	194.325256	-38.633904	0.000016	0.000016	71.170357	51.300560	79.771980	695278.250000	15708.945312	27364.345703	47269.632812
2009	02	239.416016	117.327370	191.816895	-46.731171	0.000019	0.000020	69.728249	69.502403	80.020477	711895.125000	15709.026367	27365.042969	47271.109375
2009	02	231.340469	109.601593	192.325546	-38.147511	0.000016	0.000016	70.586678	44.441044	79.717697	687882.750000	15709.107422	27365.748047	47272.617188
2009	02	244.411514	121.946236	190.990555	-52.554096	0.000022	0.000022	68.525261	61.688801	122.466576	726749.062500	15709.196289	27366.388672	47274.035156
2009	02	243.033264	120.239540	188.281067	-53.885880	0.000022	0.000023	65.487328	72.745323	95.772049	722650.875000	15709.259766	27367.353516	47275.929688
2009	02	247.371918	121.882050	190.881561	-55.624550	0.000023	0.000023	65.391708	68.652428	103.115143	735551.687500	15709.329102	27368.279297	47277.796875
2009	02	248.192154	122.816887	188.183655	-59.143242	0.000024	0.000025	62.808388	71.362778	105.626320	737990.625000	15709.393555	27369.339844	47279.863281
2009	02	244.521500	117.872925	190.055832	-53.600937	0.000022	0.000023	63.407269	56.452572	101.991028	727076.000000	15709.458984	27370.386719	47281.960938
2009	02	247.367798	120.634529	190.259476	-56.244144	0.000023	0.000024	63.526203	70.602776	100.900795	735539.375000	15709.537109	27371.341797	47283.933594
2009	02	249.389069	123.256592	189.037064	-59.488358	0.000025	0.000025	62.904591	80.133583	88.495422	741549.625000	15709.615234	27372.375000	47286.000000
2009	02	238.617554	113.614586	187.882385	-49.872070	0.000021	0.000021	62.879406	57.287632	90.129028	709520.937500	15709.692383	27373.371094	47288.062500
2009	02	252.430054	124.643776	189.038284	-62.529209	0.000026	0.000026	61.251991	68.633392	111.922569	750591.937500	15709.779297	27374.259766	47290.000000
2009	02	250.836182	127.089752	180.340805	-69.633347	0.000029	0.000029	56.594372	77.616150	108.330315	745852.562500	15709.845703	27375.400391	47292.339844
2009	02	246.638245	121.007401	180.198990	-65.577759	0.000027	0.000027	54.568150	65.580582	93.280716	733370.125000	15709.904297	27376.544922	47294.800781
2009	03	278.390259	141.095108	195.830322	-81.606743	0.000030	0.000031	58.535152	80.436867	97.033173	747675.562500	15709.969727	27377.597656	47297.218750
2009	03	275.069092	133.593109	198.143219	-75.973259	0.000028	0.000029	56.667248	56.489723	102.628601	738755.875000	15710.029297	27378.738281	47299.792969
2009	03	264.174713	125.426003	193.568451	-69.654236	0.000026	0.000026	54.819740	59.100708	75.836723	709496.687500	15710.090820	27379.740234	47302.308594
2009	03	267.431183	127.090065	195.488464	-70.991280	0.000027	0.000027	55.147354	65.862419	87.784248	718242.625000	15710.165039	27380.548828	47304.628906
2009	03	265.891632	126.652229	194.467834	-70.472961	0.000026	0.000027	55.228428	68.821365	89.977173	714107.812500	15710.249023	27381.363281	47306.945312
2009	03	268.166748	128.962875	191.236816	-75.979675	0.000028	0.000029	52.032955	61.138485	97.871834	720218.187500	15710.332031	27382.197266	47309.335938
2009	03	270.912720	132.419052	187.273544	-82.689537	0.000031	0.000031	48.779850	77.977005	83.373352	727593.062500	15710.399414	27383.144531	47311.960938
2009	03	261.914124	125.578445	182.398483	-78.566582	0.000029	0.000030	46.062790	57.177639	97.794449	703425.375000	15710.464844	27384.044922	47314.621094
2009	03	252.827957	119.423134	176.142563	-75.736916	0.000028	0.000029	42.737743	68.529488	94.866074	679022.625000	15710.528320	27384.701172	47317.140625
2009	03	249.231827	118.267883	172.770432	-75.513512	0.000028	0.000029	41.806480	63.745110	76.512947	669364.437500	15710.590820	27385.230469	47319.613281
2009	03	249.127808	118.179832	173.553177	-74.627312	0.000028	0.000028	42.605228	65.781830	85.871628	669085.062500	15710.666016	27385.697266	47322.000000
2009	03	243.759247	112.902061	175.495377	-67.317169	0.000025	0.000025	44.638187	48.447990	89.194313	654666.687500	15710.751953	27386.058594	47324.257812
2009	03	237.985336	106.943321	180.473679	-56.565533	0.000021	0.000021	49.431671	33.477505	72.583626	639159.625000	15710.863281	27386.302734	47326.277344
2009	03	245.116913	113.053543	185.869919	-58.301476	0.000022	0.000022	53.806545	50.654160	65.879791	658313.000000	15711.002930	27386.484375	47328.074219
2009	03	258.458069	122.212906	193.827332	-63.685814	0.000024	0.000024	57.582150	58.972019	80.491730	694143.500000	15711.159180	27386.863281	47329.925781
2009	03	268.569275	131.248306	193.316574	-74.308357	0.000028	0.000028	55.995605	67.460373	76.298637	721299.187500	15711.310547	27387.591797	47332.105469
2009	03	275.501312	137.781799	190.207703	-84.349815	0.000031	0.000032	52.488201	87.652191	100.238564	739916.562500	15711.441406	27388.572266	47334.617188
2009	03	265.862915	132.200882	181.292480	-83.627258	0.000031	0.000032	47.630451	96.475525	104.255119	714030.750000	15711.551758	27389.607422	47337.332031
2009	03	255.309433	126.919342	170.573624	-83.793228	0.000031	0.000032	42.183517	94.585701	100.127937	685687.187500	15711.645508	27390.421875	47339.992188
2009	03	241.733932	116.828232	163.342209	-77.449722	0.000029	0.000029	38.436501	92.861549	87.089912	649227.250000	15711.729492	27390.939453	47342.507812
2009	03	226.541580	106.492867	155.831024	-69.769135	0.000026	0.000026	35.782310	109.126129	88.297539	608425.000000	15711.810547	27391.136719	47344.804688
2009	03	221.076401	101.768364	155.037598	-65.097969	0.000024	0.000025	35.729557	84.071762	63.169670	593747.187500	15711.896484	27390.984375	47346.796875
2009	03	218.501221	99.978149	153.813034	-63.747944	0.000024	0.000024	35.289951	99.581329	79.194969	586830.937500	15711.991211	27390.781250	47348.726562
2009	03	207.643234	92.278008	150.296692	-56.406879	0.000021	0.000021	34.931454	96.443268	70.409149	557669.562500	15712.088867	27390.410156	47350.515625
2009	03	207.509308	92.655838	149.688934	-56.881298	0.000021	0.000022	34.835453	106.609505	78.756042	557309.875000	15712.196289	27389.869141	47352.132812
2009	03	191.805054	80.630608	145.321899	-45.544643	0.000017	0.000017	34.147465	104.871887	79.147423	515132.750000	15712.307617	27389.177734	47353.613281
2009	03	181.512924	74.350258	139.086853	-41.488163	0.000015	0.000016	31.924183	130.970871	77.349045	487491.093750	15712.419922	27388.175781	47354.839844
2009	03	171.088501	65.652725	136.883194	-33.267975	0.000012	0.000013	31.447426	118.311691	70.634445	459494.093750	15712.533203	27386.896484	47355.828125
2009	03	199.078796	86.956429	147.196426	-50.945621	0.000019	0.000019	35.074059	109.943329	79.289391	534667.937500	15712.659180	27385.648438	47356.789062
2009	03	171.955933	64.948013	140.504105	-30.515667	0.000011	0.000012	33.496185	124.891159	80.482155	461823.812500	15712.790039	27384.734375	47358.050781
2009	03	165.896515	62.698612	134.804062	-30.156883	0.000011	0.000012	31.606148	129.226776	68.154663	445549.968750	15712.924805	27383.246094	47358.800781
2009	04	169.234009	67.360794	132.819336	-35.509830	0.000014	0.000014	30.946123	114.413513	59.458733	469663.906250	15713.057617	27381.746094	47359.562500
2009	04	165.616089	62.265575	137.246704	-27.465103	0.000011	0.000011	33.896194	63.268124	66.323326	459623.343750	15713.201172	27380.376953	47360.394531
2009	04	173.281342	67.155426	142.634384	-29.743231	0.000011	0.000012	36.508484	120.173103	76.917755	480896.218750	15713.365234	27379.044922	47361.167969
2009	04	175.695602	68.894661	143.279846	-31.512611	0.000012	0.000013	36.478901	110.148743	74.296440	487596.375000	15713.537109	27377.839844	47362.023438
2009	04	180.087952	71.600685	144.943985	-34.241375	0.000013	0.000014	36.456718	79.766579	76.929474	499786.156250	15713.706055	27376.689453	47362.945312
2009	04	162.323257	59.996223	137.019470	-24.401756	0.000009	0.000010	34.692436	137.164810	79.134842	450485.000000	15713.876953	27375.517578	47363.859375
2009	04	143.138412	45.632782	129.127762	-13.109182	0.000005	0.000005	31.622129	135.480286	65.858353	397242.562500	15714.040039	27373.880859	47364.386719
2009	04	134.918686	37.639202	128.999847	-5.017937	0.000002	0.000002	31.720358	114.271523	63.436569	374430.906250	15714.208008	27371.271484	47364.496094
2009	04	145.897552	45.203598	133.834320	-11.162876	0.000004	0.000005	33.140373	110.214851	73.914879	404899.812500	15714.398438	27364.744141	47364.546875
2009	04	138.192337	41.059742	129.294586	-7.997973	0.000003	0.000003	32.161980	111.763756	61.646252	383516.062500	15714.606445	27353.660156	47364.753906
2009	04	134.843719	38.429035	130.869308	-3.075178	0.000001	0.000002	34.454624	140.735535	71.558067	374222.843750	15714.857422	27337.763672	47364.796875
2009	04	122.854836	32.422886	123.735344	1.779181	-0.000001	-0.000000	33.303398	138.788010	54.910168	340950.875000	15715.150391	27316.972656	47364.652344
2009	04	109.330513	23.459347	120.080391	11.647994	-0.000004	-0.000004	34.209229	65.248802	46.771496	303417.718750	15715.476562	27291.207031	47364.269531
2009	04	141.952408	51.931404	129.049469	-12.005384	0.000005	0.000005	39.028469	66.227577	63.876671	393951.062500	15715.850586	27260.644531	47363.773438
2009	04	143.969528	54.208824	135.747025	-7.325501	0.000003	0.000003	45.986328	51.044758	58.916477	399549.093750	15716.299805	27226.013672	47363.753906
2009	04	145.082947	58.070965	136.646042	-7.540464	0.000003	0.000003	49.634060	116.030807	69.669456	402639.062500	15716.827148	27186.671875	47363.675781
2009	04	135.392990	54.054432	129.817123	-4.679978	0.000002	0.000002	48.478573	138.134293	65.901245	375747.156250	15717.384766	27142.421875	47363.554688
2009	04	122.669449	47.836140	123.490700	1.716575	-0.000001	-0.000000	48.657391	115.088531	63.415897	340436.406250	15717.954102	27093.003906	47363.253906
2009	04	111.074951	44.708408	118.470718	8.290535	-0.000003	-0.000003	52.104179	100.959412	51.630844	308258.968750	15718.564453	27038.255859	47362.621094
2009	04	87.765190	32.750385	107.633240	20.762264	-0.000008	-0.000008	52.618439	73.099792	39.219311	243568.906250	15719.210938	26977.949219	47361.625000
2009	04	57.717125	14.726195	97.596390	40.772915	-0.000016	-0.000015	54.605457	142.556442	33.567673	160178.515625	15719.900391	26911.445312	47359.984375
2009	04	7.248816	-17.769913	79.621643	73.265923	-0.000028	-0.000028	54.602913	117.194878	21.254557	20117.160156	15720.608398	26839.259766	47357.515625
2009	04	0.040436	-19.386745	80.317413	81.169510	-0.000031	-0.000031	60.890228	103.208611	26.096233	112.217987	15721.367188	26813.136719	47354.128906
2009	04	0.036857	-19.686842	86.469704	87.324829	-0.000034	-0.000033	66.746002	69.856331	30.211573	102.287125	15722.189453	26809.878906	47350.558594
2009	04	0.045748	-19.837379	90.044998	90.890686	-0.000035	-0.000035	70.161873	133.834717	18.887585	126.961342	15723.076172	26806.648438	47346.820312
2009	04	0.044198	-19.775633	89.350883	90.197563	-0.000035	-0.000034	69.531059	116.283096	20.495770	122.660751	15723.965820	26803.439453	47343.097656
2009	04	0.051080	-19.716028	89.468140	90.307381	-0.000035	-0.000034	69.701035	165.745682	12.389261	141.760010	15724.852539	26800.255859	47339.398438
2009	04	0.045059	-19.649199	89.718567	90.563271	-0.000035	-0.000035	70.024307	128.219315	13.670794	125.047943	15725.730469	26797.095703	47335.730469
2009	04	0.047361	-19.061499	92.192810	93.034668	-0.000036	-0.000036	73.083954	119.139587	16.316629	131.438950	15726.625977	26793.957031	47332.003906
2009	04	0.044120	-19.584103	94.980675	95.825218	-0.000037	-0.000037	75.352448	165.080261	7.552403	122.444069	15727.544922	26790.841797	47328.218750
2009	05	0.052109	-20.004210	99.421783	100.287384	-0.000037	-0.000037	79.365456	185.163986	17.039940	139.949753	15728.478516	26787.746094	47324.394531
2009	05	0.051329	-19.292727	110.241623	111.107430	-0.000041	-0.000041	90.897568	69.783318	78.735954	137.853973	15729.453125	26784.669922	47320.421875
2009	05	0.050129	-19.120363	135.902023	136.768463	-0.000051	-0.000051	116.731529	37.720123	98.032593	134.632797	15730.637695	26781.615234	47315.808594
2009	05	0.050408	-18.360046	152.421417	153.287018	-0.000057	-0.000057	134.010971	1.165295	134.396667	135.379959	15732.073242	26778.582031	47310.503906
2009	05	0.044503	-18.464437	162.046432	162.917358	-0.000061	-0.000060	143.537491	-21.636507	129.466736	119.521805	15733.662109	26775.566406	47304.800781
2009	05	0.039565	-18.221611	178.188354	179.063644	-0.000067	-0.000067	159.927170	-4.061042	94.186623	106.259079	15735.377930	26772.572266	47298.726562
2009	05	0.132916	-18.223963	181.742081	182.523468	-0.000068	-0.000068	163.385208	48.725838	69.671211	356.974030	15737.244141	26769.595703	47292.265625
2009	05	16.997749	-5.731913	182.078796	165.994797	-0.000062	-0.000062	159.349152	196.349899	18.663742	45651.027344	15739.069336	26766.673828	47285.964844
2009	05	34.429413	5.053966	188.070694	154.554428	-0.000058	-0.000057	158.695251	135.888199	43.358288	92467.429688	15740.851562	26764.013672	47279.996094
2009	05	53.451065	17.626507	198.391525	145.853043	-0.000054	-0.000054	162.566956	108.063812	65.397148	143554.078125	15742.634766	26761.804688	47274.394531
2009	05	66.039040	24.435963	205.483063	140.356033	-0.000052	-0.000052	163.879959	148.813538	46.966724	177361.734375	15744.419922	26760.035156	47269.164062
2009	05	79.098930	32.601227	212.517517	134.330048	-0.000050	-0.000050	166.019821	76.792374	81.221901	212436.796875	15746.192383	26758.593750	47264.222656
2009	05	87.075333	36.518303	224.791687	138.627258	-0.000052	-0.000051	174.234680	5.722756	123.148376	233859.109375	15748.000000	26757.458984	47259.402344
2009	05	94.490143	40.145981	240.503021	146.923187	-0.000055	-0.000055	186.158844	-5.640517	118.397263	253773.156250	15749.902344	26756.484375	47254.378906
2009	05	113.324806	53.460327	246.655136	134.240082	-0.000050	-0.000050	186.790649	41.977890	110.423317	304357.593750	15751.835938	26755.816406	47249.500000
2009	05	102.572403	42.089138	259.546143	157.882935	-0.000059	-0.000059	199.062881	-12.443206	110.955627	275479.750000	15753.798828	26755.375000	47244.617188
2009	05	127.509407	60.321903	260.757263	134.156479	-0.000050	-0.000050	193.569763	20.695103	105.680557	342453.312500	15755.768555	26754.914062	47239.625000
2009	05	132.187683	61.881573	261.963928	130.684280	-0.000049	-0.000048	191.657791	40.906052	97.311913	355017.781250	15757.646484	26754.925781	47235.222656
2009	05	142.321640	68.352234	266.923920	125.509789	-0.000047	-0.000047	192.954529	50.236355	103.653748	382234.656250	15759.474609	26755.089844	47230.976562
2009	05	149.282364	71.632347	276.033661	127.658241	-0.000048	-0.000047	198.383667	22.748135	119.921822	400929.125000	15761.273438	26755.501953	47226.882812
2009	05	155.991394	75.317101	280.660828	125.575790	-0.000047	-0.000047	199.986526	38.371487	105.993752	418947.656250	15763.065430	26756.035156	47222.777344
2009	05	157.710739	76.171577	281.741608	124.936661	-0.000047	-0.000046	200.202438	41.115246	99.592819	423565.343750	15764.811523	26756.707031	47218.796875
2009	05	158.651230	75.149422	283.311462	125.565483	-0.000047	-0.000047	199.809677	36.798309	101.415619	426091.187500	15766.512695	26757.396484	47214.843750
2009	05	168.560364	82.790710	281.795135	114.139442	-0.000043	-0.000042	196.025467	112.353233	90.168388	452704.250000	15768.170898	26758.093750	47210.917969
2009	05	177.229187	89.134270	277.332764	101.007690	-0.000038	-0.000037	189.237839	112.079597	84.093185	475986.250000	15769.711914	26759.103516	47207.554688
2009	05	174.146362	84.958145	281.074921	107.832123	-0.000040	-0.000040	191.886719	79.621681	99.969543	467706.656250	15771.204102	26760.226562	47204.328125
2009	05	176.913696	85.608612	288.923126	112.912415	-0.000042	-0.000042	197.618027	68.340637	99.256058	475138.906250	15772.701172	26761.291016	47200.898438
2009	05	152.948166	63.825130	291.593018	139.547287	-0.000052	-0.000052	202.469986	18.672525	98.080841	410774.468750	15774.206055	26762.248047	47197.234375
2009	05	168.826050	78.326721	296.412384	128.488190	-0.000048	-0.000048	205.913040	9.448993	115.383385	453417.812500	15775.761719	26762.705078	47192.851562
2009	05	162.688446	71.815109	286.044647	124.257523	-0.000046	-0.000046	195.171341	7.005715	97.083977	436934.000000	15777.231445	26763.523438	47189.039062
2009	05	148.077637	59.779564	286.222870	139.045990	-0.000052	-0.000052	197.924805	-75.296463	150.465820	397693.625000	15778.653320	26764.060547	47185.066406
2009	06	164.085831	74.051514	279.443726	116.229042	-0.000045	-0.000045	189.409409	-15.676542	117.609421	455376.531250	15780.077148	26764.511719	47180.917969
2009	06	179.249573	87.314362	278.291229	99.912270	-0.000039	-0.000038	186.356033	-11.416340	136.417313	497459.468750	15781.405273	26765.519531	47177.492188
2009	06	178.708069	86.031113	279.231506	101.393478	-0.000039	-0.000039	186.554535	6.095176	115.830734	495956.718750	15782.686523	26766.751953	47174.332031
2009	06	175.821518	84.214401	277.987823	103.035805	-0.000040	-0.000039	186.380692	47.145817	79.002663	487945.843750	15783.976562	26767.902344	47170.984375
2009	06	179.032806	87.124138	273.698181	95.534363	-0.000037	-0.000037	181.789520	-16.578405	143.970764	496857.875000	15785.187500	26769.128906	47167.960938
2009	06	173.890503	82.446198	276.859406	103.837349	-0.000040	-0.000040	185.415115	-33.239269	138.646652	482586.812500	15786.398438	26770.298828	47164.796875
2009	06	188.720627	96.209465	271.456879	83.604118	-0.000032	-0.000032	178.945694	4.444021	126.589973	523743.875000	15787.581055	26771.523438	47161.742188
2009	06	194.312714	99.963989	269.259247	75.813919	-0.000029	-0.000029	174.910538	58.289875	91.461678	539263.187500	15788.691406	26773.035156	47159.160156
2009	06	191.606125	98.386345	263.925537	73.186234	-0.000028	-0.000028	170.705750	103.333061	92.327019	531751.812500	15789.748047	26774.630859	47156.812500
2009	06	193.771378	99.886520	264.675018	71.769920	-0.000028	-0.000027	170.790146	46.207310	118.957550	537760.875000	15790.775391	26776.222656	47154.519531
2009	06	178.584213	87.432289	261.933014	84.214523	-0.000032	-0.000032	170.781052	11.571068	111.161179	495612.968750	15791.798828	26777.677734	47152.093750
2009	06	174.263596	83.792725	263.089447	89.691055	-0.000035	-0.000034	172.618576	29.089706	72.466309	483622.218750	15792.846680	26778.791016	47149.226562
2009	06	183.401505	91.344482	257.018188	74.481346	-0.000029	-0.000028	164.961166	16.053968	117.600830	508982.062500	15793.824219	26780.037109	47146.753906
2009	06	159.442551	71.810928	258.934052	100.355637	-0.000039	-0.000038	171.302429	-18.203800	107.918800	442490.343750	15794.833984	26781.060547	47143.906250
2009	06	174.586105	84.378349	255.324844	81.602333	-0.000031	-0.000031	165.117096	15.151634	89.559380	484517.312500	15795.831055	26781.878906	47140.925781
2009	06	198.077682	104.169479	258.512787	61.298149	-0.000024	-0.000023	164.604568	-17.847725	162.119400	549711.875000	15796.750977	26783.187500	47138.570312
2009	06	198.151932	103.198051	257.041168	59.751755	-0.000023	-0.000023	162.087296	67.525848	88.329597	549917.937500	15797.638672	26784.886719	47136.613281
2009	06	194.746185	101.632256	254.286850	60.402649	-0.000023	-0.000023	161.172913	31.639076	120.504471	540466.187500	15798.490234	26786.623047	47134.804688
2009	06	186.466705	94.212029	264.924347	79.319107	-0.000031	-0.000030	172.669678	-5.952586	127.790833	517488.687500	15799.380859	26788.224609	47132.605469
2009	06	190.768112	98.469177	264.008484	74.101295	-0.000029	-0.000028	171.709564	-3.903030	120.046494	529426.125000	15800.302734	26789.626953	47130.062500
2009	06	195.902863	102.936974	256.870453	61.827930	-0.000024	-0.000024	163.904526	-5.103865	128.318390	543676.312500	15801.154297	26791.212891	47127.910156
2009	06	194.956863	101.821419	256.456879	62.359837	-0.000024	-0.000024	163.321426	23.050259	110.961815	541050.875000	15801.970703	26792.847656	47125.902344
2009	06	197.943558	104.943222	256.589142	59.504902	-0.000023	-0.000023	163.588806	17.877205	121.254936	549339.625000	15802.786133	26794.480469	47123.871094
2009	06	201.733719	108.085808	254.829529	53.954571	-0.000021	-0.000020	161.181610	13.620020	124.089081	559858.250000	15803.576172	26796.226562	47122.011719
2009	06	206.216293	112.240799	253.184982	47.826927	-0.000018	-0.000018	159.209488	27.705019	125.524773	572298.375000	15804.337891	26798.087891	47120.335938
2009	06	203.011276	109.793526	250.578018	48.424454	-0.000019	-0.000018	157.360275	35.508667	117.159996	563403.750000	15805.073242	26800.015625	47118.804688
2009	06	204.938477	111.223915	251.695465	47.614170	-0.000018	-0.000018	157.980911	25.788736	113.821182	568752.187500	15805.801758	26801.873047	47117.195312
2009	06	197.497696	104.688828	247.902344	51.261284	-0.000020	-0.000019	155.093475	62.364140	102.757317	548102.250000	15806.505859	26803.740234	47115.675781
2009	06	194.044418	102.174629	245.116943	51.928627	-0.000020	-0.000020	153.247147	21.643410	95.721550	538518.687500	15807.209961	26805.359375	47113.929688
2009	06	208.107620	113.708282	246.777100	39.525074	-0.000015	-0.000015	152.377777	-11.776258	149.982376	577547.312500	15807.876953	26807.130859	47112.445312
2009	07	214.714706	117.642822	254.369156	40.537991	-0.000015	-0.000015	157.297272	36.822689	95.396759	576661.500000	15808.525391	26809.111328	47111.144531
2009	07	212.151535	115.408371	249.534073	38.265533	-0.000014	-0.000014	152.790909	88.388611	84.690704	569777.562500	15809.152344	26811.056641	47109.902344
2009	07	212.157166	114.605446	250.441971	39.167259	-0.000015	-0.000014	152.890259	60.755646	105.435989	569792.625000	15809.753906	26812.994141	47108.738281
2009	07	203.896851	106.929550	251.070770	48.055809	-0.000018	-0.000018	154.103470	48.356953	99.356049	547607.812500	15810.359375	26814.818359	47107.410156
2009	07	204.689667	107.704292	253.764099	49.955784	-0.000019	-0.000018	156.778732	12.868199	95.444511	549737.062500	15810.971680	26816.488281	47105.855469
2009	07	203.895996	107.903061	248.021255	45.006062	-0.000017	-0.000016	152.028320	48.826241	81.795135	547605.562500	15811.565430	26818.156250	47104.359375
2009	07	209.076416	111.310463	247.869843	39.673687	-0.000015	-0.000014	150.103897	57.612534	87.776009	561518.625000	15812.125977	26819.882812	47103.039062
2009	07	201.370331	104.800110	245.982574	45.491955	-0.000017	-0.000017	149.412354	94.353073	100.563324	540822.312500	15812.666992	26821.607422	47101.750000
2009	07	208.295990	110.756660	247.949310	40.532497	-0.000015	-0.000015	150.410004	27.383049	93.655998	559422.625000	15813.204102	26823.273438	47100.371094
2009	07	202.446716	105.522331	245.833252	44.265144	-0.000017	-0.000016	148.908859	35.435940	88.978401	543713.187500	15813.728516	26824.980469	47099.066406
2009	07	210.672104	112.500374	243.991074	34.197025	-0.000013	-0.000012	145.819336	43.494320	86.666847	565804.250000	15814.231445	26826.693359	47097.828125
2009	07	207.289352	110.519989	242.775360	36.363514	-0.000014	-0.000013	146.005981	20.225380	91.098930	556719.125000	15814.705078	26828.525391	47096.781250
2009	07	211.874313	114.134033	244.857559	33.860210	-0.000013	-0.000012	147.117279	51.022488	92.158371	569033.000000	15815.173828	26830.332031	47095.664062
2009	07	211.423523	113.053932	249.633652	39.086548	-0.000015	-0.000014	151.264053	18.185425	98.271210	567822.312500	15815.639648	26832.208984	47094.515625
2009	07	216.705994	117.600639	248.213120	32.382996	-0.000012	-0.000012	149.107758	28.103952	97.003281	582009.500000	15816.092773	26834.130859	47093.417969
2009	07	214.354309	115.604134	245.504105	32.025127	-0.000012	-0.000012	146.753937	59.571407	99.705551	575693.562500	15816.520508	26836.140625	47092.476562
2009	07	214.391724	116.097389	243.568054	30.051109	-0.000011	-0.000011	145.273712	44.797188	87.264877	575794.062500	15816.941406	26838.037109	47091.445312
2009	07	211.701385	112.907578	241.025696	30.198557	-0.000011	-0.000011	142.231888	32.920403	94.418259	568568.562500	15817.329102	26839.992188	47090.617188
2009	07	217.342667	117.394081	243.466522	26.997545	-0.000010	-0.000010	143.517914	46.513538	112.707359	583719.437500	15817.709961	26841.882812	47089.703125
2009	07	212.208084	112.959915	243.733994	32.399063	-0.000012	-0.000012	144.485825	41.995438	98.229385	569929.437500	15818.077148	26843.892578	47088.882812
2009	07	201.864426	104.501930	244.362610	43.370796	-0.000016	-0.000016	147.000122	-11.448799	101.871513	542149.312500	15818.453125	26845.687500	47087.785156
2009	07	205.498413	107.775223	246.663940	42.037613	-0.000016	-0.000015	148.940765	1.022018	106.236267	551909.187500	15818.836914	26847.312500	47086.453125
2009	07	194.565750	98.006538	247.031723	53.337517	-0.000020	-0.000020	150.472519	-6.047030	95.569229	522547.187500	15819.220703	26848.937500	47085.058594
2009	07	206.712219	109.256889	247.870331	42.029091	-0.000016	-0.000015	150.414978	3.535027	92.935898	555169.062500	15819.609375	26850.388672	47083.437500
2009	07	220.303055	120.805901	244.674713	25.242090	-0.000009	-0.000009	145.177536	56.570450	98.722672	591670.187500	15819.944336	26852.246094	47082.359375
2009	07	223.376785	123.443604	244.503845	21.996962	-0.000008	-0.000008	144.570648	65.347252	85.452370	599925.312500	15820.244141	26854.384766	47081.617188
2009	07	217.647186	118.878212	239.880173	23.102350	-0.000009	-0.000008	141.111191	35.124031	89.029549	584537.250000	15820.522461	26856.537109	47081.003906
2009	07	214.187576	115.615028	239.232788	25.914049	-0.000010	-0.000009	140.660248	57.958477	94.709305	575245.750000	15820.793945	26858.515625	47080.246094
2009	07	219.868698	120.250961	239.135132	20.134737	-0.000008	-0.000007	139.517410	20.449413	102.339493	590503.562500	15821.051758	26860.501953	47079.515625
2009	07	213.550262	115.386185	237.415115	24.732588	-0.000009	-0.000009	139.251022	23.025051	95.325478	573534.125000	15821.290039	26862.570312	47078.921875
2009	07	216.352295	117.235344	238.897308	23.412233	-0.000009	-0.000008	139.780380	8.031141	105.585953	581059.500000	15821.531250	26864.517578	47078.164062
2009	08	216.830032	118.489731	236.004562	20.041185	-0.000007	-0.000007	137.664246	24.174072	93.855980	582342.625000	15821.753906	26866.509766	47077.503906
2009	08	215.605804	117.616837	234.076172	19.336494	-0.000007	-0.000007	136.087204	58.746849	83.040573	579054.687500	15821.963867	26868.486328	47076.863281
2009	08	211.504028	113.520050	232.958466	22.320017	-0.000008	-0.000008	134.974472	30.689276	86.948807	568038.500000	15822.157227	26870.468750	47076.320312
2009	08	203.442108	107.415718	234.945526	32.368477	-0.000012	-0.000012	138.919144	-12.780323	104.310448	546386.562500	15822.354492	26872.287109	47075.535156
2009	08	219.810349	121.205162	234.797165	15.851321	-0.000006	-0.000006	136.191971	13.454738	99.605003	590346.875000	15822.549805	26874.058594	47074.660156
2009	08	222.627274	123.446526	233.811584	12.048299	-0.000004	-0.000004	134.630844	46.263859	98.296692	597912.312500	15822.705078	26876.201172	47074.257812
2009	08	223.125183	125.030792	228.954956	6.693225	-0.000002	-0.000002	130.860580	88.046890	100.861031	599249.562500	15822.847656	26878.371094	47073.949219
2009	08	186.097717	92.501083	222.592712	37.357895	-0.000014	-0.000014	128.996078	5.951801	55.500198	499804.531250	15822.987305	26880.238281	47073.441406
2009	08	153.508774	66.736214	216.552078	63.905682	-0.000024	-0.000024	129.779526	-13.069130	63.245987	412280.062500	15823.173828	26881.035156	47071.875000
2009	08	210.172424	114.381546	220.959595	11.648992	-0.000004	-0.000004	125.168716	15.120115	82.823967	564462.187500	15823.360352	26881.908203	47070.492188
2009	08	222.169220	123.979004	226.072433	4.764493	-0.000002	-0.000001	127.882210	41.057735	93.992409	596682.187500	15823.465820	26883.832031	47070.121094
2009	08	219.498230	121.965111	223.902618	5.265151	-0.000002	-0.000002	126.369507	80.665482	94.546562	589508.625000	15823.550781	26886.001953	47070.003906
2009	08	225.448853	125.944824	226.875748	2.287123	-0.000001	-0.000001	127.371735	63.200661	89.359436	605490.250000	15823.627930	26888.126953	47069.847656
2009	08	214.647415	116.767677	226.667068	12.879347	-0.000005	-0.000004	128.787338	20.937492	86.906746	576480.750000	15823.694336	26890.324219	47069.738281
2009	08	192.959259	99.537766	219.465042	27.364927	-0.000010	-0.000010	126.043541	14.103742	75.065475	518232.656250	15823.780273	26892.105469	47069.187500
2009	08	218.228394	121.175560	220.677383	3.307606	-0.000001	-0.000001	123.624542	13.405796	105.254799	586098.187500	15823.859375	26893.681641	47068.613281
2009	08	230.480194	130.779083	224.505402	-5.116708	0.000002	0.000002	124.804283	45.405632	103.610382	619003.000000	15823.903320	26895.837891	47068.527344
2009	08	226.144760	126.637321	222.515945	-2.771268	0.000001	0.000001	123.008499	69.218567	102.249619	607359.250000	15823.925781	26898.191406	47068.730469
2009	08	210.460724	113.990639	220.369324	10.765617	-0.000004	-0.000004	123.899246	81.854950	91.600243	565236.500000	15823.950195	26900.427734	47068.796875
2009	08	171.898773	82.853439	209.711334	38.669029	-0.000014	-0.000014	120.665985	-21.863548	79.449547	461670.281250	15824.008789	26901.861328	47068.085938
2009	08	166.021439	76.823502	207.088318	41.922832	-0.000016	-0.000015	117.890388	-2.856632	40.297756	445885.468750	15824.100586	26902.521484	47066.734375
2009	08	227.586227	129.537155	217.477676	-9.253134	0.000003	0.000004	119.428596	62.565113	94.045647	611230.625000	15824.162109	26903.767578	47065.957031
2009	08	223.921173	126.037125	215.185867	-7.880413	0.000003	0.000003	117.301826	54.448128	86.198372	601387.375000	15824.147461	26906.074219	47066.269531
2009	08	231.803513	132.701324	218.228180	-12.720974	0.000005	0.000005	119.125999	57.281013	92.827232	622557.000000	15824.127930	26908.359375	47066.546875
2009	08	217.329071	119.637520	217.947220	1.471967	-0.000001	-0.000000	120.255669	89.972290	107.568871	583682.875000	15824.102539	26910.664062	47066.812500
2009	08	222.875031	124.168533	219.873154	-2.148602	0.000001	0.000001	121.166641	40.501190	88.612045	598577.750000	15824.085938	26912.761719	47066.832031
2009	08	225.601685	126.888283	219.627274	-5.121651	0.000002	0.000002	120.913872	43.418663	90.789963	605900.750000	15824.057617	26914.994141	47066.976562
2009	08	225.293839	127.200218	218.972672	-5.468938	0.000002	0.000002	120.879059	65.629578	88.286751	605073.937500	15824.021484	26917.248047	47067.152344
2009	08	224.035187	125.408813	219.122559	-4.060938	0.000002	0.000002	120.496170	62.676762	81.677956	601693.625000	15823.982422	26919.468750	47067.285156
2009	08	225.353882	126.371063	220.573364	-3.929356	0.000001	0.000002	121.590546	59.938011	90.185852	605235.187500	15823.936523	26921.697266	47067.433594
2009	08	217.241043	119.410133	223.872330	7.481925	-0.000003	-0.000002	126.041420	17.943979	95.798233	583446.500000	15823.887695	26923.873047	47067.441406
2009	09	215.883972	120.564514	217.279144	2.217877	-0.000001	-0.000001	121.959709	33.040588	100.503448	599128.500000	15823.844727	26925.974609	47067.277344
2009	09	218.520218	123.226646	215.033157	-2.664896	0.000001	0.000001	119.739571	61.724556	88.065849	606444.750000	15823.790039	26928.179688	47067.273438
2009	09	215.868027	120.299911	213.267776	-1.778583	0.000001	0.000001	117.699661	39.634838	92.882706	599084.187500	15823.723633	26930.423828	47067.382812
2009	09	212.069473	116.841492	217.581085	6.332764	-0.000002	-0.000002	122.353104	19.273600	96.032379	588542.375000	15823.654297	26932.572266	47067.343750
2009	09	213.951706	118.775665	214.324890	1.193833	-0.000000	-0.000000	119.148849	53.405067	80.580948	593766.062500	15823.587891	26934.646484	47067.210938
2009	09	215.001968	119.576607	213.903427	-0.278393	0.000000	0.000000	118.478073	56.473000	90.530281	596680.750000	15823.510742	26936.791016	47067.218750
2009	09	208.740646	114.082771	213.474457	5.553431	-0.000002	-0.000002	118.816582	87.031754	98.428604	579304.062500	15823.429688	26938.882812	47067.171875
2009	09	211.355103	116.144012	212.837875	2.301898	-0.000001	-0.000001	117.626793	29.386353	84.981110	586559.812500	15823.350586	26940.869141	47067.039062
2009	09	200.594345	107.782913	208.046005	8.270267	-0.000003	-0.000003	115.234573	41.973362	80.763832	556696.187500	15823.265625	26942.767578	47066.867188
2009	09	206.732117	114.642014	211.034012	5.119988	-0.000002	-0.000002	118.943901	23.436424	124.022385	573730.000000	15823.181641	26944.662109	47066.664062
2009	09	199.821304	108.666420	203.037262	4.033560	-0.000002	-0.000001	111.882393	13.828986	78.890327	554550.812500	15823.086914	26946.558594	47066.566406
2009	09	204.145447	111.628235	210.188431	6.860046	-0.000003	-0.000002	117.671196	-0.718803	97.961555	566551.375000	15822.993164	26948.355469	47066.347656
2009	09	217.185074	122.182281	212.944229	-3.424283	0.000001	0.000002	117.941422	54.118370	88.303734	602739.375000	15822.890625	26950.322266	47066.191406
2009	09	217.813583	122.874672	211.333008	-5.664511	0.000002	0.000003	116.394104	68.593857	91.580704	604483.625000	15822.770508	26952.529297	47066.316406
2009	09	223.675964	127.408821	209.907745	-12.952649	0.000005	0.000005	113.640625	75.229759	86.545280	620753.125000	15822.641602	26954.816406	47066.574219
2009	09	209.619095	115.778717	205.376816	-3.427249	0.000001	0.000002	111.536415	69.447037	85.233253	581742.000000	15822.502930	26957.091797	47066.949219
2009	09	213.849655	119.128830	206.803299	-6.231828	0.000002	0.000003	112.082458	50.474747	90.510338	593482.812500	15822.373047	26959.167969	47067.109375
2009	09	217.667084	122.736183	207.237808	-9.615231	0.000004	0.000004	112.306915	63.192356	88.338242	604077.062500	15822.234375	26961.326172	47067.339844
2009	09	206.856476	113.151352	206.618561	0.575624	-0.000000	0.000000	112.913445	40.498539	82.617332	574075.062500	15822.093750	26963.453125	47067.546875
2009	09	214.860840	120.274071	207.060654	-6.987152	0.000003	0.000003	112.473892	69.642776	92.340385	596289.062500	15821.958984	26965.445312	47067.597656
2009	09	212.947189	118.787575	204.789871	-7.344789	0.000003	0.000003	110.630264	84.188652	104.604424	590978.250000	15821.812500	26967.574219	47067.824219
2009	09	196.635864	104.053116	204.824158	9.000298	-0.000003	-0.000003	112.241402	77.569603	104.899368	545710.500000	15821.667969	26969.535156	47067.914062
2009	09	214.785950	119.208824	209.747253	-4.227183	0.000002	0.000002	114.170135	53.222603	97.063545	596081.250000	15821.534180	26971.332031	47067.734375
2009	09	211.615219	117.304222	206.110931	-4.693284	0.000002	0.000002	111.799950	46.949707	84.605118	587281.750000	15821.375977	26973.453125	47067.902344
2009	09	189.409775	98.869316	199.963501	11.364221	-0.000004	-0.000004	109.423035	16.545805	64.765091	525656.437500	15821.225586	26975.275391	47067.843750
2009	09	188.465698	98.648834	194.851074	7.195361	-0.000003	-0.000002	105.034195	8.172753	66.074608	523036.375000	15821.098633	26976.705078	47067.546875
2009	09	204.548401	112.465569	201.224823	-2.514081	0.000001	0.000001	109.141991	12.617012	90.213249	567669.625000	15820.957031	26978.333984	47067.433594
2009	09	202.823532	110.324593	201.953247	-0.061289	0.000000	0.000000	109.454323	46.943863	87.784355	562882.687500	15820.796875	26980.125000	47067.394531
2009	09	213.016693	118.783905	202.919357	-9.288857	0.000004	0.000004	108.686562	45.146328	79.355782	591171.125000	15820.637695	26982.046875	47067.500000
2009	09	212.976440	118.591110	201.755859	-10.412600	0.000004	0.000004	107.370529	74.869751	94.134186	591059.375000	15820.458984	26984.167969	47067.843750
2009	10	219.713745	121.934822	207.399185	-11.480173	0.000004	0.000005	109.620247	61.536850	104.809402	590087.437500	15820.278320	26986.257812	47068.195312
2009	10	218.372681	121.087433	212.347870	-5.190930	0.000002	0.000002	115.062622	26.205538	111.197220	586485.750000	15820.092773	26988.365234	47068.527344
2009	10	209.102921	112.992615	215.430298	7.160743	-0.000003	-0.000002	119.319992	48.267628	93.366692	561589.812500	15819.910156	26990.316406	47068.500000
2009	10	221.301895	123.383347	211.779602	-8.689438	0.000003	0.000004	113.861069	78.079971	100.567345	594352.687500	15819.740234	26992.173828	47068.398438
2009	10	225.156937	126.836304	209.975372	-14.349239	0.000005	0.000006	111.654739	69.700989	97.433067	604706.250000	15819.546875	26994.353516	47068.785156
2009	10	200.160080	105.918510	211.014084	11.685790	-0.000004	-0.000004	116.772491	29.459202	95.655540	537572.000000	15819.346680	26996.349609	47068.945312
2009	10	221.150360	124.128639	217.606888	-2.712185	0.000001	0.000001	120.585167	57.398933	112.225113	593945.812500	15819.162109	26998.156250	47068.707031
2009	10	217.918121	120.877228	216.398224	-0.689140	0.000000	0.000001	119.357323	-0.686615	112.924316	585264.937500	15818.962891	27000.267578	47068.785156
2009	10	221.144760	123.364014	215.339386	-4.975128	0.000002	0.000002	117.558624	34.509434	102.375221	593930.750000	15818.760742	27002.318359	47068.828125
2009	10	225.486450	127.687553	213.535202	-11.121541	0.000004	0.000004	115.736282	50.154388	99.530045	605591.250000	15818.549805	27004.500000	47069.070312
2009	10	206.036423	111.616913	206.819290	1.612073	-0.000001	-0.000000	112.399773	29.697277	76.731445	553354.125000	15818.336914	27006.533203	47069.234375
2009	10	218.752991	122.615532	204.506989	-13.417297	0.000005	0.000005	108.369522	62.766277	94.705864	587507.125000	15818.142578	27008.406250	47069.378906
2009	10	215.872650	119.573608	211.125824	-3.918631	0.000001	0.000002	114.826790	1.538315	116.736877	579771.375000	15817.924805	27010.496094	47069.722656
2009	10	221.727020	124.856369	212.127518	-8.771822	0.000003	0.000004	115.256866	42.896194	98.509605	595494.500000	15817.703125	27012.541016	47069.847656
2009	10	215.868881	119.327156	212.515930	-2.525770	0.000001	0.000001	115.974228	44.185703	101.449341	579761.187500	15817.480469	27014.636719	47070.046875
2009	10	218.864487	122.665222	212.512863	-5.524976	0.000002	0.000002	116.313599	43.996048	106.055664	587806.562500	15817.259766	27016.660156	47070.144531
2009	10	217.754745	121.349670	211.648026	-5.280592	0.000002	0.000002	115.242958	49.138290	97.053192	584826.125000	15817.034180	27018.728516	47070.281250
2009	10	201.456741	108.199539	208.722321	8.091201	-0.000003	-0.000003	115.465126	-0.862605	114.629181	541054.375000	15816.809570	27020.642578	47070.335938
2009	10	205.783173	112.416328	211.394348	6.436290	-0.000002	-0.000002	118.027519	-2.992190	107.763344	552673.937500	15816.585938	27022.337891	47070.062500
2009	10	202.834259	111.309784	203.893448	1.883782	-0.000001	-0.000000	112.368973	4.298220	112.008202	544754.062500	15816.366211	27024.048828	47069.898438
2009	10	195.620651	104.421555	200.909958	6.113384	-0.000002	-0.000002	109.710861	10.062949	88.075523	525380.312500	15816.150391	27025.701172	47069.773438
2009	10	215.054260	120.880684	197.896759	-16.333925	0.000006	0.000006	103.723206	54.615620	96.062187	577573.437500	15815.945312	27027.277344	47069.742188
2009	10	219.704239	125.440872	193.439545	-25.441639	0.000009	0.000010	99.176186	60.861378	94.569878	590061.875000	15815.732422	27029.318359	47070.339844
2009	10	204.096588	111.530312	191.398224	-11.875843	0.000004	0.000005	98.831932	59.427834	98.134727	548144.312500	15815.500000	27031.361328	47071.031250
2009	10	161.641907	76.737701	181.193420	20.373533	-0.000008	-0.000007	96.289200	-7.564451	56.711498	434123.343750	15815.290039	27032.585938	47070.910156
2009	10	208.129318	116.637131	188.942078	-18.365742	0.000007	0.000007	97.449875	41.605152	85.285820	558975.062500	15815.103516	27033.644531	47070.703125
2009	10	156.780060	72.078300	181.614090	25.655045	-0.000010	-0.000009	96.912338	-4.114559	41.455021	421065.781250	15814.904297	27034.984375	47070.703125
2009	10	213.541428	120.022552	192.318298	-20.402637	0.000008	0.000008	98.799423	53.203236	93.968445	573510.375000	15814.716797	27035.910156	47070.332031
2009	10	207.612152	114.225029	201.010071	-5.782095	0.000002	0.000002	107.622955	5.161115	101.593246	557586.062500	15814.500000	27037.839844	47070.742188
2009	10	200.457245	108.369232	198.858429	-0.779335	0.000000	0.000001	106.770424	34.745316	71.612007	538370.062500	15814.267578	27039.527344	47070.769531
2009	10	208.731308	115.985237	201.243973	-6.668378	0.000002	0.000003	108.497902	20.007990	115.755562	560591.812500	15814.038086	27041.287109	47070.937500
2009	11	202.876846	113.348640	195.549744	-6.535045	0.000003	0.000003	106.021538	50.133728	98.691116	563030.687500	15813.791992	27043.103516	47071.015625
2009	11	203.510269	113.181274	195.318726	-7.399974	0.000003	0.000003	104.989738	65.952324	93.800667	564788.562500	15813.548828	27044.996094	47071.210938
2009	11	184.600800	97.540062	196.925034	13.115314	-0.000005	-0.000005	109.864311	-1.133671	93.198166	512310.375000	15813.300781	27046.755859	47071.257812
2009	11	191.084885	104.001312	193.624191	3.329896	-0.000001	-0.000001	106.540627	11.257439	82.789154	530305.250000	15813.050781	27048.167969	47070.832031
2009	11	180.439026	94.721359	189.063797	9.414846	-0.000004	-0.000003	103.346123	-1.020615	97.635612	500760.531250	15812.812500	27049.595703	47070.597656
2009	11	168.124481	84.652016	181.147705	13.812828	-0.000005	-0.000005	97.675247	-10.251560	72.626640	466584.718750	15812.586914	27050.798828	47070.285156
2009	11	200.910339	111.421486	187.747665	-12.373581	0.000005	0.000005	98.258804	-8.186735	125.602524	557573.125000	15812.370117	27051.968750	47070.046875
2009	11	203.541901	113.488075	188.349930	-14.403346	0.000006	0.000006	98.296112	68.916245	94.596931	564876.312500	15812.143555	27053.822266	47070.441406
2009	11	204.183258	114.354057	186.643387	-16.751736	0.000006	0.000007	96.814201	67.863182	96.887978	566656.250000	15811.910156	27055.728516	47070.910156
2009	11	200.300949	111.456924	183.453445	-16.059885	0.000006	0.000006	94.609406	48.090717	100.341934	555882.000000	15811.670898	27057.634766	47071.480469
2009	11	180.837036	93.801796	194.669510	14.619620	-0.000006	-0.000005	107.634270	-9.829761	86.622391	501865.062500	15811.410156	27059.269531	47071.554688
2009	11	185.841003	98.402596	195.752167	10.697825	-0.000004	-0.000004	108.313759	-12.886908	94.334518	515752.250000	15811.150391	27060.560547	47071.070312
2009	11	195.499008	106.548691	195.908844	1.196011	-0.000000	-0.000000	106.958534	4.667073	96.415771	542555.437500	15810.890625	27062.044922	47070.777344
2009	11	206.086884	114.930420	197.225296	-8.075907	0.000003	0.000003	106.068825	44.897511	92.833946	571939.250000	15810.631836	27063.812500	47070.820312
2009	11	198.451385	109.237831	190.378891	-7.287304	0.000003	0.000003	101.165337	61.234325	97.311417	550749.000000	15810.375977	27065.724609	47071.113281
2009	11	194.741867	105.613167	186.821884	-7.135289	0.000003	0.000003	97.693184	56.380028	94.876251	540454.187500	15810.127930	27067.406250	47071.324219
2009	11	197.592407	108.126656	187.113403	-9.694785	0.000004	0.000004	97.647659	28.152853	98.796318	548365.125000	15809.881836	27069.093750	47071.605469
2009	11	199.363602	109.756172	188.916901	-9.662994	0.000004	0.000004	99.309456	41.395554	98.082405	553280.625000	15809.626953	27070.835938	47071.859375
2009	11	198.238510	109.084442	187.174454	-10.280822	0.000004	0.000004	98.020393	34.943501	92.816521	550158.250000	15809.369141	27072.609375	47072.171875
2009	11	200.834778	111.734917	185.953354	-14.098680	0.000005	0.000006	96.853493	40.759457	86.544418	557363.437500	15809.110352	27074.380859	47072.515625
2009	11	203.544556	115.270882	180.037460	-22.724823	0.000009	0.000009	91.763794	52.094086	82.593849	564883.687500	15808.854492	27076.240234	47073.070312
2009	11	194.736862	105.869804	180.773712	-13.181383	0.000005	0.000005	91.906647	55.798130	98.930313	540440.312500	15808.596680	27078.068359	47073.675781
2009	11	187.692383	100.340927	181.558441	-5.352655	0.000002	0.000002	94.206978	-0.691537	99.759201	520890.250000	15808.341797	27079.703125	47074.082031
2009	11	181.453354	95.506668	189.720963	9.048408	-0.000003	-0.000003	103.774277	-63.236080	158.995926	503575.500000	15808.071289	27081.105469	47073.957031
2009	11	185.297958	99.982956	186.509659	1.992029	-0.000001	-0.000000	101.194664	-24.564791	122.274704	514245.156250	15807.800781	27082.458984	47073.753906
2009	11	195.813828	108.599648	187.644180	-7.389832	0.000003	0.000003	100.429985	29.322460	86.714737	543429.187500	15807.531250	27083.935547	47073.664062
2009	11	192.351761	104.838737	185.737869	-5.834551	0.000002	0.000003	98.224846	45.083256	88.578262	533821.125000	15807.269531	27085.630859	47073.882812
2009	11	175.036316	89.915855	188.554352	14.296895	-0.000006	-0.000005	103.433891	-12.937892	82.325409	485766.687500	15807.002930	27087.072266	47073.808594
2009	11	186.907684	100.194183	188.195557	2.066224	-0.000001	-0.000000	101.482025	3.574058	96.230278	518712.562500	15806.732422	27088.324219	47073.468750
2009	11	176.208496	92.170067	186.631104	11.200492	-0.000004	-0.000004	102.592659	-62.893787	149.372910	489019.781250	15806.461914	27089.677734	47073.238281
2009	12	202.338699	113.568871	188.370102	-13.165273	0.000005	0.000005	99.600281	35.882648	106.130630	543423.125000	15806.195312	27091.046875	47073.132812
2009	12	202.524033	111.847221	188.099792	-13.621407	0.000005	0.000005	97.422989	50.886517	70.457001	543920.812500	15805.941406	27092.755859	47073.492188
2009	12	203.717621	112.919830	187.583130	-15.332177	0.000006	0.000006	96.785324	67.157761	77.082939	547126.500000	15805.689453	27094.476562	47073.917969
2009	12	202.073898	110.600426	187.605927	-13.666151	0.000005	0.000005	96.132446	48.345932	67.478882	542711.937500	15805.434570	27096.216797	47074.375000
2009	12	195.318878	102.995430	189.438995	-5.078549	0.000002	0.000002	97.115547	19.013432	85.217575	524569.875000	15805.176758	27097.832031	47074.707031
2009	12	190.241104	99.264046	189.431641	-0.008643	0.000000	0.000000	98.454567	12.068178	76.520981	510932.468750	15804.915039	27099.294922	47074.839844
2009	12	200.783783	109.106590	189.683456	-10.299990	0.000004	0.000004	98.006271	45.223515	70.878006	539247.000000	15804.652344	27100.734375	47074.933594
2009	12	209.436295	116.563911	189.519257	-19.117201	0.000007	0.000007	96.646881	64.275795	83.133652	562485.125000	15804.385742	27102.457031	47075.343750
2009	12	197.156876	106.776375	184.384338	-11.973191	0.000004	0.000005	94.003853	37.495247	69.388702	529506.187500	15804.119141	27104.281250	47075.933594
2009	12	193.878601	101.772514	186.365936	-6.713844	0.000003	0.000003	94.259827	6.650313	73.771645	520701.718750	15803.855469	27105.775391	47076.230469
2009	12	206.435333	112.939819	187.365677	-18.271317	0.000007	0.000007	93.870155	60.536789	86.603729	554425.500000	15803.590820	27107.326172	47076.574219
2009	12	207.407959	114.552979	185.820328	-20.789782	0.000008	0.000008	92.965340	65.482689	93.511635	557037.625000	15803.322266	27109.154297	47077.210938
2009	12	204.871201	112.579643	185.786530	-18.287329	0.000007	0.000007	93.494965	47.598465	74.314537	550224.687500	15803.047852	27110.958984	47077.832031
2009	12	191.431946	101.685349	182.994736	-7.640359	0.000003	0.000003	93.248131	10.300982	74.582695	514130.750000	15802.773438	27112.621094	47078.328125
2009	12	200.420288	110.443146	182.592010	-17.031916	0.000006	0.000007	92.614876	42.272537	74.025917	538270.812500	15802.503906	27114.119141	47078.652344
2009	12	194.103302	103.554352	182.581436	-10.726007	0.000004	0.000004	92.032486	35.083946	67.465553	521305.218750	15802.234375	27115.720703	47079.113281
2009	12	166.336670	82.506905	175.612350	10.071050	-0.000004	-0.000003	91.782585	-15.094055	95.969612	446732.093750	15801.969727	27117.033203	47079.269531
2009	12	198.808090	110.031448	178.260040	-19.753176	0.000007	0.000008	89.483398	31.661846	72.216415	533940.937500	15801.717773	27117.992188	47079.160156
2009	12	195.990845	105.837860	181.674149	-13.522315	0.000005	0.000005	91.521172	36.322021	71.379021	526374.562500	15801.459961	27119.623047	47079.722656
2009	12	202.380295	111.069794	185.954147	-15.632240	0.000006	0.000006	94.643669	58.160358	69.328957	543534.750000	15801.192383	27121.189453	47080.082031
2009	12	197.244812	107.970215	183.006042	-13.445392	0.000005	0.000005	93.731430	32.662567	84.186981	529742.437500	15800.917969	27122.863281	47080.570312
2009	12	201.768372	111.297371	182.464264	-18.511202	0.000007	0.000007	91.993279	49.158936	83.069389	541891.375000	15800.642578	27124.509766	47081.042969
2009	12	186.218460	98.694939	177.893417	-7.532643	0.000003	0.000003	90.369881	16.621155	56.218838	500128.812500	15800.370117	27126.054688	47081.468750
2009	12	200.841553	111.018097	179.434937	-20.614706	0.000008	0.000008	89.611481	65.193146	81.303207	539402.187500	15800.107422	27127.455078	47081.824219
2009	12	204.304077	113.237732	181.001297	-22.511354	0.000008	0.000009	89.934959	70.695442	81.782684	548701.562500	15799.837891	27129.173828	47082.472656
2009	12	208.201797	116.083199	181.660843	-25.750029	0.000010	0.000010	89.542244	66.806671	69.625130	559169.687500	15799.560547	27130.980469	47083.199219
2009	12	204.216553	112.987762	179.044357	-24.381767	0.000009	0.000009	87.815559	53.455688	82.851967	548466.500000	15799.277344	27132.851562	47084.054688
2009	12	205.513641	113.788277	180.905029	-23.818666	0.000009	0.000009	89.179665	44.858852	78.404388	551950.000000	15798.994141	27134.613281	47084.792969
2009	12	208.962738	117.331917	180.459991	-27.713305	0.000010	0.000011	88.829147	65.078407	79.533241	561213.375000	15798.710938	27136.445312	47085.585938
2009	12	211.117386	118.026047	180.098236	-30.230183	0.000011	0.000012	87.006889	52.329971	102.638817	567000.062500	15798.423828	27138.318359	47086.441406
2009	12	211.737595	119.393036	176.464035	-34.485081	0.000013	0.000013	84.119484	54.918381	91.147018	568665.812500	15798.137695	27140.320312	47087.535156
