# Monthly output values extracted from ELM simulation
# Source file: tmpfv4e2ppu.nc
# Years: 2006 - 2013
#
# Variables:
#   GPP: gross primary production (monthly sum, gC/m2/month)
#   NPP: net primary production (monthly sum, gC/m2/month)
#   ER: total ecosystem respiration, autotrophic + heterotrophic (monthly sum, gC/m2/month)
#   NEE: net ecosystem exchange of carbon, includes fire, landuse, harvest, and hrv_xsmrpool flux, positive for source (monthly sum, gC/m2/month)
#   NBP: net biome production, includes fire, landuse, and harvest flux, positive for sink (monthly mean, gC/m^2/s)
#   NEP: net ecosystem production, excludes fire, landuse, and harvest flux, positive for sink (monthly mean, gC/m^2/s)
#   HR: total heterotrophic respiration (monthly sum, gC/m2/month)
#   FSH: sensible heat (monthly mean, W/m^2)
#   EFLX_LH_TOT: total latent heat flux [+ to atm] (monthly mean, W/m^2)
#   FPSN: photosynthesis (mean daily flux, umol/m2/day)
#   TOTSOMC: total soil organic matter carbon (monthly mean, gC/m^2)
#   TOTVEGC: total vegetation carbon, excluding cpool (monthly mean, gC/m^2)
#   TOTECOSYSC: total ecosystem carbon, incl veg but excl cpool but excl product pools (monthly mean, gC/m^2)
#
Year	Month	GPP	NPP	ER	NEE	NBP	NEP	HR	FSH	EFLX_LH_TOT	FPSN	TOTSOMC	TOTVEGC	TOTECOSYSC
2006	01	0.000000	0.000000	0.000061	0.000061	-0.000000	-0.000000	0.000061	-2.163078	12.342381	0.000000	8.290227	0.000000	8.319259
2006	01	0.000000	0.000000	0.000061	0.000061	-0.000000	-0.000000	0.000061	6.012483	16.484638	0.000000	8.290225	0.000000	8.319256
2006	01	0.000000	0.000000	0.000061	0.000061	-0.000000	-0.000000	0.000061	7.365067	8.938729	0.000000	8.290223	0.000000	8.319254
2006	01	0.000000	0.000000	0.000061	0.000061	-0.000000	-0.000000	0.000061	17.103500	9.236562	0.000000	8.290221	0.000000	8.319252
2006	01	0.000000	0.000000	0.000061	0.000061	-0.000000	-0.000000	0.000061	21.773218	8.432000	0.000000	8.290219	0.000000	8.319250
2006	01	0.000000	0.000000	0.000060	0.000060	-0.000000	-0.000000	0.000060	18.313799	10.056955	0.000000	8.290217	0.000000	8.319248
2006	01	0.000000	0.000000	0.000060	0.000060	-0.000000	-0.000000	0.000060	15.255721	12.300920	0.000000	8.290215	0.000000	8.319246
2006	01	0.000000	0.000000	0.000060	0.000060	-0.000000	-0.000000	0.000060	18.964958	9.684528	0.000000	8.290214	0.000000	8.319244
2006	01	0.000000	0.000000	0.000060	0.000060	-0.000000	-0.000000	0.000060	2.200168	2.619623	0.000000	8.290212	0.000000	8.319242
2006	01	0.000000	0.000000	0.000060	0.000060	-0.000000	-0.000000	0.000060	11.637980	7.422616	0.000000	8.290210	0.000000	8.319241
2006	01	0.000000	0.000000	0.000061	0.000061	-0.000000	-0.000000	0.000061	13.679234	13.357116	0.000000	8.290208	0.000000	8.319239
2006	01	0.000000	0.000000	0.000061	0.000061	-0.000000	-0.000000	0.000061	4.109436	11.687573	0.000000	8.290206	0.000000	8.319236
2006	01	0.000000	0.000000	0.000061	0.000061	-0.000000	-0.000000	0.000061	17.635899	11.960807	0.000000	8.290204	0.000000	8.319234
2006	01	0.000000	0.000000	0.000061	0.000061	-0.000000	-0.000000	0.000061	1.105789	7.209036	0.000000	8.290202	0.000000	8.319232
2006	01	0.000000	0.000000	0.000061	0.000061	-0.000000	-0.000000	0.000061	12.289305	6.452391	0.000000	8.290200	0.000000	8.319230
2006	01	0.000000	0.000000	0.000061	0.000061	-0.000000	-0.000000	0.000061	16.617922	7.563924	0.000000	8.290198	0.000000	8.319228
2006	01	0.000000	0.000000	0.000061	0.000061	-0.000000	-0.000000	0.000061	13.591902	7.774283	0.000000	8.290196	0.000000	8.319226
2006	01	0.000000	0.000000	0.000061	0.000061	-0.000000	-0.000000	0.000061	16.469818	7.358963	0.000000	8.290194	0.000000	8.319224
2006	01	0.000000	0.000000	0.000062	0.000062	-0.000000	-0.000000	0.000062	18.277361	7.158073	0.000000	8.290192	0.000000	8.319222
2006	01	0.000000	0.000000	0.000062	0.000062	-0.000000	-0.000000	0.000062	11.278437	9.255569	0.000000	8.290190	0.000000	8.319220
2006	01	0.000000	0.000000	0.000062	0.000062	-0.000000	-0.000000	0.000062	14.476910	13.559216	0.000000	8.290188	0.000000	8.319218
2006	01	0.000000	0.000000	0.000062	0.000062	-0.000000	-0.000000	0.000062	19.637974	9.955869	0.000000	8.290186	0.000000	8.319216
2006	01	0.000000	0.000000	0.000062	0.000062	-0.000000	-0.000000	0.000062	20.153982	8.365875	0.000000	8.290184	0.000000	8.319214
2006	01	0.000000	0.000000	0.000062	0.000062	-0.000000	-0.000000	0.000062	21.080036	8.992239	0.000000	8.290182	0.000000	8.319212
2006	01	0.000000	0.000000	0.000061	0.000061	-0.000000	-0.000000	0.000061	16.050287	17.464090	0.000000	8.290180	0.000000	8.319210
2006	01	0.000000	0.000000	0.000061	0.000061	-0.000000	-0.000000	0.000061	22.320023	18.226738	0.000000	8.290178	0.000000	8.319208
2006	01	0.000000	0.000000	0.000061	0.000061	-0.000000	-0.000000	0.000061	12.319470	8.309282	0.000000	8.290176	0.000000	8.319205
2006	01	0.000000	0.000000	0.000061	0.000061	-0.000000	-0.000000	0.000061	-0.897310	10.885653	0.000000	8.290174	0.000000	8.319203
2006	01	0.000000	0.000000	0.000061	0.000061	-0.000000	-0.000000	0.000061	10.515208	17.401459	0.000000	8.290173	0.000000	8.319201
2006	01	0.000000	0.000000	0.000063	0.000063	-0.000000	-0.000000	0.000063	22.551519	19.312943	0.000000	8.290171	0.000000	8.319200
2006	01	0.000000	0.000000	0.000064	0.000064	-0.000000	-0.000000	0.000064	11.644829	14.641208	0.000000	8.290169	0.000000	8.319198
2006	02	0.000000	0.000000	0.000058	0.000058	-0.000000	-0.000000	0.000058	8.928467	10.125448	0.000000	8.290167	0.000000	8.319196
2006	02	0.000000	0.000000	0.000058	0.000058	-0.000000	-0.000000	0.000058	24.565825	8.376121	0.000000	8.290164	0.000000	8.319193
2006	02	0.000000	0.000000	0.000058	0.000058	-0.000000	-0.000000	0.000058	22.383802	7.558186	0.000000	8.290162	0.000000	8.319191
2006	02	0.000000	0.000000	0.000058	0.000058	-0.000000	-0.000000	0.000058	6.399453	4.008220	0.000000	8.290160	0.000000	8.319189
2006	02	0.000000	0.000000	0.000058	0.000058	-0.000000	-0.000000	0.000058	9.345109	7.247283	0.000000	8.290158	0.000000	8.319187
2006	02	0.000000	0.000000	0.000058	0.000058	-0.000000	-0.000000	0.000058	19.961601	9.812739	0.000000	8.290156	0.000000	8.319184
2006	02	0.000000	0.000000	0.000058	0.000058	-0.000000	-0.000000	0.000058	30.517042	13.949934	0.000000	8.290154	0.000000	8.319182
2006	02	0.000000	0.000000	0.000057	0.000057	-0.000000	-0.000000	0.000057	27.671329	20.809792	0.000000	8.290153	0.000000	8.319180
2006	02	0.000000	0.000000	0.000057	0.000057	-0.000000	-0.000000	0.000057	23.258066	11.127667	0.000000	8.290150	0.000000	8.319179
2006	02	0.000000	0.000000	0.000057	0.000057	-0.000000	-0.000000	0.000057	26.604805	15.076389	0.000000	8.290148	0.000000	8.319177
2006	02	0.000000	0.000000	0.000057	0.000057	-0.000000	-0.000000	0.000057	18.315838	12.206604	0.000000	8.290146	0.000000	8.319174
2006	02	0.000000	0.000000	0.000057	0.000057	-0.000000	-0.000000	0.000057	20.986589	16.065619	0.000000	8.290144	0.000000	8.319172
2006	02	0.000000	0.000000	0.000057	0.000057	-0.000000	-0.000000	0.000057	0.619699	18.014521	0.000000	8.290142	0.000000	8.319170
2006	02	0.000000	0.000000	0.000057	0.000057	-0.000000	-0.000000	0.000057	26.560713	12.416986	0.000000	8.290140	0.000000	8.319168
2006	02	0.000000	0.000000	0.000057	0.000057	-0.000000	-0.000000	0.000057	34.674877	16.334818	0.000000	8.290138	0.000000	8.319166
2006	02	0.000000	0.000000	0.000057	0.000057	-0.000000	-0.000000	0.000057	26.787485	20.836094	0.000000	8.290136	0.000000	8.319164
2006	02	0.000000	0.000000	0.000057	0.000057	-0.000000	-0.000000	0.000057	14.630098	29.370382	0.000000	8.290134	0.000000	8.319161
2006	02	0.000000	0.000000	0.000057	0.000057	-0.000000	-0.000000	0.000057	29.685173	27.597622	0.000000	8.290133	0.000000	8.319160
2006	02	0.000000	0.000000	0.000057	0.000057	-0.000000	-0.000000	0.000057	35.997715	26.523651	0.000000	8.290130	0.000000	8.319158
2006	02	0.000000	0.000000	0.000057	0.000057	-0.000000	-0.000000	0.000057	37.658520	31.456724	0.000000	8.290128	0.000000	8.319156
2006	02	0.000000	0.000000	0.000057	0.000057	-0.000000	-0.000000	0.000057	24.827517	20.080313	0.000000	8.290126	0.000000	8.319154
2006	02	0.000000	0.000000	0.000057	0.000057	-0.000000	-0.000000	0.000057	12.792780	18.748768	0.000000	8.290124	0.000000	8.319151
2006	02	0.000000	0.000000	0.000057	0.000057	-0.000000	-0.000000	0.000057	41.266300	22.871172	0.000000	8.290122	0.000000	8.319149
2006	02	0.000000	0.000000	0.000057	0.000057	-0.000000	-0.000000	0.000057	47.729919	28.345886	0.000000	8.290120	0.000000	8.319147
2006	02	0.000000	0.000000	0.000057	0.000057	-0.000000	-0.000000	0.000057	46.170841	31.445765	0.000000	8.290118	0.000000	8.319145
2006	02	0.000000	0.000000	0.000056	0.000056	-0.000000	-0.000000	0.000056	39.414513	21.275629	0.000000	8.290116	0.000000	8.319143
2006	02	0.000000	0.000000	0.000056	0.000056	-0.000000	-0.000000	0.000056	49.855305	37.961658	0.000000	8.290114	0.000000	8.319141
2006	02	0.000000	0.000000	0.000056	0.000056	-0.000000	-0.000000	0.000056	44.460152	25.840742	0.000000	8.290112	0.000000	8.319139
2006	03	0.000000	0.000000	0.000062	0.000062	-0.000000	-0.000000	0.000062	58.565792	35.202759	0.000000	8.290111	0.000000	8.319137
2006	03	0.000000	0.000000	0.000062	0.000062	-0.000000	-0.000000	0.000062	13.948675	19.297771	0.000000	8.290108	0.000000	8.319135
2006	03	0.000000	0.000000	0.000062	0.000062	-0.000000	-0.000000	0.000062	41.923965	20.171532	0.000000	8.290106	0.000000	8.319133
2006	03	0.000000	0.000000	0.000063	0.000063	-0.000000	-0.000000	0.000063	40.341114	30.715878	0.000000	8.290104	0.000000	8.319131
2006	03	0.000000	0.000000	0.000063	0.000063	-0.000000	-0.000000	0.000063	37.129501	28.289389	0.000000	8.290102	0.000000	8.319129
2006	03	0.000000	0.000000	0.000063	0.000063	-0.000000	-0.000000	0.000063	61.846405	44.492157	0.000000	8.290100	0.000000	8.319126
2006	03	0.000000	0.000000	0.000063	0.000063	-0.000000	-0.000000	0.000063	47.225262	32.901428	0.000000	8.290098	0.000000	8.319124
2006	03	0.000000	0.000000	0.000062	0.000062	-0.000000	-0.000000	0.000062	35.196980	22.836756	0.000000	8.290096	0.000000	8.319122
2006	03	0.000000	0.000000	0.000062	0.000062	-0.000000	-0.000000	0.000062	36.337776	24.392399	0.000000	8.290094	0.000000	8.319120
2006	03	0.000000	0.000000	0.000063	0.000063	-0.000000	-0.000000	0.000063	31.206881	30.230455	0.000000	8.290092	0.000000	8.319118
2006	03	0.000000	0.000000	0.000063	0.000063	-0.000000	-0.000000	0.000063	44.140186	44.434074	0.000000	8.290091	0.000000	8.319117
2006	03	0.000000	0.000000	0.000063	0.000063	-0.000000	-0.000000	0.000063	31.517036	41.069241	0.000000	8.290089	0.000000	8.319114
2006	03	0.000000	0.000000	0.000063	0.000063	-0.000000	-0.000000	0.000063	43.574844	25.502201	0.000000	8.290086	0.000000	8.319112
2006	03	0.000000	0.000000	0.000063	0.000063	-0.000000	-0.000000	0.000063	49.282444	26.058199	0.000000	8.290084	0.000000	8.319110
2006	03	0.000000	0.000000	0.000063	0.000063	-0.000000	-0.000000	0.000063	54.755318	37.296421	0.000000	8.290082	0.000000	8.319108
2006	03	0.000000	0.000000	0.000063	0.000063	-0.000000	-0.000000	0.000063	47.402161	35.245155	0.000000	8.290080	0.000000	8.319106
2006	03	0.000000	0.000000	0.000063	0.000063	-0.000000	-0.000000	0.000063	48.764523	39.087551	0.000000	8.290078	0.000000	8.319103
2006	03	0.000000	0.000000	0.000064	0.000064	-0.000000	-0.000000	0.000064	54.273560	33.878357	0.000000	8.290076	0.000000	8.319101
2006	03	0.000000	0.000000	0.000064	0.000064	-0.000000	-0.000000	0.000064	41.504486	30.214933	0.000000	8.290074	0.000000	8.319099
2006	03	0.000000	0.000000	0.000064	0.000064	-0.000000	-0.000000	0.000064	56.620010	31.140543	0.000000	8.290072	0.000000	8.319098
2006	03	0.000000	0.000000	0.000064	0.000064	-0.000000	-0.000000	0.000064	52.349571	27.650431	0.000000	8.290071	0.000000	8.319096
2006	03	0.000000	0.000000	0.000064	0.000064	-0.000000	-0.000000	0.000064	48.368706	28.400904	0.000000	8.290068	0.000000	8.319093
2006	03	0.000000	0.000000	0.000064	0.000064	-0.000000	-0.000000	0.000064	62.756966	45.816010	0.000000	8.290066	0.000000	8.319091
2006	03	0.000000	0.000000	0.000064	0.000064	-0.000000	-0.000000	0.000064	44.689140	41.743790	0.000000	8.290064	0.000000	8.319089
2006	03	0.000000	0.000000	0.000064	0.000064	-0.000000	-0.000000	0.000064	53.108139	45.404953	0.000000	8.290062	0.000000	8.319087
2006	03	0.000000	0.000000	0.000064	0.000064	-0.000000	-0.000000	0.000064	49.843880	34.729507	0.000000	8.290060	0.000000	8.319085
2006	03	0.000000	0.000000	0.000064	0.000064	-0.000000	-0.000000	0.000064	53.389809	36.943024	0.000000	8.290058	0.000000	8.319082
2006	03	0.000000	0.000000	0.000065	0.000065	-0.000000	-0.000000	0.000065	41.723099	53.146385	0.000000	8.290056	0.000000	8.319080
2006	03	0.000000	0.000000	0.000065	0.000065	-0.000000	-0.000000	0.000065	49.007038	55.869568	0.000000	8.290053	0.000000	8.319078
2006	03	0.000000	0.000000	0.000065	0.000065	-0.000000	-0.000000	0.000065	56.406944	42.862873	0.000000	8.290051	0.000000	8.319077
2006	03	0.000000	0.000000	0.000065	0.000065	-0.000000	-0.000000	0.000065	55.125843	37.483685	0.000000	8.290050	0.000000	8.319074
2006	04	0.000000	0.000000	0.000064	0.000064	-0.000000	-0.000000	0.000064	50.539764	47.982525	0.000000	8.290048	0.000000	8.319072
2006	04	0.000000	0.000000	0.000064	0.000064	-0.000000	-0.000000	0.000064	41.934818	54.521217	0.000000	8.290046	0.000000	8.319070
2006	04	0.000000	0.000000	0.000064	0.000064	-0.000000	-0.000000	0.000064	55.067673	42.172424	0.000000	8.290043	0.000000	8.319067
2006	04	0.000000	0.000000	0.000065	0.000065	-0.000000	-0.000000	0.000065	62.527878	56.402897	0.000000	8.290041	0.000000	8.319065
2006	04	0.000000	0.000000	0.000065	0.000065	-0.000000	-0.000000	0.000065	63.796654	44.151363	0.000000	8.290039	0.000000	8.319063
2006	04	0.000000	0.000000	0.000065	0.000065	-0.000000	-0.000000	0.000065	65.874077	50.150326	0.000000	8.290037	0.000000	8.319060
2006	04	0.000000	0.000000	0.000065	0.000065	-0.000000	-0.000000	0.000065	79.743980	43.826069	0.000000	8.290034	0.000000	8.319058
2006	04	0.000000	0.000000	0.000065	0.000065	-0.000000	-0.000000	0.000065	78.167908	34.498196	0.000000	8.290032	0.000000	8.319057
2006	04	0.000000	0.000000	0.000065	0.000065	-0.000000	-0.000000	0.000065	85.122101	38.664703	0.000000	8.290030	0.000000	8.319054
2006	04	0.000000	0.000000	0.000065	0.000065	-0.000000	-0.000000	0.000065	50.132687	32.206039	0.000000	8.290029	0.000000	8.319052
2006	04	0.000000	0.000000	0.000066	0.000066	-0.000000	-0.000000	0.000066	54.406067	36.718670	0.000000	8.290026	0.000000	8.319050
2006	04	0.000000	0.000000	0.000066	0.000066	-0.000000	-0.000000	0.000066	85.637497	36.188519	0.000000	8.290024	0.000000	8.319047
2006	04	0.000000	0.000000	0.000066	0.000066	-0.000000	-0.000000	0.000066	83.298958	29.384769	0.000000	8.290022	0.000000	8.319045
2006	04	0.000000	0.000000	0.000066	0.000066	-0.000000	-0.000000	0.000066	105.808525	39.424984	0.000000	8.290020	0.000000	8.319043
2006	04	0.000000	0.000000	0.000066	0.000066	-0.000000	-0.000000	0.000066	90.587669	30.672216	0.000000	8.290017	0.000000	8.319040
2006	04	0.000000	0.000000	0.000066	0.000066	-0.000000	-0.000000	0.000066	68.361534	33.647755	0.000000	8.290015	0.000000	8.319038
2006	04	0.000000	0.000000	0.000067	0.000067	-0.000000	-0.000000	0.000067	59.184158	23.581501	0.000000	8.290013	0.000000	8.319036
2006	04	0.000000	0.000000	0.000067	0.000067	-0.000000	-0.000000	0.000067	102.516235	36.545391	0.000000	8.290010	0.000000	8.319034
2006	04	0.000000	0.000000	0.000067	0.000067	-0.000000	-0.000000	0.000067	117.690216	24.282267	0.000000	8.290009	0.000000	8.319032
2006	04	0.000000	0.000000	0.000067	0.000067	-0.000000	-0.000000	0.000067	92.699715	21.723124	0.000000	8.290007	0.000000	8.319029
2006	04	0.000000	0.000000	0.000067	0.000067	-0.000000	-0.000000	0.000067	101.942924	28.953419	0.000000	8.290005	0.000000	8.319027
2006	04	0.000000	0.000000	0.000067	0.000067	-0.000000	-0.000000	0.000067	104.988190	26.940502	0.000000	8.290002	0.000000	8.319025
2006	04	0.000000	0.000000	0.000067	0.000067	-0.000000	-0.000000	0.000067	122.246605	23.605501	0.000000	8.290000	0.000000	8.319022
2006	04	0.000000	0.000000	0.000067	0.000067	-0.000000	-0.000000	0.000067	31.558901	41.727345	0.000000	8.289998	0.000000	8.319020
2006	04	0.000000	0.000000	0.000068	0.000068	-0.000000	-0.000000	0.000068	41.582127	37.658932	0.000000	8.289995	0.000000	8.319017
2006	04	0.000000	0.000000	0.000068	0.000068	-0.000000	-0.000000	0.000068	87.926102	49.403511	0.000000	8.289993	0.000000	8.319016
2006	04	0.000000	0.000000	0.000068	0.000068	-0.000000	-0.000000	0.000068	84.768936	46.706253	0.000000	8.289991	0.000000	8.319014
2006	04	0.000000	0.000000	0.000068	0.000068	-0.000000	-0.000000	0.000068	85.717995	55.847237	0.000000	8.289989	0.000000	8.319011
2006	04	0.000000	0.000000	0.000068	0.000068	-0.000000	-0.000000	0.000068	27.752781	24.629124	0.000000	8.289987	0.000000	8.319009
2006	04	0.000000	0.000000	0.000068	0.000068	-0.000000	-0.000000	0.000068	55.405602	33.366024	0.000000	8.289985	0.000000	8.319006
2006	05	0.000000	0.000000	0.000071	0.000071	-0.000000	-0.000000	0.000071	101.768265	62.210064	0.000000	8.289982	0.000000	8.319004
2006	05	0.000000	0.000000	0.000071	0.000071	-0.000000	-0.000000	0.000071	77.739685	62.927948	0.000000	8.289980	0.000000	8.319001
2006	05	0.000000	0.000000	0.000071	0.000071	-0.000000	-0.000000	0.000071	39.355007	52.530338	0.000000	8.289977	0.000000	8.318999
2006	05	0.000000	0.000000	0.000071	0.000071	-0.000000	-0.000000	0.000071	32.908039	33.373249	0.000000	8.289975	0.000000	8.318996
2006	05	0.000000	0.000000	0.000071	0.000071	-0.000000	-0.000000	0.000071	39.650108	42.167610	0.000000	8.289973	0.000000	8.318995
2006	05	0.000000	0.000000	0.000072	0.000072	-0.000000	-0.000000	0.000072	66.611938	42.571522	0.000000	8.289970	0.000000	8.318992
2006	05	0.000000	0.000000	0.000072	0.000072	-0.000000	-0.000000	0.000072	76.780365	44.547462	0.000000	8.289968	0.000000	8.318990
2006	05	0.000000	0.000000	0.000072	0.000072	-0.000000	-0.000000	0.000072	85.256989	45.024628	0.000000	8.289967	0.000000	8.318987
2006	05	0.000000	0.000000	0.000072	0.000072	-0.000000	-0.000000	0.000072	77.635849	56.963806	0.000000	8.289964	0.000000	8.318985
2006	05	0.000000	0.000000	0.000073	0.000073	-0.000000	-0.000000	0.000073	87.023102	68.506149	0.000000	8.289962	0.000000	8.318982
2006	05	0.000000	0.000000	0.000073	0.000073	-0.000000	-0.000000	0.000073	81.889687	74.648888	0.000000	8.289959	0.000000	8.318980
2006	05	0.000000	0.000000	0.000073	0.000073	-0.000000	-0.000000	0.000073	46.526371	65.936699	0.000000	8.289957	0.000000	8.318977
2006	05	0.000000	0.000000	0.000073	0.000073	-0.000000	-0.000000	0.000073	62.693253	81.823578	0.000000	8.289954	0.000000	8.318975
2006	05	0.000000	0.000000	0.000073	0.000073	-0.000000	-0.000000	0.000073	60.689461	67.350487	0.000000	8.289952	0.000000	8.318973
2006	05	0.000000	0.000000	0.000074	0.000074	-0.000000	-0.000000	0.000074	71.539284	70.196144	0.000000	8.289950	0.000000	8.318971
2006	05	0.000000	0.000000	0.000074	0.000074	-0.000000	-0.000000	0.000074	72.399284	79.773750	0.000000	8.289948	0.000000	8.318968
2006	05	0.000000	0.000000	0.000074	0.000074	-0.000000	-0.000000	0.000074	72.232361	80.210144	0.000000	8.289946	0.000000	8.318966
2006	05	0.000000	0.000000	0.000075	0.000075	-0.000000	-0.000000	0.000075	74.549828	73.520782	0.000000	8.289943	0.000000	8.318963
2006	05	0.000000	0.000000	0.000075	0.000075	-0.000000	-0.000000	0.000075	63.588516	61.757900	0.000000	8.289941	0.000000	8.318961
2006	05	0.000000	0.000000	0.000076	0.000076	-0.000000	-0.000000	0.000076	101.754028	53.320023	0.000000	8.289938	0.000000	8.318958
2006	05	0.000000	0.000000	0.000077	0.000077	-0.000000	-0.000000	0.000077	90.073944	46.387463	0.000000	8.289936	0.000000	8.318955
2006	05	0.000000	0.000000	0.000077	0.000077	-0.000000	-0.000000	0.000077	97.442650	47.552963	0.000000	8.289933	0.000000	8.318954
2006	05	0.000000	0.000000	0.000078	0.000078	-0.000000	-0.000000	0.000078	79.105797	46.708900	0.000000	8.289930	0.000000	8.318951
2006	05	0.000000	0.000000	0.000078	0.000078	-0.000000	-0.000000	0.000078	95.233299	39.615208	0.000000	8.289928	0.000000	8.318948
2006	05	0.000000	0.000000	0.000078	0.000078	-0.000000	-0.000000	0.000078	125.863747	40.310848	0.000000	8.289926	0.000000	8.318946
2006	05	0.000000	0.000000	0.000078	0.000078	-0.000000	-0.000000	0.000078	131.083984	43.714043	0.000000	8.289924	0.000000	8.318943
2006	05	0.000000	0.000000	0.000078	0.000078	-0.000000	-0.000000	0.000078	89.361275	34.153332	0.000000	8.289921	0.000000	8.318940
2006	05	0.000000	0.000000	0.000078	0.000078	-0.000000	-0.000000	0.000078	78.455994	97.015411	0.000000	8.289918	0.000000	8.318937
2006	05	0.000000	0.000000	0.000078	0.000078	-0.000000	-0.000000	0.000078	91.151772	60.133438	0.000000	8.289916	0.000000	8.318935
2006	05	0.000000	0.000000	0.000078	0.000078	-0.000000	-0.000000	0.000078	63.021255	31.549583	0.000000	8.289913	0.000000	8.318933
2006	05	0.000000	0.000000	0.000078	0.000078	-0.000000	-0.000000	0.000078	99.912659	42.630386	0.000000	8.289911	0.000000	8.318930
2006	06	0.000000	0.000000	0.000076	0.000076	-0.000000	-0.000000	0.000076	129.894974	33.265999	0.000000	8.289908	0.000000	8.318928
2006	06	0.000000	0.000000	0.000076	0.000076	-0.000000	-0.000000	0.000076	99.899216	24.077700	0.000000	8.289906	0.000000	8.318925
2006	06	0.000000	0.000000	0.000076	0.000076	-0.000000	-0.000000	0.000076	125.400345	32.786732	0.000000	8.289904	0.000000	8.318922
2006	06	0.000000	0.000000	0.000076	0.000076	-0.000000	-0.000000	0.000076	133.433395	30.764038	0.000000	8.289901	0.000000	8.318919
2006	06	0.000000	0.000000	0.000076	0.000076	-0.000000	-0.000000	0.000076	122.013985	29.515383	0.000000	8.289899	0.000000	8.318917
2006	06	0.000000	0.000000	0.000076	0.000076	-0.000000	-0.000000	0.000076	119.199623	29.057278	0.000000	8.289896	0.000000	8.318914
2006	06	0.000000	0.000000	0.000076	0.000076	-0.000000	-0.000000	0.000076	124.116623	28.133682	0.000000	8.289893	0.000000	8.318912
2006	06	0.000000	0.000000	0.000076	0.000076	-0.000000	-0.000000	0.000076	112.820724	27.678778	0.000000	8.289891	0.000000	8.318910
2006	06	0.000000	0.000000	0.000076	0.000076	-0.000000	-0.000000	0.000076	112.398506	25.467148	0.000000	8.289888	0.000000	8.318907
2006	06	0.000000	0.000000	0.000077	0.000077	-0.000000	-0.000000	0.000077	85.882027	18.328325	0.000000	8.289886	0.000000	8.318904
2006	06	0.000000	0.000000	0.000077	0.000077	-0.000000	-0.000000	0.000077	120.426231	24.269211	0.000000	8.289884	0.000000	8.318901
2006	06	0.000000	0.000000	0.000077	0.000077	-0.000000	-0.000000	0.000077	133.963318	28.206627	0.000000	8.289881	0.000000	8.318899
2006	06	0.000000	0.000000	0.000077	0.000077	-0.000000	-0.000000	0.000077	127.878014	25.458942	0.000000	8.289878	0.000000	8.318896
2006	06	0.000000	0.000000	0.000078	0.000078	-0.000000	-0.000000	0.000078	102.438156	22.483637	0.000000	8.289876	0.000000	8.318893
2006	06	0.000000	0.000000	0.000078	0.000078	-0.000000	-0.000000	0.000078	115.290199	21.123148	0.000000	8.289873	0.000000	8.318891
2006	06	0.000000	0.000000	0.000078	0.000078	-0.000000	-0.000000	0.000078	110.512985	18.481844	0.000000	8.289870	0.000000	8.318889
2006	06	0.000000	0.000000	0.000078	0.000078	-0.000000	-0.000000	0.000078	112.562714	22.770151	0.000000	8.289868	0.000000	8.318886
2006	06	0.000000	0.000000	0.000079	0.000079	-0.000000	-0.000000	0.000079	118.608452	20.196674	0.000000	8.289865	0.000000	8.318883
2006	06	0.000000	0.000000	0.000079	0.000079	-0.000000	-0.000000	0.000079	118.383652	21.782368	0.000000	8.289863	0.000000	8.318880
2006	06	0.000000	0.000000	0.000080	0.000080	-0.000000	-0.000000	0.000080	116.180038	20.892696	0.000000	8.289861	0.000000	8.318877
2006	06	0.000000	0.000000	0.000080	0.000080	-0.000000	-0.000000	0.000080	122.669647	21.683447	0.000000	8.289858	0.000000	8.318875
2006	06	0.000000	0.000000	0.000081	0.000081	-0.000000	-0.000000	0.000081	116.968422	19.559475	0.000000	8.289855	0.000000	8.318872
2006	06	0.000000	0.000000	0.000081	0.000081	-0.000000	-0.000000	0.000081	114.487419	23.278671	0.000000	8.289852	0.000000	8.318870
2006	06	0.000000	0.000000	0.000082	0.000082	-0.000000	-0.000000	0.000082	114.151505	19.532064	0.000000	8.289850	0.000000	8.318867
2006	06	0.000000	0.000000	0.000082	0.000082	-0.000000	-0.000000	0.000082	96.653458	66.268326	0.000000	8.289847	0.000000	8.318864
2006	06	0.000000	0.000000	0.000083	0.000083	-0.000000	-0.000000	0.000083	70.883583	117.333031	0.000000	8.289845	0.000000	8.318861
2006	06	0.000000	0.000000	0.000083	0.000083	-0.000000	-0.000000	0.000083	83.721703	72.575287	0.000000	8.289842	0.000000	8.318858
2006	06	0.000000	0.000000	0.000083	0.000083	-0.000000	-0.000000	0.000083	99.416916	58.533749	0.000000	8.289839	0.000000	8.318855
2006	06	0.000000	0.000000	0.000083	0.000083	-0.000000	-0.000000	0.000083	110.472969	51.513557	0.000000	8.289836	0.000000	8.318852
2006	06	0.000000	0.000000	0.000083	0.000083	-0.000000	-0.000000	0.000083	103.261734	34.207802	0.000000	8.289833	0.000000	8.318850
2006	07	0.000000	0.000000	0.000086	0.000086	-0.000000	-0.000000	0.000086	113.392021	29.898523	0.000000	8.289831	0.000000	8.318847
2006	07	0.000000	0.000000	0.000086	0.000086	-0.000000	-0.000000	0.000086	96.572472	26.440508	0.000000	8.289828	0.000000	8.318844
2006	07	0.000000	0.000000	0.000087	0.000087	-0.000000	-0.000000	0.000087	100.253731	26.817066	0.000000	8.289825	0.000000	8.318841
2006	07	0.000000	0.000000	0.000087	0.000087	-0.000000	-0.000000	0.000087	100.925797	28.886635	0.000000	8.289823	0.000000	8.318838
2006	07	0.000000	0.000000	0.000088	0.000088	-0.000000	-0.000000	0.000088	92.054733	22.952890	0.000000	8.289820	0.000000	8.318835
2006	07	0.000000	0.000000	0.000088	0.000088	-0.000000	-0.000000	0.000088	106.812393	25.015190	0.000000	8.289817	0.000000	8.318832
2006	07	0.000000	0.000000	0.000089	0.000089	-0.000000	-0.000000	0.000089	121.413841	20.114208	0.000000	8.289814	0.000000	8.318830
2006	07	0.000000	0.000000	0.000089	0.000089	-0.000000	-0.000000	0.000089	127.781952	21.983791	0.000000	8.289811	0.000000	8.318827
2006	07	0.000000	0.000000	0.000089	0.000089	-0.000000	-0.000000	0.000089	106.206131	17.527681	0.000000	8.289808	0.000000	8.318824
2006	07	0.000000	0.000000	0.000089	0.000089	-0.000000	-0.000000	0.000089	117.442459	22.709173	0.000000	8.289805	0.000000	8.318821
2006	07	0.000000	0.000000	0.000090	0.000090	-0.000000	-0.000000	0.000090	97.325790	20.256008	0.000000	8.289803	0.000000	8.318818
2006	07	0.000000	0.000000	0.000090	0.000090	-0.000000	-0.000000	0.000090	93.107201	19.527048	0.000000	8.289800	0.000000	8.318815
2006	07	0.000000	0.000000	0.000090	0.000090	-0.000000	-0.000000	0.000090	110.648735	20.629330	0.000000	8.289797	0.000000	8.318812
2006	07	0.000000	0.000000	0.000091	0.000091	-0.000000	-0.000000	0.000091	116.690140	19.816912	0.000000	8.289794	0.000000	8.318809
2006	07	0.000000	0.000000	0.000091	0.000091	-0.000000	-0.000000	0.000091	125.142502	17.619377	0.000000	8.289791	0.000000	8.318806
2006	07	0.000000	0.000000	0.000091	0.000091	-0.000000	-0.000000	0.000091	121.597725	18.213959	0.000000	8.289788	0.000000	8.318803
2006	07	0.000000	0.000000	0.000091	0.000091	-0.000000	-0.000000	0.000091	124.384483	18.825756	0.000000	8.289785	0.000000	8.318800
2006	07	0.000000	0.000000	0.000091	0.000091	-0.000000	-0.000000	0.000091	124.097725	18.140810	0.000000	8.289783	0.000000	8.318797
2006	07	0.000000	0.000000	0.000091	0.000091	-0.000000	-0.000000	0.000091	111.306938	18.208696	0.000000	8.289780	0.000000	8.318794
2006	07	0.000000	0.000000	0.000091	0.000091	-0.000000	-0.000000	0.000091	80.775116	14.114033	0.000000	8.289777	0.000000	8.318791
2006	07	0.000000	0.000000	0.000091	0.000091	-0.000000	-0.000000	0.000091	100.583397	19.265184	0.000000	8.289774	0.000000	8.318789
2006	07	0.000000	0.000000	0.000092	0.000092	-0.000000	-0.000000	0.000092	101.421089	15.654796	0.000000	8.289771	0.000000	8.318785
2006	07	0.000000	0.000000	0.000092	0.000092	-0.000000	-0.000000	0.000092	102.436142	38.874870	0.000000	8.289768	0.000000	8.318782
2006	07	0.000000	0.000000	0.000092	0.000092	-0.000000	-0.000000	0.000092	88.860497	65.562714	0.000000	8.289765	0.000000	8.318779
2006	07	0.000000	0.000000	0.000092	0.000092	-0.000000	-0.000000	0.000092	106.247398	33.405983	0.000000	8.289762	0.000000	8.318776
2006	07	0.000000	0.000000	0.000092	0.000092	-0.000000	-0.000000	0.000092	112.088470	25.041965	0.000000	8.289760	0.000000	8.318773
2006	07	0.000000	0.000000	0.000092	0.000092	-0.000000	-0.000000	0.000092	98.740417	19.907223	0.000000	8.289757	0.000000	8.318770
2006	07	0.000000	0.000000	0.000092	0.000092	-0.000000	-0.000000	0.000092	104.311333	16.420084	0.000000	8.289754	0.000000	8.318767
2006	07	0.000000	0.000000	0.000092	0.000092	-0.000000	-0.000000	0.000092	103.716629	17.772089	0.000000	8.289751	0.000000	8.318764
2006	07	0.000000	0.000000	0.000093	0.000093	-0.000000	-0.000000	0.000093	105.349815	17.575342	0.000000	8.289748	0.000000	8.318761
2006	07	0.000000	0.000000	0.000093	0.000093	-0.000000	-0.000000	0.000093	99.071999	18.014957	0.000000	8.289745	0.000000	8.318758
2006	08	0.000000	0.000000	0.000093	0.000093	-0.000000	-0.000000	0.000093	85.889328	17.973339	0.000000	8.289742	0.000000	8.318755
2006	08	0.000000	0.000000	0.000094	0.000094	-0.000000	-0.000000	0.000094	90.717247	17.762756	0.000000	8.289739	0.000000	8.318751
2006	08	0.000000	0.000000	0.000094	0.000094	-0.000000	-0.000000	0.000094	105.877968	14.916202	0.000000	8.289736	0.000000	8.318748
2006	08	0.000000	0.000000	0.000094	0.000094	-0.000000	-0.000000	0.000094	101.096611	18.740442	0.000000	8.289733	0.000000	8.318746
2006	08	0.000000	0.000000	0.000095	0.000095	-0.000000	-0.000000	0.000095	123.287727	15.508718	0.000000	8.289730	0.000000	8.318743
2006	08	0.000000	0.000000	0.000095	0.000095	-0.000000	-0.000000	0.000095	121.257011	17.656200	0.000000	8.289727	0.000000	8.318739
2006	08	0.000000	0.000000	0.000095	0.000095	-0.000000	-0.000000	0.000095	116.108208	16.681498	0.000000	8.289724	0.000000	8.318736
2006	08	0.000000	0.000000	0.000095	0.000095	-0.000000	-0.000000	0.000095	111.904915	15.199407	0.000000	8.289721	0.000000	8.318733
2006	08	0.000000	0.000000	0.000095	0.000095	-0.000000	-0.000000	0.000095	106.173615	15.776657	0.000000	8.289718	0.000000	8.318730
2006	08	0.000000	0.000000	0.000095	0.000095	-0.000000	-0.000000	0.000095	111.666443	15.189723	0.000000	8.289715	0.000000	8.318727
2006	08	0.000000	0.000000	0.000095	0.000095	-0.000000	-0.000000	0.000095	107.129143	15.918164	0.000000	8.289712	0.000000	8.318724
2006	08	0.000000	0.000000	0.000094	0.000094	-0.000000	-0.000000	0.000094	108.190964	14.308414	0.000000	8.289709	0.000000	8.318721
2006	08	0.000000	0.000000	0.000094	0.000094	-0.000000	-0.000000	0.000094	80.038475	53.764668	0.000000	8.289706	0.000000	8.318718
2006	08	0.000000	0.000000	0.000094	0.000094	-0.000000	-0.000000	0.000094	84.410164	63.801903	0.000000	8.289703	0.000000	8.318714
2006	08	0.000000	0.000000	0.000094	0.000094	-0.000000	-0.000000	0.000094	85.239090	48.041702	0.000000	8.289701	0.000000	8.318711
2006	08	0.000000	0.000000	0.000094	0.000094	-0.000000	-0.000000	0.000094	86.531975	32.367588	0.000000	8.289697	0.000000	8.318708
2006	08	0.000000	0.000000	0.000094	0.000094	-0.000000	-0.000000	0.000094	87.836769	23.591759	0.000000	8.289694	0.000000	8.318706
2006	08	0.000000	0.000000	0.000093	0.000093	-0.000000	-0.000000	0.000093	100.782295	17.845747	0.000000	8.289691	0.000000	8.318702
2006	08	0.000000	0.000000	0.000093	0.000093	-0.000000	-0.000000	0.000093	98.135918	14.903895	0.000000	8.289688	0.000000	8.318699
2006	08	0.000000	0.000000	0.000093	0.000093	-0.000000	-0.000000	0.000093	92.741325	15.095903	0.000000	8.289685	0.000000	8.318696
2006	08	0.000000	0.000000	0.000093	0.000093	-0.000000	-0.000000	0.000093	98.125786	20.254156	0.000000	8.289682	0.000000	8.318693
2006	08	0.000000	0.000000	0.000093	0.000093	-0.000000	-0.000000	0.000093	78.572929	15.891749	0.000000	8.289680	0.000000	8.318690
2006	08	0.000000	0.000000	0.000093	0.000093	-0.000000	-0.000000	0.000093	89.873070	15.183271	0.000000	8.289677	0.000000	8.318686
2006	08	0.000000	0.000000	0.000093	0.000093	-0.000000	-0.000000	0.000093	79.117630	11.293932	0.000000	8.289674	0.000000	8.318684
2006	08	0.000000	0.000000	0.000092	0.000092	-0.000000	-0.000000	0.000092	80.670624	16.027042	0.000000	8.289671	0.000000	8.318681
2006	08	0.000000	0.000000	0.000093	0.000093	-0.000000	-0.000000	0.000093	79.940018	14.829832	0.000000	8.289668	0.000000	8.318678
2006	08	0.000000	0.000000	0.000093	0.000093	-0.000000	-0.000000	0.000093	92.911263	15.148213	0.000000	8.289665	0.000000	8.318675
2006	08	0.000000	0.000000	0.000093	0.000093	-0.000000	-0.000000	0.000093	95.707443	15.100348	0.000000	8.289661	0.000000	8.318671
2006	08	0.000000	0.000000	0.000092	0.000092	-0.000000	-0.000000	0.000092	87.672447	13.903293	0.000000	8.289659	0.000000	8.318668
2006	08	0.000000	0.000000	0.000092	0.000092	-0.000000	-0.000000	0.000092	82.018196	14.508984	0.000000	8.289656	0.000000	8.318666
2006	08	0.000000	0.000000	0.000092	0.000092	-0.000000	-0.000000	0.000092	92.649780	17.063906	0.000000	8.289653	0.000000	8.318663
2006	09	0.000000	0.000000	0.000089	0.000089	-0.000000	-0.000000	0.000089	90.121666	15.824133	0.000000	8.289650	0.000000	8.318660
2006	09	0.000000	0.000000	0.000089	0.000089	-0.000000	-0.000000	0.000089	85.054794	11.889860	0.000000	8.289647	0.000000	8.318656
2006	09	0.000000	0.000000	0.000089	0.000089	-0.000000	-0.000000	0.000089	83.046677	14.076848	0.000000	8.289644	0.000000	8.318653
2006	09	0.000000	0.000000	0.000090	0.000090	-0.000000	-0.000000	0.000090	80.840904	15.990112	0.000000	8.289641	0.000000	8.318650
2006	09	0.000000	0.000000	0.000090	0.000090	-0.000000	-0.000000	0.000090	89.189384	16.280157	0.000000	8.289639	0.000000	8.318647
2006	09	0.000000	0.000000	0.000090	0.000090	-0.000000	-0.000000	0.000090	87.816055	14.347120	0.000000	8.289636	0.000000	8.318645
2006	09	0.000000	0.000000	0.000090	0.000090	-0.000000	-0.000000	0.000090	86.020538	12.595469	0.000000	8.289633	0.000000	8.318642
2006	09	0.000000	0.000000	0.000090	0.000090	-0.000000	-0.000000	0.000090	85.716339	12.210260	0.000000	8.289630	0.000000	8.318638
2006	09	0.000000	0.000000	0.000090	0.000090	-0.000000	-0.000000	0.000090	89.974243	12.845281	0.000000	8.289627	0.000000	8.318635
2006	09	0.000000	0.000000	0.000090	0.000090	-0.000000	-0.000000	0.000090	90.136253	14.316815	0.000000	8.289624	0.000000	8.318632
2006	09	0.000000	0.000000	0.000089	0.000089	-0.000000	-0.000000	0.000089	95.117699	13.913566	0.000000	8.289620	0.000000	8.318629
2006	09	0.000000	0.000000	0.000089	0.000089	-0.000000	-0.000000	0.000089	84.751389	23.934309	0.000000	8.289618	0.000000	8.318626
2006	09	0.000000	0.000000	0.000089	0.000089	-0.000000	-0.000000	0.000089	67.946404	52.736115	0.000000	8.289615	0.000000	8.318623
2006	09	0.000000	0.000000	0.000089	0.000089	-0.000000	-0.000000	0.000089	66.916847	36.354633	0.000000	8.289612	0.000000	8.318620
2006	09	0.000000	0.000000	0.000088	0.000088	-0.000000	-0.000000	0.000088	56.894604	55.618362	0.000000	8.289609	0.000000	8.318617
2006	09	0.000000	0.000000	0.000088	0.000088	-0.000000	-0.000000	0.000088	60.781002	41.538479	0.000000	8.289606	0.000000	8.318614
2006	09	0.000000	0.000000	0.000087	0.000087	-0.000000	-0.000000	0.000087	68.684639	27.051872	0.000000	8.289603	0.000000	8.318611
2006	09	0.000000	0.000000	0.000087	0.000087	-0.000000	-0.000000	0.000087	61.823231	19.642801	0.000000	8.289600	0.000000	8.318608
2006	09	0.000000	0.000000	0.000086	0.000086	-0.000000	-0.000000	0.000086	62.676029	19.902962	0.000000	8.289598	0.000000	8.318605
2006	09	0.000000	0.000000	0.000086	0.000086	-0.000000	-0.000000	0.000086	69.951569	21.528835	0.000000	8.289595	0.000000	8.318603
2006	09	0.000000	0.000000	0.000086	0.000086	-0.000000	-0.000000	0.000086	63.430393	18.365337	0.000000	8.289592	0.000000	8.318600
2006	09	0.000000	0.000000	0.000085	0.000085	-0.000000	-0.000000	0.000085	39.413929	14.041204	0.000000	8.289589	0.000000	8.318596
2006	09	0.000000	0.000000	0.000085	0.000085	-0.000000	-0.000000	0.000085	49.240051	48.509190	0.000000	8.289587	0.000000	8.318593
2006	09	0.000000	0.000000	0.000085	0.000085	-0.000000	-0.000000	0.000085	18.334570	36.184731	0.000000	8.289584	0.000000	8.318590
2006	09	0.000000	0.000000	0.000085	0.000085	-0.000000	-0.000000	0.000085	36.112141	52.996540	0.000000	8.289581	0.000000	8.318587
2006	09	0.000000	0.000000	0.000084	0.000084	-0.000000	-0.000000	0.000084	40.246258	39.793148	0.000000	8.289578	0.000000	8.318584
2006	09	0.000000	0.000000	0.000084	0.000084	-0.000000	-0.000000	0.000084	59.254421	36.613956	0.000000	8.289576	0.000000	8.318582
2006	09	0.000000	0.000000	0.000083	0.000083	-0.000000	-0.000000	0.000083	52.930206	28.375755	0.000000	8.289573	0.000000	8.318579
2006	09	0.000000	0.000000	0.000083	0.000083	-0.000000	-0.000000	0.000083	54.778099	34.230640	0.000000	8.289570	0.000000	8.318576
2006	09	0.000000	0.000000	0.000083	0.000083	-0.000000	-0.000000	0.000083	47.985676	30.397375	0.000000	8.289567	0.000000	8.318573
2006	10	0.000000	0.000000	0.000085	0.000085	-0.000000	-0.000000	0.000085	45.594292	28.835854	0.000000	8.289565	0.000000	8.318571
2006	10	0.000000	0.000000	0.000085	0.000085	-0.000000	-0.000000	0.000085	48.007065	28.042498	0.000000	8.289562	0.000000	8.318568
2006	10	0.000000	0.000000	0.000085	0.000085	-0.000000	-0.000000	0.000085	37.025665	24.305351	0.000000	8.289559	0.000000	8.318565
2006	10	0.000000	0.000000	0.000085	0.000085	-0.000000	-0.000000	0.000085	51.134789	26.810650	0.000000	8.289557	0.000000	8.318563
2006	10	0.000000	0.000000	0.000085	0.000085	-0.000000	-0.000000	0.000085	58.329746	23.868164	0.000000	8.289554	0.000000	8.318560
2006	10	0.000000	0.000000	0.000085	0.000085	-0.000000	-0.000000	0.000085	66.692833	15.502178	0.000000	8.289551	0.000000	8.318557
2006	10	0.000000	0.000000	0.000085	0.000085	-0.000000	-0.000000	0.000085	72.381668	15.003817	0.000000	8.289549	0.000000	8.318554
2006	10	0.000000	0.000000	0.000084	0.000084	-0.000000	-0.000000	0.000084	58.212795	17.051786	0.000000	8.289546	0.000000	8.318551
2006	10	0.000000	0.000000	0.000084	0.000084	-0.000000	-0.000000	0.000084	52.138668	17.320642	0.000000	8.289543	0.000000	8.318548
2006	10	0.000000	0.000000	0.000084	0.000084	-0.000000	-0.000000	0.000084	57.982014	18.070911	0.000000	8.289540	0.000000	8.318545
2006	10	0.000000	0.000000	0.000083	0.000083	-0.000000	-0.000000	0.000083	58.824738	16.413317	0.000000	8.289537	0.000000	8.318542
2006	10	0.000000	0.000000	0.000083	0.000083	-0.000000	-0.000000	0.000083	43.850090	11.641292	0.000000	8.289536	0.000000	8.318540
2006	10	0.000000	0.000000	0.000083	0.000083	-0.000000	-0.000000	0.000083	65.901810	26.350204	0.000000	8.289533	0.000000	8.318538
2006	10	0.000000	0.000000	0.000082	0.000082	-0.000000	-0.000000	0.000082	54.066860	27.557590	0.000000	8.289530	0.000000	8.318535
2006	10	0.000000	0.000000	0.000082	0.000082	-0.000000	-0.000000	0.000082	50.955879	25.601566	0.000000	8.289527	0.000000	8.318532
2006	10	0.000000	0.000000	0.000081	0.000081	-0.000000	-0.000000	0.000081	44.026321	22.202698	0.000000	8.289525	0.000000	8.318529
2006	10	0.000000	0.000000	0.000081	0.000081	-0.000000	-0.000000	0.000081	32.926826	22.369169	0.000000	8.289522	0.000000	8.318526
2006	10	0.000000	0.000000	0.000081	0.000081	-0.000000	-0.000000	0.000081	31.673021	27.972378	0.000000	8.289519	0.000000	8.318523
2006	10	0.000000	0.000000	0.000080	0.000080	-0.000000	-0.000000	0.000080	37.051498	29.442585	0.000000	8.289517	0.000000	8.318521
2006	10	0.000000	0.000000	0.000080	0.000080	-0.000000	-0.000000	0.000080	46.586506	24.985365	0.000000	8.289515	0.000000	8.318519
2006	10	0.000000	0.000000	0.000080	0.000080	-0.000000	-0.000000	0.000080	42.737568	22.498867	0.000000	8.289512	0.000000	8.318516
2006	10	0.000000	0.000000	0.000079	0.000079	-0.000000	-0.000000	0.000079	31.962130	14.955575	0.000000	8.289510	0.000000	8.318513
2006	10	0.000000	0.000000	0.000079	0.000079	-0.000000	-0.000000	0.000079	44.706028	20.003832	0.000000	8.289507	0.000000	8.318511
2006	10	0.000000	0.000000	0.000079	0.000079	-0.000000	-0.000000	0.000079	40.075535	24.293947	0.000000	8.289505	0.000000	8.318508
2006	10	0.000000	0.000000	0.000078	0.000078	-0.000000	-0.000000	0.000078	36.731743	19.470634	0.000000	8.289502	0.000000	8.318505
2006	10	0.000000	0.000000	0.000078	0.000078	-0.000000	-0.000000	0.000078	37.625774	25.954762	0.000000	8.289499	0.000000	8.318503
2006	10	0.000000	0.000000	0.000078	0.000078	-0.000000	-0.000000	0.000078	31.519676	24.178795	0.000000	8.289497	0.000000	8.318501
2006	10	0.000000	0.000000	0.000078	0.000078	-0.000000	-0.000000	0.000078	29.217316	47.455376	0.000000	8.289495	0.000000	8.318498
2006	10	0.000000	0.000000	0.000078	0.000078	-0.000000	-0.000000	0.000078	23.526602	49.304344	0.000000	8.289492	0.000000	8.318495
2006	10	0.000000	0.000000	0.000078	0.000078	-0.000000	-0.000000	0.000078	23.014639	43.243401	0.000000	8.289490	0.000000	8.318493
2006	10	0.000000	0.000000	0.000078	0.000078	-0.000000	-0.000000	0.000078	26.635839	26.002327	0.000000	8.289487	0.000000	8.318490
2006	11	0.000000	0.000000	0.000075	0.000075	-0.000000	-0.000000	0.000075	20.441137	18.597977	0.000000	8.289485	0.000000	8.318487
2006	11	0.000000	0.000000	0.000075	0.000075	-0.000000	-0.000000	0.000075	24.684841	21.715248	0.000000	8.289482	0.000000	8.318485
2006	11	0.000000	0.000000	0.000075	0.000075	-0.000000	-0.000000	0.000075	29.654642	25.267336	0.000000	8.289480	0.000000	8.318482
2006	11	0.000000	0.000000	0.000075	0.000075	-0.000000	-0.000000	0.000075	28.882467	28.496750	0.000000	8.289477	0.000000	8.318480
2006	11	0.000000	0.000000	0.000075	0.000075	-0.000000	-0.000000	0.000075	9.024077	31.396341	0.000000	8.289474	0.000000	8.318478
2006	11	0.000000	0.000000	0.000074	0.000074	-0.000000	-0.000000	0.000074	25.679649	31.415066	0.000000	8.289473	0.000000	8.318475
2006	11	0.000000	0.000000	0.000074	0.000074	-0.000000	-0.000000	0.000074	30.249233	28.848551	0.000000	8.289470	0.000000	8.318472
2006	11	0.000000	0.000000	0.000074	0.000074	-0.000000	-0.000000	0.000074	27.853281	30.187216	0.000000	8.289468	0.000000	8.318470
2006	11	0.000000	0.000000	0.000074	0.000074	-0.000000	-0.000000	0.000074	25.646244	25.795389	0.000000	8.289465	0.000000	8.318467
2006	11	0.000000	0.000000	0.000073	0.000073	-0.000000	-0.000000	0.000073	25.506563	34.230484	0.000000	8.289463	0.000000	8.318464
2006	11	0.000000	0.000000	0.000073	0.000073	-0.000000	-0.000000	0.000073	29.904875	29.100563	0.000000	8.289460	0.000000	8.318462
2006	11	0.000000	0.000000	0.000073	0.000073	-0.000000	-0.000000	0.000073	27.856905	20.174223	0.000000	8.289458	0.000000	8.318460
2006	11	0.000000	0.000000	0.000072	0.000072	-0.000000	-0.000000	0.000072	26.944565	16.615339	0.000000	8.289455	0.000000	8.318458
2006	11	0.000000	0.000000	0.000072	0.000072	-0.000000	-0.000000	0.000072	36.791367	18.542522	0.000000	8.289454	0.000000	8.318455
2006	11	0.000000	0.000000	0.000072	0.000072	-0.000000	-0.000000	0.000072	37.093102	16.959055	0.000000	8.289451	0.000000	8.318452
2006	11	0.000000	0.000000	0.000071	0.000071	-0.000000	-0.000000	0.000071	31.063171	14.788671	0.000000	8.289449	0.000000	8.318450
2006	11	0.000000	0.000000	0.000071	0.000071	-0.000000	-0.000000	0.000071	14.677919	14.447543	0.000000	8.289446	0.000000	8.318447
2006	11	0.000000	0.000000	0.000070	0.000070	-0.000000	-0.000000	0.000070	7.422809	16.766371	0.000000	8.289444	0.000000	8.318445
2006	11	0.000000	0.000000	0.000070	0.000070	-0.000000	-0.000000	0.000070	26.031906	17.973577	0.000000	8.289441	0.000000	8.318442
2006	11	0.000000	0.000000	0.000070	0.000070	-0.000000	-0.000000	0.000070	29.893162	14.114436	0.000000	8.289439	0.000000	8.318440
2006	11	0.000000	0.000000	0.000070	0.000070	-0.000000	-0.000000	0.000070	21.031559	19.043242	0.000000	8.289437	0.000000	8.318438
2006	11	0.000000	0.000000	0.000069	0.000069	-0.000000	-0.000000	0.000069	15.160385	25.723248	0.000000	8.289434	0.000000	8.318436
2006	11	0.000000	0.000000	0.000069	0.000069	-0.000000	-0.000000	0.000069	16.000414	23.294384	0.000000	8.289433	0.000000	8.318433
2006	11	0.000000	0.000000	0.000069	0.000069	-0.000000	-0.000000	0.000069	18.718149	15.583836	0.000000	8.289431	0.000000	8.318431
2006	11	0.000000	0.000000	0.000069	0.000069	-0.000000	-0.000000	0.000069	15.831147	15.056380	0.000000	8.289428	0.000000	8.318428
2006	11	0.000000	0.000000	0.000068	0.000068	-0.000000	-0.000000	0.000068	10.999107	18.052042	0.000000	8.289426	0.000000	8.318426
2006	11	0.000000	0.000000	0.000068	0.000068	-0.000000	-0.000000	0.000068	11.496275	11.740269	0.000000	8.289423	0.000000	8.318423
2006	11	0.000000	0.000000	0.000068	0.000068	-0.000000	-0.000000	0.000068	25.891253	12.339626	0.000000	8.289421	0.000000	8.318421
2006	11	0.000000	0.000000	0.000068	0.000068	-0.000000	-0.000000	0.000068	13.440819	8.982709	0.000000	8.289419	0.000000	8.318419
2006	11	0.000000	0.000000	0.000068	0.000068	-0.000000	-0.000000	0.000068	27.179607	17.233513	0.000000	8.289416	0.000000	8.318417
2006	12	0.000000	0.000000	0.000070	0.000070	-0.000000	-0.000000	0.000070	9.391857	14.662971	0.000000	8.289414	0.000000	8.318415
2006	12	0.000000	0.000000	0.000070	0.000070	-0.000000	-0.000000	0.000070	9.850423	8.543868	0.000000	8.289412	0.000000	8.318412
2006	12	0.000000	0.000000	0.000069	0.000069	-0.000000	-0.000000	0.000069	5.256442	7.433143	0.000000	8.289410	0.000000	8.318410
2006	12	0.000000	0.000000	0.000069	0.000069	-0.000000	-0.000000	0.000069	12.262942	19.491983	0.000000	8.289408	0.000000	8.318407
2006	12	0.000000	0.000000	0.000069	0.000069	-0.000000	-0.000000	0.000069	6.972335	7.744343	0.000000	8.289406	0.000000	8.318405
2006	12	0.000000	0.000000	0.000069	0.000069	-0.000000	-0.000000	0.000069	16.698421	15.568045	0.000000	8.289404	0.000000	8.318403
2006	12	0.000000	0.000000	0.000069	0.000069	-0.000000	-0.000000	0.000069	16.573500	25.410316	0.000000	8.289401	0.000000	8.318400
2006	12	0.000000	0.000000	0.000069	0.000069	-0.000000	-0.000000	0.000069	5.432765	14.136984	0.000000	8.289399	0.000000	8.318398
2006	12	0.000000	0.000000	0.000069	0.000069	-0.000000	-0.000000	0.000069	12.736925	22.140646	0.000000	8.289397	0.000000	8.318397
2006	12	0.000000	0.000000	0.000068	0.000068	-0.000000	-0.000000	0.000068	15.100683	16.319685	0.000000	8.289394	0.000000	8.318394
2006	12	0.000000	0.000000	0.000068	0.000068	-0.000000	-0.000000	0.000068	14.389982	20.623463	0.000000	8.289392	0.000000	8.318392
2006	12	0.000000	0.000000	0.000067	0.000067	-0.000000	-0.000000	0.000067	7.016441	16.774979	0.000000	8.289391	0.000000	8.318389
2006	12	0.000000	0.000000	0.000067	0.000067	-0.000000	-0.000000	0.000067	9.176314	13.355659	0.000000	8.289389	0.000000	8.318387
2006	12	0.000000	0.000000	0.000067	0.000067	-0.000000	-0.000000	0.000067	0.702549	14.641059	0.000000	8.289386	0.000000	8.318385
2006	12	0.000000	0.000000	0.000066	0.000066	-0.000000	-0.000000	0.000066	0.866409	10.822958	0.000000	8.289384	0.000000	8.318382
2006	12	0.000000	0.000000	0.000066	0.000066	-0.000000	-0.000000	0.000066	13.481237	9.510154	0.000000	8.289382	0.000000	8.318380
2006	12	0.000000	0.000000	0.000066	0.000066	-0.000000	-0.000000	0.000066	9.340382	8.904965	0.000000	8.289380	0.000000	8.318378
2006	12	0.000000	0.000000	0.000066	0.000066	-0.000000	-0.000000	0.000066	12.203978	10.363385	0.000000	8.289378	0.000000	8.318377
2006	12	0.000000	0.000000	0.000065	0.000065	-0.000000	-0.000000	0.000065	12.959673	11.632668	0.000000	8.289375	0.000000	8.318374
2006	12	0.000000	0.000000	0.000065	0.000065	-0.000000	-0.000000	0.000065	19.425083	8.008300	0.000000	8.289373	0.000000	8.318372
2006	12	0.000000	0.000000	0.000065	0.000065	-0.000000	-0.000000	0.000065	19.676891	10.146041	0.000000	8.289371	0.000000	8.318370
2006	12	0.000000	0.000000	0.000064	0.000064	-0.000000	-0.000000	0.000064	10.954431	17.775988	0.000000	8.289370	0.000000	8.318368
2006	12	0.000000	0.000000	0.000064	0.000064	-0.000000	-0.000000	0.000064	4.326654	19.755604	0.000000	8.289368	0.000000	8.318365
2006	12	0.000000	0.000000	0.000064	0.000064	-0.000000	-0.000000	0.000064	16.549286	17.627739	0.000000	8.289366	0.000000	8.318363
2006	12	0.000000	0.000000	0.000064	0.000064	-0.000000	-0.000000	0.000064	11.362515	9.021146	0.000000	8.289363	0.000000	8.318361
2006	12	0.000000	0.000000	0.000064	0.000064	-0.000000	-0.000000	0.000064	17.941959	20.022810	0.000000	8.289361	0.000000	8.318359
2006	12	0.000000	0.000000	0.000064	0.000064	-0.000000	-0.000000	0.000064	9.869277	12.916908	0.000000	8.289359	0.000000	8.318357
2006	12	0.000000	0.000000	0.000064	0.000064	-0.000000	-0.000000	0.000064	13.756979	9.369266	0.000000	8.289357	0.000000	8.318355
2006	12	0.000000	0.000000	0.000063	0.000063	-0.000000	-0.000000	0.000063	9.907213	8.226395	0.000000	8.289355	0.000000	8.318353
2006	12	0.000000	0.000000	0.000063	0.000063	-0.000000	-0.000000	0.000063	18.589266	7.988328	0.000000	8.289353	0.000000	8.318351
2006	12	0.000000	0.000000	0.000063	0.000063	-0.000000	-0.000000	0.000063	18.658396	6.794169	0.000000	8.289351	0.000000	8.318349
2007	01	0.000000	0.000000	0.000063	0.000063	-0.000000	-0.000000	0.000063	22.022989	7.356192	0.000000	8.289350	0.000000	8.318346
2007	01	0.000000	0.000000	0.000063	0.000063	-0.000000	-0.000000	0.000063	5.538408	8.101422	0.000000	8.289348	0.000000	8.318344
2007	01	0.000000	0.000000	0.000063	0.000063	-0.000000	-0.000000	0.000063	10.829442	9.476925	0.000000	8.289345	0.000000	8.318342
2007	01	0.000000	0.000000	0.000063	0.000063	-0.000000	-0.000000	0.000063	15.747687	8.651269	0.000000	8.289343	0.000000	8.318340
2007	01	0.000000	0.000000	0.000063	0.000063	-0.000000	-0.000000	0.000063	-0.330610	7.711482	0.000000	8.289341	0.000000	8.318338
2007	01	0.000000	0.000000	0.000062	0.000062	-0.000000	-0.000000	0.000062	9.091283	6.157422	0.000000	8.289339	0.000000	8.318336
2007	01	0.000000	0.000000	0.000062	0.000062	-0.000000	-0.000000	0.000062	17.792164	8.175929	0.000000	8.289337	0.000000	8.318334
2007	01	0.000000	0.000000	0.000062	0.000062	-0.000000	-0.000000	0.000062	14.057279	8.283737	0.000000	8.289335	0.000000	8.318332
2007	01	0.000000	0.000000	0.000062	0.000062	-0.000000	-0.000000	0.000062	9.154369	7.390889	0.000000	8.289333	0.000000	8.318330
2007	01	0.000000	0.000000	0.000062	0.000062	-0.000000	-0.000000	0.000062	18.966444	8.604695	0.000000	8.289331	0.000000	8.318328
2007	01	0.000000	0.000000	0.000062	0.000062	-0.000000	-0.000000	0.000062	9.497229	9.081559	0.000000	8.289330	0.000000	8.318326
2007	01	0.000000	0.000000	0.000061	0.000061	-0.000000	-0.000000	0.000061	10.643048	11.280998	0.000000	8.289328	0.000000	8.318324
2007	01	0.000000	0.000000	0.000061	0.000061	-0.000000	-0.000000	0.000061	12.659628	11.935691	0.000000	8.289326	0.000000	8.318322
2007	01	0.000000	0.000000	0.000061	0.000061	-0.000000	-0.000000	0.000061	12.143745	11.170837	0.000000	8.289324	0.000000	8.318319
2007	01	0.000000	0.000000	0.000061	0.000061	-0.000000	-0.000000	0.000061	12.151370	12.602887	0.000000	8.289322	0.000000	8.318317
2007	01	0.000000	0.000000	0.000061	0.000061	-0.000000	-0.000000	0.000061	17.627686	9.520989	0.000000	8.289320	0.000000	8.318316
2007	01	0.000000	0.000000	0.000061	0.000061	-0.000000	-0.000000	0.000061	9.907892	10.301544	0.000000	8.289318	0.000000	8.318314
2007	01	0.000000	0.000000	0.000061	0.000061	-0.000000	-0.000000	0.000061	13.984776	9.798851	0.000000	8.289316	0.000000	8.318312
2007	01	0.000000	0.000000	0.000061	0.000061	-0.000000	-0.000000	0.000061	9.314013	9.756770	0.000000	8.289314	0.000000	8.318310
2007	01	0.000000	0.000000	0.000061	0.000061	-0.000000	-0.000000	0.000061	9.742806	13.405237	0.000000	8.289312	0.000000	8.318308
2007	01	0.000000	0.000000	0.000060	0.000060	-0.000000	-0.000000	0.000060	11.392230	11.937478	0.000000	8.289310	0.000000	8.318306
2007	01	0.000000	0.000000	0.000060	0.000060	-0.000000	-0.000000	0.000060	21.320290	11.997433	0.000000	8.289308	0.000000	8.318304
2007	01	0.000000	0.000000	0.000060	0.000060	-0.000000	-0.000000	0.000060	12.441291	14.739746	0.000000	8.289306	0.000000	8.318301
2007	01	0.000000	0.000000	0.000060	0.000060	-0.000000	-0.000000	0.000060	21.621870	18.766834	0.000000	8.289304	0.000000	8.318299
2007	01	0.000000	0.000000	0.000060	0.000060	-0.000000	-0.000000	0.000060	25.423008	16.759893	0.000000	8.289302	0.000000	8.318297
2007	01	0.000000	0.000000	0.000059	0.000059	-0.000000	-0.000000	0.000059	31.180529	18.546679	0.000000	8.289300	0.000000	8.318295
2007	01	0.000000	0.000000	0.000059	0.000059	-0.000000	-0.000000	0.000059	37.310841	16.029936	0.000000	8.289298	0.000000	8.318294
2007	01	0.000000	0.000000	0.000059	0.000059	-0.000000	-0.000000	0.000059	11.783535	13.673715	0.000000	8.289296	0.000000	8.318292
2007	01	0.000000	0.000000	0.000060	0.000060	-0.000000	-0.000000	0.000060	10.156357	13.800165	0.000000	8.289295	0.000000	8.318290
2007	01	0.000000	0.000000	0.000060	0.000060	-0.000000	-0.000000	0.000060	-8.928049	5.707039	0.000000	8.289293	0.000000	8.318288
2007	01	0.000000	0.000000	0.000061	0.000061	-0.000000	-0.000000	0.000061	17.690002	9.741997	0.000000	8.289290	0.000000	8.318286
2007	02	0.000000	0.000000	0.000055	0.000055	-0.000000	-0.000000	0.000055	25.425081	10.205255	0.000000	8.289289	0.000000	8.318284
2007	02	0.000000	0.000000	0.000055	0.000055	-0.000000	-0.000000	0.000055	27.226124	16.140766	0.000000	8.289287	0.000000	8.318282
2007	02	0.000000	0.000000	0.000056	0.000056	-0.000000	-0.000000	0.000056	-0.542092	14.034079	0.000000	8.289285	0.000000	8.318279
2007	02	0.000000	0.000000	0.000056	0.000056	-0.000000	-0.000000	0.000056	1.181991	8.842930	0.000000	8.289283	0.000000	8.318277
2007	02	0.000000	0.000000	0.000056	0.000056	-0.000000	-0.000000	0.000056	19.831459	14.884855	0.000000	8.289281	0.000000	8.318275
2007	02	0.000000	0.000000	0.000056	0.000056	-0.000000	-0.000000	0.000056	20.027267	9.218960	0.000000	8.289279	0.000000	8.318274
2007	02	0.000000	0.000000	0.000056	0.000056	-0.000000	-0.000000	0.000056	20.751921	14.284971	0.000000	8.289277	0.000000	8.318272
2007	02	0.000000	0.000000	0.000056	0.000056	-0.000000	-0.000000	0.000056	22.958384	24.274204	0.000000	8.289275	0.000000	8.318270
2007	02	0.000000	0.000000	0.000056	0.000056	-0.000000	-0.000000	0.000056	-1.359808	9.191602	0.000000	8.289273	0.000000	8.318267
2007	02	0.000000	0.000000	0.000056	0.000056	-0.000000	-0.000000	0.000056	13.135152	28.781771	0.000000	8.289271	0.000000	8.318265
2007	02	0.000000	0.000000	0.000056	0.000056	-0.000000	-0.000000	0.000056	11.981337	20.025955	0.000000	8.289269	0.000000	8.318263
2007	02	0.000000	0.000000	0.000057	0.000057	-0.000000	-0.000000	0.000057	16.809729	24.226387	0.000000	8.289268	0.000000	8.318261
2007	02	0.000000	0.000000	0.000057	0.000057	-0.000000	-0.000000	0.000057	20.832897	29.549742	0.000000	8.289266	0.000000	8.318259
2007	02	0.000000	0.000000	0.000057	0.000057	-0.000000	-0.000000	0.000057	22.740433	18.804178	0.000000	8.289263	0.000000	8.318257
2007	02	0.000000	0.000000	0.000057	0.000057	-0.000000	-0.000000	0.000057	27.051981	28.135658	0.000000	8.289261	0.000000	8.318254
2007	02	0.000000	0.000000	0.000057	0.000057	-0.000000	-0.000000	0.000057	24.045431	23.617327	0.000000	8.289259	0.000000	8.318253
2007	02	0.000000	0.000000	0.000057	0.000057	-0.000000	-0.000000	0.000057	27.226608	24.697592	0.000000	8.289257	0.000000	8.318251
2007	02	0.000000	0.000000	0.000057	0.000057	-0.000000	-0.000000	0.000057	40.087822	30.852507	0.000000	8.289255	0.000000	8.318249
2007	02	0.000000	0.000000	0.000057	0.000057	-0.000000	-0.000000	0.000057	33.679562	30.613983	0.000000	8.289253	0.000000	8.318247
2007	02	0.000000	0.000000	0.000057	0.000057	-0.000000	-0.000000	0.000057	41.681034	22.282557	0.000000	8.289251	0.000000	8.318244
2007	02	0.000000	0.000000	0.000057	0.000057	-0.000000	-0.000000	0.000057	33.238712	17.648520	0.000000	8.289249	0.000000	8.318242
2007	02	0.000000	0.000000	0.000057	0.000057	-0.000000	-0.000000	0.000057	38.771503	20.310759	0.000000	8.289248	0.000000	8.318240
2007	02	0.000000	0.000000	0.000057	0.000057	-0.000000	-0.000000	0.000057	35.205181	27.717501	0.000000	8.289245	0.000000	8.318238
2007	02	0.000000	0.000000	0.000057	0.000057	-0.000000	-0.000000	0.000057	35.061737	31.581392	0.000000	8.289243	0.000000	8.318236
2007	02	0.000000	0.000000	0.000057	0.000057	-0.000000	-0.000000	0.000057	29.219542	31.361582	0.000000	8.289241	0.000000	8.318233
2007	02	0.000000	0.000000	0.000057	0.000057	-0.000000	-0.000000	0.000057	35.384628	37.026077	0.000000	8.289239	0.000000	8.318232
2007	02	0.000000	0.000000	0.000057	0.000057	-0.000000	-0.000000	0.000057	33.741665	32.388985	0.000000	8.289237	0.000000	8.318230
2007	02	0.000000	0.000000	0.000057	0.000057	-0.000000	-0.000000	0.000057	38.491062	29.028517	0.000000	8.289235	0.000000	8.318228
2007	03	0.000000	0.000000	0.000064	0.000064	-0.000000	-0.000000	0.000064	28.124033	34.721989	0.000000	8.289233	0.000000	8.318226
2007	03	0.000000	0.000000	0.000064	0.000064	-0.000000	-0.000000	0.000064	22.557598	30.894573	0.000000	8.289231	0.000000	8.318223
2007	03	0.000000	0.000000	0.000064	0.000064	-0.000000	-0.000000	0.000064	18.820694	26.099520	0.000000	8.289228	0.000000	8.318221
2007	03	0.000000	0.000000	0.000064	0.000064	-0.000000	-0.000000	0.000064	23.286943	27.409073	0.000000	8.289227	0.000000	8.318219
2007	03	0.000000	0.000000	0.000064	0.000064	-0.000000	-0.000000	0.000064	18.828709	34.922836	0.000000	8.289225	0.000000	8.318217
2007	03	0.000000	0.000000	0.000064	0.000064	-0.000000	-0.000000	0.000064	31.313028	31.113258	0.000000	8.289223	0.000000	8.318215
2007	03	0.000000	0.000000	0.000064	0.000064	-0.000000	-0.000000	0.000064	18.988701	35.275986	0.000000	8.289221	0.000000	8.318213
2007	03	0.000000	0.000000	0.000064	0.000064	-0.000000	-0.000000	0.000064	16.476339	52.013035	0.000000	8.289219	0.000000	8.318211
2007	03	0.000000	0.000000	0.000064	0.000064	-0.000000	-0.000000	0.000064	22.250528	48.532383	0.000000	8.289217	0.000000	8.318209
2007	03	0.000000	0.000000	0.000064	0.000064	-0.000000	-0.000000	0.000064	37.153484	26.949499	0.000000	8.289214	0.000000	8.318207
2007	03	0.000000	0.000000	0.000064	0.000064	-0.000000	-0.000000	0.000064	46.571968	25.726713	0.000000	8.289212	0.000000	8.318204
2007	03	0.000000	0.000000	0.000064	0.000064	-0.000000	-0.000000	0.000064	57.118301	32.570915	0.000000	8.289210	0.000000	8.318202
2007	03	0.000000	0.000000	0.000064	0.000064	-0.000000	-0.000000	0.000064	55.299393	31.178446	0.000000	8.289208	0.000000	8.318200
2007	03	0.000000	0.000000	0.000063	0.000063	-0.000000	-0.000000	0.000063	54.702255	37.833118	0.000000	8.289207	0.000000	8.318198
2007	03	0.000000	0.000000	0.000063	0.000063	-0.000000	-0.000000	0.000063	44.222588	39.547375	0.000000	8.289205	0.000000	8.318196
2007	03	0.000000	0.000000	0.000063	0.000063	-0.000000	-0.000000	0.000063	38.000370	41.036144	0.000000	8.289203	0.000000	8.318193
2007	03	0.000000	0.000000	0.000063	0.000063	-0.000000	-0.000000	0.000063	32.761868	33.500965	0.000000	8.289201	0.000000	8.318192
2007	03	0.000000	0.000000	0.000063	0.000063	-0.000000	-0.000000	0.000063	48.955006	33.987118	0.000000	8.289198	0.000000	8.318190
2007	03	0.000000	0.000000	0.000063	0.000063	-0.000000	-0.000000	0.000063	46.429241	30.443956	0.000000	8.289196	0.000000	8.318188
2007	03	0.000000	0.000000	0.000063	0.000063	-0.000000	-0.000000	0.000063	48.033092	53.499233	0.000000	8.289194	0.000000	8.318186
2007	03	0.000000	0.000000	0.000062	0.000062	-0.000000	-0.000000	0.000062	57.828587	44.672882	0.000000	8.289192	0.000000	8.318183
2007	03	0.000000	0.000000	0.000062	0.000062	-0.000000	-0.000000	0.000062	54.230568	36.511600	0.000000	8.289190	0.000000	8.318181
2007	03	0.000000	0.000000	0.000062	0.000062	-0.000000	-0.000000	0.000062	62.368546	30.803953	0.000000	8.289188	0.000000	8.318179
2007	03	0.000000	0.000000	0.000062	0.000062	-0.000000	-0.000000	0.000062	54.337296	32.930515	0.000000	8.289186	0.000000	8.318177
2007	03	0.000000	0.000000	0.000062	0.000062	-0.000000	-0.000000	0.000062	57.045437	30.628933	0.000000	8.289185	0.000000	8.318175
2007	03	0.000000	0.000000	0.000062	0.000062	-0.000000	-0.000000	0.000062	69.477997	27.522350	0.000000	8.289183	0.000000	8.318173
2007	03	0.000000	0.000000	0.000062	0.000062	-0.000000	-0.000000	0.000062	50.527020	20.107090	0.000000	8.289181	0.000000	8.318172
2007	03	0.000000	0.000000	0.000062	0.000062	-0.000000	-0.000000	0.000062	59.258854	23.879910	0.000000	8.289179	0.000000	8.318169
2007	03	0.000000	0.000000	0.000062	0.000062	-0.000000	-0.000000	0.000062	43.542694	29.975313	0.000000	8.289177	0.000000	8.318167
2007	03	0.000000	0.000000	0.000062	0.000062	-0.000000	-0.000000	0.000062	36.919014	32.070843	0.000000	8.289175	0.000000	8.318165
2007	03	0.000000	0.000000	0.000062	0.000062	-0.000000	-0.000000	0.000062	52.458107	39.261307	0.000000	8.289173	0.000000	8.318163
2007	04	0.000000	0.000000	0.000060	0.000060	-0.000000	-0.000000	0.000060	56.494148	45.638500	0.000000	8.289170	0.000000	8.318161
2007	04	0.000000	0.000000	0.000060	0.000060	-0.000000	-0.000000	0.000060	76.655701	43.965340	0.000000	8.289168	0.000000	8.318159
2007	04	0.000000	0.000000	0.000060	0.000060	-0.000000	-0.000000	0.000060	67.792763	43.011494	0.000000	8.289166	0.000000	8.318157
2007	04	0.000000	0.000000	0.000060	0.000060	-0.000000	-0.000000	0.000060	69.128731	55.269070	0.000000	8.289165	0.000000	8.318154
2007	04	0.000000	0.000000	0.000060	0.000060	-0.000000	-0.000000	0.000060	65.790695	55.232269	0.000000	8.289163	0.000000	8.318152
2007	04	0.000000	0.000000	0.000061	0.000061	-0.000000	-0.000000	0.000061	54.412167	34.156654	0.000000	8.289161	0.000000	8.318151
2007	04	0.000000	0.000000	0.000061	0.000061	-0.000000	-0.000000	0.000061	65.354729	34.998486	0.000000	8.289159	0.000000	8.318149
2007	04	0.000000	0.000000	0.000061	0.000061	-0.000000	-0.000000	0.000061	85.745010	57.062202	0.000000	8.289157	0.000000	8.318147
2007	04	0.000000	0.000000	0.000061	0.000061	-0.000000	-0.000000	0.000061	40.767559	39.436165	0.000000	8.289155	0.000000	8.318145
2007	04	0.000000	0.000000	0.000061	0.000061	-0.000000	-0.000000	0.000061	49.475788	50.019493	0.000000	8.289153	0.000000	8.318142
2007	04	0.000000	0.000000	0.000061	0.000061	-0.000000	-0.000000	0.000061	60.745262	38.866787	0.000000	8.289151	0.000000	8.318140
2007	04	0.000000	0.000000	0.000061	0.000061	-0.000000	-0.000000	0.000061	50.423592	32.670696	0.000000	8.289149	0.000000	8.318138
2007	04	0.000000	0.000000	0.000061	0.000061	-0.000000	-0.000000	0.000061	39.825596	31.190489	0.000000	8.289146	0.000000	8.318136
2007	04	0.000000	0.000000	0.000061	0.000061	-0.000000	-0.000000	0.000061	69.777435	54.325268	0.000000	8.289145	0.000000	8.318134
2007	04	0.000000	0.000000	0.000062	0.000062	-0.000000	-0.000000	0.000062	44.836494	34.557487	0.000000	8.289143	0.000000	8.318131
2007	04	0.000000	0.000000	0.000062	0.000062	-0.000000	-0.000000	0.000062	51.566505	34.711491	0.000000	8.289141	0.000000	8.318130
2007	04	0.000000	0.000000	0.000062	0.000062	-0.000000	-0.000000	0.000062	82.885529	66.346779	0.000000	8.289139	0.000000	8.318128
2007	04	0.000000	0.000000	0.000062	0.000062	-0.000000	-0.000000	0.000062	79.102402	64.978210	0.000000	8.289137	0.000000	8.318126
2007	04	0.000000	0.000000	0.000062	0.000062	-0.000000	-0.000000	0.000062	53.258362	59.356102	0.000000	8.289135	0.000000	8.318123
2007	04	0.000000	0.000000	0.000063	0.000063	-0.000000	-0.000000	0.000063	2.834005	11.998333	0.000000	8.289132	0.000000	8.318121
2007	04	0.000000	0.000000	0.000063	0.000063	-0.000000	-0.000000	0.000063	37.661922	29.751657	0.000000	8.289130	0.000000	8.318119
2007	04	0.000000	0.000000	0.000063	0.000063	-0.000000	-0.000000	0.000063	2.361683	27.445103	0.000000	8.289128	0.000000	8.318117
2007	04	0.000000	0.000000	0.000063	0.000063	-0.000000	-0.000000	0.000063	-3.172558	21.381460	0.000000	8.289126	0.000000	8.318115
2007	04	0.000000	0.000000	0.000063	0.000063	-0.000000	-0.000000	0.000063	29.665350	30.903275	0.000000	8.289124	0.000000	8.318112
2007	04	0.000000	0.000000	0.000063	0.000063	-0.000000	-0.000000	0.000063	75.217339	57.874496	0.000000	8.289123	0.000000	8.318110
2007	04	0.000000	0.000000	0.000064	0.000064	-0.000000	-0.000000	0.000064	61.782921	43.055782	0.000000	8.289120	0.000000	8.318109
2007	04	0.000000	0.000000	0.000064	0.000064	-0.000000	-0.000000	0.000064	42.699669	35.301029	0.000000	8.289118	0.000000	8.318106
2007	04	0.000000	0.000000	0.000064	0.000064	-0.000000	-0.000000	0.000064	74.858177	47.444801	0.000000	8.289116	0.000000	8.318104
2007	04	0.000000	0.000000	0.000065	0.000065	-0.000000	-0.000000	0.000065	80.741707	46.585697	0.000000	8.289114	0.000000	8.318102
2007	04	0.000000	0.000000	0.000065	0.000065	-0.000000	-0.000000	0.000065	72.851997	44.228161	0.000000	8.289112	0.000000	8.318100
2007	05	0.000000	0.000000	0.000068	0.000068	-0.000000	-0.000000	0.000068	98.815384	81.550735	0.000000	8.289109	0.000000	8.318097
2007	05	0.000000	0.000000	0.000068	0.000068	-0.000000	-0.000000	0.000068	86.457481	58.712051	0.000000	8.289107	0.000000	8.318095
2007	05	0.000000	0.000000	0.000068	0.000068	-0.000000	-0.000000	0.000068	58.317089	36.063923	0.000000	8.289105	0.000000	8.318092
2007	05	0.000000	0.000000	0.000068	0.000068	-0.000000	-0.000000	0.000068	101.982109	57.705959	0.000000	8.289103	0.000000	8.318090
2007	05	0.000000	0.000000	0.000068	0.000068	-0.000000	-0.000000	0.000068	57.287590	46.090206	0.000000	8.289101	0.000000	8.318089
2007	05	0.000000	0.000000	0.000068	0.000068	-0.000000	-0.000000	0.000068	55.505257	44.821335	0.000000	8.289099	0.000000	8.318086
2007	05	0.000000	0.000000	0.000068	0.000068	-0.000000	-0.000000	0.000068	57.783852	31.073732	0.000000	8.289097	0.000000	8.318084
2007	05	0.000000	0.000000	0.000069	0.000069	-0.000000	-0.000000	0.000069	79.040123	40.246769	0.000000	8.289094	0.000000	8.318082
2007	05	0.000000	0.000000	0.000069	0.000069	-0.000000	-0.000000	0.000069	88.756241	50.266975	0.000000	8.289092	0.000000	8.318079
2007	05	0.000000	0.000000	0.000069	0.000069	-0.000000	-0.000000	0.000069	71.179131	67.434456	0.000000	8.289090	0.000000	8.318077
2007	05	0.000000	0.000000	0.000070	0.000070	-0.000000	-0.000000	0.000070	61.209110	65.542091	0.000000	8.289087	0.000000	8.318074
2007	05	0.000000	0.000000	0.000070	0.000070	-0.000000	-0.000000	0.000070	66.697365	66.769707	0.000000	8.289085	0.000000	8.318072
2007	05	0.000000	0.000000	0.000071	0.000071	-0.000000	-0.000000	0.000071	71.173630	67.652214	0.000000	8.289083	0.000000	8.318070
2007	05	0.000000	0.000000	0.000071	0.000071	-0.000000	-0.000000	0.000071	62.489906	81.177170	0.000000	8.289081	0.000000	8.318068
2007	05	0.000000	0.000000	0.000072	0.000072	-0.000000	-0.000000	0.000072	76.946327	71.664673	0.000000	8.289079	0.000000	8.318066
2007	05	0.000000	0.000000	0.000072	0.000072	-0.000000	-0.000000	0.000072	91.432899	61.209412	0.000000	8.289077	0.000000	8.318063
2007	05	0.000000	0.000000	0.000072	0.000072	-0.000000	-0.000000	0.000072	92.010422	56.958206	0.000000	8.289074	0.000000	8.318061
2007	05	0.000000	0.000000	0.000072	0.000072	-0.000000	-0.000000	0.000072	90.003853	46.810642	0.000000	8.289072	0.000000	8.318058
2007	05	0.000000	0.000000	0.000072	0.000072	-0.000000	-0.000000	0.000072	91.259689	51.525597	0.000000	8.289069	0.000000	8.318056
2007	05	0.000000	0.000000	0.000072	0.000072	-0.000000	-0.000000	0.000072	86.527718	48.101330	0.000000	8.289067	0.000000	8.318053
2007	05	0.000000	0.000000	0.000072	0.000072	-0.000000	-0.000000	0.000072	77.928268	41.554825	0.000000	8.289065	0.000000	8.318051
2007	05	0.000000	0.000000	0.000072	0.000072	-0.000000	-0.000000	0.000072	38.378857	46.901192	0.000000	8.289062	0.000000	8.318048
2007	05	0.000000	0.000000	0.000073	0.000073	-0.000000	-0.000000	0.000073	70.263855	93.524666	0.000000	8.289061	0.000000	8.318047
2007	05	0.000000	0.000000	0.000073	0.000073	-0.000000	-0.000000	0.000073	62.979656	83.262375	0.000000	8.289058	0.000000	8.318044
2007	05	0.000000	0.000000	0.000073	0.000073	-0.000000	-0.000000	0.000073	73.741562	55.230785	0.000000	8.289056	0.000000	8.318042
2007	05	0.000000	0.000000	0.000073	0.000073	-0.000000	-0.000000	0.000073	84.630615	47.864956	0.000000	8.289053	0.000000	8.318039
2007	05	0.000000	0.000000	0.000074	0.000074	-0.000000	-0.000000	0.000074	71.725731	50.234570	0.000000	8.289051	0.000000	8.318037
2007	05	0.000000	0.000000	0.000074	0.000074	-0.000000	-0.000000	0.000074	106.288155	41.939243	0.000000	8.289049	0.000000	8.318034
2007	05	0.000000	0.000000	0.000075	0.000075	-0.000000	-0.000000	0.000075	97.492531	35.768456	0.000000	8.289046	0.000000	8.318031
2007	05	0.000000	0.000000	0.000075	0.000075	-0.000000	-0.000000	0.000075	102.986992	27.752361	0.000000	8.289044	0.000000	8.318029
2007	05	0.000000	0.000000	0.000075	0.000075	-0.000000	-0.000000	0.000075	96.451607	29.884760	0.000000	8.289042	0.000000	8.318027
2007	06	0.000000	0.000000	0.000073	0.000073	-0.000000	-0.000000	0.000073	91.273720	38.646294	0.000000	8.289040	0.000000	8.318025
2007	06	0.000000	0.000000	0.000073	0.000073	-0.000000	-0.000000	0.000073	122.545853	23.919178	0.000000	8.289037	0.000000	8.318022
2007	06	0.000000	0.000000	0.000074	0.000074	-0.000000	-0.000000	0.000074	129.143524	26.301098	0.000000	8.289035	0.000000	8.318019
2007	06	0.000000	0.000000	0.000074	0.000074	-0.000000	-0.000000	0.000074	132.504837	28.905188	0.000000	8.289032	0.000000	8.318017
2007	06	0.000000	0.000000	0.000074	0.000074	-0.000000	-0.000000	0.000074	85.955406	23.606344	0.000000	8.289029	0.000000	8.318014
2007	06	0.000000	0.000000	0.000074	0.000074	-0.000000	-0.000000	0.000074	122.294601	27.233027	0.000000	8.289027	0.000000	8.318012
2007	06	0.000000	0.000000	0.000074	0.000074	-0.000000	-0.000000	0.000074	117.613449	24.686682	0.000000	8.289024	0.000000	8.318009
2007	06	0.000000	0.000000	0.000074	0.000074	-0.000000	-0.000000	0.000074	127.621536	22.863165	0.000000	8.289022	0.000000	8.318007
2007	06	0.000000	0.000000	0.000075	0.000075	-0.000000	-0.000000	0.000075	131.596970	23.084240	0.000000	8.289020	0.000000	8.318005
2007	06	0.000000	0.000000	0.000075	0.000075	-0.000000	-0.000000	0.000075	100.404770	22.104027	0.000000	8.289018	0.000000	8.318002
2007	06	0.000000	0.000000	0.000075	0.000075	-0.000000	-0.000000	0.000075	91.147308	22.822372	0.000000	8.289015	0.000000	8.317999
2007	06	0.000000	0.000000	0.000075	0.000075	-0.000000	-0.000000	0.000075	109.642960	31.239231	0.000000	8.289012	0.000000	8.317997
2007	06	0.000000	0.000000	0.000075	0.000075	-0.000000	-0.000000	0.000075	23.351442	22.523945	0.000000	8.289010	0.000000	8.317994
2007	06	0.000000	0.000000	0.000075	0.000075	-0.000000	-0.000000	0.000075	66.804237	74.608765	0.000000	8.289007	0.000000	8.317991
2007	06	0.000000	0.000000	0.000075	0.000075	-0.000000	-0.000000	0.000075	95.036530	73.495766	0.000000	8.289005	0.000000	8.317988
2007	06	0.000000	0.000000	0.000075	0.000075	-0.000000	-0.000000	0.000075	97.958687	49.618702	0.000000	8.289002	0.000000	8.317986
2007	06	0.000000	0.000000	0.000075	0.000075	-0.000000	-0.000000	0.000075	109.049606	40.896961	0.000000	8.289001	0.000000	8.317984
2007	06	0.000000	0.000000	0.000076	0.000076	-0.000000	-0.000000	0.000076	103.578773	29.905510	0.000000	8.288998	0.000000	8.317981
2007	06	0.000000	0.000000	0.000076	0.000076	-0.000000	-0.000000	0.000076	105.915169	25.915384	0.000000	8.288995	0.000000	8.317979
2007	06	0.000000	0.000000	0.000077	0.000077	-0.000000	-0.000000	0.000077	101.900284	30.906181	0.000000	8.288993	0.000000	8.317976
2007	06	0.000000	0.000000	0.000078	0.000078	-0.000000	-0.000000	0.000078	107.385788	21.433472	0.000000	8.288990	0.000000	8.317973
2007	06	0.000000	0.000000	0.000078	0.000078	-0.000000	-0.000000	0.000078	101.504677	21.249685	0.000000	8.288987	0.000000	8.317970
2007	06	0.000000	0.000000	0.000079	0.000079	-0.000000	-0.000000	0.000079	115.697861	21.424328	0.000000	8.288985	0.000000	8.317968
2007	06	0.000000	0.000000	0.000079	0.000079	-0.000000	-0.000000	0.000079	134.411087	24.196688	0.000000	8.288982	0.000000	8.317966
2007	06	0.000000	0.000000	0.000079	0.000079	-0.000000	-0.000000	0.000079	101.043945	15.348348	0.000000	8.288980	0.000000	8.317963
2007	06	0.000000	0.000000	0.000080	0.000080	-0.000000	-0.000000	0.000080	103.775734	24.047638	0.000000	8.288977	0.000000	8.317960
2007	06	0.000000	0.000000	0.000080	0.000080	-0.000000	-0.000000	0.000080	138.134430	17.630678	0.000000	8.288975	0.000000	8.317957
2007	06	0.000000	0.000000	0.000081	0.000081	-0.000000	-0.000000	0.000081	113.254509	17.474209	0.000000	8.288972	0.000000	8.317954
2007	06	0.000000	0.000000	0.000081	0.000081	-0.000000	-0.000000	0.000081	130.438095	17.382835	0.000000	8.288969	0.000000	8.317952
2007	06	0.000000	0.000000	0.000081	0.000081	-0.000000	-0.000000	0.000081	118.316475	16.228575	0.000000	8.288966	0.000000	8.317949
2007	07	0.000000	0.000000	0.000084	0.000084	-0.000000	-0.000000	0.000084	128.284805	18.433825	0.000000	8.288964	0.000000	8.317946
2007	07	0.000000	0.000000	0.000085	0.000085	-0.000000	-0.000000	0.000085	112.675293	21.123686	0.000000	8.288961	0.000000	8.317944
2007	07	0.000000	0.000000	0.000085	0.000085	-0.000000	-0.000000	0.000085	108.710953	16.337051	0.000000	8.288959	0.000000	8.317941
2007	07	0.000000	0.000000	0.000085	0.000085	-0.000000	-0.000000	0.000085	103.201302	17.131292	0.000000	8.288956	0.000000	8.317938
2007	07	0.000000	0.000000	0.000086	0.000086	-0.000000	-0.000000	0.000086	106.848267	18.992554	0.000000	8.288953	0.000000	8.317935
2007	07	0.000000	0.000000	0.000086	0.000086	-0.000000	-0.000000	0.000086	133.788727	17.843861	0.000000	8.288950	0.000000	8.317932
2007	07	0.000000	0.000000	0.000086	0.000086	-0.000000	-0.000000	0.000086	121.954979	17.345480	0.000000	8.288948	0.000000	8.317929
2007	07	0.000000	0.000000	0.000086	0.000086	-0.000000	-0.000000	0.000086	119.201363	15.026058	0.000000	8.288945	0.000000	8.317926
2007	07	0.000000	0.000000	0.000087	0.000087	-0.000000	-0.000000	0.000087	106.442581	15.774612	0.000000	8.288942	0.000000	8.317924
2007	07	0.000000	0.000000	0.000087	0.000087	-0.000000	-0.000000	0.000087	123.912415	16.347342	0.000000	8.288939	0.000000	8.317921
2007	07	0.000000	0.000000	0.000087	0.000087	-0.000000	-0.000000	0.000087	134.222931	15.290563	0.000000	8.288937	0.000000	8.317918
2007	07	0.000000	0.000000	0.000087	0.000087	-0.000000	-0.000000	0.000087	141.682053	17.306000	0.000000	8.288934	0.000000	8.317915
2007	07	0.000000	0.000000	0.000087	0.000087	-0.000000	-0.000000	0.000087	130.294250	16.727705	0.000000	8.288931	0.000000	8.317912
2007	07	0.000000	0.000000	0.000087	0.000087	-0.000000	-0.000000	0.000087	114.350266	15.384280	0.000000	8.288928	0.000000	8.317909
2007	07	0.000000	0.000000	0.000087	0.000087	-0.000000	-0.000000	0.000087	106.953918	16.233288	0.000000	8.288925	0.000000	8.317906
2007	07	0.000000	0.000000	0.000087	0.000087	-0.000000	-0.000000	0.000087	56.050770	12.001088	0.000000	8.288923	0.000000	8.317904
2007	07	0.000000	0.000000	0.000087	0.000087	-0.000000	-0.000000	0.000087	61.158203	13.163538	0.000000	8.288920	0.000000	8.317901
2007	07	0.000000	0.000000	0.000088	0.000088	-0.000000	-0.000000	0.000088	96.881134	17.096281	0.000000	8.288918	0.000000	8.317898
2007	07	0.000000	0.000000	0.000088	0.000088	-0.000000	-0.000000	0.000088	99.985069	21.805754	0.000000	8.288915	0.000000	8.317895
2007	07	0.000000	0.000000	0.000089	0.000089	-0.000000	-0.000000	0.000089	84.453384	46.140503	0.000000	8.288912	0.000000	8.317892
2007	07	0.000000	0.000000	0.000089	0.000089	-0.000000	-0.000000	0.000089	88.510437	37.256565	0.000000	8.288909	0.000000	8.317889
2007	07	0.000000	0.000000	0.000089	0.000089	-0.000000	-0.000000	0.000089	83.008186	18.046146	0.000000	8.288906	0.000000	8.317886
2007	07	0.000000	0.000000	0.000090	0.000090	-0.000000	-0.000000	0.000090	99.071091	18.157589	0.000000	8.288903	0.000000	8.317883
2007	07	0.000000	0.000000	0.000090	0.000090	-0.000000	-0.000000	0.000090	97.405441	20.673342	0.000000	8.288900	0.000000	8.317881
2007	07	0.000000	0.000000	0.000091	0.000091	-0.000000	-0.000000	0.000091	109.886894	14.110257	0.000000	8.288898	0.000000	8.317878
2007	07	0.000000	0.000000	0.000091	0.000091	-0.000000	-0.000000	0.000091	107.570671	13.840362	0.000000	8.288895	0.000000	8.317875
2007	07	0.000000	0.000000	0.000091	0.000091	-0.000000	-0.000000	0.000091	103.982285	14.822721	0.000000	8.288892	0.000000	8.317871
2007	07	0.000000	0.000000	0.000092	0.000092	-0.000000	-0.000000	0.000092	99.290123	14.808339	0.000000	8.288889	0.000000	8.317868
2007	07	0.000000	0.000000	0.000092	0.000092	-0.000000	-0.000000	0.000092	106.110893	16.504620	0.000000	8.288886	0.000000	8.317865
2007	07	0.000000	0.000000	0.000092	0.000092	-0.000000	-0.000000	0.000092	111.505623	14.535335	0.000000	8.288883	0.000000	8.317863
2007	07	0.000000	0.000000	0.000092	0.000092	-0.000000	-0.000000	0.000092	114.204895	13.619827	0.000000	8.288880	0.000000	8.317860
2007	08	0.000000	0.000000	0.000092	0.000092	-0.000000	-0.000000	0.000092	98.242439	12.512497	0.000000	8.288877	0.000000	8.317857
2007	08	0.000000	0.000000	0.000093	0.000093	-0.000000	-0.000000	0.000093	93.917343	14.080830	0.000000	8.288875	0.000000	8.317853
2007	08	0.000000	0.000000	0.000093	0.000093	-0.000000	-0.000000	0.000093	91.686638	12.585652	0.000000	8.288872	0.000000	8.317850
2007	08	0.000000	0.000000	0.000093	0.000093	-0.000000	-0.000000	0.000093	109.501648	16.358301	0.000000	8.288868	0.000000	8.317847
2007	08	0.000000	0.000000	0.000093	0.000093	-0.000000	-0.000000	0.000093	104.776924	14.391816	0.000000	8.288865	0.000000	8.317844
2007	08	0.000000	0.000000	0.000094	0.000094	-0.000000	-0.000000	0.000094	97.000450	13.289839	0.000000	8.288862	0.000000	8.317842
2007	08	0.000000	0.000000	0.000094	0.000094	-0.000000	-0.000000	0.000094	97.488319	12.737463	0.000000	8.288859	0.000000	8.317838
2007	08	0.000000	0.000000	0.000094	0.000094	-0.000000	-0.000000	0.000094	96.980667	14.644248	0.000000	8.288857	0.000000	8.317835
2007	08	0.000000	0.000000	0.000094	0.000094	-0.000000	-0.000000	0.000094	85.616180	11.510469	0.000000	8.288854	0.000000	8.317832
2007	08	0.000000	0.000000	0.000094	0.000094	-0.000000	-0.000000	0.000094	105.262093	14.378562	0.000000	8.288851	0.000000	8.317829
2007	08	0.000000	0.000000	0.000094	0.000094	-0.000000	-0.000000	0.000094	76.649605	11.679180	0.000000	8.288848	0.000000	8.317825
2007	08	0.000000	0.000000	0.000095	0.000095	-0.000000	-0.000000	0.000095	79.129166	13.440447	0.000000	8.288845	0.000000	8.317822
2007	08	0.000000	0.000000	0.000095	0.000095	-0.000000	-0.000000	0.000095	87.804695	16.276691	0.000000	8.288841	0.000000	8.317820
2007	08	0.000000	0.000000	0.000095	0.000095	-0.000000	-0.000000	0.000095	93.839897	18.608137	0.000000	8.288838	0.000000	8.317817
2007	08	0.000000	0.000000	0.000095	0.000095	-0.000000	-0.000000	0.000095	96.373215	14.890473	0.000000	8.288836	0.000000	8.317813
2007	08	0.000000	0.000000	0.000096	0.000096	-0.000000	-0.000000	0.000096	82.811935	15.493980	0.000000	8.288833	0.000000	8.317810
2007	08	0.000000	0.000000	0.000096	0.000096	-0.000000	-0.000000	0.000096	99.824966	12.968440	0.000000	8.288830	0.000000	8.317807
2007	08	0.000000	0.000000	0.000096	0.000096	-0.000000	-0.000000	0.000096	117.537460	13.918205	0.000000	8.288827	0.000000	8.317803
2007	08	0.000000	0.000000	0.000096	0.000096	-0.000000	-0.000000	0.000096	104.673889	11.723308	0.000000	8.288823	0.000000	8.317801
2007	08	0.000000	0.000000	0.000096	0.000096	-0.000000	-0.000000	0.000096	101.175720	12.903278	0.000000	8.288820	0.000000	8.317798
2007	08	0.000000	0.000000	0.000096	0.000096	-0.000000	-0.000000	0.000096	111.403496	12.599507	0.000000	8.288817	0.000000	8.317794
2007	08	0.000000	0.000000	0.000095	0.000095	-0.000000	-0.000000	0.000095	103.563553	15.135647	0.000000	8.288815	0.000000	8.317791
2007	08	0.000000	0.000000	0.000095	0.000095	-0.000000	-0.000000	0.000095	111.921600	21.029690	0.000000	8.288812	0.000000	8.317788
2007	08	0.000000	0.000000	0.000095	0.000095	-0.000000	-0.000000	0.000095	118.122574	16.686180	0.000000	8.288808	0.000000	8.317785
2007	08	0.000000	0.000000	0.000094	0.000094	-0.000000	-0.000000	0.000094	70.179329	20.517330	0.000000	8.288805	0.000000	8.317781
2007	08	0.000000	0.000000	0.000093	0.000093	-0.000000	-0.000000	0.000093	42.652714	70.761642	0.000000	8.288802	0.000000	8.317779
2007	08	0.000000	0.000000	0.000093	0.000093	-0.000000	-0.000000	0.000093	41.446838	31.134396	0.000000	8.288799	0.000000	8.317776
2007	08	0.000000	0.000000	0.000092	0.000092	-0.000000	-0.000000	0.000092	70.606247	20.727097	0.000000	8.288796	0.000000	8.317773
2007	08	0.000000	0.000000	0.000092	0.000092	-0.000000	-0.000000	0.000092	64.821342	13.462680	0.000000	8.288794	0.000000	8.317770
2007	08	0.000000	0.000000	0.000092	0.000092	-0.000000	-0.000000	0.000092	65.155525	16.093397	0.000000	8.288791	0.000000	8.317766
2007	08	0.000000	0.000000	0.000093	0.000093	-0.000000	-0.000000	0.000093	82.924667	12.349631	0.000000	8.288788	0.000000	8.317763
2007	09	0.000000	0.000000	0.000090	0.000090	-0.000000	-0.000000	0.000090	89.883743	13.916718	0.000000	8.288785	0.000000	8.317760
2007	09	0.000000	0.000000	0.000090	0.000090	-0.000000	-0.000000	0.000090	82.394585	17.437023	0.000000	8.288782	0.000000	8.317758
2007	09	0.000000	0.000000	0.000090	0.000090	-0.000000	-0.000000	0.000090	54.124523	10.966646	0.000000	8.288779	0.000000	8.317755
2007	09	0.000000	0.000000	0.000090	0.000090	-0.000000	-0.000000	0.000090	47.698704	11.517878	0.000000	8.288776	0.000000	8.317751
2007	09	0.000000	0.000000	0.000090	0.000090	-0.000000	-0.000000	0.000090	49.846748	12.489846	0.000000	8.288773	0.000000	8.317748
2007	09	0.000000	0.000000	0.000090	0.000090	-0.000000	-0.000000	0.000090	79.421371	14.415020	0.000000	8.288770	0.000000	8.317745
2007	09	0.000000	0.000000	0.000090	0.000090	-0.000000	-0.000000	0.000090	88.136559	14.744770	0.000000	8.288767	0.000000	8.317742
2007	09	0.000000	0.000000	0.000089	0.000089	-0.000000	-0.000000	0.000089	88.266838	12.688508	0.000000	8.288764	0.000000	8.317739
2007	09	0.000000	0.000000	0.000089	0.000089	-0.000000	-0.000000	0.000089	86.218056	11.632624	0.000000	8.288761	0.000000	8.317736
2007	09	0.000000	0.000000	0.000089	0.000089	-0.000000	-0.000000	0.000089	88.113464	13.206053	0.000000	8.288758	0.000000	8.317733
2007	09	0.000000	0.000000	0.000089	0.000089	-0.000000	-0.000000	0.000089	90.423256	13.409029	0.000000	8.288755	0.000000	8.317730
2007	09	0.000000	0.000000	0.000088	0.000088	-0.000000	-0.000000	0.000088	42.290314	13.751554	0.000000	8.288753	0.000000	8.317727
2007	09	0.000000	0.000000	0.000088	0.000088	-0.000000	-0.000000	0.000088	60.598717	24.791178	0.000000	8.288750	0.000000	8.317724
2007	09	0.000000	0.000000	0.000087	0.000087	-0.000000	-0.000000	0.000087	67.226341	14.877181	0.000000	8.288747	0.000000	8.317721
2007	09	0.000000	0.000000	0.000087	0.000087	-0.000000	-0.000000	0.000087	78.206680	16.633537	0.000000	8.288744	0.000000	8.317719
2007	09	0.000000	0.000000	0.000087	0.000087	-0.000000	-0.000000	0.000087	23.554039	21.777378	0.000000	8.288741	0.000000	8.317716
2007	09	0.000000	0.000000	0.000086	0.000086	-0.000000	-0.000000	0.000086	27.370813	42.117107	0.000000	8.288738	0.000000	8.317712
2007	09	0.000000	0.000000	0.000086	0.000086	-0.000000	-0.000000	0.000086	38.101303	42.472378	0.000000	8.288735	0.000000	8.317709
2007	09	0.000000	0.000000	0.000087	0.000087	-0.000000	-0.000000	0.000087	27.018581	42.415638	0.000000	8.288733	0.000000	8.317706
2007	09	0.000000	0.000000	0.000087	0.000087	-0.000000	-0.000000	0.000087	11.444244	30.061707	0.000000	8.288730	0.000000	8.317703
2007	09	0.000000	0.000000	0.000087	0.000087	-0.000000	-0.000000	0.000087	32.423225	44.952335	0.000000	8.288727	0.000000	8.317700
2007	09	0.000000	0.000000	0.000087	0.000087	-0.000000	-0.000000	0.000087	32.133610	41.326660	0.000000	8.288724	0.000000	8.317698
2007	09	0.000000	0.000000	0.000087	0.000087	-0.000000	-0.000000	0.000087	30.650131	41.097279	0.000000	8.288721	0.000000	8.317695
2007	09	0.000000	0.000000	0.000086	0.000086	-0.000000	-0.000000	0.000086	40.548431	47.281540	0.000000	8.288718	0.000000	8.317692
2007	09	0.000000	0.000000	0.000086	0.000086	-0.000000	-0.000000	0.000086	44.972130	41.527424	0.000000	8.288715	0.000000	8.317689
2007	09	0.000000	0.000000	0.000086	0.000086	-0.000000	-0.000000	0.000086	49.094490	44.161163	0.000000	8.288713	0.000000	8.317686
2007	09	0.000000	0.000000	0.000086	0.000086	-0.000000	-0.000000	0.000086	55.675228	50.742329	0.000000	8.288710	0.000000	8.317683
2007	09	0.000000	0.000000	0.000086	0.000086	-0.000000	-0.000000	0.000086	48.397907	39.985809	0.000000	8.288708	0.000000	8.317680
2007	09	0.000000	0.000000	0.000086	0.000086	-0.000000	-0.000000	0.000086	45.108349	44.363792	0.000000	8.288705	0.000000	8.317677
2007	09	0.000000	0.000000	0.000085	0.000085	-0.000000	-0.000000	0.000085	39.749512	29.524111	0.000000	8.288702	0.000000	8.317675
2007	10	0.000000	0.000000	0.000088	0.000088	-0.000000	-0.000000	0.000088	44.279507	38.853996	0.000000	8.288699	0.000000	8.317671
2007	10	0.000000	0.000000	0.000088	0.000088	-0.000000	-0.000000	0.000088	18.868685	32.786957	0.000000	8.288696	0.000000	8.317668
2007	10	0.000000	0.000000	0.000088	0.000088	-0.000000	-0.000000	0.000088	24.652864	34.677521	0.000000	8.288693	0.000000	8.317665
2007	10	0.000000	0.000000	0.000088	0.000088	-0.000000	-0.000000	0.000088	39.145195	43.466148	0.000000	8.288691	0.000000	8.317662
2007	10	0.000000	0.000000	0.000088	0.000088	-0.000000	-0.000000	0.000088	32.185318	34.878883	0.000000	8.288688	0.000000	8.317659
2007	10	0.000000	0.000000	0.000089	0.000089	-0.000000	-0.000000	0.000089	40.993362	32.990204	0.000000	8.288685	0.000000	8.317657
2007	10	0.000000	0.000000	0.000089	0.000089	-0.000000	-0.000000	0.000089	33.939919	33.942131	0.000000	8.288682	0.000000	8.317654
2007	10	0.000000	0.000000	0.000089	0.000089	-0.000000	-0.000000	0.000089	37.864819	41.021637	0.000000	8.288679	0.000000	8.317651
2007	10	0.000000	0.000000	0.000089	0.000089	-0.000000	-0.000000	0.000089	11.980309	24.771599	0.000000	8.288676	0.000000	8.317648
2007	10	0.000000	0.000000	0.000089	0.000089	-0.000000	-0.000000	0.000089	22.743109	33.808220	0.000000	8.288673	0.000000	8.317645
2007	10	0.000000	0.000000	0.000089	0.000089	-0.000000	-0.000000	0.000089	38.442654	34.538036	0.000000	8.288671	0.000000	8.317642
2007	10	0.000000	0.000000	0.000088	0.000088	-0.000000	-0.000000	0.000088	40.131706	36.356697	0.000000	8.288668	0.000000	8.317639
2007	10	0.000000	0.000000	0.000088	0.000088	-0.000000	-0.000000	0.000088	39.961456	33.815037	0.000000	8.288665	0.000000	8.317636
2007	10	0.000000	0.000000	0.000088	0.000088	-0.000000	-0.000000	0.000088	50.536572	37.287674	0.000000	8.288663	0.000000	8.317634
2007	10	0.000000	0.000000	0.000087	0.000087	-0.000000	-0.000000	0.000087	40.917019	34.133312	0.000000	8.288660	0.000000	8.317631
2007	10	0.000000	0.000000	0.000087	0.000087	-0.000000	-0.000000	0.000087	33.931282	30.497240	0.000000	8.288657	0.000000	8.317628
2007	10	0.000000	0.000000	0.000086	0.000086	-0.000000	-0.000000	0.000086	26.544733	22.273203	0.000000	8.288654	0.000000	8.317625
2007	10	0.000000	0.000000	0.000086	0.000086	-0.000000	-0.000000	0.000086	32.352394	25.072371	0.000000	8.288651	0.000000	8.317622
2007	10	0.000000	0.000000	0.000086	0.000086	-0.000000	-0.000000	0.000086	24.469852	31.969982	0.000000	8.288649	0.000000	8.317619
2007	10	0.000000	0.000000	0.000085	0.000085	-0.000000	-0.000000	0.000085	27.176792	40.972614	0.000000	8.288646	0.000000	8.317616
2007	10	0.000000	0.000000	0.000085	0.000085	-0.000000	-0.000000	0.000085	34.406345	35.184338	0.000000	8.288644	0.000000	8.317614
2007	10	0.000000	0.000000	0.000084	0.000084	-0.000000	-0.000000	0.000084	40.958496	27.943476	0.000000	8.288641	0.000000	8.317611
2007	10	0.000000	0.000000	0.000084	0.000084	-0.000000	-0.000000	0.000084	30.322636	23.456566	0.000000	8.288638	0.000000	8.317608
2007	10	0.000000	0.000000	0.000083	0.000083	-0.000000	-0.000000	0.000083	27.133101	26.884865	0.000000	8.288635	0.000000	8.317605
2007	10	0.000000	0.000000	0.000083	0.000083	-0.000000	-0.000000	0.000083	10.437591	16.193647	0.000000	8.288632	0.000000	8.317602
2007	10	0.000000	0.000000	0.000082	0.000082	-0.000000	-0.000000	0.000082	27.210627	25.828371	0.000000	8.288630	0.000000	8.317600
2007	10	0.000000	0.000000	0.000082	0.000082	-0.000000	-0.000000	0.000082	7.366098	9.812068	0.000000	8.288628	0.000000	8.317597
2007	10	0.000000	0.000000	0.000081	0.000081	-0.000000	-0.000000	0.000081	21.070539	26.417519	0.000000	8.288625	0.000000	8.317595
2007	10	0.000000	0.000000	0.000081	0.000081	-0.000000	-0.000000	0.000081	24.166069	21.904657	0.000000	8.288623	0.000000	8.317592
2007	10	0.000000	0.000000	0.000080	0.000080	-0.000000	-0.000000	0.000080	18.562296	13.350872	0.000000	8.288620	0.000000	8.317589
2007	10	0.000000	0.000000	0.000080	0.000080	-0.000000	-0.000000	0.000080	28.145725	18.706604	0.000000	8.288617	0.000000	8.317587
2007	11	0.000000	0.000000	0.000077	0.000077	-0.000000	-0.000000	0.000077	28.810768	24.591866	0.000000	8.288615	0.000000	8.317584
2007	11	0.000000	0.000000	0.000077	0.000077	-0.000000	-0.000000	0.000077	20.540003	26.468822	0.000000	8.288612	0.000000	8.317581
2007	11	0.000000	0.000000	0.000076	0.000076	-0.000000	-0.000000	0.000076	13.886086	20.613554	0.000000	8.288610	0.000000	8.317578
2007	11	0.000000	0.000000	0.000076	0.000076	-0.000000	-0.000000	0.000076	25.391146	28.334105	0.000000	8.288608	0.000000	8.317576
2007	11	0.000000	0.000000	0.000075	0.000075	-0.000000	-0.000000	0.000075	18.572697	29.795944	0.000000	8.288605	0.000000	8.317574
2007	11	0.000000	0.000000	0.000075	0.000075	-0.000000	-0.000000	0.000075	23.645090	25.083637	0.000000	8.288603	0.000000	8.317571
2007	11	0.000000	0.000000	0.000075	0.000075	-0.000000	-0.000000	0.000075	21.240465	20.810749	0.000000	8.288600	0.000000	8.317569
2007	11	0.000000	0.000000	0.000075	0.000075	-0.000000	-0.000000	0.000075	20.742264	22.433628	0.000000	8.288597	0.000000	8.317566
2007	11	0.000000	0.000000	0.000075	0.000075	-0.000000	-0.000000	0.000075	21.731945	16.618723	0.000000	8.288595	0.000000	8.317563
2007	11	0.000000	0.000000	0.000074	0.000074	-0.000000	-0.000000	0.000074	17.537018	19.151474	0.000000	8.288592	0.000000	8.317561
2007	11	0.000000	0.000000	0.000074	0.000074	-0.000000	-0.000000	0.000074	17.899843	25.588308	0.000000	8.288590	0.000000	8.317558
2007	11	0.000000	0.000000	0.000073	0.000073	-0.000000	-0.000000	0.000073	20.735973	16.242353	0.000000	8.288588	0.000000	8.317555
2007	11	0.000000	0.000000	0.000073	0.000073	-0.000000	-0.000000	0.000073	19.112255	17.752260	0.000000	8.288586	0.000000	8.317554
2007	11	0.000000	0.000000	0.000073	0.000073	-0.000000	-0.000000	0.000073	21.593180	15.862165	0.000000	8.288583	0.000000	8.317551
2007	11	0.000000	0.000000	0.000072	0.000072	-0.000000	-0.000000	0.000072	13.729389	11.106546	0.000000	8.288581	0.000000	8.317549
2007	11	0.000000	0.000000	0.000072	0.000072	-0.000000	-0.000000	0.000072	25.269917	19.017612	0.000000	8.288578	0.000000	8.317546
2007	11	0.000000	0.000000	0.000071	0.000071	-0.000000	-0.000000	0.000071	22.357283	20.998659	0.000000	8.288576	0.000000	8.317543
2007	11	0.000000	0.000000	0.000071	0.000071	-0.000000	-0.000000	0.000071	17.717710	17.189754	0.000000	8.288573	0.000000	8.317541
2007	11	0.000000	0.000000	0.000070	0.000070	-0.000000	-0.000000	0.000070	18.205736	12.392640	0.000000	8.288571	0.000000	8.317538
2007	11	0.000000	0.000000	0.000069	0.000069	-0.000000	-0.000000	0.000069	10.366778	9.791661	0.000000	8.288568	0.000000	8.317536
2007	11	0.000000	0.000000	0.000069	0.000069	-0.000000	-0.000000	0.000069	6.798555	11.684684	0.000000	8.288567	0.000000	8.317533
2007	11	0.000000	0.000000	0.000069	0.000069	-0.000000	-0.000000	0.000069	-1.570552	7.026773	0.000000	8.288565	0.000000	8.317532
2007	11	0.000000	0.000000	0.000069	0.000069	-0.000000	-0.000000	0.000069	-1.259819	9.104909	0.000000	8.288562	0.000000	8.317529
2007	11	0.000000	0.000000	0.000069	0.000069	-0.000000	-0.000000	0.000069	10.078548	10.830855	0.000000	8.288560	0.000000	8.317527
2007	11	0.000000	0.000000	0.000069	0.000069	-0.000000	-0.000000	0.000069	15.233004	23.051022	0.000000	8.288558	0.000000	8.317525
2007	11	0.000000	0.000000	0.000069	0.000069	-0.000000	-0.000000	0.000069	1.732275	32.673946	0.000000	8.288555	0.000000	8.317522
2007	11	0.000000	0.000000	0.000069	0.000069	-0.000000	-0.000000	0.000069	5.675786	19.674591	0.000000	8.288553	0.000000	8.317520
2007	11	0.000000	0.000000	0.000069	0.000069	-0.000000	-0.000000	0.000069	8.195202	12.229625	0.000000	8.288551	0.000000	8.317517
2007	11	0.000000	0.000000	0.000068	0.000068	-0.000000	-0.000000	0.000068	19.985264	11.193374	0.000000	8.288548	0.000000	8.317515
2007	11	0.000000	0.000000	0.000068	0.000068	-0.000000	-0.000000	0.000068	15.724895	7.991140	0.000000	8.288547	0.000000	8.317513
2007	12	0.000000	0.000000	0.000070	0.000070	-0.000000	-0.000000	0.000070	16.568001	7.590485	0.000000	8.288545	0.000000	8.317511
2007	12	0.000000	0.000000	0.000070	0.000070	-0.000000	-0.000000	0.000070	13.336782	10.154447	0.000000	8.288542	0.000000	8.317508
2007	12	0.000000	0.000000	0.000069	0.000069	-0.000000	-0.000000	0.000069	17.510996	10.129757	0.000000	8.288540	0.000000	8.317506
2007	12	0.000000	0.000000	0.000069	0.000069	-0.000000	-0.000000	0.000069	2.067611	13.559511	0.000000	8.288538	0.000000	8.317504
2007	12	0.000000	0.000000	0.000069	0.000069	-0.000000	-0.000000	0.000069	9.550828	10.078027	0.000000	8.288535	0.000000	8.317501
2007	12	0.000000	0.000000	0.000068	0.000068	-0.000000	-0.000000	0.000068	17.194403	8.123302	0.000000	8.288533	0.000000	8.317499
2007	12	0.000000	0.000000	0.000068	0.000068	-0.000000	-0.000000	0.000068	16.153040	7.267758	0.000000	8.288531	0.000000	8.317497
2007	12	0.000000	0.000000	0.000068	0.000068	-0.000000	-0.000000	0.000068	1.503964	14.167472	0.000000	8.288529	0.000000	8.317494
2007	12	0.000000	0.000000	0.000068	0.000068	-0.000000	-0.000000	0.000068	5.820221	12.300590	0.000000	8.288527	0.000000	8.317492
2007	12	0.000000	0.000000	0.000067	0.000067	-0.000000	-0.000000	0.000067	-4.067362	20.076267	0.000000	8.288525	0.000000	8.317490
2007	12	0.000000	0.000000	0.000067	0.000067	-0.000000	-0.000000	0.000067	7.046360	15.091308	0.000000	8.288523	0.000000	8.317488
2007	12	0.000000	0.000000	0.000067	0.000067	-0.000000	-0.000000	0.000067	16.009699	12.796712	0.000000	8.288521	0.000000	8.317486
2007	12	0.000000	0.000000	0.000067	0.000067	-0.000000	-0.000000	0.000067	8.407845	16.873545	0.000000	8.288518	0.000000	8.317483
2007	12	0.000000	0.000000	0.000066	0.000066	-0.000000	-0.000000	0.000066	10.733657	15.663696	0.000000	8.288516	0.000000	8.317481
2007	12	0.000000	0.000000	0.000066	0.000066	-0.000000	-0.000000	0.000066	11.295752	12.453856	0.000000	8.288514	0.000000	8.317479
2007	12	0.000000	0.000000	0.000065	0.000065	-0.000000	-0.000000	0.000065	12.815203	6.408292	0.000000	8.288512	0.000000	8.317477
2007	12	0.000000	0.000000	0.000065	0.000065	-0.000000	-0.000000	0.000065	17.106134	14.308682	0.000000	8.288510	0.000000	8.317474
2007	12	0.000000	0.000000	0.000064	0.000064	-0.000000	-0.000000	0.000064	13.964685	11.568755	0.000000	8.288507	0.000000	8.317472
2007	12	0.000000	0.000000	0.000064	0.000064	-0.000000	-0.000000	0.000064	2.951094	9.062614	0.000000	8.288506	0.000000	8.317471
2007	12	0.000000	0.000000	0.000063	0.000063	-0.000000	-0.000000	0.000063	-13.591759	16.311232	0.000000	8.288504	0.000000	8.317469
2007	12	0.000000	0.000000	0.000063	0.000063	-0.000000	-0.000000	0.000063	-5.673893	15.621715	0.000000	8.288502	0.000000	8.317467
2007	12	0.000000	0.000000	0.000063	0.000063	-0.000000	-0.000000	0.000063	-4.620924	5.596564	0.000000	8.288500	0.000000	8.317464
2007	12	0.000000	0.000000	0.000063	0.000063	-0.000000	-0.000000	0.000063	3.682446	7.893616	0.000000	8.288498	0.000000	8.317462
2007	12	0.000000	0.000000	0.000064	0.000064	-0.000000	-0.000000	0.000064	7.168708	12.375103	0.000000	8.288496	0.000000	8.317460
2007	12	0.000000	0.000000	0.000064	0.000064	-0.000000	-0.000000	0.000064	5.423920	9.969619	0.000000	8.288494	0.000000	8.317458
2007	12	0.000000	0.000000	0.000064	0.000064	-0.000000	-0.000000	0.000064	3.185129	4.680171	0.000000	8.288491	0.000000	8.317456
2007	12	0.000000	0.000000	0.000064	0.000064	-0.000000	-0.000000	0.000064	4.495287	8.711838	0.000000	8.288489	0.000000	8.317453
2007	12	0.000000	0.000000	0.000064	0.000064	-0.000000	-0.000000	0.000064	-3.663581	7.362164	0.000000	8.288487	0.000000	8.317451
2007	12	0.000000	0.000000	0.000064	0.000064	-0.000000	-0.000000	0.000064	10.197783	10.887616	0.000000	8.288486	0.000000	8.317450
2007	12	0.000000	0.000000	0.000065	0.000065	-0.000000	-0.000000	0.000065	16.574797	7.143606	0.000000	8.288484	0.000000	8.317448
2007	12	0.000000	0.000000	0.000065	0.000065	-0.000000	-0.000000	0.000065	17.996971	6.537056	0.000000	8.288482	0.000000	8.317445
2008	01	0.000000	0.000000	0.000064	0.000064	-0.000000	-0.000000	0.000064	24.593592	9.077524	0.000000	8.288480	0.000000	8.317443
2008	01	0.000000	0.000000	0.000064	0.000064	-0.000000	-0.000000	0.000064	19.974344	7.722590	0.000000	8.288477	0.000000	8.317441
2008	01	0.000000	0.000000	0.000064	0.000064	-0.000000	-0.000000	0.000064	12.764317	8.868343	0.000000	8.288475	0.000000	8.317439
2008	01	0.000000	0.000000	0.000064	0.000064	-0.000000	-0.000000	0.000064	-0.878899	6.181054	0.000000	8.288473	0.000000	8.317436
2008	01	0.000000	0.000000	0.000064	0.000064	-0.000000	-0.000000	0.000064	3.589497	10.364416	0.000000	8.288471	0.000000	8.317434
2008	01	0.000000	0.000000	0.000065	0.000065	-0.000000	-0.000000	0.000065	7.452765	7.983855	0.000000	8.288469	0.000000	8.317432
2008	01	0.000000	0.000000	0.000065	0.000065	-0.000000	-0.000000	0.000065	6.116518	5.418732	0.000000	8.288467	0.000000	8.317430
2008	01	0.000000	0.000000	0.000065	0.000065	-0.000000	-0.000000	0.000065	12.561049	6.535440	0.000000	8.288465	0.000000	8.317428
2008	01	0.000000	0.000000	0.000065	0.000065	-0.000000	-0.000000	0.000065	12.881222	6.448756	0.000000	8.288463	0.000000	8.317426
2008	01	0.000000	0.000000	0.000065	0.000065	-0.000000	-0.000000	0.000065	14.749810	7.333978	0.000000	8.288461	0.000000	8.317424
2008	01	0.000000	0.000000	0.000065	0.000065	-0.000000	-0.000000	0.000065	15.905668	7.728493	0.000000	8.288459	0.000000	8.317422
2008	01	0.000000	0.000000	0.000065	0.000065	-0.000000	-0.000000	0.000065	14.866312	13.200927	0.000000	8.288457	0.000000	8.317419
2008	01	0.000000	0.000000	0.000065	0.000065	-0.000000	-0.000000	0.000065	16.667082	14.265968	0.000000	8.288455	0.000000	8.317417
2008	01	0.000000	0.000000	0.000064	0.000064	-0.000000	-0.000000	0.000064	15.120990	13.020041	0.000000	8.288453	0.000000	8.317415
2008	01	0.000000	0.000000	0.000064	0.000064	-0.000000	-0.000000	0.000064	0.674702	6.074024	0.000000	8.288450	0.000000	8.317413
2008	01	0.000000	0.000000	0.000064	0.000064	-0.000000	-0.000000	0.000064	8.732802	10.008138	0.000000	8.288448	0.000000	8.317411
2008	01	0.000000	0.000000	0.000064	0.000064	-0.000000	-0.000000	0.000064	2.122750	11.929364	0.000000	8.288446	0.000000	8.317409
2008	01	0.000000	0.000000	0.000064	0.000064	-0.000000	-0.000000	0.000064	9.339790	11.920720	0.000000	8.288445	0.000000	8.317407
2008	01	0.000000	0.000000	0.000064	0.000064	-0.000000	-0.000000	0.000064	9.118203	9.890045	0.000000	8.288443	0.000000	8.317405
2008	01	0.000000	0.000000	0.000064	0.000064	-0.000000	-0.000000	0.000064	10.661575	15.476867	0.000000	8.288441	0.000000	8.317403
2008	01	0.000000	0.000000	0.000064	0.000064	-0.000000	-0.000000	0.000064	13.014995	10.286812	0.000000	8.288439	0.000000	8.317400
2008	01	0.000000	0.000000	0.000064	0.000064	-0.000000	-0.000000	0.000064	13.038413	8.172381	0.000000	8.288437	0.000000	8.317398
2008	01	0.000000	0.000000	0.000064	0.000064	-0.000000	-0.000000	0.000064	15.118491	10.004920	0.000000	8.288434	0.000000	8.317396
2008	01	0.000000	0.000000	0.000063	0.000063	-0.000000	-0.000000	0.000063	14.276955	14.693170	0.000000	8.288432	0.000000	8.317394
2008	01	0.000000	0.000000	0.000063	0.000063	-0.000000	-0.000000	0.000063	8.809202	14.971101	0.000000	8.288430	0.000000	8.317392
2008	01	0.000000	0.000000	0.000063	0.000063	-0.000000	-0.000000	0.000063	15.687363	15.196581	0.000000	8.288428	0.000000	8.317389
2008	01	0.000000	0.000000	0.000063	0.000063	-0.000000	-0.000000	0.000063	18.571207	15.262916	0.000000	8.288426	0.000000	8.317388
2008	01	0.000000	0.000000	0.000063	0.000063	-0.000000	-0.000000	0.000063	19.736971	15.797824	0.000000	8.288424	0.000000	8.317386
2008	01	0.000000	0.000000	0.000063	0.000063	-0.000000	-0.000000	0.000063	18.238895	13.536959	0.000000	8.288423	0.000000	8.317384
2008	01	0.000000	0.000000	0.000062	0.000062	-0.000000	-0.000000	0.000062	8.735816	7.063695	0.000000	8.288421	0.000000	8.317382
2008	01	0.000000	0.000000	0.000062	0.000062	-0.000000	-0.000000	0.000062	24.180449	11.600653	0.000000	8.288419	0.000000	8.317380
2008	02	0.000000	0.000000	0.000058	0.000058	-0.000000	-0.000000	0.000058	35.041786	13.654202	0.000000	8.288417	0.000000	8.317377
2008	02	0.000000	0.000000	0.000058	0.000058	-0.000000	-0.000000	0.000058	27.944704	17.486322	0.000000	8.288414	0.000000	8.317375
2008	02	0.000000	0.000000	0.000058	0.000058	-0.000000	-0.000000	0.000058	22.290295	14.758900	0.000000	8.288412	0.000000	8.317373
2008	02	0.000000	0.000000	0.000058	0.000058	-0.000000	-0.000000	0.000058	24.782263	14.638534	0.000000	8.288410	0.000000	8.317371
2008	02	0.000000	0.000000	0.000057	0.000057	-0.000000	-0.000000	0.000057	20.494930	23.287592	0.000000	8.288408	0.000000	8.317369
2008	02	0.000000	0.000000	0.000057	0.000057	-0.000000	-0.000000	0.000057	23.344603	12.880132	0.000000	8.288406	0.000000	8.317368
2008	02	0.000000	0.000000	0.000057	0.000057	-0.000000	-0.000000	0.000057	21.396812	24.714216	0.000000	8.288404	0.000000	8.317366
2008	02	0.000000	0.000000	0.000057	0.000057	-0.000000	-0.000000	0.000057	21.793085	27.531351	0.000000	8.288403	0.000000	8.317364
2008	02	0.000000	0.000000	0.000057	0.000057	-0.000000	-0.000000	0.000057	24.812046	28.928698	0.000000	8.288401	0.000000	8.317361
2008	02	0.000000	0.000000	0.000057	0.000057	-0.000000	-0.000000	0.000057	29.500885	27.073212	0.000000	8.288399	0.000000	8.317359
2008	02	0.000000	0.000000	0.000057	0.000057	-0.000000	-0.000000	0.000057	31.157305	28.841139	0.000000	8.288397	0.000000	8.317357
2008	02	0.000000	0.000000	0.000057	0.000057	-0.000000	-0.000000	0.000057	26.916805	26.564535	0.000000	8.288395	0.000000	8.317355
2008	02	0.000000	0.000000	0.000057	0.000057	-0.000000	-0.000000	0.000057	23.802336	20.107368	0.000000	8.288393	0.000000	8.317353
2008	02	0.000000	0.000000	0.000057	0.000057	-0.000000	-0.000000	0.000057	27.067095	27.028955	0.000000	8.288391	0.000000	8.317351
2008	02	0.000000	0.000000	0.000057	0.000057	-0.000000	-0.000000	0.000057	15.393634	27.946213	0.000000	8.288389	0.000000	8.317349
2008	02	0.000000	0.000000	0.000057	0.000057	-0.000000	-0.000000	0.000057	33.143730	28.300549	0.000000	8.288387	0.000000	8.317348
2008	02	0.000000	0.000000	0.000057	0.000057	-0.000000	-0.000000	0.000057	33.244793	27.867449	0.000000	8.288385	0.000000	8.317346
2008	02	0.000000	0.000000	0.000057	0.000057	-0.000000	-0.000000	0.000057	27.500282	29.512117	0.000000	8.288383	0.000000	8.317343
2008	02	0.000000	0.000000	0.000057	0.000057	-0.000000	-0.000000	0.000057	12.741515	17.298960	0.000000	8.288382	0.000000	8.317341
2008	02	0.000000	0.000000	0.000057	0.000057	-0.000000	-0.000000	0.000057	26.438736	17.812328	0.000000	8.288380	0.000000	8.317339
2008	02	0.000000	0.000000	0.000058	0.000058	-0.000000	-0.000000	0.000058	28.287922	18.850094	0.000000	8.288378	0.000000	8.317337
2008	02	0.000000	0.000000	0.000058	0.000058	-0.000000	-0.000000	0.000058	37.972618	32.697712	0.000000	8.288376	0.000000	8.317335
2008	02	0.000000	0.000000	0.000058	0.000058	-0.000000	-0.000000	0.000058	16.348269	31.118977	0.000000	8.288374	0.000000	8.317333
2008	02	0.000000	0.000000	0.000058	0.000058	-0.000000	-0.000000	0.000058	-2.129884	17.792088	0.000000	8.288372	0.000000	8.317331
2008	02	0.000000	0.000000	0.000059	0.000059	-0.000000	-0.000000	0.000059	18.600710	21.118780	0.000000	8.288369	0.000000	8.317328
2008	02	0.000000	0.000000	0.000059	0.000059	-0.000000	-0.000000	0.000059	38.610912	28.266308	0.000000	8.288367	0.000000	8.317327
2008	02	0.000000	0.000000	0.000060	0.000060	-0.000000	-0.000000	0.000060	38.948864	28.423847	0.000000	8.288365	0.000000	8.317325
2008	02	0.000000	0.000000	0.000060	0.000060	-0.000000	-0.000000	0.000060	43.239655	23.597105	0.000000	8.288363	0.000000	8.317323
2008	03	0.000000	0.000000	0.000064	0.000064	-0.000000	-0.000000	0.000064	43.926434	26.948418	0.000000	8.288362	0.000000	8.317321
2008	03	0.000000	0.000000	0.000065	0.000065	-0.000000	-0.000000	0.000065	40.239582	21.376129	0.000000	8.288360	0.000000	8.317318
2008	03	0.000000	0.000000	0.000065	0.000065	-0.000000	-0.000000	0.000065	36.772640	28.790321	0.000000	8.288358	0.000000	8.317316
2008	03	0.000000	0.000000	0.000065	0.000065	-0.000000	-0.000000	0.000065	35.329006	23.452518	0.000000	8.288356	0.000000	8.317314
2008	03	0.000000	0.000000	0.000065	0.000065	-0.000000	-0.000000	0.000065	32.815395	25.118290	0.000000	8.288353	0.000000	8.317312
2008	03	0.000000	0.000000	0.000065	0.000065	-0.000000	-0.000000	0.000065	42.098713	40.989189	0.000000	8.288351	0.000000	8.317309
2008	03	0.000000	0.000000	0.000065	0.000065	-0.000000	-0.000000	0.000065	55.326004	23.750185	0.000000	8.288349	0.000000	8.317307
2008	03	0.000000	0.000000	0.000064	0.000064	-0.000000	-0.000000	0.000064	47.456261	22.836052	0.000000	8.288347	0.000000	8.317306
2008	03	0.000000	0.000000	0.000064	0.000064	-0.000000	-0.000000	0.000064	48.381325	26.779119	0.000000	8.288345	0.000000	8.317304
2008	03	0.000000	0.000000	0.000063	0.000063	-0.000000	-0.000000	0.000063	43.520561	35.019089	0.000000	8.288343	0.000000	8.317301
2008	03	0.000000	0.000000	0.000063	0.000063	-0.000000	-0.000000	0.000063	35.545708	43.654335	0.000000	8.288341	0.000000	8.317299
2008	03	0.000000	0.000000	0.000063	0.000063	-0.000000	-0.000000	0.000063	26.036154	28.604679	0.000000	8.288339	0.000000	8.317297
2008	03	0.000000	0.000000	0.000063	0.000063	-0.000000	-0.000000	0.000063	37.004536	27.536884	0.000000	8.288337	0.000000	8.317295
2008	03	0.000000	0.000000	0.000063	0.000063	-0.000000	-0.000000	0.000063	44.100502	36.910027	0.000000	8.288335	0.000000	8.317293
2008	03	0.000000	0.000000	0.000064	0.000064	-0.000000	-0.000000	0.000064	38.681339	35.601028	0.000000	8.288333	0.000000	8.317290
2008	03	0.000000	0.000000	0.000064	0.000064	-0.000000	-0.000000	0.000064	23.943451	49.422367	0.000000	8.288331	0.000000	8.317288
2008	03	0.000000	0.000000	0.000064	0.000064	-0.000000	-0.000000	0.000064	34.812870	33.385345	0.000000	8.288329	0.000000	8.317286
2008	03	0.000000	0.000000	0.000064	0.000064	-0.000000	-0.000000	0.000064	31.576639	44.476921	0.000000	8.288327	0.000000	8.317285
2008	03	0.000000	0.000000	0.000064	0.000064	-0.000000	-0.000000	0.000064	44.490406	48.627518	0.000000	8.288324	0.000000	8.317283
2008	03	0.000000	0.000000	0.000065	0.000065	-0.000000	-0.000000	0.000065	52.199387	37.759048	0.000000	8.288322	0.000000	8.317280
2008	03	0.000000	0.000000	0.000065	0.000065	-0.000000	-0.000000	0.000065	34.196552	33.271389	0.000000	8.288321	0.000000	8.317278
2008	03	0.000000	0.000000	0.000064	0.000064	-0.000000	-0.000000	0.000064	51.221855	41.320953	0.000000	8.288319	0.000000	8.317276
2008	03	0.000000	0.000000	0.000064	0.000064	-0.000000	-0.000000	0.000064	57.736164	58.563499	0.000000	8.288317	0.000000	8.317274
2008	03	0.000000	0.000000	0.000064	0.000064	-0.000000	-0.000000	0.000064	66.278473	50.577950	0.000000	8.288315	0.000000	8.317271
2008	03	0.000000	0.000000	0.000064	0.000064	-0.000000	-0.000000	0.000064	49.307133	39.805588	0.000000	8.288313	0.000000	8.317269
2008	03	0.000000	0.000000	0.000064	0.000064	-0.000000	-0.000000	0.000064	47.855373	42.445694	0.000000	8.288310	0.000000	8.317267
2008	03	0.000000	0.000000	0.000064	0.000064	-0.000000	-0.000000	0.000064	51.870037	62.098259	0.000000	8.288308	0.000000	8.317266
2008	03	0.000000	0.000000	0.000064	0.000064	-0.000000	-0.000000	0.000064	45.720379	54.755733	0.000000	8.288306	0.000000	8.317264
2008	03	0.000000	0.000000	0.000064	0.000064	-0.000000	-0.000000	0.000064	48.496464	30.529694	0.000000	8.288304	0.000000	8.317261
2008	03	0.000000	0.000000	0.000064	0.000064	-0.000000	-0.000000	0.000064	52.384399	44.270847	0.000000	8.288302	0.000000	8.317259
2008	03	0.000000	0.000000	0.000064	0.000064	-0.000000	-0.000000	0.000064	52.208138	48.035351	0.000000	8.288301	0.000000	8.317257
2008	04	0.000000	0.000000	0.000062	0.000062	-0.000000	-0.000000	0.000062	46.777882	57.242126	0.000000	8.288299	0.000000	8.317255
2008	04	0.000000	0.000000	0.000063	0.000063	-0.000000	-0.000000	0.000063	67.408127	43.934017	0.000000	8.288296	0.000000	8.317252
2008	04	0.000000	0.000000	0.000063	0.000063	-0.000000	-0.000000	0.000063	61.917667	43.071022	0.000000	8.288294	0.000000	8.317250
2008	04	0.000000	0.000000	0.000063	0.000063	-0.000000	-0.000000	0.000063	62.034042	42.480991	0.000000	8.288292	0.000000	8.317248
2008	04	0.000000	0.000000	0.000063	0.000063	-0.000000	-0.000000	0.000063	74.024673	45.653938	0.000000	8.288290	0.000000	8.317246
2008	04	0.000000	0.000000	0.000063	0.000063	-0.000000	-0.000000	0.000063	70.626907	39.684910	0.000000	8.288288	0.000000	8.317244
2008	04	0.000000	0.000000	0.000063	0.000063	-0.000000	-0.000000	0.000063	31.482986	32.074986	0.000000	8.288286	0.000000	8.317242
2008	04	0.000000	0.000000	0.000063	0.000063	-0.000000	-0.000000	0.000063	40.842327	47.724426	0.000000	8.288284	0.000000	8.317240
2008	04	0.000000	0.000000	0.000063	0.000063	-0.000000	-0.000000	0.000063	44.964931	38.184071	0.000000	8.288281	0.000000	8.317238
2008	04	0.000000	0.000000	0.000063	0.000063	-0.000000	-0.000000	0.000063	52.071178	45.556446	0.000000	8.288280	0.000000	8.317235
2008	04	0.000000	0.000000	0.000063	0.000063	-0.000000	-0.000000	0.000063	58.513958	53.985775	0.000000	8.288278	0.000000	8.317233
2008	04	0.000000	0.000000	0.000063	0.000063	-0.000000	-0.000000	0.000063	66.650513	58.527134	0.000000	8.288276	0.000000	8.317231
2008	04	0.000000	0.000000	0.000063	0.000063	-0.000000	-0.000000	0.000063	68.924622	52.384991	0.000000	8.288274	0.000000	8.317229
2008	04	0.000000	0.000000	0.000064	0.000064	-0.000000	-0.000000	0.000064	66.038765	56.353371	0.000000	8.288271	0.000000	8.317226
2008	04	0.000000	0.000000	0.000064	0.000064	-0.000000	-0.000000	0.000064	76.203346	67.276459	0.000000	8.288269	0.000000	8.317225
2008	04	0.000000	0.000000	0.000064	0.000064	-0.000000	-0.000000	0.000064	69.141182	73.538551	0.000000	8.288267	0.000000	8.317223
2008	04	0.000000	0.000000	0.000064	0.000064	-0.000000	-0.000000	0.000064	44.620728	44.321346	0.000000	8.288265	0.000000	8.317221
2008	04	0.000000	0.000000	0.000064	0.000064	-0.000000	-0.000000	0.000064	59.659676	70.152351	0.000000	8.288263	0.000000	8.317218
2008	04	0.000000	0.000000	0.000064	0.000064	-0.000000	-0.000000	0.000064	47.754051	58.058117	0.000000	8.288260	0.000000	8.317216
2008	04	0.000000	0.000000	0.000064	0.000064	-0.000000	-0.000000	0.000064	88.433540	52.354874	0.000000	8.288259	0.000000	8.317214
2008	04	0.000000	0.000000	0.000064	0.000064	-0.000000	-0.000000	0.000064	64.807213	54.385063	0.000000	8.288257	0.000000	8.317211
2008	04	0.000000	0.000000	0.000064	0.000064	-0.000000	-0.000000	0.000064	77.660347	64.021431	0.000000	8.288255	0.000000	8.317209
2008	04	0.000000	0.000000	0.000064	0.000064	-0.000000	-0.000000	0.000064	71.690063	52.420296	0.000000	8.288253	0.000000	8.317207
2008	04	0.000000	0.000000	0.000064	0.000064	-0.000000	-0.000000	0.000064	72.449104	59.516594	0.000000	8.288250	0.000000	8.317204
2008	04	0.000000	0.000000	0.000065	0.000065	-0.000000	-0.000000	0.000065	68.405022	70.352806	0.000000	8.288248	0.000000	8.317203
2008	04	0.000000	0.000000	0.000065	0.000065	-0.000000	-0.000000	0.000065	72.801308	75.714661	0.000000	8.288246	0.000000	8.317201
2008	04	0.000000	0.000000	0.000065	0.000065	-0.000000	-0.000000	0.000065	75.821983	57.941750	0.000000	8.288244	0.000000	8.317198
2008	04	0.000000	0.000000	0.000066	0.000066	-0.000000	-0.000000	0.000066	85.888588	45.759415	0.000000	8.288241	0.000000	8.317196
2008	04	0.000000	0.000000	0.000066	0.000066	-0.000000	-0.000000	0.000066	67.373573	51.837879	0.000000	8.288239	0.000000	8.317194
2008	04	0.000000	0.000000	0.000066	0.000066	-0.000000	-0.000000	0.000066	40.313084	30.764456	0.000000	8.288238	0.000000	8.317191
2008	05	0.000000	0.000000	0.000069	0.000069	-0.000000	-0.000000	0.000069	62.645672	44.997726	0.000000	8.288236	0.000000	8.317189
2008	05	0.000000	0.000000	0.000069	0.000069	-0.000000	-0.000000	0.000069	90.628876	38.350296	0.000000	8.288233	0.000000	8.317187
2008	05	0.000000	0.000000	0.000069	0.000069	-0.000000	-0.000000	0.000069	95.058113	39.326199	0.000000	8.288231	0.000000	8.317184
2008	05	0.000000	0.000000	0.000069	0.000069	-0.000000	-0.000000	0.000069	93.912033	37.139294	0.000000	8.288229	0.000000	8.317183
2008	05	0.000000	0.000000	0.000070	0.000070	-0.000000	-0.000000	0.000070	76.783928	25.005026	0.000000	8.288226	0.000000	8.317180
2008	05	0.000000	0.000000	0.000070	0.000070	-0.000000	-0.000000	0.000070	96.188026	31.989296	0.000000	8.288224	0.000000	8.317178
2008	05	0.000000	0.000000	0.000070	0.000070	-0.000000	-0.000000	0.000070	108.548111	33.142662	0.000000	8.288222	0.000000	8.317176
2008	05	0.000000	0.000000	0.000071	0.000071	-0.000000	-0.000000	0.000071	91.194145	24.573362	0.000000	8.288219	0.000000	8.317173
2008	05	0.000000	0.000000	0.000071	0.000071	-0.000000	-0.000000	0.000071	89.798172	19.047649	0.000000	8.288218	0.000000	8.317171
2008	05	0.000000	0.000000	0.000071	0.000071	-0.000000	-0.000000	0.000071	96.640991	29.363607	0.000000	8.288216	0.000000	8.317168
2008	05	0.000000	0.000000	0.000071	0.000071	-0.000000	-0.000000	0.000071	88.904335	45.198944	0.000000	8.288213	0.000000	8.317166
2008	05	0.000000	0.000000	0.000070	0.000070	-0.000000	-0.000000	0.000070	87.306328	35.066723	0.000000	8.288211	0.000000	8.317163
2008	05	0.000000	0.000000	0.000070	0.000070	-0.000000	-0.000000	0.000070	94.615669	39.149410	0.000000	8.288209	0.000000	8.317162
2008	05	0.000000	0.000000	0.000070	0.000070	-0.000000	-0.000000	0.000070	99.343727	34.434624	0.000000	8.288206	0.000000	8.317160
2008	05	0.000000	0.000000	0.000070	0.000070	-0.000000	-0.000000	0.000070	108.957909	31.473696	0.000000	8.288204	0.000000	8.317157
2008	05	0.000000	0.000000	0.000071	0.000071	-0.000000	-0.000000	0.000071	87.814377	23.616497	0.000000	8.288202	0.000000	8.317155
2008	05	0.000000	0.000000	0.000071	0.000071	-0.000000	-0.000000	0.000071	58.559505	36.516582	0.000000	8.288199	0.000000	8.317152
2008	05	0.000000	0.000000	0.000071	0.000071	-0.000000	-0.000000	0.000071	36.153915	42.473923	0.000000	8.288198	0.000000	8.317150
2008	05	0.000000	0.000000	0.000071	0.000071	-0.000000	-0.000000	0.000071	75.390800	65.553444	0.000000	8.288195	0.000000	8.317147
2008	05	0.000000	0.000000	0.000071	0.000071	-0.000000	-0.000000	0.000071	91.434830	78.374176	0.000000	8.288193	0.000000	8.317145
2008	05	0.000000	0.000000	0.000071	0.000071	-0.000000	-0.000000	0.000071	72.323822	64.488884	0.000000	8.288191	0.000000	8.317142
2008	05	0.000000	0.000000	0.000071	0.000071	-0.000000	-0.000000	0.000071	80.093651	58.898113	0.000000	8.288188	0.000000	8.317141
2008	05	0.000000	0.000000	0.000072	0.000072	-0.000000	-0.000000	0.000072	66.287224	59.572449	0.000000	8.288186	0.000000	8.317138
2008	05	0.000000	0.000000	0.000072	0.000072	-0.000000	-0.000000	0.000072	83.870018	66.981216	0.000000	8.288184	0.000000	8.317136
2008	05	0.000000	0.000000	0.000072	0.000072	-0.000000	-0.000000	0.000072	93.600174	55.621780	0.000000	8.288181	0.000000	8.317133
2008	05	0.000000	0.000000	0.000073	0.000073	-0.000000	-0.000000	0.000073	14.943933	27.504881	0.000000	8.288179	0.000000	8.317131
2008	05	0.000000	0.000000	0.000073	0.000073	-0.000000	-0.000000	0.000073	84.677063	62.872677	0.000000	8.288177	0.000000	8.317128
2008	05	0.000000	0.000000	0.000073	0.000073	-0.000000	-0.000000	0.000073	95.856018	82.265572	0.000000	8.288175	0.000000	8.317126
2008	05	0.000000	0.000000	0.000073	0.000073	-0.000000	-0.000000	0.000073	91.756088	72.569946	0.000000	8.288172	0.000000	8.317123
2008	05	0.000000	0.000000	0.000073	0.000073	-0.000000	-0.000000	0.000073	89.901512	67.822029	0.000000	8.288170	0.000000	8.317122
2008	05	0.000000	0.000000	0.000073	0.000073	-0.000000	-0.000000	0.000073	94.757988	62.144588	0.000000	8.288168	0.000000	8.317119
2008	06	0.000000	0.000000	0.000071	0.000071	-0.000000	-0.000000	0.000071	54.771870	34.712116	0.000000	8.288165	0.000000	8.317117
2008	06	0.000000	0.000000	0.000071	0.000071	-0.000000	-0.000000	0.000071	91.173698	67.840805	0.000000	8.288163	0.000000	8.317114
2008	06	0.000000	0.000000	0.000072	0.000072	-0.000000	-0.000000	0.000072	94.356209	58.820744	0.000000	8.288160	0.000000	8.317112
2008	06	0.000000	0.000000	0.000072	0.000072	-0.000000	-0.000000	0.000072	102.842224	47.839897	0.000000	8.288158	0.000000	8.317109
2008	06	0.000000	0.000000	0.000072	0.000072	-0.000000	-0.000000	0.000072	105.465767	43.649128	0.000000	8.288156	0.000000	8.317107
2008	06	0.000000	0.000000	0.000073	0.000073	-0.000000	-0.000000	0.000073	110.745567	41.748135	0.000000	8.288154	0.000000	8.317104
2008	06	0.000000	0.000000	0.000073	0.000073	-0.000000	-0.000000	0.000073	122.473442	36.176369	0.000000	8.288151	0.000000	8.317101
2008	06	0.000000	0.000000	0.000074	0.000074	-0.000000	-0.000000	0.000074	126.749405	34.866566	0.000000	8.288149	0.000000	8.317100
2008	06	0.000000	0.000000	0.000074	0.000074	-0.000000	-0.000000	0.000074	136.069916	33.084072	0.000000	8.288146	0.000000	8.317097
2008	06	0.000000	0.000000	0.000074	0.000074	-0.000000	-0.000000	0.000074	44.670944	16.222790	0.000000	8.288144	0.000000	8.317094
2008	06	0.000000	0.000000	0.000073	0.000073	-0.000000	-0.000000	0.000073	7.959157	18.587322	0.000000	8.288141	0.000000	8.317092
2008	06	0.000000	0.000000	0.000073	0.000073	-0.000000	-0.000000	0.000073	41.185230	28.840124	0.000000	8.288139	0.000000	8.317089
2008	06	0.000000	0.000000	0.000072	0.000072	-0.000000	-0.000000	0.000072	43.817097	26.086355	0.000000	8.288136	0.000000	8.317087
2008	06	0.000000	0.000000	0.000072	0.000072	-0.000000	-0.000000	0.000072	99.453033	65.554909	0.000000	8.288135	0.000000	8.317084
2008	06	0.000000	0.000000	0.000073	0.000073	-0.000000	-0.000000	0.000073	93.452187	57.827435	0.000000	8.288132	0.000000	8.317081
2008	06	0.000000	0.000000	0.000073	0.000073	-0.000000	-0.000000	0.000073	84.411621	57.031605	0.000000	8.288130	0.000000	8.317080
2008	06	0.000000	0.000000	0.000074	0.000074	-0.000000	-0.000000	0.000074	97.952728	57.802902	0.000000	8.288127	0.000000	8.317077
2008	06	0.000000	0.000000	0.000074	0.000074	-0.000000	-0.000000	0.000074	99.111458	37.870083	0.000000	8.288125	0.000000	8.317075
2008	06	0.000000	0.000000	0.000075	0.000075	-0.000000	-0.000000	0.000075	115.861923	35.244312	0.000000	8.288122	0.000000	8.317072
2008	06	0.000000	0.000000	0.000075	0.000075	-0.000000	-0.000000	0.000075	105.184830	28.908562	0.000000	8.288119	0.000000	8.317069
2008	06	0.000000	0.000000	0.000076	0.000076	-0.000000	-0.000000	0.000076	112.449966	35.355621	0.000000	8.288117	0.000000	8.317067
2008	06	0.000000	0.000000	0.000077	0.000077	-0.000000	-0.000000	0.000077	60.753559	19.676418	0.000000	8.288115	0.000000	8.317064
2008	06	0.000000	0.000000	0.000077	0.000077	-0.000000	-0.000000	0.000077	108.311905	34.700615	0.000000	8.288113	0.000000	8.317061
2008	06	0.000000	0.000000	0.000077	0.000077	-0.000000	-0.000000	0.000077	103.446312	23.924976	0.000000	8.288110	0.000000	8.317059
2008	06	0.000000	0.000000	0.000078	0.000078	-0.000000	-0.000000	0.000078	99.632683	23.610394	0.000000	8.288107	0.000000	8.317057
2008	06	0.000000	0.000000	0.000079	0.000079	-0.000000	-0.000000	0.000079	102.843597	25.076408	0.000000	8.288105	0.000000	8.317054
2008	06	0.000000	0.000000	0.000080	0.000080	-0.000000	-0.000000	0.000080	107.884201	22.176674	0.000000	8.288102	0.000000	8.317051
2008	06	0.000000	0.000000	0.000081	0.000081	-0.000000	-0.000000	0.000081	119.420357	22.444225	0.000000	8.288099	0.000000	8.317048
2008	06	0.000000	0.000000	0.000081	0.000081	-0.000000	-0.000000	0.000081	132.519669	20.528877	0.000000	8.288096	0.000000	8.317045
2008	06	0.000000	0.000000	0.000082	0.000082	-0.000000	-0.000000	0.000082	129.217422	18.113098	0.000000	8.288094	0.000000	8.317042
2008	07	0.000000	0.000000	0.000085	0.000085	-0.000000	-0.000000	0.000085	125.621941	19.558805	0.000000	8.288092	0.000000	8.317039
2008	07	0.000000	0.000000	0.000086	0.000086	-0.000000	-0.000000	0.000086	111.684128	18.717754	0.000000	8.288089	0.000000	8.317037
2008	07	0.000000	0.000000	0.000086	0.000086	-0.000000	-0.000000	0.000086	105.484734	19.117584	0.000000	8.288086	0.000000	8.317034
2008	07	0.000000	0.000000	0.000087	0.000087	-0.000000	-0.000000	0.000087	102.693398	23.208055	0.000000	8.288083	0.000000	8.317031
2008	07	0.000000	0.000000	0.000087	0.000087	-0.000000	-0.000000	0.000087	116.074493	15.942437	0.000000	8.288080	0.000000	8.317028
2008	07	0.000000	0.000000	0.000087	0.000087	-0.000000	-0.000000	0.000087	105.645058	18.223434	0.000000	8.288077	0.000000	8.317025
2008	07	0.000000	0.000000	0.000088	0.000088	-0.000000	-0.000000	0.000088	112.822571	21.153887	0.000000	8.288074	0.000000	8.317022
2008	07	0.000000	0.000000	0.000089	0.000089	-0.000000	-0.000000	0.000089	104.641724	17.563784	0.000000	8.288072	0.000000	8.317019
2008	07	0.000000	0.000000	0.000089	0.000089	-0.000000	-0.000000	0.000089	118.637833	16.391512	0.000000	8.288069	0.000000	8.317017
2008	07	0.000000	0.000000	0.000089	0.000089	-0.000000	-0.000000	0.000089	113.482361	16.072170	0.000000	8.288066	0.000000	8.317014
2008	07	0.000000	0.000000	0.000090	0.000090	-0.000000	-0.000000	0.000090	105.257896	17.550007	0.000000	8.288063	0.000000	8.317011
2008	07	0.000000	0.000000	0.000090	0.000090	-0.000000	-0.000000	0.000090	92.128021	18.051992	0.000000	8.288060	0.000000	8.317008
2008	07	0.000000	0.000000	0.000090	0.000090	-0.000000	-0.000000	0.000090	103.659981	17.540462	0.000000	8.288057	0.000000	8.317005
2008	07	0.000000	0.000000	0.000091	0.000091	-0.000000	-0.000000	0.000091	128.049942	15.093844	0.000000	8.288054	0.000000	8.317002
2008	07	0.000000	0.000000	0.000091	0.000091	-0.000000	-0.000000	0.000091	130.173965	18.481558	0.000000	8.288052	0.000000	8.316999
2008	07	0.000000	0.000000	0.000091	0.000091	-0.000000	-0.000000	0.000091	133.880264	18.180107	0.000000	8.288049	0.000000	8.316997
2008	07	0.000000	0.000000	0.000091	0.000091	-0.000000	-0.000000	0.000091	115.473778	14.605566	0.000000	8.288046	0.000000	8.316993
2008	07	0.000000	0.000000	0.000090	0.000090	-0.000000	-0.000000	0.000090	123.740150	16.389347	0.000000	8.288043	0.000000	8.316990
2008	07	0.000000	0.000000	0.000090	0.000090	-0.000000	-0.000000	0.000090	125.132393	15.822018	0.000000	8.288040	0.000000	8.316987
2008	07	0.000000	0.000000	0.000090	0.000090	-0.000000	-0.000000	0.000090	112.544617	15.148582	0.000000	8.288037	0.000000	8.316984
2008	07	0.000000	0.000000	0.000090	0.000090	-0.000000	-0.000000	0.000090	23.561224	6.507620	0.000000	8.288034	0.000000	8.316981
2008	07	0.000000	0.000000	0.000090	0.000090	-0.000000	-0.000000	0.000090	99.083954	20.441952	0.000000	8.288032	0.000000	8.316978
2008	07	0.000000	0.000000	0.000090	0.000090	-0.000000	-0.000000	0.000090	110.648666	17.240017	0.000000	8.288029	0.000000	8.316976
2008	07	0.000000	0.000000	0.000090	0.000090	-0.000000	-0.000000	0.000090	105.219276	16.524887	0.000000	8.288027	0.000000	8.316973
2008	07	0.000000	0.000000	0.000090	0.000090	-0.000000	-0.000000	0.000090	90.774139	14.735204	0.000000	8.288024	0.000000	8.316970
2008	07	0.000000	0.000000	0.000091	0.000091	-0.000000	-0.000000	0.000091	87.255211	19.393484	0.000000	8.288021	0.000000	8.316967
2008	07	0.000000	0.000000	0.000091	0.000091	-0.000000	-0.000000	0.000091	99.030350	13.701470	0.000000	8.288017	0.000000	8.316963
2008	07	0.000000	0.000000	0.000092	0.000092	-0.000000	-0.000000	0.000092	98.809578	13.706313	0.000000	8.288014	0.000000	8.316960
2008	07	0.000000	0.000000	0.000092	0.000092	-0.000000	-0.000000	0.000092	97.488388	14.905240	0.000000	8.288012	0.000000	8.316957
2008	07	0.000000	0.000000	0.000092	0.000092	-0.000000	-0.000000	0.000092	95.857750	16.162224	0.000000	8.288009	0.000000	8.316955
2008	07	0.000000	0.000000	0.000093	0.000093	-0.000000	-0.000000	0.000093	100.853340	14.621494	0.000000	8.288006	0.000000	8.316952
2008	08	0.000000	0.000000	0.000093	0.000093	-0.000000	-0.000000	0.000093	106.003220	13.957677	0.000000	8.288003	0.000000	8.316949
2008	08	0.000000	0.000000	0.000093	0.000093	-0.000000	-0.000000	0.000093	100.531311	14.294803	0.000000	8.288000	0.000000	8.316945
2008	08	0.000000	0.000000	0.000093	0.000093	-0.000000	-0.000000	0.000093	106.409096	16.145555	0.000000	8.287997	0.000000	8.316942
2008	08	0.000000	0.000000	0.000093	0.000093	-0.000000	-0.000000	0.000093	109.857254	14.637082	0.000000	8.287994	0.000000	8.316939
2008	08	0.000000	0.000000	0.000094	0.000094	-0.000000	-0.000000	0.000094	110.920555	13.835514	0.000000	8.287992	0.000000	8.316936
2008	08	0.000000	0.000000	0.000094	0.000094	-0.000000	-0.000000	0.000094	102.439766	15.596517	0.000000	8.287989	0.000000	8.316934
2008	08	0.000000	0.000000	0.000094	0.000094	-0.000000	-0.000000	0.000094	83.276093	12.206281	0.000000	8.287986	0.000000	8.316930
2008	08	0.000000	0.000000	0.000094	0.000094	-0.000000	-0.000000	0.000094	75.975471	14.488914	0.000000	8.287982	0.000000	8.316927
2008	08	0.000000	0.000000	0.000094	0.000094	-0.000000	-0.000000	0.000094	102.200951	14.899386	0.000000	8.287979	0.000000	8.316924
2008	08	0.000000	0.000000	0.000095	0.000095	-0.000000	-0.000000	0.000095	106.562134	13.637761	0.000000	8.287976	0.000000	8.316921
2008	08	0.000000	0.000000	0.000095	0.000095	-0.000000	-0.000000	0.000095	93.501091	13.732580	0.000000	8.287973	0.000000	8.316917
2008	08	0.000000	0.000000	0.000095	0.000095	-0.000000	-0.000000	0.000095	92.940773	15.847020	0.000000	8.287971	0.000000	8.316915
2008	08	0.000000	0.000000	0.000096	0.000096	-0.000000	-0.000000	0.000096	86.541809	16.601645	0.000000	8.287968	0.000000	8.316912
2008	08	0.000000	0.000000	0.000096	0.000096	-0.000000	-0.000000	0.000096	93.403374	11.974781	0.000000	8.287965	0.000000	8.316908
2008	08	0.000000	0.000000	0.000096	0.000096	-0.000000	-0.000000	0.000096	59.332966	12.184834	0.000000	8.287961	0.000000	8.316905
2008	08	0.000000	0.000000	0.000096	0.000096	-0.000000	-0.000000	0.000096	83.163673	49.314880	0.000000	8.287958	0.000000	8.316902
2008	08	0.000000	0.000000	0.000096	0.000096	-0.000000	-0.000000	0.000096	77.668526	40.983624	0.000000	8.287955	0.000000	8.316898
2008	08	0.000000	0.000000	0.000096	0.000096	-0.000000	-0.000000	0.000096	87.459457	22.480001	0.000000	8.287952	0.000000	8.316895
2008	08	0.000000	0.000000	0.000096	0.000096	-0.000000	-0.000000	0.000096	77.035469	17.717142	0.000000	8.287950	0.000000	8.316893
2008	08	0.000000	0.000000	0.000096	0.000096	-0.000000	-0.000000	0.000096	82.570595	15.789067	0.000000	8.287946	0.000000	8.316890
2008	08	0.000000	0.000000	0.000096	0.000096	-0.000000	-0.000000	0.000096	88.339645	14.582795	0.000000	8.287943	0.000000	8.316886
2008	08	0.000000	0.000000	0.000096	0.000096	-0.000000	-0.000000	0.000096	82.874725	15.019432	0.000000	8.287940	0.000000	8.316883
2008	08	0.000000	0.000000	0.000096	0.000096	-0.000000	-0.000000	0.000096	70.113632	11.765900	0.000000	8.287937	0.000000	8.316880
2008	08	0.000000	0.000000	0.000096	0.000096	-0.000000	-0.000000	0.000096	90.384857	14.645961	0.000000	8.287934	0.000000	8.316876
2008	08	0.000000	0.000000	0.000096	0.000096	-0.000000	-0.000000	0.000096	89.604347	13.025490	0.000000	8.287931	0.000000	8.316874
2008	08	0.000000	0.000000	0.000096	0.000096	-0.000000	-0.000000	0.000096	92.055687	14.086419	0.000000	8.287928	0.000000	8.316871
2008	08	0.000000	0.000000	0.000096	0.000096	-0.000000	-0.000000	0.000096	101.646759	16.417818	0.000000	8.287925	0.000000	8.316867
2008	08	0.000000	0.000000	0.000096	0.000096	-0.000000	-0.000000	0.000096	100.694572	13.552022	0.000000	8.287922	0.000000	8.316864
2008	08	0.000000	0.000000	0.000096	0.000096	-0.000000	-0.000000	0.000096	90.475494	12.952630	0.000000	8.287919	0.000000	8.316861
2008	08	0.000000	0.000000	0.000095	0.000095	-0.000000	-0.000000	0.000095	87.635620	12.093190	0.000000	8.287916	0.000000	8.316858
2008	08	0.000000	0.000000	0.000095	0.000095	-0.000000	-0.000000	0.000095	82.890869	11.168022	0.000000	8.287912	0.000000	8.316854
2008	09	0.000000	0.000000	0.000092	0.000092	-0.000000	-0.000000	0.000092	75.064926	13.833579	0.000000	8.287910	0.000000	8.316852
2008	09	0.000000	0.000000	0.000092	0.000092	-0.000000	-0.000000	0.000092	87.479019	12.468414	0.000000	8.287907	0.000000	8.316849
2008	09	0.000000	0.000000	0.000092	0.000092	-0.000000	-0.000000	0.000092	85.537285	13.438925	0.000000	8.287904	0.000000	8.316845
2008	09	0.000000	0.000000	0.000092	0.000092	-0.000000	-0.000000	0.000092	67.373001	14.601584	0.000000	8.287901	0.000000	8.316842
2008	09	0.000000	0.000000	0.000092	0.000092	-0.000000	-0.000000	0.000092	44.687897	12.208332	0.000000	8.287898	0.000000	8.316839
2008	09	0.000000	0.000000	0.000091	0.000091	-0.000000	-0.000000	0.000091	78.718323	15.796159	0.000000	8.287895	0.000000	8.316836
2008	09	0.000000	0.000000	0.000091	0.000091	-0.000000	-0.000000	0.000091	66.273499	12.290806	0.000000	8.287891	0.000000	8.316833
2008	09	0.000000	0.000000	0.000091	0.000091	-0.000000	-0.000000	0.000091	84.488831	13.624852	0.000000	8.287889	0.000000	8.316830
2008	09	0.000000	0.000000	0.000091	0.000091	-0.000000	-0.000000	0.000091	70.874718	13.939532	0.000000	8.287886	0.000000	8.316827
2008	09	0.000000	0.000000	0.000091	0.000091	-0.000000	-0.000000	0.000091	58.988037	10.706808	0.000000	8.287883	0.000000	8.316824
2008	09	0.000000	0.000000	0.000092	0.000092	-0.000000	-0.000000	0.000092	79.987541	11.263885	0.000000	8.287880	0.000000	8.316820
2008	09	0.000000	0.000000	0.000092	0.000092	-0.000000	-0.000000	0.000092	67.843895	12.458197	0.000000	8.287877	0.000000	8.316817
2008	09	0.000000	0.000000	0.000092	0.000092	-0.000000	-0.000000	0.000092	84.557922	15.508718	0.000000	8.287874	0.000000	8.316814
2008	09	0.000000	0.000000	0.000092	0.000092	-0.000000	-0.000000	0.000092	76.861389	46.088585	0.000000	8.287870	0.000000	8.316812
2008	09	0.000000	0.000000	0.000091	0.000091	-0.000000	-0.000000	0.000091	88.948151	24.660866	0.000000	8.287868	0.000000	8.316808
2008	09	0.000000	0.000000	0.000091	0.000091	-0.000000	-0.000000	0.000091	87.821007	18.825630	0.000000	8.287865	0.000000	8.316805
2008	09	0.000000	0.000000	0.000090	0.000090	-0.000000	-0.000000	0.000090	74.434418	14.515080	0.000000	8.287862	0.000000	8.316802
2008	09	0.000000	0.000000	0.000090	0.000090	-0.000000	-0.000000	0.000090	73.185829	14.069903	0.000000	8.287859	0.000000	8.316799
2008	09	0.000000	0.000000	0.000090	0.000090	-0.000000	-0.000000	0.000090	58.623909	12.246216	0.000000	8.287856	0.000000	8.316795
2008	09	0.000000	0.000000	0.000089	0.000089	-0.000000	-0.000000	0.000089	20.525433	8.821980	0.000000	8.287853	0.000000	8.316792
2008	09	0.000000	0.000000	0.000089	0.000089	-0.000000	-0.000000	0.000089	28.042048	20.650644	0.000000	8.287850	0.000000	8.316790
2008	09	0.000000	0.000000	0.000088	0.000088	-0.000000	-0.000000	0.000088	58.123085	39.684265	0.000000	8.287848	0.000000	8.316787
2008	09	0.000000	0.000000	0.000088	0.000088	-0.000000	-0.000000	0.000088	42.569164	56.619843	0.000000	8.287845	0.000000	8.316784
2008	09	0.000000	0.000000	0.000087	0.000087	-0.000000	-0.000000	0.000087	49.967113	51.695827	0.000000	8.287842	0.000000	8.316781
2008	09	0.000000	0.000000	0.000087	0.000087	-0.000000	-0.000000	0.000087	61.836838	40.836540	0.000000	8.287839	0.000000	8.316778
2008	09	0.000000	0.000000	0.000087	0.000087	-0.000000	-0.000000	0.000087	66.520447	41.750969	0.000000	8.287836	0.000000	8.316774
2008	09	0.000000	0.000000	0.000086	0.000086	-0.000000	-0.000000	0.000086	65.314064	39.691547	0.000000	8.287833	0.000000	8.316772
2008	09	0.000000	0.000000	0.000086	0.000086	-0.000000	-0.000000	0.000086	67.702141	49.530273	0.000000	8.287830	0.000000	8.316769
2008	09	0.000000	0.000000	0.000085	0.000085	-0.000000	-0.000000	0.000085	47.776329	43.542286	0.000000	8.287827	0.000000	8.316766
2008	09	0.000000	0.000000	0.000084	0.000084	-0.000000	-0.000000	0.000084	34.068874	37.406929	0.000000	8.287825	0.000000	8.316763
2008	10	0.000000	0.000000	0.000086	0.000086	-0.000000	-0.000000	0.000086	50.449612	41.939140	0.000000	8.287822	0.000000	8.316760
2008	10	0.000000	0.000000	0.000085	0.000085	-0.000000	-0.000000	0.000085	40.295807	30.783688	0.000000	8.287819	0.000000	8.316757
2008	10	0.000000	0.000000	0.000085	0.000085	-0.000000	-0.000000	0.000085	49.027496	35.860031	0.000000	8.287816	0.000000	8.316754
2008	10	0.000000	0.000000	0.000084	0.000084	-0.000000	-0.000000	0.000084	49.474121	38.442177	0.000000	8.287814	0.000000	8.316752
2008	10	0.000000	0.000000	0.000084	0.000084	-0.000000	-0.000000	0.000084	50.787773	40.590122	0.000000	8.287811	0.000000	8.316750
2008	10	0.000000	0.000000	0.000084	0.000084	-0.000000	-0.000000	0.000084	43.814678	28.132542	0.000000	8.287808	0.000000	8.316747
2008	10	0.000000	0.000000	0.000083	0.000083	-0.000000	-0.000000	0.000083	49.184334	25.150379	0.000000	8.287806	0.000000	8.316744
2008	10	0.000000	0.000000	0.000083	0.000083	-0.000000	-0.000000	0.000083	37.016491	32.189861	0.000000	8.287804	0.000000	8.316741
2008	10	0.000000	0.000000	0.000083	0.000083	-0.000000	-0.000000	0.000083	42.339035	32.643871	0.000000	8.287801	0.000000	8.316738
2008	10	0.000000	0.000000	0.000083	0.000083	-0.000000	-0.000000	0.000083	5.590901	23.640251	0.000000	8.287798	0.000000	8.316735
2008	10	0.000000	0.000000	0.000083	0.000083	-0.000000	-0.000000	0.000083	19.412766	45.772408	0.000000	8.287795	0.000000	8.316732
2008	10	0.000000	0.000000	0.000082	0.000082	-0.000000	-0.000000	0.000082	19.543415	29.122440	0.000000	8.287793	0.000000	8.316730
2008	10	0.000000	0.000000	0.000082	0.000082	-0.000000	-0.000000	0.000082	31.478489	21.308207	0.000000	8.287790	0.000000	8.316728
2008	10	0.000000	0.000000	0.000082	0.000082	-0.000000	-0.000000	0.000082	35.223991	28.877281	0.000000	8.287787	0.000000	8.316725
2008	10	0.000000	0.000000	0.000082	0.000082	-0.000000	-0.000000	0.000082	23.119839	21.968081	0.000000	8.287785	0.000000	8.316722
2008	10	0.000000	0.000000	0.000082	0.000082	-0.000000	-0.000000	0.000082	38.320557	28.617546	0.000000	8.287783	0.000000	8.316719
2008	10	0.000000	0.000000	0.000082	0.000082	-0.000000	-0.000000	0.000082	35.035351	27.830898	0.000000	8.287780	0.000000	8.316716
2008	10	0.000000	0.000000	0.000082	0.000082	-0.000000	-0.000000	0.000082	28.932037	26.313429	0.000000	8.287777	0.000000	8.316714
2008	10	0.000000	0.000000	0.000082	0.000082	-0.000000	-0.000000	0.000082	28.728872	31.838602	0.000000	8.287775	0.000000	8.316711
2008	10	0.000000	0.000000	0.000082	0.000082	-0.000000	-0.000000	0.000082	24.358194	48.066181	0.000000	8.287772	0.000000	8.316709
2008	10	0.000000	0.000000	0.000082	0.000082	-0.000000	-0.000000	0.000082	24.008968	35.242489	0.000000	8.287769	0.000000	8.316706
2008	10	0.000000	0.000000	0.000081	0.000081	-0.000000	-0.000000	0.000081	37.937645	22.696335	0.000000	8.287766	0.000000	8.316703
2008	10	0.000000	0.000000	0.000081	0.000081	-0.000000	-0.000000	0.000081	29.882229	21.764803	0.000000	8.287765	0.000000	8.316700
2008	10	0.000000	0.000000	0.000081	0.000081	-0.000000	-0.000000	0.000081	5.736692	19.520018	0.000000	8.287762	0.000000	8.316698
2008	10	0.000000	0.000000	0.000080	0.000080	-0.000000	-0.000000	0.000080	16.661346	22.763388	0.000000	8.287759	0.000000	8.316695
2008	10	0.000000	0.000000	0.000080	0.000080	-0.000000	-0.000000	0.000080	-2.575742	21.835424	0.000000	8.287757	0.000000	8.316692
2008	10	0.000000	0.000000	0.000079	0.000079	-0.000000	-0.000000	0.000079	15.085024	30.854282	0.000000	8.287754	0.000000	8.316689
2008	10	0.000000	0.000000	0.000079	0.000079	-0.000000	-0.000000	0.000079	16.334944	17.007236	0.000000	8.287751	0.000000	8.316688
2008	10	0.000000	0.000000	0.000079	0.000079	-0.000000	-0.000000	0.000079	40.113647	32.562069	0.000000	8.287749	0.000000	8.316685
2008	10	0.000000	0.000000	0.000078	0.000078	-0.000000	-0.000000	0.000078	53.772129	35.122181	0.000000	8.287746	0.000000	8.316682
2008	10	0.000000	0.000000	0.000077	0.000077	-0.000000	-0.000000	0.000077	40.036655	26.351566	0.000000	8.287745	0.000000	8.316680
2008	11	0.000000	0.000000	0.000074	0.000074	-0.000000	-0.000000	0.000074	18.206507	14.510812	0.000000	8.287742	0.000000	8.316677
2008	11	0.000000	0.000000	0.000074	0.000074	-0.000000	-0.000000	0.000074	16.860626	10.177191	0.000000	8.287740	0.000000	8.316674
2008	11	0.000000	0.000000	0.000073	0.000073	-0.000000	-0.000000	0.000073	35.750320	20.219406	0.000000	8.287737	0.000000	8.316672
2008	11	0.000000	0.000000	0.000073	0.000073	-0.000000	-0.000000	0.000073	29.887871	16.183184	0.000000	8.287735	0.000000	8.316669
2008	11	0.000000	0.000000	0.000072	0.000072	-0.000000	-0.000000	0.000072	38.617413	22.948376	0.000000	8.287732	0.000000	8.316667
2008	11	0.000000	0.000000	0.000072	0.000072	-0.000000	-0.000000	0.000072	15.497272	14.462592	0.000000	8.287730	0.000000	8.316665
2008	11	0.000000	0.000000	0.000072	0.000072	-0.000000	-0.000000	0.000072	18.073370	17.467190	0.000000	8.287727	0.000000	8.316662
2008	11	0.000000	0.000000	0.000072	0.000072	-0.000000	-0.000000	0.000072	19.992752	14.700786	0.000000	8.287725	0.000000	8.316660
2008	11	0.000000	0.000000	0.000071	0.000071	-0.000000	-0.000000	0.000071	23.560829	12.825144	0.000000	8.287723	0.000000	8.316657
2008	11	0.000000	0.000000	0.000071	0.000071	-0.000000	-0.000000	0.000071	24.263748	16.066853	0.000000	8.287721	0.000000	8.316655
2008	11	0.000000	0.000000	0.000071	0.000071	-0.000000	-0.000000	0.000071	26.551949	14.581454	0.000000	8.287718	0.000000	8.316652
2008	11	0.000000	0.000000	0.000071	0.000071	-0.000000	-0.000000	0.000071	16.737309	12.867579	0.000000	8.287716	0.000000	8.316649
2008	11	0.000000	0.000000	0.000071	0.000071	-0.000000	-0.000000	0.000071	24.389723	14.379082	0.000000	8.287713	0.000000	8.316648
2008	11	0.000000	0.000000	0.000070	0.000070	-0.000000	-0.000000	0.000070	22.393473	19.489725	0.000000	8.287711	0.000000	8.316645
2008	11	0.000000	0.000000	0.000070	0.000070	-0.000000	-0.000000	0.000070	28.522053	20.557953	0.000000	8.287709	0.000000	8.316643
2008	11	0.000000	0.000000	0.000070	0.000070	-0.000000	-0.000000	0.000070	22.925783	19.877403	0.000000	8.287706	0.000000	8.316640
2008	11	0.000000	0.000000	0.000069	0.000069	-0.000000	-0.000000	0.000069	12.598560	18.021109	0.000000	8.287704	0.000000	8.316638
2008	11	0.000000	0.000000	0.000069	0.000069	-0.000000	-0.000000	0.000069	13.537176	18.460340	0.000000	8.287702	0.000000	8.316635
2008	11	0.000000	0.000000	0.000069	0.000069	-0.000000	-0.000000	0.000069	20.532230	11.822371	0.000000	8.287700	0.000000	8.316633
2008	11	0.000000	0.000000	0.000068	0.000068	-0.000000	-0.000000	0.000068	12.932453	18.254963	0.000000	8.287698	0.000000	8.316631
2008	11	0.000000	0.000000	0.000068	0.000068	-0.000000	-0.000000	0.000068	10.481504	15.506266	0.000000	8.287695	0.000000	8.316628
2008	11	0.000000	0.000000	0.000068	0.000068	-0.000000	-0.000000	0.000068	12.936160	11.629255	0.000000	8.287693	0.000000	8.316627
2008	11	0.000000	0.000000	0.000067	0.000067	-0.000000	-0.000000	0.000067	13.870365	11.072886	0.000000	8.287691	0.000000	8.316624
2008	11	0.000000	0.000000	0.000067	0.000067	-0.000000	-0.000000	0.000067	12.383979	10.925575	0.000000	8.287688	0.000000	8.316622
2008	11	0.000000	0.000000	0.000067	0.000067	-0.000000	-0.000000	0.000067	20.894434	21.580675	0.000000	8.287686	0.000000	8.316619
2008	11	0.000000	0.000000	0.000067	0.000067	-0.000000	-0.000000	0.000067	20.290617	14.725335	0.000000	8.287684	0.000000	8.316617
2008	11	0.000000	0.000000	0.000066	0.000066	-0.000000	-0.000000	0.000066	18.289490	24.586910	0.000000	8.287682	0.000000	8.316615
2008	11	0.000000	0.000000	0.000066	0.000066	-0.000000	-0.000000	0.000066	3.785371	18.641417	0.000000	8.287680	0.000000	8.316612
2008	11	0.000000	0.000000	0.000066	0.000066	-0.000000	-0.000000	0.000066	27.836340	20.175493	0.000000	8.287678	0.000000	8.316610
2008	11	0.000000	0.000000	0.000065	0.000065	-0.000000	-0.000000	0.000065	10.527571	16.513775	0.000000	8.287676	0.000000	8.316608
2008	12	0.000000	0.000000	0.000068	0.000068	-0.000000	-0.000000	0.000068	6.993047	13.676560	0.000000	8.287673	0.000000	8.316606
2008	12	0.000000	0.000000	0.000068	0.000068	-0.000000	-0.000000	0.000068	17.882927	15.136356	0.000000	8.287671	0.000000	8.316604
2008	12	0.000000	0.000000	0.000068	0.000068	-0.000000	-0.000000	0.000068	23.954927	13.122747	0.000000	8.287669	0.000000	8.316602
2008	12	0.000000	0.000000	0.000068	0.000068	-0.000000	-0.000000	0.000068	20.820677	16.194355	0.000000	8.287667	0.000000	8.316599
2008	12	0.000000	0.000000	0.000067	0.000067	-0.000000	-0.000000	0.000067	15.203256	12.780673	0.000000	8.287664	0.000000	8.316597
2008	12	0.000000	0.000000	0.000067	0.000067	-0.000000	-0.000000	0.000067	6.960333	11.064342	0.000000	8.287663	0.000000	8.316595
2008	12	0.000000	0.000000	0.000067	0.000067	-0.000000	-0.000000	0.000067	10.144347	7.695778	0.000000	8.287661	0.000000	8.316592
2008	12	0.000000	0.000000	0.000068	0.000068	-0.000000	-0.000000	0.000068	13.974958	9.479192	0.000000	8.287659	0.000000	8.316590
2008	12	0.000000	0.000000	0.000068	0.000068	-0.000000	-0.000000	0.000068	8.273807	5.713930	0.000000	8.287656	0.000000	8.316588
2008	12	0.000000	0.000000	0.000068	0.000068	-0.000000	-0.000000	0.000068	1.212005	5.086770	0.000000	8.287654	0.000000	8.316586
2008	12	0.000000	0.000000	0.000068	0.000068	-0.000000	-0.000000	0.000068	6.175105	11.786064	0.000000	8.287652	0.000000	8.316584
2008	12	0.000000	0.000000	0.000068	0.000068	-0.000000	-0.000000	0.000068	21.289783	15.029060	0.000000	8.287650	0.000000	8.316582
2008	12	0.000000	0.000000	0.000068	0.000068	-0.000000	-0.000000	0.000068	7.628853	7.846664	0.000000	8.287647	0.000000	8.316579
2008	12	0.000000	0.000000	0.000068	0.000068	-0.000000	-0.000000	0.000068	21.601480	13.382387	0.000000	8.287645	0.000000	8.316577
2008	12	0.000000	0.000000	0.000068	0.000068	-0.000000	-0.000000	0.000068	24.075432	20.126017	0.000000	8.287643	0.000000	8.316574
2008	12	0.000000	0.000000	0.000068	0.000068	-0.000000	-0.000000	0.000068	21.133394	15.290914	0.000000	8.287642	0.000000	8.316572
2008	12	0.000000	0.000000	0.000068	0.000068	-0.000000	-0.000000	0.000068	5.110417	12.481089	0.000000	8.287639	0.000000	8.316570
2008	12	0.000000	0.000000	0.000067	0.000067	-0.000000	-0.000000	0.000067	12.490352	12.568303	0.000000	8.287637	0.000000	8.316567
2008	12	0.000000	0.000000	0.000067	0.000067	-0.000000	-0.000000	0.000067	17.501020	7.566068	0.000000	8.287635	0.000000	8.316566
2008	12	0.000000	0.000000	0.000066	0.000066	-0.000000	-0.000000	0.000066	20.061703	9.462102	0.000000	8.287633	0.000000	8.316564
2008	12	0.000000	0.000000	0.000066	0.000066	-0.000000	-0.000000	0.000066	10.608166	8.016897	0.000000	8.287630	0.000000	8.316561
2008	12	0.000000	0.000000	0.000065	0.000065	-0.000000	-0.000000	0.000065	9.747615	7.652682	0.000000	8.287628	0.000000	8.316559
2008	12	0.000000	0.000000	0.000065	0.000065	-0.000000	-0.000000	0.000065	15.707502	9.038316	0.000000	8.287626	0.000000	8.316557
2008	12	0.000000	0.000000	0.000065	0.000065	-0.000000	-0.000000	0.000065	4.505472	8.399742	0.000000	8.287624	0.000000	8.316555
2008	12	0.000000	0.000000	0.000065	0.000065	-0.000000	-0.000000	0.000065	13.303256	6.357489	0.000000	8.287622	0.000000	8.316552
2008	12	0.000000	0.000000	0.000064	0.000064	-0.000000	-0.000000	0.000064	14.542619	6.454085	0.000000	8.287621	0.000000	8.316550
2008	12	0.000000	0.000000	0.000064	0.000064	-0.000000	-0.000000	0.000064	10.636578	7.309281	0.000000	8.287618	0.000000	8.316548
2008	12	0.000000	0.000000	0.000064	0.000064	-0.000000	-0.000000	0.000064	10.731937	11.857034	0.000000	8.287616	0.000000	8.316546
2008	12	0.000000	0.000000	0.000064	0.000064	-0.000000	-0.000000	0.000064	5.695696	7.108397	0.000000	8.287614	0.000000	8.316544
2008	12	0.000000	0.000000	0.000064	0.000064	-0.000000	-0.000000	0.000064	16.108463	8.211811	0.000000	8.287612	0.000000	8.316542
2008	12	0.000000	0.000000	0.000064	0.000064	-0.000000	-0.000000	0.000064	5.724753	9.638927	0.000000	8.287610	0.000000	8.316540
2009	01	0.000000	0.000000	0.000064	0.000064	-0.000000	-0.000000	0.000064	6.783096	8.332039	0.000000	8.287608	0.000000	8.316538
2009	01	0.000000	0.000000	0.000063	0.000063	-0.000000	-0.000000	0.000063	13.103078	7.907515	0.000000	8.287606	0.000000	8.316536
2009	01	0.000000	0.000000	0.000063	0.000063	-0.000000	-0.000000	0.000063	0.683777	3.772135	0.000000	8.287604	0.000000	8.316533
2009	01	0.000000	0.000000	0.000063	0.000063	-0.000000	-0.000000	0.000063	-2.562408	11.439498	0.000000	8.287601	0.000000	8.316531
2009	01	0.000000	0.000000	0.000063	0.000063	-0.000000	-0.000000	0.000063	10.972563	12.945386	0.000000	8.287600	0.000000	8.316529
2009	01	0.000000	0.000000	0.000064	0.000064	-0.000000	-0.000000	0.000064	22.328661	14.476907	0.000000	8.287598	0.000000	8.316527
2009	01	0.000000	0.000000	0.000064	0.000064	-0.000000	-0.000000	0.000064	25.803261	22.084551	0.000000	8.287596	0.000000	8.316525
2009	01	0.000000	0.000000	0.000064	0.000064	-0.000000	-0.000000	0.000064	19.844957	10.601655	0.000000	8.287594	0.000000	8.316523
2009	01	0.000000	0.000000	0.000064	0.000064	-0.000000	-0.000000	0.000064	28.000776	10.963794	0.000000	8.287592	0.000000	8.316521
2009	01	0.000000	0.000000	0.000063	0.000063	-0.000000	-0.000000	0.000063	25.959078	11.320399	0.000000	8.287590	0.000000	8.316519
2009	01	0.000000	0.000000	0.000063	0.000063	-0.000000	-0.000000	0.000063	1.849314	12.928400	0.000000	8.287588	0.000000	8.316517
2009	01	0.000000	0.000000	0.000062	0.000062	-0.000000	-0.000000	0.000062	12.318420	17.483236	0.000000	8.287585	0.000000	8.316515
2009	01	0.000000	0.000000	0.000062	0.000062	-0.000000	-0.000000	0.000062	18.861103	9.963038	0.000000	8.287583	0.000000	8.316512
2009	01	0.000000	0.000000	0.000062	0.000062	-0.000000	-0.000000	0.000062	15.938700	13.497334	0.000000	8.287581	0.000000	8.316510
2009	01	0.000000	0.000000	0.000062	0.000062	-0.000000	-0.000000	0.000062	17.908716	10.554698	0.000000	8.287580	0.000000	8.316508
2009	01	0.000000	0.000000	0.000062	0.000062	-0.000000	-0.000000	0.000062	12.103739	5.952537	0.000000	8.287578	0.000000	8.316506
2009	01	0.000000	0.000000	0.000062	0.000062	-0.000000	-0.000000	0.000062	17.316019	9.292171	0.000000	8.287576	0.000000	8.316504
2009	01	0.000000	0.000000	0.000062	0.000062	-0.000000	-0.000000	0.000062	22.344904	10.662316	0.000000	8.287574	0.000000	8.316503
2009	01	0.000000	0.000000	0.000062	0.000062	-0.000000	-0.000000	0.000062	14.870098	11.507525	0.000000	8.287572	0.000000	8.316501
2009	01	0.000000	0.000000	0.000062	0.000062	-0.000000	-0.000000	0.000062	14.716247	17.732981	0.000000	8.287570	0.000000	8.316498
2009	01	0.000000	0.000000	0.000062	0.000062	-0.000000	-0.000000	0.000062	36.683155	31.604919	0.000000	8.287568	0.000000	8.316496
2009	01	0.000000	0.000000	0.000061	0.000061	-0.000000	-0.000000	0.000061	31.421385	24.174522	0.000000	8.287566	0.000000	8.316494
2009	01	0.000000	0.000000	0.000061	0.000061	-0.000000	-0.000000	0.000061	6.429425	11.675200	0.000000	8.287564	0.000000	8.316492
2009	01	0.000000	0.000000	0.000061	0.000061	-0.000000	-0.000000	0.000061	-1.891338	15.641480	0.000000	8.287562	0.000000	8.316490
2009	01	0.000000	0.000000	0.000061	0.000061	-0.000000	-0.000000	0.000061	17.951601	31.175867	0.000000	8.287560	0.000000	8.316488
2009	01	0.000000	0.000000	0.000061	0.000061	-0.000000	-0.000000	0.000061	12.441752	21.917276	0.000000	8.287559	0.000000	8.316486
2009	01	0.000000	0.000000	0.000061	0.000061	-0.000000	-0.000000	0.000061	32.651936	25.776531	0.000000	8.287557	0.000000	8.316484
2009	01	0.000000	0.000000	0.000061	0.000061	-0.000000	-0.000000	0.000061	23.719849	20.389854	0.000000	8.287555	0.000000	8.316482
2009	01	0.000000	0.000000	0.000061	0.000061	-0.000000	-0.000000	0.000061	1.077077	9.887059	0.000000	8.287553	0.000000	8.316480
2009	01	0.000000	0.000000	0.000061	0.000061	-0.000000	-0.000000	0.000061	15.698600	15.985761	0.000000	8.287551	0.000000	8.316478
2009	01	0.000000	0.000000	0.000061	0.000061	-0.000000	-0.000000	0.000061	30.688377	13.968895	0.000000	8.287549	0.000000	8.316476
2009	02	0.000000	0.000000	0.000055	0.000055	-0.000000	-0.000000	0.000055	38.695404	26.378609	0.000000	8.287546	0.000000	8.316474
2009	02	0.000000	0.000000	0.000055	0.000055	-0.000000	-0.000000	0.000055	8.376131	17.585709	0.000000	8.287544	0.000000	8.316472
2009	02	0.000000	0.000000	0.000055	0.000055	-0.000000	-0.000000	0.000055	16.052588	15.634196	0.000000	8.287542	0.000000	8.316470
2009	02	0.000000	0.000000	0.000056	0.000056	-0.000000	-0.000000	0.000056	22.437561	17.160578	0.000000	8.287540	0.000000	8.316468
2009	02	0.000000	0.000000	0.000056	0.000056	-0.000000	-0.000000	0.000056	22.356668	19.119204	0.000000	8.287539	0.000000	8.316465
2009	02	0.000000	0.000000	0.000057	0.000057	-0.000000	-0.000000	0.000057	9.749075	19.760145	0.000000	8.287537	0.000000	8.316463
2009	02	0.000000	0.000000	0.000057	0.000057	-0.000000	-0.000000	0.000057	26.846172	20.552855	0.000000	8.287535	0.000000	8.316462
2009	02	0.000000	0.000000	0.000057	0.000057	-0.000000	-0.000000	0.000057	32.959934	31.892908	0.000000	8.287533	0.000000	8.316460
2009	02	0.000000	0.000000	0.000057	0.000057	-0.000000	-0.000000	0.000057	22.710922	20.836588	0.000000	8.287531	0.000000	8.316458
2009	02	0.000000	0.000000	0.000057	0.000057	-0.000000	-0.000000	0.000057	15.967499	15.692857	0.000000	8.287529	0.000000	8.316456
2009	02	0.000000	0.000000	0.000057	0.000057	-0.000000	-0.000000	0.000057	17.592810	20.243336	0.000000	8.287527	0.000000	8.316453
2009	02	0.000000	0.000000	0.000057	0.000057	-0.000000	-0.000000	0.000057	22.591650	18.061327	0.000000	8.287525	0.000000	8.316451
2009	02	0.000000	0.000000	0.000057	0.000057	-0.000000	-0.000000	0.000057	29.864084	22.579433	0.000000	8.287522	0.000000	8.316449
2009	02	0.000000	0.000000	0.000057	0.000057	-0.000000	-0.000000	0.000057	29.301058	20.668037	0.000000	8.287520	0.000000	8.316447
2009	02	0.000000	0.000000	0.000056	0.000056	-0.000000	-0.000000	0.000056	32.692284	18.175953	0.000000	8.287519	0.000000	8.316445
2009	02	0.000000	0.000000	0.000056	0.000056	-0.000000	-0.000000	0.000056	38.673904	24.566284	0.000000	8.287517	0.000000	8.316442
2009	02	0.000000	0.000000	0.000056	0.000056	-0.000000	-0.000000	0.000056	35.003979	22.036573	0.000000	8.287515	0.000000	8.316441
2009	02	0.000000	0.000000	0.000056	0.000056	-0.000000	-0.000000	0.000056	39.285774	17.549742	0.000000	8.287513	0.000000	8.316439
2009	02	0.000000	0.000000	0.000056	0.000056	-0.000000	-0.000000	0.000056	32.778511	16.466892	0.000000	8.287511	0.000000	8.316437
2009	02	0.000000	0.000000	0.000056	0.000056	-0.000000	-0.000000	0.000056	38.288345	22.317196	0.000000	8.287509	0.000000	8.316435
2009	02	0.000000	0.000000	0.000055	0.000055	-0.000000	-0.000000	0.000055	42.468716	29.300152	0.000000	8.287507	0.000000	8.316433
2009	02	0.000000	0.000000	0.000055	0.000055	-0.000000	-0.000000	0.000055	42.598549	21.248438	0.000000	8.287505	0.000000	8.316431
2009	02	0.000000	0.000000	0.000055	0.000055	-0.000000	-0.000000	0.000055	45.229584	19.431316	0.000000	8.287503	0.000000	8.316428
2009	02	0.000000	0.000000	0.000055	0.000055	-0.000000	-0.000000	0.000055	41.768677	21.211193	0.000000	8.287501	0.000000	8.316426
2009	02	0.000000	0.000000	0.000055	0.000055	-0.000000	-0.000000	0.000055	48.432259	21.798767	0.000000	8.287499	0.000000	8.316424
2009	02	0.000000	0.000000	0.000055	0.000055	-0.000000	-0.000000	0.000055	43.434937	25.579908	0.000000	8.287498	0.000000	8.316422
2009	02	0.000000	0.000000	0.000055	0.000055	-0.000000	-0.000000	0.000055	45.320637	31.089323	0.000000	8.287496	0.000000	8.316421
2009	02	0.000000	0.000000	0.000055	0.000055	-0.000000	-0.000000	0.000055	32.429848	22.539667	0.000000	8.287493	0.000000	8.316419
2009	03	0.000000	0.000000	0.000061	0.000061	-0.000000	-0.000000	0.000061	32.367851	21.429752	0.000000	8.287491	0.000000	8.316417
2009	03	0.000000	0.000000	0.000061	0.000061	-0.000000	-0.000000	0.000061	29.763987	21.157753	0.000000	8.287489	0.000000	8.316415
2009	03	0.000000	0.000000	0.000061	0.000061	-0.000000	-0.000000	0.000061	13.994340	10.628503	0.000000	8.287487	0.000000	8.316412
2009	03	0.000000	0.000000	0.000061	0.000061	-0.000000	-0.000000	0.000061	25.002254	19.866686	0.000000	8.287485	0.000000	8.316410
2009	03	0.000000	0.000000	0.000062	0.000062	-0.000000	-0.000000	0.000062	50.030956	45.353386	0.000000	8.287483	0.000000	8.316408
2009	03	0.000000	0.000000	0.000062	0.000062	-0.000000	-0.000000	0.000062	44.934566	47.106892	0.000000	8.287481	0.000000	8.316406
2009	03	0.000000	0.000000	0.000062	0.000062	-0.000000	-0.000000	0.000062	38.278492	34.897846	0.000000	8.287479	0.000000	8.316404
2009	03	0.000000	0.000000	0.000062	0.000062	-0.000000	-0.000000	0.000062	31.879545	25.746880	0.000000	8.287477	0.000000	8.316402
2009	03	0.000000	0.000000	0.000062	0.000062	-0.000000	-0.000000	0.000062	35.452084	24.879272	0.000000	8.287476	0.000000	8.316401
2009	03	0.000000	0.000000	0.000062	0.000062	-0.000000	-0.000000	0.000062	50.820976	32.799335	0.000000	8.287474	0.000000	8.316398
2009	03	0.000000	0.000000	0.000062	0.000062	-0.000000	-0.000000	0.000062	48.955124	30.646843	0.000000	8.287472	0.000000	8.316396
2009	03	0.000000	0.000000	0.000062	0.000062	-0.000000	-0.000000	0.000062	46.622337	33.492123	0.000000	8.287470	0.000000	8.316394
2009	03	0.000000	0.000000	0.000062	0.000062	-0.000000	-0.000000	0.000062	53.384838	42.410671	0.000000	8.287468	0.000000	8.316392
2009	03	0.000000	0.000000	0.000063	0.000063	-0.000000	-0.000000	0.000063	42.429977	32.996628	0.000000	8.287466	0.000000	8.316390
2009	03	0.000000	0.000000	0.000063	0.000063	-0.000000	-0.000000	0.000063	38.960999	27.804625	0.000000	8.287464	0.000000	8.316388
2009	03	0.000000	0.000000	0.000063	0.000063	-0.000000	-0.000000	0.000063	50.147434	45.419292	0.000000	8.287461	0.000000	8.316385
2009	03	0.000000	0.000000	0.000063	0.000063	-0.000000	-0.000000	0.000063	52.063431	42.465935	0.000000	8.287459	0.000000	8.316383
2009	03	0.000000	0.000000	0.000063	0.000063	-0.000000	-0.000000	0.000063	62.952438	46.235676	0.000000	8.287457	0.000000	8.316381
2009	03	0.000000	0.000000	0.000063	0.000063	-0.000000	-0.000000	0.000063	64.677383	42.189426	0.000000	8.287456	0.000000	8.316380
2009	03	0.000000	0.000000	0.000063	0.000063	-0.000000	-0.000000	0.000063	57.810711	35.916283	0.000000	8.287454	0.000000	8.316378
2009	03	0.000000	0.000000	0.000063	0.000063	-0.000000	-0.000000	0.000063	45.273853	26.037964	0.000000	8.287452	0.000000	8.316375
2009	03	0.000000	0.000000	0.000063	0.000063	-0.000000	-0.000000	0.000063	58.109524	38.828827	0.000000	8.287450	0.000000	8.316373
2009	03	0.000000	0.000000	0.000063	0.000063	-0.000000	-0.000000	0.000063	65.180138	47.561245	0.000000	8.287448	0.000000	8.316371
2009	03	0.000000	0.000000	0.000063	0.000063	-0.000000	-0.000000	0.000063	56.769547	45.183571	0.000000	8.287446	0.000000	8.316369
2009	03	0.000000	0.000000	0.000063	0.000063	-0.000000	-0.000000	0.000063	43.211567	32.800503	0.000000	8.287443	0.000000	8.316367
2009	03	0.000000	0.000000	0.000063	0.000063	-0.000000	-0.000000	0.000063	47.762291	42.263950	0.000000	8.287441	0.000000	8.316364
2009	03	0.000000	0.000000	0.000064	0.000064	-0.000000	-0.000000	0.000064	66.718315	51.421719	0.000000	8.287439	0.000000	8.316362
2009	03	0.000000	0.000000	0.000064	0.000064	-0.000000	-0.000000	0.000064	52.385937	32.801876	0.000000	8.287437	0.000000	8.316360
2009	03	0.000000	0.000000	0.000064	0.000064	-0.000000	-0.000000	0.000064	30.501907	29.398638	0.000000	8.287436	0.000000	8.316359
2009	03	0.000000	0.000000	0.000064	0.000064	-0.000000	-0.000000	0.000064	56.160576	33.097782	0.000000	8.287434	0.000000	8.316357
2009	03	0.000000	0.000000	0.000064	0.000064	-0.000000	-0.000000	0.000064	43.451370	34.880333	0.000000	8.287432	0.000000	8.316354
2009	04	0.000000	0.000000	0.000062	0.000062	-0.000000	-0.000000	0.000062	37.153702	29.132582	0.000000	8.287430	0.000000	8.316352
2009	04	0.000000	0.000000	0.000063	0.000063	-0.000000	-0.000000	0.000063	39.140476	34.810371	0.000000	8.287427	0.000000	8.316350
2009	04	0.000000	0.000000	0.000063	0.000063	-0.000000	-0.000000	0.000063	40.706768	31.608179	0.000000	8.287425	0.000000	8.316348
2009	04	0.000000	0.000000	0.000063	0.000063	-0.000000	-0.000000	0.000063	43.053566	28.656591	0.000000	8.287423	0.000000	8.316345
2009	04	0.000000	0.000000	0.000064	0.000064	-0.000000	-0.000000	0.000064	64.014168	33.395454	0.000000	8.287421	0.000000	8.316343
2009	04	0.000000	0.000000	0.000064	0.000064	-0.000000	-0.000000	0.000064	68.402138	45.442593	0.000000	8.287419	0.000000	8.316341
2009	04	0.000000	0.000000	0.000064	0.000064	-0.000000	-0.000000	0.000064	56.337036	33.137276	0.000000	8.287416	0.000000	8.316339
2009	04	0.000000	0.000000	0.000065	0.000065	-0.000000	-0.000000	0.000065	69.852333	58.824047	0.000000	8.287415	0.000000	8.316337
2009	04	0.000000	0.000000	0.000065	0.000065	-0.000000	-0.000000	0.000065	70.962151	43.273884	0.000000	8.287413	0.000000	8.316335
2009	04	0.000000	0.000000	0.000065	0.000065	-0.000000	-0.000000	0.000065	68.638664	40.941509	0.000000	8.287411	0.000000	8.316333
2009	04	0.000000	0.000000	0.000065	0.000065	-0.000000	-0.000000	0.000065	74.570595	51.327522	0.000000	8.287408	0.000000	8.316330
2009	04	0.000000	0.000000	0.000065	0.000065	-0.000000	-0.000000	0.000065	67.800026	52.815861	0.000000	8.287406	0.000000	8.316328
2009	04	0.000000	0.000000	0.000065	0.000065	-0.000000	-0.000000	0.000065	56.652817	47.767460	0.000000	8.287404	0.000000	8.316326
2009	04	0.000000	0.000000	0.000065	0.000065	-0.000000	-0.000000	0.000065	58.826897	42.389992	0.000000	8.287402	0.000000	8.316323
2009	04	0.000000	0.000000	0.000065	0.000065	-0.000000	-0.000000	0.000065	76.290215	48.009857	0.000000	8.287399	0.000000	8.316321
2009	04	0.000000	0.000000	0.000065	0.000065	-0.000000	-0.000000	0.000065	83.883049	51.753784	0.000000	8.287397	0.000000	8.316319
2009	04	0.000000	0.000000	0.000065	0.000065	-0.000000	-0.000000	0.000065	69.317474	47.902855	0.000000	8.287395	0.000000	8.316317
2009	04	0.000000	0.000000	0.000065	0.000065	-0.000000	-0.000000	0.000065	65.632454	45.332012	0.000000	8.287394	0.000000	8.316315
2009	04	0.000000	0.000000	0.000065	0.000065	-0.000000	-0.000000	0.000065	59.817375	46.789127	0.000000	8.287392	0.000000	8.316313
2009	04	0.000000	0.000000	0.000065	0.000065	-0.000000	-0.000000	0.000065	61.849274	46.538776	0.000000	8.287389	0.000000	8.316310
2009	04	0.000000	0.000000	0.000065	0.000065	-0.000000	-0.000000	0.000065	57.752686	34.955784	0.000000	8.287387	0.000000	8.316308
2009	04	0.000000	0.000000	0.000065	0.000065	-0.000000	-0.000000	0.000065	84.253517	48.895222	0.000000	8.287385	0.000000	8.316306
2009	04	0.000000	0.000000	0.000066	0.000066	-0.000000	-0.000000	0.000066	85.690102	49.772179	0.000000	8.287383	0.000000	8.316303
2009	04	0.000000	0.000000	0.000066	0.000066	-0.000000	-0.000000	0.000066	89.149078	54.400982	0.000000	8.287380	0.000000	8.316301
2009	04	0.000000	0.000000	0.000066	0.000066	-0.000000	-0.000000	0.000066	73.300873	59.002487	0.000000	8.287378	0.000000	8.316299
2009	04	0.000000	0.000000	0.000067	0.000067	-0.000000	-0.000000	0.000067	79.499527	78.722931	0.000000	8.287376	0.000000	8.316297
2009	04	0.000000	0.000000	0.000067	0.000067	-0.000000	-0.000000	0.000067	86.931648	72.005455	0.000000	8.287374	0.000000	8.316295
2009	04	0.000000	0.000000	0.000067	0.000067	-0.000000	-0.000000	0.000067	64.166855	55.347500	0.000000	8.287372	0.000000	8.316292
2009	04	0.000000	0.000000	0.000067	0.000067	-0.000000	-0.000000	0.000067	69.009010	69.150299	0.000000	8.287370	0.000000	8.316290
2009	04	0.000000	0.000000	0.000067	0.000067	-0.000000	-0.000000	0.000067	74.092758	52.392502	0.000000	8.287368	0.000000	8.316288
2009	05	0.000000	0.000000	0.000070	0.000070	-0.000000	-0.000000	0.000070	73.320892	72.572701	0.000000	8.287365	0.000000	8.316285
2009	05	0.000000	0.000000	0.000070	0.000070	-0.000000	-0.000000	0.000070	82.324127	51.039528	0.000000	8.287363	0.000000	8.316283
2009	05	0.000000	0.000000	0.000070	0.000070	-0.000000	-0.000000	0.000070	98.233162	61.495285	0.000000	8.287361	0.000000	8.316280
2009	05	0.000000	0.000000	0.000070	0.000070	-0.000000	-0.000000	0.000070	97.330811	58.671406	0.000000	8.287358	0.000000	8.316278
2009	05	0.000000	0.000000	0.000070	0.000070	-0.000000	-0.000000	0.000070	87.936371	48.209106	0.000000	8.287356	0.000000	8.316277
2009	05	0.000000	0.000000	0.000070	0.000070	-0.000000	-0.000000	0.000070	92.249916	42.860752	0.000000	8.287354	0.000000	8.316274
2009	05	0.000000	0.000000	0.000070	0.000070	-0.000000	-0.000000	0.000070	95.648041	44.076244	0.000000	8.287352	0.000000	8.316272
2009	05	0.000000	0.000000	0.000070	0.000070	-0.000000	-0.000000	0.000070	87.587791	40.078018	0.000000	8.287350	0.000000	8.316269
2009	05	0.000000	0.000000	0.000070	0.000070	-0.000000	-0.000000	0.000070	84.537682	42.178547	0.000000	8.287348	0.000000	8.316267
2009	05	0.000000	0.000000	0.000071	0.000071	-0.000000	-0.000000	0.000071	43.970871	32.496281	0.000000	8.287345	0.000000	8.316264
2009	05	0.000000	0.000000	0.000071	0.000071	-0.000000	-0.000000	0.000071	62.298325	33.510586	0.000000	8.287343	0.000000	8.316262
2009	05	0.000000	0.000000	0.000071	0.000071	-0.000000	-0.000000	0.000071	78.958420	27.934029	0.000000	8.287340	0.000000	8.316260
2009	05	0.000000	0.000000	0.000072	0.000072	-0.000000	-0.000000	0.000072	81.469879	36.080433	0.000000	8.287338	0.000000	8.316257
2009	05	0.000000	0.000000	0.000072	0.000072	-0.000000	-0.000000	0.000072	62.413490	48.745304	0.000000	8.287336	0.000000	8.316256
2009	05	0.000000	0.000000	0.000072	0.000072	-0.000000	-0.000000	0.000072	79.909904	83.673325	0.000000	8.287333	0.000000	8.316253
2009	05	0.000000	0.000000	0.000073	0.000073	-0.000000	-0.000000	0.000073	79.786392	62.552067	0.000000	8.287332	0.000000	8.316251
2009	05	0.000000	0.000000	0.000073	0.000073	-0.000000	-0.000000	0.000073	83.744728	63.680855	0.000000	8.287329	0.000000	8.316248
2009	05	0.000000	0.000000	0.000073	0.000073	-0.000000	-0.000000	0.000073	75.150391	51.591976	0.000000	8.287327	0.000000	8.316246
2009	05	0.000000	0.000000	0.000073	0.000073	-0.000000	-0.000000	0.000073	89.242294	56.373631	0.000000	8.287325	0.000000	8.316243
2009	05	0.000000	0.000000	0.000074	0.000074	-0.000000	-0.000000	0.000074	38.883408	52.071297	0.000000	8.287322	0.000000	8.316240
2009	05	0.000000	0.000000	0.000074	0.000074	-0.000000	-0.000000	0.000074	69.470680	63.143677	0.000000	8.287320	0.000000	8.316238
2009	05	0.000000	0.000000	0.000074	0.000074	-0.000000	-0.000000	0.000074	77.859940	36.661221	0.000000	8.287317	0.000000	8.316236
2009	05	0.000000	0.000000	0.000074	0.000074	-0.000000	-0.000000	0.000074	56.427856	42.243999	0.000000	8.287315	0.000000	8.316234
2009	05	0.000000	0.000000	0.000075	0.000075	-0.000000	-0.000000	0.000075	72.359200	37.152699	0.000000	8.287313	0.000000	8.316231
2009	05	0.000000	0.000000	0.000075	0.000075	-0.000000	-0.000000	0.000075	52.830505	27.649666	0.000000	8.287311	0.000000	8.316229
2009	05	0.000000	0.000000	0.000076	0.000076	-0.000000	-0.000000	0.000076	102.493401	37.875530	0.000000	8.287308	0.000000	8.316226
2009	05	0.000000	0.000000	0.000076	0.000076	-0.000000	-0.000000	0.000076	111.502655	35.119911	0.000000	8.287306	0.000000	8.316223
2009	05	0.000000	0.000000	0.000077	0.000077	-0.000000	-0.000000	0.000077	131.908218	36.244156	0.000000	8.287303	0.000000	8.316221
2009	05	0.000000	0.000000	0.000077	0.000077	-0.000000	-0.000000	0.000077	64.862610	24.657400	0.000000	8.287301	0.000000	8.316218
2009	05	0.000000	0.000000	0.000076	0.000076	-0.000000	-0.000000	0.000076	99.772835	25.593796	0.000000	8.287298	0.000000	8.316216
2009	05	0.000000	0.000000	0.000076	0.000076	-0.000000	-0.000000	0.000076	95.108337	26.470488	0.000000	8.287296	0.000000	8.316214
2009	06	0.000000	0.000000	0.000074	0.000074	-0.000000	-0.000000	0.000074	114.363335	25.921576	0.000000	8.287293	0.000000	8.316211
2009	06	0.000000	0.000000	0.000074	0.000074	-0.000000	-0.000000	0.000074	105.842186	24.422735	0.000000	8.287291	0.000000	8.316209
2009	06	0.000000	0.000000	0.000075	0.000075	-0.000000	-0.000000	0.000075	101.454926	27.457848	0.000000	8.287289	0.000000	8.316206
2009	06	0.000000	0.000000	0.000075	0.000075	-0.000000	-0.000000	0.000075	92.636719	22.606234	0.000000	8.287286	0.000000	8.316203
2009	06	0.000000	0.000000	0.000076	0.000076	-0.000000	-0.000000	0.000076	102.076805	22.982401	0.000000	8.287284	0.000000	8.316201
2009	06	0.000000	0.000000	0.000076	0.000076	-0.000000	-0.000000	0.000076	128.749496	28.476505	0.000000	8.287281	0.000000	8.316198
2009	06	0.000000	0.000000	0.000077	0.000077	-0.000000	-0.000000	0.000077	133.012222	21.075474	0.000000	8.287278	0.000000	8.316195
2009	06	0.000000	0.000000	0.000077	0.000077	-0.000000	-0.000000	0.000077	122.296074	19.948582	0.000000	8.287276	0.000000	8.316193
2009	06	0.000000	0.000000	0.000077	0.000077	-0.000000	-0.000000	0.000077	113.499138	24.475418	0.000000	8.287273	0.000000	8.316191
2009	06	0.000000	0.000000	0.000077	0.000077	-0.000000	-0.000000	0.000077	104.013710	19.728415	0.000000	8.287271	0.000000	8.316188
2009	06	0.000000	0.000000	0.000078	0.000078	-0.000000	-0.000000	0.000078	112.345589	20.925289	0.000000	8.287269	0.000000	8.316185
2009	06	0.000000	0.000000	0.000078	0.000078	-0.000000	-0.000000	0.000078	114.354904	24.723892	0.000000	8.287266	0.000000	8.316182
2009	06	0.000000	0.000000	0.000079	0.000079	-0.000000	-0.000000	0.000079	116.305847	21.129297	0.000000	8.287263	0.000000	8.316179
2009	06	0.000000	0.000000	0.000079	0.000079	-0.000000	-0.000000	0.000079	106.346428	21.695507	0.000000	8.287261	0.000000	8.316177
2009	06	0.000000	0.000000	0.000080	0.000080	-0.000000	-0.000000	0.000080	115.512794	21.712248	0.000000	8.287258	0.000000	8.316175
2009	06	0.000000	0.000000	0.000080	0.000080	-0.000000	-0.000000	0.000080	116.801407	17.274155	0.000000	8.287255	0.000000	8.316172
2009	06	0.000000	0.000000	0.000081	0.000081	-0.000000	-0.000000	0.000081	122.922081	20.818945	0.000000	8.287253	0.000000	8.316169
2009	06	0.000000	0.000000	0.000081	0.000081	-0.000000	-0.000000	0.000081	97.380875	16.960468	0.000000	8.287251	0.000000	8.316166
2009	06	0.000000	0.000000	0.000081	0.000081	-0.000000	-0.000000	0.000081	126.589333	20.763971	0.000000	8.287248	0.000000	8.316163
2009	06	0.000000	0.000000	0.000081	0.000081	-0.000000	-0.000000	0.000081	123.895874	17.494259	0.000000	8.287245	0.000000	8.316160
2009	06	0.000000	0.000000	0.000082	0.000082	-0.000000	-0.000000	0.000082	143.289383	20.836233	0.000000	8.287242	0.000000	8.316158
2009	06	0.000000	0.000000	0.000082	0.000082	-0.000000	-0.000000	0.000082	122.718529	39.961285	0.000000	8.287240	0.000000	8.316155
2009	06	0.000000	0.000000	0.000082	0.000082	-0.000000	-0.000000	0.000082	91.912743	80.549911	0.000000	8.287237	0.000000	8.316153
2009	06	0.000000	0.000000	0.000082	0.000082	-0.000000	-0.000000	0.000082	90.123840	73.962257	0.000000	8.287234	0.000000	8.316150
2009	06	0.000000	0.000000	0.000082	0.000082	-0.000000	-0.000000	0.000082	80.639610	47.083397	0.000000	8.287231	0.000000	8.316147
2009	06	0.000000	0.000000	0.000082	0.000082	-0.000000	-0.000000	0.000082	102.804489	42.466759	0.000000	8.287229	0.000000	8.316144
2009	06	0.000000	0.000000	0.000082	0.000082	-0.000000	-0.000000	0.000082	92.302353	28.156544	0.000000	8.287226	0.000000	8.316141
2009	06	0.000000	0.000000	0.000082	0.000082	-0.000000	-0.000000	0.000082	115.717590	27.185474	0.000000	8.287224	0.000000	8.316138
2009	06	0.000000	0.000000	0.000083	0.000083	-0.000000	-0.000000	0.000083	111.629242	24.728010	0.000000	8.287221	0.000000	8.316135
2009	06	0.000000	0.000000	0.000083	0.000083	-0.000000	-0.000000	0.000083	73.931259	17.862745	0.000000	8.287218	0.000000	8.316133
2009	07	0.000000	0.000000	0.000086	0.000086	-0.000000	-0.000000	0.000086	107.099907	26.555885	0.000000	8.287215	0.000000	8.316130
2009	07	0.000000	0.000000	0.000086	0.000086	-0.000000	-0.000000	0.000086	111.652946	25.219381	0.000000	8.287212	0.000000	8.316127
2009	07	0.000000	0.000000	0.000087	0.000087	-0.000000	-0.000000	0.000087	77.529831	17.975964	0.000000	8.287210	0.000000	8.316124
2009	07	0.000000	0.000000	0.000087	0.000087	-0.000000	-0.000000	0.000087	105.034813	22.122784	0.000000	8.287207	0.000000	8.316121
2009	07	0.000000	0.000000	0.000088	0.000088	-0.000000	-0.000000	0.000088	88.429398	19.099758	0.000000	8.287205	0.000000	8.316118
2009	07	0.000000	0.000000	0.000088	0.000088	-0.000000	-0.000000	0.000088	103.104401	23.317616	0.000000	8.287202	0.000000	8.316115
2009	07	0.000000	0.000000	0.000089	0.000089	-0.000000	-0.000000	0.000089	104.560738	22.277880	0.000000	8.287199	0.000000	8.316113
2009	07	0.000000	0.000000	0.000089	0.000089	-0.000000	-0.000000	0.000089	96.576233	15.477915	0.000000	8.287196	0.000000	8.316110
2009	07	0.000000	0.000000	0.000090	0.000090	-0.000000	-0.000000	0.000090	125.922562	18.687168	0.000000	8.287193	0.000000	8.316107
2009	07	0.000000	0.000000	0.000090	0.000090	-0.000000	-0.000000	0.000090	120.016808	16.849491	0.000000	8.287190	0.000000	8.316104
2009	07	0.000000	0.000000	0.000090	0.000090	-0.000000	-0.000000	0.000090	121.591270	18.470163	0.000000	8.287188	0.000000	8.316101
2009	07	0.000000	0.000000	0.000091	0.000091	-0.000000	-0.000000	0.000091	123.950905	17.854580	0.000000	8.287185	0.000000	8.316098
2009	07	0.000000	0.000000	0.000091	0.000091	-0.000000	-0.000000	0.000091	115.832825	19.410135	0.000000	8.287182	0.000000	8.316095
2009	07	0.000000	0.000000	0.000091	0.000091	-0.000000	-0.000000	0.000091	109.397095	17.017206	0.000000	8.287179	0.000000	8.316092
2009	07	0.000000	0.000000	0.000091	0.000091	-0.000000	-0.000000	0.000091	109.708740	19.206066	0.000000	8.287176	0.000000	8.316089
2009	07	0.000000	0.000000	0.000091	0.000091	-0.000000	-0.000000	0.000091	111.054443	19.693619	0.000000	8.287173	0.000000	8.316086
2009	07	0.000000	0.000000	0.000092	0.000092	-0.000000	-0.000000	0.000092	111.400902	14.854045	0.000000	8.287170	0.000000	8.316083
2009	07	0.000000	0.000000	0.000092	0.000092	-0.000000	-0.000000	0.000092	102.741127	21.111141	0.000000	8.287168	0.000000	8.316080
2009	07	0.000000	0.000000	0.000092	0.000092	-0.000000	-0.000000	0.000092	137.455078	15.375915	0.000000	8.287164	0.000000	8.316077
2009	07	0.000000	0.000000	0.000092	0.000092	-0.000000	-0.000000	0.000092	123.756142	15.991955	0.000000	8.287161	0.000000	8.316074
2009	07	0.000000	0.000000	0.000092	0.000092	-0.000000	-0.000000	0.000092	99.223579	16.199734	0.000000	8.287158	0.000000	8.316071
2009	07	0.000000	0.000000	0.000092	0.000092	-0.000000	-0.000000	0.000092	75.485451	14.337635	0.000000	8.287155	0.000000	8.316068
2009	07	0.000000	0.000000	0.000092	0.000092	-0.000000	-0.000000	0.000092	111.438049	18.435009	0.000000	8.287152	0.000000	8.316065
2009	07	0.000000	0.000000	0.000092	0.000092	-0.000000	-0.000000	0.000092	81.715172	17.857735	0.000000	8.287149	0.000000	8.316062
2009	07	0.000000	0.000000	0.000093	0.000093	-0.000000	-0.000000	0.000093	78.518959	18.046883	0.000000	8.287147	0.000000	8.316059
2009	07	0.000000	0.000000	0.000093	0.000093	-0.000000	-0.000000	0.000093	124.443733	18.428528	0.000000	8.287144	0.000000	8.316055
2009	07	0.000000	0.000000	0.000093	0.000093	-0.000000	-0.000000	0.000093	114.442848	15.286200	0.000000	8.287141	0.000000	8.316052
2009	07	0.000000	0.000000	0.000093	0.000093	-0.000000	-0.000000	0.000093	93.100082	14.719864	0.000000	8.287138	0.000000	8.316050
2009	07	0.000000	0.000000	0.000094	0.000094	-0.000000	-0.000000	0.000094	109.335464	18.252041	0.000000	8.287135	0.000000	8.316047
2009	07	0.000000	0.000000	0.000094	0.000094	-0.000000	-0.000000	0.000094	89.052711	14.518435	0.000000	8.287132	0.000000	8.316044
2009	07	0.000000	0.000000	0.000094	0.000094	-0.000000	-0.000000	0.000094	102.017899	16.389511	0.000000	8.287129	0.000000	8.316040
2009	08	0.000000	0.000000	0.000095	0.000095	-0.000000	-0.000000	0.000095	105.007195	13.972907	0.000000	8.287126	0.000000	8.316037
2009	08	0.000000	0.000000	0.000095	0.000095	-0.000000	-0.000000	0.000095	89.361015	15.191716	0.000000	8.287123	0.000000	8.316034
2009	08	0.000000	0.000000	0.000095	0.000095	-0.000000	-0.000000	0.000095	86.836372	16.648525	0.000000	8.287120	0.000000	8.316031
2009	08	0.000000	0.000000	0.000095	0.000095	-0.000000	-0.000000	0.000095	93.421326	17.621967	0.000000	8.287117	0.000000	8.316028
2009	08	0.000000	0.000000	0.000096	0.000096	-0.000000	-0.000000	0.000096	99.668655	16.725925	0.000000	8.287114	0.000000	8.316025
2009	08	0.000000	0.000000	0.000096	0.000096	-0.000000	-0.000000	0.000096	88.530952	15.101587	0.000000	8.287111	0.000000	8.316022
2009	08	0.000000	0.000000	0.000096	0.000096	-0.000000	-0.000000	0.000096	90.580704	14.312776	0.000000	8.287107	0.000000	8.316018
2009	08	0.000000	0.000000	0.000097	0.000097	-0.000000	-0.000000	0.000097	87.046272	15.956647	0.000000	8.287105	0.000000	8.316015
2009	08	0.000000	0.000000	0.000097	0.000097	-0.000000	-0.000000	0.000097	98.741005	15.541055	0.000000	8.287102	0.000000	8.316012
2009	08	0.000000	0.000000	0.000098	0.000098	-0.000000	-0.000000	0.000098	101.359215	15.007267	0.000000	8.287099	0.000000	8.316009
2009	08	0.000000	0.000000	0.000098	0.000098	-0.000000	-0.000000	0.000098	107.282494	20.356436	0.000000	8.287095	0.000000	8.316006
2009	08	0.000000	0.000000	0.000098	0.000098	-0.000000	-0.000000	0.000098	113.413086	17.118816	0.000000	8.287092	0.000000	8.316003
2009	08	0.000000	0.000000	0.000098	0.000098	-0.000000	-0.000000	0.000098	103.918732	15.392879	0.000000	8.287089	0.000000	8.315999
2009	08	0.000000	0.000000	0.000098	0.000098	-0.000000	-0.000000	0.000098	89.743294	13.590550	0.000000	8.287086	0.000000	8.315996
2009	08	0.000000	0.000000	0.000098	0.000098	-0.000000	-0.000000	0.000098	100.565338	15.276517	0.000000	8.287083	0.000000	8.315993
2009	08	0.000000	0.000000	0.000098	0.000098	-0.000000	-0.000000	0.000098	98.530762	14.499502	0.000000	8.287080	0.000000	8.315989
2009	08	0.000000	0.000000	0.000098	0.000098	-0.000000	-0.000000	0.000098	68.021309	12.646420	0.000000	8.287077	0.000000	8.315987
2009	08	0.000000	0.000000	0.000097	0.000097	-0.000000	-0.000000	0.000097	64.266357	13.508948	0.000000	8.287074	0.000000	8.315983
2009	08	0.000000	0.000000	0.000097	0.000097	-0.000000	-0.000000	0.000097	86.383987	16.479113	0.000000	8.287071	0.000000	8.315980
2009	08	0.000000	0.000000	0.000097	0.000097	-0.000000	-0.000000	0.000097	78.928505	12.777805	0.000000	8.287067	0.000000	8.315977
2009	08	0.000000	0.000000	0.000097	0.000097	-0.000000	-0.000000	0.000097	77.383408	14.316617	0.000000	8.287065	0.000000	8.315973
2009	08	0.000000	0.000000	0.000097	0.000097	-0.000000	-0.000000	0.000097	77.123108	15.820276	0.000000	8.287062	0.000000	8.315970
2009	08	0.000000	0.000000	0.000097	0.000097	-0.000000	-0.000000	0.000097	92.209160	15.213030	0.000000	8.287059	0.000000	8.315968
2009	08	0.000000	0.000000	0.000096	0.000096	-0.000000	-0.000000	0.000096	69.007065	12.540428	0.000000	8.287055	0.000000	8.315964
2009	08	0.000000	0.000000	0.000096	0.000096	-0.000000	-0.000000	0.000096	81.125648	15.437797	0.000000	8.287052	0.000000	8.315961
2009	08	0.000000	0.000000	0.000096	0.000096	-0.000000	-0.000000	0.000096	78.632896	15.695709	0.000000	8.287049	0.000000	8.315958
2009	08	0.000000	0.000000	0.000096	0.000096	-0.000000	-0.000000	0.000096	81.429337	12.885521	0.000000	8.287046	0.000000	8.315955
2009	08	0.000000	0.000000	0.000096	0.000096	-0.000000	-0.000000	0.000096	50.491936	13.605818	0.000000	8.287044	0.000000	8.315951
2009	08	0.000000	0.000000	0.000096	0.000096	-0.000000	-0.000000	0.000096	81.578445	15.942183	0.000000	8.287041	0.000000	8.315948
2009	08	0.000000	0.000000	0.000096	0.000096	-0.000000	-0.000000	0.000096	86.315208	14.423630	0.000000	8.287037	0.000000	8.315946
2009	08	0.000000	0.000000	0.000095	0.000095	-0.000000	-0.000000	0.000095	74.769669	24.615850	0.000000	8.287034	0.000000	8.315942
2009	09	0.000000	0.000000	0.000092	0.000092	-0.000000	-0.000000	0.000092	55.937832	51.628693	0.000000	8.287031	0.000000	8.315939
2009	09	0.000000	0.000000	0.000092	0.000092	-0.000000	-0.000000	0.000092	71.612854	37.479176	0.000000	8.287028	0.000000	8.315936
2009	09	0.000000	0.000000	0.000092	0.000092	-0.000000	-0.000000	0.000092	70.535469	26.899725	0.000000	8.287025	0.000000	8.315932
2009	09	0.000000	0.000000	0.000092	0.000092	-0.000000	-0.000000	0.000092	60.263962	21.892838	0.000000	8.287023	0.000000	8.315929
2009	09	0.000000	0.000000	0.000092	0.000092	-0.000000	-0.000000	0.000092	59.235455	18.291521	0.000000	8.287019	0.000000	8.315927
2009	09	0.000000	0.000000	0.000092	0.000092	-0.000000	-0.000000	0.000092	84.097313	19.081837	0.000000	8.287016	0.000000	8.315924
2009	09	0.000000	0.000000	0.000092	0.000092	-0.000000	-0.000000	0.000092	73.656441	15.323006	0.000000	8.287013	0.000000	8.315920
2009	09	0.000000	0.000000	0.000092	0.000092	-0.000000	-0.000000	0.000092	69.226784	16.622030	0.000000	8.287010	0.000000	8.315917
2009	09	0.000000	0.000000	0.000092	0.000092	-0.000000	-0.000000	0.000092	15.960265	37.753487	0.000000	8.287007	0.000000	8.315914
2009	09	0.000000	0.000000	0.000091	0.000091	-0.000000	-0.000000	0.000091	52.353455	64.587547	0.000000	8.287004	0.000000	8.315911
2009	09	0.000000	0.000000	0.000091	0.000091	-0.000000	-0.000000	0.000091	58.851009	74.119698	0.000000	8.287002	0.000000	8.315907
2009	09	0.000000	0.000000	0.000091	0.000091	-0.000000	-0.000000	0.000091	44.145866	53.348343	0.000000	8.286998	0.000000	8.315905
2009	09	0.000000	0.000000	0.000090	0.000090	-0.000000	-0.000000	0.000090	37.730053	42.740498	0.000000	8.286995	0.000000	8.315902
2009	09	0.000000	0.000000	0.000089	0.000089	-0.000000	-0.000000	0.000089	45.613407	39.452930	0.000000	8.286992	0.000000	8.315899
2009	09	0.000000	0.000000	0.000089	0.000089	-0.000000	-0.000000	0.000089	44.767742	51.393604	0.000000	8.286989	0.000000	8.315896
2009	09	0.000000	0.000000	0.000089	0.000089	-0.000000	-0.000000	0.000089	44.374630	54.303524	0.000000	8.286986	0.000000	8.315892
2009	09	0.000000	0.000000	0.000088	0.000088	-0.000000	-0.000000	0.000088	57.249622	44.038960	0.000000	8.286983	0.000000	8.315889
2009	09	0.000000	0.000000	0.000088	0.000088	-0.000000	-0.000000	0.000088	64.935020	38.731564	0.000000	8.286981	0.000000	8.315886
2009	09	0.000000	0.000000	0.000088	0.000088	-0.000000	-0.000000	0.000088	60.639412	37.486584	0.000000	8.286978	0.000000	8.315884
2009	09	0.000000	0.000000	0.000087	0.000087	-0.000000	-0.000000	0.000087	53.993359	34.414768	0.000000	8.286975	0.000000	8.315881
2009	09	0.000000	0.000000	0.000087	0.000087	-0.000000	-0.000000	0.000087	54.906185	27.273567	0.000000	8.286972	0.000000	8.315878
2009	09	0.000000	0.000000	0.000086	0.000086	-0.000000	-0.000000	0.000086	58.653606	35.469276	0.000000	8.286969	0.000000	8.315875
2009	09	0.000000	0.000000	0.000086	0.000086	-0.000000	-0.000000	0.000086	59.425644	41.238964	0.000000	8.286966	0.000000	8.315872
2009	09	0.000000	0.000000	0.000086	0.000086	-0.000000	-0.000000	0.000086	51.623589	47.745415	0.000000	8.286963	0.000000	8.315869
2009	09	0.000000	0.000000	0.000085	0.000085	-0.000000	-0.000000	0.000085	44.704163	43.760437	0.000000	8.286961	0.000000	8.315866
2009	09	0.000000	0.000000	0.000085	0.000085	-0.000000	-0.000000	0.000085	45.534477	38.777412	0.000000	8.286958	0.000000	8.315863
2009	09	0.000000	0.000000	0.000084	0.000084	-0.000000	-0.000000	0.000084	43.558590	37.130596	0.000000	8.286956	0.000000	8.315860
2009	09	0.000000	0.000000	0.000084	0.000084	-0.000000	-0.000000	0.000084	26.507288	30.461252	0.000000	8.286953	0.000000	8.315857
2009	09	0.000000	0.000000	0.000083	0.000083	-0.000000	-0.000000	0.000083	14.032206	26.220749	0.000000	8.286950	0.000000	8.315854
2009	09	0.000000	0.000000	0.000083	0.000083	-0.000000	-0.000000	0.000083	28.461729	30.339666	0.000000	8.286947	0.000000	8.315851
2009	10	0.000000	0.000000	0.000085	0.000085	-0.000000	-0.000000	0.000085	45.995213	31.605467	0.000000	8.286944	0.000000	8.315849
2009	10	0.000000	0.000000	0.000085	0.000085	-0.000000	-0.000000	0.000085	47.290642	35.661209	0.000000	8.286942	0.000000	8.315846
2009	10	0.000000	0.000000	0.000085	0.000085	-0.000000	-0.000000	0.000085	41.106976	36.649410	0.000000	8.286939	0.000000	8.315844
2009	10	0.000000	0.000000	0.000085	0.000085	-0.000000	-0.000000	0.000085	42.542660	35.507732	0.000000	8.286937	0.000000	8.315841
2009	10	0.000000	0.000000	0.000085	0.000085	-0.000000	-0.000000	0.000085	42.219456	36.182400	0.000000	8.286934	0.000000	8.315838
2009	10	0.000000	0.000000	0.000085	0.000085	-0.000000	-0.000000	0.000085	37.210701	39.919056	0.000000	8.286931	0.000000	8.315835
2009	10	0.000000	0.000000	0.000085	0.000085	-0.000000	-0.000000	0.000085	31.640240	37.754700	0.000000	8.286928	0.000000	8.315832
2009	10	0.000000	0.000000	0.000085	0.000085	-0.000000	-0.000000	0.000085	35.270809	31.868595	0.000000	8.286925	0.000000	8.315829
2009	10	0.000000	0.000000	0.000085	0.000085	-0.000000	-0.000000	0.000085	36.632832	32.770393	0.000000	8.286923	0.000000	8.315826
2009	10	0.000000	0.000000	0.000085	0.000085	-0.000000	-0.000000	0.000085	42.293800	29.330429	0.000000	8.286921	0.000000	8.315824
2009	10	0.000000	0.000000	0.000085	0.000085	-0.000000	-0.000000	0.000085	44.358616	31.627131	0.000000	8.286918	0.000000	8.315821
2009	10	0.000000	0.000000	0.000085	0.000085	-0.000000	-0.000000	0.000085	45.000607	33.862072	0.000000	8.286915	0.000000	8.315818
2009	10	0.000000	0.000000	0.000085	0.000085	-0.000000	-0.000000	0.000085	40.470509	23.372837	0.000000	8.286912	0.000000	8.315815
2009	10	0.000000	0.000000	0.000085	0.000085	-0.000000	-0.000000	0.000085	45.768997	31.170675	0.000000	8.286909	0.000000	8.315812
2009	10	0.000000	0.000000	0.000084	0.000084	-0.000000	-0.000000	0.000084	32.259052	22.702539	0.000000	8.286907	0.000000	8.315809
2009	10	0.000000	0.000000	0.000084	0.000084	-0.000000	-0.000000	0.000084	30.644022	24.387775	0.000000	8.286904	0.000000	8.315807
2009	10	0.000000	0.000000	0.000083	0.000083	-0.000000	-0.000000	0.000083	17.353098	33.470524	0.000000	8.286901	0.000000	8.315804
2009	10	0.000000	0.000000	0.000083	0.000083	-0.000000	-0.000000	0.000083	32.014324	25.684612	0.000000	8.286899	0.000000	8.315802
2009	10	0.000000	0.000000	0.000082	0.000082	-0.000000	-0.000000	0.000082	37.801357	32.312679	0.000000	8.286897	0.000000	8.315799
2009	10	0.000000	0.000000	0.000081	0.000081	-0.000000	-0.000000	0.000081	32.991310	25.166462	0.000000	8.286894	0.000000	8.315796
2009	10	0.000000	0.000000	0.000081	0.000081	-0.000000	-0.000000	0.000081	30.767679	24.384758	0.000000	8.286891	0.000000	8.315793
2009	10	0.000000	0.000000	0.000080	0.000080	-0.000000	-0.000000	0.000080	31.749170	34.870113	0.000000	8.286888	0.000000	8.315791
2009	10	0.000000	0.000000	0.000080	0.000080	-0.000000	-0.000000	0.000080	27.962898	42.214264	0.000000	8.286886	0.000000	8.315788
2009	10	0.000000	0.000000	0.000080	0.000080	-0.000000	-0.000000	0.000080	24.159128	21.605322	0.000000	8.286883	0.000000	8.315785
2009	10	0.000000	0.000000	0.000080	0.000080	-0.000000	-0.000000	0.000080	28.283937	23.406574	0.000000	8.286880	0.000000	8.315783
2009	10	0.000000	0.000000	0.000079	0.000079	-0.000000	-0.000000	0.000079	24.971981	27.925617	0.000000	8.286879	0.000000	8.315781
2009	10	0.000000	0.000000	0.000079	0.000079	-0.000000	-0.000000	0.000079	25.519394	28.970713	0.000000	8.286876	0.000000	8.315778
2009	10	0.000000	0.000000	0.000079	0.000079	-0.000000	-0.000000	0.000079	26.837652	25.846928	0.000000	8.286874	0.000000	8.315775
2009	10	0.000000	0.000000	0.000079	0.000079	-0.000000	-0.000000	0.000079	29.044970	23.491217	0.000000	8.286871	0.000000	8.315772
2009	10	0.000000	0.000000	0.000079	0.000079	-0.000000	-0.000000	0.000079	27.888433	19.963661	0.000000	8.286868	0.000000	8.315770
2009	10	0.000000	0.000000	0.000078	0.000078	-0.000000	-0.000000	0.000078	24.519093	19.471973	0.000000	8.286866	0.000000	8.315767
2009	11	0.000000	0.000000	0.000076	0.000076	-0.000000	-0.000000	0.000076	28.527134	20.102865	0.000000	8.286863	0.000000	8.315764
2009	11	0.000000	0.000000	0.000076	0.000076	-0.000000	-0.000000	0.000076	28.566160	24.840034	0.000000	8.286861	0.000000	8.315762
2009	11	0.000000	0.000000	0.000076	0.000076	-0.000000	-0.000000	0.000076	19.350945	38.605663	0.000000	8.286859	0.000000	8.315760
2009	11	0.000000	0.000000	0.000075	0.000075	-0.000000	-0.000000	0.000075	18.287107	30.068146	0.000000	8.286856	0.000000	8.315757
2009	11	0.000000	0.000000	0.000075	0.000075	-0.000000	-0.000000	0.000075	15.088625	34.061993	0.000000	8.286854	0.000000	8.315754
2009	11	0.000000	0.000000	0.000075	0.000075	-0.000000	-0.000000	0.000075	29.108727	40.841454	0.000000	8.286851	0.000000	8.315752
2009	11	0.000000	0.000000	0.000074	0.000074	-0.000000	-0.000000	0.000074	23.163527	25.111649	0.000000	8.286849	0.000000	8.315749
2009	11	0.000000	0.000000	0.000074	0.000074	-0.000000	-0.000000	0.000074	12.104784	33.448498	0.000000	8.286846	0.000000	8.315746
2009	11	0.000000	0.000000	0.000073	0.000073	-0.000000	-0.000000	0.000073	22.082987	32.449688	0.000000	8.286844	0.000000	8.315744
2009	11	0.000000	0.000000	0.000072	0.000072	-0.000000	-0.000000	0.000072	20.304146	27.875820	0.000000	8.286841	0.000000	8.315742
2009	11	0.000000	0.000000	0.000072	0.000072	-0.000000	-0.000000	0.000072	19.695404	17.083239	0.000000	8.286839	0.000000	8.315740
2009	11	0.000000	0.000000	0.000071	0.000071	-0.000000	-0.000000	0.000071	19.865160	13.246312	0.000000	8.286837	0.000000	8.315737
2009	11	0.000000	0.000000	0.000071	0.000071	-0.000000	-0.000000	0.000071	20.467724	14.104888	0.000000	8.286835	0.000000	8.315735
2009	11	0.000000	0.000000	0.000070	0.000070	-0.000000	-0.000000	0.000070	20.588568	14.789729	0.000000	8.286832	0.000000	8.315732
2009	11	0.000000	0.000000	0.000070	0.000070	-0.000000	-0.000000	0.000070	14.916824	17.808989	0.000000	8.286830	0.000000	8.315729
2009	11	0.000000	0.000000	0.000070	0.000070	-0.000000	-0.000000	0.000070	17.114685	15.951206	0.000000	8.286827	0.000000	8.315727
2009	11	0.000000	0.000000	0.000070	0.000070	-0.000000	-0.000000	0.000070	16.336802	16.221392	0.000000	8.286825	0.000000	8.315724
2009	11	0.000000	0.000000	0.000069	0.000069	-0.000000	-0.000000	0.000069	14.588177	13.033538	0.000000	8.286823	0.000000	8.315722
2009	11	0.000000	0.000000	0.000069	0.000069	-0.000000	-0.000000	0.000069	15.094923	18.108837	0.000000	8.286820	0.000000	8.315721
2009	11	0.000000	0.000000	0.000069	0.000069	-0.000000	-0.000000	0.000069	8.002633	11.455999	0.000000	8.286819	0.000000	8.315718
2009	11	0.000000	0.000000	0.000069	0.000069	-0.000000	-0.000000	0.000069	13.354247	12.991472	0.000000	8.286817	0.000000	8.315716
2009	11	0.000000	0.000000	0.000068	0.000068	-0.000000	-0.000000	0.000068	16.942329	12.720107	0.000000	8.286814	0.000000	8.315713
2009	11	0.000000	0.000000	0.000068	0.000068	-0.000000	-0.000000	0.000068	6.667391	17.535835	0.000000	8.286812	0.000000	8.315711
2009	11	0.000000	0.000000	0.000068	0.000068	-0.000000	-0.000000	0.000068	14.108007	15.119866	0.000000	8.286810	0.000000	8.315708
2009	11	0.000000	0.000000	0.000068	0.000068	-0.000000	-0.000000	0.000068	10.480672	10.250968	0.000000	8.286807	0.000000	8.315706
2009	11	0.000000	0.000000	0.000067	0.000067	-0.000000	-0.000000	0.000067	12.828005	14.365219	0.000000	8.286805	0.000000	8.315703
2009	11	0.000000	0.000000	0.000067	0.000067	-0.000000	-0.000000	0.000067	14.346973	14.362528	0.000000	8.286803	0.000000	8.315701
2009	11	0.000000	0.000000	0.000067	0.000067	-0.000000	-0.000000	0.000067	10.314776	19.524494	0.000000	8.286800	0.000000	8.315700
2009	11	0.000000	0.000000	0.000067	0.000067	-0.000000	-0.000000	0.000067	11.608521	13.426096	0.000000	8.286798	0.000000	8.315697
2009	11	0.000000	0.000000	0.000066	0.000066	-0.000000	-0.000000	0.000066	12.155174	22.937954	0.000000	8.286797	0.000000	8.315695
2009	12	0.000000	0.000000	0.000069	0.000069	-0.000000	-0.000000	0.000069	24.760565	25.604004	0.000000	8.286794	0.000000	8.315692
2009	12	0.000000	0.000000	0.000068	0.000068	-0.000000	-0.000000	0.000068	19.043221	21.278179	0.000000	8.286792	0.000000	8.315690
2009	12	0.000000	0.000000	0.000068	0.000068	-0.000000	-0.000000	0.000068	14.411939	16.821455	0.000000	8.286790	0.000000	8.315688
2009	12	0.000000	0.000000	0.000068	0.000068	-0.000000	-0.000000	0.000068	21.974869	21.222746	0.000000	8.286788	0.000000	8.315685
2009	12	0.000000	0.000000	0.000067	0.000067	-0.000000	-0.000000	0.000067	17.590189	17.372303	0.000000	8.286785	0.000000	8.315683
2009	12	0.000000	0.000000	0.000067	0.000067	-0.000000	-0.000000	0.000067	17.788460	11.427157	0.000000	8.286783	0.000000	8.315681
2009	12	0.000000	0.000000	0.000067	0.000067	-0.000000	-0.000000	0.000067	15.271813	15.989066	0.000000	8.286781	0.000000	8.315679
2009	12	0.000000	0.000000	0.000067	0.000067	-0.000000	-0.000000	0.000067	14.886480	17.560543	0.000000	8.286779	0.000000	8.315677
2009	12	0.000000	0.000000	0.000067	0.000067	-0.000000	-0.000000	0.000067	13.374247	23.509249	0.000000	8.286777	0.000000	8.315675
2009	12	0.000000	0.000000	0.000067	0.000067	-0.000000	-0.000000	0.000067	18.724552	14.514216	0.000000	8.286775	0.000000	8.315672
2009	12	0.000000	0.000000	0.000066	0.000066	-0.000000	-0.000000	0.000066	17.084606	18.760511	0.000000	8.286773	0.000000	8.315670
2009	12	0.000000	0.000000	0.000066	0.000066	-0.000000	-0.000000	0.000066	18.449118	12.715984	0.000000	8.286771	0.000000	8.315668
2009	12	0.000000	0.000000	0.000066	0.000066	-0.000000	-0.000000	0.000066	17.383011	9.418216	0.000000	8.286769	0.000000	8.315666
2009	12	0.000000	0.000000	0.000066	0.000066	-0.000000	-0.000000	0.000066	17.866699	17.105906	0.000000	8.286766	0.000000	8.315663
2009	12	0.000000	0.000000	0.000066	0.000066	-0.000000	-0.000000	0.000066	45.260967	33.051331	0.000000	8.286764	0.000000	8.315661
2009	12	0.000000	0.000000	0.000066	0.000066	-0.000000	-0.000000	0.000066	28.582666	19.920183	0.000000	8.286762	0.000000	8.315660
2009	12	0.000000	0.000000	0.000066	0.000066	-0.000000	-0.000000	0.000066	2.339874	8.188450	0.000000	8.286760	0.000000	8.315657
2009	12	0.000000	0.000000	0.000066	0.000066	-0.000000	-0.000000	0.000066	8.834781	11.456129	0.000000	8.286758	0.000000	8.315655
2009	12	0.000000	0.000000	0.000066	0.000066	-0.000000	-0.000000	0.000066	2.518792	5.385428	0.000000	8.286756	0.000000	8.315653
2009	12	0.000000	0.000000	0.000066	0.000066	-0.000000	-0.000000	0.000066	33.258415	34.520565	0.000000	8.286754	0.000000	8.315651
2009	12	0.000000	0.000000	0.000067	0.000067	-0.000000	-0.000000	0.000067	18.725300	26.017462	0.000000	8.286752	0.000000	8.315648
2009	12	0.000000	0.000000	0.000068	0.000068	-0.000000	-0.000000	0.000068	-2.512357	8.438502	0.000000	8.286750	0.000000	8.315646
2009	12	0.000000	0.000000	0.000069	0.000069	-0.000000	-0.000000	0.000069	4.842952	14.471859	0.000000	8.286747	0.000000	8.315644
2009	12	0.000000	0.000000	0.000070	0.000070	-0.000000	-0.000000	0.000070	5.177605	9.617668	0.000000	8.286745	0.000000	8.315641
2009	12	0.000000	0.000000	0.000071	0.000071	-0.000000	-0.000000	0.000071	12.525873	17.639730	0.000000	8.286743	0.000000	8.315639
2009	12	0.000000	0.000000	0.000072	0.000072	-0.000000	-0.000000	0.000072	18.866264	16.259157	0.000000	8.286740	0.000000	8.315637
2009	12	0.000000	0.000000	0.000073	0.000073	-0.000000	-0.000000	0.000073	16.838915	18.637966	0.000000	8.286738	0.000000	8.315635
2009	12	0.000000	0.000000	0.000074	0.000074	-0.000000	-0.000000	0.000074	23.336510	15.623018	0.000000	8.286736	0.000000	8.315632
2009	12	0.000000	0.000000	0.000074	0.000074	-0.000000	-0.000000	0.000074	17.518415	10.353131	0.000000	8.286734	0.000000	8.315630
2009	12	0.000000	0.000000	0.000074	0.000074	-0.000000	-0.000000	0.000074	18.330023	14.853986	0.000000	8.286732	0.000000	8.315627
2009	12	0.000000	0.000000	0.000073	0.000073	-0.000000	-0.000000	0.000073	17.314842	17.772385	0.000000	8.286729	0.000000	8.315624
2010	01	0.000000	0.000000	0.000073	0.000073	-0.000000	-0.000000	0.000073	23.570591	31.818239	0.000000	8.286727	0.000000	8.315622
2010	01	0.000000	0.000000	0.000073	0.000073	-0.000000	-0.000000	0.000073	15.071452	18.624645	0.000000	8.286724	0.000000	8.315619
2010	01	0.000000	0.000000	0.000072	0.000072	-0.000000	-0.000000	0.000072	14.908711	7.735336	0.000000	8.286722	0.000000	8.315618
2010	01	0.000000	0.000000	0.000072	0.000072	-0.000000	-0.000000	0.000072	17.174368	8.239148	0.000000	8.286719	0.000000	8.315615
2010	01	0.000000	0.000000	0.000071	0.000071	-0.000000	-0.000000	0.000071	12.555404	8.402460	0.000000	8.286717	0.000000	8.315613
2010	01	0.000000	0.000000	0.000071	0.000071	-0.000000	-0.000000	0.000071	13.935533	21.431892	0.000000	8.286716	0.000000	8.315611
2010	01	0.000000	0.000000	0.000071	0.000071	-0.000000	-0.000000	0.000071	25.769577	20.861868	0.000000	8.286713	0.000000	8.315608
2010	01	0.000000	0.000000	0.000071	0.000071	-0.000000	-0.000000	0.000071	27.050619	21.441650	0.000000	8.286711	0.000000	8.315606
2010	01	0.000000	0.000000	0.000071	0.000071	-0.000000	-0.000000	0.000071	43.765377	23.802565	0.000000	8.286709	0.000000	8.315603
2010	01	0.000000	0.000000	0.000071	0.000071	-0.000000	-0.000000	0.000071	38.613850	19.704807	0.000000	8.286706	0.000000	8.315601
2010	01	0.000000	0.000000	0.000070	0.000070	-0.000000	-0.000000	0.000070	16.963764	10.437886	0.000000	8.286704	0.000000	8.315598
2010	01	0.000000	0.000000	0.000069	0.000069	-0.000000	-0.000000	0.000069	8.732250	15.673493	0.000000	8.286702	0.000000	8.315597
2010	01	0.000000	0.000000	0.000069	0.000069	-0.000000	-0.000000	0.000069	13.262915	13.551502	0.000000	8.286699	0.000000	8.315594
2010	01	0.000000	0.000000	0.000069	0.000069	-0.000000	-0.000000	0.000069	-1.488303	8.893517	0.000000	8.286697	0.000000	8.315592
2010	01	0.000000	0.000000	0.000070	0.000070	-0.000000	-0.000000	0.000070	14.819754	29.158619	0.000000	8.286695	0.000000	8.315590
2010	01	0.000000	0.000000	0.000070	0.000070	-0.000000	-0.000000	0.000070	20.027147	13.288099	0.000000	8.286693	0.000000	8.315587
2010	01	0.000000	0.000000	0.000070	0.000070	-0.000000	-0.000000	0.000070	14.144691	13.687444	0.000000	8.286691	0.000000	8.315585
2010	01	0.000000	0.000000	0.000069	0.000069	-0.000000	-0.000000	0.000069	14.741290	8.118013	0.000000	8.286689	0.000000	8.315582
2010	01	0.000000	0.000000	0.000069	0.000069	-0.000000	-0.000000	0.000069	28.254728	12.118505	0.000000	8.286686	0.000000	8.315580
2010	01	0.000000	0.000000	0.000069	0.000069	-0.000000	-0.000000	0.000069	11.357807	11.481913	0.000000	8.286684	0.000000	8.315578
2010	01	0.000000	0.000000	0.000069	0.000069	-0.000000	-0.000000	0.000069	23.614231	19.005392	0.000000	8.286682	0.000000	8.315576
2010	01	0.000000	0.000000	0.000069	0.000069	-0.000000	-0.000000	0.000069	25.374338	11.749243	0.000000	8.286680	0.000000	8.315574
2010	01	0.000000	0.000000	0.000068	0.000068	-0.000000	-0.000000	0.000068	25.955265	13.606640	0.000000	8.286677	0.000000	8.315571
2010	01	0.000000	0.000000	0.000068	0.000068	-0.000000	-0.000000	0.000068	7.727975	16.541882	0.000000	8.286675	0.000000	8.315569
2010	01	0.000000	0.000000	0.000068	0.000068	-0.000000	-0.000000	0.000068	18.515736	16.427628	0.000000	8.286674	0.000000	8.315567
2010	01	0.000000	0.000000	0.000068	0.000068	-0.000000	-0.000000	0.000068	22.569881	20.097939	0.000000	8.286671	0.000000	8.315564
2010	01	0.000000	0.000000	0.000068	0.000068	-0.000000	-0.000000	0.000068	30.599520	32.064606	0.000000	8.286669	0.000000	8.315562
2010	01	0.000000	0.000000	0.000067	0.000067	-0.000000	-0.000000	0.000067	30.955757	23.245329	0.000000	8.286667	0.000000	8.315560
2010	01	0.000000	0.000000	0.000067	0.000067	-0.000000	-0.000000	0.000067	26.837524	16.436756	0.000000	8.286665	0.000000	8.315557
2010	01	0.000000	0.000000	0.000067	0.000067	-0.000000	-0.000000	0.000067	37.898834	24.103609	0.000000	8.286662	0.000000	8.315556
2010	01	0.000000	0.000000	0.000067	0.000067	-0.000000	-0.000000	0.000067	36.183434	22.783041	0.000000	8.286660	0.000000	8.315554
2010	02	0.000000	0.000000	0.000060	0.000060	-0.000000	-0.000000	0.000060	30.134268	17.413805	0.000000	8.286658	0.000000	8.315551
2010	02	0.000000	0.000000	0.000060	0.000060	-0.000000	-0.000000	0.000060	31.082153	16.601536	0.000000	8.286656	0.000000	8.315549
2010	02	0.000000	0.000000	0.000060	0.000060	-0.000000	-0.000000	0.000060	32.875122	16.559692	0.000000	8.286654	0.000000	8.315547
2010	02	0.000000	0.000000	0.000059	0.000059	-0.000000	-0.000000	0.000059	12.666034	10.924047	0.000000	8.286652	0.000000	8.315545
2010	02	0.000000	0.000000	0.000059	0.000059	-0.000000	-0.000000	0.000059	3.474261	10.955629	0.000000	8.286650	0.000000	8.315542
2010	02	0.000000	0.000000	0.000059	0.000059	-0.000000	-0.000000	0.000059	17.958334	15.518501	0.000000	8.286648	0.000000	8.315540
2010	02	0.000000	0.000000	0.000059	0.000059	-0.000000	-0.000000	0.000059	27.373533	24.445744	0.000000	8.286646	0.000000	8.315538
2010	02	0.000000	0.000000	0.000059	0.000059	-0.000000	-0.000000	0.000059	31.377676	14.892979	0.000000	8.286644	0.000000	8.315536
2010	02	0.000000	0.000000	0.000059	0.000059	-0.000000	-0.000000	0.000059	19.737514	22.832352	0.000000	8.286641	0.000000	8.315534
2010	02	0.000000	0.000000	0.000059	0.000059	-0.000000	-0.000000	0.000059	35.884647	31.630804	0.000000	8.286639	0.000000	8.315532
2010	02	0.000000	0.000000	0.000059	0.000059	-0.000000	-0.000000	0.000059	27.387138	25.827690	0.000000	8.286637	0.000000	8.315530
2010	02	0.000000	0.000000	0.000060	0.000060	-0.000000	-0.000000	0.000060	49.003151	33.129982	0.000000	8.286635	0.000000	8.315527
2010	02	0.000000	0.000000	0.000060	0.000060	-0.000000	-0.000000	0.000060	33.808437	25.778860	0.000000	8.286633	0.000000	8.315525
2010	02	0.000000	0.000000	0.000059	0.000059	-0.000000	-0.000000	0.000059	33.387245	25.784803	0.000000	8.286632	0.000000	8.315523
2010	02	0.000000	0.000000	0.000060	0.000060	-0.000000	-0.000000	0.000060	38.353050	20.192631	0.000000	8.286629	0.000000	8.315520
2010	02	0.000000	0.000000	0.000060	0.000060	-0.000000	-0.000000	0.000060	3.600945	16.097296	0.000000	8.286627	0.000000	8.315518
2010	02	0.000000	0.000000	0.000060	0.000060	-0.000000	-0.000000	0.000060	22.470917	19.786152	0.000000	8.286625	0.000000	8.315516
2010	02	0.000000	0.000000	0.000061	0.000061	-0.000000	-0.000000	0.000061	44.705917	31.380032	0.000000	8.286623	0.000000	8.315515
2010	02	0.000000	0.000000	0.000061	0.000061	-0.000000	-0.000000	0.000061	6.759449	11.629213	0.000000	8.286620	0.000000	8.315512
2010	02	0.000000	0.000000	0.000061	0.000061	-0.000000	-0.000000	0.000061	42.868446	31.492819	0.000000	8.286618	0.000000	8.315510
2010	02	0.000000	0.000000	0.000062	0.000062	-0.000000	-0.000000	0.000062	53.137737	26.319277	0.000000	8.286616	0.000000	8.315507
2010	02	0.000000	0.000000	0.000062	0.000062	-0.000000	-0.000000	0.000062	16.872982	13.691522	0.000000	8.286614	0.000000	8.315505
2010	02	0.000000	0.000000	0.000062	0.000062	-0.000000	-0.000000	0.000062	47.285141	28.373623	0.000000	8.286612	0.000000	8.315503
2010	02	0.000000	0.000000	0.000062	0.000062	-0.000000	-0.000000	0.000062	48.355251	33.084538	0.000000	8.286610	0.000000	8.315500
2010	02	0.000000	0.000000	0.000062	0.000062	-0.000000	-0.000000	0.000062	50.555050	27.861481	0.000000	8.286608	0.000000	8.315498
2010	02	0.000000	0.000000	0.000062	0.000062	-0.000000	-0.000000	0.000062	54.915218	34.471344	0.000000	8.286605	0.000000	8.315496
2010	02	0.000000	0.000000	0.000063	0.000063	-0.000000	-0.000000	0.000063	40.844250	21.914801	0.000000	8.286603	0.000000	8.315494
2010	02	0.000000	0.000000	0.000063	0.000063	-0.000000	-0.000000	0.000063	37.452793	31.855902	0.000000	8.286601	0.000000	8.315492
2010	03	0.000000	0.000000	0.000070	0.000070	-0.000000	-0.000000	0.000070	23.672342	22.659319	0.000000	8.286599	0.000000	8.315489
2010	03	0.000000	0.000000	0.000070	0.000070	-0.000000	-0.000000	0.000070	45.010452	28.769390	0.000000	8.286596	0.000000	8.315487
2010	03	0.000000	0.000000	0.000070	0.000070	-0.000000	-0.000000	0.000070	41.937149	36.953117	0.000000	8.286594	0.000000	8.315485
2010	03	0.000000	0.000000	0.000070	0.000070	-0.000000	-0.000000	0.000070	45.781796	29.733728	0.000000	8.286592	0.000000	8.315482
2010	03	0.000000	0.000000	0.000070	0.000070	-0.000000	-0.000000	0.000070	43.631485	30.639339	0.000000	8.286590	0.000000	8.315480
2010	03	0.000000	0.000000	0.000070	0.000070	-0.000000	-0.000000	0.000070	57.989410	33.795616	0.000000	8.286588	0.000000	8.315477
2010	03	0.000000	0.000000	0.000070	0.000070	-0.000000	-0.000000	0.000070	26.812397	31.914291	0.000000	8.286586	0.000000	8.315475
2010	03	0.000000	0.000000	0.000070	0.000070	-0.000000	-0.000000	0.000070	14.000166	10.448956	0.000000	8.286583	0.000000	8.315473
2010	03	0.000000	0.000000	0.000070	0.000070	-0.000000	-0.000000	0.000070	50.342510	36.426041	0.000000	8.286581	0.000000	8.315471
2010	03	0.000000	0.000000	0.000070	0.000070	-0.000000	-0.000000	0.000070	49.178429	29.673565	0.000000	8.286579	0.000000	8.315469
2010	03	0.000000	0.000000	0.000071	0.000071	-0.000000	-0.000000	0.000071	66.429459	30.202076	0.000000	8.286576	0.000000	8.315466
2010	03	0.000000	0.000000	0.000071	0.000071	-0.000000	-0.000000	0.000071	57.337437	25.761766	0.000000	8.286574	0.000000	8.315464
2010	03	0.000000	0.000000	0.000071	0.000071	-0.000000	-0.000000	0.000071	53.415108	33.644485	0.000000	8.286572	0.000000	8.315461
2010	03	0.000000	0.000000	0.000071	0.000071	-0.000000	-0.000000	0.000071	63.445808	27.355244	0.000000	8.286570	0.000000	8.315459
2010	03	0.000000	0.000000	0.000071	0.000071	-0.000000	-0.000000	0.000071	77.531288	35.660679	0.000000	8.286568	0.000000	8.315456
2010	03	0.000000	0.000000	0.000071	0.000071	-0.000000	-0.000000	0.000071	76.459862	36.474442	0.000000	8.286565	0.000000	8.315454
2010	03	0.000000	0.000000	0.000070	0.000070	-0.000000	-0.000000	0.000070	56.514042	33.506161	0.000000	8.286563	0.000000	8.315452
2010	03	0.000000	0.000000	0.000070	0.000070	-0.000000	-0.000000	0.000070	60.914307	35.044788	0.000000	8.286561	0.000000	8.315450
2010	03	0.000000	0.000000	0.000070	0.000070	-0.000000	-0.000000	0.000070	46.406059	23.749441	0.000000	8.286558	0.000000	8.315448
2010	03	0.000000	0.000000	0.000070	0.000070	-0.000000	-0.000000	0.000070	37.417377	20.082197	0.000000	8.286556	0.000000	8.315445
2010	03	0.000000	0.000000	0.000070	0.000070	-0.000000	-0.000000	0.000070	39.004955	25.886639	0.000000	8.286554	0.000000	8.315443
2010	03	0.000000	0.000000	0.000071	0.000071	-0.000000	-0.000000	0.000071	38.931961	25.130484	0.000000	8.286551	0.000000	8.315440
2010	03	0.000000	0.000000	0.000071	0.000071	-0.000000	-0.000000	0.000071	34.635780	25.758442	0.000000	8.286550	0.000000	8.315438
2010	03	0.000000	0.000000	0.000071	0.000071	-0.000000	-0.000000	0.000071	66.464920	33.384598	0.000000	8.286548	0.000000	8.315435
2010	03	0.000000	0.000000	0.000071	0.000071	-0.000000	-0.000000	0.000071	64.754181	31.387171	0.000000	8.286545	0.000000	8.315434
2010	03	0.000000	0.000000	0.000071	0.000071	-0.000000	-0.000000	0.000071	79.366493	45.777184	0.000000	8.286543	0.000000	8.315431
2010	03	0.000000	0.000000	0.000071	0.000071	-0.000000	-0.000000	0.000071	63.570316	37.307076	0.000000	8.286541	0.000000	8.315429
2010	03	0.000000	0.000000	0.000072	0.000072	-0.000000	-0.000000	0.000072	60.494282	35.289482	0.000000	8.286538	0.000000	8.315427
2010	03	0.000000	0.000000	0.000072	0.000072	-0.000000	-0.000000	0.000072	79.501137	42.543781	0.000000	8.286536	0.000000	8.315424
2010	03	0.000000	0.000000	0.000072	0.000072	-0.000000	-0.000000	0.000072	77.269592	53.916962	0.000000	8.286533	0.000000	8.315422
2010	03	0.000000	0.000000	0.000072	0.000072	-0.000000	-0.000000	0.000072	70.996582	53.421394	0.000000	8.286531	0.000000	8.315419
2010	04	0.000000	0.000000	0.000069	0.000069	-0.000000	-0.000000	0.000069	73.848358	48.649952	0.000000	8.286530	0.000000	8.315417
2010	04	0.000000	0.000000	0.000069	0.000069	-0.000000	-0.000000	0.000069	63.220020	43.823341	0.000000	8.286527	0.000000	8.315414
2010	04	0.000000	0.000000	0.000069	0.000069	-0.000000	-0.000000	0.000069	63.887180	48.376915	0.000000	8.286525	0.000000	8.315413
2010	04	0.000000	0.000000	0.000069	0.000069	-0.000000	-0.000000	0.000069	61.671078	52.482441	0.000000	8.286523	0.000000	8.315410
2010	04	0.000000	0.000000	0.000069	0.000069	-0.000000	-0.000000	0.000069	65.351013	41.217873	0.000000	8.286520	0.000000	8.315408
2010	04	0.000000	0.000000	0.000069	0.000069	-0.000000	-0.000000	0.000069	59.514637	62.912651	0.000000	8.286518	0.000000	8.315405
2010	04	0.000000	0.000000	0.000069	0.000069	-0.000000	-0.000000	0.000069	48.417713	37.108669	0.000000	8.286515	0.000000	8.315403
2010	04	0.000000	0.000000	0.000069	0.000069	-0.000000	-0.000000	0.000069	58.589367	31.977755	0.000000	8.286513	0.000000	8.315400
2010	04	0.000000	0.000000	0.000069	0.000069	-0.000000	-0.000000	0.000069	53.424908	38.941517	0.000000	8.286511	0.000000	8.315398
2010	04	0.000000	0.000000	0.000069	0.000069	-0.000000	-0.000000	0.000069	75.098984	56.802910	0.000000	8.286509	0.000000	8.315395
2010	04	0.000000	0.000000	0.000068	0.000068	-0.000000	-0.000000	0.000068	61.566910	49.447910	0.000000	8.286507	0.000000	8.315393
2010	04	0.000000	0.000000	0.000068	0.000068	-0.000000	-0.000000	0.000068	59.387585	41.527054	0.000000	8.286505	0.000000	8.315392
2010	04	0.000000	0.000000	0.000068	0.000068	-0.000000	-0.000000	0.000068	77.628143	42.599339	0.000000	8.286502	0.000000	8.315389
2010	04	0.000000	0.000000	0.000068	0.000068	-0.000000	-0.000000	0.000068	72.757614	40.900806	0.000000	8.286500	0.000000	8.315387
2010	04	0.000000	0.000000	0.000068	0.000068	-0.000000	-0.000000	0.000068	64.880707	49.171547	0.000000	8.286498	0.000000	8.315384
2010	04	0.000000	0.000000	0.000068	0.000068	-0.000000	-0.000000	0.000068	15.232763	20.608114	0.000000	8.286495	0.000000	8.315382
2010	04	0.000000	0.000000	0.000068	0.000068	-0.000000	-0.000000	0.000068	48.354866	37.873230	0.000000	8.286493	0.000000	8.315379
2010	04	0.000000	0.000000	0.000068	0.000068	-0.000000	-0.000000	0.000068	41.887119	35.369843	0.000000	8.286491	0.000000	8.315377
2010	04	0.000000	0.000000	0.000069	0.000069	-0.000000	-0.000000	0.000069	86.526451	51.045914	0.000000	8.286489	0.000000	8.315374
2010	04	0.000000	0.000000	0.000069	0.000069	-0.000000	-0.000000	0.000069	70.868065	38.133507	0.000000	8.286487	0.000000	8.315372
2010	04	0.000000	0.000000	0.000069	0.000069	-0.000000	-0.000000	0.000069	75.597313	61.588215	0.000000	8.286484	0.000000	8.315371
2010	04	0.000000	0.000000	0.000070	0.000070	-0.000000	-0.000000	0.000070	61.758518	43.130516	0.000000	8.286482	0.000000	8.315368
2010	04	0.000000	0.000000	0.000070	0.000070	-0.000000	-0.000000	0.000070	94.750931	60.883999	0.000000	8.286480	0.000000	8.315366
2010	04	0.000000	0.000000	0.000070	0.000070	-0.000000	-0.000000	0.000070	79.347740	60.041611	0.000000	8.286477	0.000000	8.315363
2010	04	0.000000	0.000000	0.000071	0.000071	-0.000000	-0.000000	0.000071	74.764519	48.814919	0.000000	8.286475	0.000000	8.315361
2010	04	0.000000	0.000000	0.000071	0.000071	-0.000000	-0.000000	0.000071	89.685707	69.919540	0.000000	8.286472	0.000000	8.315358
2010	04	0.000000	0.000000	0.000071	0.000071	-0.000000	-0.000000	0.000071	81.090134	80.190880	0.000000	8.286470	0.000000	8.315355
2010	04	0.000000	0.000000	0.000071	0.000071	-0.000000	-0.000000	0.000071	75.322945	69.996849	0.000000	8.286468	0.000000	8.315353
2010	04	0.000000	0.000000	0.000072	0.000072	-0.000000	-0.000000	0.000072	86.611626	71.546997	0.000000	8.286466	0.000000	8.315351
2010	04	0.000000	0.000000	0.000072	0.000072	-0.000000	-0.000000	0.000072	71.354607	48.753189	0.000000	8.286464	0.000000	8.315349
2010	05	0.000000	0.000000	0.000074	0.000074	-0.000000	-0.000000	0.000074	41.041836	33.327961	0.000000	8.286461	0.000000	8.315346
2010	05	0.000000	0.000000	0.000074	0.000074	-0.000000	-0.000000	0.000074	63.287632	62.426819	0.000000	8.286459	0.000000	8.315344
2010	05	0.000000	0.000000	0.000074	0.000074	-0.000000	-0.000000	0.000074	43.123734	41.917442	0.000000	8.286456	0.000000	8.315341
2010	05	0.000000	0.000000	0.000075	0.000075	-0.000000	-0.000000	0.000075	69.198082	67.566566	0.000000	8.286454	0.000000	8.315338
2010	05	0.000000	0.000000	0.000074	0.000074	-0.000000	-0.000000	0.000074	75.212616	73.852936	0.000000	8.286451	0.000000	8.315336
2010	05	0.000000	0.000000	0.000074	0.000074	-0.000000	-0.000000	0.000074	59.972282	54.961514	0.000000	8.286449	0.000000	8.315333
2010	05	0.000000	0.000000	0.000074	0.000074	-0.000000	-0.000000	0.000074	62.916485	52.139244	0.000000	8.286447	0.000000	8.315331
2010	05	0.000000	0.000000	0.000074	0.000074	-0.000000	-0.000000	0.000074	69.888725	66.960983	0.000000	8.286445	0.000000	8.315329
2010	05	0.000000	0.000000	0.000074	0.000074	-0.000000	-0.000000	0.000074	65.497452	56.561306	0.000000	8.286442	0.000000	8.315327
2010	05	0.000000	0.000000	0.000075	0.000075	-0.000000	-0.000000	0.000075	86.782974	62.267849	0.000000	8.286440	0.000000	8.315324
2010	05	0.000000	0.000000	0.000075	0.000075	-0.000000	-0.000000	0.000075	79.298691	53.044827	0.000000	8.286437	0.000000	8.315321
2010	05	0.000000	0.000000	0.000075	0.000075	-0.000000	-0.000000	0.000075	93.928291	50.054699	0.000000	8.286435	0.000000	8.315319
2010	05	0.000000	0.000000	0.000075	0.000075	-0.000000	-0.000000	0.000075	98.479828	49.664318	0.000000	8.286432	0.000000	8.315316
2010	05	0.000000	0.000000	0.000075	0.000075	-0.000000	-0.000000	0.000075	101.625359	43.595463	0.000000	8.286430	0.000000	8.315314
2010	05	0.000000	0.000000	0.000075	0.000075	-0.000000	-0.000000	0.000075	88.435730	41.094593	0.000000	8.286427	0.000000	8.315311
2010	05	0.000000	0.000000	0.000075	0.000075	-0.000000	-0.000000	0.000075	100.279625	45.919907	0.000000	8.286426	0.000000	8.315310
2010	05	0.000000	0.000000	0.000075	0.000075	-0.000000	-0.000000	0.000075	84.683922	30.631550	0.000000	8.286423	0.000000	8.315307
2010	05	0.000000	0.000000	0.000075	0.000075	-0.000000	-0.000000	0.000075	105.052788	41.147793	0.000000	8.286421	0.000000	8.315304
2010	05	0.000000	0.000000	0.000075	0.000075	-0.000000	-0.000000	0.000075	96.508415	36.099003	0.000000	8.286418	0.000000	8.315302
2010	05	0.000000	0.000000	0.000075	0.000075	-0.000000	-0.000000	0.000075	99.203079	33.753124	0.000000	8.286416	0.000000	8.315299
2010	05	0.000000	0.000000	0.000075	0.000075	-0.000000	-0.000000	0.000075	102.731339	33.450237	0.000000	8.286413	0.000000	8.315297
2010	05	0.000000	0.000000	0.000075	0.000075	-0.000000	-0.000000	0.000075	111.127037	34.092205	0.000000	8.286411	0.000000	8.315294
2010	05	0.000000	0.000000	0.000075	0.000075	-0.000000	-0.000000	0.000075	74.251190	20.284771	0.000000	8.286408	0.000000	8.315291
2010	05	0.000000	0.000000	0.000075	0.000075	-0.000000	-0.000000	0.000075	80.290550	22.954847	0.000000	8.286407	0.000000	8.315289
2010	05	0.000000	0.000000	0.000075	0.000075	-0.000000	-0.000000	0.000075	103.939438	29.817312	0.000000	8.286404	0.000000	8.315287
2010	05	0.000000	0.000000	0.000076	0.000076	-0.000000	-0.000000	0.000076	28.030107	26.319811	0.000000	8.286402	0.000000	8.315285
2010	05	0.000000	0.000000	0.000076	0.000076	-0.000000	-0.000000	0.000076	65.269394	74.726082	0.000000	8.286399	0.000000	8.315282
2010	05	0.000000	0.000000	0.000076	0.000076	-0.000000	-0.000000	0.000076	73.170731	67.864113	0.000000	8.286397	0.000000	8.315279
2010	05	0.000000	0.000000	0.000076	0.000076	-0.000000	-0.000000	0.000076	61.846294	46.653793	0.000000	8.286394	0.000000	8.315277
2010	05	0.000000	0.000000	0.000076	0.000076	-0.000000	-0.000000	0.000076	74.791832	35.814438	0.000000	8.286392	0.000000	8.315274
2010	05	0.000000	0.000000	0.000077	0.000077	-0.000000	-0.000000	0.000077	85.910866	42.575829	0.000000	8.286389	0.000000	8.315271
2010	06	0.000000	0.000000	0.000075	0.000075	-0.000000	-0.000000	0.000075	85.815430	39.879673	0.000000	8.286387	0.000000	8.315269
2010	06	0.000000	0.000000	0.000075	0.000075	-0.000000	-0.000000	0.000075	97.777611	37.062588	0.000000	8.286385	0.000000	8.315267
2010	06	0.000000	0.000000	0.000076	0.000076	-0.000000	-0.000000	0.000076	94.376465	40.038639	0.000000	8.286382	0.000000	8.315264
2010	06	0.000000	0.000000	0.000077	0.000077	-0.000000	-0.000000	0.000077	99.073044	33.875645	0.000000	8.286380	0.000000	8.315262
2010	06	0.000000	0.000000	0.000077	0.000077	-0.000000	-0.000000	0.000077	104.612244	25.820789	0.000000	8.286377	0.000000	8.315259
2010	06	0.000000	0.000000	0.000078	0.000078	-0.000000	-0.000000	0.000078	115.244911	25.831560	0.000000	8.286374	0.000000	8.315256
2010	06	0.000000	0.000000	0.000079	0.000079	-0.000000	-0.000000	0.000079	113.701233	25.922144	0.000000	8.286372	0.000000	8.315253
2010	06	0.000000	0.000000	0.000079	0.000079	-0.000000	-0.000000	0.000079	82.713943	23.046795	0.000000	8.286369	0.000000	8.315251
2010	06	0.000000	0.000000	0.000080	0.000080	-0.000000	-0.000000	0.000080	97.836731	31.922726	0.000000	8.286366	0.000000	8.315248
2010	06	0.000000	0.000000	0.000080	0.000080	-0.000000	-0.000000	0.000080	133.210693	26.178570	0.000000	8.286365	0.000000	8.315246
2010	06	0.000000	0.000000	0.000080	0.000080	-0.000000	-0.000000	0.000080	124.721764	66.427010	0.000000	8.286362	0.000000	8.315243
2010	06	0.000000	0.000000	0.000080	0.000080	-0.000000	-0.000000	0.000080	115.417557	38.894424	0.000000	8.286359	0.000000	8.315240
2010	06	0.000000	0.000000	0.000080	0.000080	-0.000000	-0.000000	0.000080	106.070900	26.679163	0.000000	8.286356	0.000000	8.315237
2010	06	0.000000	0.000000	0.000080	0.000080	-0.000000	-0.000000	0.000080	56.387280	22.503357	0.000000	8.286354	0.000000	8.315234
2010	06	0.000000	0.000000	0.000080	0.000080	-0.000000	-0.000000	0.000080	54.768208	59.537395	0.000000	8.286351	0.000000	8.315232
2010	06	0.000000	0.000000	0.000080	0.000080	-0.000000	-0.000000	0.000080	56.294460	56.480717	0.000000	8.286348	0.000000	8.315229
2010	06	0.000000	0.000000	0.000080	0.000080	-0.000000	-0.000000	0.000080	85.122505	64.585945	0.000000	8.286345	0.000000	8.315227
2010	06	0.000000	0.000000	0.000080	0.000080	-0.000000	-0.000000	0.000080	76.812881	52.253769	0.000000	8.286344	0.000000	8.315224
2010	06	0.000000	0.000000	0.000080	0.000080	-0.000000	-0.000000	0.000080	96.684189	64.176544	0.000000	8.286341	0.000000	8.315221
2010	06	0.000000	0.000000	0.000080	0.000080	-0.000000	-0.000000	0.000080	95.587738	58.668060	0.000000	8.286338	0.000000	8.315218
2010	06	0.000000	0.000000	0.000080	0.000080	-0.000000	-0.000000	0.000080	93.681480	38.865425	0.000000	8.286335	0.000000	8.315215
2010	06	0.000000	0.000000	0.000080	0.000080	-0.000000	-0.000000	0.000080	108.248093	47.391041	0.000000	8.286333	0.000000	8.315213
2010	06	0.000000	0.000000	0.000081	0.000081	-0.000000	-0.000000	0.000081	107.033264	37.317837	0.000000	8.286330	0.000000	8.315210
2010	06	0.000000	0.000000	0.000081	0.000081	-0.000000	-0.000000	0.000081	110.278496	37.068893	0.000000	8.286327	0.000000	8.315207
2010	06	0.000000	0.000000	0.000081	0.000081	-0.000000	-0.000000	0.000081	99.793068	25.770880	0.000000	8.286325	0.000000	8.315205
2010	06	0.000000	0.000000	0.000082	0.000082	-0.000000	-0.000000	0.000082	112.396896	27.035170	0.000000	8.286322	0.000000	8.315202
2010	06	0.000000	0.000000	0.000082	0.000082	-0.000000	-0.000000	0.000082	114.319397	27.182199	0.000000	8.286320	0.000000	8.315199
2010	06	0.000000	0.000000	0.000082	0.000082	-0.000000	-0.000000	0.000082	106.088768	24.780645	0.000000	8.286317	0.000000	8.315196
2010	06	0.000000	0.000000	0.000083	0.000083	-0.000000	-0.000000	0.000083	114.866982	25.703903	0.000000	8.286314	0.000000	8.315193
2010	06	0.000000	0.000000	0.000083	0.000083	-0.000000	-0.000000	0.000083	117.877396	25.484451	0.000000	8.286311	0.000000	8.315190
2010	07	0.000000	0.000000	0.000086	0.000086	-0.000000	-0.000000	0.000086	104.255371	23.638384	0.000000	8.286308	0.000000	8.315187
2010	07	0.000000	0.000000	0.000087	0.000087	-0.000000	-0.000000	0.000087	81.980125	21.365831	0.000000	8.286305	0.000000	8.315185
2010	07	0.000000	0.000000	0.000087	0.000087	-0.000000	-0.000000	0.000087	88.857780	26.976639	0.000000	8.286304	0.000000	8.315182
2010	07	0.000000	0.000000	0.000087	0.000087	-0.000000	-0.000000	0.000087	34.004414	71.819359	0.000000	8.286301	0.000000	8.315179
2010	07	0.000000	0.000000	0.000087	0.000087	-0.000000	-0.000000	0.000087	39.812778	42.764053	0.000000	8.286298	0.000000	8.315176
2010	07	0.000000	0.000000	0.000087	0.000087	-0.000000	-0.000000	0.000087	60.914436	28.182734	0.000000	8.286295	0.000000	8.315173
2010	07	0.000000	0.000000	0.000087	0.000087	-0.000000	-0.000000	0.000087	96.129181	29.644098	0.000000	8.286292	0.000000	8.315170
2010	07	0.000000	0.000000	0.000088	0.000088	-0.000000	-0.000000	0.000088	102.458893	26.546743	0.000000	8.286289	0.000000	8.315167
2010	07	0.000000	0.000000	0.000088	0.000088	-0.000000	-0.000000	0.000088	95.545456	22.506128	0.000000	8.286286	0.000000	8.315165
2010	07	0.000000	0.000000	0.000089	0.000089	-0.000000	-0.000000	0.000089	92.771324	20.514456	0.000000	8.286283	0.000000	8.315162
2010	07	0.000000	0.000000	0.000089	0.000089	-0.000000	-0.000000	0.000089	95.457253	21.940660	0.000000	8.286281	0.000000	8.315159
2010	07	0.000000	0.000000	0.000090	0.000090	-0.000000	-0.000000	0.000090	95.051689	21.325666	0.000000	8.286278	0.000000	8.315156
2010	07	0.000000	0.000000	0.000091	0.000091	-0.000000	-0.000000	0.000091	90.955719	21.999407	0.000000	8.286275	0.000000	8.315153
2010	07	0.000000	0.000000	0.000091	0.000091	-0.000000	-0.000000	0.000091	94.963432	20.974564	0.000000	8.286272	0.000000	8.315150
2010	07	0.000000	0.000000	0.000092	0.000092	-0.000000	-0.000000	0.000092	81.983269	22.352676	0.000000	8.286269	0.000000	8.315147
2010	07	0.000000	0.000000	0.000092	0.000092	-0.000000	-0.000000	0.000092	91.354095	18.828812	0.000000	8.286266	0.000000	8.315145
2010	07	0.000000	0.000000	0.000093	0.000093	-0.000000	-0.000000	0.000093	91.805641	19.494322	0.000000	8.286263	0.000000	8.315141
2010	07	0.000000	0.000000	0.000094	0.000094	-0.000000	-0.000000	0.000094	94.702835	22.557684	0.000000	8.286261	0.000000	8.315138
2010	07	0.000000	0.000000	0.000094	0.000094	-0.000000	-0.000000	0.000094	104.793961	19.965160	0.000000	8.286258	0.000000	8.315135
2010	07	0.000000	0.000000	0.000095	0.000095	-0.000000	-0.000000	0.000095	98.496071	17.864994	0.000000	8.286255	0.000000	8.315132
2010	07	0.000000	0.000000	0.000095	0.000095	-0.000000	-0.000000	0.000095	100.409462	18.603521	0.000000	8.286252	0.000000	8.315128
2010	07	0.000000	0.000000	0.000095	0.000095	-0.000000	-0.000000	0.000095	98.377647	20.210012	0.000000	8.286248	0.000000	8.315125
2010	07	0.000000	0.000000	0.000096	0.000096	-0.000000	-0.000000	0.000096	90.657173	19.330513	0.000000	8.286245	0.000000	8.315123
2010	07	0.000000	0.000000	0.000096	0.000096	-0.000000	-0.000000	0.000096	99.902374	19.132153	0.000000	8.286242	0.000000	8.315120
2010	07	0.000000	0.000000	0.000096	0.000096	-0.000000	-0.000000	0.000096	108.745583	20.313307	0.000000	8.286240	0.000000	8.315116
2010	07	0.000000	0.000000	0.000096	0.000096	-0.000000	-0.000000	0.000096	108.340286	17.898098	0.000000	8.286237	0.000000	8.315113
2010	07	0.000000	0.000000	0.000097	0.000097	-0.000000	-0.000000	0.000097	110.866982	19.998947	0.000000	8.286233	0.000000	8.315110
2010	07	0.000000	0.000000	0.000097	0.000097	-0.000000	-0.000000	0.000097	107.971016	19.029634	0.000000	8.286230	0.000000	8.315106
2010	07	0.000000	0.000000	0.000096	0.000096	-0.000000	-0.000000	0.000096	98.920761	16.934336	0.000000	8.286227	0.000000	8.315104
2010	07	0.000000	0.000000	0.000097	0.000097	-0.000000	-0.000000	0.000097	87.962967	17.561216	0.000000	8.286224	0.000000	8.315101
2010	07	0.000000	0.000000	0.000097	0.000097	-0.000000	-0.000000	0.000097	98.333000	19.616575	0.000000	8.286222	0.000000	8.315097
2010	08	0.000000	0.000000	0.000097	0.000097	-0.000000	-0.000000	0.000097	102.019310	18.784473	0.000000	8.286218	0.000000	8.315094
2010	08	0.000000	0.000000	0.000097	0.000097	-0.000000	-0.000000	0.000097	99.874214	17.247330	0.000000	8.286215	0.000000	8.315091
2010	08	0.000000	0.000000	0.000097	0.000097	-0.000000	-0.000000	0.000097	97.347893	17.100100	0.000000	8.286212	0.000000	8.315087
2010	08	0.000000	0.000000	0.000097	0.000097	-0.000000	-0.000000	0.000097	98.697525	17.966839	0.000000	8.286209	0.000000	8.315084
2010	08	0.000000	0.000000	0.000097	0.000097	-0.000000	-0.000000	0.000097	99.156868	17.455910	0.000000	8.286205	0.000000	8.315082
2010	08	0.000000	0.000000	0.000098	0.000098	-0.000000	-0.000000	0.000098	96.955177	19.486528	0.000000	8.286202	0.000000	8.315078
2010	08	0.000000	0.000000	0.000098	0.000098	-0.000000	-0.000000	0.000098	108.414734	19.600260	0.000000	8.286200	0.000000	8.315075
2010	08	0.000000	0.000000	0.000098	0.000098	-0.000000	-0.000000	0.000098	104.324898	18.304443	0.000000	8.286197	0.000000	8.315071
2010	08	0.000000	0.000000	0.000098	0.000098	-0.000000	-0.000000	0.000098	98.636078	17.630732	0.000000	8.286194	0.000000	8.315068
2010	08	0.000000	0.000000	0.000098	0.000098	-0.000000	-0.000000	0.000098	89.323708	16.356604	0.000000	8.286190	0.000000	8.315065
2010	08	0.000000	0.000000	0.000098	0.000098	-0.000000	-0.000000	0.000098	84.365128	15.765838	0.000000	8.286187	0.000000	8.315062
2010	08	0.000000	0.000000	0.000098	0.000098	-0.000000	-0.000000	0.000098	83.702156	18.169098	0.000000	8.286184	0.000000	8.315059
2010	08	0.000000	0.000000	0.000098	0.000098	-0.000000	-0.000000	0.000098	74.641144	17.207613	0.000000	8.286181	0.000000	8.315056
2010	08	0.000000	0.000000	0.000098	0.000098	-0.000000	-0.000000	0.000098	96.022903	17.170797	0.000000	8.286178	0.000000	8.315052
2010	08	0.000000	0.000000	0.000098	0.000098	-0.000000	-0.000000	0.000098	54.826954	16.219349	0.000000	8.286175	0.000000	8.315049
2010	08	0.000000	0.000000	0.000098	0.000098	-0.000000	-0.000000	0.000098	80.307487	26.785601	0.000000	8.286172	0.000000	8.315045
2010	08	0.000000	0.000000	0.000098	0.000098	-0.000000	-0.000000	0.000098	66.292892	17.792231	0.000000	8.286169	0.000000	8.315042
2010	08	0.000000	0.000000	0.000098	0.000098	-0.000000	-0.000000	0.000098	47.308632	71.911621	0.000000	8.286165	0.000000	8.315040
2010	08	0.000000	0.000000	0.000098	0.000098	-0.000000	-0.000000	0.000098	60.754505	67.105133	0.000000	8.286162	0.000000	8.315036
2010	08	0.000000	0.000000	0.000097	0.000097	-0.000000	-0.000000	0.000097	54.371754	68.289223	0.000000	8.286160	0.000000	8.315033
2010	08	0.000000	0.000000	0.000097	0.000097	-0.000000	-0.000000	0.000097	63.411743	45.827713	0.000000	8.286157	0.000000	8.315030
2010	08	0.000000	0.000000	0.000097	0.000097	-0.000000	-0.000000	0.000097	69.988770	37.341251	0.000000	8.286153	0.000000	8.315026
2010	08	0.000000	0.000000	0.000097	0.000097	-0.000000	-0.000000	0.000097	72.558189	27.614691	0.000000	8.286150	0.000000	8.315023
2010	08	0.000000	0.000000	0.000097	0.000097	-0.000000	-0.000000	0.000097	62.258694	27.989042	0.000000	8.286147	0.000000	8.315021
2010	08	0.000000	0.000000	0.000098	0.000098	-0.000000	-0.000000	0.000098	62.845547	24.156401	0.000000	8.286144	0.000000	8.315017
2010	08	0.000000	0.000000	0.000098	0.000098	-0.000000	-0.000000	0.000098	65.261559	22.500031	0.000000	8.286140	0.000000	8.315014
2010	08	0.000000	0.000000	0.000098	0.000098	-0.000000	-0.000000	0.000098	31.738037	14.434819	0.000000	8.286138	0.000000	8.315011
2010	08	0.000000	0.000000	0.000098	0.000098	-0.000000	-0.000000	0.000098	50.578979	28.829838	0.000000	8.286135	0.000000	8.315007
2010	08	0.000000	0.000000	0.000099	0.000099	-0.000000	-0.000000	0.000099	86.337433	19.148554	0.000000	8.286132	0.000000	8.315004
2010	08	0.000000	0.000000	0.000099	0.000099	-0.000000	-0.000000	0.000099	90.745872	18.190948	0.000000	8.286128	0.000000	8.315001
2010	08	0.000000	0.000000	0.000099	0.000099	-0.000000	-0.000000	0.000099	82.719109	18.871212	0.000000	8.286125	0.000000	8.314998
2010	09	0.000000	0.000000	0.000095	0.000095	-0.000000	-0.000000	0.000095	91.029320	20.421553	0.000000	8.286122	0.000000	8.314995
2010	09	0.000000	0.000000	0.000095	0.000095	-0.000000	-0.000000	0.000095	83.537170	14.971091	0.000000	8.286119	0.000000	8.314991
2010	09	0.000000	0.000000	0.000095	0.000095	-0.000000	-0.000000	0.000095	77.805847	15.375694	0.000000	8.286116	0.000000	8.314988
2010	09	0.000000	0.000000	0.000095	0.000095	-0.000000	-0.000000	0.000095	87.166107	18.241669	0.000000	8.286113	0.000000	8.314984
2010	09	0.000000	0.000000	0.000095	0.000095	-0.000000	-0.000000	0.000095	88.493118	18.453234	0.000000	8.286110	0.000000	8.314981
2010	09	0.000000	0.000000	0.000095	0.000095	-0.000000	-0.000000	0.000095	85.170845	16.030560	0.000000	8.286106	0.000000	8.314979
2010	09	0.000000	0.000000	0.000094	0.000094	-0.000000	-0.000000	0.000094	76.870926	15.141809	0.000000	8.286103	0.000000	8.314975
2010	09	0.000000	0.000000	0.000094	0.000094	-0.000000	-0.000000	0.000094	79.876335	21.804308	0.000000	8.286100	0.000000	8.314972
2010	09	0.000000	0.000000	0.000094	0.000094	-0.000000	-0.000000	0.000094	70.281830	14.727150	0.000000	8.286098	0.000000	8.314969
2010	09	0.000000	0.000000	0.000094	0.000094	-0.000000	-0.000000	0.000094	78.781006	16.529936	0.000000	8.286095	0.000000	8.314965
2010	09	0.000000	0.000000	0.000094	0.000094	-0.000000	-0.000000	0.000094	83.804832	17.242867	0.000000	8.286091	0.000000	8.314962
2010	09	0.000000	0.000000	0.000093	0.000093	-0.000000	-0.000000	0.000093	82.791466	16.628212	0.000000	8.286088	0.000000	8.314960
2010	09	0.000000	0.000000	0.000093	0.000093	-0.000000	-0.000000	0.000093	75.788338	15.001384	0.000000	8.286085	0.000000	8.314956
2010	09	0.000000	0.000000	0.000093	0.000093	-0.000000	-0.000000	0.000093	70.450890	16.043974	0.000000	8.286082	0.000000	8.314953
2010	09	0.000000	0.000000	0.000092	0.000092	-0.000000	-0.000000	0.000092	80.661354	16.373220	0.000000	8.286079	0.000000	8.314950
2010	09	0.000000	0.000000	0.000092	0.000092	-0.000000	-0.000000	0.000092	70.980186	14.241306	0.000000	8.286076	0.000000	8.314946
2010	09	0.000000	0.000000	0.000092	0.000092	-0.000000	-0.000000	0.000092	59.992668	15.728779	0.000000	8.286073	0.000000	8.314943
2010	09	0.000000	0.000000	0.000092	0.000092	-0.000000	-0.000000	0.000092	45.771793	16.498611	0.000000	8.286070	0.000000	8.314940
2010	09	0.000000	0.000000	0.000092	0.000092	-0.000000	-0.000000	0.000092	61.162811	25.132519	0.000000	8.286067	0.000000	8.314938
2010	09	0.000000	0.000000	0.000091	0.000091	-0.000000	-0.000000	0.000091	64.687759	26.170353	0.000000	8.286064	0.000000	8.314934
2010	09	0.000000	0.000000	0.000091	0.000091	-0.000000	-0.000000	0.000091	42.582344	20.734028	0.000000	8.286061	0.000000	8.314931
2010	09	0.000000	0.000000	0.000091	0.000091	-0.000000	-0.000000	0.000091	51.098919	17.005081	0.000000	8.286058	0.000000	8.314928
2010	09	0.000000	0.000000	0.000091	0.000091	-0.000000	-0.000000	0.000091	30.650246	15.862266	0.000000	8.286056	0.000000	8.314925
2010	09	0.000000	0.000000	0.000090	0.000090	-0.000000	-0.000000	0.000090	34.701668	19.384306	0.000000	8.286052	0.000000	8.314921
2010	09	0.000000	0.000000	0.000090	0.000090	-0.000000	-0.000000	0.000090	37.891708	55.255791	0.000000	8.286049	0.000000	8.314919
2010	09	0.000000	0.000000	0.000089	0.000089	-0.000000	-0.000000	0.000089	50.234505	44.366810	0.000000	8.286046	0.000000	8.314916
2010	09	0.000000	0.000000	0.000089	0.000089	-0.000000	-0.000000	0.000089	53.339188	38.112469	0.000000	8.286043	0.000000	8.314913
2010	09	0.000000	0.000000	0.000088	0.000088	-0.000000	-0.000000	0.000088	51.931377	29.251114	0.000000	8.286040	0.000000	8.314910
2010	09	0.000000	0.000000	0.000088	0.000088	-0.000000	-0.000000	0.000088	52.176769	31.847479	0.000000	8.286037	0.000000	8.314907
2010	09	0.000000	0.000000	0.000087	0.000087	-0.000000	-0.000000	0.000087	53.119175	28.427290	0.000000	8.286035	0.000000	8.314903
2010	10	0.000000	0.000000	0.000090	0.000090	-0.000000	-0.000000	0.000090	50.530392	27.402325	0.000000	8.286032	0.000000	8.314900
2010	10	0.000000	0.000000	0.000089	0.000089	-0.000000	-0.000000	0.000089	47.238419	26.774929	0.000000	8.286029	0.000000	8.314898
2010	10	0.000000	0.000000	0.000089	0.000089	-0.000000	-0.000000	0.000089	42.426926	26.589188	0.000000	8.286026	0.000000	8.314895
2010	10	0.000000	0.000000	0.000089	0.000089	-0.000000	-0.000000	0.000089	38.104099	31.251232	0.000000	8.286023	0.000000	8.314892
2010	10	0.000000	0.000000	0.000089	0.000089	-0.000000	-0.000000	0.000089	42.478909	25.963362	0.000000	8.286020	0.000000	8.314889
2010	10	0.000000	0.000000	0.000088	0.000088	-0.000000	-0.000000	0.000088	48.920303	19.579296	0.000000	8.286017	0.000000	8.314886
2010	10	0.000000	0.000000	0.000088	0.000088	-0.000000	-0.000000	0.000088	50.649075	22.041731	0.000000	8.286016	0.000000	8.314883
2010	10	0.000000	0.000000	0.000088	0.000088	-0.000000	-0.000000	0.000088	50.296375	19.610861	0.000000	8.286013	0.000000	8.314880
2010	10	0.000000	0.000000	0.000087	0.000087	-0.000000	-0.000000	0.000087	29.615973	16.287388	0.000000	8.286010	0.000000	8.314878
2010	10	0.000000	0.000000	0.000087	0.000087	-0.000000	-0.000000	0.000087	28.958979	30.722563	0.000000	8.286007	0.000000	8.314875
2010	10	0.000000	0.000000	0.000087	0.000087	-0.000000	-0.000000	0.000087	45.518318	38.145630	0.000000	8.286004	0.000000	8.314872
2010	10	0.000000	0.000000	0.000086	0.000086	-0.000000	-0.000000	0.000086	39.532352	27.145714	0.000000	8.286001	0.000000	8.314869
2010	10	0.000000	0.000000	0.000086	0.000086	-0.000000	-0.000000	0.000086	36.648239	29.932695	0.000000	8.285998	0.000000	8.314866
2010	10	0.000000	0.000000	0.000085	0.000085	-0.000000	-0.000000	0.000085	34.696789	25.415697	0.000000	8.285995	0.000000	8.314863
2010	10	0.000000	0.000000	0.000085	0.000085	-0.000000	-0.000000	0.000085	26.909861	19.902290	0.000000	8.285994	0.000000	8.314860
2010	10	0.000000	0.000000	0.000084	0.000084	-0.000000	-0.000000	0.000084	38.554337	27.686148	0.000000	8.285991	0.000000	8.314857
2010	10	0.000000	0.000000	0.000084	0.000084	-0.000000	-0.000000	0.000084	35.252438	25.879343	0.000000	8.285988	0.000000	8.314855
2010	10	0.000000	0.000000	0.000084	0.000084	-0.000000	-0.000000	0.000084	45.854507	30.388378	0.000000	8.285985	0.000000	8.314852
2010	10	0.000000	0.000000	0.000083	0.000083	-0.000000	-0.000000	0.000083	43.940517	27.237589	0.000000	8.285982	0.000000	8.314850
2010	10	0.000000	0.000000	0.000083	0.000083	-0.000000	-0.000000	0.000083	44.257648	28.803194	0.000000	8.285980	0.000000	8.314847
2010	10	0.000000	0.000000	0.000082	0.000082	-0.000000	-0.000000	0.000082	35.423519	27.839207	0.000000	8.285977	0.000000	8.314844
2010	10	0.000000	0.000000	0.000081	0.000081	-0.000000	-0.000000	0.000081	34.446404	31.610954	0.000000	8.285975	0.000000	8.314841
2010	10	0.000000	0.000000	0.000081	0.000081	-0.000000	-0.000000	0.000081	23.289721	20.518772	0.000000	8.285973	0.000000	8.314838
2010	10	0.000000	0.000000	0.000080	0.000080	-0.000000	-0.000000	0.000080	27.865496	21.898819	0.000000	8.285970	0.000000	8.314836
2010	10	0.000000	0.000000	0.000080	0.000080	-0.000000	-0.000000	0.000080	29.620401	24.895222	0.000000	8.285967	0.000000	8.314834
2010	10	0.000000	0.000000	0.000080	0.000080	-0.000000	-0.000000	0.000080	34.879166	36.109455	0.000000	8.285965	0.000000	8.314831
2010	10	0.000000	0.000000	0.000079	0.000079	-0.000000	-0.000000	0.000079	41.692860	22.162987	0.000000	8.285962	0.000000	8.314828
2010	10	0.000000	0.000000	0.000079	0.000079	-0.000000	-0.000000	0.000079	37.423126	23.846865	0.000000	8.285959	0.000000	8.314825
2010	10	0.000000	0.000000	0.000078	0.000078	-0.000000	-0.000000	0.000078	24.885698	20.594028	0.000000	8.285957	0.000000	8.314823
2010	10	0.000000	0.000000	0.000078	0.000078	-0.000000	-0.000000	0.000078	29.884830	22.074280	0.000000	8.285954	0.000000	8.314820
2010	10	0.000000	0.000000	0.000077	0.000077	-0.000000	-0.000000	0.000077	29.316795	26.971697	0.000000	8.285953	0.000000	8.314817
2010	11	0.000000	0.000000	0.000075	0.000075	-0.000000	-0.000000	0.000075	20.126827	28.751387	0.000000	8.285950	0.000000	8.314816
2010	11	0.000000	0.000000	0.000074	0.000074	-0.000000	-0.000000	0.000074	31.549088	30.479956	0.000000	8.285947	0.000000	8.314813
2010	11	0.000000	0.000000	0.000074	0.000074	-0.000000	-0.000000	0.000074	25.830502	19.819170	0.000000	8.285945	0.000000	8.314810
2010	11	0.000000	0.000000	0.000074	0.000074	-0.000000	-0.000000	0.000074	31.727505	23.201153	0.000000	8.285942	0.000000	8.314808
2010	11	0.000000	0.000000	0.000073	0.000073	-0.000000	-0.000000	0.000073	32.537521	23.925566	0.000000	8.285940	0.000000	8.314805
2010	11	0.000000	0.000000	0.000073	0.000073	-0.000000	-0.000000	0.000073	28.376259	23.742939	0.000000	8.285937	0.000000	8.314802
2010	11	0.000000	0.000000	0.000073	0.000073	-0.000000	-0.000000	0.000073	27.469076	18.670485	0.000000	8.285935	0.000000	8.314800
2010	11	0.000000	0.000000	0.000073	0.000073	-0.000000	-0.000000	0.000073	29.385895	28.033669	0.000000	8.285933	0.000000	8.314797
2010	11	0.000000	0.000000	0.000072	0.000072	-0.000000	-0.000000	0.000072	24.120274	30.965725	0.000000	8.285931	0.000000	8.314795
2010	11	0.000000	0.000000	0.000072	0.000072	-0.000000	-0.000000	0.000072	15.188445	30.033543	0.000000	8.285928	0.000000	8.314793
2010	11	0.000000	0.000000	0.000071	0.000071	-0.000000	-0.000000	0.000071	30.076185	24.578960	0.000000	8.285926	0.000000	8.314791
2010	11	0.000000	0.000000	0.000071	0.000071	-0.000000	-0.000000	0.000071	24.052843	18.868101	0.000000	8.285923	0.000000	8.314788
2010	11	0.000000	0.000000	0.000071	0.000071	-0.000000	-0.000000	0.000071	19.589378	15.756873	0.000000	8.285921	0.000000	8.314785
2010	11	0.000000	0.000000	0.000070	0.000070	-0.000000	-0.000000	0.000070	25.410723	18.240326	0.000000	8.285919	0.000000	8.314783
2010	11	0.000000	0.000000	0.000070	0.000070	-0.000000	-0.000000	0.000070	21.890133	17.927528	0.000000	8.285916	0.000000	8.314780
2010	11	0.000000	0.000000	0.000070	0.000070	-0.000000	-0.000000	0.000070	25.945143	27.583160	0.000000	8.285914	0.000000	8.314778
2010	11	0.000000	0.000000	0.000069	0.000069	-0.000000	-0.000000	0.000069	20.232950	16.394655	0.000000	8.285912	0.000000	8.314775
2010	11	0.000000	0.000000	0.000069	0.000069	-0.000000	-0.000000	0.000069	11.644609	20.011019	0.000000	8.285910	0.000000	8.314774
2010	11	0.000000	0.000000	0.000068	0.000068	-0.000000	-0.000000	0.000068	21.942656	16.878790	0.000000	8.285908	0.000000	8.314772
2010	11	0.000000	0.000000	0.000068	0.000068	-0.000000	-0.000000	0.000068	19.310543	10.291368	0.000000	8.285905	0.000000	8.314769
2010	11	0.000000	0.000000	0.000067	0.000067	-0.000000	-0.000000	0.000067	24.027067	19.611198	0.000000	8.285903	0.000000	8.314767
2010	11	0.000000	0.000000	0.000067	0.000067	-0.000000	-0.000000	0.000067	26.096489	21.092205	0.000000	8.285901	0.000000	8.314764
2010	11	0.000000	0.000000	0.000067	0.000067	-0.000000	-0.000000	0.000067	21.054390	19.847006	0.000000	8.285898	0.000000	8.314762
2010	11	0.000000	0.000000	0.000066	0.000066	-0.000000	-0.000000	0.000066	15.253786	10.454137	0.000000	8.285896	0.000000	8.314759
2010	11	0.000000	0.000000	0.000066	0.000066	-0.000000	-0.000000	0.000066	11.872523	13.607363	0.000000	8.285894	0.000000	8.314757
2010	11	0.000000	0.000000	0.000066	0.000066	-0.000000	-0.000000	0.000066	3.503968	9.467338	0.000000	8.285892	0.000000	8.314755
2010	11	0.000000	0.000000	0.000066	0.000066	-0.000000	-0.000000	0.000066	27.645437	27.583250	0.000000	8.285890	0.000000	8.314753
2010	11	0.000000	0.000000	0.000066	0.000066	-0.000000	-0.000000	0.000066	6.461309	18.244514	0.000000	8.285888	0.000000	8.314751
2010	11	0.000000	0.000000	0.000066	0.000066	-0.000000	-0.000000	0.000066	31.721094	20.640623	0.000000	8.285886	0.000000	8.314749
2010	11	0.000000	0.000000	0.000066	0.000066	-0.000000	-0.000000	0.000066	0.890522	5.755477	0.000000	8.285884	0.000000	8.314746
2010	12	0.000000	0.000000	0.000069	0.000069	-0.000000	-0.000000	0.000069	14.246440	12.236290	0.000000	8.285881	0.000000	8.314744
2010	12	0.000000	0.000000	0.000069	0.000069	-0.000000	-0.000000	0.000069	23.151112	18.439079	0.000000	8.285879	0.000000	8.314742
2010	12	0.000000	0.000000	0.000070	0.000070	-0.000000	-0.000000	0.000070	25.354685	21.959665	0.000000	8.285877	0.000000	8.314739
2010	12	0.000000	0.000000	0.000070	0.000070	-0.000000	-0.000000	0.000070	25.613989	13.987529	0.000000	8.285874	0.000000	8.314737
2010	12	0.000000	0.000000	0.000070	0.000070	-0.000000	-0.000000	0.000070	29.490723	18.876717	0.000000	8.285872	0.000000	8.314734
2010	12	0.000000	0.000000	0.000070	0.000070	-0.000000	-0.000000	0.000070	10.223582	9.448772	0.000000	8.285871	0.000000	8.314733
2010	12	0.000000	0.000000	0.000070	0.000070	-0.000000	-0.000000	0.000070	11.206844	11.420094	0.000000	8.285868	0.000000	8.314731
2010	12	0.000000	0.000000	0.000070	0.000070	-0.000000	-0.000000	0.000070	4.942352	7.625551	0.000000	8.285866	0.000000	8.314728
2010	12	0.000000	0.000000	0.000070	0.000070	-0.000000	-0.000000	0.000070	10.122143	11.096454	0.000000	8.285864	0.000000	8.314726
2010	12	0.000000	0.000000	0.000070	0.000070	-0.000000	-0.000000	0.000070	5.860397	22.238735	0.000000	8.285861	0.000000	8.314723
2010	12	0.000000	0.000000	0.000070	0.000070	-0.000000	-0.000000	0.000070	25.098473	29.434935	0.000000	8.285859	0.000000	8.314721
2010	12	0.000000	0.000000	0.000070	0.000070	-0.000000	-0.000000	0.000070	17.173269	19.148115	0.000000	8.285857	0.000000	8.314718
2010	12	0.000000	0.000000	0.000070	0.000070	-0.000000	-0.000000	0.000070	6.347228	10.412857	0.000000	8.285854	0.000000	8.314716
2010	12	0.000000	0.000000	0.000070	0.000070	-0.000000	-0.000000	0.000070	14.112147	15.166295	0.000000	8.285852	0.000000	8.314714
2010	12	0.000000	0.000000	0.000070	0.000070	-0.000000	-0.000000	0.000070	13.527721	11.617538	0.000000	8.285851	0.000000	8.314712
2010	12	0.000000	0.000000	0.000070	0.000070	-0.000000	-0.000000	0.000070	32.392269	21.023825	0.000000	8.285848	0.000000	8.314710
2010	12	0.000000	0.000000	0.000069	0.000069	-0.000000	-0.000000	0.000069	35.909019	15.100969	0.000000	8.285846	0.000000	8.314707
2010	12	0.000000	0.000000	0.000069	0.000069	-0.000000	-0.000000	0.000069	17.961374	6.376192	0.000000	8.285844	0.000000	8.314705
2010	12	0.000000	0.000000	0.000068	0.000068	-0.000000	-0.000000	0.000068	1.645454	4.713143	0.000000	8.285842	0.000000	8.314703
2010	12	0.000000	0.000000	0.000069	0.000069	-0.000000	-0.000000	0.000069	1.030319	12.872367	0.000000	8.285839	0.000000	8.314700
2010	12	0.000000	0.000000	0.000070	0.000070	-0.000000	-0.000000	0.000070	10.590985	6.583544	0.000000	8.285837	0.000000	8.314698
2010	12	0.000000	0.000000	0.000071	0.000071	-0.000000	-0.000000	0.000071	0.899314	7.450480	0.000000	8.285835	0.000000	8.314695
2010	12	0.000000	0.000000	0.000071	0.000071	-0.000000	-0.000000	0.000071	10.629954	11.838096	0.000000	8.285832	0.000000	8.314693
2010	12	0.000000	0.000000	0.000072	0.000072	-0.000000	-0.000000	0.000072	26.749138	23.728149	0.000000	8.285830	0.000000	8.314691
2010	12	0.000000	0.000000	0.000072	0.000072	-0.000000	-0.000000	0.000072	25.865353	17.738907	0.000000	8.285828	0.000000	8.314689
2010	12	0.000000	0.000000	0.000071	0.000071	-0.000000	-0.000000	0.000071	14.431491	6.860114	0.000000	8.285826	0.000000	8.314686
2010	12	0.000000	0.000000	0.000071	0.000071	-0.000000	-0.000000	0.000071	23.663713	8.710308	0.000000	8.285824	0.000000	8.314684
2010	12	0.000000	0.000000	0.000070	0.000070	-0.000000	-0.000000	0.000070	21.354000	9.175531	0.000000	8.285821	0.000000	8.314681
2010	12	0.000000	0.000000	0.000070	0.000070	-0.000000	-0.000000	0.000070	11.231982	11.200657	0.000000	8.285819	0.000000	8.314679
2010	12	0.000000	0.000000	0.000069	0.000069	-0.000000	-0.000000	0.000069	8.823880	9.971769	0.000000	8.285817	0.000000	8.314677
2010	12	0.000000	0.000000	0.000069	0.000069	-0.000000	-0.000000	0.000069	9.653711	7.025261	0.000000	8.285814	0.000000	8.314674
2011	01	0.000000	0.000000	0.000068	0.000068	-0.000000	-0.000000	0.000068	6.582999	5.425504	0.000000	8.285812	0.000000	8.314672
2011	01	0.000000	0.000000	0.000068	0.000068	-0.000000	-0.000000	0.000068	5.865170	13.642213	0.000000	8.285810	0.000000	8.314671
2011	01	0.000000	0.000000	0.000068	0.000068	-0.000000	-0.000000	0.000068	14.833198	13.797353	0.000000	8.285809	0.000000	8.314668
2011	01	0.000000	0.000000	0.000067	0.000067	-0.000000	-0.000000	0.000067	7.545470	6.614069	0.000000	8.285806	0.000000	8.314666
2011	01	0.000000	0.000000	0.000067	0.000067	-0.000000	-0.000000	0.000067	11.247630	7.340875	0.000000	8.285804	0.000000	8.314664
2011	01	0.000000	0.000000	0.000067	0.000067	-0.000000	-0.000000	0.000067	12.501151	9.528295	0.000000	8.285802	0.000000	8.314661
2011	01	0.000000	0.000000	0.000067	0.000067	-0.000000	-0.000000	0.000067	13.997256	9.470272	0.000000	8.285800	0.000000	8.314659
2011	01	0.000000	0.000000	0.000067	0.000067	-0.000000	-0.000000	0.000067	14.848561	12.413299	0.000000	8.285797	0.000000	8.314657
2011	01	0.000000	0.000000	0.000067	0.000067	-0.000000	-0.000000	0.000067	11.590003	8.167612	0.000000	8.285795	0.000000	8.314654
2011	01	0.000000	0.000000	0.000067	0.000067	-0.000000	-0.000000	0.000067	13.554313	16.013819	0.000000	8.285793	0.000000	8.314652
2011	01	0.000000	0.000000	0.000066	0.000066	-0.000000	-0.000000	0.000066	18.928064	15.759501	0.000000	8.285791	0.000000	8.314651
2011	01	0.000000	0.000000	0.000066	0.000066	-0.000000	-0.000000	0.000066	10.676652	15.317007	0.000000	8.285789	0.000000	8.314648
2011	01	0.000000	0.000000	0.000066	0.000066	-0.000000	-0.000000	0.000066	18.100967	9.767242	0.000000	8.285787	0.000000	8.314646
2011	01	0.000000	0.000000	0.000066	0.000066	-0.000000	-0.000000	0.000066	22.030663	8.525414	0.000000	8.285785	0.000000	8.314644
2011	01	0.000000	0.000000	0.000066	0.000066	-0.000000	-0.000000	0.000066	14.957310	7.144931	0.000000	8.285783	0.000000	8.314641
2011	01	0.000000	0.000000	0.000066	0.000066	-0.000000	-0.000000	0.000066	18.104939	12.488965	0.000000	8.285781	0.000000	8.314639
2011	01	0.000000	0.000000	0.000066	0.000066	-0.000000	-0.000000	0.000066	17.786531	14.159339	0.000000	8.285779	0.000000	8.314637
2011	01	0.000000	0.000000	0.000066	0.000066	-0.000000	-0.000000	0.000066	20.669092	11.431366	0.000000	8.285776	0.000000	8.314635
2011	01	0.000000	0.000000	0.000065	0.000065	-0.000000	-0.000000	0.000065	27.132132	15.228570	0.000000	8.285774	0.000000	8.314632
2011	01	0.000000	0.000000	0.000065	0.000065	-0.000000	-0.000000	0.000065	20.416664	15.697655	0.000000	8.285772	0.000000	8.314631
2011	01	0.000000	0.000000	0.000065	0.000065	-0.000000	-0.000000	0.000065	25.030949	17.461266	0.000000	8.285770	0.000000	8.314629
2011	01	0.000000	0.000000	0.000065	0.000065	-0.000000	-0.000000	0.000065	33.856567	19.706493	0.000000	8.285769	0.000000	8.314627
2011	01	0.000000	0.000000	0.000064	0.000064	-0.000000	-0.000000	0.000064	44.469418	20.131624	0.000000	8.285766	0.000000	8.314624
2011	01	0.000000	0.000000	0.000064	0.000064	-0.000000	-0.000000	0.000064	25.213112	21.876944	0.000000	8.285764	0.000000	8.314622
2011	01	0.000000	0.000000	0.000064	0.000064	-0.000000	-0.000000	0.000064	23.777359	22.581127	0.000000	8.285762	0.000000	8.314620
2011	01	0.000000	0.000000	0.000063	0.000063	-0.000000	-0.000000	0.000063	30.282007	18.123867	0.000000	8.285760	0.000000	8.314618
2011	01	0.000000	0.000000	0.000063	0.000063	-0.000000	-0.000000	0.000063	23.752415	17.296070	0.000000	8.285758	0.000000	8.314615
2011	01	0.000000	0.000000	0.000063	0.000063	-0.000000	-0.000000	0.000063	5.366657	12.247401	0.000000	8.285756	0.000000	8.314613
2011	01	0.000000	0.000000	0.000063	0.000063	-0.000000	-0.000000	0.000063	13.620146	16.506233	0.000000	8.285754	0.000000	8.314611
2011	01	0.000000	0.000000	0.000063	0.000063	-0.000000	-0.000000	0.000063	34.209259	18.509363	0.000000	8.285752	0.000000	8.314610
2011	01	0.000000	0.000000	0.000063	0.000063	-0.000000	-0.000000	0.000063	30.341541	19.083786	0.000000	8.285750	0.000000	8.314608
2011	02	0.000000	0.000000	0.000057	0.000057	-0.000000	-0.000000	0.000057	31.162718	15.861618	0.000000	8.285748	0.000000	8.314606
2011	02	0.000000	0.000000	0.000057	0.000057	-0.000000	-0.000000	0.000057	21.258867	15.801775	0.000000	8.285746	0.000000	8.314603
2011	02	0.000000	0.000000	0.000057	0.000057	-0.000000	-0.000000	0.000057	25.894295	12.191216	0.000000	8.285744	0.000000	8.314601
2011	02	0.000000	0.000000	0.000057	0.000057	-0.000000	-0.000000	0.000057	28.204565	12.438752	0.000000	8.285742	0.000000	8.314599
2011	02	0.000000	0.000000	0.000057	0.000057	-0.000000	-0.000000	0.000057	21.013300	8.759318	0.000000	8.285740	0.000000	8.314597
2011	02	0.000000	0.000000	0.000057	0.000057	-0.000000	-0.000000	0.000057	28.158274	12.844811	0.000000	8.285738	0.000000	8.314594
2011	02	0.000000	0.000000	0.000057	0.000057	-0.000000	-0.000000	0.000057	21.042971	11.110060	0.000000	8.285736	0.000000	8.314592
2011	02	0.000000	0.000000	0.000057	0.000057	-0.000000	-0.000000	0.000057	22.086744	10.736669	0.000000	8.285734	0.000000	8.314590
2011	02	0.000000	0.000000	0.000057	0.000057	-0.000000	-0.000000	0.000057	27.434818	11.873712	0.000000	8.285732	0.000000	8.314589
2011	02	0.000000	0.000000	0.000057	0.000057	-0.000000	-0.000000	0.000057	27.917986	13.482080	0.000000	8.285729	0.000000	8.314587
2011	02	0.000000	0.000000	0.000057	0.000057	-0.000000	-0.000000	0.000057	34.831207	17.592169	0.000000	8.285728	0.000000	8.314584
2011	02	0.000000	0.000000	0.000057	0.000057	-0.000000	-0.000000	0.000057	27.890654	15.493361	0.000000	8.285726	0.000000	8.314582
2011	02	0.000000	0.000000	0.000057	0.000057	-0.000000	-0.000000	0.000057	19.260748	9.478092	0.000000	8.285724	0.000000	8.314580
2011	02	0.000000	0.000000	0.000057	0.000057	-0.000000	-0.000000	0.000057	19.861504	19.970957	0.000000	8.285722	0.000000	8.314578
2011	02	0.000000	0.000000	0.000057	0.000057	-0.000000	-0.000000	0.000057	35.623295	30.293446	0.000000	8.285720	0.000000	8.314576
2011	02	0.000000	0.000000	0.000057	0.000057	-0.000000	-0.000000	0.000057	16.088486	21.266048	0.000000	8.285718	0.000000	8.314574
2011	02	0.000000	0.000000	0.000057	0.000057	-0.000000	-0.000000	0.000057	17.737925	25.802984	0.000000	8.285716	0.000000	8.314571
2011	02	0.000000	0.000000	0.000057	0.000057	-0.000000	-0.000000	0.000057	44.523663	39.930717	0.000000	8.285714	0.000000	8.314569
2011	02	0.000000	0.000000	0.000057	0.000057	-0.000000	-0.000000	0.000057	32.812099	15.408790	0.000000	8.285711	0.000000	8.314568
2011	02	0.000000	0.000000	0.000057	0.000057	-0.000000	-0.000000	0.000057	37.208672	21.984524	0.000000	8.285709	0.000000	8.314566
2011	02	0.000000	0.000000	0.000058	0.000058	-0.000000	-0.000000	0.000058	34.307514	32.229759	0.000000	8.285707	0.000000	8.314564
2011	02	0.000000	0.000000	0.000058	0.000058	-0.000000	-0.000000	0.000058	31.334675	33.223045	0.000000	8.285706	0.000000	8.314561
2011	02	0.000000	0.000000	0.000058	0.000058	-0.000000	-0.000000	0.000058	26.159433	27.908644	0.000000	8.285704	0.000000	8.314559
2011	02	0.000000	0.000000	0.000058	0.000058	-0.000000	-0.000000	0.000058	35.513489	19.063559	0.000000	8.285702	0.000000	8.314557
2011	02	0.000000	0.000000	0.000058	0.000058	-0.000000	-0.000000	0.000058	37.409855	20.710909	0.000000	8.285700	0.000000	8.314555
2011	02	0.000000	0.000000	0.000058	0.000058	-0.000000	-0.000000	0.000058	44.453766	20.628162	0.000000	8.285697	0.000000	8.314552
2011	02	0.000000	0.000000	0.000059	0.000059	-0.000000	-0.000000	0.000059	34.512733	25.133131	0.000000	8.285695	0.000000	8.314550
2011	02	0.000000	0.000000	0.000059	0.000059	-0.000000	-0.000000	0.000059	31.606106	24.382826	0.000000	8.285693	0.000000	8.314548
2011	03	0.000000	0.000000	0.000065	0.000065	-0.000000	-0.000000	0.000065	50.209122	26.144621	0.000000	8.285691	0.000000	8.314547
2011	03	0.000000	0.000000	0.000065	0.000065	-0.000000	-0.000000	0.000065	59.407829	25.330368	0.000000	8.285689	0.000000	8.314544
2011	03	0.000000	0.000000	0.000065	0.000065	-0.000000	-0.000000	0.000065	42.163643	26.868235	0.000000	8.285687	0.000000	8.314542
2011	03	0.000000	0.000000	0.000065	0.000065	-0.000000	-0.000000	0.000065	47.081486	24.960550	0.000000	8.285685	0.000000	8.314540
2011	03	0.000000	0.000000	0.000065	0.000065	-0.000000	-0.000000	0.000065	58.218605	26.263575	0.000000	8.285683	0.000000	8.314538
2011	03	0.000000	0.000000	0.000065	0.000065	-0.000000	-0.000000	0.000065	46.542358	26.952805	0.000000	8.285681	0.000000	8.314535
2011	03	0.000000	0.000000	0.000065	0.000065	-0.000000	-0.000000	0.000065	43.849476	27.344940	0.000000	8.285679	0.000000	8.314533
2011	03	0.000000	0.000000	0.000065	0.000065	-0.000000	-0.000000	0.000065	39.497898	27.896284	0.000000	8.285677	0.000000	8.314531
2011	03	0.000000	0.000000	0.000065	0.000065	-0.000000	-0.000000	0.000065	51.215191	42.207897	0.000000	8.285675	0.000000	8.314529
2011	03	0.000000	0.000000	0.000065	0.000065	-0.000000	-0.000000	0.000065	44.028679	33.524914	0.000000	8.285672	0.000000	8.314527
2011	03	0.000000	0.000000	0.000065	0.000065	-0.000000	-0.000000	0.000065	53.620491	35.138031	0.000000	8.285670	0.000000	8.314525
2011	03	0.000000	0.000000	0.000065	0.000065	-0.000000	-0.000000	0.000065	26.309137	23.899853	0.000000	8.285668	0.000000	8.314523
2011	03	0.000000	0.000000	0.000065	0.000065	-0.000000	-0.000000	0.000065	26.784986	25.361502	0.000000	8.285666	0.000000	8.314521
2011	03	0.000000	0.000000	0.000065	0.000065	-0.000000	-0.000000	0.000065	43.350010	21.115898	0.000000	8.285665	0.000000	8.314518
2011	03	0.000000	0.000000	0.000065	0.000065	-0.000000	-0.000000	0.000065	59.516087	33.929272	0.000000	8.285663	0.000000	8.314516
2011	03	0.000000	0.000000	0.000065	0.000065	-0.000000	-0.000000	0.000065	42.882042	30.971577	0.000000	8.285660	0.000000	8.314514
2011	03	0.000000	0.000000	0.000066	0.000066	-0.000000	-0.000000	0.000066	64.504387	48.021736	0.000000	8.285658	0.000000	8.314512
2011	03	0.000000	0.000000	0.000066	0.000066	-0.000000	-0.000000	0.000066	51.972874	36.797638	0.000000	8.285656	0.000000	8.314509
2011	03	0.000000	0.000000	0.000066	0.000066	-0.000000	-0.000000	0.000066	43.618855	21.178644	0.000000	8.285654	0.000000	8.314507
2011	03	0.000000	0.000000	0.000066	0.000066	-0.000000	-0.000000	0.000066	62.550797	37.140480	0.000000	8.285652	0.000000	8.314506
2011	03	0.000000	0.000000	0.000066	0.000066	-0.000000	-0.000000	0.000066	64.590210	45.500149	0.000000	8.285650	0.000000	8.314503
2011	03	0.000000	0.000000	0.000066	0.000066	-0.000000	-0.000000	0.000066	69.250999	43.301601	0.000000	8.285647	0.000000	8.314501
2011	03	0.000000	0.000000	0.000066	0.000066	-0.000000	-0.000000	0.000066	72.439049	45.479500	0.000000	8.285645	0.000000	8.314499
2011	03	0.000000	0.000000	0.000066	0.000066	-0.000000	-0.000000	0.000066	42.064754	36.747173	0.000000	8.285644	0.000000	8.314497
2011	03	0.000000	0.000000	0.000066	0.000066	-0.000000	-0.000000	0.000066	48.125656	40.758343	0.000000	8.285642	0.000000	8.314494
2011	03	0.000000	0.000000	0.000066	0.000066	-0.000000	-0.000000	0.000066	53.803368	31.391634	0.000000	8.285639	0.000000	8.314492
2011	03	0.000000	0.000000	0.000066	0.000066	-0.000000	-0.000000	0.000066	65.507545	36.904781	0.000000	8.285637	0.000000	8.314490
2011	03	0.000000	0.000000	0.000067	0.000067	-0.000000	-0.000000	0.000067	72.029755	50.817440	0.000000	8.285635	0.000000	8.314487
2011	03	0.000000	0.000000	0.000067	0.000067	-0.000000	-0.000000	0.000067	57.725525	41.511299	0.000000	8.285633	0.000000	8.314486
2011	03	0.000000	0.000000	0.000067	0.000067	-0.000000	-0.000000	0.000067	56.589874	41.724937	0.000000	8.285631	0.000000	8.314484
2011	03	0.000000	0.000000	0.000067	0.000067	-0.000000	-0.000000	0.000067	57.774933	34.750935	0.000000	8.285628	0.000000	8.314481
2011	04	0.000000	0.000000	0.000066	0.000066	-0.000000	-0.000000	0.000066	68.368118	46.566399	0.000000	8.285626	0.000000	8.314479
2011	04	0.000000	0.000000	0.000066	0.000066	-0.000000	-0.000000	0.000066	63.802593	57.340538	0.000000	8.285625	0.000000	8.314477
2011	04	0.000000	0.000000	0.000066	0.000066	-0.000000	-0.000000	0.000066	55.447151	42.132477	0.000000	8.285623	0.000000	8.314474
2011	04	0.000000	0.000000	0.000066	0.000066	-0.000000	-0.000000	0.000066	34.760532	28.317850	0.000000	8.285620	0.000000	8.314472
2011	04	0.000000	0.000000	0.000066	0.000066	-0.000000	-0.000000	0.000066	62.756260	60.537247	0.000000	8.285618	0.000000	8.314470
2011	04	0.000000	0.000000	0.000067	0.000067	-0.000000	-0.000000	0.000067	66.057510	77.102150	0.000000	8.285616	0.000000	8.314467
2011	04	0.000000	0.000000	0.000067	0.000067	-0.000000	-0.000000	0.000067	57.532925	70.057281	0.000000	8.285613	0.000000	8.314466
2011	04	0.000000	0.000000	0.000067	0.000067	-0.000000	-0.000000	0.000067	37.557991	53.079533	0.000000	8.285611	0.000000	8.314463
2011	04	0.000000	0.000000	0.000067	0.000067	-0.000000	-0.000000	0.000067	58.653275	39.354553	0.000000	8.285609	0.000000	8.314461
2011	04	0.000000	0.000000	0.000067	0.000067	-0.000000	-0.000000	0.000067	54.536713	56.151272	0.000000	8.285606	0.000000	8.314459
2011	04	0.000000	0.000000	0.000067	0.000067	-0.000000	-0.000000	0.000067	69.052872	41.162220	0.000000	8.285604	0.000000	8.314456
2011	04	0.000000	0.000000	0.000068	0.000068	-0.000000	-0.000000	0.000068	55.483658	34.641472	0.000000	8.285603	0.000000	8.314454
2011	04	0.000000	0.000000	0.000068	0.000068	-0.000000	-0.000000	0.000068	85.425529	47.387180	0.000000	8.285600	0.000000	8.314451
2011	04	0.000000	0.000000	0.000068	0.000068	-0.000000	-0.000000	0.000068	72.571587	39.338936	0.000000	8.285598	0.000000	8.314449
2011	04	0.000000	0.000000	0.000068	0.000068	-0.000000	-0.000000	0.000068	70.186317	43.981895	0.000000	8.285596	0.000000	8.314447
2011	04	0.000000	0.000000	0.000068	0.000068	-0.000000	-0.000000	0.000068	87.853119	38.106380	0.000000	8.285593	0.000000	8.314445
2011	04	0.000000	0.000000	0.000068	0.000068	-0.000000	-0.000000	0.000068	89.786156	37.494122	0.000000	8.285591	0.000000	8.314443
2011	04	0.000000	0.000000	0.000068	0.000068	-0.000000	-0.000000	0.000068	78.597000	35.288708	0.000000	8.285589	0.000000	8.314440
2011	04	0.000000	0.000000	0.000068	0.000068	-0.000000	-0.000000	0.000068	65.161499	36.134296	0.000000	8.285586	0.000000	8.314438
2011	04	0.000000	0.000000	0.000069	0.000069	-0.000000	-0.000000	0.000069	98.126915	32.113907	0.000000	8.285584	0.000000	8.314435
2011	04	0.000000	0.000000	0.000069	0.000069	-0.000000	-0.000000	0.000069	84.025246	29.747662	0.000000	8.285583	0.000000	8.314433
2011	04	0.000000	0.000000	0.000069	0.000069	-0.000000	-0.000000	0.000069	47.820038	38.063225	0.000000	8.285580	0.000000	8.314430
2011	04	0.000000	0.000000	0.000069	0.000069	-0.000000	-0.000000	0.000069	92.887566	56.590233	0.000000	8.285578	0.000000	8.314428
2011	04	0.000000	0.000000	0.000069	0.000069	-0.000000	-0.000000	0.000069	85.361649	48.003662	0.000000	8.285576	0.000000	8.314425
2011	04	0.000000	0.000000	0.000069	0.000069	-0.000000	-0.000000	0.000069	24.850616	20.158066	0.000000	8.285573	0.000000	8.314424
2011	04	0.000000	0.000000	0.000069	0.000069	-0.000000	-0.000000	0.000069	14.826563	13.145844	0.000000	8.285571	0.000000	8.314421
2011	04	0.000000	0.000000	0.000069	0.000069	-0.000000	-0.000000	0.000069	40.602608	25.980663	0.000000	8.285568	0.000000	8.314419
2011	04	0.000000	0.000000	0.000069	0.000069	-0.000000	-0.000000	0.000069	81.901405	65.302002	0.000000	8.285566	0.000000	8.314417
2011	04	0.000000	0.000000	0.000069	0.000069	-0.000000	-0.000000	0.000069	81.930603	64.241676	0.000000	8.285564	0.000000	8.314414
2011	04	0.000000	0.000000	0.000070	0.000070	-0.000000	-0.000000	0.000070	50.583107	44.939796	0.000000	8.285562	0.000000	8.314412
2011	05	0.000000	0.000000	0.000072	0.000072	-0.000000	-0.000000	0.000072	85.262321	49.396652	0.000000	8.285560	0.000000	8.314409
2011	05	0.000000	0.000000	0.000073	0.000073	-0.000000	-0.000000	0.000073	75.359154	59.798687	0.000000	8.285557	0.000000	8.314407
2011	05	0.000000	0.000000	0.000073	0.000073	-0.000000	-0.000000	0.000073	70.200180	48.877647	0.000000	8.285555	0.000000	8.314404
2011	05	0.000000	0.000000	0.000073	0.000073	-0.000000	-0.000000	0.000073	90.280739	63.674240	0.000000	8.285553	0.000000	8.314403
2011	05	0.000000	0.000000	0.000073	0.000073	-0.000000	-0.000000	0.000073	72.597321	46.871269	0.000000	8.285550	0.000000	8.314400
2011	05	0.000000	0.000000	0.000074	0.000074	-0.000000	-0.000000	0.000074	78.638702	51.970070	0.000000	8.285548	0.000000	8.314397
2011	05	0.000000	0.000000	0.000074	0.000074	-0.000000	-0.000000	0.000074	83.661705	69.746819	0.000000	8.285545	0.000000	8.314395
2011	05	0.000000	0.000000	0.000074	0.000074	-0.000000	-0.000000	0.000074	71.732338	56.490376	0.000000	8.285543	0.000000	8.314392
2011	05	0.000000	0.000000	0.000075	0.000075	-0.000000	-0.000000	0.000075	69.655548	49.817951	0.000000	8.285541	0.000000	8.314390
2011	05	0.000000	0.000000	0.000075	0.000075	-0.000000	-0.000000	0.000075	74.997360	83.332611	0.000000	8.285539	0.000000	8.314387
2011	05	0.000000	0.000000	0.000075	0.000075	-0.000000	-0.000000	0.000075	43.010590	61.792412	0.000000	8.285536	0.000000	8.314385
2011	05	0.000000	0.000000	0.000075	0.000075	-0.000000	-0.000000	0.000075	30.634256	49.297222	0.000000	8.285534	0.000000	8.314383
2011	05	0.000000	0.000000	0.000075	0.000075	-0.000000	-0.000000	0.000075	60.607994	59.537212	0.000000	8.285531	0.000000	8.314380
2011	05	0.000000	0.000000	0.000075	0.000075	-0.000000	-0.000000	0.000075	55.884960	46.513382	0.000000	8.285529	0.000000	8.314378
2011	05	0.000000	0.000000	0.000075	0.000075	-0.000000	-0.000000	0.000075	63.522644	51.361343	0.000000	8.285526	0.000000	8.314375
2011	05	0.000000	0.000000	0.000075	0.000075	-0.000000	-0.000000	0.000075	94.706978	69.524208	0.000000	8.285524	0.000000	8.314373
2011	05	0.000000	0.000000	0.000076	0.000076	-0.000000	-0.000000	0.000076	95.140770	67.454163	0.000000	8.285522	0.000000	8.314370
2011	05	0.000000	0.000000	0.000076	0.000076	-0.000000	-0.000000	0.000076	75.971497	45.073570	0.000000	8.285520	0.000000	8.314367
2011	05	0.000000	0.000000	0.000076	0.000076	-0.000000	-0.000000	0.000076	79.046783	55.666451	0.000000	8.285517	0.000000	8.314365
2011	05	0.000000	0.000000	0.000076	0.000076	-0.000000	-0.000000	0.000076	44.911594	38.178040	0.000000	8.285515	0.000000	8.314363
2011	05	0.000000	0.000000	0.000076	0.000076	-0.000000	-0.000000	0.000076	13.578939	17.830584	0.000000	8.285512	0.000000	8.314360
2011	05	0.000000	0.000000	0.000076	0.000076	-0.000000	-0.000000	0.000076	52.625851	32.187458	0.000000	8.285510	0.000000	8.314358
2011	05	0.000000	0.000000	0.000076	0.000076	-0.000000	-0.000000	0.000076	64.660255	37.505302	0.000000	8.285507	0.000000	8.314355
2011	05	0.000000	0.000000	0.000076	0.000076	-0.000000	-0.000000	0.000076	90.831848	76.364983	0.000000	8.285505	0.000000	8.314353
2011	05	0.000000	0.000000	0.000076	0.000076	-0.000000	-0.000000	0.000076	85.402481	76.080498	0.000000	8.285502	0.000000	8.314350
2011	05	0.000000	0.000000	0.000077	0.000077	-0.000000	-0.000000	0.000077	87.682976	65.501434	0.000000	8.285500	0.000000	8.314347
2011	05	0.000000	0.000000	0.000077	0.000077	-0.000000	-0.000000	0.000077	63.992519	51.042828	0.000000	8.285498	0.000000	8.314345
2011	05	0.000000	0.000000	0.000078	0.000078	-0.000000	-0.000000	0.000078	70.773064	63.336781	0.000000	8.285495	0.000000	8.314342
2011	05	0.000000	0.000000	0.000078	0.000078	-0.000000	-0.000000	0.000078	72.073769	63.400082	0.000000	8.285493	0.000000	8.314340
2011	05	0.000000	0.000000	0.000079	0.000079	-0.000000	-0.000000	0.000079	57.806679	64.738739	0.000000	8.285490	0.000000	8.314338
2011	05	0.000000	0.000000	0.000079	0.000079	-0.000000	-0.000000	0.000079	92.254951	59.914230	0.000000	8.285487	0.000000	8.314335
2011	06	0.000000	0.000000	0.000077	0.000077	-0.000000	-0.000000	0.000077	89.297539	42.643787	0.000000	8.285485	0.000000	8.314332
2011	06	0.000000	0.000000	0.000078	0.000078	-0.000000	-0.000000	0.000078	85.287910	46.475281	0.000000	8.285482	0.000000	8.314329
2011	06	0.000000	0.000000	0.000077	0.000077	-0.000000	-0.000000	0.000077	77.008331	65.602547	0.000000	8.285480	0.000000	8.314327
2011	06	0.000000	0.000000	0.000077	0.000077	-0.000000	-0.000000	0.000077	91.706169	56.396404	0.000000	8.285478	0.000000	8.314324
2011	06	0.000000	0.000000	0.000077	0.000077	-0.000000	-0.000000	0.000077	105.927856	63.163261	0.000000	8.285475	0.000000	8.314322
2011	06	0.000000	0.000000	0.000077	0.000077	-0.000000	-0.000000	0.000077	81.590843	51.398968	0.000000	8.285473	0.000000	8.314319
2011	06	0.000000	0.000000	0.000077	0.000077	-0.000000	-0.000000	0.000077	94.212082	44.468067	0.000000	8.285470	0.000000	8.314317
2011	06	0.000000	0.000000	0.000077	0.000077	-0.000000	-0.000000	0.000077	113.320587	68.968460	0.000000	8.285467	0.000000	8.314314
2011	06	0.000000	0.000000	0.000077	0.000077	-0.000000	-0.000000	0.000077	88.322365	84.647942	0.000000	8.285465	0.000000	8.314311
2011	06	0.000000	0.000000	0.000077	0.000077	-0.000000	-0.000000	0.000077	84.090233	61.382198	0.000000	8.285462	0.000000	8.314308
2011	06	0.000000	0.000000	0.000077	0.000077	-0.000000	-0.000000	0.000077	74.854599	59.921104	0.000000	8.285460	0.000000	8.314306
2011	06	0.000000	0.000000	0.000077	0.000077	-0.000000	-0.000000	0.000077	86.903580	47.669994	0.000000	8.285458	0.000000	8.314303
2011	06	0.000000	0.000000	0.000078	0.000078	-0.000000	-0.000000	0.000078	94.209297	42.935158	0.000000	8.285455	0.000000	8.314301
2011	06	0.000000	0.000000	0.000078	0.000078	-0.000000	-0.000000	0.000078	91.626366	39.142429	0.000000	8.285452	0.000000	8.314298
2011	06	0.000000	0.000000	0.000079	0.000079	-0.000000	-0.000000	0.000079	100.764252	35.774952	0.000000	8.285450	0.000000	8.314296
2011	06	0.000000	0.000000	0.000079	0.000079	-0.000000	-0.000000	0.000079	105.838295	33.187653	0.000000	8.285447	0.000000	8.314293
2011	06	0.000000	0.000000	0.000080	0.000080	-0.000000	-0.000000	0.000080	109.669426	30.293596	0.000000	8.285444	0.000000	8.314290
2011	06	0.000000	0.000000	0.000080	0.000080	-0.000000	-0.000000	0.000080	97.123291	31.633394	0.000000	8.285441	0.000000	8.314287
2011	06	0.000000	0.000000	0.000081	0.000081	-0.000000	-0.000000	0.000081	93.428841	30.086132	0.000000	8.285439	0.000000	8.314284
2011	06	0.000000	0.000000	0.000082	0.000082	-0.000000	-0.000000	0.000082	117.663727	24.566708	0.000000	8.285437	0.000000	8.314281
2011	06	0.000000	0.000000	0.000082	0.000082	-0.000000	-0.000000	0.000082	107.781372	23.596693	0.000000	8.285434	0.000000	8.314279
2011	06	0.000000	0.000000	0.000083	0.000083	-0.000000	-0.000000	0.000083	105.458435	25.708021	0.000000	8.285431	0.000000	8.314276
2011	06	0.000000	0.000000	0.000084	0.000084	-0.000000	-0.000000	0.000084	102.616623	27.707558	0.000000	8.285428	0.000000	8.314273
2011	06	0.000000	0.000000	0.000084	0.000084	-0.000000	-0.000000	0.000084	112.926079	22.924692	0.000000	8.285425	0.000000	8.314270
2011	06	0.000000	0.000000	0.000085	0.000085	-0.000000	-0.000000	0.000085	122.305550	26.256687	0.000000	8.285423	0.000000	8.314267
2011	06	0.000000	0.000000	0.000085	0.000085	-0.000000	-0.000000	0.000085	109.824226	23.252859	0.000000	8.285420	0.000000	8.314264
2011	06	0.000000	0.000000	0.000085	0.000085	-0.000000	-0.000000	0.000085	120.229637	21.487148	0.000000	8.285418	0.000000	8.314261
2011	06	0.000000	0.000000	0.000085	0.000085	-0.000000	-0.000000	0.000085	118.868149	19.707554	0.000000	8.285415	0.000000	8.314259
2011	06	0.000000	0.000000	0.000085	0.000085	-0.000000	-0.000000	0.000085	108.870796	19.670839	0.000000	8.285412	0.000000	8.314256
2011	06	0.000000	0.000000	0.000086	0.000086	-0.000000	-0.000000	0.000086	111.606964	23.441128	0.000000	8.285409	0.000000	8.314253
2011	07	0.000000	0.000000	0.000089	0.000089	-0.000000	-0.000000	0.000089	112.414200	24.259748	0.000000	8.285406	0.000000	8.314250
2011	07	0.000000	0.000000	0.000090	0.000090	-0.000000	-0.000000	0.000090	112.956841	21.504499	0.000000	8.285403	0.000000	8.314247
2011	07	0.000000	0.000000	0.000090	0.000090	-0.000000	-0.000000	0.000090	53.403168	15.584276	0.000000	8.285400	0.000000	8.314244
2011	07	0.000000	0.000000	0.000090	0.000090	-0.000000	-0.000000	0.000090	109.374924	26.421894	0.000000	8.285398	0.000000	8.314241
2011	07	0.000000	0.000000	0.000091	0.000091	-0.000000	-0.000000	0.000091	102.559647	20.066462	0.000000	8.285395	0.000000	8.314239
2011	07	0.000000	0.000000	0.000091	0.000091	-0.000000	-0.000000	0.000091	99.732071	19.819731	0.000000	8.285392	0.000000	8.314236
2011	07	0.000000	0.000000	0.000091	0.000091	-0.000000	-0.000000	0.000091	99.703285	23.568132	0.000000	8.285389	0.000000	8.314233
2011	07	0.000000	0.000000	0.000092	0.000092	-0.000000	-0.000000	0.000092	101.038437	22.344296	0.000000	8.285386	0.000000	8.314229
2011	07	0.000000	0.000000	0.000092	0.000092	-0.000000	-0.000000	0.000092	100.032509	15.394792	0.000000	8.285383	0.000000	8.314226
2011	07	0.000000	0.000000	0.000093	0.000093	-0.000000	-0.000000	0.000093	113.773827	17.321596	0.000000	8.285380	0.000000	8.314223
2011	07	0.000000	0.000000	0.000093	0.000093	-0.000000	-0.000000	0.000093	57.536827	13.774096	0.000000	8.285378	0.000000	8.314220
2011	07	0.000000	0.000000	0.000093	0.000093	-0.000000	-0.000000	0.000093	80.677635	20.788662	0.000000	8.285375	0.000000	8.314218
2011	07	0.000000	0.000000	0.000093	0.000093	-0.000000	-0.000000	0.000093	105.847916	26.677927	0.000000	8.285372	0.000000	8.314214
2011	07	0.000000	0.000000	0.000093	0.000093	-0.000000	-0.000000	0.000093	106.533653	16.716969	0.000000	8.285368	0.000000	8.314211
2011	07	0.000000	0.000000	0.000094	0.000094	-0.000000	-0.000000	0.000094	124.726036	19.432768	0.000000	8.285365	0.000000	8.314208
2011	07	0.000000	0.000000	0.000094	0.000094	-0.000000	-0.000000	0.000094	73.060562	15.846439	0.000000	8.285362	0.000000	8.314205
2011	07	0.000000	0.000000	0.000093	0.000093	-0.000000	-0.000000	0.000093	79.447853	16.726088	0.000000	8.285359	0.000000	8.314202
2011	07	0.000000	0.000000	0.000094	0.000094	-0.000000	-0.000000	0.000094	103.208748	25.680960	0.000000	8.285357	0.000000	8.314198
2011	07	0.000000	0.000000	0.000094	0.000094	-0.000000	-0.000000	0.000094	111.503098	34.328117	0.000000	8.285354	0.000000	8.314196
2011	07	0.000000	0.000000	0.000094	0.000094	-0.000000	-0.000000	0.000094	79.943169	53.708572	0.000000	8.285351	0.000000	8.314193
2011	07	0.000000	0.000000	0.000094	0.000094	-0.000000	-0.000000	0.000094	118.626320	26.451857	0.000000	8.285348	0.000000	8.314190
2011	07	0.000000	0.000000	0.000094	0.000094	-0.000000	-0.000000	0.000094	109.664528	21.129944	0.000000	8.285345	0.000000	8.314186
2011	07	0.000000	0.000000	0.000094	0.000094	-0.000000	-0.000000	0.000094	86.230942	15.518551	0.000000	8.285341	0.000000	8.314183
2011	07	0.000000	0.000000	0.000094	0.000094	-0.000000	-0.000000	0.000094	100.556274	19.665064	0.000000	8.285338	0.000000	8.314180
2011	07	0.000000	0.000000	0.000094	0.000094	-0.000000	-0.000000	0.000094	112.255997	21.235754	0.000000	8.285336	0.000000	8.314178
2011	07	0.000000	0.000000	0.000094	0.000094	-0.000000	-0.000000	0.000094	115.219841	17.475853	0.000000	8.285333	0.000000	8.314174
2011	07	0.000000	0.000000	0.000094	0.000094	-0.000000	-0.000000	0.000094	113.344566	18.840418	0.000000	8.285330	0.000000	8.314171
2011	07	0.000000	0.000000	0.000094	0.000094	-0.000000	-0.000000	0.000094	116.293137	20.221268	0.000000	8.285327	0.000000	8.314168
2011	07	0.000000	0.000000	0.000094	0.000094	-0.000000	-0.000000	0.000094	120.344574	16.717188	0.000000	8.285324	0.000000	8.314165
2011	07	0.000000	0.000000	0.000094	0.000094	-0.000000	-0.000000	0.000094	113.392273	15.722109	0.000000	8.285321	0.000000	8.314162
2011	07	0.000000	0.000000	0.000094	0.000094	-0.000000	-0.000000	0.000094	107.168449	17.022720	0.000000	8.285318	0.000000	8.314158
2011	08	0.000000	0.000000	0.000094	0.000094	-0.000000	-0.000000	0.000094	100.601280	17.518351	0.000000	8.285315	0.000000	8.314156
2011	08	0.000000	0.000000	0.000094	0.000094	-0.000000	-0.000000	0.000094	82.489265	17.612452	0.000000	8.285312	0.000000	8.314153
2011	08	0.000000	0.000000	0.000095	0.000095	-0.000000	-0.000000	0.000095	83.047386	16.133289	0.000000	8.285309	0.000000	8.314150
2011	08	0.000000	0.000000	0.000095	0.000095	-0.000000	-0.000000	0.000095	40.809383	29.471338	0.000000	8.285306	0.000000	8.314146
2011	08	0.000000	0.000000	0.000095	0.000095	-0.000000	-0.000000	0.000095	40.413677	41.204105	0.000000	8.285303	0.000000	8.314143
2011	08	0.000000	0.000000	0.000095	0.000095	-0.000000	-0.000000	0.000095	70.615639	38.130413	0.000000	8.285300	0.000000	8.314140
2011	08	0.000000	0.000000	0.000095	0.000095	-0.000000	-0.000000	0.000095	80.886368	35.792500	0.000000	8.285297	0.000000	8.314137
2011	08	0.000000	0.000000	0.000095	0.000095	-0.000000	-0.000000	0.000095	80.418495	24.287830	0.000000	8.285294	0.000000	8.314134
2011	08	0.000000	0.000000	0.000096	0.000096	-0.000000	-0.000000	0.000096	91.522682	20.473356	0.000000	8.285291	0.000000	8.314131
2011	08	0.000000	0.000000	0.000096	0.000096	-0.000000	-0.000000	0.000096	116.201019	19.534006	0.000000	8.285288	0.000000	8.314128
2011	08	0.000000	0.000000	0.000096	0.000096	-0.000000	-0.000000	0.000096	125.365883	19.458532	0.000000	8.285285	0.000000	8.314124
2011	08	0.000000	0.000000	0.000096	0.000096	-0.000000	-0.000000	0.000096	108.468346	16.022243	0.000000	8.285282	0.000000	8.314121
2011	08	0.000000	0.000000	0.000096	0.000096	-0.000000	-0.000000	0.000096	103.099007	15.687140	0.000000	8.285279	0.000000	8.314118
2011	08	0.000000	0.000000	0.000096	0.000096	-0.000000	-0.000000	0.000096	98.687241	15.324417	0.000000	8.285275	0.000000	8.314115
2011	08	0.000000	0.000000	0.000096	0.000096	-0.000000	-0.000000	0.000096	85.954582	16.129580	0.000000	8.285273	0.000000	8.314112
2011	08	0.000000	0.000000	0.000096	0.000096	-0.000000	-0.000000	0.000096	91.442856	18.112217	0.000000	8.285270	0.000000	8.314109
2011	08	0.000000	0.000000	0.000096	0.000096	-0.000000	-0.000000	0.000096	94.102531	17.625425	0.000000	8.285267	0.000000	8.314106
2011	08	0.000000	0.000000	0.000096	0.000096	-0.000000	-0.000000	0.000096	79.299225	17.456003	0.000000	8.285264	0.000000	8.314102
2011	08	0.000000	0.000000	0.000096	0.000096	-0.000000	-0.000000	0.000096	70.372787	17.549562	0.000000	8.285260	0.000000	8.314099
2011	08	0.000000	0.000000	0.000096	0.000096	-0.000000	-0.000000	0.000096	79.744965	16.540937	0.000000	8.285257	0.000000	8.314096
2011	08	0.000000	0.000000	0.000096	0.000096	-0.000000	-0.000000	0.000096	83.927155	16.911705	0.000000	8.285254	0.000000	8.314093
2011	08	0.000000	0.000000	0.000097	0.000097	-0.000000	-0.000000	0.000097	71.761169	12.098737	0.000000	8.285252	0.000000	8.314090
2011	08	0.000000	0.000000	0.000097	0.000097	-0.000000	-0.000000	0.000097	80.832870	15.059141	0.000000	8.285249	0.000000	8.314087
2011	08	0.000000	0.000000	0.000097	0.000097	-0.000000	-0.000000	0.000097	73.631737	14.561395	0.000000	8.285245	0.000000	8.314083
2011	08	0.000000	0.000000	0.000097	0.000097	-0.000000	-0.000000	0.000097	82.042351	17.486036	0.000000	8.285242	0.000000	8.314080
2011	08	0.000000	0.000000	0.000097	0.000097	-0.000000	-0.000000	0.000097	74.239716	19.168657	0.000000	8.285239	0.000000	8.314077
2011	08	0.000000	0.000000	0.000097	0.000097	-0.000000	-0.000000	0.000097	80.533249	19.021244	0.000000	8.285236	0.000000	8.314074
2011	08	0.000000	0.000000	0.000097	0.000097	-0.000000	-0.000000	0.000097	93.539322	13.102094	0.000000	8.285233	0.000000	8.314071
2011	08	0.000000	0.000000	0.000097	0.000097	-0.000000	-0.000000	0.000097	85.162033	12.751960	0.000000	8.285230	0.000000	8.314068
2011	08	0.000000	0.000000	0.000097	0.000097	-0.000000	-0.000000	0.000097	84.871178	16.421474	0.000000	8.285227	0.000000	8.314064
2011	08	0.000000	0.000000	0.000097	0.000097	-0.000000	-0.000000	0.000097	72.472168	16.420067	0.000000	8.285224	0.000000	8.314061
2011	09	0.000000	0.000000	0.000094	0.000094	-0.000000	-0.000000	0.000094	72.278061	13.870657	0.000000	8.285221	0.000000	8.314058
2011	09	0.000000	0.000000	0.000094	0.000094	-0.000000	-0.000000	0.000094	86.123116	17.659130	0.000000	8.285217	0.000000	8.314054
2011	09	0.000000	0.000000	0.000094	0.000094	-0.000000	-0.000000	0.000094	24.507782	30.134039	0.000000	8.285214	0.000000	8.314052
2011	09	0.000000	0.000000	0.000093	0.000093	-0.000000	-0.000000	0.000093	31.464500	42.329174	0.000000	8.285212	0.000000	8.314049
2011	09	0.000000	0.000000	0.000093	0.000093	-0.000000	-0.000000	0.000093	49.808147	52.993496	0.000000	8.285209	0.000000	8.314045
2011	09	0.000000	0.000000	0.000092	0.000092	-0.000000	-0.000000	0.000092	69.631287	38.463448	0.000000	8.285206	0.000000	8.314042
2011	09	0.000000	0.000000	0.000092	0.000092	-0.000000	-0.000000	0.000092	77.633209	31.887766	0.000000	8.285202	0.000000	8.314039
2011	09	0.000000	0.000000	0.000092	0.000092	-0.000000	-0.000000	0.000092	77.393776	21.626268	0.000000	8.285199	0.000000	8.314035
2011	09	0.000000	0.000000	0.000092	0.000092	-0.000000	-0.000000	0.000092	79.483643	22.003571	0.000000	8.285196	0.000000	8.314033
2011	09	0.000000	0.000000	0.000091	0.000091	-0.000000	-0.000000	0.000091	71.301186	17.171476	0.000000	8.285193	0.000000	8.314030
2011	09	0.000000	0.000000	0.000091	0.000091	-0.000000	-0.000000	0.000091	69.328468	17.142200	0.000000	8.285191	0.000000	8.314027
2011	09	0.000000	0.000000	0.000091	0.000091	-0.000000	-0.000000	0.000091	54.619648	18.919630	0.000000	8.285188	0.000000	8.314023
2011	09	0.000000	0.000000	0.000091	0.000091	-0.000000	-0.000000	0.000091	70.705856	21.354502	0.000000	8.285185	0.000000	8.314020
2011	09	0.000000	0.000000	0.000091	0.000091	-0.000000	-0.000000	0.000091	71.986534	16.637840	0.000000	8.285182	0.000000	8.314017
2011	09	0.000000	0.000000	0.000091	0.000091	-0.000000	-0.000000	0.000091	80.066788	17.220716	0.000000	8.285178	0.000000	8.314014
2011	09	0.000000	0.000000	0.000091	0.000091	-0.000000	-0.000000	0.000091	68.363731	14.672461	0.000000	8.285175	0.000000	8.314011
2011	09	0.000000	0.000000	0.000091	0.000091	-0.000000	-0.000000	0.000091	61.400570	11.924190	0.000000	8.285172	0.000000	8.314008
2011	09	0.000000	0.000000	0.000090	0.000090	-0.000000	-0.000000	0.000090	65.608253	15.479733	0.000000	8.285170	0.000000	8.314005
2011	09	0.000000	0.000000	0.000090	0.000090	-0.000000	-0.000000	0.000090	54.292656	20.754173	0.000000	8.285167	0.000000	8.314002
2011	09	0.000000	0.000000	0.000090	0.000090	-0.000000	-0.000000	0.000090	77.316170	14.015280	0.000000	8.285164	0.000000	8.313999
2011	09	0.000000	0.000000	0.000090	0.000090	-0.000000	-0.000000	0.000090	76.389954	14.213130	0.000000	8.285161	0.000000	8.313995
2011	09	0.000000	0.000000	0.000089	0.000089	-0.000000	-0.000000	0.000089	70.559387	12.247510	0.000000	8.285158	0.000000	8.313993
2011	09	0.000000	0.000000	0.000089	0.000089	-0.000000	-0.000000	0.000089	64.599693	12.580732	0.000000	8.285155	0.000000	8.313990
2011	09	0.000000	0.000000	0.000089	0.000089	-0.000000	-0.000000	0.000089	64.404808	14.182519	0.000000	8.285152	0.000000	8.313987
2011	09	0.000000	0.000000	0.000088	0.000088	-0.000000	-0.000000	0.000088	62.921192	15.157990	0.000000	8.285150	0.000000	8.313984
2011	09	0.000000	0.000000	0.000088	0.000088	-0.000000	-0.000000	0.000088	60.807842	15.656631	0.000000	8.285147	0.000000	8.313980
2011	09	0.000000	0.000000	0.000088	0.000088	-0.000000	-0.000000	0.000088	63.942371	18.642645	0.000000	8.285144	0.000000	8.313977
2011	09	0.000000	0.000000	0.000087	0.000087	-0.000000	-0.000000	0.000087	62.485851	14.973971	0.000000	8.285141	0.000000	8.313974
2011	09	0.000000	0.000000	0.000087	0.000087	-0.000000	-0.000000	0.000087	65.929642	14.183171	0.000000	8.285138	0.000000	8.313972
2011	09	0.000000	0.000000	0.000086	0.000086	-0.000000	-0.000000	0.000086	40.152855	11.567991	0.000000	8.285135	0.000000	8.313969
2011	10	0.000000	0.000000	0.000089	0.000089	-0.000000	-0.000000	0.000089	27.365969	36.814293	0.000000	8.285132	0.000000	8.313966
2011	10	0.000000	0.000000	0.000088	0.000088	-0.000000	-0.000000	0.000088	45.039803	50.095940	0.000000	8.285130	0.000000	8.313963
2011	10	0.000000	0.000000	0.000088	0.000088	-0.000000	-0.000000	0.000088	41.884190	46.794838	0.000000	8.285127	0.000000	8.313960
2011	10	0.000000	0.000000	0.000088	0.000088	-0.000000	-0.000000	0.000088	46.949177	39.965183	0.000000	8.285124	0.000000	8.313957
2011	10	0.000000	0.000000	0.000087	0.000087	-0.000000	-0.000000	0.000087	48.524120	48.229717	0.000000	8.285121	0.000000	8.313954
2011	10	0.000000	0.000000	0.000087	0.000087	-0.000000	-0.000000	0.000087	37.927437	47.251896	0.000000	8.285118	0.000000	8.313951
2011	10	0.000000	0.000000	0.000086	0.000086	-0.000000	-0.000000	0.000086	36.886429	41.746799	0.000000	8.285115	0.000000	8.313949
2011	10	0.000000	0.000000	0.000086	0.000086	-0.000000	-0.000000	0.000086	31.396809	34.352459	0.000000	8.285112	0.000000	8.313946
2011	10	0.000000	0.000000	0.000086	0.000086	-0.000000	-0.000000	0.000086	41.046299	33.211636	0.000000	8.285110	0.000000	8.313943
2011	10	0.000000	0.000000	0.000085	0.000085	-0.000000	-0.000000	0.000085	41.144798	33.755764	0.000000	8.285108	0.000000	8.313940
2011	10	0.000000	0.000000	0.000085	0.000085	-0.000000	-0.000000	0.000085	38.520309	31.342247	0.000000	8.285105	0.000000	8.313937
2011	10	0.000000	0.000000	0.000084	0.000084	-0.000000	-0.000000	0.000084	35.275734	25.754396	0.000000	8.285102	0.000000	8.313934
2011	10	0.000000	0.000000	0.000084	0.000084	-0.000000	-0.000000	0.000084	37.986523	31.983402	0.000000	8.285099	0.000000	8.313931
2011	10	0.000000	0.000000	0.000084	0.000084	-0.000000	-0.000000	0.000084	39.421501	24.252247	0.000000	8.285096	0.000000	8.313929
2011	10	0.000000	0.000000	0.000084	0.000084	-0.000000	-0.000000	0.000084	44.225563	27.267822	0.000000	8.285094	0.000000	8.313926
2011	10	0.000000	0.000000	0.000083	0.000083	-0.000000	-0.000000	0.000083	40.050350	24.378679	0.000000	8.285091	0.000000	8.313924
2011	10	0.000000	0.000000	0.000083	0.000083	-0.000000	-0.000000	0.000083	39.449120	25.697672	0.000000	8.285089	0.000000	8.313921
2011	10	0.000000	0.000000	0.000083	0.000083	-0.000000	-0.000000	0.000083	42.162457	27.799318	0.000000	8.285086	0.000000	8.313918
2011	10	0.000000	0.000000	0.000082	0.000082	-0.000000	-0.000000	0.000082	24.546549	17.102648	0.000000	8.285084	0.000000	8.313915
2011	10	0.000000	0.000000	0.000082	0.000082	-0.000000	-0.000000	0.000082	35.350113	17.568493	0.000000	8.285081	0.000000	8.313912
2011	10	0.000000	0.000000	0.000082	0.000082	-0.000000	-0.000000	0.000082	26.837854	37.262760	0.000000	8.285078	0.000000	8.313910
2011	10	0.000000	0.000000	0.000081	0.000081	-0.000000	-0.000000	0.000081	25.113382	36.691483	0.000000	8.285075	0.000000	8.313907
2011	10	0.000000	0.000000	0.000081	0.000081	-0.000000	-0.000000	0.000081	22.110266	20.904922	0.000000	8.285073	0.000000	8.313905
2011	10	0.000000	0.000000	0.000081	0.000081	-0.000000	-0.000000	0.000081	27.312550	23.888313	0.000000	8.285070	0.000000	8.313902
2011	10	0.000000	0.000000	0.000080	0.000080	-0.000000	-0.000000	0.000080	12.864596	28.801523	0.000000	8.285068	0.000000	8.313899
2011	10	0.000000	0.000000	0.000080	0.000080	-0.000000	-0.000000	0.000080	22.425961	32.375244	0.000000	8.285066	0.000000	8.313896
2011	10	0.000000	0.000000	0.000079	0.000079	-0.000000	-0.000000	0.000079	25.934494	26.975624	0.000000	8.285063	0.000000	8.313894
2011	10	0.000000	0.000000	0.000079	0.000079	-0.000000	-0.000000	0.000079	24.558207	37.392586	0.000000	8.285060	0.000000	8.313891
2011	10	0.000000	0.000000	0.000079	0.000079	-0.000000	-0.000000	0.000079	28.054743	16.823296	0.000000	8.285058	0.000000	8.313889
2011	10	0.000000	0.000000	0.000078	0.000078	-0.000000	-0.000000	0.000078	21.018126	21.769861	0.000000	8.285055	0.000000	8.313886
2011	10	0.000000	0.000000	0.000078	0.000078	-0.000000	-0.000000	0.000078	6.954540	14.337183	0.000000	8.285053	0.000000	8.313884
2011	11	0.000000	0.000000	0.000076	0.000076	-0.000000	-0.000000	0.000076	8.396353	12.451999	0.000000	8.285050	0.000000	8.313881
2011	11	0.000000	0.000000	0.000075	0.000075	-0.000000	-0.000000	0.000075	34.256989	21.897678	0.000000	8.285048	0.000000	8.313878
2011	11	0.000000	0.000000	0.000075	0.000075	-0.000000	-0.000000	0.000075	14.418610	14.104939	0.000000	8.285046	0.000000	8.313876
2011	11	0.000000	0.000000	0.000075	0.000075	-0.000000	-0.000000	0.000075	36.797588	30.892963	0.000000	8.285043	0.000000	8.313873
2011	11	0.000000	0.000000	0.000075	0.000075	-0.000000	-0.000000	0.000075	35.374557	36.741375	0.000000	8.285041	0.000000	8.313870
2011	11	0.000000	0.000000	0.000075	0.000075	-0.000000	-0.000000	0.000075	41.600964	37.011200	0.000000	8.285038	0.000000	8.313869
2011	11	0.000000	0.000000	0.000074	0.000074	-0.000000	-0.000000	0.000074	24.190262	29.940626	0.000000	8.285036	0.000000	8.313866
2011	11	0.000000	0.000000	0.000074	0.000074	-0.000000	-0.000000	0.000074	13.627595	18.011091	0.000000	8.285033	0.000000	8.313863
2011	11	0.000000	0.000000	0.000073	0.000073	-0.000000	-0.000000	0.000073	29.542421	23.070688	0.000000	8.285031	0.000000	8.313861
2011	11	0.000000	0.000000	0.000073	0.000073	-0.000000	-0.000000	0.000073	27.281540	16.510178	0.000000	8.285028	0.000000	8.313858
2011	11	0.000000	0.000000	0.000073	0.000073	-0.000000	-0.000000	0.000073	31.247965	19.674007	0.000000	8.285027	0.000000	8.313855
2011	11	0.000000	0.000000	0.000073	0.000073	-0.000000	-0.000000	0.000073	28.332485	23.278111	0.000000	8.285024	0.000000	8.313853
2011	11	0.000000	0.000000	0.000073	0.000073	-0.000000	-0.000000	0.000073	21.872215	32.667786	0.000000	8.285022	0.000000	8.313850
2011	11	0.000000	0.000000	0.000072	0.000072	-0.000000	-0.000000	0.000072	24.250553	30.446573	0.000000	8.285019	0.000000	8.313848
2011	11	0.000000	0.000000	0.000072	0.000072	-0.000000	-0.000000	0.000072	7.616952	13.986240	0.000000	8.285017	0.000000	8.313846
2011	11	0.000000	0.000000	0.000072	0.000072	-0.000000	-0.000000	0.000072	34.119980	23.128769	0.000000	8.285014	0.000000	8.313843
2011	11	0.000000	0.000000	0.000071	0.000071	-0.000000	-0.000000	0.000071	24.667171	12.096375	0.000000	8.285012	0.000000	8.313841
2011	11	0.000000	0.000000	0.000071	0.000071	-0.000000	-0.000000	0.000071	27.218399	22.851482	0.000000	8.285009	0.000000	8.313838
2011	11	0.000000	0.000000	0.000071	0.000071	-0.000000	-0.000000	0.000071	22.320829	16.810444	0.000000	8.285007	0.000000	8.313836
2011	11	0.000000	0.000000	0.000071	0.000071	-0.000000	-0.000000	0.000071	23.877312	16.010939	0.000000	8.285005	0.000000	8.313833
2011	11	0.000000	0.000000	0.000070	0.000070	-0.000000	-0.000000	0.000070	28.419220	23.691357	0.000000	8.285003	0.000000	8.313831
2011	11	0.000000	0.000000	0.000071	0.000071	-0.000000	-0.000000	0.000071	27.322590	24.557148	0.000000	8.285000	0.000000	8.313828
2011	11	0.000000	0.000000	0.000071	0.000071	-0.000000	-0.000000	0.000071	24.316690	19.538864	0.000000	8.284998	0.000000	8.313827
2011	11	0.000000	0.000000	0.000071	0.000071	-0.000000	-0.000000	0.000071	14.663856	19.494194	0.000000	8.284996	0.000000	8.313824
2011	11	0.000000	0.000000	0.000070	0.000070	-0.000000	-0.000000	0.000070	12.120345	22.706381	0.000000	8.284993	0.000000	8.313822
2011	11	0.000000	0.000000	0.000070	0.000070	-0.000000	-0.000000	0.000070	23.760803	28.459024	0.000000	8.284991	0.000000	8.313819
2011	11	0.000000	0.000000	0.000070	0.000070	-0.000000	-0.000000	0.000070	13.309410	24.435581	0.000000	8.284988	0.000000	8.313817
2011	11	0.000000	0.000000	0.000070	0.000070	-0.000000	-0.000000	0.000070	10.515222	23.788313	0.000000	8.284986	0.000000	8.313814
2011	11	0.000000	0.000000	0.000070	0.000070	-0.000000	-0.000000	0.000070	10.857977	20.070307	0.000000	8.284985	0.000000	8.313812
2011	11	0.000000	0.000000	0.000069	0.000069	-0.000000	-0.000000	0.000069	18.088612	10.130096	0.000000	8.284982	0.000000	8.313809
2011	12	0.000000	0.000000	0.000072	0.000072	-0.000000	-0.000000	0.000072	21.697311	14.569742	0.000000	8.284980	0.000000	8.313807
2011	12	0.000000	0.000000	0.000072	0.000072	-0.000000	-0.000000	0.000072	21.191401	11.205673	0.000000	8.284977	0.000000	8.313805
2011	12	0.000000	0.000000	0.000072	0.000072	-0.000000	-0.000000	0.000072	22.405798	18.093260	0.000000	8.284975	0.000000	8.313803
2011	12	0.000000	0.000000	0.000072	0.000072	-0.000000	-0.000000	0.000072	22.625517	22.988726	0.000000	8.284973	0.000000	8.313800
2011	12	0.000000	0.000000	0.000072	0.000072	-0.000000	-0.000000	0.000072	23.954685	14.485155	0.000000	8.284970	0.000000	8.313798
2011	12	0.000000	0.000000	0.000072	0.000072	-0.000000	-0.000000	0.000072	16.656404	14.571771	0.000000	8.284968	0.000000	8.313795
2011	12	0.000000	0.000000	0.000072	0.000072	-0.000000	-0.000000	0.000072	13.199860	12.519930	0.000000	8.284966	0.000000	8.313793
2011	12	0.000000	0.000000	0.000071	0.000071	-0.000000	-0.000000	0.000071	15.124524	10.830872	0.000000	8.284964	0.000000	8.313790
2011	12	0.000000	0.000000	0.000071	0.000071	-0.000000	-0.000000	0.000071	14.680077	11.441893	0.000000	8.284962	0.000000	8.313788
2011	12	0.000000	0.000000	0.000071	0.000071	-0.000000	-0.000000	0.000071	14.477922	8.354450	0.000000	8.284959	0.000000	8.313786
2011	12	0.000000	0.000000	0.000070	0.000070	-0.000000	-0.000000	0.000070	14.235608	9.735473	0.000000	8.284957	0.000000	8.313784
2011	12	0.000000	0.000000	0.000070	0.000070	-0.000000	-0.000000	0.000070	9.335357	8.911893	0.000000	8.284955	0.000000	8.313782
2011	12	0.000000	0.000000	0.000070	0.000070	-0.000000	-0.000000	0.000070	16.943485	16.079128	0.000000	8.284952	0.000000	8.313779
2011	12	0.000000	0.000000	0.000069	0.000069	-0.000000	-0.000000	0.000069	9.409821	13.310284	0.000000	8.284950	0.000000	8.313777
2011	12	0.000000	0.000000	0.000069	0.000069	-0.000000	-0.000000	0.000069	9.027682	11.994288	0.000000	8.284948	0.000000	8.313774
2011	12	0.000000	0.000000	0.000069	0.000069	-0.000000	-0.000000	0.000069	11.671453	8.713756	0.000000	8.284945	0.000000	8.313772
2011	12	0.000000	0.000000	0.000068	0.000068	-0.000000	-0.000000	0.000068	6.983490	21.075396	0.000000	8.284944	0.000000	8.313770
2011	12	0.000000	0.000000	0.000068	0.000068	-0.000000	-0.000000	0.000068	21.189760	24.502258	0.000000	8.284942	0.000000	8.313767
2011	12	0.000000	0.000000	0.000068	0.000068	-0.000000	-0.000000	0.000068	18.317469	11.595729	0.000000	8.284940	0.000000	8.313766
2011	12	0.000000	0.000000	0.000067	0.000067	-0.000000	-0.000000	0.000067	18.735813	9.070328	0.000000	8.284937	0.000000	8.313763
2011	12	0.000000	0.000000	0.000067	0.000067	-0.000000	-0.000000	0.000067	10.036469	11.320210	0.000000	8.284935	0.000000	8.313761
2011	12	0.000000	0.000000	0.000066	0.000066	-0.000000	-0.000000	0.000066	9.351620	8.219404	0.000000	8.284933	0.000000	8.313759
2011	12	0.000000	0.000000	0.000066	0.000066	-0.000000	-0.000000	0.000066	12.886531	7.765494	0.000000	8.284931	0.000000	8.313757
2011	12	0.000000	0.000000	0.000066	0.000066	-0.000000	-0.000000	0.000066	12.517800	7.846637	0.000000	8.284928	0.000000	8.313754
2011	12	0.000000	0.000000	0.000066	0.000066	-0.000000	-0.000000	0.000066	15.559819	15.416371	0.000000	8.284926	0.000000	8.313752
2011	12	0.000000	0.000000	0.000066	0.000066	-0.000000	-0.000000	0.000066	14.206736	17.959503	0.000000	8.284925	0.000000	8.313750
2011	12	0.000000	0.000000	0.000065	0.000065	-0.000000	-0.000000	0.000065	16.494675	16.921038	0.000000	8.284923	0.000000	8.313747
2011	12	0.000000	0.000000	0.000065	0.000065	-0.000000	-0.000000	0.000065	14.421354	15.166859	0.000000	8.284921	0.000000	8.313745
2011	12	0.000000	0.000000	0.000064	0.000064	-0.000000	-0.000000	0.000064	11.230529	17.737225	0.000000	8.284919	0.000000	8.313744
2011	12	0.000000	0.000000	0.000064	0.000064	-0.000000	-0.000000	0.000064	13.696113	7.755219	0.000000	8.284916	0.000000	8.313742
2011	12	0.000000	0.000000	0.000064	0.000064	-0.000000	-0.000000	0.000064	20.262951	14.365945	0.000000	8.284914	0.000000	8.313739
2012	01	0.000000	0.000000	0.000064	0.000064	-0.000000	-0.000000	0.000064	10.329444	9.498744	0.000000	8.284912	0.000000	8.313737
2012	01	0.000000	0.000000	0.000064	0.000064	-0.000000	-0.000000	0.000064	8.634795	10.334617	0.000000	8.284910	0.000000	8.313735
2012	01	0.000000	0.000000	0.000063	0.000063	-0.000000	-0.000000	0.000063	5.815117	16.563187	0.000000	8.284908	0.000000	8.313733
2012	01	0.000000	0.000000	0.000063	0.000063	-0.000000	-0.000000	0.000063	11.396331	8.891880	0.000000	8.284906	0.000000	8.313731
2012	01	0.000000	0.000000	0.000063	0.000063	-0.000000	-0.000000	0.000063	4.518016	7.420633	0.000000	8.284904	0.000000	8.313728
2012	01	0.000000	0.000000	0.000063	0.000063	-0.000000	-0.000000	0.000063	0.668790	12.726641	0.000000	8.284903	0.000000	8.313726
2012	01	0.000000	0.000000	0.000063	0.000063	-0.000000	-0.000000	0.000063	8.190604	9.851972	0.000000	8.284901	0.000000	8.313725
2012	01	0.000000	0.000000	0.000063	0.000063	-0.000000	-0.000000	0.000063	14.091801	16.242552	0.000000	8.284898	0.000000	8.313723
2012	01	0.000000	0.000000	0.000062	0.000062	-0.000000	-0.000000	0.000062	6.262370	11.640277	0.000000	8.284896	0.000000	8.313721
2012	01	0.000000	0.000000	0.000062	0.000062	-0.000000	-0.000000	0.000062	12.532741	11.714113	0.000000	8.284894	0.000000	8.313719
2012	01	0.000000	0.000000	0.000062	0.000062	-0.000000	-0.000000	0.000062	14.370817	12.452256	0.000000	8.284892	0.000000	8.313716
2012	01	0.000000	0.000000	0.000062	0.000062	-0.000000	-0.000000	0.000062	14.916943	12.413918	0.000000	8.284890	0.000000	8.313714
2012	01	0.000000	0.000000	0.000062	0.000062	-0.000000	-0.000000	0.000062	14.681730	10.689540	0.000000	8.284888	0.000000	8.313712
2012	01	0.000000	0.000000	0.000061	0.000061	-0.000000	-0.000000	0.000061	13.725017	9.176521	0.000000	8.284886	0.000000	8.313710
2012	01	0.000000	0.000000	0.000061	0.000061	-0.000000	-0.000000	0.000061	16.958187	12.921386	0.000000	8.284884	0.000000	8.313708
2012	01	0.000000	0.000000	0.000061	0.000061	-0.000000	-0.000000	0.000061	20.318377	13.048817	0.000000	8.284883	0.000000	8.313706
2012	01	0.000000	0.000000	0.000061	0.000061	-0.000000	-0.000000	0.000061	20.808174	20.067478	0.000000	8.284881	0.000000	8.313704
2012	01	0.000000	0.000000	0.000061	0.000061	-0.000000	-0.000000	0.000061	22.465712	27.394402	0.000000	8.284879	0.000000	8.313702
2012	01	0.000000	0.000000	0.000061	0.000061	-0.000000	-0.000000	0.000061	14.319506	16.203108	0.000000	8.284877	0.000000	8.313700
2012	01	0.000000	0.000000	0.000061	0.000061	-0.000000	-0.000000	0.000061	23.831347	15.059183	0.000000	8.284875	0.000000	8.313698
2012	01	0.000000	0.000000	0.000061	0.000061	-0.000000	-0.000000	0.000061	16.428522	8.055404	0.000000	8.284873	0.000000	8.313696
2012	01	0.000000	0.000000	0.000061	0.000061	-0.000000	-0.000000	0.000061	18.097534	9.838140	0.000000	8.284871	0.000000	8.313694
2012	01	0.000000	0.000000	0.000061	0.000061	-0.000000	-0.000000	0.000061	21.837034	9.487719	0.000000	8.284869	0.000000	8.313692
2012	01	0.000000	0.000000	0.000061	0.000061	-0.000000	-0.000000	0.000061	22.665150	9.833231	0.000000	8.284867	0.000000	8.313690
2012	01	0.000000	0.000000	0.000061	0.000061	-0.000000	-0.000000	0.000061	23.795895	12.676864	0.000000	8.284865	0.000000	8.313688
2012	01	0.000000	0.000000	0.000061	0.000061	-0.000000	-0.000000	0.000061	29.198790	15.634102	0.000000	8.284863	0.000000	8.313686
2012	01	0.000000	0.000000	0.000061	0.000061	-0.000000	-0.000000	0.000061	20.976192	15.930614	0.000000	8.284862	0.000000	8.313684
2012	01	0.000000	0.000000	0.000061	0.000061	-0.000000	-0.000000	0.000061	8.600694	17.069984	0.000000	8.284860	0.000000	8.313682
2012	01	0.000000	0.000000	0.000061	0.000061	-0.000000	-0.000000	0.000061	22.908186	16.026062	0.000000	8.284858	0.000000	8.313680
2012	01	0.000000	0.000000	0.000061	0.000061	-0.000000	-0.000000	0.000061	35.525764	23.411430	0.000000	8.284856	0.000000	8.313678
2012	01	0.000000	0.000000	0.000061	0.000061	-0.000000	-0.000000	0.000061	33.830482	14.067160	0.000000	8.284853	0.000000	8.313676
2012	02	0.000000	0.000000	0.000057	0.000057	-0.000000	-0.000000	0.000057	27.711300	13.596589	0.000000	8.284851	0.000000	8.313674
2012	02	0.000000	0.000000	0.000057	0.000057	-0.000000	-0.000000	0.000057	8.589913	17.831270	0.000000	8.284849	0.000000	8.313672
2012	02	0.000000	0.000000	0.000057	0.000057	-0.000000	-0.000000	0.000057	12.189930	14.198112	0.000000	8.284847	0.000000	8.313670
2012	02	0.000000	0.000000	0.000057	0.000057	-0.000000	-0.000000	0.000057	35.947281	24.929329	0.000000	8.284845	0.000000	8.313668
2012	02	0.000000	0.000000	0.000057	0.000057	-0.000000	-0.000000	0.000057	31.999010	18.971861	0.000000	8.284843	0.000000	8.313665
2012	02	0.000000	0.000000	0.000056	0.000056	-0.000000	-0.000000	0.000056	19.180857	16.149025	0.000000	8.284842	0.000000	8.313663
2012	02	0.000000	0.000000	0.000056	0.000056	-0.000000	-0.000000	0.000056	11.844934	20.702545	0.000000	8.284840	0.000000	8.313662
2012	02	0.000000	0.000000	0.000055	0.000055	-0.000000	-0.000000	0.000055	5.585484	17.509970	0.000000	8.284838	0.000000	8.313660
2012	02	0.000000	0.000000	0.000055	0.000055	-0.000000	-0.000000	0.000055	27.781435	19.709444	0.000000	8.284836	0.000000	8.313658
2012	02	0.000000	0.000000	0.000055	0.000055	-0.000000	-0.000000	0.000055	23.888765	13.352407	0.000000	8.284834	0.000000	8.313656
2012	02	0.000000	0.000000	0.000055	0.000055	-0.000000	-0.000000	0.000055	17.401684	18.428144	0.000000	8.284832	0.000000	8.313654
2012	02	0.000000	0.000000	0.000054	0.000054	-0.000000	-0.000000	0.000054	21.165232	13.909569	0.000000	8.284830	0.000000	8.313652
2012	02	0.000000	0.000000	0.000054	0.000054	-0.000000	-0.000000	0.000054	28.514116	18.065931	0.000000	8.284829	0.000000	8.313650
2012	02	0.000000	0.000000	0.000054	0.000054	-0.000000	-0.000000	0.000054	29.492847	12.335719	0.000000	8.284827	0.000000	8.313648
2012	02	0.000000	0.000000	0.000054	0.000054	-0.000000	-0.000000	0.000054	22.289118	10.920959	0.000000	8.284825	0.000000	8.313646
2012	02	0.000000	0.000000	0.000054	0.000054	-0.000000	-0.000000	0.000054	22.189861	12.280046	0.000000	8.284823	0.000000	8.313644
2012	02	0.000000	0.000000	0.000054	0.000054	-0.000000	-0.000000	0.000054	21.561773	13.234016	0.000000	8.284822	0.000000	8.313643
2012	02	0.000000	0.000000	0.000054	0.000054	-0.000000	-0.000000	0.000054	27.512562	15.981748	0.000000	8.284820	0.000000	8.313641
2012	02	0.000000	0.000000	0.000054	0.000054	-0.000000	-0.000000	0.000054	21.631380	12.936304	0.000000	8.284818	0.000000	8.313639
2012	02	0.000000	0.000000	0.000054	0.000054	-0.000000	-0.000000	0.000054	24.402397	11.676503	0.000000	8.284816	0.000000	8.313637
2012	02	0.000000	0.000000	0.000054	0.000054	-0.000000	-0.000000	0.000054	23.071304	17.836155	0.000000	8.284814	0.000000	8.313635
2012	02	0.000000	0.000000	0.000054	0.000054	-0.000000	-0.000000	0.000054	32.818394	15.500213	0.000000	8.284812	0.000000	8.313633
2012	02	0.000000	0.000000	0.000054	0.000054	-0.000000	-0.000000	0.000054	33.555252	16.343096	0.000000	8.284810	0.000000	8.313631
2012	02	0.000000	0.000000	0.000054	0.000054	-0.000000	-0.000000	0.000054	34.317551	20.896149	0.000000	8.284808	0.000000	8.313629
2012	02	0.000000	0.000000	0.000054	0.000054	-0.000000	-0.000000	0.000054	27.841692	19.476475	0.000000	8.284806	0.000000	8.313627
2012	02	0.000000	0.000000	0.000055	0.000055	-0.000000	-0.000000	0.000055	14.830922	12.200550	0.000000	8.284804	0.000000	8.313625
2012	02	0.000000	0.000000	0.000055	0.000055	-0.000000	-0.000000	0.000055	16.753033	26.653568	0.000000	8.284802	0.000000	8.313623
2012	02	0.000000	0.000000	0.000055	0.000055	-0.000000	-0.000000	0.000055	34.737175	27.122255	0.000000	8.284801	0.000000	8.313622
2012	03	0.000000	0.000000	0.000059	0.000059	-0.000000	-0.000000	0.000059	36.847794	29.745220	0.000000	8.284800	0.000000	8.313620
2012	03	0.000000	0.000000	0.000059	0.000059	-0.000000	-0.000000	0.000059	49.836792	20.803770	0.000000	8.284798	0.000000	8.313618
2012	03	0.000000	0.000000	0.000059	0.000059	-0.000000	-0.000000	0.000059	48.568573	19.053095	0.000000	8.284796	0.000000	8.313616
2012	03	0.000000	0.000000	0.000059	0.000059	-0.000000	-0.000000	0.000059	38.941319	26.457521	0.000000	8.284794	0.000000	8.313614
2012	03	0.000000	0.000000	0.000060	0.000060	-0.000000	-0.000000	0.000060	30.112581	30.626263	0.000000	8.284792	0.000000	8.313612
2012	03	0.000000	0.000000	0.000060	0.000060	-0.000000	-0.000000	0.000060	13.357390	13.828640	0.000000	8.284790	0.000000	8.313609
2012	03	0.000000	0.000000	0.000060	0.000060	-0.000000	-0.000000	0.000060	31.365944	22.379370	0.000000	8.284788	0.000000	8.313607
2012	03	0.000000	0.000000	0.000060	0.000060	-0.000000	-0.000000	0.000060	62.037312	27.424225	0.000000	8.284786	0.000000	8.313605
2012	03	0.000000	0.000000	0.000060	0.000060	-0.000000	-0.000000	0.000060	53.946758	27.743483	0.000000	8.284784	0.000000	8.313603
2012	03	0.000000	0.000000	0.000060	0.000060	-0.000000	-0.000000	0.000060	67.624527	38.380001	0.000000	8.284782	0.000000	8.313601
2012	03	0.000000	0.000000	0.000060	0.000060	-0.000000	-0.000000	0.000060	61.456676	33.499416	0.000000	8.284781	0.000000	8.313600
2012	03	0.000000	0.000000	0.000060	0.000060	-0.000000	-0.000000	0.000060	62.649281	30.595135	0.000000	8.284779	0.000000	8.313598
2012	03	0.000000	0.000000	0.000060	0.000060	-0.000000	-0.000000	0.000060	60.214809	31.723608	0.000000	8.284777	0.000000	8.313596
2012	03	0.000000	0.000000	0.000060	0.000060	-0.000000	-0.000000	0.000060	55.397980	36.835827	0.000000	8.284775	0.000000	8.313594
2012	03	0.000000	0.000000	0.000060	0.000060	-0.000000	-0.000000	0.000060	51.468777	36.707577	0.000000	8.284772	0.000000	8.313592
2012	03	0.000000	0.000000	0.000060	0.000060	-0.000000	-0.000000	0.000060	53.434898	37.308414	0.000000	8.284770	0.000000	8.313590
2012	03	0.000000	0.000000	0.000061	0.000061	-0.000000	-0.000000	0.000061	53.694809	33.672909	0.000000	8.284768	0.000000	8.313587
2012	03	0.000000	0.000000	0.000061	0.000061	-0.000000	-0.000000	0.000061	49.709232	41.205536	0.000000	8.284766	0.000000	8.313585
2012	03	0.000000	0.000000	0.000061	0.000061	-0.000000	-0.000000	0.000061	50.258331	38.259411	0.000000	8.284764	0.000000	8.313583
2012	03	0.000000	0.000000	0.000061	0.000061	-0.000000	-0.000000	0.000061	78.936890	49.714897	0.000000	8.284762	0.000000	8.313581
2012	03	0.000000	0.000000	0.000061	0.000061	-0.000000	-0.000000	0.000061	29.646187	30.795603	0.000000	8.284760	0.000000	8.313580
2012	03	0.000000	0.000000	0.000061	0.000061	-0.000000	-0.000000	0.000061	44.943333	26.881332	0.000000	8.284759	0.000000	8.313578
2012	03	0.000000	0.000000	0.000061	0.000061	-0.000000	-0.000000	0.000061	35.231750	39.055813	0.000000	8.284757	0.000000	8.313576
2012	03	0.000000	0.000000	0.000061	0.000061	-0.000000	-0.000000	0.000061	46.240135	58.160847	0.000000	8.284755	0.000000	8.313574
2012	03	0.000000	0.000000	0.000061	0.000061	-0.000000	-0.000000	0.000061	37.082596	43.780067	0.000000	8.284753	0.000000	8.313571
2012	03	0.000000	0.000000	0.000062	0.000062	-0.000000	-0.000000	0.000062	56.099079	53.725922	0.000000	8.284751	0.000000	8.313569
2012	03	0.000000	0.000000	0.000062	0.000062	-0.000000	-0.000000	0.000062	46.099232	44.995647	0.000000	8.284749	0.000000	8.313567
2012	03	0.000000	0.000000	0.000062	0.000062	-0.000000	-0.000000	0.000062	49.047569	50.598518	0.000000	8.284747	0.000000	8.313565
2012	03	0.000000	0.000000	0.000062	0.000062	-0.000000	-0.000000	0.000062	59.714306	51.518085	0.000000	8.284745	0.000000	8.313563
2012	03	0.000000	0.000000	0.000062	0.000062	-0.000000	-0.000000	0.000062	42.245064	38.902367	0.000000	8.284743	0.000000	8.313561
2012	03	0.000000	0.000000	0.000062	0.000062	-0.000000	-0.000000	0.000062	66.821732	36.057796	0.000000	8.284741	0.000000	8.313560
2012	04	0.000000	0.000000	0.000060	0.000060	-0.000000	-0.000000	0.000060	44.941998	22.170271	0.000000	8.284739	0.000000	8.313557
2012	04	0.000000	0.000000	0.000060	0.000060	-0.000000	-0.000000	0.000060	22.214611	23.702961	0.000000	8.284738	0.000000	8.313555
2012	04	0.000000	0.000000	0.000060	0.000060	-0.000000	-0.000000	0.000060	60.898998	39.105068	0.000000	8.284736	0.000000	8.313553
2012	04	0.000000	0.000000	0.000060	0.000060	-0.000000	-0.000000	0.000060	58.787746	34.355789	0.000000	8.284733	0.000000	8.313551
2012	04	0.000000	0.000000	0.000060	0.000060	-0.000000	-0.000000	0.000060	5.102554	13.158249	0.000000	8.284731	0.000000	8.313549
2012	04	0.000000	0.000000	0.000060	0.000060	-0.000000	-0.000000	0.000060	70.673698	37.846832	0.000000	8.284729	0.000000	8.313547
2012	04	0.000000	0.000000	0.000060	0.000060	-0.000000	-0.000000	0.000060	76.726692	42.296654	0.000000	8.284727	0.000000	8.313545
2012	04	0.000000	0.000000	0.000060	0.000060	-0.000000	-0.000000	0.000060	67.544151	40.784168	0.000000	8.284725	0.000000	8.313542
2012	04	0.000000	0.000000	0.000060	0.000060	-0.000000	-0.000000	0.000060	52.586998	38.477734	0.000000	8.284723	0.000000	8.313540
2012	04	0.000000	0.000000	0.000061	0.000061	-0.000000	-0.000000	0.000061	64.683456	53.438869	0.000000	8.284721	0.000000	8.313539
2012	04	0.000000	0.000000	0.000061	0.000061	-0.000000	-0.000000	0.000061	65.195602	75.380051	0.000000	8.284719	0.000000	8.313537
2012	04	0.000000	0.000000	0.000061	0.000061	-0.000000	-0.000000	0.000061	69.559731	58.354450	0.000000	8.284718	0.000000	8.313535
2012	04	0.000000	0.000000	0.000061	0.000061	-0.000000	-0.000000	0.000061	40.789192	33.434971	0.000000	8.284716	0.000000	8.313532
2012	04	0.000000	0.000000	0.000061	0.000061	-0.000000	-0.000000	0.000061	80.109032	62.746243	0.000000	8.284714	0.000000	8.313530
2012	04	0.000000	0.000000	0.000061	0.000061	-0.000000	-0.000000	0.000061	67.083595	56.749191	0.000000	8.284711	0.000000	8.313528
2012	04	0.000000	0.000000	0.000061	0.000061	-0.000000	-0.000000	0.000061	71.190178	56.749424	0.000000	8.284709	0.000000	8.313526
2012	04	0.000000	0.000000	0.000061	0.000061	-0.000000	-0.000000	0.000061	45.886524	27.912626	0.000000	8.284707	0.000000	8.313524
2012	04	0.000000	0.000000	0.000061	0.000061	-0.000000	-0.000000	0.000061	76.034409	51.794731	0.000000	8.284705	0.000000	8.313521
2012	04	0.000000	0.000000	0.000061	0.000061	-0.000000	-0.000000	0.000061	85.213867	75.550903	0.000000	8.284703	0.000000	8.313519
2012	04	0.000000	0.000000	0.000061	0.000061	-0.000000	-0.000000	0.000061	89.368080	63.283558	0.000000	8.284701	0.000000	8.313518
2012	04	0.000000	0.000000	0.000061	0.000061	-0.000000	-0.000000	0.000061	87.157272	56.789345	0.000000	8.284699	0.000000	8.313516
2012	04	0.000000	0.000000	0.000061	0.000061	-0.000000	-0.000000	0.000061	81.479202	48.741867	0.000000	8.284698	0.000000	8.313514
2012	04	0.000000	0.000000	0.000062	0.000062	-0.000000	-0.000000	0.000062	84.039871	47.071384	0.000000	8.284695	0.000000	8.313511
2012	04	0.000000	0.000000	0.000062	0.000062	-0.000000	-0.000000	0.000062	90.865021	62.224899	0.000000	8.284693	0.000000	8.313509
2012	04	0.000000	0.000000	0.000063	0.000063	-0.000000	-0.000000	0.000063	95.880424	41.965305	0.000000	8.284691	0.000000	8.313507
2012	04	0.000000	0.000000	0.000063	0.000063	-0.000000	-0.000000	0.000063	102.403236	46.239079	0.000000	8.284689	0.000000	8.313505
2012	04	0.000000	0.000000	0.000063	0.000063	-0.000000	-0.000000	0.000063	83.294556	31.927185	0.000000	8.284687	0.000000	8.313502
2012	04	0.000000	0.000000	0.000064	0.000064	-0.000000	-0.000000	0.000064	95.537415	36.473789	0.000000	8.284685	0.000000	8.313500
2012	04	0.000000	0.000000	0.000064	0.000064	-0.000000	-0.000000	0.000064	64.798721	42.203152	0.000000	8.284682	0.000000	8.313498
2012	04	0.000000	0.000000	0.000064	0.000064	-0.000000	-0.000000	0.000064	103.706856	39.077232	0.000000	8.284680	0.000000	8.313497
2012	05	0.000000	0.000000	0.000066	0.000066	-0.000000	-0.000000	0.000066	116.082588	47.501678	0.000000	8.284678	0.000000	8.313494
2012	05	0.000000	0.000000	0.000066	0.000066	-0.000000	-0.000000	0.000066	96.539490	32.177467	0.000000	8.284677	0.000000	8.313492
2012	05	0.000000	0.000000	0.000066	0.000066	-0.000000	-0.000000	0.000066	91.499260	30.730608	0.000000	8.284675	0.000000	8.313490
2012	05	0.000000	0.000000	0.000066	0.000066	-0.000000	-0.000000	0.000066	95.194847	33.678490	0.000000	8.284672	0.000000	8.313487
2012	05	0.000000	0.000000	0.000067	0.000067	-0.000000	-0.000000	0.000067	102.108414	31.752769	0.000000	8.284670	0.000000	8.313485
2012	05	0.000000	0.000000	0.000067	0.000067	-0.000000	-0.000000	0.000067	76.052559	25.003042	0.000000	8.284668	0.000000	8.313483
2012	05	0.000000	0.000000	0.000067	0.000067	-0.000000	-0.000000	0.000067	87.945236	28.633629	0.000000	8.284666	0.000000	8.313481
2012	05	0.000000	0.000000	0.000067	0.000067	-0.000000	-0.000000	0.000067	88.576065	25.376038	0.000000	8.284663	0.000000	8.313478
2012	05	0.000000	0.000000	0.000068	0.000068	-0.000000	-0.000000	0.000068	84.521553	23.294432	0.000000	8.284661	0.000000	8.313477
2012	05	0.000000	0.000000	0.000068	0.000068	-0.000000	-0.000000	0.000068	90.803047	29.000811	0.000000	8.284659	0.000000	8.313475
2012	05	0.000000	0.000000	0.000069	0.000069	-0.000000	-0.000000	0.000069	104.676201	27.551800	0.000000	8.284657	0.000000	8.313472
2012	05	0.000000	0.000000	0.000069	0.000069	-0.000000	-0.000000	0.000069	94.973732	22.353600	0.000000	8.284655	0.000000	8.313470
2012	05	0.000000	0.000000	0.000070	0.000070	-0.000000	-0.000000	0.000070	93.145233	20.436626	0.000000	8.284653	0.000000	8.313467
2012	05	0.000000	0.000000	0.000070	0.000070	-0.000000	-0.000000	0.000070	96.259430	19.667931	0.000000	8.284651	0.000000	8.313465
2012	05	0.000000	0.000000	0.000071	0.000071	-0.000000	-0.000000	0.000071	107.936287	20.435844	0.000000	8.284648	0.000000	8.313463
2012	05	0.000000	0.000000	0.000071	0.000071	-0.000000	-0.000000	0.000071	92.960732	18.463848	0.000000	8.284646	0.000000	8.313460
2012	05	0.000000	0.000000	0.000072	0.000072	-0.000000	-0.000000	0.000072	112.961975	23.452135	0.000000	8.284644	0.000000	8.313458
2012	05	0.000000	0.000000	0.000072	0.000072	-0.000000	-0.000000	0.000072	94.156975	17.643551	0.000000	8.284641	0.000000	8.313456
2012	05	0.000000	0.000000	0.000073	0.000073	-0.000000	-0.000000	0.000073	97.466461	20.457951	0.000000	8.284639	0.000000	8.313454
2012	05	0.000000	0.000000	0.000073	0.000073	-0.000000	-0.000000	0.000073	116.540657	21.583960	0.000000	8.284636	0.000000	8.313451
2012	05	0.000000	0.000000	0.000073	0.000073	-0.000000	-0.000000	0.000073	142.017700	19.435318	0.000000	8.284635	0.000000	8.313449
2012	05	0.000000	0.000000	0.000073	0.000073	-0.000000	-0.000000	0.000073	127.988396	17.652704	0.000000	8.284632	0.000000	8.313446
2012	05	0.000000	0.000000	0.000073	0.000073	-0.000000	-0.000000	0.000073	105.296234	15.214208	0.000000	8.284630	0.000000	8.313443
2012	05	0.000000	0.000000	0.000073	0.000073	-0.000000	-0.000000	0.000073	119.255081	17.526892	0.000000	8.284628	0.000000	8.313441
2012	05	0.000000	0.000000	0.000073	0.000073	-0.000000	-0.000000	0.000073	114.589920	18.602785	0.000000	8.284625	0.000000	8.313438
2012	05	0.000000	0.000000	0.000074	0.000074	-0.000000	-0.000000	0.000074	108.098404	15.971261	0.000000	8.284623	0.000000	8.313437
2012	05	0.000000	0.000000	0.000074	0.000074	-0.000000	-0.000000	0.000074	106.390579	16.071035	0.000000	8.284620	0.000000	8.313434
2012	05	0.000000	0.000000	0.000074	0.000074	-0.000000	-0.000000	0.000074	106.299576	18.844963	0.000000	8.284618	0.000000	8.313432
2012	05	0.000000	0.000000	0.000074	0.000074	-0.000000	-0.000000	0.000074	108.757736	19.747406	0.000000	8.284616	0.000000	8.313429
2012	05	0.000000	0.000000	0.000075	0.000075	-0.000000	-0.000000	0.000075	106.408669	15.654798	0.000000	8.284614	0.000000	8.313427
2012	05	0.000000	0.000000	0.000075	0.000075	-0.000000	-0.000000	0.000075	83.364250	19.148922	0.000000	8.284611	0.000000	8.313424
2012	06	0.000000	0.000000	0.000073	0.000073	-0.000000	-0.000000	0.000073	115.512825	21.377800	0.000000	8.284609	0.000000	8.313421
2012	06	0.000000	0.000000	0.000073	0.000073	-0.000000	-0.000000	0.000073	69.445908	63.052975	0.000000	8.284606	0.000000	8.313419
2012	06	0.000000	0.000000	0.000074	0.000074	-0.000000	-0.000000	0.000074	91.032761	65.828766	0.000000	8.284604	0.000000	8.313416
2012	06	0.000000	0.000000	0.000074	0.000074	-0.000000	-0.000000	0.000074	81.010757	62.558517	0.000000	8.284601	0.000000	8.313415
2012	06	0.000000	0.000000	0.000074	0.000074	-0.000000	-0.000000	0.000074	106.473167	40.261021	0.000000	8.284599	0.000000	8.313412
2012	06	0.000000	0.000000	0.000075	0.000075	-0.000000	-0.000000	0.000075	112.929443	30.499594	0.000000	8.284596	0.000000	8.313409
2012	06	0.000000	0.000000	0.000075	0.000075	-0.000000	-0.000000	0.000075	99.395775	28.714746	0.000000	8.284595	0.000000	8.313407
2012	06	0.000000	0.000000	0.000075	0.000075	-0.000000	-0.000000	0.000075	90.357765	27.419752	0.000000	8.284592	0.000000	8.313404
2012	06	0.000000	0.000000	0.000076	0.000076	-0.000000	-0.000000	0.000076	104.453201	23.899670	0.000000	8.284589	0.000000	8.313401
2012	06	0.000000	0.000000	0.000076	0.000076	-0.000000	-0.000000	0.000076	111.115082	19.476358	0.000000	8.284587	0.000000	8.313398
2012	06	0.000000	0.000000	0.000077	0.000077	-0.000000	-0.000000	0.000077	108.769531	22.533165	0.000000	8.284584	0.000000	8.313396
2012	06	0.000000	0.000000	0.000077	0.000077	-0.000000	-0.000000	0.000077	125.895821	20.478535	0.000000	8.284581	0.000000	8.313394
2012	06	0.000000	0.000000	0.000078	0.000078	-0.000000	-0.000000	0.000078	132.671295	14.904457	0.000000	8.284579	0.000000	8.313391
2012	06	0.000000	0.000000	0.000078	0.000078	-0.000000	-0.000000	0.000078	146.257950	18.504431	0.000000	8.284576	0.000000	8.313388
2012	06	0.000000	0.000000	0.000078	0.000078	-0.000000	-0.000000	0.000078	114.278992	13.479115	0.000000	8.284574	0.000000	8.313386
2012	06	0.000000	0.000000	0.000078	0.000078	-0.000000	-0.000000	0.000078	120.118813	16.434801	0.000000	8.284572	0.000000	8.313383
2012	06	0.000000	0.000000	0.000078	0.000078	-0.000000	-0.000000	0.000078	114.662682	17.364546	0.000000	8.284569	0.000000	8.313380
2012	06	0.000000	0.000000	0.000079	0.000079	-0.000000	-0.000000	0.000079	127.734200	19.401726	0.000000	8.284566	0.000000	8.313377
2012	06	0.000000	0.000000	0.000079	0.000079	-0.000000	-0.000000	0.000079	114.177292	15.718082	0.000000	8.284564	0.000000	8.313375
2012	06	0.000000	0.000000	0.000080	0.000080	-0.000000	-0.000000	0.000080	106.932182	13.595439	0.000000	8.284561	0.000000	8.313373
2012	06	0.000000	0.000000	0.000080	0.000080	-0.000000	-0.000000	0.000080	113.247337	19.299370	0.000000	8.284558	0.000000	8.313370
2012	06	0.000000	0.000000	0.000080	0.000080	-0.000000	-0.000000	0.000080	97.878174	15.720334	0.000000	8.284555	0.000000	8.313367
2012	06	0.000000	0.000000	0.000081	0.000081	-0.000000	-0.000000	0.000081	120.677681	15.301356	0.000000	8.284554	0.000000	8.313364
2012	06	0.000000	0.000000	0.000081	0.000081	-0.000000	-0.000000	0.000081	112.907677	14.078526	0.000000	8.284551	0.000000	8.313361
2012	06	0.000000	0.000000	0.000082	0.000082	-0.000000	-0.000000	0.000082	118.901566	15.374849	0.000000	8.284548	0.000000	8.313358
2012	06	0.000000	0.000000	0.000082	0.000082	-0.000000	-0.000000	0.000082	120.161270	16.774517	0.000000	8.284545	0.000000	8.313355
2012	06	0.000000	0.000000	0.000082	0.000082	-0.000000	-0.000000	0.000082	122.763702	16.691166	0.000000	8.284542	0.000000	8.313353
2012	06	0.000000	0.000000	0.000083	0.000083	-0.000000	-0.000000	0.000083	114.793053	12.532870	0.000000	8.284540	0.000000	8.313350
2012	06	0.000000	0.000000	0.000083	0.000083	-0.000000	-0.000000	0.000083	119.414520	14.079778	0.000000	8.284537	0.000000	8.313347
2012	06	0.000000	0.000000	0.000083	0.000083	-0.000000	-0.000000	0.000083	94.741371	12.968588	0.000000	8.284534	0.000000	8.313345
2012	07	0.000000	0.000000	0.000087	0.000087	-0.000000	-0.000000	0.000087	70.085022	14.409248	0.000000	8.284532	0.000000	8.313342
2012	07	0.000000	0.000000	0.000087	0.000087	-0.000000	-0.000000	0.000087	105.041580	18.064939	0.000000	8.284529	0.000000	8.313339
2012	07	0.000000	0.000000	0.000087	0.000087	-0.000000	-0.000000	0.000087	121.570503	16.299065	0.000000	8.284526	0.000000	8.313336
2012	07	0.000000	0.000000	0.000088	0.000088	-0.000000	-0.000000	0.000088	122.400932	13.548220	0.000000	8.284523	0.000000	8.313334
2012	07	0.000000	0.000000	0.000088	0.000088	-0.000000	-0.000000	0.000088	110.281219	13.788577	0.000000	8.284520	0.000000	8.313331
2012	07	0.000000	0.000000	0.000088	0.000088	-0.000000	-0.000000	0.000088	118.175392	17.777155	0.000000	8.284517	0.000000	8.313327
2012	07	0.000000	0.000000	0.000089	0.000089	-0.000000	-0.000000	0.000089	113.542664	11.026012	0.000000	8.284514	0.000000	8.313324
2012	07	0.000000	0.000000	0.000089	0.000089	-0.000000	-0.000000	0.000089	105.239243	13.502366	0.000000	8.284513	0.000000	8.313321
2012	07	0.000000	0.000000	0.000089	0.000089	-0.000000	-0.000000	0.000089	101.639519	13.232392	0.000000	8.284510	0.000000	8.313318
2012	07	0.000000	0.000000	0.000090	0.000090	-0.000000	-0.000000	0.000090	116.126823	14.859595	0.000000	8.284507	0.000000	8.313315
2012	07	0.000000	0.000000	0.000090	0.000090	-0.000000	-0.000000	0.000090	104.443901	14.386065	0.000000	8.284504	0.000000	8.313313
2012	07	0.000000	0.000000	0.000090	0.000090	-0.000000	-0.000000	0.000090	86.808037	12.122053	0.000000	8.284501	0.000000	8.313310
2012	07	0.000000	0.000000	0.000090	0.000090	-0.000000	-0.000000	0.000090	109.926964	13.651693	0.000000	8.284498	0.000000	8.313307
2012	07	0.000000	0.000000	0.000091	0.000091	-0.000000	-0.000000	0.000091	98.509079	16.555901	0.000000	8.284495	0.000000	8.313304
2012	07	0.000000	0.000000	0.000091	0.000091	-0.000000	-0.000000	0.000091	85.718147	15.254777	0.000000	8.284492	0.000000	8.313301
2012	07	0.000000	0.000000	0.000092	0.000092	-0.000000	-0.000000	0.000092	116.994423	12.117072	0.000000	8.284490	0.000000	8.313298
2012	07	0.000000	0.000000	0.000092	0.000092	-0.000000	-0.000000	0.000092	128.928116	14.726727	0.000000	8.284486	0.000000	8.313294
2012	07	0.000000	0.000000	0.000092	0.000092	-0.000000	-0.000000	0.000092	131.813553	14.795993	0.000000	8.284483	0.000000	8.313292
2012	07	0.000000	0.000000	0.000092	0.000092	-0.000000	-0.000000	0.000092	116.878082	12.432034	0.000000	8.284480	0.000000	8.313289
2012	07	0.000000	0.000000	0.000092	0.000092	-0.000000	-0.000000	0.000092	116.683319	12.165530	0.000000	8.284477	0.000000	8.313286
2012	07	0.000000	0.000000	0.000092	0.000092	-0.000000	-0.000000	0.000092	102.342178	11.825307	0.000000	8.284474	0.000000	8.313283
2012	07	0.000000	0.000000	0.000092	0.000092	-0.000000	-0.000000	0.000092	85.371193	11.763395	0.000000	8.284472	0.000000	8.313280
2012	07	0.000000	0.000000	0.000092	0.000092	-0.000000	-0.000000	0.000092	118.095490	14.163815	0.000000	8.284469	0.000000	8.313276
2012	07	0.000000	0.000000	0.000092	0.000092	-0.000000	-0.000000	0.000092	124.661301	14.184438	0.000000	8.284466	0.000000	8.313273
2012	07	0.000000	0.000000	0.000092	0.000092	-0.000000	-0.000000	0.000092	117.996811	14.199181	0.000000	8.284463	0.000000	8.313271
2012	07	0.000000	0.000000	0.000092	0.000092	-0.000000	-0.000000	0.000092	100.007401	13.061566	0.000000	8.284460	0.000000	8.313268
2012	07	0.000000	0.000000	0.000092	0.000092	-0.000000	-0.000000	0.000092	111.409081	11.830832	0.000000	8.284457	0.000000	8.313265
2012	07	0.000000	0.000000	0.000092	0.000092	-0.000000	-0.000000	0.000092	108.121254	11.493063	0.000000	8.284454	0.000000	8.313262
2012	07	0.000000	0.000000	0.000092	0.000092	-0.000000	-0.000000	0.000092	104.562202	11.992084	0.000000	8.284451	0.000000	8.313258
2012	07	0.000000	0.000000	0.000092	0.000092	-0.000000	-0.000000	0.000092	109.655113	15.431233	0.000000	8.284449	0.000000	8.313255
2012	07	0.000000	0.000000	0.000093	0.000093	-0.000000	-0.000000	0.000093	98.841629	11.925521	0.000000	8.284446	0.000000	8.313252
2012	08	0.000000	0.000000	0.000093	0.000093	-0.000000	-0.000000	0.000093	102.816628	13.334254	0.000000	8.284443	0.000000	8.313250
2012	08	0.000000	0.000000	0.000093	0.000093	-0.000000	-0.000000	0.000093	93.519493	16.717077	0.000000	8.284440	0.000000	8.313247
2012	08	0.000000	0.000000	0.000094	0.000094	-0.000000	-0.000000	0.000094	87.647903	12.056952	0.000000	8.284436	0.000000	8.313243
2012	08	0.000000	0.000000	0.000094	0.000094	-0.000000	-0.000000	0.000094	95.308640	12.307437	0.000000	8.284433	0.000000	8.313240
2012	08	0.000000	0.000000	0.000095	0.000095	-0.000000	-0.000000	0.000095	82.321053	12.596152	0.000000	8.284431	0.000000	8.313237
2012	08	0.000000	0.000000	0.000095	0.000095	-0.000000	-0.000000	0.000095	112.429855	16.452538	0.000000	8.284428	0.000000	8.313234
2012	08	0.000000	0.000000	0.000095	0.000095	-0.000000	-0.000000	0.000095	104.925491	11.251665	0.000000	8.284425	0.000000	8.313231
2012	08	0.000000	0.000000	0.000095	0.000095	-0.000000	-0.000000	0.000095	117.233009	14.334351	0.000000	8.284422	0.000000	8.313228
2012	08	0.000000	0.000000	0.000095	0.000095	-0.000000	-0.000000	0.000095	106.514786	12.971828	0.000000	8.284419	0.000000	8.313225
2012	08	0.000000	0.000000	0.000095	0.000095	-0.000000	-0.000000	0.000095	102.785172	13.434461	0.000000	8.284415	0.000000	8.313222
2012	08	0.000000	0.000000	0.000095	0.000095	-0.000000	-0.000000	0.000095	90.118767	10.631780	0.000000	8.284412	0.000000	8.313218
2012	08	0.000000	0.000000	0.000096	0.000096	-0.000000	-0.000000	0.000096	94.826500	11.693610	0.000000	8.284410	0.000000	8.313215
2012	08	0.000000	0.000000	0.000096	0.000096	-0.000000	-0.000000	0.000096	97.324608	16.327192	0.000000	8.284407	0.000000	8.313212
2012	08	0.000000	0.000000	0.000096	0.000096	-0.000000	-0.000000	0.000096	98.651855	9.713653	0.000000	8.284404	0.000000	8.313209
2012	08	0.000000	0.000000	0.000096	0.000096	-0.000000	-0.000000	0.000096	104.376770	10.584812	0.000000	8.284400	0.000000	8.313206
2012	08	0.000000	0.000000	0.000096	0.000096	-0.000000	-0.000000	0.000096	92.712517	14.350223	0.000000	8.284397	0.000000	8.313203
2012	08	0.000000	0.000000	0.000096	0.000096	-0.000000	-0.000000	0.000096	92.199814	13.250668	0.000000	8.284394	0.000000	8.313199
2012	08	0.000000	0.000000	0.000096	0.000096	-0.000000	-0.000000	0.000096	66.419479	10.185066	0.000000	8.284391	0.000000	8.313196
2012	08	0.000000	0.000000	0.000096	0.000096	-0.000000	-0.000000	0.000096	96.370972	12.819657	0.000000	8.284389	0.000000	8.313193
2012	08	0.000000	0.000000	0.000096	0.000096	-0.000000	-0.000000	0.000096	104.842140	12.936796	0.000000	8.284386	0.000000	8.313190
2012	08	0.000000	0.000000	0.000096	0.000096	-0.000000	-0.000000	0.000096	86.829834	10.793405	0.000000	8.284382	0.000000	8.313187
2012	08	0.000000	0.000000	0.000096	0.000096	-0.000000	-0.000000	0.000096	80.115150	10.452364	0.000000	8.284379	0.000000	8.313184
2012	08	0.000000	0.000000	0.000096	0.000096	-0.000000	-0.000000	0.000096	71.157791	11.505695	0.000000	8.284376	0.000000	8.313181
2012	08	0.000000	0.000000	0.000096	0.000096	-0.000000	-0.000000	0.000096	85.808128	15.310130	0.000000	8.284373	0.000000	8.313177
2012	08	0.000000	0.000000	0.000096	0.000096	-0.000000	-0.000000	0.000096	84.514519	15.771972	0.000000	8.284370	0.000000	8.313174
2012	08	0.000000	0.000000	0.000096	0.000096	-0.000000	-0.000000	0.000096	75.563568	13.366023	0.000000	8.284367	0.000000	8.313171
2012	08	0.000000	0.000000	0.000096	0.000096	-0.000000	-0.000000	0.000096	98.760681	9.899739	0.000000	8.284364	0.000000	8.313168
2012	08	0.000000	0.000000	0.000095	0.000095	-0.000000	-0.000000	0.000095	90.900604	10.242550	0.000000	8.284361	0.000000	8.313165
2012	08	0.000000	0.000000	0.000095	0.000095	-0.000000	-0.000000	0.000095	80.248398	11.619021	0.000000	8.284358	0.000000	8.313162
2012	08	0.000000	0.000000	0.000095	0.000095	-0.000000	-0.000000	0.000095	73.542671	13.658886	0.000000	8.284355	0.000000	8.313158
2012	08	0.000000	0.000000	0.000095	0.000095	-0.000000	-0.000000	0.000095	77.847351	13.221915	0.000000	8.284352	0.000000	8.313155
2012	09	0.000000	0.000000	0.000092	0.000092	-0.000000	-0.000000	0.000092	107.406143	12.177546	0.000000	8.284348	0.000000	8.313152
2012	09	0.000000	0.000000	0.000092	0.000092	-0.000000	-0.000000	0.000092	103.676987	12.693713	0.000000	8.284346	0.000000	8.313149
2012	09	0.000000	0.000000	0.000092	0.000092	-0.000000	-0.000000	0.000092	100.969490	12.398071	0.000000	8.284343	0.000000	8.313146
2012	09	0.000000	0.000000	0.000091	0.000091	-0.000000	-0.000000	0.000091	93.790825	11.942611	0.000000	8.284340	0.000000	8.313143
2012	09	0.000000	0.000000	0.000091	0.000091	-0.000000	-0.000000	0.000091	86.294693	11.691419	0.000000	8.284337	0.000000	8.313140
2012	09	0.000000	0.000000	0.000091	0.000091	-0.000000	-0.000000	0.000091	92.305405	12.309714	0.000000	8.284334	0.000000	8.313137
2012	09	0.000000	0.000000	0.000090	0.000090	-0.000000	-0.000000	0.000090	90.663437	12.588538	0.000000	8.284331	0.000000	8.313133
2012	09	0.000000	0.000000	0.000090	0.000090	-0.000000	-0.000000	0.000090	92.990387	11.205610	0.000000	8.284328	0.000000	8.313130
2012	09	0.000000	0.000000	0.000090	0.000090	-0.000000	-0.000000	0.000090	88.013474	10.069374	0.000000	8.284325	0.000000	8.313128
2012	09	0.000000	0.000000	0.000090	0.000090	-0.000000	-0.000000	0.000090	86.526756	10.579488	0.000000	8.284322	0.000000	8.313125
2012	09	0.000000	0.000000	0.000090	0.000090	-0.000000	-0.000000	0.000090	90.098694	11.717536	0.000000	8.284319	0.000000	8.313122
2012	09	0.000000	0.000000	0.000090	0.000090	-0.000000	-0.000000	0.000090	83.642906	12.452849	0.000000	8.284316	0.000000	8.313118
2012	09	0.000000	0.000000	0.000090	0.000090	-0.000000	-0.000000	0.000090	73.079018	12.930644	0.000000	8.284313	0.000000	8.313115
2012	09	0.000000	0.000000	0.000090	0.000090	-0.000000	-0.000000	0.000090	92.910515	11.870321	0.000000	8.284310	0.000000	8.313112
2012	09	0.000000	0.000000	0.000089	0.000089	-0.000000	-0.000000	0.000089	79.084442	10.218344	0.000000	8.284307	0.000000	8.313109
2012	09	0.000000	0.000000	0.000089	0.000089	-0.000000	-0.000000	0.000089	81.855209	13.244781	0.000000	8.284305	0.000000	8.313107
2012	09	0.000000	0.000000	0.000089	0.000089	-0.000000	-0.000000	0.000089	71.711723	11.502377	0.000000	8.284302	0.000000	8.313103
2012	09	0.000000	0.000000	0.000089	0.000089	-0.000000	-0.000000	0.000089	64.281677	13.479517	0.000000	8.284299	0.000000	8.313100
2012	09	0.000000	0.000000	0.000088	0.000088	-0.000000	-0.000000	0.000088	40.337063	10.515010	0.000000	8.284296	0.000000	8.313097
2012	09	0.000000	0.000000	0.000088	0.000088	-0.000000	-0.000000	0.000088	32.108253	9.611847	0.000000	8.284293	0.000000	8.313094
2012	09	0.000000	0.000000	0.000088	0.000088	-0.000000	-0.000000	0.000088	55.604431	14.625897	0.000000	8.284290	0.000000	8.313091
2012	09	0.000000	0.000000	0.000088	0.000088	-0.000000	-0.000000	0.000088	64.930748	11.808684	0.000000	8.284287	0.000000	8.313088
2012	09	0.000000	0.000000	0.000088	0.000088	-0.000000	-0.000000	0.000088	60.123623	11.102757	0.000000	8.284285	0.000000	8.313086
2012	09	0.000000	0.000000	0.000088	0.000088	-0.000000	-0.000000	0.000088	48.134918	13.919074	0.000000	8.284282	0.000000	8.313083
2012	09	0.000000	0.000000	0.000087	0.000087	-0.000000	-0.000000	0.000087	39.610336	9.035390	0.000000	8.284279	0.000000	8.313079
2012	09	0.000000	0.000000	0.000087	0.000087	-0.000000	-0.000000	0.000087	30.628153	9.282783	0.000000	8.284276	0.000000	8.313076
2012	09	0.000000	0.000000	0.000086	0.000086	-0.000000	-0.000000	0.000086	52.403542	12.187680	0.000000	8.284273	0.000000	8.313073
2012	09	0.000000	0.000000	0.000086	0.000086	-0.000000	-0.000000	0.000086	39.951077	39.660221	0.000000	8.284270	0.000000	8.313070
2012	09	0.000000	0.000000	0.000085	0.000085	-0.000000	-0.000000	0.000085	38.524254	32.241867	0.000000	8.284267	0.000000	8.313067
2012	09	0.000000	0.000000	0.000085	0.000085	-0.000000	-0.000000	0.000085	41.694923	30.947512	0.000000	8.284265	0.000000	8.313065
2012	10	0.000000	0.000000	0.000087	0.000087	-0.000000	-0.000000	0.000087	25.893690	23.268148	0.000000	8.284262	0.000000	8.313062
2012	10	0.000000	0.000000	0.000087	0.000087	-0.000000	-0.000000	0.000087	54.297215	33.697620	0.000000	8.284259	0.000000	8.313059
2012	10	0.000000	0.000000	0.000087	0.000087	-0.000000	-0.000000	0.000087	56.573341	34.041920	0.000000	8.284256	0.000000	8.313056
2012	10	0.000000	0.000000	0.000086	0.000086	-0.000000	-0.000000	0.000086	58.049953	36.875511	0.000000	8.284253	0.000000	8.313053
2012	10	0.000000	0.000000	0.000086	0.000086	-0.000000	-0.000000	0.000086	56.200825	44.865883	0.000000	8.284251	0.000000	8.313050
2012	10	0.000000	0.000000	0.000086	0.000086	-0.000000	-0.000000	0.000086	51.615601	41.220932	0.000000	8.284248	0.000000	8.313047
2012	10	0.000000	0.000000	0.000086	0.000086	-0.000000	-0.000000	0.000086	49.454197	36.213207	0.000000	8.284245	0.000000	8.313045
2012	10	0.000000	0.000000	0.000086	0.000086	-0.000000	-0.000000	0.000086	45.198414	35.075062	0.000000	8.284243	0.000000	8.313042
2012	10	0.000000	0.000000	0.000086	0.000086	-0.000000	-0.000000	0.000086	48.227085	36.707741	0.000000	8.284240	0.000000	8.313039
2012	10	0.000000	0.000000	0.000086	0.000086	-0.000000	-0.000000	0.000086	43.689137	34.538174	0.000000	8.284237	0.000000	8.313036
2012	10	0.000000	0.000000	0.000086	0.000086	-0.000000	-0.000000	0.000086	40.558430	39.279751	0.000000	8.284234	0.000000	8.313033
2012	10	0.000000	0.000000	0.000086	0.000086	-0.000000	-0.000000	0.000086	32.819542	38.795208	0.000000	8.284231	0.000000	8.313030
2012	10	0.000000	0.000000	0.000086	0.000086	-0.000000	-0.000000	0.000086	44.919254	36.800724	0.000000	8.284229	0.000000	8.313027
2012	10	0.000000	0.000000	0.000085	0.000085	-0.000000	-0.000000	0.000085	45.694511	32.793892	0.000000	8.284226	0.000000	8.313025
2012	10	0.000000	0.000000	0.000085	0.000085	-0.000000	-0.000000	0.000085	45.355827	39.257469	0.000000	8.284224	0.000000	8.313022
2012	10	0.000000	0.000000	0.000084	0.000084	-0.000000	-0.000000	0.000084	49.024372	24.161774	0.000000	8.284221	0.000000	8.313019
2012	10	0.000000	0.000000	0.000084	0.000084	-0.000000	-0.000000	0.000084	51.931595	30.393700	0.000000	8.284218	0.000000	8.313017
2012	10	0.000000	0.000000	0.000083	0.000083	-0.000000	-0.000000	0.000083	40.915123	27.239168	0.000000	8.284216	0.000000	8.313014
2012	10	0.000000	0.000000	0.000083	0.000083	-0.000000	-0.000000	0.000083	39.481415	38.614155	0.000000	8.284213	0.000000	8.313011
2012	10	0.000000	0.000000	0.000083	0.000083	-0.000000	-0.000000	0.000083	45.154129	29.215445	0.000000	8.284210	0.000000	8.313008
2012	10	0.000000	0.000000	0.000082	0.000082	-0.000000	-0.000000	0.000082	18.154648	20.162880	0.000000	8.284207	0.000000	8.313005
2012	10	0.000000	0.000000	0.000082	0.000082	-0.000000	-0.000000	0.000082	34.352737	27.795321	0.000000	8.284205	0.000000	8.313003
2012	10	0.000000	0.000000	0.000081	0.000081	-0.000000	-0.000000	0.000081	36.945080	24.282246	0.000000	8.284203	0.000000	8.313000
2012	10	0.000000	0.000000	0.000081	0.000081	-0.000000	-0.000000	0.000081	42.509186	27.730679	0.000000	8.284200	0.000000	8.312998
2012	10	0.000000	0.000000	0.000081	0.000081	-0.000000	-0.000000	0.000081	28.484240	20.961582	0.000000	8.284198	0.000000	8.312995
2012	10	0.000000	0.000000	0.000080	0.000080	-0.000000	-0.000000	0.000080	24.798244	18.361830	0.000000	8.284195	0.000000	8.312992
2012	10	0.000000	0.000000	0.000080	0.000080	-0.000000	-0.000000	0.000080	39.869980	30.435843	0.000000	8.284192	0.000000	8.312989
2012	10	0.000000	0.000000	0.000080	0.000080	-0.000000	-0.000000	0.000080	29.368330	22.537579	0.000000	8.284190	0.000000	8.312987
2012	10	0.000000	0.000000	0.000079	0.000079	-0.000000	-0.000000	0.000079	39.677956	26.335505	0.000000	8.284187	0.000000	8.312984
2012	10	0.000000	0.000000	0.000079	0.000079	-0.000000	-0.000000	0.000079	31.208426	18.264721	0.000000	8.284184	0.000000	8.312982
2012	10	0.000000	0.000000	0.000078	0.000078	-0.000000	-0.000000	0.000078	26.827881	16.917339	0.000000	8.284183	0.000000	8.312979
2012	11	0.000000	0.000000	0.000075	0.000075	-0.000000	-0.000000	0.000075	37.484451	29.727654	0.000000	8.284180	0.000000	8.312977
2012	11	0.000000	0.000000	0.000075	0.000075	-0.000000	-0.000000	0.000075	31.627625	25.055792	0.000000	8.284177	0.000000	8.312974
2012	11	0.000000	0.000000	0.000075	0.000075	-0.000000	-0.000000	0.000075	34.703629	22.542284	0.000000	8.284175	0.000000	8.312971
2012	11	0.000000	0.000000	0.000075	0.000075	-0.000000	-0.000000	0.000075	5.273316	11.329079	0.000000	8.284172	0.000000	8.312969
2012	11	0.000000	0.000000	0.000075	0.000075	-0.000000	-0.000000	0.000075	23.298651	22.131031	0.000000	8.284170	0.000000	8.312966
2012	11	0.000000	0.000000	0.000076	0.000076	-0.000000	-0.000000	0.000076	13.894518	16.985577	0.000000	8.284167	0.000000	8.312963
2012	11	0.000000	0.000000	0.000076	0.000076	-0.000000	-0.000000	0.000076	15.729828	22.860130	0.000000	8.284165	0.000000	8.312962
2012	11	0.000000	0.000000	0.000077	0.000077	-0.000000	-0.000000	0.000077	12.594700	26.313232	0.000000	8.284163	0.000000	8.312959
2012	11	0.000000	0.000000	0.000077	0.000077	-0.000000	-0.000000	0.000077	4.356046	13.669321	0.000000	8.284160	0.000000	8.312956
2012	11	0.000000	0.000000	0.000077	0.000077	-0.000000	-0.000000	0.000077	28.474554	27.043129	0.000000	8.284158	0.000000	8.312953
2012	11	0.000000	0.000000	0.000078	0.000078	-0.000000	-0.000000	0.000078	33.997711	27.771816	0.000000	8.284155	0.000000	8.312951
2012	11	0.000000	0.000000	0.000079	0.000079	-0.000000	-0.000000	0.000079	44.613216	27.629963	0.000000	8.284152	0.000000	8.312948
2012	11	0.000000	0.000000	0.000079	0.000079	-0.000000	-0.000000	0.000079	19.078833	24.535927	0.000000	8.284150	0.000000	8.312945
2012	11	0.000000	0.000000	0.000079	0.000079	-0.000000	-0.000000	0.000079	21.652054	20.283567	0.000000	8.284147	0.000000	8.312943
2012	11	0.000000	0.000000	0.000079	0.000079	-0.000000	-0.000000	0.000079	16.877035	17.503502	0.000000	8.284144	0.000000	8.312940
2012	11	0.000000	0.000000	0.000079	0.000079	-0.000000	-0.000000	0.000079	30.516602	20.553396	0.000000	8.284142	0.000000	8.312937
2012	11	0.000000	0.000000	0.000079	0.000079	-0.000000	-0.000000	0.000079	26.898840	16.962132	0.000000	8.284140	0.000000	8.312935
2012	11	0.000000	0.000000	0.000079	0.000079	-0.000000	-0.000000	0.000079	17.506460	11.583876	0.000000	8.284137	0.000000	8.312932
2012	11	0.000000	0.000000	0.000078	0.000078	-0.000000	-0.000000	0.000078	6.360689	5.085601	0.000000	8.284134	0.000000	8.312929
2012	11	0.000000	0.000000	0.000078	0.000078	-0.000000	-0.000000	0.000078	5.311585	8.319529	0.000000	8.284132	0.000000	8.312926
2012	11	0.000000	0.000000	0.000078	0.000078	-0.000000	-0.000000	0.000078	25.461256	11.976865	0.000000	8.284129	0.000000	8.312923
2012	11	0.000000	0.000000	0.000078	0.000078	-0.000000	-0.000000	0.000078	25.252676	12.471089	0.000000	8.284126	0.000000	8.312922
2012	11	0.000000	0.000000	0.000077	0.000077	-0.000000	-0.000000	0.000077	24.773138	13.888686	0.000000	8.284124	0.000000	8.312919
2012	11	0.000000	0.000000	0.000077	0.000077	-0.000000	-0.000000	0.000077	29.405293	15.223525	0.000000	8.284122	0.000000	8.312916
2012	11	0.000000	0.000000	0.000077	0.000077	-0.000000	-0.000000	0.000077	18.886919	9.177648	0.000000	8.284119	0.000000	8.312913
2012	11	0.000000	0.000000	0.000076	0.000076	-0.000000	-0.000000	0.000076	18.055590	10.710393	0.000000	8.284117	0.000000	8.312911
2012	11	0.000000	0.000000	0.000076	0.000076	-0.000000	-0.000000	0.000076	18.993109	17.061235	0.000000	8.284114	0.000000	8.312908
2012	11	0.000000	0.000000	0.000076	0.000076	-0.000000	-0.000000	0.000076	50.724663	32.103882	0.000000	8.284111	0.000000	8.312905
2012	11	0.000000	0.000000	0.000076	0.000076	-0.000000	-0.000000	0.000076	34.340378	25.553621	0.000000	8.284109	0.000000	8.312902
2012	11	0.000000	0.000000	0.000075	0.000075	-0.000000	-0.000000	0.000075	35.735966	21.244001	0.000000	8.284106	0.000000	8.312901
2012	12	0.000000	0.000000	0.000076	0.000076	-0.000000	-0.000000	0.000076	31.832941	16.189024	0.000000	8.284104	0.000000	8.312898
2012	12	0.000000	0.000000	0.000076	0.000076	-0.000000	-0.000000	0.000076	25.918644	18.906139	0.000000	8.284101	0.000000	8.312895
2012	12	0.000000	0.000000	0.000075	0.000075	-0.000000	-0.000000	0.000075	27.400557	13.319849	0.000000	8.284100	0.000000	8.312893
2012	12	0.000000	0.000000	0.000074	0.000074	-0.000000	-0.000000	0.000074	18.352144	11.316284	0.000000	8.284097	0.000000	8.312890
2012	12	0.000000	0.000000	0.000073	0.000073	-0.000000	-0.000000	0.000073	16.777113	16.853992	0.000000	8.284095	0.000000	8.312888
2012	12	0.000000	0.000000	0.000073	0.000073	-0.000000	-0.000000	0.000073	24.874104	20.421278	0.000000	8.284092	0.000000	8.312885
2012	12	0.000000	0.000000	0.000072	0.000072	-0.000000	-0.000000	0.000072	9.361182	5.603824	0.000000	8.284090	0.000000	8.312883
2012	12	0.000000	0.000000	0.000071	0.000071	-0.000000	-0.000000	0.000071	2.833215	7.700808	0.000000	8.284087	0.000000	8.312881
2012	12	0.000000	0.000000	0.000071	0.000071	-0.000000	-0.000000	0.000071	9.413121	14.423936	0.000000	8.284085	0.000000	8.312879
2012	12	0.000000	0.000000	0.000071	0.000071	-0.000000	-0.000000	0.000071	29.509495	14.248290	0.000000	8.284083	0.000000	8.312876
2012	12	0.000000	0.000000	0.000070	0.000070	-0.000000	-0.000000	0.000070	14.945671	11.736144	0.000000	8.284081	0.000000	8.312874
2012	12	0.000000	0.000000	0.000070	0.000070	-0.000000	-0.000000	0.000070	18.791067	13.115156	0.000000	8.284079	0.000000	8.312872
2012	12	0.000000	0.000000	0.000069	0.000069	-0.000000	-0.000000	0.000069	7.700923	7.513069	0.000000	8.284077	0.000000	8.312869
2012	12	0.000000	0.000000	0.000069	0.000069	-0.000000	-0.000000	0.000069	11.436754	7.875018	0.000000	8.284074	0.000000	8.312867
2012	12	0.000000	0.000000	0.000069	0.000069	-0.000000	-0.000000	0.000069	6.795656	10.818020	0.000000	8.284072	0.000000	8.312864
2012	12	0.000000	0.000000	0.000068	0.000068	-0.000000	-0.000000	0.000068	10.623972	14.832986	0.000000	8.284070	0.000000	8.312862
2012	12	0.000000	0.000000	0.000068	0.000068	-0.000000	-0.000000	0.000068	11.039345	12.086879	0.000000	8.284068	0.000000	8.312860
2012	12	0.000000	0.000000	0.000068	0.000068	-0.000000	-0.000000	0.000068	13.834957	12.784007	0.000000	8.284065	0.000000	8.312858
2012	12	0.000000	0.000000	0.000068	0.000068	-0.000000	-0.000000	0.000068	14.117502	7.952327	0.000000	8.284063	0.000000	8.312856
2012	12	0.000000	0.000000	0.000068	0.000068	-0.000000	-0.000000	0.000068	16.233946	9.113861	0.000000	8.284061	0.000000	8.312853
2012	12	0.000000	0.000000	0.000068	0.000068	-0.000000	-0.000000	0.000068	11.545919	15.596054	0.000000	8.284060	0.000000	8.312851
2012	12	0.000000	0.000000	0.000068	0.000068	-0.000000	-0.000000	0.000068	14.778014	16.270596	0.000000	8.284057	0.000000	8.312849
2012	12	0.000000	0.000000	0.000068	0.000068	-0.000000	-0.000000	0.000068	20.941090	10.480850	0.000000	8.284055	0.000000	8.312846
2012	12	0.000000	0.000000	0.000068	0.000068	-0.000000	-0.000000	0.000068	17.840120	7.831264	0.000000	8.284053	0.000000	8.312844
2012	12	0.000000	0.000000	0.000068	0.000068	-0.000000	-0.000000	0.000068	18.130920	10.660664	0.000000	8.284050	0.000000	8.312842
2012	12	0.000000	0.000000	0.000068	0.000068	-0.000000	-0.000000	0.000068	20.180084	14.981228	0.000000	8.284048	0.000000	8.312840
2012	12	0.000000	0.000000	0.000067	0.000067	-0.000000	-0.000000	0.000067	28.580616	16.451040	0.000000	8.284046	0.000000	8.312838
2012	12	0.000000	0.000000	0.000067	0.000067	-0.000000	-0.000000	0.000067	14.690842	13.267670	0.000000	8.284044	0.000000	8.312836
2012	12	0.000000	0.000000	0.000067	0.000067	-0.000000	-0.000000	0.000067	17.946743	11.499652	0.000000	8.284041	0.000000	8.312833
2012	12	0.000000	0.000000	0.000066	0.000066	-0.000000	-0.000000	0.000066	13.378459	16.283092	0.000000	8.284039	0.000000	8.312831
2012	12	0.000000	0.000000	0.000066	0.000066	-0.000000	-0.000000	0.000066	15.639711	9.988687	0.000000	8.284038	0.000000	8.312829
2013	01	0.000000	0.000000	0.000066	0.000066	-0.000000	-0.000000	0.000066	15.572798	12.198096	0.000000	8.284036	0.000000	8.312826
2013	01	0.000000	0.000000	0.000066	0.000066	-0.000000	-0.000000	0.000066	7.725912	10.411782	0.000000	8.284034	0.000000	8.312824
2013	01	0.000000	0.000000	0.000066	0.000066	-0.000000	-0.000000	0.000066	12.397191	10.472955	0.000000	8.284031	0.000000	8.312822
2013	01	0.000000	0.000000	0.000065	0.000065	-0.000000	-0.000000	0.000065	18.580814	20.171793	0.000000	8.284029	0.000000	8.312820
2013	01	0.000000	0.000000	0.000065	0.000065	-0.000000	-0.000000	0.000065	13.969029	9.214481	0.000000	8.284027	0.000000	8.312818
2013	01	0.000000	0.000000	0.000065	0.000065	-0.000000	-0.000000	0.000065	7.841049	12.168335	0.000000	8.284025	0.000000	8.312816
2013	01	0.000000	0.000000	0.000064	0.000064	-0.000000	-0.000000	0.000064	17.842833	9.718992	0.000000	8.284023	0.000000	8.312814
2013	01	0.000000	0.000000	0.000064	0.000064	-0.000000	-0.000000	0.000064	8.539487	8.313699	0.000000	8.284021	0.000000	8.312812
2013	01	0.000000	0.000000	0.000064	0.000064	-0.000000	-0.000000	0.000064	11.525577	6.885036	0.000000	8.284019	0.000000	8.312809
2013	01	0.000000	0.000000	0.000064	0.000064	-0.000000	-0.000000	0.000064	6.053975	11.897509	0.000000	8.284017	0.000000	8.312807
2013	01	0.000000	0.000000	0.000064	0.000064	-0.000000	-0.000000	0.000064	6.613729	8.159916	0.000000	8.284015	0.000000	8.312805
2013	01	0.000000	0.000000	0.000064	0.000064	-0.000000	-0.000000	0.000064	11.431319	7.600999	0.000000	8.284013	0.000000	8.312803
2013	01	0.000000	0.000000	0.000064	0.000064	-0.000000	-0.000000	0.000064	13.189595	16.865950	0.000000	8.284011	0.000000	8.312801
2013	01	0.000000	0.000000	0.000064	0.000064	-0.000000	-0.000000	0.000064	16.821653	20.835997	0.000000	8.284009	0.000000	8.312799
2013	01	0.000000	0.000000	0.000063	0.000063	-0.000000	-0.000000	0.000063	19.208563	17.638233	0.000000	8.284007	0.000000	8.312797
2013	01	0.000000	0.000000	0.000063	0.000063	-0.000000	-0.000000	0.000063	15.399691	20.333683	0.000000	8.284005	0.000000	8.312795
2013	01	0.000000	0.000000	0.000063	0.000063	-0.000000	-0.000000	0.000063	6.921933	23.428442	0.000000	8.284003	0.000000	8.312793
2013	01	0.000000	0.000000	0.000063	0.000063	-0.000000	-0.000000	0.000063	7.810953	15.742806	0.000000	8.284000	0.000000	8.312791
2013	01	0.000000	0.000000	0.000063	0.000063	-0.000000	-0.000000	0.000063	-1.120054	16.619057	0.000000	8.283998	0.000000	8.312788
2013	01	0.000000	0.000000	0.000063	0.000063	-0.000000	-0.000000	0.000063	5.726162	26.734816	0.000000	8.283997	0.000000	8.312786
2013	01	0.000000	0.000000	0.000063	0.000063	-0.000000	-0.000000	0.000063	22.862215	24.836193	0.000000	8.283995	0.000000	8.312784
2013	01	0.000000	0.000000	0.000063	0.000063	-0.000000	-0.000000	0.000063	27.273521	25.254961	0.000000	8.283993	0.000000	8.312782
2013	01	0.000000	0.000000	0.000063	0.000063	-0.000000	-0.000000	0.000063	19.410772	23.717352	0.000000	8.283991	0.000000	8.312780
2013	01	0.000000	0.000000	0.000063	0.000063	-0.000000	-0.000000	0.000063	19.096943	19.153189	0.000000	8.283989	0.000000	8.312778
2013	01	0.000000	0.000000	0.000063	0.000063	-0.000000	-0.000000	0.000063	19.107666	27.318630	0.000000	8.283987	0.000000	8.312776
2013	01	0.000000	0.000000	0.000063	0.000063	-0.000000	-0.000000	0.000063	-2.357368	7.075563	0.000000	8.283985	0.000000	8.312774
2013	01	0.000000	0.000000	0.000064	0.000064	-0.000000	-0.000000	0.000064	14.105525	19.748978	0.000000	8.283983	0.000000	8.312772
2013	01	0.000000	0.000000	0.000064	0.000064	-0.000000	-0.000000	0.000064	13.352858	15.815814	0.000000	8.283980	0.000000	8.312770
2013	01	0.000000	0.000000	0.000064	0.000064	-0.000000	-0.000000	0.000064	19.126009	21.733105	0.000000	8.283978	0.000000	8.312767
2013	01	0.000000	0.000000	0.000064	0.000064	-0.000000	-0.000000	0.000064	18.882227	9.723935	0.000000	8.283977	0.000000	8.312765
2013	01	0.000000	0.000000	0.000064	0.000064	-0.000000	-0.000000	0.000064	12.069165	16.006186	0.000000	8.283975	0.000000	8.312763
2013	02	0.000000	0.000000	0.000058	0.000058	-0.000000	-0.000000	0.000058	17.410318	12.706017	0.000000	8.283973	0.000000	8.312761
2013	02	0.000000	0.000000	0.000058	0.000058	-0.000000	-0.000000	0.000058	7.082582	22.561649	0.000000	8.283971	0.000000	8.312759
2013	02	0.000000	0.000000	0.000058	0.000058	-0.000000	-0.000000	0.000058	13.934172	30.560234	0.000000	8.283969	0.000000	8.312757
2013	02	0.000000	0.000000	0.000058	0.000058	-0.000000	-0.000000	0.000058	20.451862	21.439787	0.000000	8.283966	0.000000	8.312755
2013	02	0.000000	0.000000	0.000057	0.000057	-0.000000	-0.000000	0.000057	18.805149	13.426875	0.000000	8.283964	0.000000	8.312753
2013	02	0.000000	0.000000	0.000057	0.000057	-0.000000	-0.000000	0.000057	9.859460	17.557159	0.000000	8.283962	0.000000	8.312751
2013	02	0.000000	0.000000	0.000057	0.000057	-0.000000	-0.000000	0.000057	30.009151	29.930090	0.000000	8.283960	0.000000	8.312749
2013	02	0.000000	0.000000	0.000057	0.000057	-0.000000	-0.000000	0.000057	27.178511	25.588247	0.000000	8.283958	0.000000	8.312746
2013	02	0.000000	0.000000	0.000056	0.000056	-0.000000	-0.000000	0.000056	21.551929	16.539299	0.000000	8.283957	0.000000	8.312744
2013	02	0.000000	0.000000	0.000056	0.000056	-0.000000	-0.000000	0.000056	33.270626	18.512131	0.000000	8.283955	0.000000	8.312742
2013	02	0.000000	0.000000	0.000056	0.000056	-0.000000	-0.000000	0.000056	20.535597	25.223055	0.000000	8.283953	0.000000	8.312740
2013	02	0.000000	0.000000	0.000056	0.000056	-0.000000	-0.000000	0.000056	31.840818	35.809593	0.000000	8.283951	0.000000	8.312738
2013	02	0.000000	0.000000	0.000055	0.000055	-0.000000	-0.000000	0.000055	27.437979	29.458385	0.000000	8.283949	0.000000	8.312737
2013	02	0.000000	0.000000	0.000055	0.000055	-0.000000	-0.000000	0.000055	11.946323	11.740170	0.000000	8.283947	0.000000	8.312734
2013	02	0.000000	0.000000	0.000055	0.000055	-0.000000	-0.000000	0.000055	26.541842	18.764294	0.000000	8.283945	0.000000	8.312732
2013	02	0.000000	0.000000	0.000055	0.000055	-0.000000	-0.000000	0.000055	30.785860	18.023178	0.000000	8.283943	0.000000	8.312730
2013	02	0.000000	0.000000	0.000055	0.000055	-0.000000	-0.000000	0.000055	29.734591	17.015520	0.000000	8.283941	0.000000	8.312728
2013	02	0.000000	0.000000	0.000055	0.000055	-0.000000	-0.000000	0.000055	27.915937	19.029987	0.000000	8.283939	0.000000	8.312726
2013	02	0.000000	0.000000	0.000055	0.000055	-0.000000	-0.000000	0.000055	21.562199	22.537170	0.000000	8.283937	0.000000	8.312724
2013	02	0.000000	0.000000	0.000055	0.000055	-0.000000	-0.000000	0.000055	22.847256	28.160200	0.000000	8.283935	0.000000	8.312722
2013	02	0.000000	0.000000	0.000056	0.000056	-0.000000	-0.000000	0.000056	7.019507	14.009424	0.000000	8.283933	0.000000	8.312720
2013	02	0.000000	0.000000	0.000056	0.000056	-0.000000	-0.000000	0.000056	15.685866	18.978189	0.000000	8.283931	0.000000	8.312717
2013	02	0.000000	0.000000	0.000056	0.000056	-0.000000	-0.000000	0.000056	33.200024	37.365761	0.000000	8.283929	0.000000	8.312716
2013	02	0.000000	0.000000	0.000056	0.000056	-0.000000	-0.000000	0.000056	47.170776	44.370346	0.000000	8.283927	0.000000	8.312714
2013	02	0.000000	0.000000	0.000056	0.000056	-0.000000	-0.000000	0.000056	50.500744	32.095627	0.000000	8.283925	0.000000	8.312712
2013	02	0.000000	0.000000	0.000056	0.000056	-0.000000	-0.000000	0.000056	50.386112	22.182175	0.000000	8.283923	0.000000	8.312710
2013	02	0.000000	0.000000	0.000056	0.000056	-0.000000	-0.000000	0.000056	48.693977	28.309084	0.000000	8.283921	0.000000	8.312708
2013	02	0.000000	0.000000	0.000056	0.000056	-0.000000	-0.000000	0.000056	51.959175	30.185089	0.000000	8.283919	0.000000	8.312706
2013	03	0.000000	0.000000	0.000063	0.000063	-0.000000	-0.000000	0.000063	36.740231	32.103313	0.000000	8.283917	0.000000	8.312703
2013	03	0.000000	0.000000	0.000063	0.000063	-0.000000	-0.000000	0.000063	51.505882	35.166798	0.000000	8.283916	0.000000	8.312701
2013	03	0.000000	0.000000	0.000063	0.000063	-0.000000	-0.000000	0.000063	38.206734	28.464622	0.000000	8.283914	0.000000	8.312699
2013	03	0.000000	0.000000	0.000063	0.000063	-0.000000	-0.000000	0.000063	26.907627	21.861807	0.000000	8.283911	0.000000	8.312697
2013	03	0.000000	0.000000	0.000063	0.000063	-0.000000	-0.000000	0.000063	6.517551	32.758163	0.000000	8.283909	0.000000	8.312696
2013	03	0.000000	0.000000	0.000063	0.000063	-0.000000	-0.000000	0.000063	29.722296	24.721161	0.000000	8.283907	0.000000	8.312693
2013	03	0.000000	0.000000	0.000064	0.000064	-0.000000	-0.000000	0.000064	33.648235	31.538429	0.000000	8.283905	0.000000	8.312691
2013	03	0.000000	0.000000	0.000064	0.000064	-0.000000	-0.000000	0.000064	22.711134	23.071674	0.000000	8.283903	0.000000	8.312689
2013	03	0.000000	0.000000	0.000065	0.000065	-0.000000	-0.000000	0.000065	53.579674	29.337910	0.000000	8.283901	0.000000	8.312687
2013	03	0.000000	0.000000	0.000066	0.000066	-0.000000	-0.000000	0.000066	59.308006	38.877655	0.000000	8.283899	0.000000	8.312684
2013	03	0.000000	0.000000	0.000066	0.000066	-0.000000	-0.000000	0.000066	65.191719	39.215382	0.000000	8.283896	0.000000	8.312682
2013	03	0.000000	0.000000	0.000066	0.000066	-0.000000	-0.000000	0.000066	60.641220	45.579498	0.000000	8.283895	0.000000	8.312680
2013	03	0.000000	0.000000	0.000066	0.000066	-0.000000	-0.000000	0.000066	38.362930	32.810017	0.000000	8.283893	0.000000	8.312678
2013	03	0.000000	0.000000	0.000066	0.000066	-0.000000	-0.000000	0.000066	72.750656	46.435585	0.000000	8.283891	0.000000	8.312675
2013	03	0.000000	0.000000	0.000066	0.000066	-0.000000	-0.000000	0.000066	77.148697	40.891254	0.000000	8.283889	0.000000	8.312674
2013	03	0.000000	0.000000	0.000066	0.000066	-0.000000	-0.000000	0.000066	67.324486	30.436882	0.000000	8.283886	0.000000	8.312672
2013	03	0.000000	0.000000	0.000066	0.000066	-0.000000	-0.000000	0.000066	49.227730	28.511408	0.000000	8.283884	0.000000	8.312669
2013	03	0.000000	0.000000	0.000066	0.000066	-0.000000	-0.000000	0.000066	35.333279	30.535629	0.000000	8.283882	0.000000	8.312667
2013	03	0.000000	0.000000	0.000066	0.000066	-0.000000	-0.000000	0.000066	56.792576	40.915787	0.000000	8.283880	0.000000	8.312665
2013	03	0.000000	0.000000	0.000066	0.000066	-0.000000	-0.000000	0.000066	51.569202	26.647591	0.000000	8.283878	0.000000	8.312663
2013	03	0.000000	0.000000	0.000067	0.000067	-0.000000	-0.000000	0.000067	51.262726	45.302975	0.000000	8.283875	0.000000	8.312660
2013	03	0.000000	0.000000	0.000067	0.000067	-0.000000	-0.000000	0.000067	54.256264	30.982029	0.000000	8.283874	0.000000	8.312658
2013	03	0.000000	0.000000	0.000067	0.000067	-0.000000	-0.000000	0.000067	64.520607	45.661118	0.000000	8.283872	0.000000	8.312656
2013	03	0.000000	0.000000	0.000067	0.000067	-0.000000	-0.000000	0.000067	49.360199	34.174965	0.000000	8.283870	0.000000	8.312654
2013	03	0.000000	0.000000	0.000067	0.000067	-0.000000	-0.000000	0.000067	76.201279	55.688557	0.000000	8.283867	0.000000	8.312652
2013	03	0.000000	0.000000	0.000067	0.000067	-0.000000	-0.000000	0.000067	56.662434	40.080231	0.000000	8.283865	0.000000	8.312650
2013	03	0.000000	0.000000	0.000067	0.000067	-0.000000	-0.000000	0.000067	52.150448	41.559433	0.000000	8.283863	0.000000	8.312647
2013	03	0.000000	0.000000	0.000067	0.000067	-0.000000	-0.000000	0.000067	57.006168	31.944279	0.000000	8.283861	0.000000	8.312645
2013	03	0.000000	0.000000	0.000068	0.000068	-0.000000	-0.000000	0.000068	70.536499	51.274689	0.000000	8.283858	0.000000	8.312643
2013	03	0.000000	0.000000	0.000068	0.000068	-0.000000	-0.000000	0.000068	34.346531	30.295975	0.000000	8.283856	0.000000	8.312640
2013	03	0.000000	0.000000	0.000068	0.000068	-0.000000	-0.000000	0.000068	48.247158	46.165146	0.000000	8.283854	0.000000	8.312638
2013	04	0.000000	0.000000	0.000066	0.000066	-0.000000	-0.000000	0.000066	36.522579	28.735577	0.000000	8.283853	0.000000	8.312636
2013	04	0.000000	0.000000	0.000066	0.000066	-0.000000	-0.000000	0.000066	78.363060	57.957451	0.000000	8.283850	0.000000	8.312634
2013	04	0.000000	0.000000	0.000066	0.000066	-0.000000	-0.000000	0.000066	73.626823	46.301022	0.000000	8.283848	0.000000	8.312632
2013	04	0.000000	0.000000	0.000066	0.000066	-0.000000	-0.000000	0.000066	78.816658	45.900337	0.000000	8.283846	0.000000	8.312630
2013	04	0.000000	0.000000	0.000066	0.000066	-0.000000	-0.000000	0.000066	73.462814	40.248142	0.000000	8.283844	0.000000	8.312627
2013	04	0.000000	0.000000	0.000066	0.000066	-0.000000	-0.000000	0.000066	57.859577	33.738602	0.000000	8.283841	0.000000	8.312625
2013	04	0.000000	0.000000	0.000066	0.000066	-0.000000	-0.000000	0.000066	88.494926	62.774963	0.000000	8.283839	0.000000	8.312622
2013	04	0.000000	0.000000	0.000066	0.000066	-0.000000	-0.000000	0.000066	68.411446	39.572521	0.000000	8.283837	0.000000	8.312620
2013	04	0.000000	0.000000	0.000066	0.000066	-0.000000	-0.000000	0.000066	72.424034	55.722015	0.000000	8.283835	0.000000	8.312618
2013	04	0.000000	0.000000	0.000066	0.000066	-0.000000	-0.000000	0.000066	70.306366	59.385815	0.000000	8.283833	0.000000	8.312615
2013	04	0.000000	0.000000	0.000066	0.000066	-0.000000	-0.000000	0.000066	62.794456	51.062176	0.000000	8.283831	0.000000	8.312613
2013	04	0.000000	0.000000	0.000066	0.000066	-0.000000	-0.000000	0.000066	72.145393	62.305603	0.000000	8.283829	0.000000	8.312612
2013	04	0.000000	0.000000	0.000067	0.000067	-0.000000	-0.000000	0.000067	73.695801	56.590405	0.000000	8.283826	0.000000	8.312609
2013	04	0.000000	0.000000	0.000067	0.000067	-0.000000	-0.000000	0.000067	81.771072	65.285400	0.000000	8.283824	0.000000	8.312607
2013	04	0.000000	0.000000	0.000067	0.000067	-0.000000	-0.000000	0.000067	68.643257	59.775513	0.000000	8.283822	0.000000	8.312604
2013	04	0.000000	0.000000	0.000068	0.000068	-0.000000	-0.000000	0.000068	82.535400	45.091232	0.000000	8.283819	0.000000	8.312602
2013	04	0.000000	0.000000	0.000068	0.000068	-0.000000	-0.000000	0.000068	92.202461	56.098789	0.000000	8.283817	0.000000	8.312600
2013	04	0.000000	0.000000	0.000068	0.000068	-0.000000	-0.000000	0.000068	88.029121	54.814724	0.000000	8.283815	0.000000	8.312597
2013	04	0.000000	0.000000	0.000068	0.000068	-0.000000	-0.000000	0.000068	96.405853	48.138493	0.000000	8.283813	0.000000	8.312595
2013	04	0.000000	0.000000	0.000068	0.000068	-0.000000	-0.000000	0.000068	99.657814	47.126595	0.000000	8.283811	0.000000	8.312593
2013	04	0.000000	0.000000	0.000068	0.000068	-0.000000	-0.000000	0.000068	71.969131	32.743534	0.000000	8.283809	0.000000	8.312591
2013	04	0.000000	0.000000	0.000068	0.000068	-0.000000	-0.000000	0.000068	55.877087	26.236893	0.000000	8.283806	0.000000	8.312588
2013	04	0.000000	0.000000	0.000068	0.000068	-0.000000	-0.000000	0.000068	21.979218	19.323149	0.000000	8.283804	0.000000	8.312586
2013	04	0.000000	0.000000	0.000068	0.000068	-0.000000	-0.000000	0.000068	99.226051	66.160912	0.000000	8.283802	0.000000	8.312584
2013	04	0.000000	0.000000	0.000067	0.000067	-0.000000	-0.000000	0.000067	78.698990	60.635597	0.000000	8.283799	0.000000	8.312581
2013	04	0.000000	0.000000	0.000067	0.000067	-0.000000	-0.000000	0.000067	6.350484	17.054672	0.000000	8.283797	0.000000	8.312579
2013	04	0.000000	0.000000	0.000067	0.000067	-0.000000	-0.000000	0.000067	41.203072	34.674843	0.000000	8.283795	0.000000	8.312576
2013	04	0.000000	0.000000	0.000067	0.000067	-0.000000	-0.000000	0.000067	82.690926	54.788647	0.000000	8.283792	0.000000	8.312574
2013	04	0.000000	0.000000	0.000067	0.000067	-0.000000	-0.000000	0.000067	75.948921	45.150227	0.000000	8.283791	0.000000	8.312572
2013	04	0.000000	0.000000	0.000068	0.000068	-0.000000	-0.000000	0.000068	12.302663	19.108330	0.000000	8.283789	0.000000	8.312570
2013	05	0.000000	0.000000	0.000070	0.000070	-0.000000	-0.000000	0.000070	18.033957	18.053642	0.000000	8.283786	0.000000	8.312568
2013	05	0.000000	0.000000	0.000070	0.000070	-0.000000	-0.000000	0.000070	44.113113	32.404633	0.000000	8.283784	0.000000	8.312565
2013	05	0.000000	0.000000	0.000071	0.000071	-0.000000	-0.000000	0.000071	70.734032	36.840786	0.000000	8.283782	0.000000	8.312563
2013	05	0.000000	0.000000	0.000072	0.000072	-0.000000	-0.000000	0.000072	83.239014	44.315060	0.000000	8.283779	0.000000	8.312560
2013	05	0.000000	0.000000	0.000073	0.000073	-0.000000	-0.000000	0.000073	72.349358	45.211647	0.000000	8.283777	0.000000	8.312558
2013	05	0.000000	0.000000	0.000073	0.000073	-0.000000	-0.000000	0.000073	67.633682	36.992733	0.000000	8.283775	0.000000	8.312555
2013	05	0.000000	0.000000	0.000074	0.000074	-0.000000	-0.000000	0.000074	81.093330	44.249477	0.000000	8.283772	0.000000	8.312553
2013	05	0.000000	0.000000	0.000074	0.000074	-0.000000	-0.000000	0.000074	72.920761	45.565430	0.000000	8.283771	0.000000	8.312551
2013	05	0.000000	0.000000	0.000075	0.000075	-0.000000	-0.000000	0.000075	71.103432	61.106518	0.000000	8.283768	0.000000	8.312549
2013	05	0.000000	0.000000	0.000075	0.000075	-0.000000	-0.000000	0.000075	66.044632	81.145363	0.000000	8.283766	0.000000	8.312546
2013	05	0.000000	0.000000	0.000076	0.000076	-0.000000	-0.000000	0.000076	70.964600	57.254173	0.000000	8.283763	0.000000	8.312543
2013	05	0.000000	0.000000	0.000076	0.000076	-0.000000	-0.000000	0.000076	74.135338	71.092461	0.000000	8.283761	0.000000	8.312541
2013	05	0.000000	0.000000	0.000077	0.000077	-0.000000	-0.000000	0.000077	94.634033	63.772980	0.000000	8.283758	0.000000	8.312538
2013	05	0.000000	0.000000	0.000077	0.000077	-0.000000	-0.000000	0.000077	83.640518	58.069523	0.000000	8.283755	0.000000	8.312536
2013	05	0.000000	0.000000	0.000077	0.000077	-0.000000	-0.000000	0.000077	50.244511	46.488811	0.000000	8.283753	0.000000	8.312533
2013	05	0.000000	0.000000	0.000077	0.000077	-0.000000	-0.000000	0.000077	80.621834	68.545609	0.000000	8.283751	0.000000	8.312531
2013	05	0.000000	0.000000	0.000076	0.000076	-0.000000	-0.000000	0.000076	63.563568	56.940517	0.000000	8.283749	0.000000	8.312529
2013	05	0.000000	0.000000	0.000076	0.000076	-0.000000	-0.000000	0.000076	81.555473	54.539196	0.000000	8.283746	0.000000	8.312526
2013	05	0.000000	0.000000	0.000075	0.000075	-0.000000	-0.000000	0.000075	98.630379	66.547722	0.000000	8.283744	0.000000	8.312523
2013	05	0.000000	0.000000	0.000075	0.000075	-0.000000	-0.000000	0.000075	89.686172	60.098934	0.000000	8.283741	0.000000	8.312521
2013	05	0.000000	0.000000	0.000075	0.000075	-0.000000	-0.000000	0.000075	93.879326	50.454971	0.000000	8.283739	0.000000	8.312518
2013	05	0.000000	0.000000	0.000075	0.000075	-0.000000	-0.000000	0.000075	60.529907	40.438778	0.000000	8.283736	0.000000	8.312516
2013	05	0.000000	0.000000	0.000075	0.000075	-0.000000	-0.000000	0.000075	77.996742	51.706867	0.000000	8.283734	0.000000	8.312513
2013	05	0.000000	0.000000	0.000075	0.000075	-0.000000	-0.000000	0.000075	76.060974	50.710350	0.000000	8.283731	0.000000	8.312510
2013	05	0.000000	0.000000	0.000075	0.000075	-0.000000	-0.000000	0.000075	88.748955	50.535282	0.000000	8.283730	0.000000	8.312509
2013	05	0.000000	0.000000	0.000075	0.000075	-0.000000	-0.000000	0.000075	83.177185	46.197701	0.000000	8.283727	0.000000	8.312506
2013	05	0.000000	0.000000	0.000075	0.000075	-0.000000	-0.000000	0.000075	94.517128	54.001129	0.000000	8.283725	0.000000	8.312504
2013	05	0.000000	0.000000	0.000075	0.000075	-0.000000	-0.000000	0.000075	92.052536	60.151905	0.000000	8.283722	0.000000	8.312501
2013	05	0.000000	0.000000	0.000076	0.000076	-0.000000	-0.000000	0.000076	105.938644	62.307106	0.000000	8.283720	0.000000	8.312498
2013	05	0.000000	0.000000	0.000076	0.000076	-0.000000	-0.000000	0.000076	101.353653	53.019272	0.000000	8.283717	0.000000	8.312496
2013	05	0.000000	0.000000	0.000076	0.000076	-0.000000	-0.000000	0.000076	74.687561	28.925104	0.000000	8.283715	0.000000	8.312493
2013	06	0.000000	0.000000	0.000073	0.000073	-0.000000	-0.000000	0.000073	62.774559	29.697304	0.000000	8.283712	0.000000	8.312491
2013	06	0.000000	0.000000	0.000073	0.000073	-0.000000	-0.000000	0.000073	88.262047	41.447361	0.000000	8.283710	0.000000	8.312489
2013	06	0.000000	0.000000	0.000073	0.000073	-0.000000	-0.000000	0.000073	95.810356	43.939880	0.000000	8.283708	0.000000	8.312486
2013	06	0.000000	0.000000	0.000074	0.000074	-0.000000	-0.000000	0.000074	99.290802	40.460831	0.000000	8.283706	0.000000	8.312484
2013	06	0.000000	0.000000	0.000074	0.000074	-0.000000	-0.000000	0.000074	101.499428	39.383102	0.000000	8.283703	0.000000	8.312481
2013	06	0.000000	0.000000	0.000074	0.000074	-0.000000	-0.000000	0.000074	95.772163	30.833845	0.000000	8.283701	0.000000	8.312478
2013	06	0.000000	0.000000	0.000074	0.000074	-0.000000	-0.000000	0.000074	104.765350	33.127483	0.000000	8.283698	0.000000	8.312476
2013	06	0.000000	0.000000	0.000075	0.000075	-0.000000	-0.000000	0.000075	110.328346	29.816126	0.000000	8.283696	0.000000	8.312473
2013	06	0.000000	0.000000	0.000075	0.000075	-0.000000	-0.000000	0.000075	106.223854	34.909321	0.000000	8.283693	0.000000	8.312470
2013	06	0.000000	0.000000	0.000075	0.000075	-0.000000	-0.000000	0.000075	93.618950	29.115637	0.000000	8.283690	0.000000	8.312469
2013	06	0.000000	0.000000	0.000076	0.000076	-0.000000	-0.000000	0.000076	90.017639	26.078550	0.000000	8.283689	0.000000	8.312466
2013	06	0.000000	0.000000	0.000076	0.000076	-0.000000	-0.000000	0.000076	91.151581	26.022036	0.000000	8.283686	0.000000	8.312463
2013	06	0.000000	0.000000	0.000077	0.000077	-0.000000	-0.000000	0.000077	92.395729	28.344393	0.000000	8.283684	0.000000	8.312461
2013	06	0.000000	0.000000	0.000077	0.000077	-0.000000	-0.000000	0.000077	104.630302	29.366013	0.000000	8.283681	0.000000	8.312458
2013	06	0.000000	0.000000	0.000078	0.000078	-0.000000	-0.000000	0.000078	98.535591	22.986288	0.000000	8.283678	0.000000	8.312455
2013	06	0.000000	0.000000	0.000078	0.000078	-0.000000	-0.000000	0.000078	101.100014	26.944645	0.000000	8.283676	0.000000	8.312452
2013	06	0.000000	0.000000	0.000079	0.000079	-0.000000	-0.000000	0.000079	93.089188	24.155527	0.000000	8.283673	0.000000	8.312450
2013	06	0.000000	0.000000	0.000079	0.000079	-0.000000	-0.000000	0.000079	98.549911	31.502274	0.000000	8.283670	0.000000	8.312448
2013	06	0.000000	0.000000	0.000080	0.000080	-0.000000	-0.000000	0.000080	120.478424	24.951302	0.000000	8.283668	0.000000	8.312445
2013	06	0.000000	0.000000	0.000080	0.000080	-0.000000	-0.000000	0.000080	97.055168	17.729488	0.000000	8.283666	0.000000	8.312442
2013	06	0.000000	0.000000	0.000080	0.000080	-0.000000	-0.000000	0.000080	107.810059	22.853930	0.000000	8.283663	0.000000	8.312439
2013	06	0.000000	0.000000	0.000080	0.000080	-0.000000	-0.000000	0.000080	103.468086	22.301212	0.000000	8.283660	0.000000	8.312436
2013	06	0.000000	0.000000	0.000081	0.000081	-0.000000	-0.000000	0.000081	110.843903	24.255993	0.000000	8.283657	0.000000	8.312434
2013	06	0.000000	0.000000	0.000081	0.000081	-0.000000	-0.000000	0.000081	108.994781	27.088377	0.000000	8.283655	0.000000	8.312431
2013	06	0.000000	0.000000	0.000081	0.000081	-0.000000	-0.000000	0.000081	118.618752	25.820370	0.000000	8.283652	0.000000	8.312428
2013	06	0.000000	0.000000	0.000081	0.000081	-0.000000	-0.000000	0.000081	119.406830	22.503666	0.000000	8.283649	0.000000	8.312426
2013	06	0.000000	0.000000	0.000081	0.000081	-0.000000	-0.000000	0.000081	115.923309	21.878853	0.000000	8.283647	0.000000	8.312423
2013	06	0.000000	0.000000	0.000081	0.000081	-0.000000	-0.000000	0.000081	123.629166	21.427496	0.000000	8.283644	0.000000	8.312420
2013	06	0.000000	0.000000	0.000081	0.000081	-0.000000	-0.000000	0.000081	123.321938	21.814713	0.000000	8.283642	0.000000	8.312417
2013	06	0.000000	0.000000	0.000081	0.000081	-0.000000	-0.000000	0.000081	121.948395	22.933640	0.000000	8.283639	0.000000	8.312414
2013	07	0.000000	0.000000	0.000084	0.000084	-0.000000	-0.000000	0.000084	109.795311	20.561197	0.000000	8.283636	0.000000	8.312411
2013	07	0.000000	0.000000	0.000084	0.000084	-0.000000	-0.000000	0.000084	99.945793	16.738216	0.000000	8.283633	0.000000	8.312409
2013	07	0.000000	0.000000	0.000084	0.000084	-0.000000	-0.000000	0.000084	100.074249	18.734280	0.000000	8.283631	0.000000	8.312407
2013	07	0.000000	0.000000	0.000085	0.000085	-0.000000	-0.000000	0.000085	80.450043	18.557674	0.000000	8.283628	0.000000	8.312404
2013	07	0.000000	0.000000	0.000085	0.000085	-0.000000	-0.000000	0.000085	112.575920	27.765076	0.000000	8.283626	0.000000	8.312401
2013	07	0.000000	0.000000	0.000085	0.000085	-0.000000	-0.000000	0.000085	107.251236	22.112932	0.000000	8.283623	0.000000	8.312398
2013	07	0.000000	0.000000	0.000086	0.000086	-0.000000	-0.000000	0.000086	105.977150	21.246384	0.000000	8.283620	0.000000	8.312395
2013	07	0.000000	0.000000	0.000086	0.000086	-0.000000	-0.000000	0.000086	98.361847	19.212528	0.000000	8.283617	0.000000	8.312392
2013	07	0.000000	0.000000	0.000086	0.000086	-0.000000	-0.000000	0.000086	111.404305	20.294489	0.000000	8.283615	0.000000	8.312389
2013	07	0.000000	0.000000	0.000087	0.000087	-0.000000	-0.000000	0.000087	111.482658	18.579988	0.000000	8.283612	0.000000	8.312387
2013	07	0.000000	0.000000	0.000087	0.000087	-0.000000	-0.000000	0.000087	101.200676	19.112419	0.000000	8.283609	0.000000	8.312384
2013	07	0.000000	0.000000	0.000088	0.000088	-0.000000	-0.000000	0.000088	93.925072	19.122761	0.000000	8.283607	0.000000	8.312381
2013	07	0.000000	0.000000	0.000088	0.000088	-0.000000	-0.000000	0.000088	93.934914	18.628344	0.000000	8.283604	0.000000	8.312378
2013	07	0.000000	0.000000	0.000089	0.000089	-0.000000	-0.000000	0.000089	94.224762	20.320202	0.000000	8.283601	0.000000	8.312375
2013	07	0.000000	0.000000	0.000089	0.000089	-0.000000	-0.000000	0.000089	102.588104	18.630863	0.000000	8.283598	0.000000	8.312372
2013	07	0.000000	0.000000	0.000090	0.000090	-0.000000	-0.000000	0.000090	108.087273	20.170153	0.000000	8.283595	0.000000	8.312369
2013	07	0.000000	0.000000	0.000090	0.000090	-0.000000	-0.000000	0.000090	106.431694	21.382591	0.000000	8.283592	0.000000	8.312366
2013	07	0.000000	0.000000	0.000090	0.000090	-0.000000	-0.000000	0.000090	102.618492	18.095535	0.000000	8.283589	0.000000	8.312364
2013	07	0.000000	0.000000	0.000090	0.000090	-0.000000	-0.000000	0.000090	103.782928	18.328604	0.000000	8.283587	0.000000	8.312360
2013	07	0.000000	0.000000	0.000091	0.000091	-0.000000	-0.000000	0.000091	107.352409	19.324480	0.000000	8.283584	0.000000	8.312357
2013	07	0.000000	0.000000	0.000091	0.000091	-0.000000	-0.000000	0.000091	90.785942	18.315544	0.000000	8.283581	0.000000	8.312354
2013	07	0.000000	0.000000	0.000091	0.000091	-0.000000	-0.000000	0.000091	100.608223	19.393103	0.000000	8.283578	0.000000	8.312351
2013	07	0.000000	0.000000	0.000091	0.000091	-0.000000	-0.000000	0.000091	96.736740	17.951454	0.000000	8.283575	0.000000	8.312348
2013	07	0.000000	0.000000	0.000092	0.000092	-0.000000	-0.000000	0.000092	89.493294	16.858030	0.000000	8.283572	0.000000	8.312346
2013	07	0.000000	0.000000	0.000092	0.000092	-0.000000	-0.000000	0.000092	82.299828	16.396744	0.000000	8.283569	0.000000	8.312343
2013	07	0.000000	0.000000	0.000092	0.000092	-0.000000	-0.000000	0.000092	90.423683	18.961456	0.000000	8.283566	0.000000	8.312339
2013	07	0.000000	0.000000	0.000093	0.000093	-0.000000	-0.000000	0.000093	88.231506	18.948387	0.000000	8.283564	0.000000	8.312336
2013	07	0.000000	0.000000	0.000093	0.000093	-0.000000	-0.000000	0.000093	83.932259	20.617311	0.000000	8.283561	0.000000	8.312333
2013	07	0.000000	0.000000	0.000093	0.000093	-0.000000	-0.000000	0.000093	70.525032	19.453505	0.000000	8.283558	0.000000	8.312330
2013	07	0.000000	0.000000	0.000094	0.000094	-0.000000	-0.000000	0.000094	89.079651	16.900034	0.000000	8.283554	0.000000	8.312327
2013	07	0.000000	0.000000	0.000094	0.000094	-0.000000	-0.000000	0.000094	98.119179	20.876118	0.000000	8.283551	0.000000	8.312324
2013	08	0.000000	0.000000	0.000094	0.000094	-0.000000	-0.000000	0.000094	95.106308	17.104753	0.000000	8.283548	0.000000	8.312321
2013	08	0.000000	0.000000	0.000094	0.000094	-0.000000	-0.000000	0.000094	95.326225	16.171114	0.000000	8.283545	0.000000	8.312318
2013	08	0.000000	0.000000	0.000094	0.000094	-0.000000	-0.000000	0.000094	94.401245	16.597960	0.000000	8.283543	0.000000	8.312315
2013	08	0.000000	0.000000	0.000095	0.000095	-0.000000	-0.000000	0.000095	96.832474	17.920465	0.000000	8.283540	0.000000	8.312311
2013	08	0.000000	0.000000	0.000095	0.000095	-0.000000	-0.000000	0.000095	89.224655	16.749031	0.000000	8.283537	0.000000	8.312308
2013	08	0.000000	0.000000	0.000095	0.000095	-0.000000	-0.000000	0.000095	95.096848	18.041779	0.000000	8.283534	0.000000	8.312305
2013	08	0.000000	0.000000	0.000096	0.000096	-0.000000	-0.000000	0.000096	87.775009	16.363110	0.000000	8.283530	0.000000	8.312303
2013	08	0.000000	0.000000	0.000096	0.000096	-0.000000	-0.000000	0.000096	81.118248	21.565844	0.000000	8.283527	0.000000	8.312299
2013	08	0.000000	0.000000	0.000096	0.000096	-0.000000	-0.000000	0.000096	94.993134	16.010197	0.000000	8.283525	0.000000	8.312296
2013	08	0.000000	0.000000	0.000096	0.000096	-0.000000	-0.000000	0.000096	95.386406	19.449411	0.000000	8.283522	0.000000	8.312293
2013	08	0.000000	0.000000	0.000096	0.000096	-0.000000	-0.000000	0.000096	88.922012	16.820206	0.000000	8.283519	0.000000	8.312289
2013	08	0.000000	0.000000	0.000096	0.000096	-0.000000	-0.000000	0.000096	86.593140	16.107016	0.000000	8.283515	0.000000	8.312286
2013	08	0.000000	0.000000	0.000096	0.000096	-0.000000	-0.000000	0.000096	81.500832	15.965350	0.000000	8.283512	0.000000	8.312284
2013	08	0.000000	0.000000	0.000096	0.000096	-0.000000	-0.000000	0.000096	78.962769	16.820959	0.000000	8.283509	0.000000	8.312280
2013	08	0.000000	0.000000	0.000097	0.000097	-0.000000	-0.000000	0.000097	86.725189	18.042297	0.000000	8.283506	0.000000	8.312277
2013	08	0.000000	0.000000	0.000097	0.000097	-0.000000	-0.000000	0.000097	90.024506	15.996300	0.000000	8.283504	0.000000	8.312274
2013	08	0.000000	0.000000	0.000097	0.000097	-0.000000	-0.000000	0.000097	86.308037	15.714391	0.000000	8.283500	0.000000	8.312270
2013	08	0.000000	0.000000	0.000097	0.000097	-0.000000	-0.000000	0.000097	86.115288	18.084923	0.000000	8.283497	0.000000	8.312267
2013	08	0.000000	0.000000	0.000097	0.000097	-0.000000	-0.000000	0.000097	85.046661	18.710197	0.000000	8.283494	0.000000	8.312264
2013	08	0.000000	0.000000	0.000097	0.000097	-0.000000	-0.000000	0.000097	78.833397	16.369091	0.000000	8.283491	0.000000	8.312261
2013	08	0.000000	0.000000	0.000097	0.000097	-0.000000	-0.000000	0.000097	90.691818	16.046659	0.000000	8.283488	0.000000	8.312258
2013	08	0.000000	0.000000	0.000097	0.000097	-0.000000	-0.000000	0.000097	87.935669	15.457975	0.000000	8.283484	0.000000	8.312255
2013	08	0.000000	0.000000	0.000097	0.000097	-0.000000	-0.000000	0.000097	79.816254	16.308241	0.000000	8.283482	0.000000	8.312251
2013	08	0.000000	0.000000	0.000097	0.000097	-0.000000	-0.000000	0.000097	70.764923	17.470839	0.000000	8.283479	0.000000	8.312248
2013	08	0.000000	0.000000	0.000097	0.000097	-0.000000	-0.000000	0.000097	56.343304	12.053219	0.000000	8.283476	0.000000	8.312245
2013	08	0.000000	0.000000	0.000097	0.000097	-0.000000	-0.000000	0.000097	78.471107	36.042027	0.000000	8.283473	0.000000	8.312242
2013	08	0.000000	0.000000	0.000097	0.000097	-0.000000	-0.000000	0.000097	48.186146	70.084633	0.000000	8.283469	0.000000	8.312239
2013	08	0.000000	0.000000	0.000096	0.000096	-0.000000	-0.000000	0.000096	34.355350	42.192398	0.000000	8.283466	0.000000	8.312236
2013	08	0.000000	0.000000	0.000096	0.000096	-0.000000	-0.000000	0.000096	33.045860	61.042885	0.000000	8.283463	0.000000	8.312232
2013	08	0.000000	0.000000	0.000095	0.000095	-0.000000	-0.000000	0.000095	29.660686	42.295860	0.000000	8.283461	0.000000	8.312229
2013	08	0.000000	0.000000	0.000095	0.000095	-0.000000	-0.000000	0.000095	33.392841	34.151722	0.000000	8.283458	0.000000	8.312226
2013	09	0.000000	0.000000	0.000091	0.000091	-0.000000	-0.000000	0.000091	64.184753	35.128578	0.000000	8.283454	0.000000	8.312223
2013	09	0.000000	0.000000	0.000091	0.000091	-0.000000	-0.000000	0.000091	82.022194	26.243603	0.000000	8.283451	0.000000	8.312220
2013	09	0.000000	0.000000	0.000091	0.000091	-0.000000	-0.000000	0.000091	86.333542	22.371061	0.000000	8.283448	0.000000	8.312217
2013	09	0.000000	0.000000	0.000091	0.000091	-0.000000	-0.000000	0.000091	82.585388	19.607630	0.000000	8.283445	0.000000	8.312214
2013	09	0.000000	0.000000	0.000090	0.000090	-0.000000	-0.000000	0.000090	68.007172	18.420994	0.000000	8.283442	0.000000	8.312211
2013	09	0.000000	0.000000	0.000090	0.000090	-0.000000	-0.000000	0.000090	53.373806	13.154973	0.000000	8.283440	0.000000	8.312208
2013	09	0.000000	0.000000	0.000090	0.000090	-0.000000	-0.000000	0.000090	73.517517	18.730345	0.000000	8.283437	0.000000	8.312204
2013	09	0.000000	0.000000	0.000090	0.000090	-0.000000	-0.000000	0.000090	28.841000	20.666666	0.000000	8.283434	0.000000	8.312201
2013	09	0.000000	0.000000	0.000090	0.000090	-0.000000	-0.000000	0.000090	43.913479	43.538086	0.000000	8.283431	0.000000	8.312199
2013	09	0.000000	0.000000	0.000090	0.000090	-0.000000	-0.000000	0.000090	57.090530	57.505756	0.000000	8.283428	0.000000	8.312196
2013	09	0.000000	0.000000	0.000090	0.000090	-0.000000	-0.000000	0.000090	56.930481	62.037872	0.000000	8.283425	0.000000	8.312193
2013	09	0.000000	0.000000	0.000089	0.000089	-0.000000	-0.000000	0.000089	64.975464	58.034180	0.000000	8.283422	0.000000	8.312189
2013	09	0.000000	0.000000	0.000089	0.000089	-0.000000	-0.000000	0.000089	56.865208	49.825863	0.000000	8.283419	0.000000	8.312186
2013	09	0.000000	0.000000	0.000088	0.000088	-0.000000	-0.000000	0.000088	59.280819	38.236599	0.000000	8.283416	0.000000	8.312183
2013	09	0.000000	0.000000	0.000088	0.000088	-0.000000	-0.000000	0.000088	59.869591	28.988373	0.000000	8.283413	0.000000	8.312181
2013	09	0.000000	0.000000	0.000088	0.000088	-0.000000	-0.000000	0.000088	36.475929	18.919506	0.000000	8.283410	0.000000	8.312178
2013	09	0.000000	0.000000	0.000088	0.000088	-0.000000	-0.000000	0.000088	52.613655	28.352818	0.000000	8.283407	0.000000	8.312175
2013	09	0.000000	0.000000	0.000088	0.000088	-0.000000	-0.000000	0.000088	30.480457	28.640036	0.000000	8.283404	0.000000	8.312171
2013	09	0.000000	0.000000	0.000088	0.000088	-0.000000	-0.000000	0.000088	47.736301	36.393204	0.000000	8.283401	0.000000	8.312168
2013	09	0.000000	0.000000	0.000088	0.000088	-0.000000	-0.000000	0.000088	59.058186	29.807287	0.000000	8.283399	0.000000	8.312165
2013	09	0.000000	0.000000	0.000088	0.000088	-0.000000	-0.000000	0.000088	58.443886	27.141109	0.000000	8.283396	0.000000	8.312162
2013	09	0.000000	0.000000	0.000087	0.000087	-0.000000	-0.000000	0.000087	63.359074	27.085238	0.000000	8.283393	0.000000	8.312160
2013	09	0.000000	0.000000	0.000087	0.000087	-0.000000	-0.000000	0.000087	50.134541	22.228695	0.000000	8.283390	0.000000	8.312157
2013	09	0.000000	0.000000	0.000087	0.000087	-0.000000	-0.000000	0.000087	28.545763	28.859434	0.000000	8.283387	0.000000	8.312154
2013	09	0.000000	0.000000	0.000087	0.000087	-0.000000	-0.000000	0.000087	52.413082	28.642633	0.000000	8.283384	0.000000	8.312151
2013	09	0.000000	0.000000	0.000086	0.000086	-0.000000	-0.000000	0.000086	51.461304	23.281841	0.000000	8.283381	0.000000	8.312148
2013	09	0.000000	0.000000	0.000086	0.000086	-0.000000	-0.000000	0.000086	50.891930	25.800926	0.000000	8.283379	0.000000	8.312145
2013	09	0.000000	0.000000	0.000086	0.000086	-0.000000	-0.000000	0.000086	48.572792	18.899485	0.000000	8.283376	0.000000	8.312141
2013	09	0.000000	0.000000	0.000086	0.000086	-0.000000	-0.000000	0.000086	52.192112	22.698612	0.000000	8.283373	0.000000	8.312139
2013	09	0.000000	0.000000	0.000086	0.000086	-0.000000	-0.000000	0.000086	50.604214	19.855085	0.000000	8.283371	0.000000	8.312136
2013	10	0.000000	0.000000	0.000089	0.000089	-0.000000	-0.000000	0.000089	40.936611	17.019342	0.000000	8.283368	0.000000	8.312133
2013	10	0.000000	0.000000	0.000088	0.000088	-0.000000	-0.000000	0.000088	52.755390	19.049973	0.000000	8.283365	0.000000	8.312130
2013	10	0.000000	0.000000	0.000088	0.000088	-0.000000	-0.000000	0.000088	48.113773	16.833796	0.000000	8.283362	0.000000	8.312127
2013	10	0.000000	0.000000	0.000088	0.000088	-0.000000	-0.000000	0.000088	57.435440	17.818769	0.000000	8.283360	0.000000	8.312124
2013	10	0.000000	0.000000	0.000088	0.000088	-0.000000	-0.000000	0.000088	42.043354	21.253155	0.000000	8.283357	0.000000	8.312121
2013	10	0.000000	0.000000	0.000088	0.000088	-0.000000	-0.000000	0.000088	58.627800	31.533657	0.000000	8.283354	0.000000	8.312119
2013	10	0.000000	0.000000	0.000088	0.000088	-0.000000	-0.000000	0.000088	64.545052	42.086479	0.000000	8.283351	0.000000	8.312116
2013	10	0.000000	0.000000	0.000088	0.000088	-0.000000	-0.000000	0.000088	59.858204	33.684608	0.000000	8.283348	0.000000	8.312113
2013	10	0.000000	0.000000	0.000088	0.000088	-0.000000	-0.000000	0.000088	61.438438	28.717594	0.000000	8.283345	0.000000	8.312110
2013	10	0.000000	0.000000	0.000087	0.000087	-0.000000	-0.000000	0.000087	59.354576	23.319727	0.000000	8.283342	0.000000	8.312107
2013	10	0.000000	0.000000	0.000087	0.000087	-0.000000	-0.000000	0.000087	54.658646	16.770237	0.000000	8.283340	0.000000	8.312104
2013	10	0.000000	0.000000	0.000086	0.000086	-0.000000	-0.000000	0.000086	41.466896	17.961727	0.000000	8.283338	0.000000	8.312101
2013	10	0.000000	0.000000	0.000086	0.000086	-0.000000	-0.000000	0.000086	51.376175	30.527952	0.000000	8.283335	0.000000	8.312099
2013	10	0.000000	0.000000	0.000085	0.000085	-0.000000	-0.000000	0.000085	47.306282	27.917820	0.000000	8.283332	0.000000	8.312096
2013	10	0.000000	0.000000	0.000085	0.000085	-0.000000	-0.000000	0.000085	46.764156	21.060808	0.000000	8.283329	0.000000	8.312093
2013	10	0.000000	0.000000	0.000085	0.000085	-0.000000	-0.000000	0.000085	39.369114	19.866045	0.000000	8.283326	0.000000	8.312090
2013	10	0.000000	0.000000	0.000084	0.000084	-0.000000	-0.000000	0.000084	36.289745	20.036570	0.000000	8.283323	0.000000	8.312087
2013	10	0.000000	0.000000	0.000084	0.000084	-0.000000	-0.000000	0.000084	43.238998	22.572424	0.000000	8.283321	0.000000	8.312084
2013	10	0.000000	0.000000	0.000084	0.000084	-0.000000	-0.000000	0.000084	38.860798	17.360863	0.000000	8.283319	0.000000	8.312081
2013	10	0.000000	0.000000	0.000084	0.000084	-0.000000	-0.000000	0.000084	37.637695	15.131112	0.000000	8.283316	0.000000	8.312079
2013	10	0.000000	0.000000	0.000084	0.000084	-0.000000	-0.000000	0.000084	32.665794	16.806433	0.000000	8.283313	0.000000	8.312077
2013	10	0.000000	0.000000	0.000083	0.000083	-0.000000	-0.000000	0.000083	24.619904	20.243534	0.000000	8.283310	0.000000	8.312074
2013	10	0.000000	0.000000	0.000083	0.000083	-0.000000	-0.000000	0.000083	10.658013	16.815639	0.000000	8.283308	0.000000	8.312071
2013	10	0.000000	0.000000	0.000083	0.000083	-0.000000	-0.000000	0.000083	38.765079	16.818584	0.000000	8.283305	0.000000	8.312068
2013	10	0.000000	0.000000	0.000083	0.000083	-0.000000	-0.000000	0.000083	35.861485	15.791405	0.000000	8.283302	0.000000	8.312065
2013	10	0.000000	0.000000	0.000082	0.000082	-0.000000	-0.000000	0.000082	27.771971	15.936390	0.000000	8.283299	0.000000	8.312062
2013	10	0.000000	0.000000	0.000082	0.000082	-0.000000	-0.000000	0.000082	32.998714	15.505499	0.000000	8.283298	0.000000	8.312059
2013	10	0.000000	0.000000	0.000082	0.000082	-0.000000	-0.000000	0.000082	34.277718	17.328568	0.000000	8.283295	0.000000	8.312057
2013	10	0.000000	0.000000	0.000082	0.000082	-0.000000	-0.000000	0.000082	27.703760	13.322793	0.000000	8.283292	0.000000	8.312055
2013	10	0.000000	0.000000	0.000081	0.000081	-0.000000	-0.000000	0.000081	23.632275	17.229481	0.000000	8.283290	0.000000	8.312052
2013	10	0.000000	0.000000	0.000081	0.000081	-0.000000	-0.000000	0.000081	30.023369	31.562868	0.000000	8.283287	0.000000	8.312049
2013	11	0.000000	0.000000	0.000078	0.000078	-0.000000	-0.000000	0.000078	30.354788	27.026394	0.000000	8.283284	0.000000	8.312046
2013	11	0.000000	0.000000	0.000077	0.000077	-0.000000	-0.000000	0.000077	26.307384	22.869820	0.000000	8.283282	0.000000	8.312044
2013	11	0.000000	0.000000	0.000076	0.000076	-0.000000	-0.000000	0.000076	16.828192	18.218409	0.000000	8.283279	0.000000	8.312041
2013	11	0.000000	0.000000	0.000076	0.000076	-0.000000	-0.000000	0.000076	15.985536	18.378960	0.000000	8.283277	0.000000	8.312038
2013	11	0.000000	0.000000	0.000075	0.000075	-0.000000	-0.000000	0.000075	17.336157	36.042679	0.000000	8.283275	0.000000	8.312037
2013	11	0.000000	0.000000	0.000075	0.000075	-0.000000	-0.000000	0.000075	13.833730	23.178726	0.000000	8.283272	0.000000	8.312034
2013	11	0.000000	0.000000	0.000075	0.000075	-0.000000	-0.000000	0.000075	20.951708	15.176572	0.000000	8.283270	0.000000	8.312031
2013	11	0.000000	0.000000	0.000074	0.000074	-0.000000	-0.000000	0.000074	19.254040	17.170822	0.000000	8.283267	0.000000	8.312029
2013	11	0.000000	0.000000	0.000074	0.000074	-0.000000	-0.000000	0.000074	15.253146	21.036442	0.000000	8.283264	0.000000	8.312026
2013	11	0.000000	0.000000	0.000074	0.000074	-0.000000	-0.000000	0.000074	19.216597	17.752785	0.000000	8.283262	0.000000	8.312023
2013	11	0.000000	0.000000	0.000074	0.000074	-0.000000	-0.000000	0.000074	12.197472	19.154123	0.000000	8.283259	0.000000	8.312021
2013	11	0.000000	0.000000	0.000073	0.000073	-0.000000	-0.000000	0.000073	16.867165	14.101740	0.000000	8.283257	0.000000	8.312018
2013	11	0.000000	0.000000	0.000073	0.000073	-0.000000	-0.000000	0.000073	23.924643	15.838285	0.000000	8.283255	0.000000	8.312016
2013	11	0.000000	0.000000	0.000073	0.000073	-0.000000	-0.000000	0.000073	13.856960	18.064014	0.000000	8.283253	0.000000	8.312014
2013	11	0.000000	0.000000	0.000072	0.000072	-0.000000	-0.000000	0.000072	21.756489	25.153919	0.000000	8.283250	0.000000	8.312011
2013	11	0.000000	0.000000	0.000072	0.000072	-0.000000	-0.000000	0.000072	25.185308	21.573505	0.000000	8.283248	0.000000	8.312009
2013	11	0.000000	0.000000	0.000071	0.000071	-0.000000	-0.000000	0.000071	16.510872	18.960264	0.000000	8.283245	0.000000	8.312006
2013	11	0.000000	0.000000	0.000071	0.000071	-0.000000	-0.000000	0.000071	9.119123	21.053335	0.000000	8.283243	0.000000	8.312003
2013	11	0.000000	0.000000	0.000070	0.000070	-0.000000	-0.000000	0.000070	11.251678	28.193218	0.000000	8.283241	0.000000	8.312001
2013	11	0.000000	0.000000	0.000070	0.000070	-0.000000	-0.000000	0.000070	17.725578	20.096485	0.000000	8.283238	0.000000	8.311998
2013	11	0.000000	0.000000	0.000069	0.000069	-0.000000	-0.000000	0.000069	24.916809	22.671059	0.000000	8.283237	0.000000	8.311996
2013	11	0.000000	0.000000	0.000069	0.000069	-0.000000	-0.000000	0.000069	14.787087	24.511843	0.000000	8.283234	0.000000	8.311995
2013	11	0.000000	0.000000	0.000068	0.000068	-0.000000	-0.000000	0.000068	16.615694	20.389563	0.000000	8.283232	0.000000	8.311992
2013	11	0.000000	0.000000	0.000068	0.000068	-0.000000	-0.000000	0.000068	17.167925	12.579934	0.000000	8.283230	0.000000	8.311990
2013	11	0.000000	0.000000	0.000067	0.000067	-0.000000	-0.000000	0.000067	22.365072	12.747287	0.000000	8.283227	0.000000	8.311987
2013	11	0.000000	0.000000	0.000066	0.000066	-0.000000	-0.000000	0.000066	15.233406	14.528904	0.000000	8.283225	0.000000	8.311985
2013	11	0.000000	0.000000	0.000066	0.000066	-0.000000	-0.000000	0.000066	19.754345	18.897900	0.000000	8.283223	0.000000	8.311982
2013	11	0.000000	0.000000	0.000065	0.000065	-0.000000	-0.000000	0.000065	11.964517	12.239111	0.000000	8.283221	0.000000	8.311980
2013	11	0.000000	0.000000	0.000065	0.000065	-0.000000	-0.000000	0.000065	7.174251	18.226265	0.000000	8.283218	0.000000	8.311978
2013	11	0.000000	0.000000	0.000064	0.000064	-0.000000	-0.000000	0.000064	15.573778	18.500490	0.000000	8.283216	0.000000	8.311975
2013	12	0.000000	0.000000	0.000066	0.000066	-0.000000	-0.000000	0.000066	9.256817	11.386223	0.000000	8.283215	0.000000	8.311974
2013	12	0.000000	0.000000	0.000066	0.000066	-0.000000	-0.000000	0.000066	17.585663	27.102499	0.000000	8.283213	0.000000	8.311972
2013	12	0.000000	0.000000	0.000065	0.000065	-0.000000	-0.000000	0.000065	10.981674	19.989635	0.000000	8.283211	0.000000	8.311970
2013	12	0.000000	0.000000	0.000065	0.000065	-0.000000	-0.000000	0.000065	15.600753	15.636862	0.000000	8.283208	0.000000	8.311967
2013	12	0.000000	0.000000	0.000065	0.000065	-0.000000	-0.000000	0.000065	15.432494	17.366949	0.000000	8.283206	0.000000	8.311965
2013	12	0.000000	0.000000	0.000064	0.000064	-0.000000	-0.000000	0.000064	18.366779	19.444536	0.000000	8.283204	0.000000	8.311963
2013	12	0.000000	0.000000	0.000064	0.000064	-0.000000	-0.000000	0.000064	17.839197	21.060270	0.000000	8.283202	0.000000	8.311961
2013	12	0.000000	0.000000	0.000064	0.000064	-0.000000	-0.000000	0.000064	10.871357	17.201939	0.000000	8.283200	0.000000	8.311958
2013	12	0.000000	0.000000	0.000064	0.000064	-0.000000	-0.000000	0.000064	0.309514	20.383274	0.000000	8.283198	0.000000	8.311956
2013	12	0.000000	0.000000	0.000064	0.000064	-0.000000	-0.000000	0.000064	8.635070	14.274721	0.000000	8.283196	0.000000	8.311954
2013	12	0.000000	0.000000	0.000064	0.000064	-0.000000	-0.000000	0.000064	10.440798	12.088665	0.000000	8.283194	0.000000	8.311953
2013	12	0.000000	0.000000	0.000064	0.000064	-0.000000	-0.000000	0.000064	10.789609	13.786736	0.000000	8.283192	0.000000	8.311951
2013	12	0.000000	0.000000	0.000064	0.000064	-0.000000	-0.000000	0.000064	8.106527	13.778104	0.000000	8.283190	0.000000	8.311948
2013	12	0.000000	0.000000	0.000064	0.000064	-0.000000	-0.000000	0.000064	6.504309	8.626994	0.000000	8.283188	0.000000	8.311946
2013	12	0.000000	0.000000	0.000064	0.000064	-0.000000	-0.000000	0.000064	8.446713	18.917233	0.000000	8.283186	0.000000	8.311944
2013	12	0.000000	0.000000	0.000064	0.000064	-0.000000	-0.000000	0.000064	9.797928	18.416698	0.000000	8.283184	0.000000	8.311942
2013	12	0.000000	0.000000	0.000064	0.000064	-0.000000	-0.000000	0.000064	10.509325	14.854917	0.000000	8.283182	0.000000	8.311939
2013	12	0.000000	0.000000	0.000064	0.000064	-0.000000	-0.000000	0.000064	7.464581	10.233524	0.000000	8.283180	0.000000	8.311937
2013	12	0.000000	0.000000	0.000064	0.000064	-0.000000	-0.000000	0.000064	12.304073	14.321236	0.000000	8.283177	0.000000	8.311935
2013	12	0.000000	0.000000	0.000064	0.000064	-0.000000	-0.000000	0.000064	11.882889	26.310299	0.000000	8.283175	0.000000	8.311934
2013	12	0.000000	0.000000	0.000064	0.000064	-0.000000	-0.000000	0.000064	15.681456	17.431890	0.000000	8.283174	0.000000	8.311932
2013	12	0.000000	0.000000	0.000064	0.000064	-0.000000	-0.000000	0.000064	7.335226	10.821241	0.000000	8.283172	0.000000	8.311929
2013	12	0.000000	0.000000	0.000064	0.000064	-0.000000	-0.000000	0.000064	14.650100	11.763896	0.000000	8.283170	0.000000	8.311927
2013	12	0.000000	0.000000	0.000064	0.000064	-0.000000	-0.000000	0.000064	18.127945	8.230898	0.000000	8.283168	0.000000	8.311925
2013	12	0.000000	0.000000	0.000064	0.000064	-0.000000	-0.000000	0.000064	7.431436	10.925132	0.000000	8.283166	0.000000	8.311923
2013	12	0.000000	0.000000	0.000064	0.000064	-0.000000	-0.000000	0.000064	-6.055594	20.850342	0.000000	8.283164	0.000000	8.311921
2013	12	0.000000	0.000000	0.000064	0.000064	-0.000000	-0.000000	0.000064	15.170582	19.926498	0.000000	8.283161	0.000000	8.311918
2013	12	0.000000	0.000000	0.000064	0.000064	-0.000000	-0.000000	0.000064	14.383188	12.377213	0.000000	8.283159	0.000000	8.311916
2013	12	0.000000	0.000000	0.000064	0.000064	-0.000000	-0.000000	0.000064	10.898553	13.516324	0.000000	8.283157	0.000000	8.311914
2013	12	0.000000	0.000000	0.000064	0.000064	-0.000000	-0.000000	0.000064	20.826475	15.416919	0.000000	8.283155	0.000000	8.311913
2013	12	0.000000	0.000000	0.000064	0.000064	-0.000000	-0.000000	0.000064	24.874912	11.135135	0.000000	8.283154	0.000000	8.311910
