# Monthly output values extracted from ELM simulation
# Source file: tmpncdtjzbn.nc
# Years: 2003 - 2013
#
# Variables:
#   GPP: gross primary production (monthly sum, gC/m2/month)
#   NPP: net primary production (monthly sum, gC/m2/month)
#   ER: total ecosystem respiration, autotrophic + heterotrophic (monthly sum, gC/m2/month)
#   NEE: net ecosystem exchange of carbon, includes fire, landuse, harvest, and hrv_xsmrpool flux, positive for source (monthly sum, gC/m2/month)
#   NBP: net biome production, includes fire, landuse, and harvest flux, positive for sink (monthly mean, gC/m^2/s)
#   NEP: net ecosystem production, excludes fire, landuse, and harvest flux, positive for sink (monthly mean, gC/m^2/s)
#   HR: total heterotrophic respiration (monthly sum, gC/m2/month)
#   FSH: sensible heat (monthly mean, W/m^2)
#   EFLX_LH_TOT: total latent heat flux [+ to atm] (monthly mean, W/m^2)
#   FPSN: photosynthesis (mean daily flux, umol/m2/day)
#   TOTSOMC: total soil organic matter carbon (monthly mean, gC/m^2)
#   TOTVEGC: total vegetation carbon, excluding cpool (monthly mean, gC/m^2)
#   TOTECOSYSC: total ecosystem carbon, incl veg but excl cpool but excl product pools (monthly mean, gC/m^2)
#
Year	Month	GPP	NPP	ER	NEE	NBP	NEP	HR	FSH	EFLX_LH_TOT	FPSN	TOTSOMC	TOTVEGC	TOTECOSYSC
2003	01	0.000000	-2.087192	2.216345	2.216345	-0.000001	-0.000001	0.129154	-4.308020	-0.311728	0.000000	63360.292969	835.440796	64895.765625
2003	01	0.000000	-1.834437	1.960752	1.960752	-0.000001	-0.000001	0.126315	-9.248199	-0.686985	0.000000	63360.292969	835.317566	64895.683594
2003	01	0.000000	-2.264895	2.388257	2.388257	-0.000001	-0.000001	0.123362	-4.484125	-1.734436	0.000000	63360.296875	835.192993	64895.597656
2003	01	0.000000	-1.898844	2.019109	2.019109	-0.000001	-0.000001	0.120265	-6.314837	-1.765414	0.000000	63360.296875	835.060547	64895.507812
2003	01	0.000000	-2.043908	2.161741	2.161741	-0.000001	-0.000001	0.117833	1.335277	-1.196304	0.000000	63360.296875	834.942139	64895.433594
2003	01	0.000000	-2.290984	2.404139	2.404139	-0.000001	-0.000001	0.113154	6.176447	-1.285672	0.000000	63360.296875	834.811096	64895.343750
2003	01	0.000000	-1.830207	1.938101	1.938101	-0.000001	-0.000001	0.107895	1.476048	-0.937358	0.000000	63360.296875	834.685669	64895.261719
2003	01	0.000000	-1.752001	1.854550	1.854550	-0.000001	-0.000001	0.102549	9.274613	-1.012682	0.000000	63360.300781	834.570618	64895.187500
2003	01	0.000000	-1.699621	1.795436	1.795436	-0.000001	-0.000001	0.095815	6.322526	-1.239317	0.000000	63360.300781	834.457458	64895.117188
2003	01	0.000000	-1.498060	1.580258	1.580258	-0.000001	-0.000001	0.082198	3.180838	-0.798406	0.000000	63360.300781	834.346985	64895.050781
2003	01	0.000000	-1.603317	1.653873	1.653873	-0.000001	-0.000001	0.050556	13.305239	-0.434651	0.000000	63360.300781	834.244385	64894.988281
2003	01	0.000000	-2.660047	2.694492	2.694492	-0.000001	-0.000001	0.034446	-1.806108	-3.660335	0.000000	63360.300781	834.116455	64894.906250
2003	01	0.000000	-2.544470	2.573526	2.573526	-0.000001	-0.000001	0.029056	-0.862907	-1.901677	0.000000	63360.300781	833.974915	64894.808594
2003	01	0.000000	-2.061306	2.088425	2.088425	-0.000001	-0.000001	0.027119	-0.378973	-2.275705	0.000000	63360.300781	833.843689	64894.722656
2003	01	0.000000	-1.620036	1.646348	1.646348	-0.000001	-0.000001	0.026313	4.347961	-1.160896	0.000000	63360.300781	833.729065	64894.652344
2003	01	0.000000	-1.054281	1.079967	1.079967	-0.000000	-0.000000	0.025686	17.543276	-0.274902	0.000000	63360.300781	833.632141	64894.601562
2003	01	0.000000	-1.001563	1.025902	1.025902	-0.000000	-0.000000	0.024339	18.571531	-0.184808	0.000000	63360.300781	833.543945	64894.558594
2003	01	0.000000	-1.943448	1.963645	1.963645	-0.000001	-0.000001	0.020197	11.301934	-0.342053	0.000000	63360.300781	833.443665	64894.503906
2003	01	0.000000	-2.150712	2.166258	2.166258	-0.000001	-0.000001	0.015546	9.604215	-1.067904	0.000000	63360.300781	833.320496	64894.425781
2003	01	0.000000	-1.903650	1.916949	1.916949	-0.000001	-0.000001	0.013299	9.124779	-0.972689	0.000000	63360.300781	833.201355	64894.351562
2003	01	0.000000	-1.569236	1.581218	1.581218	-0.000001	-0.000001	0.011982	8.515709	-0.630948	0.000000	63360.300781	833.090637	64894.285156
2003	01	0.000000	-1.747952	1.758681	1.758681	-0.000001	-0.000001	0.010729	8.426621	0.136176	0.000000	63360.300781	832.985413	64894.226562
2003	01	0.000000	-2.414264	2.423501	2.423501	-0.000001	-0.000001	0.009237	-5.432403	-1.100924	0.000000	63360.300781	832.867249	64894.152344
2003	01	0.000000	-2.732931	2.740590	2.740590	-0.000001	-0.000001	0.007658	2.744280	-0.797205	0.000000	63360.300781	832.728333	64894.058594
2003	01	0.000000	-2.845291	2.851719	2.851719	-0.000001	-0.000001	0.006428	-0.510225	-1.290533	0.000000	63360.300781	832.585449	64893.960938
2003	01	0.000000	-2.630778	2.636449	2.636449	-0.000001	-0.000001	0.005671	-0.502600	-1.670730	0.000000	63360.296875	832.445312	64893.867188
2003	01	0.000000	-2.579734	2.584913	2.584913	-0.000001	-0.000001	0.005180	1.346306	-1.469049	0.000000	63360.296875	832.308105	64893.773438
2003	01	0.000000	-2.153381	2.158165	2.158165	-0.000001	-0.000001	0.004783	4.890119	-1.310881	0.000000	63360.296875	832.180054	64893.691406
2003	01	0.000000	-1.656438	1.660801	1.660801	-0.000001	-0.000001	0.004362	-0.197340	-0.950565	0.000000	63360.296875	832.069763	64893.628906
2003	01	0.000000	-1.789753	1.793742	1.793742	-0.000001	-0.000001	0.003989	7.841377	-1.574598	0.000000	63360.296875	831.960022	64893.562500
2003	01	0.000000	-1.324726	1.328368	1.328368	-0.000000	-0.000000	0.003642	2.627015	-0.825474	0.000000	63360.296875	831.858337	64893.507812
2003	02	0.000000	-1.007748	1.010653	1.010653	-0.000000	-0.000000	0.002904	11.057559	-0.283596	0.000000	63360.296875	831.770447	64893.464844
2003	02	0.000000	-1.391568	1.393982	1.393982	-0.000001	-0.000001	0.002415	-10.560874	-0.881070	0.000000	63360.296875	831.674561	64893.414062
2003	02	0.000000	-1.314556	1.316357	1.316357	-0.000001	-0.000001	0.001802	-5.248250	-0.571848	0.000000	63360.296875	831.576172	64893.359375
2003	02	0.000000	-1.358219	1.359442	1.359442	-0.000001	-0.000001	0.001223	-6.236069	-0.845198	0.000000	63360.296875	831.475891	64893.304688
2003	02	0.000000	-1.580894	1.581909	1.581909	-0.000001	-0.000001	0.001015	0.502145	-0.779775	0.000000	63360.296875	831.374573	64893.250000
2003	02	0.000000	-1.357359	1.358199	1.358199	-0.000001	-0.000001	0.000840	-7.298919	-0.775412	0.000000	63360.296875	831.269531	64893.191406
2003	02	0.000000	-1.417315	1.417978	1.417978	-0.000001	-0.000001	0.000664	-0.669923	-0.333003	0.000000	63360.296875	831.171204	64893.136719
2003	02	0.000000	-1.262874	1.263364	1.263364	-0.000001	-0.000001	0.000489	5.495530	-0.375650	0.000000	63360.296875	831.072449	64893.085938
2003	02	0.000000	-1.156910	1.157226	1.157226	-0.000000	-0.000000	0.000317	8.945734	-0.238629	0.000000	63360.296875	830.981812	64893.039062
2003	02	0.000000	-1.519082	1.519226	1.519226	-0.000001	-0.000001	0.000143	2.077071	-0.406902	0.000000	63360.296875	830.884033	64892.988281
2003	02	0.000000	-1.625437	1.625446	1.625446	-0.000001	-0.000001	0.000009	-9.751451	-1.080889	0.000000	63360.296875	830.774780	64892.925781
2003	02	0.000000	-1.239400	1.239400	1.239400	-0.000001	-0.000001	0.000000	-6.723754	-0.364731	0.000000	63360.296875	830.675659	64892.871094
2003	02	0.000000	-1.369100	1.369100	1.369100	-0.000001	-0.000001	0.000000	6.867290	-0.324145	0.000000	63360.296875	830.582214	64892.824219
2003	02	0.000000	-1.416049	1.416049	1.416049	-0.000001	-0.000001	0.000000	0.497031	-0.703202	0.000000	63360.296875	830.482239	64892.769531
2003	02	0.000000	-1.944322	1.944322	1.944322	-0.000001	-0.000001	0.000000	-2.307985	-0.499709	0.000000	63360.296875	830.372742	64892.703125
2003	02	0.000000	-1.567137	1.567137	1.567137	-0.000001	-0.000001	0.000000	-5.556653	-1.386356	0.000000	63360.296875	830.257324	64892.632812
2003	02	0.000000	-2.047100	2.047100	2.047100	-0.000001	-0.000001	0.000000	-6.613810	-1.121240	0.000000	63360.296875	830.147217	64892.570312
2003	02	0.000000	-1.855581	1.855581	1.855581	-0.000001	-0.000001	0.000000	-7.264431	-1.171321	0.000000	63360.296875	830.027893	64892.496094
2003	02	0.000000	-1.784389	1.784389	1.784389	-0.000001	-0.000001	0.000000	-6.133224	-0.751441	0.000000	63360.296875	829.913818	64892.425781
2003	02	0.000000	-1.496093	1.496093	1.496093	-0.000001	-0.000001	0.000000	-4.725906	-0.473033	0.000000	63360.296875	829.807678	64892.367188
2003	02	0.000000	-1.162691	1.162691	1.162691	-0.000000	-0.000000	0.000000	-2.962883	-0.393236	0.000000	63360.296875	829.713928	64892.316406
2003	02	0.000000	-1.078902	1.078902	1.078902	-0.000000	-0.000000	0.000000	-2.979405	-0.435467	0.000000	63360.296875	829.624817	64892.273438
2003	02	0.000000	-1.184601	1.184601	1.184601	-0.000000	-0.000000	0.000000	-4.557770	-0.294285	0.000000	63360.296875	829.535278	64892.230469
2003	02	0.000000	-1.104779	1.104779	1.104779	-0.000000	-0.000000	0.000000	2.536461	-0.213442	0.000000	63360.296875	829.447632	64892.187500
2003	02	0.000000	-1.279831	1.279831	1.279831	-0.000001	-0.000001	0.000000	-10.984911	-0.589311	0.000000	63360.296875	829.356445	64892.140625
2003	02	0.000000	-1.510410	1.510410	1.510410	-0.000001	-0.000001	0.000000	-8.629073	-0.693444	0.000000	63360.296875	829.258179	64892.089844
2003	02	0.000000	-1.559507	1.559507	1.559507	-0.000001	-0.000001	0.000000	-6.095944	-0.581332	0.000000	63360.296875	829.156555	64892.035156
2003	02	0.000000	-1.338873	1.338873	1.338873	-0.000001	-0.000001	0.000000	-0.862385	-0.465694	0.000000	63360.296875	829.055908	64891.976562
2003	03	0.000000	-1.191956	1.191956	1.191956	-0.000000	-0.000000	0.000000	7.616712	-0.288301	0.000000	63360.296875	828.965332	64891.933594
2003	03	0.000000	-1.795258	1.795258	1.795258	-0.000001	-0.000001	0.000000	-1.671405	-0.781254	0.000000	63360.296875	828.873596	64891.886719
2003	03	0.000000	-2.816310	2.816310	2.816310	-0.000001	-0.000001	0.000000	-12.802489	-4.950488	0.000000	63360.296875	828.746338	64891.804688
2003	03	0.000000	-2.347129	2.347129	2.347129	-0.000001	-0.000001	0.000000	-7.444951	-1.988533	0.000000	63360.296875	828.616272	64891.718750
2003	03	0.000000	-2.608531	2.608531	2.608531	-0.000001	-0.000001	0.000000	-8.217702	-1.739518	0.000000	63360.296875	828.488098	64891.636719
2003	03	0.000000	-2.895548	2.895548	2.895548	-0.000001	-0.000001	0.000000	-8.790909	-2.527985	0.000000	63360.296875	828.357422	64891.550781
2003	03	0.000000	-3.103188	3.103188	3.103188	-0.000001	-0.000001	0.000000	-14.771379	-5.324876	0.000000	63360.296875	828.207153	64891.449219
2003	03	0.000000	-1.780287	1.780287	1.780287	-0.000001	-0.000001	0.000000	2.163720	-0.849875	0.000000	63360.296875	828.082642	64891.367188
2003	03	0.000000	-2.198549	2.198549	2.198549	-0.000001	-0.000001	0.000000	-0.998992	-0.400937	0.000000	63360.296875	827.975037	64891.304688
2003	03	0.000000	-2.473285	2.473285	2.473285	-0.000001	-0.000001	0.000000	-9.769655	-3.039549	0.000000	63360.296875	827.849182	64891.226562
2003	03	0.000000	-1.667621	1.667621	1.667621	-0.000001	-0.000001	0.000000	4.868746	-0.837283	0.000000	63360.296875	827.737671	64891.160156
2003	03	0.000000	-1.548690	1.548690	1.548690	-0.000001	-0.000001	0.000000	-2.184615	-0.757968	0.000000	63360.296875	827.638855	64891.105469
2003	03	0.000000	-1.690264	1.690264	1.690264	-0.000001	-0.000001	0.000000	-9.963999	-1.003849	0.000000	63360.296875	827.540222	64891.050781
2003	03	0.000000	-1.746014	1.746014	1.746014	-0.000001	-0.000001	0.000000	-7.591838	-1.044011	0.000000	63360.296875	827.438049	64890.996094
2003	03	0.000000	-1.983807	1.983807	1.983807	-0.000001	-0.000001	0.000000	-0.133368	-1.294559	0.000000	63360.296875	827.330200	64890.933594
2003	03	0.000000	-2.015081	2.015081	2.015081	-0.000001	-0.000001	0.000000	-0.777541	-1.128491	0.000000	63360.296875	827.218628	64890.867188
2003	03	0.000000	-2.105976	2.105976	2.105976	-0.000001	-0.000001	0.000000	-3.973112	-0.835653	0.000000	63360.296875	827.106934	64890.800781
2003	03	0.000000	-2.009545	2.009545	2.009545	-0.000001	-0.000001	0.000000	2.626716	-0.562483	0.000000	63360.296875	826.993774	64890.734375
2003	03	0.000000	-2.036747	2.036747	2.036747	-0.000001	-0.000001	0.000000	-0.121884	-0.946950	0.000000	63360.296875	826.882141	64890.667969
2003	03	0.000000	-2.559657	2.559657	2.559657	-0.000001	-0.000001	0.000000	-11.576787	-2.991350	0.000000	63360.296875	826.759949	64890.589844
2003	03	0.000000	-2.295506	2.295506	2.295506	-0.000001	-0.000001	0.000000	-9.752892	-3.392871	0.000000	63360.296875	826.637146	64890.511719
2003	03	0.000000	-2.333267	2.333267	2.333267	-0.000001	-0.000001	0.000000	-3.320380	-1.415270	0.000000	63360.296875	826.515808	64890.437500
2003	03	0.000000	-2.109682	2.109682	2.109682	-0.000001	-0.000001	0.000000	3.174822	-0.783360	0.000000	63360.296875	826.397644	64890.363281
2003	03	0.000000	-1.799858	1.799858	1.799858	-0.000001	-0.000001	0.000000	6.558162	-0.501467	0.000000	63360.296875	826.287170	64890.296875
2003	03	0.000000	-1.775140	1.775140	1.775140	-0.000001	-0.000001	0.000000	-2.350669	-0.881724	0.000000	63360.296875	826.184448	64890.242188
2003	03	0.000000	-1.754846	1.754846	1.754846	-0.000001	-0.000001	0.000000	-5.194729	-1.484499	0.000000	63360.296875	826.080688	64890.183594
2003	03	0.000000	-1.930285	1.930285	1.930285	-0.000001	-0.000001	0.000000	1.935157	-1.416823	0.000000	63360.296875	825.975708	64890.121094
2003	03	0.000000	-1.898888	1.898888	1.898888	-0.000001	-0.000001	0.000000	0.148600	-1.297548	0.000000	63360.296875	825.868530	64890.058594
2003	03	0.000000	-2.280711	2.280711	2.280711	-0.000001	-0.000001	0.000000	-8.813329	-2.499531	0.000000	63360.296875	825.755432	64889.992188
2003	03	0.000000	-2.790594	2.790594	2.790594	-0.000001	-0.000001	0.000000	-9.011692	-3.973860	0.000000	63360.296875	825.625916	64889.910156
2003	03	0.000000	-2.980931	2.980931	2.980931	-0.000001	-0.000001	0.000000	-4.801751	-2.611711	0.000000	63360.296875	825.487427	64889.816406
2003	04	0.000000	-2.631967	2.631967	2.631967	-0.000001	-0.000001	0.000000	-7.352234	-2.014204	0.000000	63360.296875	825.348938	64889.722656
2003	04	0.000000	-2.734496	2.734496	2.734496	-0.000001	-0.000001	0.000000	-2.234685	-1.199116	0.000000	63360.296875	825.214844	64889.632812
2003	04	0.000000	-2.473234	2.473234	2.473234	-0.000001	-0.000001	0.000000	-0.411756	-1.402768	0.000000	63360.296875	825.080078	64889.542969
2003	04	0.000000	-1.890651	1.890651	1.890651	-0.000001	-0.000001	0.000000	10.120358	-0.409414	0.000000	63360.296875	824.965454	64889.472656
2003	04	0.000000	-2.650587	2.650587	2.650587	-0.000001	-0.000001	0.000000	-4.201405	-1.868709	0.000000	63360.296875	824.842896	64889.398438
2003	04	0.000000	-3.012762	3.012762	3.012762	-0.000001	-0.000001	0.000000	-7.473190	-6.005830	0.000000	63360.296875	824.703674	64889.300781
2003	04	0.000000	-2.845902	2.845902	2.845902	-0.000001	-0.000001	0.000000	-7.907728	-5.095698	0.000000	63360.296875	824.556458	64889.199219
2003	04	0.000000	-2.362150	2.362150	2.362150	-0.000001	-0.000001	0.000000	-9.615892	-3.383605	0.000000	63360.296875	824.425781	64889.113281
2003	04	0.000000	-2.365096	2.365096	2.365096	-0.000001	-0.000001	0.000000	1.011553	-1.653983	0.000000	63360.296875	824.302185	64889.035156
2003	04	0.000000	-2.176961	2.176961	2.176961	-0.000001	-0.000001	0.000000	7.977418	0.052784	0.000000	63360.296875	824.181030	64888.960938
2003	04	0.000000	-1.807927	1.807927	1.807927	-0.000001	-0.000001	0.000000	10.403560	0.043409	0.000000	63360.296875	824.067261	64888.890625
2003	04	0.000000	-2.132858	2.132858	2.132858	-0.000001	-0.000001	0.000000	1.171585	-0.369452	0.000000	63360.296875	823.956421	64888.828125
2003	04	0.000000	-1.705471	1.705471	1.705471	-0.000001	-0.000001	0.000000	10.673104	-0.430570	0.000000	63360.296875	823.848145	64888.761719
2003	04	0.000000	-3.073319	3.073319	3.073319	-0.000001	-0.000001	0.000000	-4.758939	-2.308166	0.000000	63360.296875	823.727356	64888.687500
2003	04	0.000000	-2.726365	2.726365	2.726365	-0.000001	-0.000001	0.000000	-8.952923	-3.130135	0.000000	63360.296875	823.576111	64888.582031
2003	04	0.000000	-2.439990	2.439990	2.439990	-0.000001	-0.000001	0.000000	-1.146780	-1.565351	0.000000	63360.296875	823.448120	64888.500000
2003	04	0.000000	-2.464915	2.464915	2.464915	-0.000001	-0.000001	0.000000	6.763080	-0.076626	0.000000	63360.296875	823.321899	64888.417969
2003	04	0.000000	-2.442282	2.442282	2.442282	-0.000001	-0.000001	0.000000	6.411763	-0.068802	0.000000	63360.296875	823.193848	64888.335938
2003	04	0.000000	-2.621124	2.621124	2.621124	-0.000001	-0.000001	0.000000	1.850158	0.447169	0.000000	63360.296875	823.063416	64888.250000
2003	04	0.000000	-2.414418	2.414418	2.414418	-0.000001	-0.000001	0.000000	0.730548	0.173939	0.000000	63360.296875	822.933594	64888.164062
2003	04	0.000000	-2.327007	2.327007	2.327007	-0.000001	-0.000001	0.000000	8.339080	0.987750	0.000000	63360.296875	822.808838	64888.085938
2003	04	0.000000	-2.520102	2.520102	2.520102	-0.000001	-0.000001	0.000000	-3.686259	-0.909275	0.000000	63360.296875	822.683777	64888.003906
2003	04	0.000000	-2.800253	2.800253	2.800253	-0.000001	-0.000001	0.000000	-2.364640	-1.438148	0.000000	63360.296875	822.550903	64887.917969
2003	04	0.000000	-2.722281	2.722281	2.722281	-0.000001	-0.000001	0.000000	-1.204488	-0.772407	0.000000	63360.296875	822.411804	64887.824219
2003	04	0.000000	-2.913492	2.913492	2.913492	-0.000001	-0.000001	0.000000	-4.079888	-2.024616	0.000000	63360.296875	822.273621	64887.730469
2003	04	0.000000	-3.597294	3.597294	3.597294	-0.000001	-0.000001	0.000000	-2.747450	-1.407395	0.000000	63360.296875	822.121216	64887.621094
2003	04	0.000000	-3.669691	3.669691	3.669691	-0.000001	-0.000001	0.000000	-2.746316	-1.766126	0.000000	63360.296875	821.955444	64887.500000
2003	04	0.000000	-3.417307	3.417307	3.417307	-0.000001	-0.000001	0.000000	-2.843776	-1.554969	0.000000	63360.296875	821.790894	64887.382812
2003	04	0.000000	-3.355956	3.355956	3.355956	-0.000001	-0.000001	0.000000	-0.969793	0.057166	0.000000	63360.296875	821.632996	64887.269531
2003	04	0.000000	-3.401611	3.401611	3.401611	-0.000001	-0.000001	0.000000	-3.699710	-0.143049	0.000000	63360.296875	821.475708	64887.156250
2003	05	0.000000	-3.609320	3.609320	3.609320	-0.000001	-0.000001	0.000000	-9.263389	-2.058442	0.000000	63360.296875	821.314697	64887.042969
2003	05	0.000000	-3.844782	3.844782	3.844782	-0.000001	-0.000001	0.000000	-10.679035	-3.078603	0.000000	63360.296875	821.146851	64886.917969
2003	05	0.000000	-4.150214	4.150214	4.150214	-0.000002	-0.000002	0.000000	-6.552711	-1.448818	0.000000	63360.296875	820.981628	64886.796875
2003	05	0.000000	-3.552355	3.552355	3.552355	-0.000001	-0.000001	0.000000	-8.199884	-3.550017	0.000000	63360.296875	820.803711	64886.664062
2003	05	0.000000	-4.505273	4.505273	4.505273	-0.000002	-0.000002	0.000000	-7.783519	1.432154	0.000000	63360.296875	820.637512	64886.542969
2003	05	0.000000	-4.246527	4.246527	4.246527	-0.000002	-0.000002	0.000000	-21.128649	-4.970171	0.000000	63360.296875	820.445496	64886.398438
2003	05	0.000000	-4.083465	4.083465	4.083465	-0.000002	-0.000002	0.000000	-12.162443	0.050944	0.000000	63360.296875	820.269287	64886.265625
2003	05	0.000000	-3.903656	3.903656	3.903656	-0.000001	-0.000001	0.000000	-12.409806	-3.756033	0.000000	63360.296875	820.093201	64886.132812
2003	05	0.000000	-3.395375	3.395375	3.395375	-0.000001	-0.000001	0.000000	-10.009241	-2.000918	0.000000	63360.296875	819.929626	64886.015625
2003	05	0.000000	-3.153305	3.153305	3.153305	-0.000001	-0.000001	0.000000	-9.988658	-1.850194	0.000000	63360.296875	819.781372	64885.914062
2003	05	0.000000	-3.331224	3.331224	3.331224	-0.000001	-0.000001	0.000000	0.115916	0.987151	0.000000	63360.296875	819.633118	64885.808594
2003	05	0.000000	-3.424683	3.424683	3.424683	-0.000001	-0.000001	0.000000	-1.874510	2.716509	0.000000	63360.296875	819.477844	64885.699219
2003	05	0.000000	-4.386886	4.386886	4.386886	-0.000002	-0.000002	0.000000	-2.930376	5.341904	0.000000	63360.296875	819.309387	64885.574219
2003	05	0.000000	-3.532440	3.532440	3.532440	-0.000001	-0.000001	0.000000	-6.812627	-1.369979	0.000000	63360.296875	819.132935	64885.445312
2003	05	0.000000	-3.814077	3.814077	3.814077	-0.000001	-0.000001	0.000000	-1.718328	3.324016	0.000000	63360.296875	818.972656	64885.328125
2003	05	0.000000	-3.508625	3.508625	3.508625	-0.000001	-0.000001	0.000000	-6.010234	-0.631771	0.000000	63360.296875	818.810608	64885.210938
2003	05	0.000000	-3.802881	3.802881	3.802881	-0.000001	-0.000001	0.000000	-2.332257	3.038202	0.000000	63360.296875	818.646240	64885.089844
2003	05	0.000000	-3.862380	3.862380	3.862380	-0.000001	-0.000001	0.000000	-6.556040	0.416644	0.000000	63360.296875	818.476990	64884.968750
2003	05	0.000000	-4.125338	4.125338	4.125338	-0.000002	-0.000002	0.000000	5.518432	5.462132	0.000000	63360.296875	818.307190	64884.843750
2003	05	0.000000	-3.714055	3.714055	3.714055	-0.000001	-0.000001	0.000000	7.292502	3.093370	0.000000	63360.296875	818.135437	64884.714844
2003	05	0.000000	-3.589805	3.589805	3.589805	-0.000001	-0.000001	0.000000	6.072259	3.186321	0.000000	63360.296875	817.970398	64884.593750
2003	05	0.000000	-3.681585	3.681585	3.681585	-0.000001	-0.000001	0.000000	9.341965	7.747341	0.000000	63360.296875	817.809082	64884.480469
2003	05	0.000000	-4.146839	4.146839	4.146839	-0.000002	-0.000002	0.000000	5.124120	6.533556	0.000000	63360.296875	817.640198	64884.355469
2003	05	0.000000	-3.839907	3.839907	3.839907	-0.000001	-0.000001	0.000000	4.870347	7.188370	0.000000	63360.296875	817.465820	64884.226562
2003	05	0.000000	-3.644839	3.644839	3.644839	-0.000001	-0.000001	0.000000	4.865129	6.484483	0.000000	63360.296875	817.300476	64884.105469
2003	05	0.000000	-4.054784	4.054784	4.054784	-0.000002	-0.000002	0.000000	0.695351	7.147556	0.000000	63360.296875	817.132568	64883.980469
2003	05	0.000000	-4.111382	4.111382	4.111382	-0.000002	-0.000002	0.000000	-9.255502	5.336595	0.000000	63360.296875	816.955811	64883.847656
2003	05	0.000000	-4.089642	4.089642	4.089642	-0.000002	-0.000002	0.000000	4.574088	10.260627	0.000000	63360.296875	816.779785	64883.718750
2003	05	0.000000	-3.810246	3.810246	3.810246	-0.000001	-0.000001	0.000000	0.032164	6.256550	0.000000	63360.296875	816.606812	64883.589844
2003	05	0.000000	-3.505419	3.505419	3.505419	-0.000001	-0.000001	0.000000	-2.585793	2.238746	0.000000	63360.296875	816.443420	64883.472656
2003	05	0.000000	-3.744830	3.744830	3.744830	-0.000001	-0.000001	0.000000	7.338908	10.530039	0.000000	63360.296875	816.283020	64883.355469
2003	06	0.000000	-3.683122	3.683122	3.683122	-0.000001	-0.000001	0.000000	3.387975	7.744353	0.000000	63360.296875	816.117188	64883.234375
2003	06	0.000000	-3.603043	3.603043	3.603043	-0.000001	-0.000001	0.000000	1.980492	5.579343	0.000000	63360.296875	815.949951	64883.113281
2003	06	0.000000	-3.659329	3.659329	3.659329	-0.000001	-0.000001	0.000000	0.989652	6.272665	0.000000	63360.296875	815.785095	64882.992188
2003	06	0.000000	-3.850620	3.850620	3.850620	-0.000001	-0.000001	0.000000	-3.820538	8.120745	0.000000	63360.296875	815.616821	64882.867188
2003	06	0.000000	-4.176105	4.176105	4.176105	-0.000002	-0.000002	0.000000	-42.051144	-7.774946	0.000000	63360.296875	815.438599	64882.734375
2003	06	0.000000	-4.180241	4.180241	4.180241	-0.000002	-0.000002	0.000000	-33.875214	-15.071755	0.000000	63360.296875	815.252991	64882.593750
2003	06	0.000000	-4.055392	4.055392	4.055392	-0.000002	-0.000002	0.000000	-15.184817	-4.063187	0.000000	63360.296875	815.071716	64882.457031
2003	06	0.000000	-4.080396	4.080396	4.080396	-0.000002	-0.000002	0.000000	-11.171136	-2.595466	0.000000	63360.296875	814.892151	64882.320312
2003	06	0.000000	-4.261037	4.295503	4.295503	-0.000002	-0.000002	0.034466	-17.557844	-3.783017	0.000000	63360.296875	814.707642	64882.183594
2003	06	0.000000	-4.155843	5.193954	5.193954	-0.000002	-0.000002	1.038111	-12.700188	-3.048358	0.000000	63360.320312	814.524780	64882.027344
2003	06	0.000000	-4.210667	6.314415	6.314415	-0.000002	-0.000002	2.103748	-13.458390	-5.161988	0.000000	63360.386719	814.341064	64881.835938
2003	06	0.000000	-3.961070	7.221004	7.221004	-0.000003	-0.000003	3.259935	-25.090536	-5.391170	0.000000	63360.503906	814.158264	64881.605469
2003	06	0.000000	-3.973976	7.821894	7.821894	-0.000003	-0.000003	3.847918	-12.426747	1.972695	0.000000	63360.656250	813.984131	64881.355469
2003	06	0.000000	-4.343869	12.529252	12.529252	-0.000005	-0.000005	8.185384	-32.396267	-1.070154	0.000000	63360.890625	813.800049	64881.031250
2003	06	0.000000	-4.282413	32.017136	32.017136	-0.000012	-0.000012	27.734722	11.665921	18.368923	0.000000	63361.582031	813.613770	64880.316406
2003	06	0.000000	-4.366717	44.228806	44.228806	-0.000017	-0.000017	39.862091	19.944136	27.997847	0.000000	63362.992188	813.420471	64878.953125
2003	06	0.000000	-4.194520	43.748127	43.748127	-0.000017	-0.000017	39.553604	98.262024	36.382660	0.000000	63364.441406	813.235046	64877.476562
2003	06	0.000000	-4.201610	41.930355	41.930355	-0.000016	-0.000016	37.728745	62.577862	28.984219	0.000000	63365.707031	813.052002	64876.070312
2003	06	0.000000	-4.613429	46.208630	46.208630	-0.000018	-0.000018	41.595203	67.918777	34.338932	0.000000	63366.906250	812.858398	64874.597656
2003	06	0.000000	-4.370665	51.509174	51.509174	-0.000020	-0.000020	47.138508	13.483315	9.715663	0.000000	63368.070312	812.670654	64873.003906
2003	06	0.000000	-5.526735	33.964169	33.964169	-0.000013	-0.000013	28.437431	40.684395	32.508499	0.000000	63369.023438	812.458191	64871.500000
2003	06	0.000000	-6.291970	21.724266	21.724266	-0.000008	-0.000008	15.432296	39.036789	49.315212	0.000000	63369.445312	812.213318	64870.652344
2003	06	0.000000	-5.481134	48.026360	48.026360	-0.000019	-0.000019	42.545231	68.004173	54.875408	0.000000	63370.011719	811.967896	64869.441406
2003	06	0.086762	-4.455285	25.881157	25.794394	-0.000010	-0.000010	21.339109	77.245224	45.439621	240.784027	63370.539062	811.764099	64868.226562
2003	06	3.998617	-1.050988	23.943474	19.944855	-0.000008	-0.000008	18.893867	50.919109	52.316376	11097.098633	63370.839844	811.624939	64867.472656
2003	06	12.849729	5.579098	26.391508	13.541780	-0.000005	-0.000005	19.120878	40.112091	32.404797	35660.996094	63371.105469	811.661499	64866.933594
2003	06	18.927773	9.680484	28.751589	9.823815	-0.000004	-0.000004	19.504299	-14.770350	12.311172	52528.996094	63371.371094	811.870972	64866.539062
2003	06	32.598320	20.041140	33.792206	1.193885	-0.000000	-0.000000	21.235023	1.931764	26.044556	90467.960938	63371.628906	812.351990	64866.390625
2003	06	40.972824	25.955910	39.456112	-1.516709	0.000001	0.000001	24.439201	31.090994	43.141178	113709.156250	63371.902344	813.140076	64866.453125
2003	06	49.668938	33.486317	45.296513	-4.372426	0.000002	0.000002	29.113890	28.801165	37.055367	137842.921875	63372.199219	814.062683	64866.546875
2003	07	67.099419	47.309105	59.803982	-7.295433	0.000003	0.000003	40.013672	52.526295	47.849403	180209.593750	63372.558594	815.330872	64866.726562
2003	07	88.583900	63.262238	74.928337	-13.655564	0.000005	0.000005	49.606674	55.719398	65.565048	237910.671875	63372.984375	817.051147	64866.980469
2003	07	99.060745	70.196747	79.005196	-20.055548	0.000007	0.000007	50.141205	30.835638	53.782284	266048.437500	63373.367188	819.143433	64867.519531
2003	07	121.924324	86.985100	87.654594	-34.269733	0.000013	0.000013	52.715374	-9.722935	77.452431	327453.375000	63373.699219	821.632629	64868.390625
2003	07	123.675781	86.184204	91.410912	-32.264862	0.000012	0.000012	53.919342	-18.042202	55.980343	332157.281250	63373.988281	824.507385	64869.589844
2003	07	108.396263	77.298683	74.235344	-34.160912	0.000013	0.000013	43.137775	27.939827	44.475483	291120.937500	63374.226562	827.114868	64870.675781
2003	07	152.108383	112.329910	84.833138	-67.275238	0.000025	0.000025	45.054676	51.393028	74.920448	408519.000000	63374.417969	830.138672	64872.335938
2003	07	175.773972	128.997589	95.732674	-80.041306	0.000030	0.000030	48.956287	42.519390	67.686066	472077.968750	63374.593750	833.911438	64874.640625
2003	07	154.619003	108.717239	96.283951	-58.335056	0.000022	0.000022	50.382187	40.735126	89.103691	415261.812500	63374.753906	837.621338	64876.769531
2003	07	186.382675	132.638336	107.920013	-78.462654	0.000029	0.000029	54.175682	12.571264	93.423561	500569.812500	63374.902344	841.482178	64879.011719
2003	07	161.055496	113.921692	99.292221	-61.763260	0.000023	0.000023	52.158436	20.686920	70.207344	432548.343750	63375.050781	845.829102	64881.679688
2003	07	154.097397	110.352203	92.415680	-61.681728	0.000023	0.000023	48.670479	20.570112	56.682964	413860.968750	63375.191406	849.182678	64883.468750
2003	07	182.538773	133.419434	97.528038	-85.010742	0.000032	0.000032	48.408691	67.677528	73.106621	490246.218750	63375.292969	853.126343	64885.882812
2003	07	196.526566	143.263748	100.698547	-95.828011	0.000036	0.000036	47.435749	53.783230	72.409698	527813.375000	63375.351562	857.530029	64888.789062
2003	07	194.062729	138.575150	103.450706	-90.612007	0.000034	0.000034	47.963139	40.760826	77.941925	521196.187500	63375.371094	861.964722	64891.730469
2003	07	202.924454	145.771439	103.548843	-99.375603	0.000037	0.000037	46.395828	46.480850	84.502792	544996.250000	63375.363281	866.622742	64894.914062
2003	07	210.164062	147.957108	109.199226	-100.964821	0.000038	0.000038	46.992271	17.173903	101.500038	564439.750000	63375.332031	871.178040	64898.019531
2003	07	187.435654	125.787727	109.246765	-78.188889	0.000029	0.000029	47.598839	6.275979	103.242462	503397.812500	63375.277344	875.555420	64900.906250
2003	07	167.390884	110.175674	101.803520	-65.587379	0.000024	0.000024	44.588295	7.443114	61.447857	449563.437500	63375.207031	879.574829	64903.503906
2003	07	190.123901	130.228699	103.194466	-86.929443	0.000032	0.000032	43.299248	15.935913	44.778416	510617.718750	63375.121094	883.247375	64905.812500
2003	07	205.671936	142.610565	105.101379	-100.570557	0.000038	0.000038	42.040020	7.855560	69.743866	552375.187500	63375.023438	887.621033	64908.843750
2003	07	183.831482	118.794937	107.621811	-76.209686	0.000028	0.000028	42.585251	-20.067553	56.804005	493718.093750	63374.914062	891.860901	64911.785156
2003	07	184.067764	121.386604	103.476021	-80.591728	0.000030	0.000030	40.794868	-5.785563	49.728706	494352.625000	63374.796875	895.897827	64914.511719
2003	07	189.773056	128.215714	99.831848	-89.941216	0.000034	0.000034	38.274506	15.959161	44.732403	509675.437500	63374.671875	899.494263	64916.894531
2003	07	182.658722	116.936310	105.483643	-77.175087	0.000029	0.000029	39.761227	14.085598	67.463387	490568.406250	63374.539062	903.910828	64920.089844
2003	07	98.680687	51.041878	82.601486	-16.079191	0.000006	0.000006	34.962688	-3.193356	21.622456	265027.718750	63374.402344	906.230225	64921.269531
2003	07	155.794739	102.686005	86.194984	-69.599747	0.000026	0.000026	33.086258	36.900574	27.176672	418419.500000	63374.273438	908.537781	64922.535156
2003	07	172.983856	111.739349	96.794945	-76.188927	0.000028	0.000028	35.550426	35.869236	43.107529	464584.531250	63374.132812	912.461609	64925.394531
2003	07	169.126190	110.087959	92.971664	-76.154526	0.000028	0.000028	33.933434	38.948074	47.770798	454223.906250	63373.984375	915.923279	64927.781250
2003	07	160.990601	104.028030	89.439568	-71.551033	0.000027	0.000027	32.476997	68.209984	44.549286	432374.093750	63373.835938	919.173950	64930.015625
2003	07	174.890564	111.905640	96.468765	-78.421783	0.000029	0.000029	33.483845	54.748287	49.175797	469705.312500	63373.683594	922.700562	64932.527344
2003	08	153.673767	86.980225	102.112839	-51.560928	0.000019	0.000019	35.419300	28.885771	43.639854	412723.187500	63373.515625	926.136780	64934.906250
2003	08	145.919876	83.657822	96.049484	-49.870384	0.000019	0.000019	33.787437	11.971062	22.459885	391898.468750	63373.343750	928.532349	64936.238281
2003	08	160.745560	94.001984	100.846695	-59.898857	0.000022	0.000022	34.103127	36.085358	53.373333	431715.968750	63373.164062	931.619690	64938.277344
2003	08	128.851700	68.125946	93.093132	-35.758560	0.000013	0.000013	32.367386	19.046881	31.764223	346058.281250	63372.984375	934.246887	64939.886719
2003	08	129.698441	71.979492	87.994041	-41.704391	0.000016	0.000016	30.275099	30.801092	34.923950	348332.375000	63372.804688	936.393616	64941.074219
2003	08	143.174301	78.645073	95.343170	-47.831135	0.000018	0.000018	30.813942	38.797291	51.577312	384524.687500	63372.625000	938.903687	64942.652344
2003	08	155.276398	83.175308	102.437485	-52.838913	0.000020	0.000020	30.336397	13.885121	61.010502	417027.406250	63372.367188	941.557068	64944.382812
2003	08	159.904907	83.704636	106.457230	-53.447670	0.000020	0.000020	30.256960	9.074217	53.384853	429458.187500	63372.078125	944.228088	64946.125000
2003	08	152.851364	73.566193	109.574387	-43.276981	0.000016	0.000016	30.289215	9.931849	50.382305	410514.437500	63371.777344	946.723206	64947.695312
2003	08	112.613663	51.497890	88.353340	-24.260323	0.000009	0.000009	27.237566	32.560112	48.954674	302447.656250	63371.500000	948.957764	64949.042969
2003	08	96.636208	44.345436	76.833649	-19.802557	0.000007	0.000007	24.542879	67.406250	32.086243	259536.812500	63371.273438	950.419006	64949.738281
2003	08	85.788651	37.593063	70.695618	-15.093035	0.000006	0.000006	22.500031	53.287937	20.385361	230403.453125	63371.054688	951.770630	64950.378906
2003	08	93.324883	42.820255	73.162712	-20.162172	0.000008	0.000008	22.658085	69.519676	20.099043	250643.593750	63370.847656	953.070190	64951.007812
2003	08	93.824821	41.170242	75.158966	-18.665852	0.000007	0.000007	22.504393	46.276432	17.756702	251986.265625	63370.632812	954.455383	64951.722656
2003	08	90.634956	39.037659	73.611336	-17.023630	0.000006	0.000006	22.014030	35.911652	13.383841	243419.234375	63370.414062	955.729187	64952.332031
2003	08	91.589653	38.520329	74.941956	-16.647699	0.000006	0.000006	21.872627	32.009857	14.922699	245983.265625	63370.195312	957.012451	64952.960938
2003	08	98.355644	42.961987	77.206459	-21.149187	0.000008	0.000008	21.812799	29.196758	17.661642	264154.750000	63369.976562	958.482422	64953.773438
2003	08	83.231934	28.544134	76.300262	-6.931676	0.000003	0.000003	21.612459	-0.283645	15.571341	223536.859375	63369.757812	959.622437	64954.269531
2003	08	62.838547	15.780319	68.346893	5.508349	-0.000002	-0.000002	21.288668	6.553698	8.542927	168766.125000	63369.562500	960.255127	64954.261719
2003	08	61.398041	16.191467	65.933754	4.535708	-0.000002	-0.000002	20.727177	11.710779	9.057270	164897.359375	63369.371094	960.811829	64954.191406
2003	08	62.057835	17.664545	64.749550	2.691708	-0.000001	-0.000001	20.356253	37.968029	10.804770	166669.359375	63369.187500	961.384949	64954.156250
2003	08	67.653816	23.069418	64.195114	-3.458699	0.000001	0.000001	19.610720	43.982998	11.031567	181698.531250	63369.000000	962.145935	64954.320312
2003	08	63.139416	19.733000	62.679039	-0.460379	0.000000	0.000000	19.272619	42.833771	9.435525	169574.171875	63368.816406	962.826782	64954.425781
2003	08	61.222393	18.981970	60.777771	-0.444622	0.000000	0.000000	18.537348	55.326569	11.326367	164425.609375	63368.640625	963.505249	64954.542969
2003	08	60.784622	18.750975	60.162319	-0.622304	0.000000	0.000000	18.128672	53.309158	9.901994	163249.875000	63368.468750	964.133606	64954.636719
2003	08	61.873653	19.528563	60.373470	-1.500183	0.000001	0.000001	18.028379	53.287498	9.391610	166174.703125	63368.300781	964.762756	64954.738281
2003	08	63.199909	18.465599	63.144493	-0.055418	0.000000	0.000000	18.410181	40.478081	9.878502	169736.640625	63368.125000	965.363770	64954.808594
2003	08	69.970741	21.469240	66.976814	-2.993934	0.000001	0.000001	18.475307	23.098881	11.830047	187921.125000	63367.937500	966.079956	64954.980469
2003	08	64.893219	15.891270	67.763466	2.870250	-0.000001	-0.000001	18.761520	18.929472	14.486698	174284.375000	63367.750000	966.802002	64955.156250
2003	08	43.279133	5.023676	56.081577	12.802440	-0.000005	-0.000005	17.826115	30.855900	8.527167	116235.210938	63367.582031	967.063904	64954.875000
2003	08	42.074665	6.119124	52.802166	10.727502	-0.000004	-0.000004	16.846624	44.191967	8.228983	113000.351562	63367.429688	967.282043	64954.582031
2003	09	39.726604	2.321798	54.250031	14.523423	-0.000006	-0.000006	16.845222	15.594117	6.566676	110250.617188	63367.285156	967.321106	64954.136719
2003	09	57.556671	16.015942	58.418610	0.861944	-0.000000	-0.000000	16.877886	28.753832	8.530929	159733.218750	63367.125000	967.814270	64954.109375
2003	09	56.938622	13.398396	60.644897	3.706275	-0.000001	-0.000001	17.104671	17.261076	13.560910	158017.984375	63366.945312	968.398987	64954.183594
2003	09	32.855167	0.298831	48.017132	15.161967	-0.000006	-0.000006	15.460797	37.422997	5.144927	91180.765625	63366.792969	968.485107	64953.777344
2003	09	42.495255	1.958083	57.306225	14.810970	-0.000006	-0.000006	16.769053	17.517473	7.222174	117934.257812	63366.644531	968.507263	64953.328125
2003	09	55.531132	9.976296	63.219597	7.688467	-0.000003	-0.000003	17.664762	-11.380548	8.267341	154111.875000	63366.484375	968.878052	64953.171875
2003	09	52.723278	8.581199	61.447117	8.723838	-0.000003	-0.000003	17.305038	-7.190148	15.296177	146319.421875	63366.300781	969.275696	64953.035156
2003	09	32.007050	-2.864800	51.862663	19.855614	-0.000008	-0.000008	16.990812	-5.412481	15.044007	88827.046875	63366.136719	969.320312	64952.562500
2003	09	24.379774	-7.094075	48.285294	23.905518	-0.000009	-0.000009	16.811441	8.050117	6.771869	67659.570312	63365.980469	969.154846	64951.890625
2003	09	24.139099	-7.014270	48.404068	24.264967	-0.000009	-0.000009	17.250698	13.671272	9.483460	66991.640625	63365.820312	968.959839	64951.179688
2003	09	20.801872	-8.613083	46.419083	25.617210	-0.000010	-0.000010	17.004129	4.837678	9.455047	57730.062500	63365.660156	968.690796	64950.390625
2003	09	21.988979	-7.776106	46.791485	24.802509	-0.000010	-0.000010	17.026403	3.185063	7.640148	61024.558594	63365.500000	968.455139	64949.640625
2003	09	25.187370	-5.807922	48.229298	23.041927	-0.000009	-0.000009	17.234005	13.760670	11.091558	69900.843750	63365.339844	968.279175	64948.949219
2003	09	29.463402	-3.394546	50.370018	20.906612	-0.000008	-0.000008	17.512068	14.953064	4.709949	81767.828125	63365.171875	968.170654	64948.312500
2003	09	32.737061	-0.256326	50.292969	17.555908	-0.000007	-0.000007	17.299582	7.626668	1.603997	90852.992188	63365.003906	968.187378	64947.796875
2003	09	32.142467	-1.456746	51.117489	18.975023	-0.000007	-0.000007	17.518278	5.358191	4.640729	89202.851562	63364.835938	968.151428	64947.238281
2003	09	29.090662	-4.190996	50.903915	21.813250	-0.000008	-0.000008	17.622252	2.848039	4.448729	80733.390625	63364.664062	968.073914	64946.628906
2003	09	27.539709	-3.702324	48.496620	20.956911	-0.000008	-0.000008	17.254587	4.365796	0.312128	76429.132812	63364.492188	968.012085	64946.035156
2003	09	25.124502	-5.080951	47.125179	22.000677	-0.000008	-0.000008	16.919727	7.481752	7.697280	69726.367188	63364.320312	967.883118	64945.390625
2003	09	20.750628	-9.407990	47.216675	26.466049	-0.000010	-0.000010	17.058058	-5.400283	1.003276	57587.843750	63364.148438	967.616211	64944.617188
2003	09	19.623116	-10.017757	46.933987	27.310873	-0.000011	-0.000011	17.293118	-5.367964	2.265249	54458.730469	63363.976562	967.324951	64943.804688
2003	09	17.974070	-10.115605	45.353062	27.378994	-0.000011	-0.000011	17.263388	0.026728	7.114514	49882.242188	63363.800781	967.036316	64942.992188
2003	09	14.186797	-10.454135	40.086372	25.899576	-0.000010	-0.000010	15.445441	11.314362	3.600742	39371.675781	63363.632812	966.715881	64942.171875
2003	09	11.525522	-11.795759	37.311272	25.785748	-0.000010	-0.000010	13.989987	7.180760	1.678970	31986.019531	63363.472656	966.348816	64941.367188
2003	09	11.678283	-13.041094	39.698841	28.020555	-0.000011	-0.000011	14.979464	0.125802	8.814188	32409.964844	63363.320312	965.945496	64940.550781
2003	09	7.228998	-14.169708	34.856510	27.627512	-0.000011	-0.000011	13.457804	7.559920	9.914641	20062.160156	63363.164062	965.515991	64939.679688
2003	09	7.356206	-13.132625	31.677118	24.320911	-0.000009	-0.000009	11.188286	9.021604	0.868813	20415.193359	63363.023438	965.081238	64938.894531
2003	09	6.536525	-13.668093	30.400545	23.864021	-0.000009	-0.000009	10.195928	5.628076	0.812016	18140.384766	63362.898438	964.630432	64938.148438
2003	09	5.696890	-15.446919	31.894928	26.198040	-0.000010	-0.000010	10.751120	4.196849	3.945700	15810.202148	63362.773438	964.174438	64937.394531
2003	09	0.000000	-19.882374	31.026985	31.026985	-0.000012	-0.000012	11.144611	0.695399	2.061496	0.000000	63362.644531	963.666382	64936.574219
2003	10	0.000000	-18.902092	29.482046	29.482046	-0.000011	-0.000011	10.579955	0.088302	1.496749	0.000000	63362.515625	963.169983	64935.769531
2003	10	0.029007	-20.618534	31.059196	31.030190	-0.000012	-0.000012	10.411656	-4.091334	0.406478	77.904160	63362.398438	962.518066	64935.003906
2003	10	0.602548	-18.243349	29.388460	28.785912	-0.000011	-0.000011	10.542562	-7.518981	0.655719	1618.270142	63362.281250	961.125732	64934.195312
2003	10	1.260857	-18.547298	31.072165	29.811308	-0.000011	-0.000011	11.264009	-6.157439	1.603221	3386.297363	63362.175781	958.908508	64933.421875
2003	10	0.517893	-16.630674	36.601734	36.083843	-0.000013	-0.000013	19.453167	-0.510727	2.458938	1390.911621	63362.070312	955.857422	64932.472656
2003	10	0.754468	-17.698597	37.003517	36.249046	-0.000014	-0.000014	18.550451	-2.978976	-0.480307	2026.281494	63361.980469	951.968628	64931.433594
2003	10	0.725856	-17.117723	36.774395	36.048538	-0.000013	-0.000013	18.930815	-4.268773	-1.832864	1949.437866	63361.917969	947.200378	64930.363281
2003	10	0.400991	-15.294328	34.310730	33.909740	-0.000013	-0.000013	18.615412	-5.111594	-2.190336	1076.945435	63361.882812	941.616943	64929.320312
2003	10	0.364063	-15.608629	35.013565	34.649502	-0.000013	-0.000013	19.040873	-3.447654	-1.749426	977.767029	63361.875000	935.186829	64928.269531
2003	10	0.272168	-16.310921	33.084682	32.812515	-0.000012	-0.000012	16.501593	-8.456779	-2.456261	730.965515	63361.914062	927.882141	64927.195312
2003	10	0.214478	-16.130608	27.264006	27.049528	-0.000010	-0.000010	10.918920	-12.666378	-4.186070	576.026794	63361.992188	919.692810	64926.242188
2003	10	0.073613	-14.397645	22.835844	22.762230	-0.000008	-0.000008	8.364585	-14.646443	-5.116337	197.704102	63362.066406	910.670044	64925.433594
2003	10	0.000141	-14.028078	23.410988	23.410847	-0.000009	-0.000009	9.382770	-12.696434	-5.250970	0.379494	63362.160156	900.806519	64924.628906
2003	10	0.005102	-13.099074	22.718344	22.713242	-0.000008	-0.000008	9.614167	-21.288298	-6.872899	13.701859	63362.289062	890.084839	64923.769531
2003	10	0.008312	-12.510430	21.821215	21.812901	-0.000008	-0.000008	9.302471	-20.486967	-7.430449	22.324627	63362.425781	878.541504	64922.929688
2003	10	0.006601	-13.657271	23.072247	23.065645	-0.000009	-0.000009	9.408374	-9.812081	-4.211602	17.729141	63362.570312	866.117371	64922.023438
2003	10	0.000000	-15.794070	25.636292	25.636292	-0.000010	-0.000010	9.842222	-6.058354	-3.080123	0.000000	63362.734375	859.505371	64921.027344
2003	10	0.000000	-11.794967	21.334890	21.334890	-0.000008	-0.000008	9.539924	-13.774290	-3.975747	0.000000	63362.902344	858.788269	64920.039062
2003	10	0.000000	-8.757617	16.973080	16.973080	-0.000006	-0.000006	8.215463	-3.437425	-0.624386	0.000000	63363.035156	858.262695	64919.281250
2003	10	0.000000	-10.329867	18.345013	18.345013	-0.000007	-0.000007	8.015146	-3.346876	-1.000387	0.000000	63363.152344	857.719727	64918.523438
2003	10	0.000000	-10.355440	18.421085	18.421085	-0.000007	-0.000007	8.065645	-7.453024	-3.055224	0.000000	63363.261719	857.149109	64917.742188
2003	10	0.000000	-6.943375	15.763330	15.763330	-0.000006	-0.000006	8.819954	-9.814804	-1.489435	0.000000	63363.382812	856.663574	64917.031250
2003	10	0.000000	-7.769125	17.628199	17.628199	-0.000007	-0.000007	9.859074	-3.169957	-0.593832	0.000000	63363.527344	856.205627	64916.324219
2003	10	0.000000	-6.257575	18.694212	18.694212	-0.000007	-0.000007	12.436637	-0.163534	-0.164837	0.000000	63363.761719	855.772217	64915.566406
2003	10	0.000000	-6.899097	18.626963	18.626963	-0.000007	-0.000007	11.727866	-9.615368	-1.790131	0.000000	63364.015625	855.368774	64914.820312
2003	10	0.000000	-8.282519	20.920237	20.920237	-0.000008	-0.000008	12.637717	-10.156566	-2.173752	0.000000	63364.273438	854.905518	64914.015625
2003	10	0.000000	-5.820597	17.050985	17.050985	-0.000006	-0.000006	11.230388	-3.954784	-0.608815	0.000000	63364.546875	854.503235	64913.261719
2003	10	0.000000	-7.850151	17.208212	17.208212	-0.000006	-0.000006	9.358062	-14.561258	-3.617394	0.000000	63364.753906	854.099854	64912.585938
2003	10	0.000000	-8.272650	17.741358	17.741358	-0.000007	-0.000007	9.468708	-4.815159	-1.468556	0.000000	63364.941406	853.649841	64911.878906
2003	10	0.000000	-8.517118	17.803135	17.803135	-0.000007	-0.000007	9.286018	-5.040275	-1.648173	0.000000	63365.128906	853.208252	64911.179688
2003	10	0.000000	-8.372458	17.758493	17.758493	-0.000007	-0.000007	9.386034	-5.301476	-1.781962	0.000000	63365.308594	852.752075	64910.472656
2003	11	0.000000	-6.611932	15.269229	15.269229	-0.000006	-0.000006	8.657297	-5.592163	-2.573030	0.000000	63365.488281	852.344543	64909.812500
2003	11	0.000000	-8.505253	16.969189	16.969189	-0.000007	-0.000007	8.463936	-4.475995	-3.151077	0.000000	63365.648438	851.929382	64909.164062
2003	11	0.000000	-8.036905	16.866211	16.866211	-0.000007	-0.000007	8.829306	-4.068125	-3.870300	0.000000	63365.812500	851.481750	64908.472656
2003	11	0.000000	-7.367556	16.148863	16.148863	-0.000006	-0.000006	8.781306	-3.576201	-2.976865	0.000000	63365.980469	851.073059	64907.816406
2003	11	0.000000	-7.113245	15.681948	15.681948	-0.000006	-0.000006	8.568704	-4.742672	-4.078051	0.000000	63366.136719	850.675293	64907.175781
2003	11	0.000000	-7.087737	15.382104	15.382104	-0.000006	-0.000006	8.294367	-5.925157	-3.448204	0.000000	63366.281250	850.296265	64906.562500
2003	11	0.000000	-7.617112	15.780190	15.780190	-0.000006	-0.000006	8.163078	-5.041241	-2.697408	0.000000	63366.417969	849.899963	64905.937500
2003	11	0.000000	-5.828522	13.731755	13.731755	-0.000005	-0.000005	7.903234	-12.950565	-3.290477	0.000000	63366.546875	849.528809	64905.347656
2003	11	0.000000	-5.611912	13.124222	13.124222	-0.000005	-0.000005	7.512309	-5.699574	-1.303023	0.000000	63366.664062	849.195435	64904.800781
2003	11	0.000000	-5.432258	12.509284	12.509284	-0.000005	-0.000005	7.077025	1.489779	-0.156762	0.000000	63366.765625	848.882019	64904.292969
2003	11	0.000000	-4.270299	11.018136	11.018136	-0.000004	-0.000004	6.747837	-2.971120	-0.702734	0.000000	63366.855469	848.576233	64903.804688
2003	11	0.000000	-3.501379	9.726592	9.726592	-0.000004	-0.000004	6.225213	9.356540	-0.554261	0.000000	63366.933594	848.320129	64903.378906
2003	11	0.000000	-3.154843	8.957441	8.957441	-0.000003	-0.000003	5.802598	3.216474	-0.889623	0.000000	63367.000000	848.078064	64902.980469
2003	11	0.000000	-2.432126	7.751782	7.751782	-0.000003	-0.000003	5.319656	13.780973	-0.352383	0.000000	63367.058594	847.861023	64902.625000
2003	11	0.000000	-2.643570	7.541624	7.541624	-0.000003	-0.000003	4.898055	7.042253	-0.369417	0.000000	63367.105469	847.655212	64902.296875
2003	11	0.000000	-2.848078	7.462090	7.462090	-0.000003	-0.000003	4.614012	3.136326	-0.672982	0.000000	63367.144531	847.440918	64901.972656
2003	11	0.000000	-3.282333	7.717118	7.717118	-0.000003	-0.000003	4.434785	2.120787	-0.662437	0.000000	63367.183594	847.219421	64901.644531
2003	11	0.000000	-2.853259	7.178718	7.178718	-0.000003	-0.000003	4.325459	14.537267	0.084054	0.000000	63367.214844	846.997986	64901.324219
2003	11	0.000000	-3.139997	7.301424	7.301424	-0.000003	-0.000003	4.161428	3.089987	-0.598910	0.000000	63367.250000	846.793579	64901.023438
2003	11	0.000000	-3.569247	7.670579	7.670579	-0.000003	-0.000003	4.101333	-1.259084	-0.891957	0.000000	63367.277344	846.561768	64900.703125
2003	11	0.000000	-3.069393	7.090109	7.090109	-0.000003	-0.000003	4.020716	11.952320	-0.421424	0.000000	63367.308594	846.349060	64900.402344
2003	11	0.000000	-3.844751	7.788898	7.788898	-0.000003	-0.000003	3.944147	-3.129359	-1.643697	0.000000	63367.335938	846.118713	64900.085938
2003	11	0.000000	-4.011262	7.900000	7.900000	-0.000003	-0.000003	3.888737	-3.967831	-2.018607	0.000000	63367.367188	845.879822	64899.761719
2003	11	0.000000	-4.339502	8.167920	8.167920	-0.000003	-0.000003	3.828418	-8.003139	-2.861875	0.000000	63367.394531	845.639587	64899.437500
2003	11	0.000000	-3.751412	7.507011	7.507011	-0.000003	-0.000003	3.755599	7.081859	-2.416772	0.000000	63367.421875	845.398560	64899.117188
2003	11	0.000000	-2.803261	6.464108	6.464108	-0.000002	-0.000002	3.660846	16.268028	-0.707675	0.000000	63367.449219	845.192322	64898.832031
2003	11	0.000000	-2.681889	6.244076	6.244076	-0.000002	-0.000002	3.562187	10.149458	-0.680061	0.000000	63367.476562	845.004456	64898.570312
2003	11	0.000000	-3.259953	6.714509	6.714509	-0.000003	-0.000003	3.454556	2.653989	-1.737916	0.000000	63367.503906	844.812195	64898.308594
2003	11	0.000000	-3.349953	6.725820	6.725820	-0.000003	-0.000003	3.375866	6.961603	-2.711042	0.000000	63367.531250	844.603271	64898.031250
2003	11	0.000000	-2.914508	6.238233	6.238233	-0.000002	-0.000002	3.323725	8.269024	-2.028624	0.000000	63367.558594	844.403625	64897.769531
2003	12	0.000000	-2.775836	6.164777	6.164777	-0.000002	-0.000002	3.388942	7.264092	-1.495880	0.000000	63367.585938	844.221619	64897.523438
2003	12	0.000000	-2.396341	5.653109	5.653109	-0.000002	-0.000002	3.256768	-6.736284	-0.724257	0.000000	63367.613281	844.045959	64897.285156
2003	12	0.000000	-2.257175	5.287321	5.287321	-0.000002	-0.000002	3.030145	-3.450412	-0.605419	0.000000	63367.636719	843.884644	64897.070312
2003	12	0.000000	-2.090455	4.902068	4.902068	-0.000002	-0.000002	2.811613	-1.395854	-0.719724	0.000000	63367.660156	843.725403	64896.863281
2003	12	0.000000	-2.165477	4.783246	4.783246	-0.000002	-0.000002	2.617768	-4.030770	-0.849469	0.000000	63367.675781	843.571350	64896.667969
2003	12	0.000000	-1.876295	4.323355	4.323355	-0.000002	-0.000002	2.447060	5.163479	-0.377070	0.000000	63367.691406	843.422974	64896.484375
2003	12	0.000000	-2.562868	4.886813	4.886813	-0.000002	-0.000002	2.323945	1.933118	-0.561914	0.000000	63367.707031	843.266663	64896.296875
2003	12	0.000000	-2.312854	4.589478	4.589478	-0.000002	-0.000002	2.276625	-4.455635	-0.576829	0.000000	63367.718750	843.105103	64896.105469
2003	12	0.000000	-3.281114	5.495109	5.495109	-0.000002	-0.000002	2.213995	-1.547361	-1.345279	0.000000	63367.734375	842.933899	64895.910156
2003	12	0.000000	-2.843487	5.042950	5.042950	-0.000002	-0.000002	2.199463	-2.232266	-1.108208	0.000000	63367.746094	842.751343	64895.703125
2003	12	0.000000	-2.480758	4.650851	4.650851	-0.000002	-0.000002	2.170093	-2.971567	-0.508673	0.000000	63367.761719	842.591614	64895.519531
2003	12	0.000000	-3.085855	5.228848	5.228848	-0.000002	-0.000002	2.142993	-4.520640	-0.964394	0.000000	63367.773438	842.421448	64895.324219
2003	12	0.000000	-3.286286	5.406320	5.406320	-0.000002	-0.000002	2.120033	-2.559717	-1.671553	0.000000	63367.789062	842.245667	64895.125000
2003	12	0.000000	-3.317380	5.426800	5.426800	-0.000002	-0.000002	2.109420	-4.983029	-0.993809	0.000000	63367.804688	842.059998	64894.917969
2003	12	0.000000	-2.727970	4.826114	4.826114	-0.000002	-0.000002	2.098144	-7.087444	-1.877462	0.000000	63367.820312	841.886108	64894.722656
2003	12	0.000000	-2.032875	4.101925	4.101925	-0.000002	-0.000002	2.069050	-3.919883	-0.479966	0.000000	63367.835938	841.737549	64894.554688
2003	12	0.000000	-2.003817	4.030052	4.030052	-0.000002	-0.000002	2.026235	-4.489279	-0.364400	0.000000	63367.851562	841.601868	64894.398438
2003	12	0.000000	-2.066425	4.053074	4.053074	-0.000002	-0.000002	1.986649	-4.557285	-0.404423	0.000000	63367.867188	841.464417	64894.242188
2003	12	0.000000	-2.650367	4.584444	4.584444	-0.000002	-0.000002	1.934076	-0.224358	-0.974853	0.000000	63367.886719	841.317688	64894.078125
2003	12	0.000000	-2.527096	4.437807	4.437807	-0.000002	-0.000002	1.910711	-2.954712	-1.731257	0.000000	63367.902344	841.159851	64893.902344
2003	12	0.000000	-1.832290	3.651371	3.651371	-0.000001	-0.000001	1.819080	14.800020	-0.352010	0.000000	63367.917969	841.021179	64893.750000
2003	12	0.000000	-1.749235	3.369949	3.369949	-0.000001	-0.000001	1.620715	9.045991	-0.306581	0.000000	63367.933594	840.901184	64893.621094
2003	12	0.000000	-2.931291	4.452009	4.452009	-0.000002	-0.000002	1.520718	-5.755622	-1.072630	0.000000	63367.949219	840.753967	64893.468750
2003	12	0.000000	-2.917163	4.433401	4.433401	-0.000002	-0.000002	1.516238	-8.827285	-1.166201	0.000000	63367.960938	840.590515	64893.304688
2003	12	0.000000	-2.512535	4.020172	4.020172	-0.000002	-0.000002	1.507637	-5.604036	-0.975573	0.000000	63367.976562	840.433594	64893.144531
2003	12	0.000000	-2.755008	4.248873	4.248873	-0.000002	-0.000002	1.493865	-3.235936	-0.985883	0.000000	63367.988281	840.285889	64892.992188
2003	12	0.000000	-2.001311	3.483800	3.483800	-0.000001	-0.000001	1.482489	6.147368	-0.530486	0.000000	63368.003906	840.145203	64892.851562
2003	12	0.000000	-1.972931	3.446576	3.446576	-0.000001	-0.000001	1.473645	-1.399048	-1.315750	0.000000	63368.015625	840.021301	64892.726562
2003	12	0.000000	-3.773462	5.222396	5.222396	-0.000002	-0.000002	1.448934	-14.150220	-5.313932	0.000000	63368.031250	839.858337	64892.562500
2003	12	0.000000	-3.831532	5.284332	5.284332	-0.000002	-0.000002	1.452800	-13.275331	-4.939575	0.000000	63368.046875	839.675415	64892.378906
2003	12	0.000000	-3.949852	5.407533	5.407533	-0.000002	-0.000002	1.457681	-13.906919	-6.838094	0.000000	63368.062500	839.483459	64892.183594
2004	01	0.000000	-3.522903	4.985712	4.985712	-0.000002	-0.000002	1.462809	-13.606826	-4.567728	0.000000	63368.078125	839.299988	64892.000000
2004	01	0.000000	-2.723656	4.187156	4.187156	-0.000002	-0.000002	1.463500	-3.434916	-1.117513	0.000000	63368.093750	839.139282	64891.839844
2004	01	0.000000	-2.094649	3.551828	3.551828	-0.000001	-0.000001	1.457179	1.133344	-0.541980	0.000000	63368.109375	839.001221	64891.699219
2004	01	0.000000	-2.505048	3.949814	3.949814	-0.000001	-0.000001	1.444767	-0.363327	-0.602286	0.000000	63368.125000	838.867065	64891.566406
2004	01	0.000000	-2.408655	3.839963	3.839963	-0.000001	-0.000001	1.431307	-0.729950	-1.076786	0.000000	63368.140625	838.725891	64891.421875
2004	01	0.000000	-1.615610	3.028054	3.028054	-0.000001	-0.000001	1.412444	4.788123	-0.399344	0.000000	63368.156250	838.600891	64891.296875
2004	01	0.000000	-1.624591	3.002377	3.002377	-0.000001	-0.000001	1.377785	15.818681	0.118029	0.000000	63368.171875	838.496338	64891.195312
2004	01	0.000000	-2.397965	3.693620	3.693620	-0.000001	-0.000001	1.295655	1.935044	-0.501397	0.000000	63368.187500	838.370361	64891.070312
2004	01	0.000000	-2.723170	3.985131	3.985131	-0.000001	-0.000001	1.261961	-8.420562	-1.438734	0.000000	63368.203125	838.222473	64890.929688
2004	01	0.000000	-2.452293	3.670446	3.670446	-0.000001	-0.000001	1.218153	3.043441	-0.255797	0.000000	63368.214844	838.087769	64890.800781
2004	01	0.000000	-2.259497	3.421647	3.421647	-0.000001	-0.000001	1.162150	1.298427	-0.390481	0.000000	63368.230469	837.954224	64890.671875
2004	01	0.000000	-3.230134	4.340314	4.340314	-0.000002	-0.000002	1.110180	-14.921098	-1.861184	0.000000	63368.242188	837.806519	64890.535156
2004	01	0.000000	-3.490419	4.579981	4.579981	-0.000002	-0.000002	1.089562	-12.392966	-2.534075	0.000000	63368.253906	837.640686	64890.378906
2004	01	0.000000	-2.993537	4.073775	4.073775	-0.000002	-0.000002	1.080237	-1.582549	-0.995199	0.000000	63368.269531	837.480652	64890.230469
2004	01	0.000000	-2.467607	3.530733	3.530733	-0.000001	-0.000001	1.063125	-3.705158	-1.410051	0.000000	63368.281250	837.333191	64890.093750
2004	01	0.000000	-1.549031	2.552378	2.552378	-0.000001	-0.000001	1.003347	5.645146	-0.518576	0.000000	63368.292969	837.215027	64889.988281
2004	01	0.000000	-1.528782	2.412866	2.412866	-0.000001	-0.000001	0.884083	6.058103	-0.227559	0.000000	63368.304688	837.113464	64889.902344
2004	01	0.000000	-1.778999	2.557615	2.557615	-0.000001	-0.000001	0.778616	5.415526	-0.356005	0.000000	63368.312500	837.002136	64889.808594
2004	01	0.000000	-1.812175	2.518002	2.518002	-0.000001	-0.000001	0.705828	4.546288	-0.256207	0.000000	63368.320312	836.887939	64889.718750
2004	01	0.000000	-1.356235	1.979310	1.979310	-0.000001	-0.000001	0.623075	13.783301	-0.181898	0.000000	63368.328125	836.784485	64889.640625
2004	01	0.000000	-1.542485	2.065015	2.065015	-0.000001	-0.000001	0.522531	14.539483	0.081307	0.000000	63368.332031	836.685120	64889.566406
2004	01	0.000000	-1.745613	2.205705	2.205705	-0.000001	-0.000001	0.460092	10.492126	-0.273136	0.000000	63368.335938	836.574951	64889.488281
2004	01	0.000000	-1.987827	2.406908	2.406908	-0.000001	-0.000001	0.419080	2.624520	-0.317693	0.000000	63368.339844	836.463196	64889.406250
2004	01	0.000000	-2.716933	3.111846	3.111846	-0.000001	-0.000001	0.394913	-4.867527	-1.269557	0.000000	63368.343750	836.333984	64889.312500
2004	01	0.000000	-2.718068	3.110559	3.110559	-0.000001	-0.000001	0.392491	-0.752448	-0.946096	0.000000	63368.347656	836.191284	64889.199219
2004	01	0.000000	-1.866297	2.256335	2.256335	-0.000001	-0.000001	0.390038	-0.039235	-0.650143	0.000000	63368.351562	836.062622	64889.105469
2004	01	0.000000	-1.556924	1.910726	1.910726	-0.000001	-0.000001	0.353802	9.285058	-0.245344	0.000000	63368.355469	835.958923	64889.035156
2004	01	0.000000	-2.175549	2.470382	2.470382	-0.000001	-0.000001	0.294833	-4.423350	-0.382351	0.000000	63368.355469	835.843872	64888.957031
2004	01	0.000000	-2.128581	2.389757	2.389757	-0.000001	-0.000001	0.261177	3.875308	-0.098505	0.000000	63368.359375	835.723328	64888.871094
2004	01	0.000000	-1.676778	1.906779	1.906779	-0.000001	-0.000001	0.230001	4.498422	-0.448904	0.000000	63368.359375	835.608459	64888.796875
2004	01	0.000000	-1.761301	1.937518	1.937518	-0.000001	-0.000001	0.176217	-0.751237	-0.561741	0.000000	63368.363281	835.502563	64888.730469
2004	02	0.000000	-1.815073	1.940983	1.940983	-0.000001	-0.000001	0.125910	4.008032	-0.789329	0.000000	63368.363281	835.390198	64888.656250
2004	02	0.000000	-1.408380	1.502504	1.502504	-0.000001	-0.000001	0.094123	11.767996	-0.585906	0.000000	63368.359375	835.283447	64888.593750
2004	02	0.000000	-1.393811	1.465677	1.465677	-0.000001	-0.000001	0.071866	6.841968	-0.997573	0.000000	63368.359375	835.185913	64888.539062
2004	02	0.000000	-1.858535	1.915869	1.915869	-0.000001	-0.000001	0.057334	-3.421347	-1.359903	0.000000	63368.359375	835.077393	64888.472656
2004	02	0.000000	-1.706552	1.759993	1.759993	-0.000001	-0.000001	0.053441	-2.124453	-0.644312	0.000000	63368.359375	834.964050	64888.402344
2004	02	0.000000	-1.319285	1.370979	1.370979	-0.000001	-0.000001	0.051694	3.974561	-0.450659	0.000000	63368.359375	834.861938	64888.343750
2004	02	0.000000	-1.122808	1.172916	1.172916	-0.000000	-0.000000	0.050108	5.158468	-0.482112	0.000000	63368.359375	834.768616	64888.296875
2004	02	0.000000	-1.063746	1.111550	1.111550	-0.000000	-0.000000	0.047804	9.304013	-0.185001	0.000000	63368.359375	834.682434	64888.253906
2004	02	0.000000	-1.297509	1.340368	1.340368	-0.000001	-0.000001	0.042858	11.940206	-0.117655	0.000000	63368.355469	834.591370	64888.207031
2004	02	0.000000	-1.893811	1.931627	1.931627	-0.000001	-0.000001	0.037815	1.249820	-0.902192	0.000000	63368.355469	834.484375	64888.144531
2004	02	0.000000	-1.537471	1.572543	1.572543	-0.000001	-0.000001	0.035072	1.819022	-0.420790	0.000000	63368.355469	834.378113	64888.082031
2004	02	0.000000	-1.601039	1.633666	1.633666	-0.000001	-0.000001	0.032627	0.942737	-0.437619	0.000000	63368.355469	834.269104	64888.019531
2004	02	0.000000	-1.204808	1.234423	1.234423	-0.000000	-0.000000	0.029615	10.318975	-0.293693	0.000000	63368.355469	834.173706	64887.968750
2004	02	0.000000	-1.409209	1.434159	1.434159	-0.000001	-0.000001	0.024950	-0.598507	-0.350286	0.000000	63368.355469	834.081787	64887.921875
2004	02	0.000000	-1.765494	1.785103	1.785103	-0.000001	-0.000001	0.019608	-12.101600	-0.920303	0.000000	63368.355469	833.974426	64887.859375
2004	02	0.000000	-1.765180	1.781726	1.781726	-0.000001	-0.000001	0.016546	-8.533052	-0.579498	0.000000	63368.355469	833.865417	64887.792969
2004	02	0.000000	-1.917296	1.931326	1.931326	-0.000001	-0.000001	0.014030	-10.707602	-0.960975	0.000000	63368.355469	833.750549	64887.722656
2004	02	0.000000	-1.765102	1.776742	1.776742	-0.000001	-0.000001	0.011641	-8.087564	-0.675022	0.000000	63368.355469	833.640259	64887.660156
2004	02	0.000000	-1.848502	1.857673	1.857673	-0.000001	-0.000001	0.009171	-12.819622	-1.091471	0.000000	63368.355469	833.527832	64887.593750
2004	02	0.000000	-1.475505	1.482624	1.482624	-0.000001	-0.000001	0.007119	7.604253	-0.509830	0.000000	63368.351562	833.420044	64887.531250
2004	02	0.000000	-1.568912	1.575005	1.575005	-0.000001	-0.000001	0.006093	1.232279	-0.457872	0.000000	63368.351562	833.322876	64887.476562
2004	02	0.000000	-1.880715	1.885762	1.885762	-0.000001	-0.000001	0.005046	-6.202028	-1.065840	0.000000	63368.351562	833.215576	64887.414062
2004	02	0.000000	-1.728829	1.732827	1.732827	-0.000001	-0.000001	0.003998	-10.627662	-0.881446	0.000000	63368.351562	833.102844	64887.347656
2004	02	0.000000	-1.922501	1.925522	1.925522	-0.000001	-0.000001	0.003021	-9.458237	-1.022784	0.000000	63368.351562	832.990051	64887.281250
2004	02	0.000000	-1.841888	1.844006	1.844006	-0.000001	-0.000001	0.002118	-13.253654	-1.286036	0.000000	63368.351562	832.879150	64887.214844
2004	02	0.000000	-2.020318	2.021981	2.021981	-0.000001	-0.000001	0.001663	-17.789692	-2.162218	0.000000	63368.351562	832.762878	64887.144531
2004	02	0.000000	-2.018070	2.019478	2.019478	-0.000001	-0.000001	0.001408	-20.062578	-2.154583	0.000000	63368.351562	832.645691	64887.074219
2004	02	0.000000	-2.230009	2.231175	2.231175	-0.000001	-0.000001	0.001165	-20.380714	-3.820085	0.000000	63368.351562	832.525635	64887.000000
2004	03	0.000000	-2.163684	2.164683	2.164683	-0.000001	-0.000001	0.000998	-17.242464	-2.295598	0.000000	63368.351562	832.402344	64886.921875
2004	03	0.000000	-2.297791	2.298556	2.298556	-0.000001	-0.000001	0.000765	-2.770725	-0.905330	0.000000	63368.351562	832.283630	64886.847656
2004	03	0.000000	-1.816896	1.817440	1.817440	-0.000001	-0.000001	0.000543	5.874959	-0.375963	0.000000	63368.351562	832.171021	64886.781250
2004	03	0.000000	-2.338110	2.338437	2.338437	-0.000001	-0.000001	0.000327	-3.662515	-0.601488	0.000000	63368.351562	832.056458	64886.710938
2004	03	0.000000	-2.648153	2.648263	2.648263	-0.000001	-0.000001	0.000110	-12.233019	-1.779639	0.000000	63368.351562	831.925903	64886.628906
2004	03	0.000000	-2.596142	2.596142	2.596142	-0.000001	-0.000001	0.000000	0.987190	-0.726207	0.000000	63368.351562	831.792603	64886.539062
2004	03	0.000000	-2.034053	2.034053	2.034053	-0.000001	-0.000001	0.000000	3.117115	-0.583819	0.000000	63368.351562	831.674011	64886.464844
2004	03	0.000000	-1.618421	1.618421	1.618421	-0.000001	-0.000001	0.000000	13.816239	-0.387078	0.000000	63368.351562	831.568542	64886.406250
2004	03	0.000000	-2.074280	2.074280	2.074280	-0.000001	-0.000001	0.000000	-0.886976	-1.260064	0.000000	63368.351562	831.459167	64886.343750
2004	03	0.000000	-1.329607	1.329607	1.329607	-0.000000	-0.000000	0.000000	19.712492	-0.358122	0.000000	63368.351562	831.357300	64886.285156
2004	03	0.000000	-1.463546	1.463546	1.463546	-0.000001	-0.000001	0.000000	12.591601	-0.414960	0.000000	63368.351562	831.267883	64886.242188
2004	03	0.000000	-1.835619	1.835619	1.835619	-0.000001	-0.000001	0.000000	5.051044	-0.796861	0.000000	63368.351562	831.165283	64886.187500
2004	03	0.000000	-1.847158	1.847158	1.847158	-0.000001	-0.000001	0.000000	10.992198	-0.357846	0.000000	63368.351562	831.058289	64886.125000
2004	03	0.000000	-2.080356	2.080356	2.080356	-0.000001	-0.000001	0.000000	9.216468	-0.097479	0.000000	63368.351562	830.948303	64886.058594
2004	03	0.000000	-1.961537	1.961537	1.961537	-0.000001	-0.000001	0.000000	4.521941	-1.483459	0.000000	63368.351562	830.833435	64885.992188
2004	03	0.000000	-1.857180	1.857180	1.857180	-0.000001	-0.000001	0.000000	4.835365	-0.934322	0.000000	63368.351562	830.728333	64885.929688
2004	03	0.000000	-1.681120	1.681120	1.681120	-0.000001	-0.000001	0.000000	9.961235	-0.529161	0.000000	63368.351562	830.623840	64885.871094
2004	03	0.000000	-1.895238	1.895238	1.895238	-0.000001	-0.000001	0.000000	6.972010	-0.925435	0.000000	63368.351562	830.518616	64885.812500
2004	03	0.000000	-2.192737	2.192737	2.192737	-0.000001	-0.000001	0.000000	1.691343	-0.934355	0.000000	63368.351562	830.410645	64885.750000
2004	03	0.000000	-2.447433	2.447433	2.447433	-0.000001	-0.000001	0.000000	-4.228628	-2.117802	0.000000	63368.351562	830.281311	64885.664062
2004	03	0.000000	-2.446451	2.446451	2.446451	-0.000001	-0.000001	0.000000	-2.043858	-2.036398	0.000000	63368.351562	830.161377	64885.589844
2004	03	0.000000	-2.157417	2.157417	2.157417	-0.000001	-0.000001	0.000000	1.019872	-1.288060	0.000000	63368.351562	830.035339	64885.511719
2004	03	0.000000	-3.330648	3.330648	3.330648	-0.000001	-0.000001	0.000000	-8.246321	-4.663733	0.000000	63368.351562	829.907898	64885.429688
2004	03	0.000000	-3.944232	3.944232	3.944232	-0.000001	-0.000001	0.000000	-9.575211	-4.523703	0.000000	63368.351562	829.738342	64885.304688
2004	03	0.000000	-3.401927	3.401927	3.401927	-0.000001	-0.000001	0.000000	-11.615112	-5.109234	0.000000	63368.351562	829.573242	64885.183594
2004	03	0.000000	-2.603129	2.603129	2.603129	-0.000001	-0.000001	0.000000	-9.638456	-2.591855	0.000000	63368.351562	829.429993	64885.085938
2004	03	0.000000	-2.378567	2.378567	2.378567	-0.000001	-0.000001	0.000000	4.357865	-0.907311	0.000000	63368.351562	829.303040	64885.007812
2004	03	0.000000	-1.976557	1.976557	1.976557	-0.000001	-0.000001	0.000000	7.187449	-0.625833	0.000000	63368.351562	829.190735	64884.937500
2004	03	0.000000	-2.557596	2.557596	2.557596	-0.000001	-0.000001	0.000000	-2.701731	-1.461020	0.000000	63368.351562	829.070496	64884.863281
2004	03	0.000000	-2.777497	2.777497	2.777497	-0.000001	-0.000001	0.000000	-0.684233	-1.495642	0.000000	63368.351562	828.937988	64884.777344
2004	03	0.000000	-2.202955	2.202955	2.202955	-0.000001	-0.000001	0.000000	1.385707	-0.292960	0.000000	63368.351562	828.808472	64884.691406
2004	04	0.000000	-1.741339	1.741339	1.741339	-0.000001	-0.000001	0.000000	11.054637	0.056049	0.000000	63368.351562	828.702271	64884.632812
2004	04	0.000000	-1.935124	1.935124	1.935124	-0.000001	-0.000001	0.000000	12.403567	-0.489824	0.000000	63368.351562	828.590759	64884.566406
2004	04	0.000000	-1.789928	1.789928	1.789928	-0.000001	-0.000001	0.000000	16.876762	-0.137539	0.000000	63368.351562	828.484802	64884.503906
2004	04	0.000000	-1.553993	1.553993	1.553993	-0.000001	-0.000001	0.000000	22.360239	0.005531	0.000000	63368.351562	828.382690	64884.449219
2004	04	0.000000	-1.696525	1.696525	1.696525	-0.000001	-0.000001	0.000000	17.101513	0.037132	0.000000	63368.351562	828.284241	64884.394531
2004	04	0.000000	-2.032271	2.032271	2.032271	-0.000001	-0.000001	0.000000	5.351796	-0.467088	0.000000	63368.351562	828.173157	64884.332031
2004	04	0.000000	-1.928691	1.928691	1.928691	-0.000001	-0.000001	0.000000	16.226238	-0.512760	0.000000	63368.351562	828.062988	64884.265625
2004	04	0.000000	-2.591026	2.591026	2.591026	-0.000001	-0.000001	0.000000	7.609095	-0.848912	0.000000	63368.351562	827.941406	64884.187500
2004	04	0.000000	-2.229662	2.229662	2.229662	-0.000001	-0.000001	0.000000	7.572033	-0.627114	0.000000	63368.351562	827.813354	64884.105469
2004	04	0.000000	-3.262049	3.262049	3.262049	-0.000001	-0.000001	0.000000	3.735308	-1.369434	0.000000	63368.351562	827.678467	64884.015625
2004	04	0.000000	-2.737412	2.737412	2.737412	-0.000001	-0.000001	0.000000	8.254921	-0.841671	0.000000	63368.351562	827.529541	64883.914062
2004	04	0.000000	-2.414207	2.414207	2.414207	-0.000001	-0.000001	0.000000	13.000234	0.064903	0.000000	63368.351562	827.399109	64883.828125
2004	04	0.000000	-3.151201	3.151201	3.151201	-0.000001	-0.000001	0.000000	1.245025	-0.173710	0.000000	63368.351562	827.264343	64883.738281
2004	04	0.000000	-3.385658	3.385658	3.385658	-0.000001	-0.000001	0.000000	2.339643	-0.450785	0.000000	63368.351562	827.104065	64883.625000
2004	04	0.000000	-2.889013	2.889013	2.889013	-0.000001	-0.000001	0.000000	10.066571	-0.206129	0.000000	63368.351562	826.957092	64883.523438
2004	04	0.000000	-2.725299	2.725299	2.725299	-0.000001	-0.000001	0.000000	0.868549	-1.699940	0.000000	63368.351562	826.814697	64883.425781
2004	04	0.000000	-3.144121	3.144121	3.144121	-0.000001	-0.000001	0.000000	3.759702	-1.728923	0.000000	63368.351562	826.674805	64883.332031
2004	04	0.000000	-3.567434	3.567434	3.567434	-0.000001	-0.000001	0.000000	1.135722	-2.519523	0.000000	63368.351562	826.518921	64883.218750
2004	04	0.000000	-3.649223	3.649223	3.649223	-0.000001	-0.000001	0.000000	2.922482	-1.001779	0.000000	63368.351562	826.351013	64883.097656
2004	04	0.000000	-3.318367	3.318367	3.318367	-0.000001	-0.000001	0.000000	3.251925	-1.680353	0.000000	63368.351562	826.189209	64882.980469
2004	04	0.000000	-2.762940	2.762940	2.762940	-0.000001	-0.000001	0.000000	2.880383	-0.348302	0.000000	63368.351562	826.040894	64882.878906
2004	04	0.000000	-2.557267	2.557267	2.557267	-0.000001	-0.000001	0.000000	8.844267	-0.180069	0.000000	63368.351562	825.910278	64882.792969
2004	04	0.000000	-2.805717	2.805717	2.805717	-0.000001	-0.000001	0.000000	11.581424	1.422667	0.000000	63368.351562	825.774109	64882.703125
2004	04	0.000000	-3.118070	3.118070	3.118070	-0.000001	-0.000001	0.000000	9.801167	0.742058	0.000000	63368.351562	825.630859	64882.601562
2004	04	0.000000	-2.871253	2.871253	2.871253	-0.000001	-0.000001	0.000000	10.081137	0.456974	0.000000	63368.351562	825.484009	64882.500000
2004	04	0.000000	-2.866679	2.866679	2.866679	-0.000001	-0.000001	0.000000	13.336419	0.157384	0.000000	63368.351562	825.344177	64882.406250
2004	04	0.000000	-2.846320	2.846320	2.846320	-0.000001	-0.000001	0.000000	11.161734	-0.584874	0.000000	63368.351562	825.202759	64882.312500
2004	04	0.000000	-2.777849	2.777849	2.777849	-0.000001	-0.000001	0.000000	12.049480	0.737895	0.000000	63368.351562	825.064209	64882.218750
2004	04	0.000000	-2.786897	2.786897	2.786897	-0.000001	-0.000001	0.000000	15.364258	3.028994	0.000000	63368.351562	824.926819	64882.125000
2004	04	0.000000	-2.748611	2.748611	2.748611	-0.000001	-0.000001	0.000000	13.565436	2.566251	0.000000	63368.351562	824.788208	64882.031250
2004	05	0.000000	-3.125835	3.125835	3.125835	-0.000001	-0.000001	0.000000	7.426044	0.925074	0.000000	63368.351562	824.648865	64881.937500
2004	05	0.000000	-4.238177	4.238177	4.238177	-0.000002	-0.000002	0.000000	3.706450	3.045470	0.000000	63368.351562	824.480408	64881.816406
2004	05	0.000000	-4.071062	4.071062	4.071062	-0.000002	-0.000002	0.000000	3.248633	2.066280	0.000000	63368.351562	824.303955	64881.683594
2004	05	0.000000	-3.857057	3.857057	3.857057	-0.000001	-0.000001	0.000000	-2.085798	-0.894449	0.000000	63368.351562	824.129944	64881.554688
2004	05	0.000000	-3.580532	3.580532	3.580532	-0.000001	-0.000001	0.000000	4.997357	0.900570	0.000000	63368.351562	823.964844	64881.433594
2004	05	0.000000	-3.547027	3.547027	3.547027	-0.000001	-0.000001	0.000000	0.969148	0.103270	0.000000	63368.351562	823.804993	64881.320312
2004	05	0.000000	-4.176163	4.176163	4.176163	-0.000002	-0.000002	0.000000	7.207079	5.074539	0.000000	63368.351562	823.637512	64881.199219
2004	05	0.000000	-4.077345	4.077345	4.077345	-0.000002	-0.000002	0.000000	-1.387594	0.914145	0.000000	63368.351562	823.456787	64881.062500
2004	05	0.000000	-4.318875	4.318875	4.318875	-0.000002	-0.000002	0.000000	4.528121	4.067393	0.000000	63368.351562	823.277039	64880.925781
2004	05	0.000000	-4.158669	4.158669	4.158669	-0.000002	-0.000002	0.000000	5.841332	6.167512	0.000000	63368.351562	823.094421	64880.789062
2004	05	0.000000	-3.570281	3.570281	3.570281	-0.000001	-0.000001	0.000000	4.893354	4.399704	0.000000	63368.351562	822.923340	64880.664062
2004	05	0.000000	-3.607527	3.607527	3.607527	-0.000001	-0.000001	0.000000	6.830804	3.430727	0.000000	63368.351562	822.766602	64880.550781
2004	05	0.000000	-3.750974	3.750974	3.750974	-0.000001	-0.000001	0.000000	5.417532	3.235177	0.000000	63368.351562	822.599060	64880.429688
2004	05	0.000000	-3.687901	3.687901	3.687901	-0.000001	-0.000001	0.000000	8.313825	4.859958	0.000000	63368.351562	822.433838	64880.308594
2004	05	0.000000	-3.894309	3.894309	3.894309	-0.000001	-0.000001	0.000000	10.140689	7.836247	0.000000	63368.351562	822.268250	64880.187500
2004	05	0.000000	-4.055483	4.055483	4.055483	-0.000002	-0.000002	0.000000	11.295711	9.860139	0.000000	63368.351562	822.096252	64880.062500
2004	05	0.000000	-4.072667	4.072667	4.072667	-0.000002	-0.000002	0.000000	12.470099	10.526327	0.000000	63368.351562	821.919373	64879.929688
2004	05	0.000000	-3.506263	3.506263	3.506263	-0.000001	-0.000001	0.000000	18.661592	9.949501	0.000000	63368.351562	821.750854	64879.808594
2004	05	0.000000	-3.725357	3.725357	3.725357	-0.000001	-0.000001	0.000000	19.295197	11.967242	0.000000	63368.351562	821.592712	64879.695312
2004	05	0.000000	-3.760175	3.760175	3.760175	-0.000001	-0.000001	0.000000	16.136530	11.093070	0.000000	63368.351562	821.427185	64879.574219
2004	05	0.000000	-3.616782	3.616782	3.616782	-0.000001	-0.000001	0.000000	10.712415	8.997735	0.000000	63368.351562	821.259827	64879.449219
2004	05	0.000000	-3.763507	3.763507	3.763507	-0.000001	-0.000001	0.000000	11.307296	7.293398	0.000000	63368.351562	821.099060	64879.335938
2004	05	0.000000	-4.201480	4.201480	4.201480	-0.000002	-0.000002	0.000000	11.780308	11.463705	0.000000	63368.351562	820.926514	64879.207031
2004	05	0.000000	-4.312531	4.312531	4.312531	-0.000002	-0.000002	0.000000	12.882652	16.640257	0.000000	63368.351562	820.743896	64879.070312
2004	05	0.000000	-4.101421	4.101421	4.101421	-0.000002	-0.000002	0.000000	17.313150	16.872128	0.000000	63368.351562	820.562561	64878.933594
2004	05	0.000000	-4.113994	4.113994	4.113994	-0.000002	-0.000002	0.000000	7.024195	9.334113	0.000000	63368.351562	820.386414	64878.800781
2004	05	0.000000	-4.053197	4.053197	4.053197	-0.000002	-0.000002	0.000000	7.146461	11.024358	0.000000	63368.351562	820.209534	64878.671875
2004	05	0.000000	-4.101037	4.101037	4.101037	-0.000002	-0.000002	0.000000	7.647077	10.125283	0.000000	63368.351562	820.033813	64878.539062
2004	05	0.000000	-4.085919	4.085919	4.085919	-0.000002	-0.000002	0.000000	8.450541	8.442728	0.000000	63368.351562	819.857239	64878.406250
2004	05	0.000000	-4.029926	4.029926	4.029926	-0.000002	-0.000002	0.000000	9.432012	10.574673	0.000000	63368.351562	819.681396	64878.277344
2004	05	0.000000	-3.666469	3.666469	3.666469	-0.000001	-0.000001	0.000000	7.287017	6.983640	0.000000	63368.351562	819.511292	64878.152344
2004	06	0.000000	-3.514272	3.514272	3.514272	-0.000001	-0.000001	0.000000	12.845639	9.820930	0.000000	63368.351562	819.348694	64878.035156
2004	06	0.000000	-3.917890	3.917890	3.917890	-0.000002	-0.000002	0.000000	19.601889	18.921196	0.000000	63368.351562	819.181702	64877.910156
2004	06	0.000000	-3.821374	3.821374	3.821374	-0.000001	-0.000001	0.000000	24.796944	19.846825	0.000000	63368.351562	819.007935	64877.781250
2004	06	0.000000	-3.793252	3.793252	3.793252	-0.000001	-0.000001	0.000000	23.907686	20.101597	0.000000	63368.351562	818.836487	64877.656250
2004	06	0.000000	-3.710788	3.710788	3.710788	-0.000001	-0.000001	0.000000	19.287567	17.572889	0.000000	63368.351562	818.667358	64877.531250
2004	06	0.000000	-3.949764	3.949764	3.949764	-0.000002	-0.000002	0.000000	13.884318	15.069995	0.000000	63368.351562	818.494629	64877.406250
2004	06	0.000000	-3.884511	3.884511	3.884511	-0.000001	-0.000001	0.000000	3.167758	5.903902	0.000000	63368.351562	818.318481	64877.273438
2004	06	0.000000	-4.419497	4.419497	4.419497	-0.000002	-0.000002	0.000000	-7.640265	-3.122512	0.000000	63368.351562	818.136963	64877.136719
2004	06	0.000000	-4.839441	4.839441	4.839441	-0.000002	-0.000002	0.000000	-16.700653	-4.250118	0.000000	63368.351562	817.936340	64876.980469
2004	06	0.000000	-4.906083	4.906083	4.906083	-0.000002	-0.000002	0.000000	-22.121437	-6.544935	0.000000	63368.351562	817.728088	64876.816406
2004	06	0.000000	-4.849184	4.849184	4.849184	-0.000002	-0.000002	0.000000	-29.791975	-7.131288	0.000000	63368.351562	817.521912	64876.656250
2004	06	0.000000	-4.953934	4.953934	4.953934	-0.000002	-0.000002	0.000000	-34.030853	-12.693556	0.000000	63368.351562	817.315002	64876.492188
2004	06	0.000000	-4.688995	4.688995	4.688995	-0.000002	-0.000002	0.000000	-29.664595	-13.157611	0.000000	63368.351562	817.109558	64876.332031
2004	06	0.000000	-4.429928	11.725982	11.725982	-0.000005	-0.000005	7.296053	-18.358107	-1.237077	0.000000	63368.457031	816.912720	64876.089844
2004	06	0.000000	-4.949595	32.317364	32.317364	-0.000012	-0.000012	27.367769	-0.476132	4.387555	0.000000	63369.082031	816.714355	64875.355469
2004	06	0.000000	-5.425699	41.043125	41.043125	-0.000016	-0.000016	35.617428	15.587163	15.435703	0.000000	63370.183594	816.495056	64874.082031
2004	06	0.000000	-5.294874	39.880535	39.880535	-0.000015	-0.000015	34.585659	77.909523	56.875050	0.000000	63371.246094	816.267883	64872.683594
2004	06	0.000000	-4.955474	29.585119	29.585119	-0.000011	-0.000011	24.629644	63.272240	41.758488	0.000000	63371.992188	816.054321	64871.492188
2004	06	0.000000	-4.812829	23.289421	23.289421	-0.000009	-0.000009	18.476593	54.998432	34.184986	0.000000	63372.390625	815.850464	64870.699219
2004	06	0.000000	-5.089608	16.682707	16.682707	-0.000006	-0.000006	11.593099	38.147125	29.693903	0.000000	63372.691406	815.641418	64870.035156
2004	06	0.000000	-5.714800	18.228971	18.228971	-0.000007	-0.000007	12.514170	76.799973	60.310711	0.000000	63372.933594	815.410583	64869.445312
2004	06	0.000000	-5.189456	32.975185	32.975185	-0.000013	-0.000013	27.785728	82.863945	53.700882	0.000000	63373.250000	815.188599	64868.699219
2004	06	0.000000	-5.113729	38.882893	38.882893	-0.000015	-0.000015	33.769161	70.539299	52.122234	0.000000	63373.851562	814.972900	64867.273438
2004	06	1.888335	-3.685910	25.579315	23.690981	-0.000009	-0.000009	20.005072	84.939529	53.244625	5240.571289	63374.171875	814.767151	64866.324219
2004	06	9.402419	2.598973	25.530704	16.128284	-0.000006	-0.000006	18.727257	102.187477	54.597294	26093.914062	63374.398438	814.718018	64865.679688
2004	06	19.139565	10.048691	27.956194	8.816628	-0.000003	-0.000003	18.865318	72.379982	48.036488	53116.765625	63374.597656	814.894775	64865.281250
2004	06	29.090395	17.683765	30.566797	1.476400	-0.000001	-0.000001	19.160166	57.409782	45.193447	80732.648438	63374.789062	815.327393	64865.125000
2004	06	42.291706	27.776142	34.434887	-7.856821	0.000003	0.000003	19.919319	39.838692	37.120121	117369.375000	63374.964844	816.039612	64865.234375
2004	06	51.086349	33.537693	44.312992	-6.773358	0.000003	0.000003	26.764336	57.379822	84.572342	141776.562500	63375.160156	817.012756	64865.492188
2004	06	39.939758	25.305670	49.363853	9.424100	-0.000004	-0.000004	34.729771	37.210220	25.634787	110842.164062	63375.417969	817.989929	64865.480469
2004	07	44.778400	28.387066	52.774208	7.995809	-0.000003	-0.000003	36.382874	-2.070137	14.772682	120261.789062	63375.695312	818.768799	64865.121094
2004	07	65.385284	45.370846	56.404076	-8.981210	0.000003	0.000003	36.389641	9.829145	13.731939	175605.921875	63375.925781	819.983459	64865.195312
2004	07	74.069023	51.343121	59.556686	-14.512336	0.000005	0.000005	36.830784	2.057029	11.179388	198927.921875	63376.121094	821.454407	64865.546875
2004	07	131.095627	96.796715	77.854202	-53.241421	0.000020	0.000020	43.555302	16.557560	47.430981	352084.843750	63376.300781	823.888062	64866.710938
2004	07	111.989471	77.652817	81.130898	-30.858576	0.000012	0.000012	46.794243	40.014786	108.194031	300771.281250	63376.472656	826.651917	64868.011719
2004	07	120.977287	88.525032	70.698822	-50.278465	0.000019	0.000019	38.246559	92.113518	64.183380	324909.937500	63376.601562	829.314148	64869.394531
2004	07	138.284470	100.498634	80.918304	-57.366161	0.000021	0.000021	43.132469	46.366127	65.794853	371391.968750	63376.714844	832.355896	64871.164062
2004	07	153.429291	112.832535	84.831451	-68.597839	0.000026	0.000026	44.234692	59.634182	73.189140	412066.625000	63376.824219	835.737854	64873.187500
2004	07	163.554138	117.703812	95.260498	-68.293648	0.000025	0.000025	49.410168	32.140182	59.003464	439259.000000	63376.925781	839.327332	64875.308594
2004	07	155.843689	108.158249	101.118683	-54.725018	0.000020	0.000020	53.433235	10.139815	69.926834	418551.000000	63377.007812	843.115112	64877.460938
2004	07	161.138596	117.035812	90.465523	-70.673073	0.000026	0.000026	46.362732	25.258743	41.903191	432771.562500	63377.054688	846.582153	64879.386719
2004	07	190.011932	139.255432	98.062111	-91.949806	0.000034	0.000034	47.305634	64.333534	72.866386	510316.937500	63377.066406	850.802795	64882.132812
2004	07	176.381363	126.908493	94.621040	-81.760323	0.000031	0.000031	45.148167	47.423813	74.071564	473709.218750	63377.050781	855.192993	64885.074219
2004	07	144.462936	102.421791	80.942673	-63.520256	0.000024	0.000024	38.901535	49.536549	36.235325	387985.531250	63377.019531	858.615723	64887.207031
2004	07	184.966187	133.879211	91.865959	-93.100220	0.000035	0.000035	40.778988	73.777458	50.747543	496765.562500	63376.972656	862.517456	64889.871094
2004	07	177.895462	127.056351	89.891289	-88.004189	0.000033	0.000033	39.052174	46.925919	59.272919	477775.656250	63376.910156	866.730225	64892.835938
2004	07	185.833649	132.749222	90.657707	-95.175949	0.000036	0.000036	37.573273	74.366943	63.112663	499095.343750	63376.839844	870.749817	64895.675781
2004	07	163.185211	107.555832	96.133255	-67.051964	0.000025	0.000025	40.503872	32.129875	62.973549	438268.187500	63376.753906	874.780884	64898.488281
2004	07	130.667999	84.787544	81.353394	-49.314602	0.000018	0.000018	35.472946	27.230289	25.073437	350936.343750	63376.664062	877.563232	64900.109375
2004	07	183.705978	129.384995	89.519135	-94.186836	0.000035	0.000035	35.198147	60.929722	46.453133	493381.000000	63376.566406	881.055176	64902.507812
2004	07	213.527557	150.512924	100.108513	-113.419029	0.000042	0.000042	37.093891	54.650169	67.333420	573473.125000	63376.460938	885.677368	64906.007812
2004	07	230.498260	160.132217	108.733109	-121.765167	0.000045	0.000045	38.367058	27.404165	75.937004	619051.562500	63376.343750	890.578796	64909.738281
2004	07	188.374771	125.774971	98.997208	-89.377556	0.000033	0.000033	36.397415	27.472868	48.401558	505920.000000	63376.218750	895.362122	64913.359375
2004	07	82.790405	38.271206	76.736473	-6.053930	0.000002	0.000002	32.217278	-1.809077	13.435885	222351.031250	63376.089844	897.606323	64914.566406
2004	07	106.143875	58.253017	79.033836	-27.110043	0.000010	0.000010	31.142975	0.447741	21.272102	285071.687500	63375.968750	899.002686	64914.996094
2004	07	203.932343	138.756195	98.317322	-105.615036	0.000039	0.000039	33.141159	42.114597	55.390747	547703.187500	63375.835938	902.550537	64917.542969
2004	07	168.682724	107.215927	93.742363	-74.940361	0.000028	0.000028	32.275566	24.522387	33.237495	453032.906250	63375.699219	906.327332	64920.320312
2004	07	156.320557	94.889191	93.547867	-62.772690	0.000023	0.000023	32.116493	1.540797	28.258337	419831.718750	63375.558594	909.774902	64922.773438
2004	07	133.823502	78.381996	85.291664	-48.531841	0.000018	0.000018	29.850151	5.818650	21.316254	359411.125000	63375.414062	912.260925	64924.316406
2004	07	148.113312	90.186523	87.482422	-60.630886	0.000023	0.000023	29.555637	47.460453	43.575771	397789.437500	63375.269531	915.317078	64926.457031
2004	07	136.346191	83.190598	80.539757	-55.806446	0.000021	0.000021	27.384159	81.926964	40.572941	366186.343750	63375.125000	918.044556	64928.316406
2004	08	132.844666	78.507103	81.195526	-51.649139	0.000019	0.000019	26.857958	68.850533	39.107067	356782.281250	63374.984375	920.682922	64930.132812
2004	08	104.976639	55.825527	74.328964	-30.647669	0.000011	0.000011	25.177860	53.300865	26.786726	281936.812500	63374.847656	922.603760	64931.277344
2004	08	119.491982	67.074699	77.402702	-42.089283	0.000016	0.000016	24.985415	69.808731	33.697552	320920.843750	63374.707031	924.728149	64932.636719
2004	08	112.651352	59.672379	77.558594	-35.092758	0.000013	0.000013	24.579618	47.740730	27.265478	302548.906250	63374.570312	926.778137	64933.941406
2004	08	104.646454	51.519852	77.502197	-27.144245	0.000010	0.000010	24.375607	28.605003	19.978285	281050.031250	63374.429688	928.472107	64934.902344
2004	08	104.720940	52.178085	75.636497	-29.084436	0.000011	0.000011	23.093651	45.580711	20.784111	281250.062500	63374.253906	930.144653	64935.863281
2004	08	124.650597	68.179161	79.079605	-45.570992	0.000017	0.000017	22.608168	76.806618	25.505806	334775.375000	63374.035156	932.205322	64937.238281
2004	08	125.126328	66.847878	80.562126	-44.564198	0.000017	0.000017	22.283674	68.127884	26.146385	336053.031250	63373.808594	934.416321	64938.773438
2004	08	118.969673	59.724380	80.800880	-38.168789	0.000014	0.000014	21.555592	44.633381	22.838568	319518.062500	63373.582031	936.427429	64940.136719
2004	08	126.610199	59.675571	88.910957	-37.699245	0.000014	0.000014	21.976328	46.807861	31.656893	340038.312500	63373.343750	938.304199	64941.363281
2004	08	124.791267	54.757240	91.866142	-32.925121	0.000012	0.000012	21.832117	39.984871	32.157375	335153.156250	63373.105469	940.183289	64942.585938
2004	08	113.767776	49.959625	84.500259	-29.267523	0.000011	0.000011	20.692102	27.905008	23.276525	305547.281250	63372.878906	941.983093	64943.750000
2004	08	116.209213	48.036015	88.420883	-27.788332	0.000010	0.000010	20.247681	40.389797	25.401470	312104.281250	63372.664062	943.454224	64944.613281
2004	08	112.241814	43.196152	88.725655	-23.516161	0.000009	0.000009	19.679991	33.788551	27.310345	301449.000000	63372.437500	944.944641	64945.507812
2004	08	98.363022	28.324568	89.375076	-8.987947	0.000003	0.000003	19.336620	34.742817	24.905220	264174.562500	63372.222656	946.126587	64946.113281
2004	08	99.077324	40.505943	75.639816	-23.437506	0.000009	0.000009	17.068436	59.253876	20.512096	266092.968750	63372.015625	947.529114	64946.980469
2004	08	72.259117	26.434372	61.097359	-11.161759	0.000004	0.000004	15.272614	78.502159	9.740875	194067.031250	63371.839844	948.594727	64947.582031
2004	08	68.406189	23.790791	59.064003	-9.342191	0.000003	0.000003	14.448599	78.707947	9.324920	183719.203125	63371.683594	949.376953	64947.937500
2004	08	70.916313	24.297426	60.748608	-10.167702	0.000004	0.000004	14.129724	68.660400	10.673114	190460.656250	63371.527344	950.161438	64948.312500
2004	08	70.918381	20.423706	64.796799	-6.121581	0.000002	0.000002	14.302126	57.902515	11.974501	190466.203125	63371.371094	950.855774	64948.601562
2004	08	66.803337	17.386621	63.542534	-3.260804	0.000001	0.000001	14.125818	55.240414	11.331580	179414.390625	63371.210938	951.476929	64948.816406
2004	08	61.135468	15.179124	59.620758	-1.514707	0.000001	0.000001	13.664417	56.736076	9.492624	164192.140625	63371.058594	952.036438	64948.980469
2004	08	64.173363	14.184030	63.966225	-0.207138	0.000000	0.000000	13.976891	50.964973	11.122875	172351.046875	63370.910156	952.501099	64949.050781
2004	08	62.234699	18.163897	57.525742	-4.708958	0.000002	0.000002	13.454938	38.503654	8.072798	167144.359375	63370.753906	953.108948	64949.269531
2004	08	73.078026	20.502451	66.577103	-6.500927	0.000002	0.000002	14.001525	28.606222	13.516142	196266.406250	63370.601562	953.769714	64949.539062
2004	08	63.347279	13.621133	63.472382	0.125104	-0.000000	-0.000000	13.746237	35.488022	11.332455	170132.421875	63370.441406	954.294678	64949.667969
2004	08	62.542072	14.610210	61.422718	-1.119354	0.000000	0.000000	13.490857	45.263161	11.599301	167969.875000	63370.285156	954.845093	64949.832031
2004	08	49.009117	8.383130	53.974991	4.965871	-0.000002	-0.000002	13.349001	47.925877	12.749086	131624.281250	63370.140625	955.308777	64949.917969
2004	08	43.972919	6.958740	50.492161	6.519243	-0.000002	-0.000002	13.477983	57.759747	6.280460	118098.507812	63370.011719	955.497559	64949.718750
2004	08	46.531532	5.780145	55.097382	8.565851	-0.000003	-0.000003	14.345996	24.840273	10.729741	124970.210938	63369.875000	955.753906	64949.589844
2004	08	35.398964	-1.804620	54.110378	18.711412	-0.000007	-0.000007	16.906794	-4.494428	26.713966	95071.351562	63369.738281	955.818054	64949.187500
2004	09	25.435427	-5.038651	45.143204	19.707781	-0.000008	-0.000008	14.669130	19.794296	18.404484	70589.250000	63369.613281	955.718750	64948.617188
2004	09	30.527317	-0.305309	45.229534	14.702215	-0.000006	-0.000006	14.396906	37.755913	8.921357	84720.437500	63369.488281	955.651489	64948.121094
2004	09	32.542324	0.492488	46.840111	14.297785	-0.000006	-0.000006	14.790273	30.778542	7.777903	90312.562500	63369.367188	955.663574	64947.703125
2004	09	35.690582	2.812074	47.593517	11.902935	-0.000005	-0.000005	14.715008	17.202652	9.118294	99049.710938	63369.238281	955.773438	64947.363281
2004	09	33.419735	1.118751	46.687717	13.267982	-0.000005	-0.000005	14.386733	22.556051	8.395213	92747.578125	63369.113281	955.822449	64946.984375
2004	09	33.679115	1.564491	46.423397	12.744278	-0.000005	-0.000005	14.308769	23.381269	5.803478	93467.429688	63368.988281	955.889038	64946.625000
2004	09	39.813648	4.323258	50.562359	10.748713	-0.000004	-0.000004	15.071971	17.908239	7.913153	110492.171875	63368.859375	956.053040	64946.355469
2004	09	38.957050	3.215818	51.043869	12.086816	-0.000005	-0.000005	15.302633	7.647056	7.441478	108114.921875	63368.726562	956.182800	64946.031250
2004	09	30.763153	-1.299315	46.259636	15.496481	-0.000006	-0.000006	14.197166	6.659866	4.738428	85374.945312	63368.597656	956.239563	64945.644531
2004	09	28.463509	-2.996626	45.740246	17.276739	-0.000007	-0.000007	14.280111	22.468977	6.178862	78992.890625	63368.464844	956.169495	64945.160156
2004	09	27.194557	-3.728763	44.918999	17.724445	-0.000007	-0.000007	13.995683	9.059911	-0.167497	75471.257812	63368.335938	956.099182	64944.667969
2004	09	28.259947	-2.822230	44.951843	16.691896	-0.000006	-0.000006	13.869668	12.741579	4.166497	78427.960938	63368.203125	956.021179	64944.179688
2004	09	28.916893	-2.021509	44.691620	15.774729	-0.000006	-0.000006	13.753220	18.176800	5.982462	80251.132812	63368.074219	955.972107	64943.718750
2004	09	27.451210	-4.135800	45.731289	18.280079	-0.000007	-0.000007	14.144279	6.796115	2.554215	76183.531250	63367.941406	955.882080	64943.222656
2004	09	21.298824	-8.777606	44.508743	23.209923	-0.000009	-0.000009	14.432317	-3.773157	3.965794	59109.218750	63367.808594	955.647949	64942.566406
2004	09	24.987017	-5.268794	44.894798	19.907780	-0.000008	-0.000008	14.638988	8.174595	5.194343	69344.812500	63367.671875	955.468201	64941.949219
2004	09	27.197737	-5.024086	47.223068	20.025330	-0.000008	-0.000008	15.001244	6.454731	5.935742	75480.078125	63367.535156	955.348267	64941.390625
2004	09	22.385864	-7.846608	45.497971	23.112106	-0.000009	-0.000009	15.265498	-8.414801	12.308449	62126.011719	63367.390625	955.166809	64940.757812
2004	09	17.339701	-8.560771	39.646667	22.306967	-0.000009	-0.000009	13.746195	12.440910	7.391806	48121.722656	63367.250000	954.895386	64940.046875
2004	09	13.912522	-10.020757	36.652340	22.739820	-0.000009	-0.000009	12.719062	11.001055	3.369323	38610.500000	63367.117188	954.601868	64939.363281
2004	09	11.991501	-11.660971	35.352531	23.361031	-0.000009	-0.000009	11.700059	5.905323	4.504168	33279.218750	63366.992188	954.234375	64938.648438
2004	09	11.966098	-13.102978	38.830513	26.864418	-0.000010	-0.000010	13.761439	-8.978376	5.596853	33208.722656	63366.863281	953.838562	64937.894531
2004	09	10.499763	-14.134785	42.178394	31.678627	-0.000012	-0.000012	17.543842	-15.365330	3.725380	29139.298828	63366.722656	953.426758	64937.007812
2004	09	6.906323	-15.432599	40.161751	33.255432	-0.000013	-0.000013	17.822832	1.787343	12.539211	19166.660156	63366.570312	952.975647	64936.007812
2004	09	0.408642	-19.628851	36.441334	36.032692	-0.000014	-0.000014	16.403841	2.300629	4.682522	1134.076050	63366.425781	952.477234	64934.984375
2004	09	2.055193	-17.133911	31.914158	29.858965	-0.000012	-0.000012	12.725055	12.926788	13.015930	5703.641602	63366.289062	952.003906	64934.085938
2004	09	2.161481	-16.502487	28.618723	26.457241	-0.000010	-0.000010	9.954754	15.523951	11.092574	5998.615723	63366.164062	951.544312	64933.304688
2004	09	1.922157	-16.189196	27.523294	25.601139	-0.000010	-0.000010	9.411942	13.853579	7.732993	5334.435547	63366.050781	951.092102	64932.585938
2004	09	1.814830	-16.742828	28.103905	26.289074	-0.000010	-0.000010	9.546245	11.136632	8.952809	5036.578613	63365.937500	950.634155	64931.867188
2004	09	1.888338	-17.013138	33.272202	31.383863	-0.000012	-0.000012	14.370725	17.663404	14.160851	5240.579102	63365.816406	950.168823	64931.074219
2004	10	1.813830	-17.701635	36.360786	34.546955	-0.000013	-0.000013	16.845320	2.926237	8.994221	4871.420898	63365.671875	949.687073	64930.105469
2004	10	1.377525	-16.832691	33.842537	32.465015	-0.000012	-0.000012	15.632323	-1.151919	2.602448	3699.631836	63365.523438	949.062073	64929.164062
2004	10	1.267883	-16.980986	26.708693	25.440811	-0.000009	-0.000009	8.459826	0.157209	2.317812	3405.165283	63365.410156	947.719788	64928.382812
2004	10	1.117975	-17.305387	26.826515	25.708538	-0.000010	-0.000010	8.403151	0.979469	2.034201	3002.555664	63365.332031	945.513855	64927.691406
2004	10	0.416159	-17.084522	24.478159	24.061998	-0.000009	-0.000009	6.977478	1.093359	1.342055	1117.682007	63365.273438	942.457764	64927.019531
2004	10	0.354101	-16.201178	22.196360	21.842258	-0.000008	-0.000008	5.641081	1.448027	1.044764	951.013367	63365.246094	938.564087	64926.417969
2004	10	0.338128	-15.418632	20.905853	20.567726	-0.000008	-0.000008	5.149094	0.800210	0.551077	908.114624	63365.226562	933.824097	64925.839844
2004	10	0.219586	-14.034182	18.804144	18.584558	-0.000007	-0.000007	4.550377	1.552366	-0.516406	589.745239	63365.214844	928.238281	64925.285156
2004	10	0.132261	-12.968206	17.402218	17.269958	-0.000006	-0.000006	4.301751	7.976673	1.228312	355.213837	63365.203125	921.825134	64924.765625
2004	10	0.120565	-12.929279	17.604057	17.483492	-0.000007	-0.000007	4.554213	5.257226	0.738433	323.803436	63365.207031	914.550049	64924.226562
2004	10	0.100092	-12.045898	16.353048	16.252958	-0.000006	-0.000006	4.207059	6.712100	0.756302	268.817719	63365.214844	906.413391	64923.675781
2004	10	0.056553	-11.245369	14.890116	14.833562	-0.000006	-0.000006	3.588192	10.497005	0.885610	151.885727	63365.230469	897.432068	64923.136719
2004	10	0.040741	-11.441219	14.339796	14.299055	-0.000005	-0.000005	2.857836	13.980763	1.440966	109.417664	63365.234375	887.576782	64922.597656
2004	10	0.031616	-11.553970	13.967313	13.935696	-0.000005	-0.000005	2.381726	9.614899	0.340968	84.911751	63365.238281	876.838745	64922.031250
2004	10	0.004948	-10.882392	13.070923	13.065975	-0.000005	-0.000005	2.183582	-1.558711	-0.761352	13.289022	63365.234375	865.235168	64921.445312
2004	10	0.002933	-12.414814	14.563934	14.561001	-0.000005	-0.000005	2.146186	-8.926383	-5.045400	7.876787	63365.230469	852.768738	64920.820312
2004	10	0.000000	-14.205543	16.280651	16.280651	-0.000006	-0.000006	2.075109	-16.084291	-7.161843	0.000000	63365.230469	846.155396	64920.117188
2004	10	0.000000	-10.776251	12.748411	12.748411	-0.000005	-0.000005	1.972159	-18.050310	-4.926844	0.000000	63365.230469	845.497314	64919.437500
2004	10	0.000000	-8.968852	10.839021	10.839021	-0.000004	-0.000004	1.870168	-12.240245	-2.194538	0.000000	63365.234375	844.962952	64918.886719
2004	10	0.000000	-9.538583	11.311975	11.311975	-0.000004	-0.000004	1.773392	-11.096601	-2.428699	0.000000	63365.234375	844.430054	64918.343750
2004	10	0.000000	-10.798445	12.479850	12.479850	-0.000005	-0.000005	1.681405	-11.168132	-4.122542	0.000000	63365.234375	843.888489	64917.792969
2004	10	0.000000	-11.836202	13.444008	13.444008	-0.000005	-0.000005	1.607805	-16.228346	-7.569318	0.000000	63365.234375	843.293701	64917.191406
2004	10	0.000000	-10.376074	11.953671	11.953671	-0.000004	-0.000004	1.577596	-14.156012	-5.208439	0.000000	63365.238281	842.718811	64916.609375
2004	10	0.000000	-8.815533	10.388615	10.388615	-0.000004	-0.000004	1.573082	-12.287954	-3.350700	0.000000	63365.238281	842.213623	64916.101562
2004	10	0.000000	-8.605884	10.174259	10.174259	-0.000004	-0.000004	1.568375	-12.799283	-3.634332	0.000000	63365.238281	841.725525	64915.609375
2004	10	0.000000	-8.035727	9.599044	9.599044	-0.000004	-0.000004	1.563317	-7.795923	-2.007392	0.000000	63365.242188	841.261597	64915.140625
2004	10	0.000000	-6.233826	7.791381	7.791381	-0.000003	-0.000003	1.557555	-3.584978	-0.700127	0.000000	63365.242188	840.841736	64914.714844
2004	10	0.000000	-4.332266	5.880522	5.880522	-0.000002	-0.000002	1.548256	-2.847106	-0.328621	0.000000	63365.246094	840.488342	64914.359375
2004	10	0.000000	-5.520721	7.053166	7.053166	-0.000003	-0.000003	1.532444	-10.635739	-1.488032	0.000000	63365.246094	840.153809	64914.019531
2004	10	0.000000	-5.063058	6.573462	6.573462	-0.000002	-0.000002	1.510403	-9.308025	-1.068872	0.000000	63365.246094	839.798157	64913.660156
2004	10	0.000000	-5.425166	6.911592	6.911592	-0.000003	-0.000003	1.486427	-10.229012	-1.368345	0.000000	63365.250000	839.455200	64913.316406
2004	11	0.000000	-4.407176	5.821311	5.821311	-0.000002	-0.000002	1.414136	-15.310748	-1.391447	0.000000	63365.250000	839.127441	64912.988281
2004	11	0.000000	-4.308203	5.692759	5.692759	-0.000002	-0.000002	1.384556	-16.514458	-1.552823	0.000000	63365.253906	838.818359	64912.675781
2004	11	0.000000	-5.025643	6.378101	6.378101	-0.000002	-0.000002	1.352457	-8.666482	-1.705886	0.000000	63365.253906	838.508118	64912.367188
2004	11	0.000000	-6.423778	7.752149	7.752149	-0.000003	-0.000003	1.328371	-9.379715	-2.354555	0.000000	63365.253906	838.154297	64912.015625
2004	11	0.000000	-6.244664	7.563097	7.563097	-0.000003	-0.000003	1.318433	-12.496006	-2.841950	0.000000	63365.257812	837.782471	64911.644531
2004	11	0.000000	-4.762286	6.074583	6.074583	-0.000002	-0.000002	1.312297	-11.709818	-1.653054	0.000000	63365.261719	837.455139	64911.320312
2004	11	0.000000	-5.108046	6.410806	6.410806	-0.000002	-0.000002	1.302761	-15.872745	-2.386673	0.000000	63365.261719	837.141602	64911.007812
2004	11	0.000000	-4.301151	5.592140	5.592140	-0.000002	-0.000002	1.290989	-7.331780	-0.995657	0.000000	63365.265625	836.836182	64910.707031
2004	11	0.000000	-4.006475	5.282096	5.282096	-0.000002	-0.000002	1.275621	-7.060624	-0.708361	0.000000	63365.269531	836.567322	64910.441406
2004	11	0.000000	-4.387444	5.645226	5.645226	-0.000002	-0.000002	1.257783	-2.742494	-0.450256	0.000000	63365.269531	836.293152	64910.167969
2004	11	0.000000	-5.104800	6.346868	6.346868	-0.000002	-0.000002	1.242067	-8.173168	-1.497892	0.000000	63365.273438	835.991577	64909.871094
2004	11	0.000000	-4.192684	5.421454	5.421454	-0.000002	-0.000002	1.228771	-4.688415	-1.116500	0.000000	63365.277344	835.707458	64909.593750
2004	11	0.000000	-4.335343	5.547994	5.547994	-0.000002	-0.000002	1.212650	-1.608428	-0.353255	0.000000	63365.281250	835.441833	64909.332031
2004	11	0.000000	-4.739893	5.935112	5.935112	-0.000002	-0.000002	1.195218	-7.151862	-1.434734	0.000000	63365.285156	835.165466	64909.062500
2004	11	0.000000	-4.825101	6.002663	6.002663	-0.000002	-0.000002	1.177563	-9.272942	-3.017526	0.000000	63365.289062	834.880798	64908.781250
2004	11	0.000000	-4.833004	5.994312	5.994312	-0.000002	-0.000002	1.161307	-8.088336	-3.744821	0.000000	63365.292969	834.598022	64908.507812
2004	11	0.000000	-3.588525	4.735465	4.735465	-0.000002	-0.000002	1.146940	-8.309871	-1.205628	0.000000	63365.296875	834.337646	64908.253906
2004	11	0.000000	-3.111809	4.240590	4.240590	-0.000002	-0.000002	1.128781	-3.708530	-0.704445	0.000000	63365.300781	834.112915	64908.035156
2004	11	0.000000	-3.257509	4.356885	4.356885	-0.000002	-0.000002	1.099377	0.278629	-0.566606	0.000000	63365.308594	833.898865	64907.832031
2004	11	0.000000	-2.883753	3.948983	3.948983	-0.000002	-0.000002	1.065230	1.183471	-0.585887	0.000000	63365.312500	833.680054	64907.621094
2004	11	0.000000	-3.086401	4.115500	4.115500	-0.000002	-0.000002	1.029099	-7.082254	-0.659917	0.000000	63365.316406	833.473267	64907.425781
2004	11	0.000000	-3.228964	4.220347	4.220347	-0.000002	-0.000002	0.991383	-2.090725	-0.700258	0.000000	63365.324219	833.261963	64907.226562
2004	11	0.000000	-3.501157	4.456998	4.456998	-0.000002	-0.000002	0.955842	3.082075	-0.269352	0.000000	63365.328125	833.044922	64907.023438
2004	11	0.000000	-4.064195	4.989872	4.989872	-0.000002	-0.000002	0.925677	-3.822232	-0.849118	0.000000	63365.335938	832.817200	64906.808594
2004	11	0.000000	-4.064042	4.964711	4.964711	-0.000002	-0.000002	0.900670	-7.554502	-1.539842	0.000000	63365.339844	832.577332	64906.585938
2004	11	0.000000	-3.237706	4.116818	4.116818	-0.000002	-0.000002	0.879112	-8.644516	-1.120069	0.000000	63365.347656	832.355469	64906.378906
2004	11	0.000000	-3.734839	4.590581	4.590581	-0.000002	-0.000002	0.855743	-1.961571	-0.414872	0.000000	63365.355469	832.144409	64906.183594
2004	11	0.000000	-4.069671	4.903340	4.903340	-0.000002	-0.000002	0.833670	-2.470797	-0.886027	0.000000	63365.359375	831.915222	64905.972656
2004	11	0.000000	-3.159456	3.972788	3.972788	-0.000002	-0.000002	0.813332	-0.531970	-0.667156	0.000000	63365.367188	831.708069	64905.785156
2004	11	0.000000	-3.406709	4.190922	4.190922	-0.000002	-0.000002	0.784213	-8.826700	-1.016577	0.000000	63365.375000	831.500916	64905.593750
2004	12	0.000000	-3.034945	3.803131	3.803131	-0.000001	-0.000001	0.768186	-1.662573	-0.508983	0.000000	63365.382812	831.307922	64905.421875
2004	12	0.000000	-2.988375	3.709890	3.709890	-0.000001	-0.000001	0.721515	-0.729889	-0.798475	0.000000	63365.386719	831.118103	64905.253906
2004	12	0.000000	-2.415982	3.093925	3.093925	-0.000001	-0.000001	0.677943	6.838188	-0.520905	0.000000	63365.394531	830.942566	64905.101562
2004	12	0.000000	-2.518789	3.146895	3.146895	-0.000001	-0.000001	0.628105	2.565604	-0.586387	0.000000	63365.398438	830.779480	64904.964844
2004	12	0.000000	-2.703912	3.285907	3.285907	-0.000001	-0.000001	0.581995	-0.756859	-0.539296	0.000000	63365.406250	830.608521	64904.816406
2004	12	0.000000	-2.091766	2.628457	2.628457	-0.000001	-0.000001	0.536691	4.868171	-0.638386	0.000000	63365.410156	830.444641	64904.683594
2004	12	0.000000	-1.889898	2.360763	2.360763	-0.000001	-0.000001	0.470865	18.771336	0.063210	0.000000	63365.414062	830.302979	64904.570312
2004	12	0.000000	-2.773856	3.187319	3.187319	-0.000001	-0.000001	0.413462	4.508714	-0.595797	0.000000	63365.417969	830.143188	64904.441406
2004	12	0.000000	-2.311334	2.693682	2.693682	-0.000001	-0.000001	0.382348	14.298361	-0.414504	0.000000	63365.421875	829.981079	64904.312500
2004	12	0.000000	-1.896360	2.252346	2.252346	-0.000001	-0.000001	0.355986	13.865964	-0.232514	0.000000	63365.425781	829.832581	64904.195312
2004	12	0.000000	-1.536643	1.857834	1.857834	-0.000001	-0.000001	0.321191	18.231867	-0.133731	0.000000	63365.429688	829.700562	64904.097656
2004	12	0.000000	-1.550786	1.825797	1.825797	-0.000001	-0.000001	0.275011	17.085526	-0.125916	0.000000	63365.433594	829.575134	64904.007812
2004	12	0.000000	-2.760218	2.995769	2.995769	-0.000001	-0.000001	0.235550	-2.330279	-0.579745	0.000000	63365.433594	829.429749	64903.902344
2004	12	0.000000	-2.237002	2.454365	2.454365	-0.000001	-0.000001	0.217363	4.474877	-0.393310	0.000000	63365.433594	829.270691	64903.781250
2004	12	0.000000	-2.066710	2.260962	2.260962	-0.000001	-0.000001	0.194252	8.501889	-0.480958	0.000000	63365.437500	829.128235	64903.675781
2004	12	0.000000	-1.716295	1.878434	1.878434	-0.000001	-0.000001	0.162139	12.561245	-0.325825	0.000000	63365.437500	828.995850	64903.585938
2004	12	0.000000	-1.565499	1.692183	1.692183	-0.000001	-0.000001	0.126684	20.437340	-0.094885	0.000000	63365.437500	828.869507	64903.500000
2004	12	0.000000	-1.751914	1.846447	1.846447	-0.000001	-0.000001	0.094532	12.290004	-0.171069	0.000000	63365.437500	828.747070	64903.417969
2004	12	0.000000	-1.986558	2.049686	2.049686	-0.000001	-0.000001	0.063128	6.237760	-0.540796	0.000000	63365.437500	828.615173	64903.328125
2004	12	0.000000	-2.640521	2.688033	2.688033	-0.000001	-0.000001	0.047512	1.286811	-0.910647	0.000000	63365.437500	828.473145	64903.230469
2004	12	0.000000	-2.410216	2.449154	2.449154	-0.000001	-0.000001	0.038938	-1.631121	-1.047855	0.000000	63365.437500	828.317627	64903.121094
2004	12	0.000000	-2.349191	2.383257	2.383257	-0.000001	-0.000001	0.034065	4.090133	-1.211491	0.000000	63365.437500	828.176758	64903.023438
2004	12	0.000000	-3.019867	3.048252	3.048252	-0.000001	-0.000001	0.028385	0.341633	-2.575481	0.000000	63365.437500	828.022095	64902.914062
2004	12	0.000000	-3.434108	3.461240	3.461240	-0.000001	-0.000001	0.027131	-4.776252	-3.955146	0.000000	63365.437500	827.851501	64902.785156
2004	12	0.000000	-4.004158	4.031218	4.031218	-0.000002	-0.000002	0.027059	-8.395425	-4.362947	0.000000	63365.437500	827.663635	64902.644531
2004	12	0.000000	-3.178806	3.205964	3.205964	-0.000001	-0.000001	0.027158	-11.947885	-2.149543	0.000000	63365.437500	827.482666	64902.507812
2004	12	0.000000	-2.946636	2.973886	2.973886	-0.000001	-0.000001	0.027249	-7.700482	-1.805878	0.000000	63365.437500	827.321228	64902.390625
2004	12	0.000000	-2.010175	2.037489	2.037489	-0.000001	-0.000001	0.027314	-5.117679	-0.494993	0.000000	63365.437500	827.177551	64902.289062
2004	12	0.000000	-1.707014	1.734362	1.734362	-0.000001	-0.000001	0.027348	3.378928	-0.226258	0.000000	63365.437500	827.054626	64902.210938
2004	12	0.000000	-2.495791	2.523133	2.523133	-0.000001	-0.000001	0.027342	-5.736450	-0.455373	0.000000	63365.437500	826.925842	64902.128906
2004	12	0.000000	-2.621539	2.648843	2.648843	-0.000001	-0.000001	0.027304	-4.451788	-0.573744	0.000000	63365.437500	826.779480	64902.023438
2005	01	0.000000	-2.262215	2.289473	2.289473	-0.000001	-0.000001	0.027257	-4.669014	-0.519837	0.000000	63365.437500	826.638428	64901.929688
2005	01	0.000000	-1.910488	1.937687	1.937687	-0.000001	-0.000001	0.027199	3.541534	-0.399836	0.000000	63365.437500	826.511414	64901.847656
2005	01	0.000000	-2.545393	2.572322	2.572322	-0.000001	-0.000001	0.026930	-3.387316	-1.761937	0.000000	63365.437500	826.378418	64901.757812
2005	01	0.000000	-1.943538	1.969988	1.969988	-0.000001	-0.000001	0.026450	-2.523838	-0.462823	0.000000	63365.437500	826.244629	64901.667969
2005	01	0.000000	-2.073029	2.098674	2.098674	-0.000001	-0.000001	0.025644	3.325266	-0.361750	0.000000	63365.437500	826.122742	64901.589844
2005	01	0.000000	-1.992964	2.016194	2.016194	-0.000001	-0.000001	0.023230	9.946020	-0.294917	0.000000	63365.437500	825.998840	64901.511719
2005	01	0.000000	-2.114368	2.134641	2.134641	-0.000001	-0.000001	0.020273	3.208068	-0.575634	0.000000	63365.437500	825.872009	64901.429688
2005	01	0.000000	-1.966812	1.982292	1.982292	-0.000001	-0.000001	0.015481	5.563576	-0.523349	0.000000	63365.437500	825.749756	64901.351562
2005	01	0.000000	-1.944613	1.956315	1.956315	-0.000001	-0.000001	0.011702	-7.728195	-1.142225	0.000000	63365.437500	825.627930	64901.273438
2005	01	0.000000	-2.004119	2.013427	2.013427	-0.000001	-0.000001	0.009309	-9.021852	-0.614291	0.000000	63365.437500	825.507568	64901.199219
2005	01	0.000000	-1.850769	1.857625	1.857625	-0.000001	-0.000001	0.006856	-2.706990	-0.174981	0.000000	63365.433594	825.388123	64901.125000
2005	01	0.000000	-1.707190	1.711521	1.711521	-0.000001	-0.000001	0.004331	2.263623	-0.014738	0.000000	63365.433594	825.273560	64901.054688
2005	01	0.000000	-1.617505	1.620463	1.620463	-0.000001	-0.000001	0.002957	7.607057	0.090102	0.000000	63365.433594	825.164978	64900.992188
2005	01	0.000000	-1.516291	1.518433	1.518433	-0.000001	-0.000001	0.002142	9.477417	-0.070516	0.000000	63365.433594	825.057312	64900.929688
2005	01	0.000000	-1.439219	1.440499	1.440499	-0.000001	-0.000001	0.001280	12.363759	-0.064387	0.000000	63365.433594	824.956177	64900.871094
2005	01	0.000000	-2.104461	2.104833	2.104833	-0.000001	-0.000001	0.000371	-0.982907	-0.183278	0.000000	63365.433594	824.843323	64900.804688
2005	01	0.000000	-1.783264	1.783264	1.783264	-0.000001	-0.000001	0.000000	0.874148	-0.579726	0.000000	63365.433594	824.724731	64900.730469
2005	01	0.000000	-1.821894	1.821894	1.821894	-0.000001	-0.000001	0.000000	3.885312	-0.458507	0.000000	63365.433594	824.613831	64900.667969
2005	01	0.000000	-2.146163	2.146163	2.146163	-0.000001	-0.000001	0.000000	-2.249866	-0.180333	0.000000	63365.433594	824.495483	64900.593750
2005	01	0.000000	-2.477604	2.477604	2.477604	-0.000001	-0.000001	0.000000	-6.449071	-1.577373	0.000000	63365.433594	824.367432	64900.511719
2005	01	0.000000	-2.516710	2.516710	2.516710	-0.000001	-0.000001	0.000000	-7.554328	-2.641475	0.000000	63365.433594	824.231750	64900.417969
2005	01	0.000000	-2.471895	2.471895	2.471895	-0.000001	-0.000001	0.000000	-7.027678	-1.077527	0.000000	63365.433594	824.097961	64900.332031
2005	01	0.000000	-2.570434	2.570434	2.570434	-0.000001	-0.000001	0.000000	-4.077831	-0.926247	0.000000	63365.433594	823.964722	64900.242188
2005	01	0.000000	-1.892227	1.892227	1.892227	-0.000001	-0.000001	0.000000	-5.339682	-0.419010	0.000000	63365.433594	823.840149	64900.164062
2005	01	0.000000	-1.823527	1.823527	1.823527	-0.000001	-0.000001	0.000000	2.661260	-0.324486	0.000000	63365.433594	823.730408	64900.097656
2005	01	0.000000	-2.823322	2.823322	2.823322	-0.000001	-0.000001	0.000000	0.187597	-0.799152	0.000000	63365.433594	823.600830	64900.015625
2005	01	0.000000	-2.205870	2.205870	2.205870	-0.000001	-0.000001	0.000000	-4.351219	-0.473914	0.000000	63365.433594	823.464722	64899.921875
2005	01	0.000000	-1.969902	1.969902	1.969902	-0.000001	-0.000001	0.000000	-0.807685	-0.335418	0.000000	63365.433594	823.351807	64899.855469
2005	01	0.000000	-2.169416	2.169416	2.169416	-0.000001	-0.000001	0.000000	-5.120778	-0.432450	0.000000	63365.433594	823.227234	64899.777344
2005	01	0.000000	-1.677617	1.677617	1.677617	-0.000001	-0.000001	0.000000	6.603043	-0.269948	0.000000	63365.433594	823.117920	64899.710938
2005	01	0.000000	-2.039913	2.039913	2.039913	-0.000001	-0.000001	0.000000	-4.174108	-0.290272	0.000000	63365.433594	823.006104	64899.644531
2005	02	0.000000	-1.951652	1.951652	1.951652	-0.000001	-0.000001	0.000000	-5.095601	-0.539137	0.000000	63365.433594	822.888000	64899.570312
2005	02	0.000000	-1.838424	1.838424	1.838424	-0.000001	-0.000001	0.000000	-3.806061	-0.357880	0.000000	63365.433594	822.769714	64899.500000
2005	02	0.000000	-2.078886	2.078886	2.078886	-0.000001	-0.000001	0.000000	-10.406918	-0.827113	0.000000	63365.433594	822.648010	64899.421875
2005	02	0.000000	-1.867658	1.867658	1.867658	-0.000001	-0.000001	0.000000	-8.872994	-0.617428	0.000000	63365.433594	822.528198	64899.347656
2005	02	0.000000	-1.886751	1.886751	1.886751	-0.000001	-0.000001	0.000000	-6.201320	-0.455152	0.000000	63365.433594	822.412598	64899.277344
2005	02	0.000000	-2.146117	2.146117	2.146117	-0.000001	-0.000001	0.000000	-9.210258	-1.381851	0.000000	63365.433594	822.286987	64899.195312
2005	02	0.000000	-2.148700	2.148700	2.148700	-0.000001	-0.000001	0.000000	-8.135114	-1.013015	0.000000	63365.433594	822.161133	64899.117188
2005	02	0.000000	-1.862767	1.862767	1.862767	-0.000001	-0.000001	0.000000	-0.433798	-0.522247	0.000000	63365.433594	822.040710	64899.039062
2005	02	0.000000	-1.467450	1.467450	1.467450	-0.000001	-0.000001	0.000000	-3.503473	-0.433922	0.000000	63365.433594	821.931763	64898.976562
2005	02	0.000000	-1.383217	1.383217	1.383217	-0.000001	-0.000001	0.000000	0.641425	-0.267377	0.000000	63365.433594	821.832825	64898.921875
2005	02	0.000000	-1.367712	1.367712	1.367712	-0.000001	-0.000001	0.000000	4.232300	-0.453133	0.000000	63365.433594	821.733337	64898.867188
2005	02	0.000000	-1.491717	1.491717	1.491717	-0.000001	-0.000001	0.000000	-0.120501	-0.417940	0.000000	63365.433594	821.634521	64898.812500
2005	02	0.000000	-1.481912	1.481912	1.481912	-0.000001	-0.000001	0.000000	-4.656547	-0.264354	0.000000	63365.433594	821.532593	64898.757812
2005	02	0.000000	-1.969859	1.969859	1.969859	-0.000001	-0.000001	0.000000	-5.139310	-1.023537	0.000000	63365.433594	821.424805	64898.695312
2005	02	0.000000	-2.215901	2.215901	2.215901	-0.000001	-0.000001	0.000000	-20.588045	-2.011104	0.000000	63365.433594	821.295227	64898.609375
2005	02	0.000000	-2.078880	2.078880	2.078880	-0.000001	-0.000001	0.000000	-9.880429	-0.948959	0.000000	63365.433594	821.171021	64898.531250
2005	02	0.000000	-1.362657	1.362657	1.362657	-0.000001	-0.000001	0.000000	2.847464	-0.405622	0.000000	63365.433594	821.062012	64898.468750
2005	02	0.000000	-1.291399	1.291399	1.291399	-0.000001	-0.000001	0.000000	4.789156	-0.394246	0.000000	63365.433594	820.967468	64898.417969
2005	02	0.000000	-1.289626	1.289626	1.289626	-0.000001	-0.000001	0.000000	4.793855	-0.399345	0.000000	63365.433594	820.873230	64898.367188
2005	02	0.000000	-1.243188	1.243188	1.243188	-0.000001	-0.000001	0.000000	6.162123	-0.300694	0.000000	63365.433594	820.780090	64898.320312
2005	02	0.000000	-1.579806	1.579806	1.579806	-0.000001	-0.000001	0.000000	-5.014467	-0.234388	0.000000	63365.433594	820.682434	64898.265625
2005	02	0.000000	-1.534386	1.534386	1.534386	-0.000001	-0.000001	0.000000	-6.641392	-0.266520	0.000000	63365.433594	820.577087	64898.207031
2005	02	0.000000	-1.600328	1.600328	1.600328	-0.000001	-0.000001	0.000000	-2.517559	-0.386945	0.000000	63365.433594	820.474304	64898.148438
2005	02	0.000000	-1.593904	1.593904	1.593904	-0.000001	-0.000001	0.000000	-9.856870	-0.663089	0.000000	63365.433594	820.369019	64898.089844
2005	02	0.000000	-1.339251	1.339251	1.339251	-0.000001	-0.000001	0.000000	-2.454836	-0.375967	0.000000	63365.433594	820.268311	64898.031250
2005	02	0.000000	-1.518264	1.518264	1.518264	-0.000001	-0.000001	0.000000	-2.871810	-0.200307	0.000000	63365.433594	820.172729	64897.980469
2005	02	0.000000	-1.929911	1.929911	1.929911	-0.000001	-0.000001	0.000000	-4.889089	-0.639168	0.000000	63365.433594	820.060608	64897.914062
2005	02	0.000000	-1.612753	1.612753	1.612753	-0.000001	-0.000001	0.000000	-2.030308	-0.717976	0.000000	63365.433594	819.948853	64897.847656
2005	03	0.000000	-1.653037	1.653037	1.653037	-0.000001	-0.000001	0.000000	1.948030	-0.227766	0.000000	63365.433594	819.849365	64897.792969
2005	03	0.000000	-2.025368	2.025368	2.025368	-0.000001	-0.000001	0.000000	0.671798	-0.601516	0.000000	63365.433594	819.742554	64897.730469
2005	03	0.000000	-2.470348	2.470348	2.470348	-0.000001	-0.000001	0.000000	-3.099012	-1.048693	0.000000	63365.433594	819.623779	64897.656250
2005	03	0.000000	-2.125119	2.125119	2.125119	-0.000001	-0.000001	0.000000	-2.730900	-1.180737	0.000000	63365.433594	819.498230	64897.578125
2005	03	0.000000	-2.013057	2.013057	2.013057	-0.000001	-0.000001	0.000000	-0.044656	-1.593373	0.000000	63365.433594	819.388245	64897.511719
2005	03	0.000000	-1.973546	1.973546	1.973546	-0.000001	-0.000001	0.000000	10.153020	-0.719796	0.000000	63365.433594	819.276428	64897.445312
2005	03	0.000000	-2.147085	2.147085	2.147085	-0.000001	-0.000001	0.000000	3.785818	-0.635974	0.000000	63365.433594	819.166687	64897.378906
2005	03	0.000000	-2.327524	2.327524	2.327524	-0.000001	-0.000001	0.000000	-1.200157	-1.460784	0.000000	63365.433594	819.042603	64897.300781
2005	03	0.000000	-2.268444	2.268444	2.268444	-0.000001	-0.000001	0.000000	-1.949474	-1.918676	0.000000	63365.433594	818.921143	64897.226562
2005	03	0.000000	-1.855411	1.855411	1.855411	-0.000001	-0.000001	0.000000	-3.807665	-0.789159	0.000000	63365.433594	818.810242	64897.160156
2005	03	0.000000	-1.820706	1.820706	1.820706	-0.000001	-0.000001	0.000000	-1.581519	-1.165647	0.000000	63365.433594	818.704895	64897.097656
2005	03	0.000000	-1.860808	1.860808	1.860808	-0.000001	-0.000001	0.000000	11.777541	-0.524069	0.000000	63365.433594	818.599060	64897.039062
2005	03	0.000000	-1.920895	1.920895	1.920895	-0.000001	-0.000001	0.000000	7.921638	-0.849528	0.000000	63365.433594	818.493042	64896.976562
2005	03	0.000000	-1.464293	1.464293	1.464293	-0.000001	-0.000001	0.000000	18.498909	-0.467670	0.000000	63365.433594	818.389893	64896.917969
2005	03	0.000000	-1.544565	1.544565	1.544565	-0.000001	-0.000001	0.000000	12.562747	-0.478644	0.000000	63365.433594	818.298950	64896.871094
2005	03	0.000000	-3.095791	3.095791	3.095791	-0.000001	-0.000001	0.000000	-5.019840	-2.405784	0.000000	63365.433594	818.177673	64896.796875
2005	03	0.000000	-3.682653	3.682653	3.682653	-0.000001	-0.000001	0.000000	-5.695464	-2.893954	0.000000	63365.433594	818.018677	64896.679688
2005	03	0.000000	-2.727852	2.727852	2.727852	-0.000001	-0.000001	0.000000	-0.914336	-2.178457	0.000000	63365.433594	817.867920	64896.574219
2005	03	0.000000	-2.291417	2.291417	2.291417	-0.000001	-0.000001	0.000000	4.815455	-0.716650	0.000000	63365.433594	817.743896	64896.496094
2005	03	0.000000	-2.422489	2.422489	2.422489	-0.000001	-0.000001	0.000000	0.600545	-1.302220	0.000000	63365.433594	817.621887	64896.417969
2005	03	0.000000	-3.252398	3.252398	3.252398	-0.000001	-0.000001	0.000000	-4.476408	-2.422811	0.000000	63365.433594	817.485107	64896.328125
2005	03	0.000000	-3.055135	3.055135	3.055135	-0.000001	-0.000001	0.000000	-4.202703	-2.248422	0.000000	63365.433594	817.335815	64896.222656
2005	03	0.000000	-2.709563	2.709563	2.709563	-0.000001	-0.000001	0.000000	-5.179118	-1.657527	0.000000	63365.433594	817.197449	64896.128906
2005	03	0.000000	-2.422449	2.422449	2.422449	-0.000001	-0.000001	0.000000	5.203468	-0.651951	0.000000	63365.433594	817.071411	64896.046875
2005	03	0.000000	-2.641087	2.641087	2.641087	-0.000001	-0.000001	0.000000	-5.893454	-1.560469	0.000000	63365.433594	816.942078	64895.960938
2005	03	0.000000	-2.960198	2.960198	2.960198	-0.000001	-0.000001	0.000000	-1.431844	-1.299458	0.000000	63365.433594	816.804077	64895.871094
2005	03	0.000000	-2.948621	2.948621	2.948621	-0.000001	-0.000001	0.000000	-0.102654	-1.019646	0.000000	63365.433594	816.664673	64895.773438
2005	03	0.000000	-2.937062	2.937062	2.937062	-0.000001	-0.000001	0.000000	-1.813559	-1.163430	0.000000	63365.433594	816.525391	64895.679688
2005	03	0.000000	-2.393978	2.393978	2.393978	-0.000001	-0.000001	0.000000	3.563843	-1.318820	0.000000	63365.433594	816.389893	64895.589844
2005	03	0.000000	-2.238151	2.238151	2.238151	-0.000001	-0.000001	0.000000	7.047652	-0.469153	0.000000	63365.433594	816.272156	64895.515625
2005	03	0.000000	-1.957596	1.957596	1.957596	-0.000001	-0.000001	0.000000	13.601315	-0.342350	0.000000	63365.433594	816.160034	64895.449219
2005	04	0.000000	-1.813248	1.813248	1.813248	-0.000001	-0.000001	0.000000	12.879750	-0.305343	0.000000	63365.433594	816.054016	64895.386719
2005	04	0.000000	-2.222901	2.222901	2.222901	-0.000001	-0.000001	0.000000	-0.875162	-1.209063	0.000000	63365.433594	815.938416	64895.316406
2005	04	0.000000	-2.590883	2.590883	2.590883	-0.000001	-0.000001	0.000000	-10.464668	-1.970973	0.000000	63365.433594	815.811523	64895.234375
2005	04	0.000000	-2.543565	2.543565	2.543565	-0.000001	-0.000001	0.000000	-2.844553	-1.464571	0.000000	63365.433594	815.683838	64895.152344
2005	04	0.000000	-2.769237	2.769237	2.769237	-0.000001	-0.000001	0.000000	-11.262360	-2.686337	0.000000	63365.433594	815.549500	64895.062500
2005	04	0.000000	-3.213090	3.213090	3.213090	-0.000001	-0.000001	0.000000	-6.460818	-1.971095	0.000000	63365.433594	815.401733	64894.960938
2005	04	0.000000	-2.684914	2.684914	2.684914	-0.000001	-0.000001	0.000000	-1.490288	-1.569773	0.000000	63365.433594	815.259644	64894.863281
2005	04	0.000000	-2.959467	2.959467	2.959467	-0.000001	-0.000001	0.000000	-5.863382	-1.865028	0.000000	63365.433594	815.119995	64894.765625
2005	04	0.000000	-3.291735	3.291735	3.291735	-0.000001	-0.000001	0.000000	-7.297910	-2.101238	0.000000	63365.433594	814.966980	64894.660156
2005	04	0.000000	-3.055185	3.055185	3.055185	-0.000001	-0.000001	0.000000	-5.394073	-2.055387	0.000000	63365.433594	814.821228	64894.558594
2005	04	0.000000	-3.625506	3.625506	3.625506	-0.000001	-0.000001	0.000000	-12.250895	-4.523135	0.000000	63365.433594	814.663696	64894.445312
2005	04	0.000000	-3.411055	3.411055	3.411055	-0.000001	-0.000001	0.000000	-15.467461	-4.460519	0.000000	63365.433594	814.500061	64894.324219
2005	04	0.000000	-3.368937	3.368937	3.368937	-0.000001	-0.000001	0.000000	-22.349836	-5.587732	0.000000	63365.433594	814.344788	64894.214844
2005	04	0.000000	-3.493178	3.493178	3.493178	-0.000001	-0.000001	0.000000	-14.588714	-4.812982	0.000000	63365.433594	814.186157	64894.101562
2005	04	0.000000	-3.462525	3.462525	3.462525	-0.000001	-0.000001	0.000000	-8.351367	-2.702839	0.000000	63365.433594	814.024841	64893.984375
2005	04	0.000000	-3.479179	3.479179	3.479179	-0.000001	-0.000001	0.000000	-6.985892	-2.162379	0.000000	63365.433594	813.863159	64893.867188
2005	04	0.000000	-3.415039	3.415039	3.415039	-0.000001	-0.000001	0.000000	-12.198147	-2.626576	0.000000	63365.433594	813.702942	64893.750000
2005	04	0.000000	-3.238628	3.238628	3.238628	-0.000001	-0.000001	0.000000	-12.458954	-3.272196	0.000000	63365.433594	813.545715	64893.636719
2005	04	0.000000	-3.191586	3.191586	3.191586	-0.000001	-0.000001	0.000000	-1.791617	-1.285349	0.000000	63365.433594	813.395752	64893.531250
2005	04	0.000000	-2.926119	2.926119	2.926119	-0.000001	-0.000001	0.000000	-7.275773	-1.957403	0.000000	63365.433594	813.249756	64893.433594
2005	04	0.000000	-3.145146	3.145146	3.145146	-0.000001	-0.000001	0.000000	-10.266513	-2.463969	0.000000	63365.433594	813.102966	64893.328125
2005	04	0.000000	-2.807604	2.807604	2.807604	-0.000001	-0.000001	0.000000	0.149149	-1.731566	0.000000	63365.433594	812.959045	64893.230469
2005	04	0.000000	-2.618859	2.618859	2.618859	-0.000001	-0.000001	0.000000	6.133922	-0.486957	0.000000	63365.433594	812.824097	64893.140625
2005	04	0.000000	-3.072768	3.072768	3.072768	-0.000001	-0.000001	0.000000	0.150149	-2.152747	0.000000	63365.433594	812.686523	64893.046875
2005	04	0.000000	-2.530511	2.530511	2.530511	-0.000001	-0.000001	0.000000	2.870340	-0.777672	0.000000	63365.433594	812.545654	64892.949219
2005	04	0.000000	-2.269450	2.269450	2.269450	-0.000001	-0.000001	0.000000	8.293922	-0.014094	0.000000	63365.433594	812.423096	64892.871094
2005	04	0.000000	-2.964708	2.964708	2.964708	-0.000001	-0.000001	0.000000	0.383261	0.417605	0.000000	63365.433594	812.288940	64892.781250
2005	04	0.000000	-3.132268	3.132268	3.132268	-0.000001	-0.000001	0.000000	2.500694	-0.258891	0.000000	63365.433594	812.145264	64892.683594
2005	04	0.000000	-3.433519	3.433519	3.433519	-0.000001	-0.000001	0.000000	-6.543752	-0.988208	0.000000	63365.433594	811.986206	64892.570312
2005	04	0.000000	-4.071749	4.071749	4.071749	-0.000002	-0.000002	0.000000	-3.333277	0.182909	0.000000	63365.433594	811.819702	64892.445312
2005	05	0.000000	-4.166528	4.166528	4.166528	-0.000002	-0.000002	0.000000	-8.808518	-2.047400	0.000000	63365.433594	811.641174	64892.312500
2005	05	0.000000	-4.788315	4.788315	4.788315	-0.000002	-0.000002	0.000000	-0.962996	-1.411337	0.000000	63365.433594	811.452515	64892.167969
2005	05	0.000000	-3.965231	3.965231	3.965231	-0.000001	-0.000001	0.000000	1.179008	-0.964973	0.000000	63365.433594	811.262146	64892.023438
2005	05	0.000000	-5.004885	5.004885	5.004885	-0.000002	-0.000002	0.000000	-11.188045	-2.910151	0.000000	63365.433594	811.077209	64891.882812
2005	05	0.000000	-4.544838	4.544838	4.544838	-0.000002	-0.000002	0.000000	-5.500641	-1.579332	0.000000	63365.433594	810.875671	64891.726562
2005	05	0.000000	-3.414562	3.414562	3.414562	-0.000001	-0.000001	0.000000	-0.607964	1.576061	0.000000	63365.433594	810.705383	64891.597656
2005	05	0.000000	-3.740395	3.740395	3.740395	-0.000001	-0.000001	0.000000	-1.046097	2.163341	0.000000	63365.433594	810.547363	64891.484375
2005	05	0.000000	-3.533537	3.533537	3.533537	-0.000001	-0.000001	0.000000	-2.310065	1.805197	0.000000	63365.433594	810.384216	64891.367188
2005	05	0.000000	-3.906268	3.906268	3.906268	-0.000001	-0.000001	0.000000	-3.477149	0.789785	0.000000	63365.433594	810.222107	64891.250000
2005	05	0.000000	-4.518442	4.518442	4.518442	-0.000002	-0.000002	0.000000	-3.176760	4.198905	0.000000	63365.433594	810.039795	64891.113281
2005	05	0.000000	-4.487630	4.487630	4.487630	-0.000002	-0.000002	0.000000	-0.273240	4.263915	0.000000	63365.433594	809.852661	64890.968750
2005	05	0.000000	-4.180725	4.180725	4.180725	-0.000002	-0.000002	0.000000	-1.421313	3.963043	0.000000	63365.433594	809.666687	64890.828125
2005	05	0.000000	-3.863128	3.863128	3.863128	-0.000001	-0.000001	0.000000	7.004287	1.620256	0.000000	63365.433594	809.491089	64890.695312
2005	05	0.000000	-3.682073	3.682073	3.682073	-0.000001	-0.000001	0.000000	10.684082	2.978581	0.000000	63365.433594	809.325806	64890.574219
2005	05	0.000000	-3.925731	3.925731	3.925731	-0.000001	-0.000001	0.000000	2.290395	4.932348	0.000000	63365.433594	809.158630	64890.453125
2005	05	0.000000	-4.032867	4.032867	4.032867	-0.000002	-0.000002	0.000000	3.556509	6.972861	0.000000	63365.433594	808.987793	64890.324219
2005	05	0.000000	-4.512537	4.512537	4.512537	-0.000002	-0.000002	0.000000	-2.177676	6.783198	0.000000	63365.433594	808.807068	64890.187500
2005	05	0.000000	-5.056296	5.056296	5.056296	-0.000002	-0.000002	0.000000	-2.654378	3.579291	0.000000	63365.433594	808.609253	64890.035156
2005	05	0.000000	-4.409192	4.409192	4.409192	-0.000002	-0.000002	0.000000	4.569240	3.548393	0.000000	63365.433594	808.412231	64889.882812
2005	05	0.000000	-4.311381	4.311381	4.311381	-0.000002	-0.000002	0.000000	-1.330550	2.920560	0.000000	63365.433594	808.224976	64889.738281
2005	05	0.000000	-4.156554	4.156554	4.156554	-0.000002	-0.000002	0.000000	12.953002	10.155362	0.000000	63365.433594	808.048462	64889.609375
2005	05	0.000000	-4.656558	4.656558	4.656558	-0.000002	-0.000002	0.000000	-1.192096	8.116740	0.000000	63365.433594	807.861755	64889.464844
2005	05	0.000000	-4.834402	4.834402	4.834402	-0.000002	-0.000002	0.000000	-9.314606	8.964166	0.000000	63365.433594	807.663635	64889.312500
2005	05	0.000000	-4.576484	4.576484	4.576484	-0.000002	-0.000002	0.000000	-0.785576	7.415289	0.000000	63365.433594	807.467834	64889.160156
2005	05	0.000000	-4.560876	4.560876	4.560876	-0.000002	-0.000002	0.000000	-0.468641	2.947586	0.000000	63365.433594	807.277222	64889.011719
2005	05	0.000000	-4.528153	4.528153	4.528153	-0.000002	-0.000002	0.000000	-3.021621	0.489186	0.000000	63365.433594	807.085510	64888.867188
2005	05	0.000000	-4.548499	4.548499	4.548499	-0.000002	-0.000002	0.000000	-4.707487	0.304352	0.000000	63365.433594	806.895508	64888.718750
2005	05	0.000000	-4.689301	4.689301	4.689301	-0.000002	-0.000002	0.000000	-13.132068	6.410664	0.000000	63365.433594	806.702087	64888.570312
2005	05	0.000000	-4.527683	4.527683	4.527683	-0.000002	-0.000002	0.000000	-11.489309	1.422538	0.000000	63365.433594	806.510559	64888.421875
2005	05	0.000000	-4.982244	4.982244	4.982244	-0.000002	-0.000002	0.000000	-31.394032	-7.718592	0.000000	63365.433594	806.313721	64888.269531
2005	05	0.000000	-4.848054	4.848054	4.848054	-0.000002	-0.000002	0.000000	-44.824512	2.531711	0.000000	63365.433594	806.109924	64888.113281
2005	06	0.000000	-4.757150	4.757150	4.757150	-0.000002	-0.000002	0.000000	-33.430943	-0.411887	0.000000	63365.433594	805.909485	64887.957031
2005	06	0.000000	-4.841970	6.577294	6.577294	-0.000003	-0.000003	1.735325	-25.992558	0.149272	0.000000	63365.460938	805.706421	64887.777344
2005	06	0.000000	-5.282621	24.585863	24.585863	-0.000009	-0.000009	19.303242	-32.117435	-0.624922	0.000000	63365.855469	805.493408	64887.300781
2005	06	0.000000	-6.656745	59.302887	59.302887	-0.000023	-0.000023	52.646137	44.369553	28.364445	0.000000	63367.480469	805.244202	64885.753906
2005	06	0.000000	-6.795036	52.278358	52.278358	-0.000020	-0.000020	45.483322	58.443851	27.989990	0.000000	63369.289062	804.976257	64883.945312
2005	06	0.000000	-6.688708	68.568947	68.568947	-0.000026	-0.000026	61.880238	-1.250659	11.108342	0.000000	63371.253906	804.707825	64881.812500
2005	06	0.000000	-5.604002	46.047539	46.047539	-0.000018	-0.000018	40.443539	12.194917	25.796824	0.000000	63372.738281	804.460388	64879.964844
2005	06	0.000000	-5.042804	24.312836	24.312836	-0.000009	-0.000009	19.270031	66.088089	27.795858	0.000000	63373.503906	804.243225	64878.824219
2005	06	0.000000	-4.789009	19.236029	19.236029	-0.000007	-0.000007	14.447020	72.428154	27.552950	0.000000	63373.921875	804.037354	64878.152344
2005	06	0.000000	-4.516780	18.899267	18.899267	-0.000007	-0.000007	14.382488	127.145424	44.349812	0.000000	63374.312500	803.836548	64877.511719
2005	06	0.000000	-4.284630	21.596006	21.596006	-0.000008	-0.000008	17.311377	128.662170	38.946930	0.000000	63374.699219	803.647339	64876.851562
2005	06	0.000000	-4.766436	36.534241	36.534241	-0.000014	-0.000014	31.767805	77.472130	33.425640	0.000000	63375.226562	803.455078	64875.882812
2005	06	2.211061	-4.497531	51.214180	49.003120	-0.000019	-0.000019	44.505592	29.599457	45.684364	6136.210938	63376.042969	803.240295	64874.351562
2005	06	10.662210	1.575691	32.500755	21.838545	-0.000008	-0.000008	23.414234	-0.579205	31.514641	29590.123047	63376.601562	803.153870	64873.246094
2005	06	24.325060	10.454050	40.940685	16.615623	-0.000006	-0.000006	27.069674	-27.167131	73.391243	67507.734375	63376.972656	803.302795	64872.605469
2005	06	29.881880	16.838419	41.783695	11.901817	-0.000005	-0.000005	28.740234	83.180878	78.207626	82929.203125	63377.367188	803.757446	64872.183594
2005	06	39.990089	24.510101	55.368683	15.378596	-0.000006	-0.000006	39.888699	28.759027	62.424046	110981.851562	63377.824219	804.403137	64871.734375
2005	06	46.626671	29.750685	64.416473	17.789804	-0.000007	-0.000007	47.540489	22.313385	31.845991	129399.921875	63378.437500	805.289124	64871.148438
2005	06	71.788460	49.272045	70.983238	-0.805221	0.000000	0.000000	48.466824	35.933563	37.982277	199229.750000	63378.988281	806.571533	64870.878906
2005	06	82.028549	56.720917	75.459404	-6.569144	0.000003	0.000003	50.151772	63.181782	73.196014	227648.406250	63379.464844	808.333862	64871.035156
2005	06	83.205040	58.034988	75.622162	-7.582880	0.000003	0.000003	50.452110	82.671394	69.660156	230913.453125	63379.917969	810.204712	64871.277344
2005	06	97.639343	68.649612	80.492271	-17.147062	0.000007	0.000007	51.502548	64.264473	69.984810	270972.000000	63380.343750	812.276917	64871.687500
2005	06	114.402168	80.959473	87.027969	-27.374197	0.000011	0.000011	53.585278	47.438770	79.674637	317492.750000	63380.703125	814.667175	64872.390625
2005	06	132.268478	94.194633	94.170723	-38.097755	0.000015	0.000015	56.096882	44.778130	84.960625	367075.937500	63381.027344	817.558777	64873.476562
2005	06	132.293457	93.867485	91.829567	-40.463886	0.000016	0.000016	53.403603	42.117500	85.277946	367145.281250	63381.277344	820.746521	64874.871094
2005	06	132.687683	94.772987	86.277145	-46.410538	0.000018	0.000018	48.362446	56.052929	78.285973	368239.312500	63381.453125	823.900757	64876.390625
2005	06	109.491982	76.265022	76.385170	-33.106812	0.000013	0.000013	43.158215	50.117264	41.534252	303865.843750	63381.574219	826.646240	64877.679688
2005	06	152.906784	110.596016	87.026405	-65.880371	0.000025	0.000025	44.715649	56.356960	61.817772	424352.062500	63381.667969	829.775024	64879.390625
2005	06	163.899628	117.967339	91.546448	-72.353195	0.000028	0.000028	45.614147	47.342644	91.952843	454859.812500	63381.742188	833.514526	64881.656250
2005	06	159.808167	114.795044	88.109818	-71.698349	0.000028	0.000028	43.096695	59.568947	96.050919	443505.031250	63381.789062	837.411194	64884.117188
2005	07	179.838608	129.977982	93.197090	-86.641510	0.000032	0.000032	43.336472	56.967262	94.161667	482994.343750	63381.820312	841.358154	64886.703125
2005	07	203.093231	145.978714	102.709129	-100.384102	0.000037	0.000037	45.594612	29.633991	107.852318	545449.562500	63381.835938	845.676575	64889.632812
2005	07	184.242630	126.612251	104.960793	-79.281837	0.000030	0.000030	47.330410	-8.425873	83.486465	494822.281250	63381.839844	850.235535	64892.738281
2005	07	223.250702	158.239151	112.310043	-110.940666	0.000041	0.000041	47.298496	12.902343	61.965889	599586.687500	63381.824219	854.647705	64895.683594
2005	07	167.241058	105.317215	112.726021	-54.515045	0.000020	0.000020	50.802174	14.792474	89.469353	449161.000000	63381.792969	858.396851	64897.875000
2005	07	176.995087	116.688683	106.476669	-70.518410	0.000026	0.000026	46.170277	-4.583876	119.747887	475357.500000	63381.742188	862.115967	64900.062500
2005	07	203.361237	142.989548	100.551430	-102.809792	0.000038	0.000038	40.179749	43.481346	108.988373	546169.312500	63381.683594	866.582214	64903.199219
2005	07	190.843643	135.429733	90.183372	-100.660271	0.000038	0.000038	34.769459	60.095535	73.212166	512550.718750	63381.621094	871.018127	64906.496094
2005	07	203.056915	143.543625	93.726845	-109.330078	0.000041	0.000041	34.213554	80.018311	71.371582	545352.000000	63381.554688	875.459534	64909.871094
2005	07	195.631485	136.536530	91.536858	-104.094627	0.000039	0.000039	32.441910	77.755104	58.546432	525409.437500	63381.484375	879.875122	64913.257812
2005	07	178.879349	123.120750	85.721283	-93.158066	0.000035	0.000035	29.962685	50.235737	44.633396	480418.062500	63381.406250	884.157043	64916.585938
2005	07	170.441650	117.446083	80.641472	-89.800171	0.000034	0.000034	27.645912	78.195374	34.826534	457756.843750	63381.328125	888.045471	64919.601562
2005	07	97.944427	58.179642	65.899521	-32.044907	0.000012	0.000012	26.134735	9.402081	20.649099	263050.343750	63381.253906	890.503906	64921.253906
2005	07	139.688904	93.210686	72.623558	-67.065346	0.000025	0.000025	26.145338	46.947517	28.010077	375163.875000	63381.175781	893.230286	64923.179688
2005	07	133.134308	87.102135	70.467781	-62.666519	0.000023	0.000023	24.435612	23.146357	19.112703	357560.156250	63381.066406	895.711853	64924.898438
2005	07	198.481689	139.997070	82.396187	-116.085503	0.000043	0.000043	23.911568	68.279922	42.875961	533064.250000	63380.855469	899.621948	64928.078125
2005	07	210.631729	147.307922	87.130318	-123.501411	0.000046	0.000046	23.806509	89.965950	48.103542	565695.750000	63380.617188	904.168701	64931.898438
2005	07	203.624771	139.392151	87.070297	-116.554474	0.000044	0.000044	22.837685	86.510368	46.865955	546877.125000	63380.378906	908.685547	64935.714844
2005	07	190.311066	123.016403	89.904373	-100.406693	0.000037	0.000037	22.609715	75.924065	45.750950	511120.343750	63380.152344	912.581909	64938.925781
2005	07	199.571396	128.882401	91.933334	-107.638054	0.000040	0.000040	21.244339	68.586708	47.007336	535990.937500	63379.925781	916.605286	64942.292969
2005	07	122.544601	65.647713	77.612289	-44.932316	0.000017	0.000017	20.715397	0.105997	30.434633	329119.281250	63379.730469	920.308899	64945.390625
2005	07	115.600449	59.665901	77.006607	-38.593838	0.000014	0.000014	21.072062	1.781999	10.234496	310469.281250	63379.589844	921.689270	64946.144531
2005	07	139.183212	77.734848	81.945770	-57.237438	0.000021	0.000021	20.497406	31.772781	51.393665	373805.750000	63379.406250	924.572144	64948.398438
2005	07	39.292255	1.747202	58.400867	19.108614	-0.000007	-0.000007	20.855816	-21.806551	20.611820	105527.609375	63379.292969	925.143188	64948.359375
2005	07	138.279800	87.835068	72.095825	-66.183983	0.000025	0.000025	21.651083	10.277825	27.440678	371379.500000	63379.175781	926.775513	64949.347656
2005	07	196.878586	130.274872	89.026237	-107.852356	0.000040	0.000040	22.422523	53.934952	56.373817	528758.875000	63378.960938	930.629700	64952.542969
2005	07	139.559311	88.785301	70.278755	-69.280540	0.000026	0.000026	19.504757	28.618544	21.796080	374815.843750	63378.753906	933.816589	64955.109375
2005	07	175.627289	117.112480	77.567810	-98.059464	0.000037	0.000037	19.053020	84.174706	37.495407	471683.968750	63378.546875	937.241333	64957.957031
2005	07	167.608047	106.176178	79.724167	-87.883865	0.000033	0.000033	18.292315	57.848087	37.911011	450146.593750	63378.335938	940.880127	64961.046875
2005	07	153.500183	95.436165	74.937523	-78.562653	0.000029	0.000029	16.873518	67.018028	26.006590	412257.000000	63378.140625	943.998108	64963.656250
2005	07	131.552475	75.014206	73.350128	-58.202354	0.000022	0.000022	16.811855	23.023108	20.065187	353311.812500	63377.957031	946.687988	64965.855469
2005	08	151.357224	88.642548	79.581467	-71.775749	0.000027	0.000027	16.866802	70.571671	31.796242	406501.625000	63377.769531	949.367798	64968.039062
2005	08	145.186905	82.043320	79.598396	-65.588516	0.000024	0.000024	16.454798	42.971172	27.808676	389929.968750	63377.582031	952.145508	64970.335938
2005	08	120.379921	61.711559	75.595352	-44.784565	0.000017	0.000017	16.926991	48.575947	35.383766	323305.562500	63377.398438	954.605652	64972.316406
2005	08	89.143280	41.659790	64.776047	-24.367239	0.000009	0.000009	17.292551	10.698707	28.325577	239413.015625	63377.234375	956.107300	64973.316406
2005	08	94.874245	46.049057	65.985847	-28.888401	0.000011	0.000011	17.160656	26.611000	20.589254	254804.718750	63377.070312	957.447510	64974.152344
2005	08	99.586174	49.276173	67.424973	-32.161194	0.000012	0.000012	17.114977	25.008360	19.793476	267459.593750	63376.894531	959.106079	64975.312500
2005	08	93.852196	46.093758	64.562645	-29.289555	0.000011	0.000011	16.804203	33.567551	18.632113	252059.812500	63376.722656	960.608398	64976.316406
2005	08	104.208130	52.929394	68.163910	-36.044224	0.000013	0.000013	16.885170	62.362320	24.072063	279872.843750	63376.546875	962.271240	64977.488281
2005	08	103.395348	52.722408	67.169037	-36.226311	0.000014	0.000014	16.496096	63.909546	23.831186	277689.937500	63376.363281	964.050415	64978.781250
2005	08	95.555122	45.022446	66.863220	-28.691904	0.000011	0.000011	16.330544	64.579826	19.709751	256633.359375	63376.191406	965.571716	64979.828125
2005	08	99.118393	47.868374	67.231186	-31.887209	0.000012	0.000012	15.981167	55.166431	21.296429	266203.281250	63376.019531	967.119324	64980.906250
2005	08	87.721832	38.528774	64.727142	-22.994686	0.000009	0.000009	15.534087	39.508835	15.388355	235595.406250	63375.851562	968.466187	64981.800781
2005	08	85.347656	36.838375	63.807922	-21.539730	0.000008	0.000008	15.298646	54.982323	14.580451	229219.062500	63375.691406	969.707458	64982.597656
2005	08	84.513092	37.755589	61.328732	-23.184361	0.000009	0.000009	14.571230	66.733917	13.755723	226977.671875	63375.531250	970.928955	64983.386719
2005	08	92.176537	40.230621	66.946159	-25.230389	0.000009	0.000009	15.000234	54.956387	17.934952	247559.484375	63375.371094	972.203552	64984.238281
2005	08	99.755737	37.864891	77.378632	-22.377104	0.000008	0.000008	15.487788	34.720436	23.183819	267915.000000	63375.203125	973.427612	64985.027344
2005	08	91.443291	34.823189	72.193573	-19.249710	0.000007	0.000007	15.573478	-0.267760	12.337420	245590.171875	63375.027344	974.754211	64985.914062
2005	08	56.234146	10.222805	62.910080	6.675931	-0.000002	-0.000002	16.898737	-12.698725	15.195528	151028.625000	63374.863281	975.438232	64986.128906
2005	08	47.481682	6.649039	58.202656	10.720974	-0.000004	-0.000004	17.370012	-11.529325	19.367630	127522.031250	63374.726562	975.660645	64985.839844
2005	08	46.619949	6.475485	56.854950	10.235003	-0.000004	-0.000004	16.710485	-8.126934	19.516769	125207.671875	63374.589844	975.894287	64985.582031
2005	08	71.078461	25.717220	61.798023	-9.280441	0.000003	0.000003	16.436779	35.080544	26.213039	190896.156250	63374.437500	976.533691	64985.734375
2005	08	76.389320	27.510683	64.951233	-11.438095	0.000004	0.000004	16.072586	28.412077	21.012871	205159.578125	63374.261719	977.402527	64986.136719
2005	08	75.726852	26.734198	64.901382	-10.825473	0.000004	0.000004	15.908725	42.822456	17.328466	203380.375000	63374.082031	978.369263	64986.636719
2005	08	43.262230	6.232069	52.012901	8.750674	-0.000003	-0.000003	14.982741	6.446487	8.586205	116189.804688	63373.929688	978.812744	64986.640625
2005	08	48.807770	9.763211	54.571682	5.763906	-0.000002	-0.000002	15.527118	27.488697	12.823558	131083.531250	63373.789062	979.129150	64986.515625
2005	08	45.935123	9.275332	51.816803	5.881681	-0.000002	-0.000002	15.157014	32.698555	8.235284	123368.421875	63373.648438	979.408936	64986.351562
2005	08	53.372314	12.659954	56.109867	2.737552	-0.000001	-0.000001	15.397507	35.885220	13.836440	143342.562500	63373.503906	979.822632	64986.332031
2005	08	57.770180	16.275621	56.448631	-1.321548	0.000000	0.000000	14.954074	26.318998	11.265102	155153.953125	63373.347656	980.362183	64986.429688
2005	08	66.321655	20.463369	61.236996	-5.084665	0.000002	0.000002	15.378705	31.668188	12.599323	178120.750000	63373.187500	980.991577	64986.625000
2005	08	58.334938	15.470065	57.647854	-0.687084	0.000000	0.000000	14.782981	13.163316	9.883666	156670.734375	63373.019531	981.642456	64986.843750
2005	08	47.629330	8.334122	53.919147	6.289814	-0.000002	-0.000002	14.623936	20.866943	7.178049	127918.578125	63372.875000	981.955383	64986.738281
2005	09	46.597237	9.099294	51.312599	4.715364	-0.000002	-0.000002	13.814657	24.740906	7.445714	129318.218750	63372.726562	982.282166	64986.652344
2005	09	46.043243	9.699490	49.343781	3.300537	-0.000001	-0.000001	13.000028	15.174809	6.197253	127780.765625	63372.582031	982.667175	64986.636719
2005	09	46.019356	8.115380	51.538368	5.519010	-0.000002	-0.000002	13.634390	2.683866	7.231529	127714.476562	63372.445312	982.914062	64986.500000
2005	09	35.646164	0.919071	48.193344	12.547180	-0.000005	-0.000005	13.466252	3.973402	5.195304	98926.445312	63372.304688	983.123901	64986.312500
2005	09	32.962463	1.219783	44.725189	11.762727	-0.000005	-0.000005	12.982510	19.136192	4.424893	91478.539062	63372.183594	983.132202	64985.929688
2005	09	36.790699	2.280011	48.332790	11.542093	-0.000004	-0.000004	13.822103	-5.784951	11.464331	102102.796875	63372.058594	983.242920	64985.648438
2005	09	24.915047	-4.807694	42.793079	17.878031	-0.000007	-0.000007	13.070337	-4.650445	3.012992	69145.078125	63371.933594	983.164062	64985.171875
2005	09	23.095776	-5.495891	41.553947	18.458170	-0.000007	-0.000007	12.962279	2.125205	4.050377	64096.175781	63371.816406	983.013733	64984.644531
2005	09	22.497620	-5.580844	41.002068	18.504448	-0.000007	-0.000007	12.923605	14.929526	4.187201	62436.156250	63371.695312	982.872803	64984.121094
2005	09	20.739319	-6.083121	39.197327	18.458008	-0.000007	-0.000007	12.374888	12.980060	4.011339	57556.460938	63371.574219	982.724426	64983.601562
2005	09	18.995399	-7.968046	39.800087	20.804688	-0.000008	-0.000008	12.836642	3.793221	3.155140	52716.675781	63371.457031	982.485413	64983.007812
2005	09	17.803350	-9.171805	40.741421	22.938068	-0.000009	-0.000009	13.766262	-0.351669	1.327673	49408.457031	63371.335938	982.188477	64982.320312
2005	09	16.633736	-9.801665	40.327095	23.693361	-0.000009	-0.000009	13.891694	1.861749	5.430120	46162.503906	63371.210938	981.912292	64981.632812
2005	09	18.519531	-6.587194	37.656322	19.136789	-0.000007	-0.000007	12.549596	17.597223	1.613753	51396.027344	63371.085938	981.683044	64981.007812
2005	09	17.289278	-7.696608	37.012691	19.723412	-0.000008	-0.000008	12.026804	11.924401	3.524225	47981.792969	63370.964844	981.433167	64980.410156
2005	09	15.977036	-8.689729	36.981686	21.004650	-0.000008	-0.000008	12.314921	5.925067	0.618856	44340.011719	63370.843750	981.179382	64979.804688
2005	09	13.094881	-11.099160	36.682274	23.587393	-0.000009	-0.000009	12.488234	5.867065	1.734151	36341.355469	63370.722656	980.872070	64979.140625
2005	09	10.440827	-13.470576	37.051361	26.610535	-0.000010	-0.000010	13.139959	0.265305	0.825149	28975.736328	63370.601562	980.512329	64978.406250
2005	09	13.843676	-11.063897	38.996365	25.152689	-0.000010	-0.000010	14.088791	3.359127	-0.120660	38419.437500	63370.472656	980.129761	64977.628906
2005	09	12.264347	-11.414623	37.249382	24.985037	-0.000010	-0.000010	13.570415	2.572179	5.607206	34036.429688	63370.343750	979.786499	64976.867188
2005	09	11.058109	-12.209039	36.978695	25.920584	-0.000010	-0.000010	13.711546	0.215779	2.037385	30688.841797	63370.214844	979.411804	64976.101562
2005	09	9.474624	-13.193624	37.318924	27.844299	-0.000011	-0.000011	14.650676	-3.457124	2.744275	26294.296875	63370.085938	979.016785	64975.281250
2005	09	10.148118	-12.904545	38.078232	27.930113	-0.000011	-0.000011	15.025568	-5.400107	3.087754	28163.400391	63369.964844	978.614075	64974.441406
2005	09	10.635388	-11.491316	36.807640	26.172251	-0.000010	-0.000010	14.680936	-1.153475	0.331917	29515.687500	63369.839844	978.228638	64973.605469
2005	09	10.493503	-11.420459	35.643494	25.149992	-0.000010	-0.000010	13.729532	-1.849488	1.248686	29121.921875	63369.718750	977.861816	64972.820312
2005	09	9.424456	-11.882565	33.838802	24.414347	-0.000009	-0.000009	12.531782	-1.925718	-0.376985	26155.068359	63369.601562	977.480469	64972.054688
2005	09	10.036455	-12.856711	36.581051	26.544598	-0.000010	-0.000010	13.687885	-14.030436	-1.907168	27853.511719	63369.484375	977.066345	64971.273438
2005	09	9.229134	-12.806409	36.836548	27.607414	-0.000011	-0.000011	14.801005	-11.530165	-2.432954	25613.003906	63369.359375	976.667847	64970.441406
2005	09	8.849954	-12.361943	35.419544	26.569588	-0.000010	-0.000010	14.207644	-4.577973	-0.710096	24560.689453	63369.234375	976.265869	64969.605469
2005	09	6.712084	-13.205241	31.806919	25.094835	-0.000010	-0.000010	11.889595	-7.222111	-1.154466	18627.603516	63369.113281	975.846497	64968.804688
2005	10	6.851417	-14.546451	33.842888	26.991470	-0.000010	-0.000010	12.445020	-23.392231	-2.524040	18400.919922	63368.996094	975.410583	64968.031250
2005	10	4.458708	-13.808022	28.605402	24.146690	-0.000009	-0.000009	10.338671	-4.515837	3.151207	11974.798828	63368.878906	974.806824	64967.261719
2005	10	2.866591	-13.879076	26.082054	23.215464	-0.000009	-0.000009	9.336386	2.715583	2.469936	7698.833984	63368.765625	973.547913	64966.593750
2005	10	2.093189	-14.863327	26.684660	24.591471	-0.000009	-0.000009	9.728143	1.509489	2.525463	5621.700195	63368.667969	971.487976	64965.929688
2005	10	1.820251	-15.372852	33.745056	31.924807	-0.000012	-0.000012	16.551954	5.477058	3.878746	4888.666016	63368.593750	968.594971	64965.136719
2005	10	1.215849	-15.783237	34.835526	33.619675	-0.000013	-0.000013	17.836441	8.983829	5.335503	3265.418701	63368.523438	964.890686	64964.175781
2005	10	0.000000	-16.615696	29.136616	29.136616	-0.000011	-0.000011	12.520921	1.958240	1.440263	0.000000	63368.476562	960.353394	64963.253906
2005	10	0.000000	-16.222300	26.660450	26.660450	-0.000010	-0.000010	10.438151	5.282145	2.732964	0.000000	63368.464844	955.001770	64962.488281
2005	10	0.000000	-15.995326	24.241522	24.241522	-0.000009	-0.000009	8.246196	0.827826	1.340340	0.000000	63368.480469	948.824036	64961.734375
2005	10	0.000000	-14.832670	20.990463	20.990463	-0.000008	-0.000008	6.157792	5.352949	1.789181	0.000000	63368.503906	941.839539	64961.078125
2005	10	0.000000	-14.836391	20.849447	20.849447	-0.000008	-0.000008	6.013055	2.008434	1.066911	0.000000	63368.531250	934.038879	64960.429688
2005	10	0.008151	-13.645009	19.255529	19.247377	-0.000007	-0.000007	5.602369	-1.831952	-0.744002	21.890429	63368.566406	925.410156	64959.761719
2005	10	0.029715	-14.336618	20.007092	19.977377	-0.000007	-0.000007	5.640759	-6.098322	-2.190361	79.805344	63368.601562	915.957092	64959.082031
2005	10	0.070433	-12.747682	18.917461	18.847029	-0.000007	-0.000007	6.099347	-0.564726	0.067405	189.163361	63368.664062	905.677002	64958.359375
2005	10	0.048100	-12.352930	18.011488	17.963388	-0.000007	-0.000007	5.610457	5.905394	1.554359	129.183716	63368.722656	894.616272	64957.660156
2005	10	0.026326	-14.410233	20.994186	20.967859	-0.000008	-0.000008	6.557626	-3.892893	-1.806372	70.703873	63368.808594	882.693848	64956.867188
2005	10	0.000000	-14.256971	20.402180	20.402180	-0.000008	-0.000008	6.145207	-2.737327	-0.426066	0.000000	63368.917969	876.358704	64956.003906
2005	10	0.000000	-12.775254	17.296906	17.296906	-0.000006	-0.000006	4.521651	-8.108755	-2.565761	0.000000	63368.996094	875.707947	64955.230469
2005	10	0.000000	-11.380460	14.636502	14.636502	-0.000005	-0.000005	3.256042	9.733367	-0.357513	0.000000	63369.039062	875.100098	64954.546875
2005	10	0.000000	-11.476911	13.998437	13.998437	-0.000005	-0.000005	2.521527	-0.683574	-1.557547	0.000000	63369.050781	874.524353	64953.929688
2005	10	0.000000	-9.758290	12.075998	12.075998	-0.000005	-0.000005	2.317708	-1.866606	-0.536556	0.000000	63369.058594	873.972534	64953.347656
2005	10	0.000000	-10.903926	12.960822	12.960822	-0.000005	-0.000005	2.056896	-3.660393	-1.451861	0.000000	63369.062500	873.445312	64952.796875
2005	10	0.000000	-9.521463	11.405264	11.405264	-0.000004	-0.000004	1.883801	1.767045	-0.440142	0.000000	63369.062500	872.915039	64952.250000
2005	10	0.000000	-7.271332	8.925255	8.925255	-0.000003	-0.000003	1.653922	10.963185	0.938743	0.000000	63369.058594	872.466492	64951.792969
2005	10	0.000000	-8.806436	10.202374	10.202374	-0.000004	-0.000004	1.395938	-2.078559	-1.506255	0.000000	63369.054688	872.011536	64951.335938
2005	10	0.000000	-7.768041	8.970202	8.970202	-0.000003	-0.000003	1.202161	2.979855	-0.232943	0.000000	63369.054688	871.572754	64950.906250
2005	10	0.000000	-7.900959	8.867301	8.867301	-0.000003	-0.000003	0.966342	1.666642	-1.439742	0.000000	63369.050781	871.146057	64950.492188
2005	10	0.000000	-8.629714	9.500669	9.500669	-0.000004	-0.000004	0.870955	-1.331143	-0.817278	0.000000	63369.042969	870.697388	64950.062500
2005	10	0.000000	-8.232586	9.086106	9.086106	-0.000003	-0.000003	0.853520	-5.272119	-2.332880	0.000000	63369.039062	870.252991	64949.636719
2005	10	0.000000	-7.884621	8.684212	8.684212	-0.000003	-0.000003	0.799590	-9.629225	-3.457560	0.000000	63369.035156	869.839966	64949.246094
2005	10	0.000000	-7.330356	8.062666	8.062666	-0.000003	-0.000003	0.732310	-9.604939	-3.566586	0.000000	63369.031250	869.425354	64948.851562
2005	11	0.000000	-6.256488	6.855792	6.855792	-0.000003	-0.000003	0.599304	4.495183	-0.170178	0.000000	63369.027344	869.058289	64948.511719
2005	11	0.000000	-6.461482	6.988829	6.988829	-0.000003	-0.000003	0.527347	-6.160572	-1.900640	0.000000	63369.027344	868.688171	64948.171875
2005	11	0.000000	-6.322096	6.799291	6.799291	-0.000003	-0.000003	0.477195	1.077653	-0.230441	0.000000	63369.023438	868.323181	64947.835938
2005	11	0.000000	-5.978085	6.427362	6.427362	-0.000002	-0.000002	0.449277	1.376596	0.091581	0.000000	63369.023438	867.970642	64947.515625
2005	11	0.000000	-7.011958	7.431334	7.431334	-0.000003	-0.000003	0.419376	-7.882853	-2.684156	0.000000	63369.023438	867.618835	64947.199219
2005	11	0.000000	-6.642624	7.046618	7.046618	-0.000003	-0.000003	0.403994	-7.687845	-2.165891	0.000000	63369.023438	867.240234	64946.851562
2005	11	0.000000	-4.721600	5.101255	5.101255	-0.000002	-0.000002	0.379655	-1.262325	-0.345933	0.000000	63369.023438	866.916260	64946.562500
2005	11	0.000000	-4.166322	4.501527	4.501527	-0.000002	-0.000002	0.335205	-6.634272	-0.493668	0.000000	63369.027344	866.636597	64946.320312
2005	11	0.000000	-3.873938	4.147483	4.147483	-0.000002	-0.000002	0.273545	-5.827260	-0.215019	0.000000	63369.027344	866.372437	64946.093750
2005	11	0.000000	-4.357832	4.569506	4.569506	-0.000002	-0.000002	0.211674	-9.983950	-1.133882	0.000000	63369.027344	866.109558	64945.867188
2005	11	0.000000	-4.279222	4.407748	4.407748	-0.000002	-0.000002	0.128526	-0.213638	-0.848065	0.000000	63369.027344	865.834229	64945.636719
2005	11	0.000000	-3.099319	3.163556	3.163556	-0.000001	-0.000001	0.064237	21.225122	1.099086	0.000000	63369.027344	865.588196	64945.433594
2005	11	0.000000	-4.083909	4.117877	4.117877	-0.000002	-0.000002	0.033968	-0.686257	-0.320937	0.000000	63369.027344	865.352844	64945.242188
2005	11	0.000000	-4.613129	4.638314	4.638314	-0.000002	-0.000002	0.025185	-5.372939	-0.953626	0.000000	63369.027344	865.087280	64945.023438
2005	11	0.000000	-4.041070	4.058871	4.058871	-0.000002	-0.000002	0.017802	3.910145	-0.108252	0.000000	63369.027344	864.827209	64944.812500
2005	11	0.000000	-4.333855	4.343423	4.343423	-0.000002	-0.000002	0.009568	-3.343312	-0.474931	0.000000	63369.027344	864.575317	64944.605469
2005	11	0.000000	-4.574974	4.581995	4.581995	-0.000002	-0.000002	0.007020	-3.149606	-0.528323	0.000000	63369.027344	864.312256	64944.390625
2005	11	0.000000	-4.798520	4.803685	4.803685	-0.000002	-0.000002	0.005166	-6.653434	-1.299292	0.000000	63369.023438	864.047668	64944.171875
2005	11	0.000000	-4.753085	4.756603	4.756603	-0.000002	-0.000002	0.003518	-5.221881	-1.138505	0.000000	63369.023438	863.778687	64943.953125
2005	11	0.000000	-4.108611	4.110550	4.110550	-0.000002	-0.000002	0.001940	-8.127295	-1.313803	0.000000	63369.023438	863.526855	64943.746094
2005	11	0.000000	-3.918370	3.918581	3.918581	-0.000002	-0.000002	0.000210	-8.584585	-1.259838	0.000000	63369.023438	863.291504	64943.558594
2005	11	0.000000	-4.101009	4.101009	4.101009	-0.000002	-0.000002	0.000000	-3.122509	-0.745430	0.000000	63369.023438	863.055176	64943.371094
2005	11	0.000000	-3.729012	3.729012	3.729012	-0.000001	-0.000001	0.000000	-0.347684	-0.289774	0.000000	63369.023438	862.822571	64943.183594
2005	11	0.000000	-3.566853	3.566853	3.566853	-0.000001	-0.000001	0.000000	2.916767	-0.159438	0.000000	63369.023438	862.605774	64943.015625
2005	11	0.000000	-3.006084	3.006084	3.006084	-0.000001	-0.000001	0.000000	9.414569	0.154628	0.000000	63369.023438	862.397827	64942.855469
2005	11	0.000000	-3.104926	3.104926	3.104926	-0.000001	-0.000001	0.000000	7.868237	-0.291301	0.000000	63369.023438	862.208923	64942.710938
2005	11	0.000000	-4.277146	4.277146	4.277146	-0.000002	-0.000002	0.000000	-12.805324	-2.520726	0.000000	63369.023438	861.983521	64942.535156
2005	11	0.000000	-5.416281	5.416281	5.416281	-0.000002	-0.000002	0.000000	-15.789058	-5.178010	0.000000	63369.023438	861.736389	64942.335938
2005	11	0.000000	-5.548801	5.548801	5.548801	-0.000002	-0.000002	0.000000	-14.850217	-5.132843	0.000000	63369.023438	861.458313	64942.105469
2005	11	0.000000	-4.805677	4.805677	4.805677	-0.000002	-0.000002	0.000000	-14.063515	-3.774220	0.000000	63369.023438	861.198975	64941.890625
2005	12	0.000000	-4.739402	4.739402	4.739402	-0.000002	-0.000002	0.000000	-7.893544	-2.721785	0.000000	63369.023438	860.952942	64941.691406
2005	12	0.000000	-3.302644	3.302644	3.302644	-0.000001	-0.000001	0.000000	-9.101856	-1.751342	0.000000	63369.023438	860.736877	64941.523438
2005	12	0.000000	-3.051379	3.051379	3.051379	-0.000001	-0.000001	0.000000	-4.101449	-1.237405	0.000000	63369.023438	860.551208	64941.386719
2005	12	0.000000	-3.234208	3.234208	3.234208	-0.000001	-0.000001	0.000000	3.535968	-1.598610	0.000000	63369.023438	860.368835	64941.250000
2005	12	0.000000	-2.768733	2.768733	2.768733	-0.000001	-0.000001	0.000000	-2.997771	-1.054170	0.000000	63369.023438	860.187317	64941.117188
2005	12	0.000000	-2.863172	2.863172	2.863172	-0.000001	-0.000001	0.000000	0.601807	-0.737956	0.000000	63369.023438	860.018372	64940.992188
2005	12	0.000000	-3.701783	3.701783	3.701783	-0.000001	-0.000001	0.000000	-3.429281	-3.044375	0.000000	63369.023438	859.829895	64940.851562
2005	12	0.000000	-3.662962	3.662962	3.662962	-0.000001	-0.000001	0.000000	-9.126101	-2.228319	0.000000	63369.023438	859.629578	64940.699219
2005	12	0.000000	-3.185426	3.185426	3.185426	-0.000001	-0.000001	0.000000	-9.972863	-2.140267	0.000000	63369.023438	859.442505	64940.558594
2005	12	0.000000	-3.311695	3.311695	3.311695	-0.000001	-0.000001	0.000000	-4.654984	-3.836723	0.000000	63369.023438	859.260071	64940.425781
2005	12	0.000000	-3.227726	3.227726	3.227726	-0.000001	-0.000001	0.000000	-11.850204	-3.308903	0.000000	63369.023438	859.077698	64940.289062
2005	12	0.000000	-2.789756	2.789756	2.789756	-0.000001	-0.000001	0.000000	-1.044856	-2.169440	0.000000	63369.023438	858.906433	64940.164062
2005	12	0.000000	-2.304065	2.304065	2.304065	-0.000001	-0.000001	0.000000	-2.527374	-1.014948	0.000000	63369.023438	858.749329	64940.054688
2005	12	0.000000	-2.403899	2.403899	2.403899	-0.000001	-0.000001	0.000000	1.819417	-0.308435	0.000000	63369.023438	858.604126	64939.957031
2005	12	0.000000	-2.758454	2.758454	2.758454	-0.000001	-0.000001	0.000000	-4.687778	-0.569371	0.000000	63369.023438	858.445129	64939.843750
2005	12	0.000000	-2.690646	2.690646	2.690646	-0.000001	-0.000001	0.000000	1.686568	-0.443169	0.000000	63369.023438	858.286987	64939.734375
2005	12	0.000000	-2.561333	2.561333	2.561333	-0.000001	-0.000001	0.000000	-0.183155	-0.541012	0.000000	63369.023438	858.130554	64939.625000
2005	12	0.000000	-2.543447	2.543447	2.543447	-0.000001	-0.000001	0.000000	-1.894694	-0.919008	0.000000	63369.023438	857.977417	64939.519531
2005	12	0.000000	-2.656043	2.656043	2.656043	-0.000001	-0.000001	0.000000	-10.054847	-1.818406	0.000000	63369.023438	857.829834	64939.417969
2005	12	0.000000	-2.584533	2.584533	2.584533	-0.000001	-0.000001	0.000000	-7.852062	-0.858237	0.000000	63369.023438	857.673279	64939.308594
2005	12	0.000000	-1.944758	1.944758	1.944758	-0.000001	-0.000001	0.000000	8.546094	-0.312224	0.000000	63369.023438	857.529297	64939.210938
2005	12	0.000000	-1.910089	1.910089	1.910089	-0.000001	-0.000001	0.000000	3.020034	-0.429452	0.000000	63369.023438	857.403320	64939.132812
2005	12	0.000000	-2.250821	2.250821	2.250821	-0.000001	-0.000001	0.000000	-7.742728	-0.937495	0.000000	63369.023438	857.270569	64939.046875
2005	12	0.000000	-3.389206	3.389206	3.389206	-0.000001	-0.000001	0.000000	-6.951748	-3.658942	0.000000	63369.023438	857.117676	64938.941406
2005	12	0.000000	-3.156339	3.156339	3.156339	-0.000001	-0.000001	0.000000	-16.142561	-2.804946	0.000000	63369.023438	856.937500	64938.804688
2005	12	0.000000	-3.236319	3.236319	3.236319	-0.000001	-0.000001	0.000000	-11.235476	-3.196672	0.000000	63369.023438	856.772461	64938.687500
2005	12	0.000000	-2.696123	2.696123	2.696123	-0.000001	-0.000001	0.000000	-9.593136	-1.884406	0.000000	63369.023438	856.609924	64938.574219
2005	12	0.000000	-2.566131	2.566131	2.566131	-0.000001	-0.000001	0.000000	-4.778033	-1.528941	0.000000	63369.023438	856.466858	64938.476562
2005	12	0.000000	-2.003159	2.003159	2.003159	-0.000001	-0.000001	0.000000	1.219771	-0.805924	0.000000	63369.023438	856.327698	64938.382812
2005	12	0.000000	-1.824138	1.824138	1.824138	-0.000001	-0.000001	0.000000	-6.009951	-0.528759	0.000000	63369.023438	856.204956	64938.308594
2005	12	0.000000	-1.829867	1.829867	1.829867	-0.000001	-0.000001	0.000000	-1.316246	-0.635837	0.000000	63369.023438	856.086304	64938.238281
2006	01	0.000000	-1.968943	1.968943	1.968943	-0.000001	-0.000001	0.000000	6.517965	-0.959915	0.000000	63369.023438	855.960205	64938.156250
2006	01	0.000000	-1.715052	1.715052	1.715052	-0.000001	-0.000001	0.000000	14.220021	-0.245881	0.000000	63369.023438	855.842102	64938.085938
2006	01	0.000000	-1.828020	1.828020	1.828020	-0.000001	-0.000001	0.000000	13.344221	-0.625177	0.000000	63369.023438	855.723022	64938.015625
2006	01	0.000000	-1.567094	1.567094	1.567094	-0.000001	-0.000001	0.000000	9.165287	-0.521917	0.000000	63369.023438	855.608459	64937.945312
2006	01	0.000000	-1.347889	1.347889	1.347889	-0.000001	-0.000001	0.000000	9.562523	-0.310685	0.000000	63369.023438	855.501831	64937.886719
2006	01	0.000000	-1.572056	1.572056	1.572056	-0.000001	-0.000001	0.000000	13.931200	-0.104782	0.000000	63369.023438	855.398682	64937.832031
2006	01	0.000000	-2.344982	2.344982	2.344982	-0.000001	-0.000001	0.000000	0.511942	-0.871188	0.000000	63369.023438	855.274353	64937.753906
2006	01	0.000000	-1.926669	1.926669	1.926669	-0.000001	-0.000001	0.000000	5.838517	-0.670335	0.000000	63369.023438	855.142029	64937.667969
2006	01	0.000000	-1.701431	1.701431	1.701431	-0.000001	-0.000001	0.000000	3.205157	-0.303019	0.000000	63369.023438	855.031921	64937.605469
2006	01	0.000000	-2.461950	2.461950	2.461950	-0.000001	-0.000001	0.000000	2.226242	-2.241376	0.000000	63369.023438	854.906860	64937.527344
2006	01	0.000000	-3.100807	3.100807	3.100807	-0.000001	-0.000001	0.000000	-6.251543	-2.251903	0.000000	63369.023438	854.760193	64937.425781
2006	01	0.000000	-3.271289	3.271289	3.271289	-0.000001	-0.000001	0.000000	-8.230555	-3.570600	0.000000	63369.023438	854.595276	64937.308594
2006	01	0.000000	-2.864632	2.864632	2.864632	-0.000001	-0.000001	0.000000	-5.845124	-1.605514	0.000000	63369.023438	854.441467	64937.203125
2006	01	0.000000	-2.679317	2.679317	2.679317	-0.000001	-0.000001	0.000000	-1.941574	-0.915470	0.000000	63369.023438	854.296875	64937.105469
2006	01	0.000000	-2.088201	2.088201	2.088201	-0.000001	-0.000001	0.000000	-6.211283	-0.886211	0.000000	63369.023438	854.161560	64937.015625
2006	01	0.000000	-1.573649	1.573649	1.573649	-0.000001	-0.000001	0.000000	7.266414	-0.400033	0.000000	63369.023438	854.050354	64936.949219
2006	01	0.000000	-1.542011	1.542011	1.542011	-0.000001	-0.000001	0.000000	6.490187	-0.267964	0.000000	63369.023438	853.944946	64936.890625
2006	01	0.000000	-1.401179	1.401179	1.401179	-0.000001	-0.000001	0.000000	10.132962	-0.226629	0.000000	63369.023438	853.843140	64936.835938
2006	01	0.000000	-1.975082	1.975082	1.975082	-0.000001	-0.000001	0.000000	-0.561395	-1.771031	0.000000	63369.023438	853.735107	64936.777344
2006	01	0.000000	-2.342751	2.342751	2.342751	-0.000001	-0.000001	0.000000	2.633349	-3.046307	0.000000	63369.023438	853.608337	64936.695312
2006	01	0.000000	-2.291382	2.291382	2.291382	-0.000001	-0.000001	0.000000	-2.800724	-2.794941	0.000000	63369.023438	853.479431	64936.613281
2006	01	0.000000	-2.144132	2.144132	2.144132	-0.000001	-0.000001	0.000000	-2.282616	-2.051811	0.000000	63369.023438	853.353455	64936.535156
2006	01	0.000000	-1.987214	1.987214	1.987214	-0.000001	-0.000001	0.000000	-0.745498	-0.816729	0.000000	63369.023438	853.234131	64936.460938
2006	01	0.000000	-1.666209	1.666209	1.666209	-0.000001	-0.000001	0.000000	-4.474004	-0.626191	0.000000	63369.023438	853.121521	64936.394531
2006	01	0.000000	-1.844752	1.844752	1.844752	-0.000001	-0.000001	0.000000	-8.870886	-0.597470	0.000000	63369.023438	853.011658	64936.332031
2006	01	0.000000	-1.592840	1.592840	1.592840	-0.000001	-0.000001	0.000000	-1.714664	-0.323518	0.000000	63369.023438	852.902100	64936.269531
2006	01	0.000000	-1.406055	1.406055	1.406055	-0.000001	-0.000001	0.000000	7.485871	-0.282008	0.000000	63369.023438	852.801086	64936.214844
2006	01	0.000000	-1.608899	1.608899	1.608899	-0.000001	-0.000001	0.000000	-2.470694	-0.433203	0.000000	63369.023438	852.701416	64936.164062
2006	01	0.000000	-1.833436	1.833436	1.833436	-0.000001	-0.000001	0.000000	3.830474	-0.611095	0.000000	63369.023438	852.592896	64936.101562
2006	01	0.000000	-1.287946	1.287946	1.287946	-0.000000	-0.000000	0.000000	12.333272	-0.373982	0.000000	63369.023438	852.488586	64936.042969
2006	01	0.000000	-1.533879	1.533879	1.533879	-0.000001	-0.000001	0.000000	-2.427032	-0.408287	0.000000	63369.023438	852.393555	64935.996094
2006	02	0.000000	-2.179914	2.179914	2.179914	-0.000001	-0.000001	0.000000	-5.378232	-2.652595	0.000000	63369.023438	852.282104	64935.929688
2006	02	0.000000	-2.530439	2.530439	2.530439	-0.000001	-0.000001	0.000000	-13.696568	-4.973608	0.000000	63369.023438	852.138672	64935.832031
2006	02	0.000000	-2.131865	2.131865	2.131865	-0.000001	-0.000001	0.000000	-0.668976	-4.103868	0.000000	63369.023438	852.004211	64935.746094
2006	02	0.000000	-1.753223	1.753223	1.753223	-0.000001	-0.000001	0.000000	-0.436274	-1.602813	0.000000	63369.023438	851.882874	64935.671875
2006	02	0.000000	-1.987565	1.987565	1.987565	-0.000001	-0.000001	0.000000	3.207030	-2.518154	0.000000	63369.023438	851.767761	64935.601562
2006	02	0.000000	-1.714950	1.714950	1.714950	-0.000001	-0.000001	0.000000	4.944050	-2.326540	0.000000	63369.023438	851.649292	64935.531250
2006	02	0.000000	-1.537779	1.537779	1.537779	-0.000001	-0.000001	0.000000	5.821706	-1.537201	0.000000	63369.023438	851.540955	64935.468750
2006	02	0.000000	-1.321376	1.321376	1.321376	-0.000001	-0.000001	0.000000	11.123548	-0.806351	0.000000	63369.023438	851.437683	64935.414062
2006	02	0.000000	-0.856728	0.856728	0.856728	-0.000000	-0.000000	0.000000	17.488188	-0.210708	0.000000	63369.023438	851.349487	64935.371094
2006	02	0.000000	-1.599640	1.599640	1.599640	-0.000001	-0.000001	0.000000	11.098852	-0.569936	0.000000	63369.023438	851.259705	64935.328125
2006	02	0.000000	-2.176038	2.176038	2.176038	-0.000001	-0.000001	0.000000	-4.746978	-1.974923	0.000000	63369.023438	851.139160	64935.253906
2006	02	0.000000	-1.663354	1.663354	1.663354	-0.000001	-0.000001	0.000000	1.454804	-0.878127	0.000000	63369.023438	851.015991	64935.175781
2006	02	0.000000	-2.302385	2.302385	2.302385	-0.000001	-0.000001	0.000000	-2.667135	-1.862769	0.000000	63369.023438	850.899536	64935.109375
2006	02	0.000000	-2.170783	2.170783	2.170783	-0.000001	-0.000001	0.000000	-3.723646	-1.253890	0.000000	63369.023438	850.769165	64935.023438
2006	02	0.000000	-2.412685	2.412685	2.412685	-0.000001	-0.000001	0.000000	-3.170999	-0.967322	0.000000	63369.023438	850.636841	64934.937500
2006	02	0.000000	-2.761734	2.761734	2.761734	-0.000001	-0.000001	0.000000	-5.832460	-3.613664	0.000000	63369.023438	850.492371	64934.839844
2006	02	0.000000	-2.276115	2.276115	2.276115	-0.000001	-0.000001	0.000000	-0.883270	-3.275083	0.000000	63369.023438	850.353394	64934.750000
2006	02	0.000000	-1.862989	1.862989	1.862989	-0.000001	-0.000001	0.000000	2.007509	-1.833589	0.000000	63369.023438	850.231812	64934.671875
2006	02	0.000000	-2.040944	2.040944	2.040944	-0.000001	-0.000001	0.000000	-0.550723	-2.169428	0.000000	63369.023438	850.113342	64934.601562
2006	02	0.000000	-2.263847	2.263847	2.263847	-0.000001	-0.000001	0.000000	-2.589560	-1.833597	0.000000	63369.023438	849.987183	64934.523438
2006	02	0.000000	-1.844742	1.844742	1.844742	-0.000001	-0.000001	0.000000	-2.747544	-1.496905	0.000000	63369.023438	849.861450	64934.441406
2006	02	0.000000	-1.665414	1.665414	1.665414	-0.000001	-0.000001	0.000000	-0.407162	-0.693730	0.000000	63369.023438	849.753479	64934.382812
2006	02	0.000000	-1.905008	1.905008	1.905008	-0.000001	-0.000001	0.000000	-1.539847	-1.358618	0.000000	63369.023438	849.639038	64934.312500
2006	02	0.000000	-1.541808	1.541808	1.541808	-0.000001	-0.000001	0.000000	-1.094220	-1.189331	0.000000	63369.023438	849.527283	64934.246094
2006	02	0.000000	-1.033097	1.033097	1.033097	-0.000000	-0.000000	0.000000	17.212606	-0.198154	0.000000	63369.023438	849.434753	64934.203125
2006	02	0.000000	-1.236091	1.236091	1.236091	-0.000001	-0.000001	0.000000	10.252331	-0.201310	0.000000	63369.023438	849.346130	64934.160156
2006	02	0.000000	-1.263927	1.263927	1.263927	-0.000001	-0.000001	0.000000	18.729483	-0.078730	0.000000	63369.023438	849.251709	64934.113281
2006	02	0.000000	-1.248653	1.248653	1.248653	-0.000001	-0.000001	0.000000	13.231176	-0.394904	0.000000	63369.023438	849.156433	64934.062500
2006	03	0.000000	-1.002768	1.002768	1.002768	-0.000000	-0.000000	0.000000	22.095480	-0.216419	0.000000	63369.023438	849.069458	64934.023438
2006	03	0.000000	-1.502987	1.502987	1.502987	-0.000001	-0.000001	0.000000	11.365187	-0.464670	0.000000	63369.023438	848.983887	64933.984375
2006	03	0.000000	-1.875060	1.875060	1.875060	-0.000001	-0.000001	0.000000	4.969327	-0.954079	0.000000	63369.023438	848.878906	64933.925781
2006	03	0.000000	-2.049653	2.049653	2.049653	-0.000001	-0.000001	0.000000	3.542073	-0.896179	0.000000	63369.023438	848.766479	64933.859375
2006	03	0.000000	-1.993036	1.993036	1.993036	-0.000001	-0.000001	0.000000	4.601392	-1.108542	0.000000	63369.023438	848.652832	64933.792969
2006	03	0.000000	-1.937322	1.937322	1.937322	-0.000001	-0.000001	0.000000	3.460235	-1.671025	0.000000	63369.023438	848.542297	64933.726562
2006	03	0.000000	-1.808886	1.808886	1.808886	-0.000001	-0.000001	0.000000	8.304901	-1.099211	0.000000	63369.023438	848.430725	64933.664062
2006	03	0.000000	-1.621125	1.621125	1.621125	-0.000001	-0.000001	0.000000	8.038358	-0.644685	0.000000	63369.023438	848.329834	64933.609375
2006	03	0.000000	-1.922808	1.922808	1.922808	-0.000001	-0.000001	0.000000	2.282736	-0.926388	0.000000	63369.023438	848.224609	64933.550781
2006	03	0.000000	-1.845662	1.845662	1.845662	-0.000001	-0.000001	0.000000	3.139018	-1.548845	0.000000	63369.023438	848.113708	64933.484375
2006	03	0.000000	-1.633345	1.633345	1.633345	-0.000001	-0.000001	0.000000	1.419435	-1.281667	0.000000	63369.023438	848.011658	64933.429688
2006	03	0.000000	-1.562629	1.562629	1.562629	-0.000001	-0.000001	0.000000	0.907502	-1.103469	0.000000	63369.023438	847.911194	64933.375000
2006	03	0.000000	-1.124791	1.124791	1.124791	-0.000000	-0.000000	0.000000	18.629856	-0.348465	0.000000	63369.023438	847.820312	64933.332031
2006	03	0.000000	-1.309265	1.309265	1.309265	-0.000000	-0.000000	0.000000	14.079529	-0.408916	0.000000	63369.023438	847.734131	64933.292969
2006	03	0.000000	-1.738266	1.738266	1.738266	-0.000001	-0.000001	0.000000	9.920150	-0.249994	0.000000	63369.023438	847.639465	64933.242188
2006	03	0.000000	-2.261386	2.261386	2.261386	-0.000001	-0.000001	0.000000	5.934336	-1.247117	0.000000	63369.023438	847.524109	64933.175781
2006	03	0.000000	-1.971911	1.971911	1.971911	-0.000001	-0.000001	0.000000	1.576152	-2.228268	0.000000	63369.023438	847.406860	64933.105469
2006	03	0.000000	-1.801143	1.801143	1.801143	-0.000001	-0.000001	0.000000	7.896917	-0.853882	0.000000	63369.023438	847.300232	64933.042969
2006	03	0.000000	-2.045848	2.045848	2.045848	-0.000001	-0.000001	0.000000	6.282585	-0.627011	0.000000	63369.023438	847.190857	64932.980469
2006	03	0.000000	-1.736906	1.736906	1.736906	-0.000001	-0.000001	0.000000	11.319636	-0.859297	0.000000	63369.023438	847.080200	64932.917969
2006	03	0.000000	-1.476080	1.476080	1.476080	-0.000001	-0.000001	0.000000	14.815428	-0.643190	0.000000	63369.023438	846.983215	64932.867188
2006	03	0.000000	-1.200904	1.200904	1.200904	-0.000000	-0.000000	0.000000	17.127249	-0.594938	0.000000	63369.023438	846.890259	64932.820312
2006	03	0.000000	-1.795717	1.795717	1.795717	-0.000001	-0.000001	0.000000	14.788898	-0.594379	0.000000	63369.023438	846.800964	64932.777344
2006	03	0.000000	-2.438019	2.438019	2.438019	-0.000001	-0.000001	0.000000	2.357538	-1.597549	0.000000	63369.023438	846.679626	64932.703125
2006	03	0.000000	-2.381375	2.381375	2.381375	-0.000001	-0.000001	0.000000	5.153846	-0.945966	0.000000	63369.023438	846.554993	64932.625000
2006	03	0.000000	-1.995773	1.995773	1.995773	-0.000001	-0.000001	0.000000	12.009096	-0.304936	0.000000	63369.023438	846.438110	64932.554688
2006	03	0.000000	-2.502208	2.502208	2.502208	-0.000001	-0.000001	0.000000	1.605402	-1.031150	0.000000	63369.023438	846.318970	64932.480469
2006	03	0.000000	-2.696428	2.696428	2.696428	-0.000001	-0.000001	0.000000	1.647850	-3.440035	0.000000	63369.023438	846.187134	64932.394531
2006	03	0.000000	-2.955693	2.955693	2.955693	-0.000001	-0.000001	0.000000	0.779786	-2.445856	0.000000	63369.023438	846.049133	64932.304688
2006	03	0.000000	-2.811502	2.811502	2.811502	-0.000001	-0.000001	0.000000	1.623328	-2.210443	0.000000	63369.023438	845.907898	64932.207031
2006	03	0.000000	-2.012360	2.012360	2.012360	-0.000001	-0.000001	0.000000	5.974247	-0.870127	0.000000	63369.023438	845.780701	64932.128906
2006	04	0.000000	-1.822431	1.822431	1.822431	-0.000001	-0.000001	0.000000	10.548296	-0.240737	0.000000	63369.023438	845.673767	64932.066406
2006	04	0.000000	-2.065643	2.065643	2.065643	-0.000001	-0.000001	0.000000	3.082177	-0.948994	0.000000	63369.023438	845.564453	64932.003906
2006	04	0.000000	-2.226714	2.226714	2.226714	-0.000001	-0.000001	0.000000	-0.221358	-1.479974	0.000000	63369.023438	845.442810	64931.929688
2006	04	0.000000	-2.086311	2.086311	2.086311	-0.000001	-0.000001	0.000000	4.428355	-0.854639	0.000000	63369.023438	845.324707	64931.855469
2006	04	0.000000	-1.971690	1.971690	1.971690	-0.000001	-0.000001	0.000000	7.668185	-0.425546	0.000000	63369.023438	845.210205	64931.789062
2006	04	0.000000	-1.432316	1.432316	1.432316	-0.000001	-0.000001	0.000000	18.595194	-0.169600	0.000000	63369.023438	845.106689	64931.730469
2006	04	0.000000	-1.566392	1.566392	1.566392	-0.000001	-0.000001	0.000000	18.965740	0.309449	0.000000	63369.023438	845.010925	64931.683594
2006	04	0.000000	-2.188039	2.188039	2.188039	-0.000001	-0.000001	0.000000	5.858371	-0.762056	0.000000	63369.023438	844.901917	64931.617188
2006	04	0.000000	-2.265465	2.265465	2.265465	-0.000001	-0.000001	0.000000	2.705044	-2.085212	0.000000	63369.023438	844.779175	64931.542969
2006	04	0.000000	-2.397386	2.397386	2.397386	-0.000001	-0.000001	0.000000	3.137961	-1.490243	0.000000	63369.023438	844.655762	64931.464844
2006	04	0.000000	-2.285680	2.285680	2.285680	-0.000001	-0.000001	0.000000	6.021571	-0.521546	0.000000	63369.023438	844.529602	64931.386719
2006	04	0.000000	-2.337858	2.337858	2.337858	-0.000001	-0.000001	0.000000	6.605532	-0.528874	0.000000	63369.023438	844.406616	64931.308594
2006	04	0.000000	-2.046299	2.046299	2.046299	-0.000001	-0.000001	0.000000	11.881256	0.322962	0.000000	63369.023438	844.286499	64931.234375
2006	04	0.000000	-1.942828	1.942828	1.942828	-0.000001	-0.000001	0.000000	17.261089	0.614951	0.000000	63369.023438	844.174133	64931.167969
2006	04	0.000000	-2.177810	2.177810	2.177810	-0.000001	-0.000001	0.000000	11.540579	0.447899	0.000000	63369.023438	844.058655	64931.101562
2006	04	0.000000	-2.049581	2.049581	2.049581	-0.000001	-0.000001	0.000000	14.418719	1.119301	0.000000	63369.023438	843.940063	64931.027344
2006	04	0.000000	-1.897523	1.897523	1.897523	-0.000001	-0.000001	0.000000	12.368623	0.629256	0.000000	63369.023438	843.828735	64930.960938
2006	04	0.000000	-1.793381	1.793381	1.793381	-0.000001	-0.000001	0.000000	20.730227	0.750053	0.000000	63369.023438	843.720581	64930.898438
2006	04	0.000000	-2.009943	2.009943	2.009943	-0.000001	-0.000001	0.000000	13.327886	1.076552	0.000000	63369.023438	843.610962	64930.835938
2006	04	0.000000	-2.081497	2.081497	2.081497	-0.000001	-0.000001	0.000000	17.083227	0.949652	0.000000	63369.023438	843.496216	64930.769531
2006	04	0.000000	-1.708467	1.708467	1.708467	-0.000001	-0.000001	0.000000	23.655832	1.401124	0.000000	63369.023438	843.385376	64930.703125
2006	04	0.000000	-1.856974	1.856974	1.856974	-0.000001	-0.000001	0.000000	17.161064	0.893438	0.000000	63369.023438	843.281372	64930.644531
2006	04	0.000000	-2.428727	2.428727	2.428727	-0.000001	-0.000001	0.000000	9.416345	-0.616438	0.000000	63369.023438	843.162476	64930.574219
2006	04	0.000000	-2.264780	2.264780	2.264780	-0.000001	-0.000001	0.000000	6.327192	0.148082	0.000000	63369.023438	843.036011	64930.492188
2006	04	0.000000	-1.767099	1.767099	1.767099	-0.000001	-0.000001	0.000000	23.052996	0.938680	0.000000	63369.023438	842.924072	64930.425781
2006	04	0.000000	-2.290188	2.290188	2.290188	-0.000001	-0.000001	0.000000	11.332700	0.361327	0.000000	63369.023438	842.810547	64930.359375
2006	04	0.000000	-2.402824	2.402824	2.402824	-0.000001	-0.000001	0.000000	13.835781	1.984311	0.000000	63369.023438	842.685120	64930.281250
2006	04	0.000000	-2.639322	2.639322	2.639322	-0.000001	-0.000001	0.000000	10.093435	0.625096	0.000000	63369.023438	842.555176	64930.195312
2006	04	0.000000	-3.008839	3.008839	3.008839	-0.000001	-0.000001	0.000000	13.774159	1.539265	0.000000	63369.023438	842.415588	64930.101562
2006	04	0.000000	-2.974808	2.974808	2.974808	-0.000001	-0.000001	0.000000	8.497581	1.091842	0.000000	63369.023438	842.268188	64930.003906
2006	05	0.000000	-2.473303	2.473303	2.473303	-0.000001	-0.000001	0.000000	7.062283	0.252721	0.000000	63369.023438	842.132080	64929.914062
2006	05	0.000000	-3.390570	3.390570	3.390570	-0.000001	-0.000001	0.000000	-12.165033	-3.687065	0.000000	63369.023438	841.990234	64929.816406
2006	05	0.000000	-3.905771	3.905771	3.905771	-0.000001	-0.000001	0.000000	-7.150511	-2.742070	0.000000	63369.023438	841.827393	64929.699219
2006	05	0.000000	-3.372835	3.372835	3.372835	-0.000001	-0.000001	0.000000	-3.419411	0.629839	0.000000	63369.023438	841.660339	64929.578125
2006	05	0.000000	-2.883555	2.883555	2.883555	-0.000001	-0.000001	0.000000	4.749505	-0.185021	0.000000	63369.023438	841.515137	64929.480469
2006	05	0.000000	-2.931849	2.931849	2.931849	-0.000001	-0.000001	0.000000	1.809853	-0.271080	0.000000	63369.023438	841.376160	64929.386719
2006	05	0.000000	-3.696495	3.696495	3.696495	-0.000001	-0.000001	0.000000	-0.856828	-0.158056	0.000000	63369.023438	841.226990	64929.285156
2006	05	0.000000	-4.180923	4.180923	4.180923	-0.000002	-0.000002	0.000000	-9.074480	-0.273151	0.000000	63369.023438	841.050293	64929.152344
2006	05	0.000000	-4.756147	4.756147	4.756147	-0.000002	-0.000002	0.000000	-13.404589	0.554896	0.000000	63369.023438	840.862976	64929.011719
2006	05	0.000000	-4.362903	4.362903	4.362903	-0.000002	-0.000002	0.000000	-3.372641	0.134866	0.000000	63369.023438	840.666260	64928.863281
2006	05	0.000000	-4.290007	4.290007	4.290007	-0.000002	-0.000002	0.000000	-8.390159	-2.557331	0.000000	63369.023438	840.480652	64928.722656
2006	05	0.000000	-3.930773	3.930773	3.930773	-0.000001	-0.000001	0.000000	8.310538	2.346056	0.000000	63369.023438	840.306335	64928.593750
2006	05	0.000000	-4.284553	4.284553	4.284553	-0.000002	-0.000002	0.000000	-5.027557	-0.471873	0.000000	63369.023438	840.125977	64928.460938
2006	05	0.000000	-4.435300	4.435300	4.435300	-0.000002	-0.000002	0.000000	-1.223933	6.617354	0.000000	63369.023438	839.940857	64928.320312
2006	05	0.000000	-4.498100	4.498100	4.498100	-0.000002	-0.000002	0.000000	-3.407333	5.871224	0.000000	63369.023438	839.752686	64928.179688
2006	05	0.000000	-4.550779	4.550779	4.550779	-0.000002	-0.000002	0.000000	-2.791697	4.945972	0.000000	63369.023438	839.560059	64928.031250
2006	05	0.000000	-3.671277	3.671277	3.671277	-0.000001	-0.000001	0.000000	3.017276	1.982040	0.000000	63369.023438	839.377258	64927.894531
2006	05	0.000000	-4.377180	4.377180	4.377180	-0.000002	-0.000002	0.000000	0.250882	5.329923	0.000000	63369.023438	839.206177	64927.769531
2006	05	0.000000	-4.179509	4.179509	4.179509	-0.000002	-0.000002	0.000000	1.740471	4.828025	0.000000	63369.023438	839.021667	64927.632812
2006	05	0.000000	-4.231518	4.231518	4.231518	-0.000002	-0.000002	0.000000	3.615637	4.068896	0.000000	63369.023438	838.842041	64927.496094
2006	05	0.000000	-4.307894	4.307894	4.307894	-0.000002	-0.000002	0.000000	1.650670	2.736515	0.000000	63369.023438	838.659241	64927.359375
2006	05	0.000000	-3.865659	3.865659	3.865659	-0.000001	-0.000001	0.000000	1.572764	0.074168	0.000000	63369.023438	838.477600	64927.226562
2006	05	0.000000	-4.090076	4.090076	4.090076	-0.000002	-0.000002	0.000000	-1.539502	1.166777	0.000000	63369.023438	838.306763	64927.101562
2006	05	0.000000	-4.618369	4.618369	4.618369	-0.000002	-0.000002	0.000000	-2.974255	0.941453	0.000000	63369.023438	838.121460	64926.960938
2006	05	0.000000	-3.958785	3.958785	3.958785	-0.000001	-0.000001	0.000000	4.063456	2.404859	0.000000	63369.023438	837.937256	64926.820312
2006	05	0.000000	-4.609181	4.609181	4.609181	-0.000002	-0.000002	0.000000	-12.758377	-4.915356	0.000000	63369.023438	837.753723	64926.683594
2006	05	0.000000	-4.524786	4.524786	4.524786	-0.000002	-0.000002	0.000000	-4.100317	-0.502218	0.000000	63369.023438	837.560730	64926.539062
2006	05	0.000000	-4.369975	4.369975	4.369975	-0.000002	-0.000002	0.000000	-2.901697	1.534151	0.000000	63369.023438	837.370911	64926.394531
2006	05	0.000000	-4.532009	4.532009	4.532009	-0.000002	-0.000002	0.000000	-7.817564	1.269908	0.000000	63369.023438	837.184021	64926.253906
2006	05	0.000000	-4.565467	4.565467	4.565467	-0.000002	-0.000002	0.000000	-2.997073	-1.384994	0.000000	63369.023438	836.990662	64926.105469
2006	05	0.000000	-4.427989	4.427989	4.427989	-0.000002	-0.000002	0.000000	-7.616193	-0.239193	0.000000	63369.023438	836.800171	64925.960938
2006	06	0.000000	-3.846640	3.846640	3.846640	-0.000001	-0.000001	0.000000	4.502249	5.712489	0.000000	63369.023438	836.617676	64925.824219
2006	06	0.000000	-3.958616	3.998317	3.998317	-0.000002	-0.000002	0.039701	15.168048	20.435434	0.000000	63369.027344	836.443359	64925.695312
2006	06	0.000000	-4.182093	4.998351	4.998351	-0.000002	-0.000002	0.816257	-2.124286	7.409256	0.000000	63369.042969	836.262939	64925.546875
2006	06	0.000000	-4.397674	7.763698	7.763698	-0.000003	-0.000003	3.366024	-5.807926	-0.503085	0.000000	63369.136719	836.072571	64925.328125
2006	06	0.000000	-4.550178	14.176892	14.176892	-0.000005	-0.000005	9.626715	-13.460644	0.698844	0.000000	63369.398438	835.877991	64924.976562
2006	06	0.000000	-4.275401	16.322388	16.322388	-0.000006	-0.000006	12.046988	14.749365	24.355833	0.000000	63369.878906	835.685730	64924.441406
2006	06	0.000000	-5.318461	43.602798	43.602798	-0.000017	-0.000017	38.284336	72.057419	18.334198	0.000000	63370.871094	835.481506	64923.453125
2006	06	0.000000	-6.363680	58.005802	58.005802	-0.000022	-0.000022	51.642124	52.118301	22.456690	0.000000	63372.613281	835.236694	64921.707031
2006	06	0.000000	-6.539917	73.145538	73.145538	-0.000028	-0.000028	66.605629	16.101875	32.837399	0.000000	63374.582031	834.973755	64919.558594
2006	06	0.000000	-5.185252	39.019718	39.019718	-0.000015	-0.000015	33.834465	22.208784	25.664049	0.000000	63376.261719	834.738708	64917.546875
2006	06	0.000000	-4.433865	17.467974	17.467974	-0.000007	-0.000007	13.034108	23.119301	30.785931	0.000000	63376.796875	834.535583	64916.761719
2006	06	0.000000	-4.688325	18.727846	18.727846	-0.000007	-0.000007	14.039520	94.232269	42.150986	0.000000	63377.167969	834.333801	64916.144531
2006	06	0.000000	-4.588495	18.413960	18.413960	-0.000007	-0.000007	13.825466	97.877312	34.275837	0.000000	63377.527344	834.137695	64915.535156
2006	06	0.000000	-5.192933	19.773790	19.773790	-0.000008	-0.000008	14.580856	47.964127	23.353502	0.000000	63377.886719	833.927490	64914.898438
2006	06	0.000000	-6.582895	52.880386	52.880386	-0.000020	-0.000020	46.297485	43.741791	32.215382	0.000000	63378.503906	833.686157	64913.800781
2006	06	1.649281	-6.393611	38.451569	36.802288	-0.000014	-0.000014	30.408676	13.793317	60.495480	4577.139648	63379.359375	833.406616	64912.117188
2006	06	12.088280	1.200119	41.721970	29.633692	-0.000011	-0.000011	30.833811	-19.490854	94.275986	33547.800781	63379.835938	833.237244	64910.996094
2006	06	23.331318	12.720762	40.434967	17.103651	-0.000007	-0.000007	29.824413	18.654627	35.564476	64749.859375	63380.265625	833.489990	64910.324219
2006	06	40.691933	26.890381	57.809635	17.117706	-0.000007	-0.000007	44.008087	55.847672	56.421738	112929.625000	63380.773438	834.081787	64909.746094
2006	06	49.371719	33.072624	72.628456	23.256739	-0.000009	-0.000009	56.329361	36.109089	56.368641	137018.062500	63381.460938	835.006836	64908.945312
2006	06	57.118240	41.216419	61.847252	4.729014	-0.000002	-0.000002	45.945431	67.386818	60.452049	158516.468750	63382.023438	836.346741	64908.632812
2006	06	72.736389	53.510616	66.488022	-6.248370	0.000002	0.000002	47.262249	59.918865	59.714828	201860.500000	63382.457031	837.828735	64908.652344
2006	06	87.718796	63.692005	75.905891	-11.812903	0.000005	0.000005	51.879105	-1.297229	75.855156	243440.171875	63382.890625	839.764832	64908.949219
2006	06	85.645378	63.283127	67.897392	-17.747986	0.000007	0.000007	45.535141	41.868511	50.346039	237685.937500	63383.257812	841.973999	64909.582031
2006	06	83.640625	61.530464	65.738319	-17.902302	0.000007	0.000007	43.628162	91.894630	59.337372	232122.281250	63383.574219	843.932495	64910.128906
2006	06	85.499924	62.336372	67.218651	-18.281277	0.000007	0.000007	44.055099	87.433136	68.878288	237282.281250	63383.871094	846.024841	64910.792969
2006	06	116.454613	86.811935	76.672012	-39.782604	0.000015	0.000015	47.029327	19.180744	59.859219	323188.781250	63384.132812	848.394470	64911.714844
2006	06	112.892769	83.232368	75.833649	-37.059116	0.000014	0.000014	46.173252	12.023730	40.330700	313303.812500	63384.359375	851.154236	64912.953125
2006	06	126.379372	93.967224	78.176323	-48.203049	0.000019	0.000019	45.764172	43.833725	47.042240	350732.281250	63384.539062	854.192993	64914.496094
2006	06	130.516296	95.876205	79.916428	-50.599869	0.000020	0.000020	45.276333	56.266800	63.594822	362213.218750	63384.679688	857.334900	64916.167969
2006	07	103.181320	70.889618	75.087486	-28.093836	0.000010	0.000010	42.795784	5.431035	37.856686	277115.125000	63384.785156	859.988281	64917.437500
2006	07	117.157242	83.914490	73.596085	-43.561153	0.000016	0.000016	40.353340	54.987415	28.576275	314650.375000	63384.863281	862.317688	64918.480469
2006	07	155.535950	114.977821	82.503075	-73.032867	0.000027	0.000027	41.944946	74.189453	40.765179	417724.468750	63384.921875	865.483765	64920.371094
2006	07	203.967697	149.822647	101.839226	-102.128471	0.000038	0.000038	47.694172	27.647785	71.182594	547798.125000	63384.968750	869.730225	64923.210938
2006	07	192.622696	136.349365	104.483360	-88.139343	0.000033	0.000033	48.210033	13.501142	57.684570	517328.718750	63385.000000	874.395264	64926.375000
2006	07	204.684311	140.439606	114.339981	-90.344322	0.000034	0.000034	50.095280	-14.263063	117.465950	549722.750000	63385.015625	878.723328	64929.156250
2006	07	207.298965	141.519135	114.547722	-92.751228	0.000035	0.000035	48.767895	14.436857	132.465393	556744.937500	63385.007812	883.208008	64932.074219
2006	07	243.306915	170.175400	120.154533	-123.152374	0.000046	0.000046	47.023022	24.053417	102.805954	653451.812500	63384.988281	888.295105	64935.691406
2006	07	219.647659	139.719131	128.711349	-90.936310	0.000034	0.000034	48.782818	9.972353	116.848618	589909.937500	63384.949219	893.057190	64938.945312
2006	07	221.883377	138.944183	129.893997	-91.989380	0.000034	0.000034	46.954800	4.237230	100.209282	595914.437500	63384.898438	897.437805	64941.832031
2006	07	200.806671	117.346626	130.184143	-70.622536	0.000026	0.000026	46.724083	8.467094	90.481857	539308.500000	63384.832031	901.512146	64944.433594
2006	07	244.020737	160.598206	125.717148	-118.303589	0.000044	0.000044	42.294613	47.659134	94.635468	655369.000000	63384.757812	906.229980	64947.781250
2006	07	200.417114	108.052612	136.492554	-63.924561	0.000024	0.000024	44.128059	23.006205	106.064430	538262.250000	63384.667969	910.108765	64950.304688
2006	07	176.014526	107.290031	105.597725	-70.416801	0.000026	0.000026	36.873234	59.755417	85.855141	472724.000000	63384.574219	914.077759	64953.039062
2006	07	197.836594	124.024994	110.693619	-87.142982	0.000033	0.000033	36.882015	89.291382	65.357826	531331.750000	63384.480469	917.564575	64955.386719
2006	07	185.390244	106.599380	115.894287	-69.495964	0.000026	0.000026	37.103413	69.235794	82.632500	497904.500000	63384.375000	921.338074	64958.000000
2006	07	189.818100	115.162842	108.307732	-81.510376	0.000030	0.000030	33.652462	85.488579	60.490757	509796.375000	63384.269531	924.823059	64960.414062
2006	07	181.703293	102.893616	112.058815	-69.644485	0.000026	0.000026	33.249134	79.198822	79.921265	488002.375000	63384.160156	928.436584	64962.988281
2006	07	173.620789	99.282440	105.256042	-68.364738	0.000026	0.000026	30.917702	85.700150	57.675095	466295.093750	63384.050781	931.639465	64965.218750
2006	07	171.666824	97.228523	103.807434	-67.859398	0.000025	0.000025	29.369116	97.292732	54.204670	461047.343750	63383.941406	934.658203	64967.320312
2006	07	162.833496	88.282104	102.610840	-60.222641	0.000022	0.000022	28.059458	60.723446	40.009323	437323.531250	63383.832031	937.610168	64969.402344
2006	07	180.005051	100.827141	106.656929	-73.348129	0.000027	0.000027	27.479008	61.755558	41.948143	483441.406250	63383.718750	940.542542	64971.492188
2006	07	156.539749	74.200211	109.849739	-46.690010	0.000017	0.000017	27.510204	46.870865	46.945892	420420.406250	63383.605469	943.485474	64973.597656
2006	07	147.534149	67.473396	106.298027	-41.236126	0.000015	0.000015	26.237272	35.665325	46.740788	396233.968750	63383.488281	945.643127	64974.945312
2006	07	139.785263	65.901344	98.427490	-41.357765	0.000015	0.000015	24.543583	61.139652	35.685829	375422.687500	63383.371094	947.761292	64976.289062
2006	07	153.356918	77.793800	99.143616	-54.213287	0.000020	0.000020	23.580513	99.286644	28.431198	411872.187500	63383.257812	950.008972	64977.812500
2006	07	156.898056	78.813606	99.890526	-57.007538	0.000021	0.000021	21.806070	107.832924	27.535049	421382.718750	63383.066406	952.544678	64979.675781
2006	07	149.748093	69.824883	101.410736	-48.337357	0.000018	0.000018	21.487530	61.757874	21.546379	402180.000000	63382.855469	954.782532	64981.277344
2006	07	159.222061	75.187111	105.240311	-53.981750	0.000020	0.000020	21.205364	74.351273	26.081636	427624.312500	63382.640625	957.179321	64983.035156
2006	07	155.638428	67.536041	109.271210	-46.367207	0.000017	0.000017	21.168837	95.870132	27.553436	417999.687500	63382.421875	959.393250	64984.617188
2006	07	127.866348	43.578064	104.855255	-23.011087	0.000009	0.000009	20.566975	97.677132	21.305758	343411.937500	63382.207031	961.037842	64985.636719
2006	08	150.133057	60.890606	109.314911	-40.818142	0.000015	0.000015	20.072466	80.938705	24.698347	403213.875000	63382.000000	962.895325	64986.898438
2006	08	148.429230	42.969173	127.075645	-21.353590	0.000008	0.000008	21.615585	45.120865	35.135151	398637.875000	63381.785156	964.403992	64987.789062
2006	08	148.599884	58.689098	110.211098	-38.388783	0.000014	0.000014	20.300316	68.128090	34.119614	399096.218750	63381.566406	966.304871	64989.062500
2006	08	145.775284	53.645725	111.830383	-33.944893	0.000013	0.000013	19.700832	71.866493	29.806095	391510.125000	63381.355469	968.169006	64990.335938
2006	08	110.325378	34.432297	93.735313	-16.590067	0.000006	0.000006	17.842230	93.344353	16.148497	296302.000000	63381.160156	969.505310	64991.121094
2006	08	111.686684	34.220188	94.723824	-16.962856	0.000006	0.000006	17.257334	89.584221	15.690862	299958.062500	63380.980469	970.620605	64991.722656
2006	08	111.321442	33.856319	94.209267	-17.112171	0.000006	0.000006	16.744150	86.670479	15.612232	298977.093750	63380.804688	971.751587	64992.363281
2006	08	109.155563	29.857737	95.582275	-13.573278	0.000005	0.000005	16.284458	75.390015	15.527389	293160.187500	63380.628906	972.780762	64992.910156
2006	08	107.515457	23.143816	100.515518	-6.999929	0.000003	0.000003	16.143887	71.583794	16.850756	288755.343750	63380.457031	973.531006	64993.191406
2006	08	98.553497	11.237576	103.232079	4.678582	-0.000002	-0.000002	15.916158	61.583652	17.489300	264686.125000	63380.281250	974.060547	64993.257812
2006	08	94.762917	7.851839	102.166054	7.403131	-0.000003	-0.000003	15.254970	58.089130	17.232035	254505.734375	63380.113281	974.341980	64993.089844
2006	08	95.377235	1.570529	109.254822	13.877590	-0.000005	-0.000005	15.448119	46.834038	19.807688	256155.593750	63379.945312	974.529480	64992.835938
2006	08	85.252815	11.712496	87.840088	2.587271	-0.000001	-0.000001	14.299767	37.599010	11.685502	228964.359375	63379.785156	974.916199	64992.800781
2006	08	86.431732	14.371472	86.131279	-0.300450	0.000000	0.000000	14.071022	62.970272	12.671626	232130.578125	63379.632812	975.426453	64992.906250
2006	08	73.724754	12.366653	74.634880	0.910127	-0.000000	-0.000000	13.276780	78.745201	8.688923	198003.328125	63379.484375	975.855591	64992.945312
2006	08	83.483643	12.429521	84.687340	1.203700	-0.000000	-0.000000	13.633222	54.819180	12.040164	224212.859375	63379.339844	976.286194	64993.000000
2006	08	78.153557	12.842311	78.497421	0.343863	-0.000000	-0.000000	13.186174	53.731659	10.510273	209897.812500	63379.187500	976.783142	64993.117188
2006	08	82.155334	13.336147	82.051498	-0.103835	0.000000	0.000000	13.232312	54.355804	12.107498	220645.421875	63379.046875	977.196167	64993.156250
2006	08	82.688492	10.997677	84.834595	2.146098	-0.000001	-0.000001	13.143775	44.888737	13.127012	222077.312500	63378.894531	977.599426	64993.187500
2006	08	80.442223	9.763426	83.578918	3.136700	-0.000001	-0.000001	12.900125	46.551228	13.672491	216044.500000	63378.742188	978.039001	64993.261719
2006	08	56.811962	-1.085769	70.623268	13.811303	-0.000005	-0.000005	12.725533	25.559320	6.497648	152580.468750	63378.597656	978.153137	64993.019531
2006	08	50.631813	-1.514692	64.528633	13.896820	-0.000005	-0.000005	12.382128	48.154415	5.454829	135982.359375	63378.464844	978.131653	64992.644531
2006	08	51.285339	0.170561	63.298248	12.012907	-0.000004	-0.000004	12.183470	62.497902	5.881488	137737.546875	63378.335938	978.161255	64992.328125
2006	08	52.525688	0.414228	64.368813	11.843127	-0.000004	-0.000004	12.257356	58.652794	5.864288	141068.765625	63378.210938	978.170227	64992.000000
2006	08	57.942764	3.707406	66.392342	8.449574	-0.000003	-0.000003	12.156980	49.455444	7.287296	155617.468750	63378.078125	978.262756	64991.753906
2006	08	62.396229	3.094299	71.612129	9.215895	-0.000003	-0.000003	12.310193	47.970436	9.344453	167578.187500	63377.941406	978.396118	64991.546875
2006	08	54.358852	-3.063153	69.828186	15.469335	-0.000006	-0.000006	12.406182	34.668098	11.275355	145992.125000	63377.800781	978.496277	64991.304688
2006	08	38.898506	-6.300210	57.294403	18.395895	-0.000007	-0.000007	12.095685	26.515003	4.420925	104470.117188	63377.675781	978.355652	64990.812500
2006	08	35.209293	-5.602968	52.449532	17.240238	-0.000006	-0.000006	11.637270	60.252342	3.729300	94561.953125	63377.562500	978.166199	64990.289062
2006	08	46.561428	-1.985396	60.921944	14.360520	-0.000005	-0.000005	12.375123	40.410786	6.285376	125050.500000	63377.441406	978.064392	64989.863281
2006	08	45.238571	-8.367826	66.462982	21.224413	-0.000008	-0.000008	12.856588	11.137062	9.792133	121497.695312	63377.312500	977.969238	64989.417969
2006	09	29.843678	-12.681744	55.974072	26.130396	-0.000010	-0.000010	13.448652	-4.903659	14.348199	82823.179688	63377.199219	977.585938	64988.652344
2006	09	40.231262	-3.457911	57.353657	17.122395	-0.000007	-0.000007	13.664483	24.049345	8.544551	111651.156250	63377.078125	977.429382	64988.093750
2006	09	41.284798	-4.122854	59.019424	17.734631	-0.000007	-0.000007	13.611776	9.941848	10.004774	114574.968750	63376.949219	977.312622	64987.578125
2006	09	45.420567	-0.687908	59.746281	14.325711	-0.000006	-0.000006	13.637803	19.852222	8.748650	126052.695312	63376.816406	977.281372	64987.144531
2006	09	44.407993	-0.537378	57.668610	13.260618	-0.000005	-0.000005	12.723240	14.212504	6.461225	123242.570312	63376.671875	977.337158	64986.808594
2006	09	42.521778	-2.786964	58.835224	16.313444	-0.000006	-0.000006	13.526480	11.275508	15.511389	118007.882812	63376.539062	977.348511	64986.441406
2006	09	25.060982	-12.844523	51.365494	26.304512	-0.000010	-0.000010	13.459988	5.384149	4.506078	69550.093750	63376.417969	976.995178	64985.691406
2006	09	27.597319	-10.169874	50.917088	23.319771	-0.000009	-0.000009	13.149896	-2.780815	10.329948	76589.007812	63376.304688	976.659363	64984.960938
2006	09	29.697008	-7.249164	49.717030	20.020021	-0.000008	-0.000008	12.770858	16.025446	4.795505	82416.148438	63376.191406	976.425476	64984.343750
2006	09	29.477596	-8.683479	51.774090	22.296495	-0.000009	-0.000009	13.613016	10.297999	4.667427	81807.218750	63376.074219	976.209045	64983.750000
2006	09	14.504768	-18.624920	47.142368	32.637596	-0.000013	-0.000013	14.012679	4.015802	17.734129	40254.125000	63375.953125	975.766724	64982.890625
2006	09	0.000000	-28.674494	40.628616	40.628616	-0.000016	-0.000016	11.954124	2.274859	13.953989	0.000000	63375.835938	975.072998	64981.824219
2006	09	0.000000	-25.632395	35.730541	35.730541	-0.000014	-0.000014	10.098145	2.149456	5.667070	0.000000	63375.722656	974.388428	64980.828125
2006	09	0.000000	-26.953512	37.763260	37.763260	-0.000015	-0.000015	10.809750	-2.906275	1.531446	0.000000	63375.613281	973.721863	64979.863281
2006	09	2.385135	-26.200354	40.448238	38.063103	-0.000015	-0.000015	11.862749	-6.763159	2.762376	6619.307129	63375.500000	973.016479	64978.839844
2006	09	9.229554	-19.849424	42.202457	32.972900	-0.000013	-0.000013	13.123477	-3.888973	5.537226	25614.169922	63375.382812	972.319519	64977.777344
2006	09	11.072385	-18.473911	44.457935	33.385551	-0.000013	-0.000013	14.911639	-5.298342	-0.276161	30728.455078	63375.261719	971.715088	64976.765625
2006	09	12.016932	-17.360012	46.667717	34.650787	-0.000013	-0.000013	17.290775	-2.831610	0.518951	33349.796875	63375.140625	971.126526	64975.691406
2006	09	13.967195	-14.450265	45.960136	31.992941	-0.000012	-0.000012	17.542675	7.072702	2.902583	38762.230469	63375.015625	970.632690	64974.656250
2006	09	14.065796	-15.529056	48.029354	33.963554	-0.000013	-0.000013	18.434502	1.450175	1.420910	39035.875000	63374.890625	970.155640	64973.644531
2006	09	16.745642	-13.106143	48.261223	31.515583	-0.000012	-0.000012	18.409439	-0.867285	-0.943886	46473.070312	63374.757812	969.726379	64972.644531
2006	09	17.372908	-13.268324	49.501099	32.128193	-0.000012	-0.000012	18.859869	-3.092508	2.612391	48213.878906	63374.621094	969.309265	64971.656250
2006	09	14.517296	-14.765632	48.269711	33.752411	-0.000013	-0.000013	18.986782	-1.947195	1.666041	40288.890625	63374.476562	968.854614	64970.628906
2006	09	14.955271	-15.104173	49.408886	34.453617	-0.000013	-0.000013	19.349445	-3.076260	3.391376	41504.375000	63374.328125	968.378357	64969.570312
2006	09	16.701994	-14.127792	50.580250	33.878258	-0.000013	-0.000013	19.750465	1.165785	2.173295	46351.941406	63374.175781	967.930969	64968.519531
2006	09	16.868223	-13.393106	49.786755	32.918533	-0.000013	-0.000013	19.525427	-11.875159	-0.833923	46813.261719	63374.011719	967.535339	64967.519531
2006	09	14.033955	-14.187237	47.061901	33.027946	-0.000013	-0.000013	18.840710	-0.017199	1.929487	38947.503906	63373.851562	967.063660	64966.464844
2006	09	12.974603	-13.981480	44.830021	31.855419	-0.000012	-0.000012	17.873940	-3.490772	-1.380023	36007.554688	63373.695312	966.614380	64965.449219
2006	09	9.910203	-16.108055	43.268745	33.358547	-0.000013	-0.000013	17.250490	-12.839676	1.405321	27503.128906	63373.539062	966.099487	64964.410156
2006	09	8.614408	-16.116560	41.054565	32.440155	-0.000013	-0.000013	16.323597	-1.315156	3.398782	23906.998047	63373.386719	965.570862	64963.371094
2006	10	5.781026	-18.614372	39.796650	34.015621	-0.000013	-0.000013	15.401251	0.498719	5.398669	15526.159180	63373.238281	965.035400	64962.367188
2006	10	1.480276	-20.800961	34.679291	33.199017	-0.000012	-0.000012	12.398054	5.186352	12.369406	3975.591797	63373.101562	964.303284	64961.421875
2006	10	0.000000	-21.991037	32.968647	32.968647	-0.000012	-0.000012	10.977611	0.798681	2.327233	0.000000	63372.984375	962.786011	64960.531250
2006	10	0.000000	-21.124329	31.347757	31.347757	-0.000012	-0.000012	10.223428	0.024255	1.160935	0.000000	63372.882812	960.362061	64959.691406
2006	10	0.000000	-20.976278	31.544724	31.544724	-0.000012	-0.000012	10.568445	1.116470	2.624526	0.000000	63372.800781	957.019470	64958.847656
2006	10	0.000000	-21.374952	33.640297	33.640297	-0.000013	-0.000013	12.265346	2.266431	3.379484	0.000000	63372.746094	952.745117	64957.953125
2006	10	0.000000	-20.781496	36.853161	36.853161	-0.000014	-0.000014	16.071661	-1.758020	0.693358	0.000000	63372.734375	947.540771	64956.964844
2006	10	0.000000	-20.043917	41.822983	41.822983	-0.000016	-0.000016	21.779066	-0.659724	1.478830	0.000000	63372.761719	941.420532	64955.773438
2006	10	0.006689	-17.791643	39.291504	39.284817	-0.000015	-0.000015	21.493174	-0.102512	0.512546	17.965160	63372.816406	934.401550	64954.542969
2006	10	0.101052	-16.050884	37.143845	37.042789	-0.000014	-0.000014	20.991907	6.713701	2.098144	271.397491	63372.894531	926.509399	64953.351562
2006	10	0.194785	-15.082589	28.661163	28.466379	-0.000011	-0.000011	13.383790	15.658705	2.794310	523.135193	63372.984375	917.704163	64952.277344
2006	10	0.149596	-15.389397	25.309818	25.160221	-0.000009	-0.000009	9.770826	24.887257	5.429233	401.770233	63373.070312	907.975464	64951.410156
2006	10	0.124793	-15.100166	21.234304	21.109510	-0.000008	-0.000008	6.009345	10.916592	1.636228	335.156677	63373.140625	897.287292	64950.585938
2006	10	0.097588	-15.453788	21.027992	20.930405	-0.000008	-0.000008	5.476616	5.366213	0.259712	262.091980	63373.183594	885.652527	64949.792969
2006	10	0.053475	-14.024578	19.604303	19.550829	-0.000007	-0.000007	5.526251	14.948962	2.492021	143.617874	63373.242188	873.104126	64948.984375
2006	10	0.022998	-13.998389	19.221409	19.198412	-0.000007	-0.000007	5.200021	19.365547	4.624508	61.766457	63373.304688	859.647644	64948.152344
2006	10	0.000000	-19.102108	24.362347	24.362347	-0.000009	-0.000009	5.260239	10.417279	2.479172	0.000000	63373.375000	852.482666	64947.242188
2006	10	0.000000	-19.451283	25.093029	25.093029	-0.000009	-0.000009	5.641747	4.023076	-0.100740	0.000000	63373.464844	851.603943	64946.238281
2006	10	0.000000	-21.255693	27.401175	27.401175	-0.000010	-0.000010	6.145479	-5.719327	-2.212344	0.000000	63373.589844	850.696655	64945.183594
2006	10	0.000000	-20.638304	26.900023	26.900023	-0.000010	-0.000010	6.261719	-8.250602	-3.941068	0.000000	63373.722656	849.769958	64944.101562
2006	10	0.000000	-18.159552	24.342537	24.342537	-0.000009	-0.000009	6.182987	-7.578287	-4.032310	0.000000	63373.859375	848.906982	64943.085938
2006	10	0.000000	-15.642150	21.731066	21.731066	-0.000008	-0.000008	6.088916	-6.370831	-3.085057	0.000000	63373.992188	848.131287	64942.156250
2006	10	0.000000	-12.559815	18.570978	18.570978	-0.000007	-0.000007	6.011164	-1.837715	-0.945392	0.000000	63374.121094	847.457947	64941.335938
2006	10	0.000000	-10.278361	16.096069	16.096069	-0.000006	-0.000006	5.817709	-9.928657	-2.199480	0.000000	63374.246094	846.870911	64940.605469
2006	10	0.000000	-10.763747	16.257702	16.257702	-0.000006	-0.000006	5.493956	-6.990309	-1.998499	0.000000	63374.363281	846.335571	64939.933594
2006	10	0.000000	-9.772545	13.531453	13.531453	-0.000005	-0.000005	3.758908	-8.361603	-2.624652	0.000000	63374.445312	845.769958	64939.265625
2006	10	0.000000	-8.985403	12.485504	12.485504	-0.000005	-0.000005	3.500101	-4.376484	-1.011326	0.000000	63374.496094	845.282166	64938.707031
2006	10	0.000000	-8.517373	11.717207	11.717207	-0.000004	-0.000004	3.199835	1.675146	-0.219790	0.000000	63374.542969	844.810242	64938.171875
2006	10	0.000000	-8.840600	11.609356	11.609356	-0.000004	-0.000004	2.768757	2.303728	-0.447374	0.000000	63374.578125	844.329163	64937.640625
2006	10	0.000000	-6.412250	8.819601	8.819601	-0.000003	-0.000003	2.407352	5.290724	-0.234597	0.000000	63374.601562	843.885437	64937.160156
2006	10	0.000000	-7.750747	9.998197	9.998197	-0.000004	-0.000004	2.247449	-4.790708	-1.025436	0.000000	63374.621094	843.500977	64936.750000
2006	11	0.000000	-9.084529	11.186660	11.186660	-0.000004	-0.000004	2.102131	3.410734	-1.821154	0.000000	63374.636719	843.024109	64936.246094
2006	11	0.000000	-5.204720	7.225069	7.225069	-0.000003	-0.000003	2.020349	9.706100	-0.109373	0.000000	63374.656250	842.612671	64935.812500
2006	11	0.000000	-7.661608	9.610327	9.610327	-0.000004	-0.000004	1.948719	0.332562	-0.630760	0.000000	63374.671875	842.255920	64935.437500
2006	11	0.000000	-10.416913	12.346387	12.346387	-0.000005	-0.000005	1.929474	-3.438792	-2.435824	0.000000	63374.687500	841.764343	64934.925781
2006	11	0.000000	-7.644392	9.580601	9.580601	-0.000004	-0.000004	1.936210	-4.166164	-2.463779	0.000000	63374.707031	841.304565	64934.449219
2006	11	0.000000	-5.908767	7.843977	7.843977	-0.000003	-0.000003	1.935210	-3.413202	-1.451038	0.000000	63374.726562	840.917175	64934.042969
2006	11	0.000000	-6.086556	8.011761	8.011761	-0.000003	-0.000003	1.925204	1.547016	-1.178128	0.000000	63374.742188	840.572021	64933.679688
2006	11	0.000000	-5.340351	7.250181	7.250181	-0.000003	-0.000003	1.909829	-0.253340	-1.118749	0.000000	63374.761719	840.228333	64933.316406
2006	11	0.000000	-6.609183	8.502365	8.502365	-0.000003	-0.000003	1.893183	4.746861	-0.057798	0.000000	63374.781250	839.887207	64932.960938
2006	11	0.000000	-6.919802	8.798040	8.798040	-0.000003	-0.000003	1.878239	-1.888576	-1.296520	0.000000	63374.800781	839.507996	64932.562500
2006	11	0.000000	-4.828358	6.686488	6.686488	-0.000003	-0.000003	1.858130	5.580287	-0.552088	0.000000	63374.816406	839.177002	64932.214844
2006	11	0.000000	-5.703160	7.529027	7.529027	-0.000003	-0.000003	1.825867	2.988861	-0.819766	0.000000	63374.835938	838.860107	64931.882812
2006	11	0.000000	-6.325050	8.121521	8.121521	-0.000003	-0.000003	1.796471	-0.702511	-1.580830	0.000000	63374.855469	838.518311	64931.527344
2006	11	0.000000	-5.332101	7.101246	7.101246	-0.000003	-0.000003	1.769146	6.776392	-0.569796	0.000000	63374.875000	838.211243	64931.207031
2006	11	0.000000	-6.430411	8.180067	8.180067	-0.000003	-0.000003	1.749656	-2.146285	-1.615037	0.000000	63374.894531	837.867676	64930.851562
2006	11	0.000000	-6.497272	8.240124	8.240124	-0.000003	-0.000003	1.742851	-0.698004	-0.815068	0.000000	63374.914062	837.543091	64930.515625
2006	11	0.000000	-6.739792	8.473658	8.473658	-0.000003	-0.000003	1.733865	-5.649156	-2.283969	0.000000	63374.933594	837.195557	64930.156250
2006	11	0.000000	-7.482462	9.211659	9.211659	-0.000004	-0.000004	1.729196	-9.788846	-4.473532	0.000000	63374.953125	836.827637	64929.773438
2006	11	0.000000	-4.546461	6.269513	6.269513	-0.000002	-0.000002	1.723052	3.063664	-0.868919	0.000000	63374.972656	836.518188	64929.453125
2006	11	0.000000	-6.076023	7.788017	7.788017	-0.000003	-0.000003	1.711994	-3.195893	-2.024556	0.000000	63374.992188	836.224670	64929.148438
2006	11	0.000000	-5.582621	7.279669	7.279669	-0.000003	-0.000003	1.697048	-5.011091	-1.897465	0.000000	63375.011719	835.909424	64928.824219
2006	11	0.000000	-5.285589	6.966370	6.966370	-0.000003	-0.000003	1.680780	-2.700869	-1.705576	0.000000	63375.031250	835.628174	64928.531250
2006	11	0.000000	-5.328605	6.990410	6.990410	-0.000003	-0.000003	1.661805	-0.963455	-2.702098	0.000000	63375.050781	835.333923	64928.226562
2006	11	0.000000	-4.825687	6.469121	6.469121	-0.000002	-0.000002	1.643434	-1.798178	-1.647150	0.000000	63375.070312	835.057922	64927.941406
2006	11	0.000000	-4.240189	5.864880	5.864880	-0.000002	-0.000002	1.624691	-5.568358	-1.205667	0.000000	63375.089844	834.804443	64927.679688
2006	11	0.000000	-4.642940	6.246064	6.246064	-0.000002	-0.000002	1.603124	-7.695646	-2.082675	0.000000	63375.109375	834.553040	64927.417969
2006	11	0.000000	-4.410847	5.985961	5.985961	-0.000002	-0.000002	1.575114	-2.579335	-1.653229	0.000000	63375.128906	834.302002	64927.160156
2006	11	0.000000	-6.111145	7.651817	7.651817	-0.000003	-0.000003	1.540672	-8.031460	-4.359423	0.000000	63375.148438	834.028625	64926.882812
2006	11	0.000000	-6.813765	8.326788	8.326788	-0.000003	-0.000003	1.513024	-7.597480	-3.161446	0.000000	63375.167969	833.712646	64926.562500
2006	11	0.000000	-6.058253	7.556680	7.556680	-0.000003	-0.000003	1.498428	-3.419080	-1.310191	0.000000	63375.187500	833.398254	64926.242188
2006	12	0.000000	-6.488056	8.027150	8.027150	-0.000003	-0.000003	1.539094	-3.869263	-1.965268	0.000000	63375.207031	833.102356	64925.941406
2006	12	0.000000	-5.057439	6.585799	6.585799	-0.000002	-0.000002	1.528360	-0.733164	-2.240863	0.000000	63375.222656	832.817688	64925.652344
2006	12	0.000000	-4.172374	5.687315	5.687315	-0.000002	-0.000002	1.514941	-2.486465	-1.760996	0.000000	63375.242188	832.582764	64925.414062
2006	12	0.000000	-2.919355	4.415485	4.415485	-0.000002	-0.000002	1.496130	-5.533350	-0.494144	0.000000	63375.261719	832.380798	64925.210938
2006	12	0.000000	-4.209227	5.677554	5.677554	-0.000002	-0.000002	1.468328	-11.220162	-1.853401	0.000000	63375.281250	832.176636	64925.003906
2006	12	0.000000	-3.336632	4.771641	4.771641	-0.000002	-0.000002	1.435009	-7.047038	-0.877544	0.000000	63375.296875	831.964661	64924.789062
2006	12	0.000000	-3.219798	4.619120	4.619120	-0.000002	-0.000002	1.399321	-6.042492	-0.759349	0.000000	63375.316406	831.776306	64924.601562
2006	12	0.000000	-3.408256	4.768034	4.768034	-0.000002	-0.000002	1.359778	-7.468592	-1.378114	0.000000	63375.335938	831.584534	64924.410156
2006	12	0.000000	-2.685606	4.005322	4.005322	-0.000001	-0.000001	1.319715	-2.776672	-0.774391	0.000000	63375.351562	831.403564	64924.234375
2006	12	0.000000	-2.220762	3.498486	3.498486	-0.000001	-0.000001	1.277724	0.004912	-0.776244	0.000000	63375.367188	831.242126	64924.074219
2006	12	0.000000	-2.212397	3.443079	3.443079	-0.000001	-0.000001	1.230681	-1.262896	-0.756902	0.000000	63375.386719	831.090881	64923.929688
2006	12	0.000000	-2.617772	3.818199	3.818199	-0.000001	-0.000001	1.200428	4.853435	-0.834090	0.000000	63375.402344	830.936829	64923.781250
2006	12	0.000000	-3.095289	4.452138	4.452138	-0.000002	-0.000002	1.356849	-1.038596	-1.148259	0.000000	63375.421875	830.760925	64923.609375
2006	12	0.000000	-3.759515	5.254641	5.254641	-0.000002	-0.000002	1.495126	-2.620265	-1.963768	0.000000	63375.453125	830.576599	64923.425781
2006	12	0.000000	-4.339152	5.923024	5.923024	-0.000002	-0.000002	1.583872	-7.479900	-3.346438	0.000000	63375.484375	830.368286	64923.210938
2006	12	0.000000	-3.561820	5.179933	5.179933	-0.000002	-0.000002	1.618113	-3.238876	-2.792458	0.000000	63375.523438	830.162720	64923.000000
2006	12	0.000000	-2.807974	4.437358	4.437358	-0.000002	-0.000002	1.629384	0.395528	-1.957282	0.000000	63375.558594	829.986267	64922.816406
2006	12	0.000000	-2.068477	3.731234	3.731234	-0.000001	-0.000001	1.662756	7.547418	-0.599751	0.000000	63375.597656	829.835571	64922.660156
2006	12	0.000000	-2.052515	3.796448	3.796448	-0.000001	-0.000001	1.743934	7.458072	-0.602953	0.000000	63375.640625	829.700500	64922.515625
2006	12	0.000000	-2.777110	4.633758	4.633758	-0.000002	-0.000002	1.856648	2.869456	-1.531007	0.000000	63375.687500	829.549561	64922.351562
2006	12	0.000000	-3.071447	5.020893	5.020893	-0.000002	-0.000002	1.949446	-0.004275	-1.849712	0.000000	63375.738281	829.380432	64922.164062
2006	12	0.000000	-2.687022	4.671663	4.671663	-0.000002	-0.000002	1.984641	6.842677	-1.154401	0.000000	63375.792969	829.221619	64921.988281
2006	12	0.000000	-2.768458	4.676777	4.676777	-0.000002	-0.000002	1.908319	4.105102	-1.339385	0.000000	63375.847656	829.062622	64921.812500
2006	12	0.000000	-2.139318	3.955817	3.955817	-0.000001	-0.000001	1.816498	10.990253	-0.466292	0.000000	63375.898438	828.914307	64921.648438
2006	12	0.000000	-2.116077	3.802040	3.802040	-0.000001	-0.000001	1.685963	-4.106850	-1.100195	0.000000	63375.949219	828.780090	64921.503906
2006	12	0.000000	-2.999335	4.534369	4.534369	-0.000002	-0.000002	1.535034	0.475529	-2.044695	0.000000	63375.992188	828.633606	64921.351562
2006	12	0.000000	-2.837422	4.295035	4.295035	-0.000002	-0.000002	1.457612	0.631736	-2.509196	0.000000	63376.031250	828.469421	64921.183594
2006	12	0.000000	-3.126621	4.548811	4.548811	-0.000002	-0.000002	1.422190	-5.767433	-1.720289	0.000000	63376.070312	828.308472	64921.023438
2006	12	0.000000	-2.941388	4.332029	4.332029	-0.000002	-0.000002	1.390641	-4.333804	-1.574308	0.000000	63376.109375	828.145142	64920.859375
2006	12	0.000000	-2.047139	3.386883	3.386883	-0.000001	-0.000001	1.339744	4.955410	-0.537445	0.000000	63376.144531	828.000732	64920.714844
2006	12	0.000000	-1.961863	3.186591	3.186591	-0.000001	-0.000001	1.224728	-0.755057	-0.390186	0.000000	63376.179688	827.874023	64920.593750
2007	01	0.000000	-1.805546	2.884306	2.884306	-0.000001	-0.000001	1.078761	0.812760	-0.624441	0.000000	63376.210938	827.750366	64920.476562
2007	01	0.000000	-1.805699	2.737725	2.737725	-0.000001	-0.000001	0.932027	-0.757876	-0.726944	0.000000	63376.234375	827.629822	64920.371094
2007	01	0.000000	-1.906533	2.701429	2.701429	-0.000001	-0.000001	0.794896	4.749832	-0.569499	0.000000	63376.257812	827.509888	64920.265625
2007	01	0.000000	-2.021789	2.707543	2.707543	-0.000001	-0.000001	0.685754	3.650157	-0.955638	0.000000	63376.273438	827.382080	64920.160156
2007	01	0.000000	-2.024973	2.626513	2.626513	-0.000001	-0.000001	0.601540	12.254053	-0.513446	0.000000	63376.289062	827.258423	64920.062500
2007	01	0.000000	-2.244745	2.770572	2.770572	-0.000001	-0.000001	0.525827	-1.202945	-1.061917	0.000000	63376.300781	827.129456	64919.960938
2007	01	0.000000	-2.926505	3.394272	3.394272	-0.000001	-0.000001	0.467767	-3.525149	-2.687431	0.000000	63376.312500	826.986938	64919.847656
2007	01	0.000000	-2.998181	3.455629	3.455629	-0.000001	-0.000001	0.457449	-6.916844	-2.811817	0.000000	63376.324219	826.825684	64919.718750
2007	01	0.000000	-2.035289	2.497798	2.497798	-0.000001	-0.000001	0.462509	-1.420316	-0.839898	0.000000	63376.335938	826.689453	64919.609375
2007	01	0.000000	-1.475377	1.885945	1.885945	-0.000001	-0.000001	0.410568	19.601635	-0.202027	0.000000	63376.343750	826.575439	64919.527344
2007	01	0.000000	-1.754044	2.061895	2.061895	-0.000001	-0.000001	0.307851	5.654613	-0.539109	0.000000	63376.351562	826.466675	64919.453125
2007	01	0.000000	-2.216465	2.440663	2.440663	-0.000001	-0.000001	0.224199	-6.779502	-0.502646	0.000000	63376.355469	826.346008	64919.367188
2007	01	0.000000	-3.464798	3.644922	3.644922	-0.000001	-0.000001	0.180124	-4.754050	-0.954225	0.000000	63376.359375	826.196228	64919.257812
2007	01	0.000000	-3.080610	3.266512	3.266512	-0.000001	-0.000001	0.185902	-2.092114	-0.990610	0.000000	63376.363281	826.035095	64919.136719
2007	01	0.000000	-3.231932	3.421852	3.421852	-0.000001	-0.000001	0.189920	2.804793	-1.012458	0.000000	63376.367188	825.873169	64919.015625
2007	01	0.000000	-2.246427	2.438642	2.438642	-0.000001	-0.000001	0.192215	11.052970	-0.513306	0.000000	63376.367188	825.729248	64918.910156
2007	01	0.000000	-2.225223	2.415732	2.415732	-0.000001	-0.000001	0.190509	10.081306	-0.683467	0.000000	63376.371094	825.605225	64918.824219
2007	01	0.000000	-2.331146	2.490980	2.490980	-0.000001	-0.000001	0.159834	7.550662	-0.932141	0.000000	63376.375000	825.474976	64918.734375
2007	01	0.000000	-2.041239	2.180667	2.180667	-0.000001	-0.000001	0.139429	10.615417	-0.377873	0.000000	63376.378906	825.350159	64918.648438
2007	01	0.000000	-2.030655	2.145256	2.145256	-0.000001	-0.000001	0.114601	9.056589	-0.866506	0.000000	63376.378906	825.229309	64918.570312
2007	01	0.000000	-2.090362	2.190745	2.190745	-0.000001	-0.000001	0.100383	8.445005	-0.830482	0.000000	63376.382812	825.109863	64918.492188
2007	01	0.000000	-2.007639	2.077256	2.077256	-0.000001	-0.000001	0.069616	0.884993	-1.194264	0.000000	63376.382812	824.989197	64918.414062
2007	01	0.000000	-1.713438	1.761247	1.761247	-0.000001	-0.000001	0.047809	15.128767	-0.366968	0.000000	63376.382812	824.872925	64918.339844
2007	01	0.000000	-1.736648	1.773717	1.773717	-0.000001	-0.000001	0.037069	1.222689	-0.457215	0.000000	63376.382812	824.766724	64918.277344
2007	01	0.000000	-1.873525	1.901817	1.901817	-0.000001	-0.000001	0.028291	-8.947101	-0.723818	0.000000	63376.382812	824.654846	64918.210938
2007	01	0.000000	-2.325584	2.346179	2.346179	-0.000001	-0.000001	0.020595	-0.910954	-1.800087	0.000000	63376.382812	824.538208	64918.136719
2007	01	0.000000	-2.502477	2.516775	2.516775	-0.000001	-0.000001	0.014298	1.978596	-1.609665	0.000000	63376.382812	824.403931	64918.046875
2007	01	0.000000	-2.632503	2.644055	2.644055	-0.000001	-0.000001	0.011552	3.421044	-1.550543	0.000000	63376.382812	824.268250	64917.957031
2007	01	0.000000	-2.318073	2.327772	2.327772	-0.000001	-0.000001	0.009699	1.869248	-1.064457	0.000000	63376.382812	824.135010	64917.867188
2007	01	0.000000	-1.643108	1.651311	1.651311	-0.000001	-0.000001	0.008204	10.632636	-0.513555	0.000000	63376.382812	824.020264	64917.800781
2007	01	0.000000	-2.200268	2.206667	2.206667	-0.000001	-0.000001	0.006398	3.347923	-0.504069	0.000000	63376.382812	823.906250	64917.730469
2007	02	0.000000	-1.528784	1.532536	1.532536	-0.000001	-0.000001	0.003751	11.233094	-0.567144	0.000000	63376.382812	823.792175	64917.660156
2007	02	0.000000	-1.136250	1.138789	1.138789	-0.000000	-0.000000	0.002539	24.360918	-0.078473	0.000000	63376.382812	823.695984	64917.609375
2007	02	0.000000	-1.379665	1.381526	1.381526	-0.000001	-0.000001	0.001861	17.919439	-0.131196	0.000000	63376.378906	823.597961	64917.558594
2007	02	0.000000	-1.933377	1.934444	1.934444	-0.000001	-0.000001	0.001067	10.534723	-0.934216	0.000000	63376.378906	823.491638	64917.496094
2007	02	0.000000	-1.781932	1.782195	1.782195	-0.000001	-0.000001	0.000263	8.431223	-1.402355	0.000000	63376.378906	823.369263	64917.417969
2007	02	0.000000	-1.297227	1.297227	1.297227	-0.000001	-0.000001	0.000000	16.260960	-0.629495	0.000000	63376.378906	823.265503	64917.359375
2007	02	0.000000	-1.079486	1.079486	1.079486	-0.000000	-0.000000	0.000000	21.819691	-0.165319	0.000000	63376.378906	823.175415	64917.316406
2007	02	0.000000	-2.588240	2.588240	2.588240	-0.000001	-0.000001	0.000000	2.245916	-2.402483	0.000000	63376.378906	823.062134	64917.246094
2007	02	0.000000	-2.694433	2.694433	2.694433	-0.000001	-0.000001	0.000000	0.758795	-1.413846	0.000000	63376.378906	822.912659	64917.140625
2007	02	0.000000	-2.267341	2.267341	2.267341	-0.000001	-0.000001	0.000000	5.789155	-1.546224	0.000000	63376.378906	822.775146	64917.050781
2007	02	0.000000	-1.975672	1.975672	1.975672	-0.000001	-0.000001	0.000000	6.558617	-0.826279	0.000000	63376.378906	822.648438	64916.968750
2007	02	0.000000	-2.644001	2.644001	2.644001	-0.000001	-0.000001	0.000000	4.937449	-1.171328	0.000000	63376.378906	822.517944	64916.882812
2007	02	0.000000	-1.940475	1.940475	1.940475	-0.000001	-0.000001	0.000000	1.579304	-1.523104	0.000000	63376.378906	822.384827	64916.792969
2007	02	0.000000	-2.295955	2.295955	2.295955	-0.000001	-0.000001	0.000000	1.513217	-1.110120	0.000000	63376.378906	822.266174	64916.722656
2007	02	0.000000	-2.689778	2.689778	2.689778	-0.000001	-0.000001	0.000000	-3.823686	-2.326265	0.000000	63376.378906	822.124023	64916.625000
2007	02	0.000000	-2.423891	2.423891	2.423891	-0.000001	-0.000001	0.000000	-3.195570	-1.315169	0.000000	63376.378906	821.983521	64916.527344
2007	02	0.000000	-2.180773	2.180773	2.180773	-0.000001	-0.000001	0.000000	-9.712217	-1.383028	0.000000	63376.378906	821.853271	64916.441406
2007	02	0.000000	-2.145383	2.145383	2.145383	-0.000001	-0.000001	0.000000	5.583878	-1.022813	0.000000	63376.378906	821.727661	64916.363281
2007	02	0.000000	-1.336607	1.336607	1.336607	-0.000001	-0.000001	0.000000	15.761720	-0.292309	0.000000	63376.378906	821.619019	64916.300781
2007	02	0.000000	-1.742629	1.742629	1.742629	-0.000001	-0.000001	0.000000	-1.511212	-0.493779	0.000000	63376.378906	821.513916	64916.238281
2007	02	0.000000	-1.530155	1.530155	1.530155	-0.000001	-0.000001	0.000000	18.912117	-0.143218	0.000000	63376.378906	821.409790	64916.179688
2007	02	0.000000	-1.859573	1.859573	1.859573	-0.000001	-0.000001	0.000000	-3.308223	-1.172610	0.000000	63376.378906	821.300110	64916.113281
2007	02	0.000000	-2.435461	2.435461	2.435461	-0.000001	-0.000001	0.000000	5.788227	-1.603151	0.000000	63376.378906	821.173767	64916.035156
2007	02	0.000000	-1.826030	1.826030	1.826030	-0.000001	-0.000001	0.000000	16.477049	-0.320525	0.000000	63376.378906	821.049133	64915.953125
2007	02	0.000000	-1.385965	1.385965	1.385965	-0.000001	-0.000001	0.000000	19.479164	-0.258093	0.000000	63376.378906	820.945374	64915.894531
2007	02	0.000000	-1.634766	1.634766	1.634766	-0.000001	-0.000001	0.000000	17.813211	-0.468407	0.000000	63376.378906	820.844666	64915.839844
2007	02	0.000000	-1.433830	1.433830	1.433830	-0.000001	-0.000001	0.000000	19.209164	-0.878631	0.000000	63376.378906	820.739258	64915.777344
2007	02	0.000000	-1.214025	1.214025	1.214025	-0.000001	-0.000001	0.000000	13.272769	-0.358487	0.000000	63376.378906	820.647705	64915.734375
2007	03	0.000000	-1.121921	1.121921	1.121921	-0.000000	-0.000000	0.000000	26.613611	-0.195053	0.000000	63376.378906	820.557861	64915.687500
2007	03	0.000000	-1.489909	1.489909	1.489909	-0.000001	-0.000001	0.000000	7.984832	-0.258271	0.000000	63376.378906	820.471436	64915.644531
2007	03	0.000000	-2.174570	2.174570	2.174570	-0.000001	-0.000001	0.000000	-5.174565	-1.962730	0.000000	63376.378906	820.361877	64915.582031
2007	03	0.000000	-1.965407	1.965407	1.965407	-0.000001	-0.000001	0.000000	2.523169	-1.100040	0.000000	63376.378906	820.247864	64915.511719
2007	03	0.000000	-1.553673	1.553673	1.553673	-0.000001	-0.000001	0.000000	8.353955	-0.231421	0.000000	63376.378906	820.144470	64915.453125
2007	03	0.000000	-2.243558	2.243558	2.243558	-0.000001	-0.000001	0.000000	-2.769403	-1.050877	0.000000	63376.378906	820.038208	64915.394531
2007	03	0.000000	-1.980400	1.980400	1.980400	-0.000001	-0.000001	0.000000	1.639892	-1.529397	0.000000	63376.378906	819.919006	64915.320312
2007	03	0.000000	-1.453850	1.453850	1.453850	-0.000001	-0.000001	0.000000	-0.359906	-0.577718	0.000000	63376.378906	819.817871	64915.261719
2007	03	0.000000	-2.664769	2.664769	2.664769	-0.000001	-0.000001	0.000000	-9.080520	-2.774747	0.000000	63376.378906	819.710815	64915.199219
2007	03	0.000000	-2.784816	2.784816	2.784816	-0.000001	-0.000001	0.000000	-12.846019	-2.968155	0.000000	63376.378906	819.567200	64915.101562
2007	03	0.000000	-1.933091	1.933091	1.933091	-0.000001	-0.000001	0.000000	0.450706	-0.915934	0.000000	63376.378906	819.448975	64915.027344
2007	03	0.000000	-3.108988	3.108988	3.108988	-0.000001	-0.000001	0.000000	-7.019936	-1.689971	0.000000	63376.378906	819.321533	64914.945312
2007	03	0.000000	-3.048666	3.048666	3.048666	-0.000001	-0.000001	0.000000	-4.480268	-1.227999	0.000000	63376.378906	819.174561	64914.843750
2007	03	0.000000	-3.195093	3.195093	3.195093	-0.000001	-0.000001	0.000000	-6.252795	-1.417543	0.000000	63376.378906	819.025940	64914.738281
2007	03	0.000000	-2.046135	2.046135	2.046135	-0.000001	-0.000001	0.000000	1.434179	-0.745778	0.000000	63376.378906	818.894287	64914.652344
2007	03	0.000000	-2.657083	2.657083	2.657083	-0.000001	-0.000001	0.000000	-4.702018	-0.778749	0.000000	63376.378906	818.776978	64914.582031
2007	03	0.000000	-2.768536	2.768536	2.768536	-0.000001	-0.000001	0.000000	-3.724495	-1.015463	0.000000	63376.378906	818.636230	64914.484375
2007	03	0.000000	-2.764401	2.764401	2.764401	-0.000001	-0.000001	0.000000	-3.968829	-1.321233	0.000000	63376.378906	818.505737	64914.398438
2007	03	0.000000	-2.350746	2.350746	2.350746	-0.000001	-0.000001	0.000000	-4.638439	-1.615173	0.000000	63376.378906	818.373962	64914.312500
2007	03	0.000000	-2.124526	2.124526	2.124526	-0.000001	-0.000001	0.000000	-6.725530	-1.270974	0.000000	63376.378906	818.258789	64914.242188
2007	03	0.000000	-2.731832	2.731832	2.731832	-0.000001	-0.000001	0.000000	-6.734941	-3.200834	0.000000	63376.378906	818.137268	64914.164062
2007	03	0.000000	-2.980682	2.980682	2.980682	-0.000001	-0.000001	0.000000	-8.774069	-4.625616	0.000000	63376.378906	817.995972	64914.070312
2007	03	0.000000	-2.834176	2.834176	2.834176	-0.000001	-0.000001	0.000000	-11.692524	-4.294948	0.000000	63376.378906	817.853210	64913.972656
2007	03	0.000000	-2.418707	2.418707	2.418707	-0.000001	-0.000001	0.000000	-7.444983	-2.376834	0.000000	63376.378906	817.726807	64913.890625
2007	03	0.000000	-2.397445	2.397445	2.397445	-0.000001	-0.000001	0.000000	-3.954683	-1.844670	0.000000	63376.378906	817.603271	64913.808594
2007	03	0.000000	-2.228274	2.228274	2.228274	-0.000001	-0.000001	0.000000	-13.203010	-2.737699	0.000000	63376.378906	817.482788	64913.734375
2007	03	0.000000	-2.716692	2.716692	2.716692	-0.000001	-0.000001	0.000000	-7.181231	-4.797704	0.000000	63376.378906	817.359009	64913.656250
2007	03	0.000000	-2.718457	2.718457	2.718457	-0.000001	-0.000001	0.000000	-4.062853	-2.488815	0.000000	63376.378906	817.222046	64913.562500
2007	03	0.000000	-2.681180	2.681180	2.681180	-0.000001	-0.000001	0.000000	-6.632308	-1.992408	0.000000	63376.378906	817.088318	64913.476562
2007	03	0.000000	-2.046463	2.046463	2.046463	-0.000001	-0.000001	0.000000	0.596188	-0.905270	0.000000	63376.378906	816.968994	64913.398438
2007	03	0.000000	-1.820985	1.820985	1.820985	-0.000001	-0.000001	0.000000	11.202024	-0.437295	0.000000	63376.378906	816.859253	64913.335938
2007	04	0.000000	-1.918652	1.918652	1.918652	-0.000001	-0.000001	0.000000	10.446072	-0.455177	0.000000	63376.378906	816.756592	64913.277344
2007	04	0.000000	-3.255461	3.255461	3.255461	-0.000001	-0.000001	0.000000	-9.883220	-2.491055	0.000000	63376.378906	816.622375	64913.187500
2007	04	0.000000	-2.693511	2.693511	2.693511	-0.000001	-0.000001	0.000000	-7.603384	-1.413735	0.000000	63376.378906	816.471069	64913.082031
2007	04	0.000000	-3.191926	3.191926	3.191926	-0.000001	-0.000001	0.000000	-8.212345	-2.181315	0.000000	63376.378906	816.334595	64912.988281
2007	04	0.000000	-3.327855	3.327855	3.327855	-0.000001	-0.000001	0.000000	-11.722530	-3.472838	0.000000	63376.378906	816.179993	64912.878906
2007	04	0.000000	-2.613896	2.613896	2.613896	-0.000001	-0.000001	0.000000	-3.960795	-1.605014	0.000000	63376.378906	816.033203	64912.777344
2007	04	0.000000	-2.985337	2.985337	2.985337	-0.000001	-0.000001	0.000000	-4.540779	-1.684939	0.000000	63376.378906	815.898865	64912.687500
2007	04	0.000000	-3.246503	3.246503	3.246503	-0.000001	-0.000001	0.000000	-11.515936	-3.259358	0.000000	63376.378906	815.746826	64912.582031
2007	04	0.000000	-3.216894	3.216894	3.216894	-0.000001	-0.000001	0.000000	-21.217802	-5.584481	0.000000	63376.378906	815.591309	64912.468750
2007	04	0.000000	-3.509615	3.509615	3.509615	-0.000001	-0.000001	0.000000	-16.315075	-4.812788	0.000000	63376.378906	815.440857	64912.363281
2007	04	0.000000	-3.556028	3.556028	3.556028	-0.000001	-0.000001	0.000000	-9.339198	-2.315841	0.000000	63376.378906	815.270325	64912.238281
2007	04	0.000000	-2.930463	2.930463	2.930463	-0.000001	-0.000001	0.000000	-4.278531	-1.234111	0.000000	63376.378906	815.120300	64912.132812
2007	04	0.000000	-3.465411	3.465411	3.465411	-0.000001	-0.000001	0.000000	-9.651629	-3.482851	0.000000	63376.378906	814.970947	64912.027344
2007	04	0.000000	-3.418192	3.418192	3.418192	-0.000001	-0.000001	0.000000	-14.656889	-3.884161	0.000000	63376.378906	814.807617	64911.910156
2007	04	0.000000	-3.123040	3.123040	3.123040	-0.000001	-0.000001	0.000000	-7.113920	-2.296535	0.000000	63376.378906	814.653870	64911.800781
2007	04	0.000000	-2.853764	2.853764	2.853764	-0.000001	-0.000001	0.000000	-2.779508	-1.506575	0.000000	63376.378906	814.510681	64911.703125
2007	04	0.000000	-2.522986	2.522986	2.522986	-0.000001	-0.000001	0.000000	0.783204	-0.650607	0.000000	63376.378906	814.375244	64911.609375
2007	04	0.000000	-2.524836	2.524836	2.524836	-0.000001	-0.000001	0.000000	-0.855985	-1.249023	0.000000	63376.378906	814.247009	64911.527344
2007	04	0.000000	-2.513327	2.513327	2.513327	-0.000001	-0.000001	0.000000	-2.120399	-1.472005	0.000000	63376.378906	814.117981	64911.441406
2007	04	0.000000	-2.431478	2.431478	2.431478	-0.000001	-0.000001	0.000000	2.056562	-0.531666	0.000000	63376.378906	813.991516	64911.359375
2007	04	0.000000	-3.776227	3.776227	3.776227	-0.000001	-0.000001	0.000000	-17.680119	-6.476635	0.000000	63376.378906	813.846619	64911.261719
2007	04	0.000000	-4.022393	4.022393	4.022393	-0.000002	-0.000002	0.000000	-26.750240	-10.290428	0.000000	63376.378906	813.668518	64911.128906
2007	04	0.000000	-3.293559	3.293559	3.293559	-0.000001	-0.000001	0.000000	-13.870304	-3.423302	0.000000	63376.378906	813.500244	64911.003906
2007	04	0.000000	-3.175288	3.175288	3.175288	-0.000001	-0.000001	0.000000	-4.641952	-1.319794	0.000000	63376.378906	813.348572	64910.894531
2007	04	0.000000	-2.655851	2.655851	2.655851	-0.000001	-0.000001	0.000000	-4.725073	-1.168122	0.000000	63376.378906	813.206360	64910.796875
2007	04	0.000000	-2.650368	2.650368	2.650368	-0.000001	-0.000001	0.000000	-2.320103	-1.076739	0.000000	63376.378906	813.073608	64910.710938
2007	04	0.000000	-3.424519	3.424519	3.424519	-0.000001	-0.000001	0.000000	-11.545129	-3.500983	0.000000	63376.378906	812.929199	64910.609375
2007	04	0.000000	-3.691795	3.691795	3.691795	-0.000001	-0.000001	0.000000	-22.534349	-6.648383	0.000000	63376.378906	812.761292	64910.488281
2007	04	0.000000	-3.747089	3.747089	3.747089	-0.000001	-0.000001	0.000000	-10.009238	-3.317653	0.000000	63376.378906	812.595764	64910.367188
2007	04	0.000000	-3.716359	3.716359	3.716359	-0.000001	-0.000001	0.000000	-6.695666	-1.655366	0.000000	63376.378906	812.425110	64910.238281
2007	05	0.000000	-3.581045	3.581045	3.581045	-0.000001	-0.000001	0.000000	-4.494047	-0.558607	0.000000	63376.378906	812.259460	64910.117188
2007	05	0.000000	-4.322227	4.322227	4.322227	-0.000002	-0.000002	0.000000	-19.774038	-8.662242	0.000000	63376.378906	812.089722	64909.992188
2007	05	0.000000	-5.032043	5.032043	5.032043	-0.000002	-0.000002	0.000000	-30.593567	-13.707462	0.000000	63376.378906	811.891846	64909.839844
2007	05	0.000000	-4.610485	4.610485	4.610485	-0.000002	-0.000002	0.000000	-19.344538	-7.523905	0.000000	63376.378906	811.692017	64909.683594
2007	05	0.000000	-5.357581	5.357581	5.357581	-0.000002	-0.000002	0.000000	-10.628696	-4.169533	0.000000	63376.378906	811.492310	64909.531250
2007	05	0.000000	-5.478301	5.478301	5.478301	-0.000002	-0.000002	0.000000	-12.556069	-7.992639	0.000000	63376.378906	811.272156	64909.355469
2007	05	0.000000	-4.520362	4.520362	4.520362	-0.000002	-0.000002	0.000000	-1.815806	-2.267819	0.000000	63376.378906	811.064270	64909.191406
2007	05	0.000000	-4.983589	4.983589	4.983589	-0.000002	-0.000002	0.000000	-6.148799	-4.323982	0.000000	63376.378906	810.869263	64909.039062
2007	05	0.000000	-5.301830	5.301830	5.301830	-0.000002	-0.000002	0.000000	-11.811491	-7.407845	0.000000	63376.378906	810.658264	64908.875000
2007	05	0.000000	-4.251477	4.251477	4.251477	-0.000002	-0.000002	0.000000	2.560803	-0.833979	0.000000	63376.378906	810.460144	64908.718750
2007	05	0.000000	-4.958898	4.958898	4.958898	-0.000002	-0.000002	0.000000	-7.571158	-3.462754	0.000000	63376.378906	810.266907	64908.570312
2007	05	0.000000	-4.797207	4.797207	4.797207	-0.000002	-0.000002	0.000000	-9.135384	-4.374045	0.000000	63376.378906	810.066895	64908.414062
2007	05	0.000000	-4.946256	4.946256	4.946256	-0.000002	-0.000002	0.000000	-13.601715	-8.090040	0.000000	63376.378906	809.863892	64908.257812
2007	05	0.000000	-5.139332	5.139332	5.139332	-0.000002	-0.000002	0.000000	-7.522943	-4.868334	0.000000	63376.378906	809.661072	64908.097656
2007	05	0.000000	-5.077430	5.077430	5.077430	-0.000002	-0.000002	0.000000	-11.728818	-7.755642	0.000000	63376.378906	809.449768	64907.929688
2007	05	0.000000	-4.771978	4.771978	4.771978	-0.000002	-0.000002	0.000000	-9.711496	-5.289983	0.000000	63376.378906	809.246826	64907.773438
2007	05	0.000000	-4.881438	4.881438	4.881438	-0.000002	-0.000002	0.000000	-3.338188	-1.679429	0.000000	63376.378906	809.048706	64907.617188
2007	05	0.000000	-5.251995	5.251995	5.251995	-0.000002	-0.000002	0.000000	-11.764678	-7.539612	0.000000	63376.378906	808.842102	64907.457031
2007	05	0.000000	-4.752469	4.752469	4.752469	-0.000002	-0.000002	0.000000	-5.727790	-3.760486	0.000000	63376.378906	808.635498	64907.292969
2007	05	0.000000	-4.827070	4.827070	4.827070	-0.000002	-0.000002	0.000000	-10.631480	-6.230232	0.000000	63376.378906	808.437683	64907.140625
2007	05	0.000000	-4.906087	4.906087	4.906087	-0.000002	-0.000002	0.000000	-7.432350	-4.711925	0.000000	63376.378906	808.237000	64906.984375
2007	05	0.000000	-4.849052	4.849052	4.849052	-0.000002	-0.000002	0.000000	-10.272369	-6.050089	0.000000	63376.378906	808.035461	64906.828125
2007	05	0.000000	-4.756069	4.756069	4.756069	-0.000002	-0.000002	0.000000	-12.253931	-6.373225	0.000000	63376.378906	807.836060	64906.671875
2007	05	0.000000	-4.242628	4.242628	4.242628	-0.000002	-0.000002	0.000000	-0.990340	-0.089486	0.000000	63376.378906	807.645813	64906.527344
2007	05	0.000000	-4.704369	4.704369	4.704369	-0.000002	-0.000002	0.000000	-6.770613	-2.206741	0.000000	63376.378906	807.460449	64906.386719
2007	05	0.000000	-4.747140	4.747140	4.747140	-0.000002	-0.000002	0.000000	-14.645845	-9.477073	0.000000	63376.378906	807.263428	64906.230469
2007	05	0.000000	-5.090164	5.090164	5.090164	-0.000002	-0.000002	0.000000	-29.437815	-20.425663	0.000000	63376.378906	807.060730	64906.074219
2007	05	0.000000	-4.774727	4.774727	4.774727	-0.000002	-0.000002	0.000000	-29.180155	-16.769962	0.000000	63376.378906	806.856018	64905.914062
2007	05	0.000000	-4.600484	4.600484	4.600484	-0.000002	-0.000002	0.000000	-15.134574	-2.998377	0.000000	63376.378906	806.664551	64905.765625
2007	05	0.000000	-5.243490	6.379275	6.379275	-0.000002	-0.000002	1.135785	-68.073250	-30.967058	0.000000	63376.386719	806.460205	64905.601562
2007	05	0.000000	-5.393954	21.471891	21.471891	-0.000008	-0.000008	16.077936	-22.951763	-2.743870	0.000000	63376.699219	806.245667	64905.183594
2007	06	0.000000	-5.500572	43.933456	43.933456	-0.000017	-0.000017	38.432884	42.031189	21.434175	0.000000	63377.867188	806.017395	64904.011719
2007	06	0.000000	-4.206254	32.337357	32.337357	-0.000012	-0.000012	28.131104	66.529823	43.359711	0.000000	63379.128906	805.816772	64902.726562
2007	06	0.000000	-4.183768	27.088844	27.088844	-0.000010	-0.000010	22.905075	92.741135	43.432713	0.000000	63380.027344	805.631165	64901.722656
2007	06	0.000000	-4.048675	22.296206	22.296206	-0.000009	-0.000009	18.247530	58.900379	53.740902	0.000000	63380.667969	805.451843	64900.929688
2007	06	0.000000	-4.256218	22.875219	22.875219	-0.000009	-0.000009	18.619003	54.234043	21.297010	0.000000	63381.207031	805.270020	64900.203125
2007	06	0.000000	-4.911249	25.441959	25.441959	-0.000010	-0.000010	20.530710	123.984680	17.768196	0.000000	63381.773438	805.072205	64899.386719
2007	06	0.000000	-5.790997	26.461798	26.461798	-0.000010	-0.000010	20.670803	100.613403	21.854883	0.000000	63382.308594	804.848572	64898.527344
2007	06	0.000000	-6.201579	37.138294	37.138294	-0.000014	-0.000014	30.936714	64.942451	30.429134	0.000000	63382.890625	804.599182	64897.519531
2007	06	0.000000	-4.841969	41.109165	41.109165	-0.000016	-0.000016	36.267197	-0.137227	13.848691	0.000000	63383.765625	804.377502	64896.093750
2007	06	0.000000	-4.741865	23.829950	23.829950	-0.000009	-0.000009	19.088087	33.491779	28.115417	0.000000	63384.269531	804.174377	64895.089844
2007	06	0.000000	-4.643628	20.564705	20.564705	-0.000008	-0.000008	15.921078	69.190796	40.636318	0.000000	63384.617188	803.972778	64894.308594
2007	06	0.000000	-4.168775	14.918550	14.918550	-0.000006	-0.000006	10.749776	32.359810	26.224785	0.000000	63384.863281	803.784485	64893.765625
2007	06	0.000000	-4.580603	16.190540	16.190540	-0.000006	-0.000006	11.609938	62.316223	15.777925	0.000000	63385.089844	803.596436	64893.250000
2007	06	0.000000	-5.520455	23.540022	23.540022	-0.000009	-0.000009	18.019566	46.768032	29.458311	0.000000	63385.343750	803.382446	64892.640625
2007	06	0.000000	-6.407452	47.120907	47.120907	-0.000018	-0.000018	40.713455	11.712116	38.607113	0.000000	63385.843750	803.135071	64891.335938
2007	06	1.733339	-4.559567	28.850590	27.117250	-0.000010	-0.000010	22.557684	37.025063	36.211372	4810.421875	63386.269531	802.896790	64890.132812
2007	06	12.414934	3.038429	34.816792	22.401857	-0.000009	-0.000009	25.440285	48.966946	40.204979	34454.347656	63386.570312	802.820435	64889.300781
2007	06	23.617308	11.507996	40.442402	16.825098	-0.000006	-0.000006	28.333092	51.297459	50.481316	65543.546875	63386.882812	803.033203	64888.675781
2007	06	36.351265	20.147373	60.893147	24.541882	-0.000009	-0.000009	44.689259	-45.766750	83.253746	100883.257812	63387.257812	803.520508	64888.035156
2007	06	42.532433	27.035028	62.974113	20.441685	-0.000008	-0.000008	47.476711	28.785080	48.510628	118037.445312	63387.789062	804.304871	64887.210938
2007	06	64.572563	42.312141	75.875412	11.302849	-0.000004	-0.000004	53.614990	11.778731	72.705467	179203.968750	63388.246094	805.387634	64886.695312
2007	06	61.017330	36.687218	87.303490	26.286158	-0.000010	-0.000010	62.973377	30.516354	69.308960	169337.359375	63388.730469	806.529846	64885.894531
2007	06	80.971893	53.162827	89.355186	8.383291	-0.000003	-0.000003	61.546116	41.611717	98.987404	224715.937500	63389.175781	807.946655	64885.261719
2007	06	100.463547	70.445381	88.478729	-11.984819	0.000005	0.000005	58.460564	50.771305	109.003868	278809.812500	63389.554688	810.186462	64885.570312
2007	06	103.345047	72.293694	85.919815	-17.425226	0.000007	0.000007	54.868465	15.970518	116.765953	286806.687500	63389.867188	812.624634	64886.167969
2007	06	96.263725	66.772346	78.184608	-18.079119	0.000007	0.000007	48.693233	-22.164637	86.150551	267154.343750	63390.089844	814.927368	64886.808594
2007	06	109.482986	76.818275	79.318161	-30.164827	0.000012	0.000012	46.653454	-38.085644	85.765434	303840.906250	63390.250000	817.160156	64887.519531
2007	06	137.717377	96.497353	92.076538	-45.640827	0.000018	0.000018	50.856525	-46.333115	117.729561	382197.906250	63390.382812	819.965576	64888.742188
2007	06	148.919495	104.492599	96.905281	-52.014210	0.000020	0.000020	52.478382	-20.507065	82.950867	413286.437500	63390.496094	823.280579	64890.347656
2007	06	111.072281	75.395645	81.512863	-29.559412	0.000011	0.000011	45.836227	43.392143	98.274040	308251.531250	63390.574219	826.373352	64891.816406
2007	07	124.694611	88.750313	76.102600	-48.592007	0.000018	0.000018	40.158306	110.179062	64.431541	334893.593750	63390.617188	829.066040	64893.195312
2007	07	128.971054	91.670471	76.255119	-52.715939	0.000020	0.000020	38.954533	96.250084	50.371765	346378.875000	63390.648438	831.861023	64894.769531
2007	07	134.319717	95.649094	76.286293	-58.033428	0.000022	0.000022	37.615662	77.936211	61.642170	360743.843750	63390.664062	834.863525	64896.582031
2007	07	148.633911	106.594139	79.811775	-68.822136	0.000026	0.000026	37.771999	109.515434	67.907349	399187.593750	63390.671875	838.114319	64898.656250
2007	07	117.134186	80.022018	73.267487	-43.866699	0.000016	0.000016	36.155315	67.079567	55.921551	314588.468750	63390.667969	841.341858	64900.738281
2007	07	68.437431	39.702396	62.318081	-6.119348	0.000002	0.000002	33.583046	11.905423	10.122782	183803.093750	63390.656250	842.804993	64901.148438
2007	07	105.912895	70.688713	69.147507	-36.765385	0.000014	0.000014	33.923328	32.150249	20.682404	284451.312500	63390.640625	844.740356	64902.031250
2007	07	165.709671	119.251572	81.604485	-84.105186	0.000031	0.000031	35.146385	67.398598	45.642395	445048.125000	63390.613281	847.654358	64903.882812
2007	07	205.076370	145.725281	99.417542	-105.658829	0.000039	0.000039	40.066448	17.213825	106.738312	550775.687500	63390.582031	851.944702	64907.003906
2007	07	208.942825	144.095947	107.846146	-101.096672	0.000038	0.000038	42.999271	-18.385315	125.602364	561159.875000	63390.535156	856.280701	64910.023438
2007	07	206.963821	145.067322	101.313286	-105.650551	0.000039	0.000039	39.416775	29.076784	87.892120	555844.875000	63390.472656	861.274841	64913.730469
2007	07	201.146484	143.115387	92.613480	-108.533012	0.000041	0.000041	34.582386	51.213001	68.411598	540221.125000	63390.406250	865.729370	64917.058594
2007	07	209.816254	148.273117	94.877228	-114.939034	0.000043	0.000043	33.334087	15.511776	66.152481	563505.625000	63390.335938	870.520508	64920.804688
2007	07	170.027176	118.086342	82.136696	-87.890472	0.000033	0.000033	30.195871	51.256641	53.869514	456643.687500	63390.257812	874.822327	64924.128906
2007	07	203.382721	145.141403	88.074203	-115.308510	0.000043	0.000043	29.832878	104.053978	56.857841	546227.000000	63390.179688	878.882202	64927.269531
2007	07	195.342148	135.746536	88.723228	-106.618927	0.000040	0.000040	29.127623	89.366982	49.650013	524632.437500	63390.097656	883.268494	64930.750000
2007	07	150.702499	99.008507	78.101669	-72.600830	0.000027	0.000027	26.407681	25.112556	29.881413	404743.250000	63390.015625	887.314331	64933.957031
2007	07	154.159348	106.783249	70.913246	-83.246101	0.000031	0.000031	23.537146	62.639420	19.919270	414027.343750	63389.929688	890.328125	64936.222656
2007	07	164.811493	111.751488	76.892014	-87.919472	0.000033	0.000033	23.832020	83.769783	29.472990	442635.875000	63389.847656	893.983948	64939.156250
2007	07	138.164459	88.393761	72.815407	-65.349068	0.000024	0.000024	23.044687	26.275682	23.008232	371069.718750	63389.765625	897.098267	64941.578125
2007	07	217.954254	152.347473	89.114021	-128.840225	0.000048	0.000048	23.507252	34.832100	41.670292	585361.937500	63389.675781	901.161621	64944.929688
2007	07	138.252350	84.666039	75.305679	-62.946671	0.000024	0.000024	21.719372	8.959910	25.715574	371305.750000	63389.589844	904.757996	64947.847656
2007	07	160.063736	105.459190	74.322495	-85.741226	0.000032	0.000032	19.717953	33.229008	28.981604	429884.781250	63389.503906	907.870300	64950.343750
2007	07	194.284241	133.433304	81.024017	-113.260231	0.000042	0.000042	20.173077	47.786884	32.754333	521791.156250	63389.414062	911.491150	64953.375000
2007	07	168.946136	106.499947	83.328743	-85.617393	0.000032	0.000032	20.882557	91.018791	48.624653	453740.375000	63389.324219	915.130920	64956.386719
2007	07	173.941864	114.713440	76.895859	-97.046021	0.000036	0.000036	17.667425	100.807144	38.464916	467157.437500	63389.199219	918.765686	64959.457031
2007	07	174.761826	113.214340	78.017990	-96.743835	0.000036	0.000036	16.470505	43.587280	37.087490	469359.593750	63389.007812	922.484802	64962.687500
2007	07	152.504776	88.469604	80.711479	-71.793297	0.000027	0.000027	16.676304	59.689869	38.376404	409583.656250	63388.820312	925.499451	64965.214844
2007	07	176.589493	107.003487	85.261909	-91.327591	0.000034	0.000034	15.675906	6.040554	47.363113	474268.218750	63388.636719	929.005371	64968.253906
2007	07	128.627853	65.307350	78.350426	-50.277420	0.000019	0.000019	15.029932	38.377396	34.827286	345457.093750	63388.472656	931.504578	64970.308594
2007	07	93.166847	38.821297	68.952660	-24.214190	0.000009	0.000009	14.607108	78.748543	22.459854	250219.156250	63388.324219	933.011963	64971.382812
2007	08	77.706215	39.236843	52.191307	-25.514906	0.000010	0.000010	13.721935	27.841661	9.255347	208696.375000	63388.183594	934.390442	64972.367188
2007	08	109.160675	62.962524	60.302464	-48.858212	0.000018	0.000018	14.104314	22.728416	17.173281	293173.937500	63388.039062	936.259399	64973.839844
2007	08	111.815575	63.079178	63.021877	-48.793701	0.000018	0.000018	14.285478	73.500458	23.289312	300304.218750	63387.878906	938.318970	64975.488281
2007	08	103.909683	57.603016	60.131531	-43.778156	0.000016	0.000016	13.824860	63.487144	17.838196	279071.312500	63387.722656	940.295776	64977.066406
2007	08	84.513626	43.180759	54.910137	-29.603493	0.000011	0.000011	13.577267	35.919937	11.400821	226979.109375	63387.574219	941.820679	64978.203125
2007	08	91.368958	48.907413	55.701847	-35.667110	0.000013	0.000013	13.240302	60.874836	13.691434	245390.531250	63387.429688	943.349426	64979.347656
2007	08	103.730743	53.709835	63.774220	-39.956528	0.000015	0.000015	13.753308	62.195976	20.363155	278590.718750	63387.281250	944.959473	64980.574219
2007	08	99.392258	46.540886	66.768799	-32.623459	0.000012	0.000012	13.917428	33.936588	21.150946	266938.781250	63387.125000	946.613220	64981.832031
2007	08	96.874619	50.023304	59.974525	-36.900089	0.000014	0.000014	13.123215	50.931095	17.797625	260177.156250	63386.972656	948.309265	64983.144531
2007	08	77.955254	35.306732	55.540661	-22.414597	0.000008	0.000008	12.892137	53.173775	12.355838	209365.234375	63386.832031	949.617004	64984.085938
2007	08	76.280861	35.696739	53.140335	-23.140522	0.000009	0.000009	12.556217	69.940605	10.602880	204868.281250	63386.699219	950.776245	64984.886719
2007	08	79.610016	38.479908	53.325821	-26.284197	0.000010	0.000010	12.195710	72.679367	11.607488	213809.437500	63386.562500	951.978943	64985.742188
2007	08	85.361221	38.694687	59.212738	-26.148489	0.000010	0.000010	12.546198	55.511127	15.181066	229255.500000	63386.429688	953.207336	64986.625000
2007	08	86.744957	35.747143	63.645359	-23.099598	0.000009	0.000009	12.647543	52.012028	17.546968	232971.812500	63386.285156	954.336487	64987.398438
2007	08	88.121567	34.416607	66.361580	-21.759991	0.000008	0.000008	12.656617	35.303669	20.997194	236668.984375	63386.140625	955.528931	64988.234375
2007	08	79.533875	25.090603	67.007721	-12.526150	0.000005	0.000005	12.564455	35.610729	18.647942	213604.937500	63386.000000	956.451416	64988.804688
2007	08	66.941048	17.427471	62.260426	-4.680621	0.000002	0.000002	12.746849	31.325281	19.527456	179784.250000	63385.863281	957.238464	64989.238281
2007	08	60.077633	21.316954	55.018162	-5.059471	0.000002	0.000002	16.257483	-22.331902	27.469397	161351.109375	63385.722656	957.936523	64989.523438
2007	08	69.827370	30.720131	54.798500	-15.028872	0.000006	0.000006	15.691260	47.709892	20.108517	187536.078125	63385.578125	958.920227	64990.031250
2007	08	77.886894	34.706287	59.432297	-18.454601	0.000007	0.000007	16.251690	50.605427	17.062614	209181.625000	63385.433594	959.987244	64990.640625
2007	08	76.159462	33.797417	57.951641	-18.207823	0.000007	0.000007	15.589595	26.778828	12.038012	204542.234375	63385.285156	961.110474	64991.304688
2007	08	81.915123	37.054558	60.536758	-21.378366	0.000008	0.000008	15.676194	44.243710	17.837654	220000.265625	63385.132812	962.298767	64992.035156
2007	08	76.355080	32.174114	59.595177	-16.759907	0.000006	0.000006	15.414208	42.765217	16.202766	205067.609375	63384.984375	963.465332	64992.753906
2007	08	52.469650	16.087906	50.968506	-1.501145	0.000001	0.000001	14.586761	11.592206	6.554733	140918.265625	63384.847656	964.121521	64992.984375
2007	08	62.698544	20.993374	57.022133	-5.676416	0.000002	0.000002	15.316957	11.571025	12.933804	168390.125000	63384.714844	964.825867	64993.261719
2007	08	60.045734	20.536455	54.568008	-5.477726	0.000002	0.000002	15.058729	25.791502	13.863202	161265.437500	63384.574219	965.517029	64993.515625
2007	08	61.023430	22.381748	53.347225	-7.676202	0.000003	0.000003	14.705545	38.141022	12.559809	163891.234375	63384.433594	966.322815	64993.886719
2007	08	59.990089	19.601601	55.501480	-4.488611	0.000002	0.000002	15.112989	36.603046	12.869193	161115.984375	63384.300781	967.018188	64994.156250
2007	08	44.198574	9.211421	49.481144	5.282565	-0.000002	-0.000002	14.493986	7.724898	4.673784	118704.562500	63384.171875	967.398621	64994.113281
2007	08	57.236130	17.757498	54.336777	-2.899346	0.000001	0.000001	14.858153	15.775146	8.049716	153719.640625	63384.039062	967.925354	64994.222656
2007	08	64.575195	20.914148	58.862343	-5.712858	0.000002	0.000002	15.201290	21.870846	14.735363	173430.265625	63383.898438	968.631470	64994.492188
2007	09	52.546577	12.292531	54.683079	2.136502	-0.000001	-0.000001	14.429033	8.043556	9.481551	145829.031250	63383.753906	969.216980	64994.648438
2007	09	44.401733	8.853995	49.617847	5.216117	-0.000002	-0.000002	14.070112	-13.560505	-0.322491	123225.187500	63383.625000	969.537720	64994.546875
2007	09	51.267220	13.797171	51.829544	0.562328	-0.000000	-0.000000	14.359499	10.766268	9.319897	142278.515625	63383.492188	969.989014	64994.574219
2007	09	34.769615	3.695524	45.266163	10.496547	-0.000004	-0.000004	14.192071	-9.559669	8.134882	96493.812500	63383.363281	970.235901	64994.398438
2007	09	35.949352	4.136334	46.534676	10.585323	-0.000004	-0.000004	14.721658	8.016757	10.027062	99767.851562	63383.242188	970.423645	64994.156250
2007	09	23.110777	-3.706233	40.509739	17.398960	-0.000007	-0.000007	13.692729	-0.459511	5.016679	64137.812500	63383.128906	970.369507	64993.675781
2007	09	30.318615	1.084876	43.631359	13.312745	-0.000005	-0.000005	14.397621	9.738946	5.395263	84141.242188	63383.019531	970.364441	64993.265625
2007	09	27.369976	-2.025904	44.458286	17.088312	-0.000007	-0.000007	15.062407	-20.909824	19.585722	75958.085938	63382.906250	970.380859	64992.839844
2007	09	21.489985	-5.865058	42.293106	20.803118	-0.000008	-0.000008	14.938060	-6.046038	19.812126	59639.734375	63382.789062	970.233765	64992.250000
2007	09	22.707417	-3.492494	39.791279	17.083860	-0.000007	-0.000007	13.591366	13.837435	4.605541	63018.390625	63382.671875	970.146240	64991.730469
2007	09	23.162233	-3.431985	40.095425	16.933187	-0.000007	-0.000007	13.501204	-0.629464	3.516625	64280.613281	63382.558594	970.060669	64991.246094
2007	09	24.376541	-3.014637	41.408077	17.031534	-0.000007	-0.000007	14.016897	1.943216	8.981507	67650.601562	63382.441406	969.961731	64990.750000
2007	09	25.665899	-2.263781	41.962925	16.297028	-0.000006	-0.000006	14.033246	-1.180414	6.421768	71228.875000	63382.324219	969.911560	64990.285156
2007	09	20.507097	-6.075672	40.588642	20.081543	-0.000008	-0.000008	14.005872	-6.147741	4.633064	56911.988281	63382.207031	969.745544	64989.707031
2007	09	24.056458	-2.491323	39.851780	15.795321	-0.000006	-0.000006	13.303998	4.061417	1.420907	66762.289062	63382.085938	969.677002	64989.226562
2007	09	19.287371	-5.347255	37.180191	17.892818	-0.000007	-0.000007	12.545565	-1.260676	2.080771	53526.960938	63381.972656	969.523376	64988.695312
2007	09	17.073399	-6.643648	35.753532	18.680134	-0.000007	-0.000007	12.036486	1.328216	1.591605	47382.671875	63381.855469	969.320496	64988.136719
2007	09	14.038935	-8.837105	34.745808	20.706875	-0.000008	-0.000008	11.869768	2.025809	2.172780	38961.324219	63381.746094	969.086914	64987.558594
2007	09	15.232357	-7.214707	33.783928	18.551571	-0.000007	-0.000007	11.336864	6.536993	1.433353	42273.351562	63381.632812	968.841858	64986.976562
2007	09	15.083101	-7.916450	34.443943	19.360840	-0.000007	-0.000007	11.444391	-6.566676	-2.593071	41859.128906	63381.523438	968.596130	64986.410156
2007	09	14.297603	-8.600798	34.800838	20.503239	-0.000008	-0.000008	11.902441	-1.545756	5.737539	39679.191406	63381.410156	968.322083	64985.800781
2007	09	12.159643	-10.224835	34.790024	22.630379	-0.000009	-0.000009	12.405545	0.737477	0.890971	33745.855469	63381.296875	968.027405	64985.156250
2007	09	11.258224	-11.319455	36.043690	24.785465	-0.000010	-0.000010	13.466009	-12.046268	-1.578675	31244.203125	63381.183594	967.676331	64984.433594
2007	09	11.681710	-11.266182	36.802383	25.120674	-0.000010	-0.000010	13.854492	-16.759808	1.695580	32419.478516	63381.062500	967.335449	64983.687500
2007	09	11.404198	-11.535742	36.903347	25.499151	-0.000010	-0.000010	13.963410	-8.834843	3.892330	31649.314453	63380.941406	966.985657	64982.925781
2007	09	10.326472	-11.709363	35.691307	25.364834	-0.000010	-0.000010	13.655472	-6.513986	2.066568	28658.373047	63380.816406	966.624756	64982.156250
2007	09	9.776196	-10.873957	32.742573	22.966373	-0.000009	-0.000009	12.092418	-1.663969	0.256911	27131.230469	63380.695312	966.268188	64981.414062
2007	09	8.712490	-11.241486	30.905361	22.192873	-0.000009	-0.000009	10.951385	-6.771338	-0.709991	24179.197266	63380.578125	965.913391	64980.730469
2007	09	7.217753	-12.256717	29.819416	22.601662	-0.000009	-0.000009	10.344945	-7.588212	-1.299396	20030.953125	63380.464844	965.522034	64980.042969
2007	09	5.557040	-12.574881	28.046501	22.489460	-0.000009	-0.000009	9.914580	-10.878181	-0.484682	15422.085938	63380.355469	965.117371	64979.351562
2007	10	4.102842	-14.205048	27.982273	23.879431	-0.000009	-0.000009	9.674384	-4.449186	-0.129989	11019.044922	63380.246094	964.705811	64978.675781
2007	10	0.000000	-16.843662	26.567713	26.567713	-0.000010	-0.000010	9.724050	-6.207961	-1.805691	0.000000	63380.136719	964.128601	64977.992188
2007	10	1.811029	-15.399028	26.601736	24.790707	-0.000009	-0.000009	9.391679	-2.847529	0.123430	4863.897949	63380.035156	962.866455	64977.324219
2007	10	1.363644	-14.971911	25.798956	24.435312	-0.000009	-0.000009	9.463401	-3.412782	-0.155915	3662.351807	63379.941406	960.788269	64976.656250
2007	10	0.647531	-15.324097	25.491156	24.843626	-0.000009	-0.000009	9.519529	-16.317417	-5.035113	1739.080322	63379.859375	957.899963	64975.992188
2007	10	0.702796	-15.282616	25.789251	25.086454	-0.000009	-0.000009	9.803839	-9.569258	-3.293437	1887.507446	63379.789062	954.191162	64975.308594
2007	10	0.686066	-15.246857	26.084610	25.398544	-0.000009	-0.000009	10.151687	-10.839660	-4.865511	1842.574463	63379.742188	949.653381	64974.597656
2007	10	0.784548	-14.176440	34.450634	33.666084	-0.000013	-0.000013	19.489645	-8.221525	-2.334648	2107.068359	63379.730469	944.295654	64973.761719
2007	10	0.824976	-14.350329	38.208771	37.383797	-0.000014	-0.000014	23.033464	0.196402	1.087914	2215.646973	63379.812500	938.130249	64972.632812
2007	10	0.688827	-13.601496	35.493763	34.804935	-0.000013	-0.000013	21.203440	-0.438986	1.079475	1849.988281	63379.906250	931.130310	64971.503906
2007	10	0.590537	-14.078343	40.712975	40.122437	-0.000015	-0.000015	26.044094	-7.321523	-2.498202	1586.012573	63379.996094	923.304443	64970.328125
2007	10	0.341007	-14.445653	43.179947	42.838936	-0.000016	-0.000016	28.393286	-12.151278	-5.685947	915.847229	63380.117188	914.620544	64968.953125
2007	10	0.064927	-11.450443	40.170738	40.105812	-0.000015	-0.000015	28.655367	-13.738730	-4.031526	174.374237	63380.285156	905.133911	64967.546875
2007	10	0.033987	-9.921025	35.107197	35.073212	-0.000013	-0.000013	25.152185	-6.878231	-1.758607	91.279350	63380.468750	894.907043	64966.230469
2007	10	0.020799	-10.190792	21.036655	21.015856	-0.000008	-0.000008	10.825064	-6.702633	-2.253679	55.860157	63380.648438	883.863831	64965.250000
2007	10	0.018844	-11.124422	20.924055	20.905210	-0.000008	-0.000008	9.780788	-9.993339	-4.279076	50.608219	63380.796875	871.946655	64964.414062
2007	10	0.000000	-11.785825	21.998549	21.998549	-0.000008	-0.000008	10.212727	-7.904921	-3.188114	0.000000	63380.976562	865.676270	64963.535156
2007	10	0.000000	-9.551805	18.178637	18.178637	-0.000007	-0.000007	8.626832	-15.859246	-4.154267	0.000000	63381.136719	865.105957	64962.707031
2007	10	0.000000	-8.297583	15.377934	15.377934	-0.000006	-0.000006	7.080352	-12.295559	-2.723986	0.000000	63381.242188	864.610596	64962.007812
2007	10	0.000000	-9.360854	16.108114	16.108114	-0.000006	-0.000006	6.747260	-6.213701	-2.018601	0.000000	63381.324219	864.119751	64961.347656
2007	10	0.000000	-7.869097	14.579829	14.579829	-0.000005	-0.000005	6.710732	-8.579333	-1.996373	0.000000	63381.406250	863.631958	64960.687500
2007	10	0.000000	-6.659951	13.165077	13.165077	-0.000005	-0.000005	6.505126	-7.799676	-1.501744	0.000000	63381.484375	863.194397	64960.085938
2007	10	0.000000	-5.642909	11.887249	11.887249	-0.000004	-0.000004	6.244340	-2.675736	-0.254666	0.000000	63381.558594	862.806946	64959.539062
2007	10	0.000000	-8.398337	14.884039	14.884039	-0.000006	-0.000006	6.485702	-12.993988	-3.889045	0.000000	63381.636719	862.396606	64958.972656
2007	10	0.000000	-8.676407	15.646913	15.646913	-0.000006	-0.000006	6.970506	-7.073371	-2.469990	0.000000	63381.726562	861.926086	64958.332031
2007	10	0.000000	-7.777613	14.769205	14.769205	-0.000006	-0.000006	6.991592	-8.742011	-2.547354	0.000000	63381.828125	861.481689	64957.707031
2007	10	0.000000	-5.873946	12.099851	12.099851	-0.000005	-0.000005	6.225904	-10.720039	-1.669341	0.000000	63381.917969	861.086487	64957.144531
2007	10	0.000000	-6.698561	12.428132	12.428132	-0.000005	-0.000005	5.729570	-6.405315	-1.351699	0.000000	63381.988281	860.715942	64956.632812
2007	10	0.000000	-6.625978	12.148625	12.148625	-0.000005	-0.000005	5.522646	-3.513254	-0.760894	0.000000	63382.058594	860.325500	64956.105469
2007	10	0.000000	-5.237511	9.998995	9.998995	-0.000004	-0.000004	4.761484	-8.348073	-1.044729	0.000000	63382.117188	859.976501	64955.636719
2007	10	0.000000	-6.085720	10.508219	10.508219	-0.000004	-0.000004	4.422499	-6.173820	-1.288698	0.000000	63382.160156	859.625854	64955.187500
2007	11	0.000000	-5.262097	9.248390	9.248390	-0.000004	-0.000004	3.986293	-5.541929	-0.997680	0.000000	63382.199219	859.285950	64954.757812
2007	11	0.000000	-4.383378	8.029016	8.029016	-0.000003	-0.000003	3.645639	-2.623260	-0.254026	0.000000	63382.234375	858.973694	64954.363281
2007	11	0.000000	-4.475638	7.776064	7.776064	-0.000003	-0.000003	3.300427	6.377530	0.293725	0.000000	63382.257812	858.674316	64953.996094
2007	11	0.000000	-5.232979	8.214645	8.214645	-0.000003	-0.000003	2.981666	-1.132747	-1.482122	0.000000	63382.281250	858.378296	64953.644531
2007	11	0.000000	-6.473052	9.262992	9.262992	-0.000004	-0.000004	2.789941	-10.492064	-4.897172	0.000000	63382.296875	858.028931	64953.246094
2007	11	0.000000	-5.353602	7.955366	7.955366	-0.000003	-0.000003	2.601764	-7.484623	-1.888020	0.000000	63382.312500	857.691467	64952.867188
2007	11	0.000000	-4.423846	6.919638	6.919638	-0.000003	-0.000003	2.495792	-6.645658	-0.993454	0.000000	63382.328125	857.392883	64952.527344
2007	11	0.000000	-4.714607	7.083295	7.083295	-0.000003	-0.000003	2.368688	-6.255150	-1.011755	0.000000	63382.339844	857.108704	64952.210938
2007	11	0.000000	-5.663191	7.907076	7.907076	-0.000003	-0.000003	2.243886	-9.948544	-2.909560	0.000000	63382.351562	856.808411	64951.882812
2007	11	0.000000	-5.729991	7.902953	7.902953	-0.000003	-0.000003	2.172962	-6.840192	-2.189825	0.000000	63382.363281	856.484558	64951.531250
2007	11	0.000000	-5.384530	7.541546	7.541546	-0.000003	-0.000003	2.157016	-7.813986	-2.315384	0.000000	63382.375000	856.179443	64951.199219
2007	11	0.000000	-5.890386	8.031177	8.031177	-0.000003	-0.000003	2.140790	-17.822748	-5.486209	0.000000	63382.386719	855.864136	64950.859375
2007	11	0.000000	-5.641991	7.731441	7.731441	-0.000003	-0.000003	2.089451	-17.586716	-8.230652	0.000000	63382.398438	855.546570	64950.519531
2007	11	0.000000	-4.691571	6.717593	6.717593	-0.000003	-0.000003	2.026022	-10.333612	-4.869757	0.000000	63382.410156	855.261230	64950.210938
2007	11	0.000000	-4.362098	6.370584	6.370584	-0.000002	-0.000002	2.008486	-6.185939	-1.602396	0.000000	63382.417969	854.997070	64949.925781
2007	11	0.000000	-3.480803	5.478947	5.478947	-0.000002	-0.000002	1.998144	-5.045987	-0.897921	0.000000	63382.425781	854.747192	64949.656250
2007	11	0.000000	-3.103105	5.084461	5.084461	-0.000002	-0.000002	1.981356	-7.074095	-0.995145	0.000000	63382.437500	854.536926	64949.429688
2007	11	0.000000	-5.607423	7.568751	7.568751	-0.000003	-0.000003	1.961328	-14.634332	-4.720964	0.000000	63382.445312	854.280518	64949.152344
2007	11	0.000000	-5.323608	7.280127	7.280127	-0.000003	-0.000003	1.956518	-5.434223	-1.860945	0.000000	63382.453125	853.983765	64948.835938
2007	11	0.000000	-4.268123	6.222163	6.222163	-0.000002	-0.000002	1.954040	-11.835414	-2.837543	0.000000	63382.464844	853.716187	64948.550781
2007	11	0.000000	-3.605644	5.553462	5.553462	-0.000002	-0.000002	1.947818	-3.528227	-0.881888	0.000000	63382.472656	853.485107	64948.300781
2007	11	0.000000	-2.826935	4.761072	4.761072	-0.000002	-0.000002	1.934136	-0.902873	-0.576310	0.000000	63382.480469	853.280090	64948.078125
2007	11	0.000000	-2.854735	4.768438	4.768438	-0.000002	-0.000002	1.913703	-0.056428	-0.612195	0.000000	63382.492188	853.088928	64947.871094
2007	11	0.000000	-3.425886	5.319623	5.319623	-0.000002	-0.000002	1.893738	-7.630125	-1.413133	0.000000	63382.500000	852.889099	64947.652344
2007	11	0.000000	-4.974504	6.849740	6.849740	-0.000003	-0.000003	1.875236	-11.312011	-3.334687	0.000000	63382.507812	852.649719	64947.398438
2007	11	0.000000	-4.871887	6.741192	6.741192	-0.000003	-0.000003	1.869305	-8.690606	-2.795691	0.000000	63382.519531	852.385498	64947.117188
2007	11	0.000000	-3.460985	5.329507	5.329507	-0.000002	-0.000002	1.868522	-6.413047	-1.139425	0.000000	63382.527344	852.151489	64946.871094
2007	11	0.000000	-2.779222	4.638741	4.638741	-0.000002	-0.000002	1.859520	-1.072044	-0.300258	0.000000	63382.535156	851.964050	64946.667969
2007	11	0.000000	-3.656172	5.499252	5.499252	-0.000002	-0.000002	1.843081	-9.172339	-1.726159	0.000000	63382.546875	851.765442	64946.453125
2007	11	0.000000	-4.693756	6.519769	6.519769	-0.000003	-0.000003	1.826013	-17.985332	-5.009002	0.000000	63382.554688	851.543457	64946.214844
2007	12	0.000000	-6.148925	8.025644	8.025644	-0.000003	-0.000003	1.876720	-12.948844	-6.602262	0.000000	63382.566406	851.272278	64945.929688
2007	12	0.000000	-4.909047	6.785059	6.785059	-0.000003	-0.000003	1.876011	-4.409962	-6.087145	0.000000	63382.578125	851.007690	64945.652344
2007	12	0.000000	-4.445300	6.318729	6.318729	-0.000002	-0.000002	1.873430	-0.075168	-4.830250	0.000000	63382.585938	850.770447	64945.402344
2007	12	0.000000	-2.832562	4.703756	4.703756	-0.000002	-0.000002	1.871194	-1.077744	-1.566376	0.000000	63382.597656	850.567932	64945.183594
2007	12	0.000000	-3.450868	5.316123	5.316123	-0.000002	-0.000002	1.865254	-4.502913	-2.171322	0.000000	63382.609375	850.398254	64945.000000
2007	12	0.000000	-4.350118	6.205040	6.205040	-0.000002	-0.000002	1.854921	-10.429544	-4.674441	0.000000	63382.617188	850.180176	64944.769531
2007	12	0.000000	-3.755700	5.600916	5.600916	-0.000002	-0.000002	1.845216	-5.556106	-3.534337	0.000000	63382.628906	849.971558	64944.546875
2007	12	0.000000	-3.081406	4.915278	4.915278	-0.000002	-0.000002	1.833872	-0.125914	-1.507491	0.000000	63382.640625	849.783386	64944.347656
2007	12	0.000000	-2.831065	4.649728	4.649728	-0.000002	-0.000002	1.818664	6.515444	-0.915540	0.000000	63382.652344	849.611511	64944.164062
2007	12	0.000000	-2.555438	4.354482	4.354482	-0.000002	-0.000002	1.799043	8.248858	-0.686705	0.000000	63382.660156	849.447876	64943.988281
2007	12	0.000000	-2.814810	4.589968	4.589968	-0.000002	-0.000002	1.775158	3.141338	-1.028293	0.000000	63382.671875	849.288574	64943.816406
2007	12	0.000000	-3.233515	4.983052	4.983052	-0.000002	-0.000002	1.749538	-6.296992	-2.333740	0.000000	63382.683594	849.110046	64943.628906
2007	12	0.000000	-2.935653	4.662941	4.662941	-0.000002	-0.000002	1.727288	-6.982310	-1.912787	0.000000	63382.695312	848.944519	64943.453125
2007	12	0.000000	-2.433378	4.139939	4.139939	-0.000002	-0.000002	1.706562	5.292247	-1.398383	0.000000	63382.703125	848.777039	64943.277344
2007	12	0.000000	-1.839343	3.525019	3.525019	-0.000001	-0.000001	1.685675	5.242536	-0.435662	0.000000	63382.714844	848.638428	64943.128906
2007	12	0.000000	-1.836754	3.496776	3.496776	-0.000001	-0.000001	1.660022	4.019092	-0.866873	0.000000	63382.726562	848.509155	64942.992188
2007	12	0.000000	-1.235865	2.865126	2.865126	-0.000001	-0.000001	1.629260	15.579507	-0.286908	0.000000	63382.738281	848.388062	64942.867188
2007	12	0.000000	-1.532968	3.125993	3.125993	-0.000001	-0.000001	1.593025	15.733794	-0.030485	0.000000	63382.750000	848.278259	64942.750000
2007	12	0.000000	-2.511381	4.090898	4.090898	-0.000002	-0.000002	1.579516	-2.240762	-0.644368	0.000000	63382.761719	848.142090	64942.609375
2007	12	0.000000	-2.812223	4.390678	4.390678	-0.000002	-0.000002	1.578456	3.319293	-1.198275	0.000000	63382.773438	847.985413	64942.449219
2007	12	0.000000	-2.451059	4.023135	4.023135	-0.000002	-0.000002	1.572076	9.873466	-0.857864	0.000000	63382.789062	847.833069	64942.292969
2007	12	0.000000	-1.920979	3.485331	3.485331	-0.000001	-0.000001	1.564352	11.181597	-0.446019	0.000000	63382.800781	847.694946	64942.148438
2007	12	0.000000	-1.948027	3.506670	3.506670	-0.000001	-0.000001	1.558643	5.976411	-0.182312	0.000000	63382.816406	847.569641	64942.019531
2007	12	0.000000	-1.777437	3.334457	3.334457	-0.000001	-0.000001	1.557021	16.082842	-0.318169	0.000000	63382.832031	847.442139	64941.890625
2007	12	0.000000	-1.854924	3.410082	3.410082	-0.000001	-0.000001	1.555158	7.474363	-0.837839	0.000000	63382.847656	847.318726	64941.761719
2007	12	0.000000	-1.621736	3.174121	3.174121	-0.000001	-0.000001	1.552385	15.330708	-0.395121	0.000000	63382.863281	847.199890	64941.640625
2007	12	0.000000	-1.714228	3.264122	3.264122	-0.000001	-0.000001	1.549894	11.593223	-0.379900	0.000000	63382.878906	847.080933	64941.515625
2007	12	0.000000	-1.387828	2.935168	2.935168	-0.000001	-0.000001	1.547341	13.485811	-0.402119	0.000000	63382.894531	846.966736	64941.398438
2007	12	0.000000	-1.587825	3.130581	3.130581	-0.000001	-0.000001	1.542756	11.274423	-0.308678	0.000000	63382.914062	846.860962	64941.289062
2007	12	0.000000	-1.697715	3.235794	3.235794	-0.000001	-0.000001	1.538079	2.786679	-0.754858	0.000000	63382.933594	846.741333	64941.167969
2007	12	0.000000	-1.638570	3.163177	3.163177	-0.000001	-0.000001	1.524607	3.486738	-0.678448	0.000000	63382.953125	846.628357	64941.050781
2008	01	0.000000	-1.615853	3.057225	3.057225	-0.000001	-0.000001	1.441373	1.454123	-0.583461	0.000000	63382.972656	846.512817	64940.933594
2008	01	0.000000	-1.549325	2.879387	2.879387	-0.000001	-0.000001	1.330062	4.128393	-0.423227	0.000000	63382.988281	846.403076	64940.828125
2008	01	0.000000	-1.318418	2.531738	2.531738	-0.000001	-0.000001	1.213320	13.888481	-0.090529	0.000000	63383.003906	846.295776	64940.722656
2008	01	0.000000	-1.564899	2.659343	2.659343	-0.000001	-0.000001	1.094444	2.425968	-0.373270	0.000000	63383.019531	846.190369	64940.628906
2008	01	0.000000	-1.659414	2.653713	2.653713	-0.000001	-0.000001	0.994299	2.167051	-0.595375	0.000000	63383.031250	846.078491	64940.527344
2008	01	0.000000	-1.510964	2.423394	2.423394	-0.000001	-0.000001	0.912431	12.412131	-0.346455	0.000000	63383.042969	845.969299	64940.437500
2008	01	0.000000	-1.641879	2.471910	2.471910	-0.000001	-0.000001	0.830031	8.321619	-0.225511	0.000000	63383.054688	845.860596	64940.343750
2008	01	0.000000	-2.215852	2.977618	2.977618	-0.000001	-0.000001	0.761766	0.668534	-0.723966	0.000000	63383.062500	845.741089	64940.246094
2008	01	0.000000	-2.372584	3.103992	3.103992	-0.000001	-0.000001	0.731408	-10.604755	-1.457424	0.000000	63383.074219	845.606812	64940.132812
2008	01	0.000000	-1.886160	2.587175	2.587175	-0.000001	-0.000001	0.701015	10.500087	-0.205925	0.000000	63383.082031	845.483276	64940.035156
2008	01	0.000000	-2.010138	2.659887	2.659887	-0.000001	-0.000001	0.649749	1.805999	-0.479441	0.000000	63383.089844	845.364075	64939.941406
2008	01	0.000000	-2.592645	3.195737	3.195737	-0.000001	-0.000001	0.603092	-3.644001	-1.709814	0.000000	63383.097656	845.230774	64939.832031
2008	01	0.000000	-1.729834	2.309224	2.309224	-0.000001	-0.000001	0.579390	-6.540659	-1.155609	0.000000	63383.101562	845.105103	64939.734375
2008	01	0.000000	-1.923336	2.440609	2.440609	-0.000001	-0.000001	0.517273	4.702081	-1.373756	0.000000	63383.109375	844.992554	64939.648438
2008	01	0.000000	-1.783574	2.248802	2.248802	-0.000001	-0.000001	0.465228	-3.177559	-1.057211	0.000000	63383.117188	844.875244	64939.562500
2008	01	0.000000	-1.931391	2.353471	2.353471	-0.000001	-0.000001	0.422080	2.868722	-1.874941	0.000000	63383.121094	844.762085	64939.480469
2008	01	0.000000	-2.232640	2.627675	2.627675	-0.000001	-0.000001	0.395035	-5.671974	-2.345226	0.000000	63383.125000	844.640320	64939.394531
2008	01	0.000000	-2.476893	2.868865	2.868865	-0.000001	-0.000001	0.391971	-6.994142	-2.465172	0.000000	63383.128906	844.509338	64939.296875
2008	01	0.000000	-1.938410	2.329307	2.329307	-0.000001	-0.000001	0.390897	-4.866124	-1.582582	0.000000	63383.132812	844.383362	64939.203125
2008	01	0.000000	-1.735422	2.125614	2.125614	-0.000001	-0.000001	0.390192	-5.286124	-0.901232	0.000000	63383.136719	844.271118	64939.125000
2008	01	0.000000	-1.353406	1.741907	1.741907	-0.000001	-0.000001	0.388501	5.960529	-0.732324	0.000000	63383.144531	844.164429	64939.050781
2008	01	0.000000	-1.190957	1.577471	1.577471	-0.000001	-0.000001	0.386514	6.858166	-0.398117	0.000000	63383.148438	844.073425	64938.996094
2008	01	0.000000	-1.392186	1.749351	1.749351	-0.000001	-0.000001	0.357165	10.219719	-0.444892	0.000000	63383.152344	843.978088	64938.933594
2008	01	0.000000	-1.682722	2.004936	2.004936	-0.000001	-0.000001	0.322214	1.734088	-1.182772	0.000000	63383.156250	843.874756	64938.867188
2008	01	0.000000	-1.678736	1.975832	1.975832	-0.000001	-0.000001	0.297095	-4.740469	-1.022921	0.000000	63383.160156	843.767334	64938.792969
2008	01	0.000000	-1.542440	1.814288	1.814288	-0.000001	-0.000001	0.271848	-10.392399	-0.807821	0.000000	63383.164062	843.662476	64938.726562
2008	01	0.000000	-1.233463	1.472605	1.472605	-0.000001	-0.000001	0.239141	2.063372	-0.357151	0.000000	63383.164062	843.564758	64938.667969
2008	01	0.000000	-1.985597	2.179646	2.179646	-0.000001	-0.000001	0.194050	-3.329027	-1.595882	0.000000	63383.167969	843.464600	64938.605469
2008	01	0.000000	-2.203576	2.370456	2.370456	-0.000001	-0.000001	0.166881	-8.177135	-1.408837	0.000000	63383.167969	843.342468	64938.523438
2008	01	0.000000	-1.902833	2.061321	2.061321	-0.000001	-0.000001	0.158488	-2.564136	-1.189474	0.000000	63383.171875	843.221985	64938.445312
2008	01	0.000000	-1.544711	1.690029	1.690029	-0.000001	-0.000001	0.145319	-0.894385	-0.868659	0.000000	63383.171875	843.116882	64938.382812
2008	02	0.000000	-1.420400	1.529215	1.529215	-0.000001	-0.000001	0.108816	-4.375784	-0.526127	0.000000	63383.171875	843.016113	64938.324219
2008	02	0.000000	-1.330230	1.410969	1.410969	-0.000001	-0.000001	0.080739	-0.106123	-0.608091	0.000000	63383.171875	842.918030	64938.265625
2008	02	0.000000	-1.234256	1.286798	1.286798	-0.000001	-0.000001	0.052542	-0.429606	-0.705866	0.000000	63383.171875	842.821594	64938.214844
2008	02	0.000000	-1.288050	1.320241	1.320241	-0.000001	-0.000001	0.032191	-4.084310	-0.591905	0.000000	63383.171875	842.728088	64938.167969
2008	02	0.000000	-1.438267	1.461651	1.461651	-0.000001	-0.000001	0.023384	-2.590709	-0.874401	0.000000	63383.171875	842.631348	64938.113281
2008	02	0.000000	-1.478735	1.494778	1.494778	-0.000001	-0.000001	0.016043	2.242063	-0.935596	0.000000	63383.171875	842.529297	64938.058594
2008	02	0.000000	-1.526551	1.538913	1.538913	-0.000001	-0.000001	0.012363	5.027454	-0.910269	0.000000	63383.171875	842.426758	64938.000000
2008	02	0.000000	-1.457737	1.467087	1.467087	-0.000001	-0.000001	0.009350	6.934747	-0.457489	0.000000	63383.171875	842.325134	64937.945312
2008	02	0.000000	-1.440087	1.446632	1.446632	-0.000001	-0.000001	0.006545	3.017559	-0.326246	0.000000	63383.171875	842.225159	64937.890625
2008	02	0.000000	-1.872892	1.876966	1.876966	-0.000001	-0.000001	0.004073	-12.081922	-1.428016	0.000000	63383.171875	842.117737	64937.828125
2008	02	0.000000	-1.534423	1.537498	1.537498	-0.000001	-0.000001	0.003075	-2.691830	-0.499115	0.000000	63383.171875	842.008850	64937.765625
2008	02	0.000000	-1.810014	1.812331	1.812331	-0.000001	-0.000001	0.002317	2.574389	-0.500113	0.000000	63383.171875	841.902222	64937.707031
2008	02	0.000000	-1.583095	1.584686	1.584686	-0.000001	-0.000001	0.001591	-1.669996	-1.257481	0.000000	63383.171875	841.791748	64937.640625
2008	02	0.000000	-1.244632	1.245571	1.245571	-0.000000	-0.000000	0.000939	8.812688	-0.305443	0.000000	63383.171875	841.695496	64937.593750
2008	02	0.000000	-1.321612	1.321911	1.321911	-0.000001	-0.000001	0.000299	2.291618	-0.680750	0.000000	63383.171875	841.600464	64937.542969
2008	02	0.000000	-1.259554	1.259554	1.259554	-0.000001	-0.000001	0.000000	-1.247233	-0.773869	0.000000	63383.171875	841.508728	64937.496094
2008	02	0.000000	-1.549948	1.549948	1.549948	-0.000001	-0.000001	0.000000	3.937915	-1.381336	0.000000	63383.171875	841.410767	64937.445312
2008	02	0.000000	-1.248771	1.248771	1.248771	-0.000000	-0.000000	0.000000	-2.617223	-0.711396	0.000000	63383.171875	841.312866	64937.394531
2008	02	0.000000	-1.536253	1.536253	1.536253	-0.000001	-0.000001	0.000000	1.025020	-0.859243	0.000000	63383.171875	841.216553	64937.343750
2008	02	0.000000	-1.419580	1.419580	1.419580	-0.000001	-0.000001	0.000000	-1.827112	-0.524640	0.000000	63383.171875	841.116699	64937.289062
2008	02	0.000000	-2.039793	2.039793	2.039793	-0.000001	-0.000001	0.000000	-5.303634	-1.582507	0.000000	63383.171875	841.009216	64937.226562
2008	02	0.000000	-2.088492	2.088492	2.088492	-0.000001	-0.000001	0.000000	-7.525083	-3.433769	0.000000	63383.171875	840.886292	64937.152344
2008	02	0.000000	-1.569390	1.569390	1.569390	-0.000001	-0.000001	0.000000	-1.964372	-1.619357	0.000000	63383.171875	840.775146	64937.085938
2008	02	0.000000	-1.442307	1.442307	1.442307	-0.000001	-0.000001	0.000000	-0.731147	-0.893030	0.000000	63383.171875	840.675903	64937.031250
2008	02	0.000000	-1.099415	1.099415	1.099415	-0.000000	-0.000000	0.000000	5.869711	-0.340010	0.000000	63383.171875	840.582825	64936.984375
2008	02	0.000000	-1.553650	1.553650	1.553650	-0.000001	-0.000001	0.000000	-3.081358	-0.540764	0.000000	63383.171875	840.492004	64936.941406
2008	02	0.000000	-2.215102	2.215102	2.215102	-0.000001	-0.000001	0.000000	-2.336621	-0.820927	0.000000	63383.171875	840.377319	64936.871094
2008	02	0.000000	-1.833006	1.833006	1.833006	-0.000001	-0.000001	0.000000	-0.724498	-0.920721	0.000000	63383.171875	840.257019	64936.796875
2008	03	0.000000	-2.069951	2.069951	2.069951	-0.000001	-0.000001	0.000000	-5.611519	-1.178276	0.000000	63383.171875	840.141968	64936.730469
2008	03	0.000000	-2.289814	2.289814	2.289814	-0.000001	-0.000001	0.000000	-17.285810	-2.605642	0.000000	63383.171875	840.028137	64936.660156
2008	03	0.000000	-2.371851	2.371851	2.371851	-0.000001	-0.000001	0.000000	-11.868531	-1.784264	0.000000	63383.171875	839.905823	64936.585938
2008	03	0.000000	-2.215913	2.215913	2.215913	-0.000001	-0.000001	0.000000	-12.552686	-1.966049	0.000000	63383.171875	839.780396	64936.507812
2008	03	0.000000	-2.450881	2.450881	2.450881	-0.000001	-0.000001	0.000000	-11.765970	-2.091398	0.000000	63383.171875	839.658813	64936.429688
2008	03	0.000000	-2.532646	2.532646	2.532646	-0.000001	-0.000001	0.000000	-7.835579	-1.614431	0.000000	63383.171875	839.532043	64936.351562
2008	03	0.000000	-2.167431	2.167431	2.167431	-0.000001	-0.000001	0.000000	-3.232564	-0.921745	0.000000	63383.171875	839.406067	64936.269531
2008	03	0.000000	-1.898325	1.898325	1.898325	-0.000001	-0.000001	0.000000	-1.571556	-0.511101	0.000000	63383.171875	839.293701	64936.203125
2008	03	0.000000	-2.329412	2.329412	2.329412	-0.000001	-0.000001	0.000000	-11.103221	-1.895385	0.000000	63383.171875	839.181763	64936.136719
2008	03	0.000000	-2.016094	2.016094	2.016094	-0.000001	-0.000001	0.000000	-2.152117	-0.799670	0.000000	63383.171875	839.059204	64936.062500
2008	03	0.000000	-1.690551	1.690551	1.690551	-0.000001	-0.000001	0.000000	1.309922	-0.405264	0.000000	63383.171875	838.955139	64936.003906
2008	03	0.000000	-1.861023	1.861023	1.861023	-0.000001	-0.000001	0.000000	-1.501006	-0.536392	0.000000	63383.171875	838.850891	64935.945312
2008	03	0.000000	-2.228048	2.228048	2.228048	-0.000001	-0.000001	0.000000	-7.630493	-1.903135	0.000000	63383.171875	838.734863	64935.875000
2008	03	0.000000	-1.528096	1.528096	1.528096	-0.000001	-0.000001	0.000000	1.699846	-0.808661	0.000000	63383.171875	838.627686	64935.812500
2008	03	0.000000	-1.744817	1.744817	1.744817	-0.000001	-0.000001	0.000000	1.856079	-0.694382	0.000000	63383.171875	838.530090	64935.761719
2008	03	0.000000	-1.637022	1.637022	1.637022	-0.000001	-0.000001	0.000000	3.393723	-0.435415	0.000000	63383.171875	838.428345	64935.707031
2008	03	0.000000	-2.129805	2.129805	2.129805	-0.000001	-0.000001	0.000000	-1.742740	-0.824985	0.000000	63383.171875	838.320007	64935.644531
2008	03	0.000000	-1.531186	1.531186	1.531186	-0.000001	-0.000001	0.000000	-0.792869	-1.107321	0.000000	63383.171875	838.212097	64935.582031
2008	03	0.000000	-2.155756	2.155756	2.155756	-0.000001	-0.000001	0.000000	-8.322135	-1.435388	0.000000	63383.171875	838.108582	64935.523438
2008	03	0.000000	-2.307725	2.307725	2.307725	-0.000001	-0.000001	0.000000	-7.130515	-1.297580	0.000000	63383.171875	837.988708	64935.449219
2008	03	0.000000	-1.903675	1.903675	1.903675	-0.000001	-0.000001	0.000000	2.180665	-0.938051	0.000000	63383.171875	837.871704	64935.378906
2008	03	0.000000	-2.094259	2.094259	2.094259	-0.000001	-0.000001	0.000000	-8.668517	-1.231612	0.000000	63383.171875	837.758789	64935.312500
2008	03	0.000000	-1.898308	1.898308	1.898308	-0.000001	-0.000001	0.000000	-4.491700	-1.223491	0.000000	63383.171875	837.649780	64935.250000
2008	03	0.000000	-2.315012	2.315012	2.315012	-0.000001	-0.000001	0.000000	-7.475267	-1.587501	0.000000	63383.171875	837.537292	64935.183594
2008	03	0.000000	-2.590156	2.590156	2.590156	-0.000001	-0.000001	0.000000	-16.769754	-3.456581	0.000000	63383.171875	837.406555	64935.097656
2008	03	0.000000	-3.016995	3.016995	3.016995	-0.000001	-0.000001	0.000000	-15.435287	-5.513658	0.000000	63383.171875	837.276245	64935.011719
2008	03	0.000000	-2.770792	2.770792	2.770792	-0.000001	-0.000001	0.000000	-23.792570	-5.962255	0.000000	63383.171875	837.127380	64934.910156
2008	03	0.000000	-2.324653	2.324653	2.324653	-0.000001	-0.000001	0.000000	-8.122593	-1.918375	0.000000	63383.171875	837.003174	64934.832031
2008	03	0.000000	-2.493954	2.493954	2.493954	-0.000001	-0.000001	0.000000	-15.792025	-3.262001	0.000000	63383.171875	836.878418	64934.753906
2008	03	0.000000	-2.852948	2.852948	2.852948	-0.000001	-0.000001	0.000000	-11.724682	-4.593531	0.000000	63383.171875	836.748169	64934.667969
2008	03	0.000000	-3.516581	3.516581	3.516581	-0.000001	-0.000001	0.000000	-20.158264	-8.956885	0.000000	63383.171875	836.599670	64934.566406
2008	04	0.000000	-2.830189	2.830189	2.830189	-0.000001	-0.000001	0.000000	-23.525597	-5.580892	0.000000	63383.171875	836.444946	64934.457031
2008	04	0.000000	-2.258882	2.258882	2.258882	-0.000001	-0.000001	0.000000	1.187470	-1.724865	0.000000	63383.171875	836.315552	64934.371094
2008	04	0.000000	-2.452848	2.452848	2.452848	-0.000001	-0.000001	0.000000	2.663564	-0.982293	0.000000	63383.171875	836.191589	64934.292969
2008	04	0.000000	-2.429474	2.429474	2.429474	-0.000001	-0.000001	0.000000	-7.562281	-3.060607	0.000000	63383.171875	836.064270	64934.214844
2008	04	0.000000	-2.251364	2.251364	2.251364	-0.000001	-0.000001	0.000000	-0.474956	-1.943143	0.000000	63383.171875	835.937744	64934.132812
2008	04	0.000000	-2.488021	2.488021	2.488021	-0.000001	-0.000001	0.000000	-0.781182	-2.813094	0.000000	63383.171875	835.815857	64934.054688
2008	04	0.000000	-2.435946	2.435946	2.435946	-0.000001	-0.000001	0.000000	-9.922027	-4.720009	0.000000	63383.171875	835.684937	64933.972656
2008	04	0.000000	-1.856980	1.856980	1.856980	-0.000001	-0.000001	0.000000	0.652927	-1.332996	0.000000	63383.171875	835.568481	64933.902344
2008	04	0.000000	-2.261165	2.261165	2.261165	-0.000001	-0.000001	0.000000	-1.863304	-1.551427	0.000000	63383.171875	835.453003	64933.832031
2008	04	0.000000	-2.337251	2.337251	2.337251	-0.000001	-0.000001	0.000000	3.296875	-0.534560	0.000000	63383.171875	835.331299	64933.753906
2008	04	0.000000	-2.667956	2.667956	2.667956	-0.000001	-0.000001	0.000000	0.211572	-1.744729	0.000000	63383.171875	835.200745	64933.671875
2008	04	0.000000	-1.966170	1.966170	1.966170	-0.000001	-0.000001	0.000000	9.346024	-0.392463	0.000000	63383.171875	835.075012	64933.589844
2008	04	0.000000	-2.215665	2.215665	2.215665	-0.000001	-0.000001	0.000000	8.928555	0.017492	0.000000	63383.171875	834.962219	64933.523438
2008	04	0.000000	-2.185417	2.185417	2.185417	-0.000001	-0.000001	0.000000	6.424284	-0.459851	0.000000	63383.171875	834.841309	64933.449219
2008	04	0.000000	-1.779557	1.779557	1.779557	-0.000001	-0.000001	0.000000	11.520218	0.434332	0.000000	63383.171875	834.729065	64933.382812
2008	04	0.000000	-2.380213	2.380213	2.380213	-0.000001	-0.000001	0.000000	0.080842	-1.469297	0.000000	63383.171875	834.616028	64933.312500
2008	04	0.000000	-2.184416	2.184416	2.184416	-0.000001	-0.000001	0.000000	3.706206	-0.450888	0.000000	63383.171875	834.490540	64933.234375
2008	04	0.000000	-2.029837	2.029837	2.029837	-0.000001	-0.000001	0.000000	5.387231	-0.159345	0.000000	63383.171875	834.374634	64933.164062
2008	04	0.000000	-1.979958	1.979958	1.979958	-0.000001	-0.000001	0.000000	4.511988	-0.372908	0.000000	63383.171875	834.262207	64933.097656
2008	04	0.000000	-2.049934	2.049934	2.049934	-0.000001	-0.000001	0.000000	8.340489	-0.210632	0.000000	63383.171875	834.149292	64933.031250
2008	04	0.000000	-2.310198	2.310198	2.310198	-0.000001	-0.000001	0.000000	11.311984	0.157361	0.000000	63383.171875	834.031921	64932.957031
2008	04	0.000000	-2.056529	2.056529	2.056529	-0.000001	-0.000001	0.000000	11.093439	0.022941	0.000000	63383.171875	833.912964	64932.886719
2008	04	0.000000	-2.451290	2.451290	2.451290	-0.000001	-0.000001	0.000000	4.780789	-0.858929	0.000000	63383.171875	833.792847	64932.812500
2008	04	0.000000	-2.283503	2.283503	2.283503	-0.000001	-0.000001	0.000000	-0.065719	-0.345267	0.000000	63383.171875	833.664612	64932.730469
2008	04	0.000000	-2.588610	2.588610	2.588610	-0.000001	-0.000001	0.000000	11.767929	-1.895767	0.000000	63383.171875	833.540100	64932.648438
2008	04	0.000000	-2.682334	2.682334	2.682334	-0.000001	-0.000001	0.000000	6.748679	-1.368567	0.000000	63383.171875	833.406433	64932.562500
2008	04	0.000000	-2.045419	2.045419	2.045419	-0.000001	-0.000001	0.000000	13.437259	0.627126	0.000000	63383.171875	833.279480	64932.480469
2008	04	0.000000	-2.587412	2.587412	2.587412	-0.000001	-0.000001	0.000000	6.365584	0.900409	0.000000	63383.171875	833.157959	64932.406250
2008	04	0.000000	-3.164094	3.164094	3.164094	-0.000001	-0.000001	0.000000	7.901622	1.433340	0.000000	63383.171875	833.016724	64932.308594
2008	04	0.000000	-3.098806	3.098806	3.098806	-0.000001	-0.000001	0.000000	4.413300	-0.935506	0.000000	63383.171875	832.865845	64932.203125
2008	05	0.000000	-3.045335	3.045335	3.045335	-0.000001	-0.000001	0.000000	-2.830875	-3.560204	0.000000	63383.171875	832.722351	64932.105469
2008	05	0.000000	-5.264409	5.264409	5.264409	-0.000002	-0.000002	0.000000	-8.445244	-4.034725	0.000000	63383.171875	832.540100	64931.968750
2008	05	0.000000	-4.794634	4.794634	4.794634	-0.000002	-0.000002	0.000000	-4.637759	-2.582417	0.000000	63383.171875	832.332703	64931.808594
2008	05	0.000000	-4.941062	4.941062	4.941062	-0.000002	-0.000002	0.000000	-5.822093	-3.231812	0.000000	63383.171875	832.128662	64931.648438
2008	05	0.000000	-4.482388	4.482388	4.482388	-0.000002	-0.000002	0.000000	-3.053733	-1.783495	0.000000	63383.171875	831.932495	64931.500000
2008	05	0.000000	-4.399886	4.399886	4.399886	-0.000002	-0.000002	0.000000	-2.645308	-1.224887	0.000000	63383.171875	831.743774	64931.355469
2008	05	0.000000	-4.452155	4.452155	4.452155	-0.000002	-0.000002	0.000000	-3.321417	-0.843953	0.000000	63383.171875	831.556152	64931.214844
2008	05	0.000000	-4.135011	4.135011	4.135011	-0.000002	-0.000002	0.000000	1.241921	1.332748	0.000000	63383.171875	831.371582	64931.074219
2008	05	0.000000	-4.340396	4.340396	4.340396	-0.000002	-0.000002	0.000000	-9.091505	0.138778	0.000000	63383.171875	831.190063	64930.937500
2008	05	0.000000	-4.013343	4.013343	4.013343	-0.000001	-0.000001	0.000000	-7.265892	0.342377	0.000000	63383.171875	831.008423	64930.800781
2008	05	0.000000	-3.884734	3.884734	3.884734	-0.000001	-0.000001	0.000000	-2.649960	2.182580	0.000000	63383.171875	830.837585	64930.675781
2008	05	0.000000	-3.590384	3.590384	3.590384	-0.000001	-0.000001	0.000000	6.204218	1.879637	0.000000	63383.171875	830.669922	64930.554688
2008	05	0.000000	-3.241927	3.241927	3.241927	-0.000001	-0.000001	0.000000	11.999335	4.515877	0.000000	63383.171875	830.515320	64930.445312
2008	05	0.000000	-4.020970	4.020970	4.020970	-0.000002	-0.000002	0.000000	-3.700475	0.893175	0.000000	63383.171875	830.355286	64930.332031
2008	05	0.000000	-3.992098	3.992098	3.992098	-0.000001	-0.000001	0.000000	3.881667	2.629717	0.000000	63383.171875	830.180359	64930.203125
2008	05	0.000000	-4.329354	4.329354	4.329354	-0.000002	-0.000002	0.000000	-2.110843	1.467223	0.000000	63383.171875	830.000061	64930.066406
2008	05	0.000000	-3.727927	3.727927	3.727927	-0.000001	-0.000001	0.000000	5.052055	2.390034	0.000000	63383.171875	829.823242	64929.933594
2008	05	0.000000	-3.512133	3.512133	3.512133	-0.000001	-0.000001	0.000000	7.966854	6.202348	0.000000	63383.171875	829.662170	64929.820312
2008	05	0.000000	-4.076833	4.076833	4.076833	-0.000002	-0.000002	0.000000	3.481358	4.370422	0.000000	63383.171875	829.496643	64929.699219
2008	05	0.000000	-4.059921	4.059921	4.059921	-0.000002	-0.000002	0.000000	2.214231	1.818090	0.000000	63383.171875	829.320251	64929.570312
2008	05	0.000000	-4.055625	4.055625	4.055625	-0.000002	-0.000002	0.000000	2.125690	2.729438	0.000000	63383.171875	829.143494	64929.437500
2008	05	0.000000	-4.410322	5.834411	5.834411	-0.000002	-0.000002	1.424088	-11.118707	-4.058984	0.000000	63383.195312	828.962219	64929.285156
2008	05	0.000000	-4.639558	7.707709	7.707709	-0.000003	-0.000003	3.068151	-11.448821	-5.708964	0.000000	63383.300781	828.771545	64929.054688
2008	05	0.000000	-4.421368	7.879116	7.879116	-0.000003	-0.000003	3.457748	-8.349496	-2.978780	0.000000	63383.437500	828.580139	64928.804688
2008	05	0.000000	-4.667193	9.137737	9.137737	-0.000003	-0.000003	4.470544	-17.493374	-6.927996	0.000000	63383.585938	828.388794	64928.535156
2008	05	0.000000	-4.350801	8.421455	8.421455	-0.000003	-0.000003	4.070654	-7.866874	-4.247129	0.000000	63383.769531	828.197876	64928.242188
2008	05	0.000000	-3.979544	7.935753	7.935753	-0.000003	-0.000003	3.956209	-2.293401	-0.137800	0.000000	63383.925781	828.018005	64927.980469
2008	05	0.000000	-4.321189	8.303073	8.303073	-0.000003	-0.000003	3.981884	-7.511877	-2.725710	0.000000	63384.074219	827.839966	64927.722656
2008	05	0.000000	-4.345973	8.124819	8.124819	-0.000003	-0.000003	3.778846	-9.409784	-4.940920	0.000000	63384.222656	827.655029	64927.460938
2008	05	0.000000	-4.191110	7.919858	7.919858	-0.000003	-0.000003	3.728747	-10.076261	-4.408863	0.000000	63384.363281	827.472778	64927.203125
2008	05	0.000000	-4.318511	8.057802	8.057802	-0.000003	-0.000003	3.739292	-15.851512	-7.427017	0.000000	63384.500000	827.289551	64926.945312
2008	06	0.000000	-3.986848	7.483585	7.483585	-0.000003	-0.000003	3.496737	-3.823000	0.278816	0.000000	63384.632812	827.108582	64926.687500
2008	06	0.000000	-3.431347	6.306780	6.306780	-0.000002	-0.000002	2.875433	11.363601	20.255310	0.000000	63384.750000	826.940613	64926.460938
2008	06	0.000000	-3.565825	6.379373	6.379373	-0.000002	-0.000002	2.813548	5.744430	17.701754	0.000000	63384.851562	826.777344	64926.250000
2008	06	0.000000	-3.543558	6.104707	6.104707	-0.000002	-0.000002	2.561149	7.329636	25.470188	0.000000	63384.945312	826.615051	64926.039062
2008	06	0.000000	-3.439286	5.416892	5.416892	-0.000002	-0.000002	1.977607	-6.625350	17.044178	0.000000	63385.023438	826.451782	64925.847656
2008	06	0.000000	-3.488696	5.018617	5.018617	-0.000002	-0.000002	1.529921	-0.058159	27.236418	0.000000	63385.082031	826.291870	64925.675781
2008	06	0.000000	-3.553278	5.057165	5.057165	-0.000002	-0.000002	1.503887	0.718082	19.569973	0.000000	63385.132812	826.130371	64925.511719
2008	06	0.000000	-3.628128	5.465872	5.465872	-0.000002	-0.000002	1.837744	-6.751995	17.655994	0.000000	63385.187500	825.963745	64925.335938
2008	06	0.000000	-3.533121	5.688385	5.688385	-0.000002	-0.000002	2.155264	-5.753557	29.583918	0.000000	63385.253906	825.800476	64925.148438
2008	06	0.000000	-3.623934	6.046724	6.046724	-0.000002	-0.000002	2.422790	-4.689368	17.485527	0.000000	63385.332031	825.636047	64924.953125
2008	06	0.000000	-4.212275	7.124319	7.124319	-0.000003	-0.000003	2.912044	-58.185226	23.334440	0.000000	63385.414062	825.461182	64924.734375
2008	06	0.000000	-3.646415	6.336747	6.336747	-0.000002	-0.000002	2.690331	-11.551169	51.267124	0.000000	63385.507812	825.283508	64924.500000
2008	06	0.000000	-3.892328	5.863384	5.863384	-0.000002	-0.000002	1.971057	-20.952211	28.569828	0.000000	63385.574219	825.114746	64924.308594
2008	06	0.000000	-4.055021	7.038751	7.038751	-0.000003	-0.000003	2.983729	-23.634706	-2.146621	0.000000	63385.644531	824.938477	64924.093750
2008	06	0.000000	-4.611942	29.531939	29.531939	-0.000011	-0.000011	24.919996	-21.477749	9.921579	0.000000	63386.027344	824.745728	64923.562500
2008	06	0.000000	-4.224128	50.204224	50.204224	-0.000019	-0.000019	45.980099	103.229492	47.495529	0.000000	63387.347656	824.551758	64922.097656
2008	06	0.000000	-4.702147	60.770214	60.770214	-0.000023	-0.000023	56.068066	56.961651	33.083084	0.000000	63388.820312	824.361206	64920.269531
2008	06	0.000000	-5.798401	38.883808	38.883808	-0.000015	-0.000015	33.085403	26.555418	56.731045	0.000000	63390.062500	824.138306	64918.468750
2008	06	0.000000	-4.763839	17.489216	17.489216	-0.000007	-0.000007	12.725376	64.416397	44.964890	0.000000	63390.484375	823.916321	64917.683594
2008	06	0.000000	-4.405001	26.924685	26.924685	-0.000010	-0.000010	22.519686	62.436466	41.497822	0.000000	63390.789062	823.722534	64917.027344
2008	06	0.000000	-4.799530	49.163082	49.163082	-0.000019	-0.000019	44.363552	81.697983	43.211540	0.000000	63391.445312	823.521790	64915.671875
2008	06	0.000000	-5.549726	36.886665	36.886665	-0.000014	-0.000014	31.336939	41.762760	53.456322	0.000000	63392.089844	823.310974	64914.128906
2008	06	0.363470	-4.719042	25.954039	25.590569	-0.000010	-0.000010	20.871525	46.880989	97.982101	1008.713257	63392.375000	823.075378	64913.152344
2008	06	8.227486	2.254487	25.561695	17.334209	-0.000007	-0.000007	19.588697	70.648254	39.853958	22833.197266	63392.589844	822.993652	64912.476562
2008	06	17.785131	8.949816	33.774155	15.989025	-0.000006	-0.000006	24.938843	67.524429	63.751408	49357.898438	63392.820312	823.118652	64911.917969
2008	06	30.029081	19.449598	47.396214	17.367134	-0.000007	-0.000007	36.816730	92.944458	53.081223	83337.718750	63393.144531	823.583069	64911.402344
2008	06	41.954594	27.929005	63.223312	21.268713	-0.000008	-0.000008	49.197720	57.869652	49.404003	116433.812500	63393.578125	824.271973	64910.636719
2008	06	57.755360	40.147015	67.827835	10.072476	-0.000004	-0.000004	50.219486	2.758385	62.021408	160284.625000	63393.980469	825.409058	64910.156250
2008	06	56.382729	39.537361	64.749702	8.366974	-0.000003	-0.000003	47.904335	-27.171127	53.456791	156475.250000	63394.320312	826.767029	64909.960938
2008	06	83.584320	61.803814	74.099380	-9.484939	0.000004	0.000004	52.318878	-14.675315	39.349163	231966.031250	63394.652344	828.420959	64909.972656
2008	07	95.652985	70.974236	78.236954	-17.416025	0.000007	0.000007	53.558205	24.012220	60.036129	256896.187500	63394.929688	830.672913	64910.519531
2008	07	65.168015	46.141441	62.756729	-2.411289	0.000001	0.000001	43.730160	28.366169	36.285217	175022.406250	63395.128906	832.332214	64910.675781
2008	07	80.440018	58.857990	64.111534	-16.328484	0.000006	0.000006	42.529507	75.923553	42.017681	216038.578125	63395.273438	834.044312	64911.046875
2008	07	116.591171	88.440727	73.995819	-42.595356	0.000016	0.000016	45.845371	84.467804	41.632763	313130.093750	63395.394531	836.409058	64912.031250
2008	07	138.789108	104.281784	84.544662	-54.244450	0.000020	0.000020	50.037338	43.068581	51.965576	372747.312500	63395.500000	839.424622	64913.539062
2008	07	146.438248	106.419807	93.223267	-53.214985	0.000020	0.000020	53.204823	11.963256	95.583527	393290.687500	63395.589844	842.714355	64915.207031
2008	07	151.453445	112.223488	88.916496	-62.536957	0.000023	0.000023	49.686523	58.723507	75.532021	406760.062500	63395.652344	846.302734	64917.160156
2008	07	154.792633	112.896629	90.645630	-64.146996	0.000024	0.000024	48.749634	53.166996	77.077415	415728.156250	63395.691406	849.923889	64919.246094
2008	07	149.243591	108.577477	86.067131	-63.176468	0.000024	0.000024	45.401012	41.903553	60.742878	400825.031250	63395.710938	853.550659	64921.414062
2008	07	171.688461	126.741417	89.806328	-81.882118	0.000031	0.000031	44.859287	73.137642	68.626503	461105.406250	63395.714844	857.297241	64923.753906
2008	07	172.040710	125.971115	89.038857	-83.001862	0.000031	0.000031	42.969257	66.603691	70.218079	462051.468750	63395.703125	861.368896	64926.453125
2008	07	173.539749	126.219101	88.679176	-84.860588	0.000032	0.000032	41.358517	82.464844	67.237907	466077.500000	63395.683594	865.367493	64929.140625
2008	07	192.917831	139.935837	94.006683	-98.911148	0.000037	0.000037	41.024689	58.576988	81.933723	518121.375000	63395.652344	869.635864	64932.136719
2008	07	210.223709	150.386154	101.911926	-108.311783	0.000040	0.000040	42.074371	44.547985	86.925148	564599.937500	63395.613281	874.259949	64935.464844
2008	07	217.986099	152.994827	107.182999	-110.803101	0.000041	0.000041	42.191723	35.998268	92.984985	585447.500000	63395.562500	879.065247	64938.960938
2008	07	211.924072	136.133652	121.266907	-90.657173	0.000034	0.000034	45.476475	1.571225	105.819954	569166.625000	63395.496094	883.413391	64941.937500
2008	07	208.649490	131.946259	121.053719	-87.595787	0.000033	0.000033	44.350471	-8.776667	68.179207	560372.062500	63395.417969	887.868652	64944.988281
2008	07	225.513901	141.749481	127.670265	-97.843620	0.000037	0.000037	43.905872	-4.953931	102.020157	605664.937500	63395.324219	892.159729	64947.910156
2008	07	220.214172	143.299820	115.867035	-104.347137	0.000039	0.000039	38.952679	3.339448	70.403282	591431.437500	63395.222656	896.968201	64951.425781
2008	07	201.327057	130.196640	105.959663	-95.367386	0.000036	0.000036	34.829243	61.759102	77.165443	540706.125000	63395.121094	901.417297	64954.742188
2008	07	186.631897	117.849190	100.695114	-85.936783	0.000032	0.000032	31.912416	68.835625	66.318268	501239.156250	63395.015625	905.351074	64957.652344
2008	07	183.515060	113.535400	99.701370	-83.813690	0.000031	0.000031	29.721714	79.275383	58.441013	492868.250000	63394.914062	908.950867	64960.316406
2008	07	177.693436	107.305588	98.460312	-79.233116	0.000030	0.000030	28.072477	89.644287	44.029343	477233.031250	63394.812500	912.507996	64962.996094
2008	07	161.339783	94.255905	93.311691	-68.028091	0.000025	0.000025	26.227810	93.613434	31.634436	433311.906250	63394.710938	915.708496	64965.371094
2008	07	168.606644	98.834900	95.046349	-73.560287	0.000027	0.000027	25.274612	103.377907	27.666300	452828.562500	63394.609375	918.663879	64967.554688
2008	07	194.993073	111.272507	109.704369	-85.288696	0.000032	0.000032	25.983801	75.118904	37.391365	523694.875000	63394.503906	922.004761	64970.117188
2008	07	179.531296	87.485420	117.797104	-61.734207	0.000023	0.000023	25.751207	22.194790	36.000957	482169.062500	63394.394531	925.207458	64972.535156
2008	07	168.195099	90.292786	101.227470	-66.967621	0.000025	0.000025	23.325161	32.380219	25.253710	451723.281250	63394.289062	928.224854	64974.812500
2008	07	109.252083	44.234467	87.252876	-21.999212	0.000008	0.000008	22.235254	8.604845	24.115437	293419.437500	63394.179688	930.070007	64975.980469
2008	07	135.639679	66.403717	91.041283	-44.598404	0.000017	0.000017	21.805311	92.873482	27.568071	364288.843750	63394.074219	932.032776	64977.277344
2008	07	138.848129	62.913956	97.892647	-40.955467	0.000015	0.000015	21.958485	71.896332	23.935488	372905.812500	63393.968750	934.119446	64978.710938
2008	08	90.031013	26.129963	84.972153	-5.058857	0.000002	0.000002	21.071104	9.693130	27.908018	241797.203125	63393.863281	935.540100	64979.496094
2008	08	105.411163	39.464184	87.469170	-17.941992	0.000007	0.000007	21.522192	55.207996	28.380999	283103.843750	63393.753906	936.438477	64979.757812
2008	08	132.416199	56.750526	97.402847	-35.013340	0.000013	0.000013	21.737186	70.934235	30.008368	355631.531250	63393.640625	938.084900	64980.746094
2008	08	154.923767	62.365185	113.666641	-41.257111	0.000015	0.000015	21.108076	51.942848	38.523914	416080.312500	63393.437500	939.899902	64981.933594
2008	08	148.494186	41.521606	128.323593	-20.170595	0.000008	0.000008	21.351009	38.849678	43.804634	398812.375000	63393.210938	941.549927	64982.945312
2008	08	148.647797	53.597218	113.811485	-34.836315	0.000013	0.000013	18.760902	35.544666	32.736378	399224.937500	63393.000000	943.282410	64984.085938
2008	08	129.005157	37.677441	108.999153	-20.006014	0.000007	0.000007	17.671429	66.206459	29.735117	346470.500000	63392.800781	944.645020	64984.910156
2008	08	123.017952	33.084698	106.939400	-16.078545	0.000006	0.000006	17.006155	58.291138	27.757002	330390.562500	63392.605469	945.862610	64985.625000
2008	08	120.844498	32.565773	104.602867	-16.241617	0.000006	0.000006	16.324156	58.814671	25.875189	324553.281250	63392.421875	946.968079	64986.246094
2008	08	112.813736	26.908396	101.647293	-11.166453	0.000004	0.000004	15.741942	57.161678	23.445267	302985.000000	63392.242188	947.938110	64986.753906
2008	08	110.678711	26.375660	99.561295	-11.117413	0.000004	0.000004	15.258245	59.703518	23.674988	297250.906250	63392.070312	948.821350	64987.187500
2008	08	106.731575	18.058411	103.751877	-2.979700	0.000001	0.000001	15.078712	47.881908	24.783926	286650.062500	63391.898438	949.560852	64987.492188
2008	08	89.130615	2.388628	101.682938	12.552320	-0.000005	-0.000005	14.940948	46.554863	20.956724	239379.000000	63391.734375	949.776733	64987.273438
2008	08	85.942131	6.625678	93.705627	7.763498	-0.000003	-0.000003	14.389177	51.606869	18.667208	230815.656250	63391.574219	950.013550	64987.089844
2008	08	82.531349	12.201782	84.119362	1.588017	-0.000001	-0.000001	13.789800	57.001911	16.869787	221655.281250	63391.417969	950.500305	64987.175781
2008	08	72.654686	7.271684	78.783836	6.129151	-0.000002	-0.000002	13.400834	56.325848	13.427366	195129.421875	63391.269531	950.815125	64987.105469
2008	08	72.500359	6.531921	79.182495	6.682138	-0.000002	-0.000002	13.214059	59.729927	13.381764	194714.937500	63391.128906	951.038086	64986.953125
2008	08	65.134010	0.325912	77.924843	12.790832	-0.000005	-0.000005	13.116742	49.832233	12.477680	174931.093750	63390.984375	951.173218	64986.714844
2008	08	62.080654	-1.184265	76.209671	14.129021	-0.000005	-0.000005	12.944756	49.460625	11.444530	166730.640625	63390.847656	951.141479	64986.312500
2008	08	69.924706	1.831368	80.982079	11.057374	-0.000004	-0.000004	12.888742	35.931541	14.397099	187797.484375	63390.707031	951.249817	64986.058594
2008	08	64.953560	1.980210	75.658096	10.704534	-0.000004	-0.000004	12.684743	43.983280	12.768676	174446.421875	63390.562500	951.342468	64985.792969
2008	08	63.138668	3.445629	72.099426	8.960756	-0.000003	-0.000003	12.406385	42.979912	11.484073	169572.156250	63390.421875	951.534668	64985.632812
2008	08	55.656750	-6.534065	74.778107	19.121363	-0.000007	-0.000007	12.587296	29.630709	10.846833	149477.890625	63390.289062	951.441162	64985.191406
2008	08	63.699951	11.304187	64.920746	1.220793	-0.000000	-0.000000	12.524979	30.391680	9.922972	171079.609375	63390.148438	951.772034	64985.167969
2008	08	49.663776	5.133111	56.520241	6.856461	-0.000003	-0.000003	11.989573	48.872120	6.443308	133382.515625	63390.015625	952.017700	64985.066406
2008	08	50.453030	2.476273	60.171268	9.718240	-0.000004	-0.000004	12.194513	43.350246	7.010852	135502.218750	63389.894531	952.137024	64984.851562
2008	08	39.586765	-5.770617	57.437988	17.851221	-0.000007	-0.000007	12.080604	10.564150	6.469613	106318.585938	63389.769531	952.112549	64984.488281
2008	08	38.351662	-2.348490	53.161724	14.810061	-0.000006	-0.000006	12.461571	12.345673	4.297844	103001.437500	63389.656250	951.989380	64984.019531
2008	08	34.699932	-5.726989	53.834808	19.134876	-0.000007	-0.000007	13.407888	8.910540	11.575865	93193.960938	63389.539062	951.911987	64983.582031
2008	08	30.807844	-4.757602	48.504509	17.696665	-0.000007	-0.000007	12.939064	25.546925	6.087065	82740.937500	63389.433594	951.757935	64983.035156
2008	08	35.220909	-0.848868	48.826893	13.605983	-0.000005	-0.000005	12.757116	53.887352	6.753298	94593.148438	63389.324219	951.745667	64982.664062
2008	09	30.859318	-2.449323	45.137070	14.277752	-0.000006	-0.000006	11.828428	49.231331	5.041450	85641.828125	63389.214844	951.689758	64982.257812
2008	09	36.038979	-0.654145	49.054443	13.015466	-0.000005	-0.000005	12.361320	22.050716	2.985244	100016.593750	63389.101562	951.674683	64981.894531
2008	09	41.603085	1.301438	53.791321	12.188235	-0.000005	-0.000005	13.489675	7.444308	10.443884	115458.296875	63388.980469	951.690857	64981.539062
2008	09	30.915730	-3.233704	45.936306	15.020580	-0.000006	-0.000006	11.786877	18.940371	1.983002	85798.375000	63388.859375	951.678101	64981.144531
2008	09	27.733231	-4.999696	44.192013	16.458780	-0.000006	-0.000006	11.459085	19.987602	4.956905	76966.195312	63388.750000	951.550964	64980.683594
2008	09	23.376303	-7.575247	42.033302	18.657001	-0.000007	-0.000007	11.081756	23.000961	3.141422	64874.703125	63388.644531	951.329285	64980.140625
2008	09	20.388752	-10.718283	42.355000	21.966251	-0.000008	-0.000008	11.247968	22.689505	3.417411	56583.550781	63388.539062	951.072266	64979.566406
2008	09	20.900087	-10.629066	43.047169	22.147081	-0.000009	-0.000009	11.518017	14.913560	1.604674	58002.632812	63388.437500	950.766418	64978.937500
2008	09	22.792257	-8.239139	42.730434	19.938175	-0.000008	-0.000008	11.699035	17.561216	4.853428	63253.843750	63388.332031	950.495483	64978.324219
2008	09	22.120083	-7.467982	40.741001	18.620914	-0.000007	-0.000007	11.152931	19.047966	2.637258	61388.406250	63388.226562	950.265320	64977.761719
2008	09	22.522793	-7.522575	41.193001	18.670210	-0.000007	-0.000007	11.147635	13.978151	1.157479	62506.011719	63388.121094	950.044434	64977.222656
2008	09	22.530529	-7.956897	41.841621	19.311092	-0.000007	-0.000007	11.354196	10.792123	2.708154	62527.484375	63388.015625	949.800537	64976.660156
2008	09	25.680410	-5.946738	43.318974	17.638565	-0.000007	-0.000007	11.691827	11.949946	1.361971	71269.148438	63387.906250	949.602661	64976.128906
2008	09	26.818834	-7.160484	46.920540	20.101706	-0.000008	-0.000008	12.941222	-0.414508	2.889445	74428.539062	63387.800781	949.416565	64975.589844
2008	09	24.802849	-8.068525	46.255924	21.453075	-0.000008	-0.000008	13.384549	0.387030	7.404321	68833.703125	63387.691406	949.180725	64974.964844
2008	09	15.187029	-12.511272	39.374660	24.187634	-0.000009	-0.000009	11.676360	6.542595	3.454093	42147.554688	63387.578125	948.848633	64974.257812
2008	09	16.290909	-11.899455	39.224560	22.933651	-0.000009	-0.000009	11.034195	2.578830	3.011725	45211.085938	63387.468750	948.455261	64973.546875
2008	09	14.317879	-14.145905	41.205273	26.887396	-0.000010	-0.000010	12.741490	-2.554374	0.324489	39735.460938	63387.359375	948.039612	64972.792969
2008	09	14.377682	-14.120131	43.012661	28.634981	-0.000011	-0.000011	14.514850	-3.691096	1.667303	39901.425781	63387.242188	947.601990	64971.953125
2008	09	11.682407	-14.272522	38.645184	26.962776	-0.000010	-0.000010	12.690255	10.787482	5.046664	32421.410156	63387.125000	947.178589	64971.109375
2008	09	10.184122	-15.401752	37.162384	26.978262	-0.000010	-0.000010	11.576509	3.137060	3.080742	28263.320312	63387.007812	946.742676	64970.328125
2008	09	11.284777	-14.443332	36.943905	25.659128	-0.000010	-0.000010	11.215796	-1.382204	-1.369771	31317.894531	63386.894531	946.278809	64969.539062
2008	09	11.738317	-14.814483	39.192616	27.454298	-0.000011	-0.000011	12.639817	-5.512984	0.538667	32576.572266	63386.777344	945.819092	64968.738281
2008	09	12.471001	-13.905582	39.371643	26.900644	-0.000010	-0.000010	12.995062	-0.904530	1.126884	34609.945312	63386.660156	945.379639	64967.921875
2008	09	13.560066	-13.435611	40.408775	26.848709	-0.000010	-0.000010	13.413097	-12.376509	-5.110717	37632.355469	63386.539062	944.961853	64967.117188
2008	09	14.661093	-14.581797	43.682766	29.021675	-0.000011	-0.000011	14.439878	-16.204111	-2.231321	40687.957031	63386.414062	944.524170	64966.265625
2008	09	14.398452	-12.290005	39.687813	25.289360	-0.000010	-0.000010	12.999355	-5.155055	2.919183	39959.070312	63386.289062	944.137878	64965.464844
2008	09	10.833228	-14.926708	38.815292	27.982063	-0.000011	-0.000011	13.055356	-7.875458	-0.968193	30064.742188	63386.164062	943.705139	64964.660156
2008	09	9.145032	-14.240357	35.062397	25.917364	-0.000010	-0.000010	11.677008	-7.847169	-4.942049	25379.599609	63386.039062	943.239075	64963.820312
2008	09	6.581753	-15.327543	32.244770	25.663017	-0.000010	-0.000010	10.335475	-7.773391	-0.190117	18265.902344	63385.921875	942.758972	64963.035156
2008	10	5.817104	-16.634134	32.662304	26.845200	-0.000010	-0.000010	10.211065	-13.212309	-3.929994	15623.055664	63385.804688	942.265381	64962.257812
2008	10	4.963307	-15.405870	30.392536	25.429228	-0.000009	-0.000009	10.023357	-4.830420	1.655626	13330.004883	63385.691406	941.605225	64961.492188
2008	10	4.216747	-15.810386	29.653572	25.436823	-0.000009	-0.000009	9.626439	-13.732633	-1.012613	11324.960938	63385.582031	940.206970	64960.757812
2008	10	3.485348	-16.367165	29.625809	26.140459	-0.000010	-0.000010	9.773296	-8.940380	-0.332575	9360.635742	63385.480469	937.910400	64960.015625
2008	10	2.966774	-16.498869	29.529417	26.562643	-0.000010	-0.000010	10.063774	-6.642926	-2.106498	7967.895508	63385.398438	934.716797	64959.253906
2008	10	1.896372	-17.439653	29.652054	27.755682	-0.000010	-0.000010	10.316031	-6.078682	-1.533120	5093.105957	63385.332031	930.624512	64958.476562
2008	10	1.916824	-17.312704	30.203093	28.286270	-0.000011	-0.000011	10.973564	-6.484044	-1.832796	5148.032227	63385.292969	925.624084	64957.656250
2008	10	0.000000	-18.653259	29.685665	29.685665	-0.000011	-0.000011	11.032407	-6.216469	-1.777473	0.000000	63385.265625	919.723694	64956.820312
2008	10	0.000000	-18.265339	29.827728	29.827728	-0.000011	-0.000011	11.562390	-4.604763	-1.444422	0.000000	63385.265625	912.923706	64955.957031
2008	10	0.000000	-17.840157	29.968040	29.968040	-0.000011	-0.000011	12.127883	-2.582689	-0.740866	0.000000	63385.289062	905.216125	64955.050781
2008	10	0.000000	-14.606831	27.295168	27.295168	-0.000010	-0.000010	12.688337	-6.315963	-1.729379	0.000000	63385.343750	896.640076	64954.144531
2008	10	0.000000	-15.415080	33.972851	33.972851	-0.000013	-0.000013	18.557772	-2.482489	-1.076290	0.000000	63385.449219	887.195007	64953.191406
2008	10	0.000000	-14.450529	39.287529	39.287529	-0.000015	-0.000015	24.836998	3.926371	0.553952	0.000000	63385.710938	876.832458	64951.898438
2008	10	0.000000	-13.713457	29.331936	29.331936	-0.000011	-0.000011	15.618481	3.928706	1.116716	0.000000	63385.929688	865.580200	64950.691406
2008	10	0.000000	-14.774787	26.265368	26.265368	-0.000010	-0.000010	11.490582	-0.392757	-0.015374	0.000000	63386.093750	853.409119	64949.691406
2008	10	0.000000	-18.851797	26.975018	26.975018	-0.000010	-0.000010	8.123220	-1.649877	-1.044660	0.000000	63386.226562	840.261108	64948.687500
2008	10	0.000000	-19.875612	28.574873	28.574873	-0.000011	-0.000011	8.699263	-8.484447	-3.993282	0.000000	63386.378906	833.181946	64947.570312
2008	10	0.000000	-16.166958	23.876198	23.876198	-0.000009	-0.000009	7.709241	-3.147151	-0.968752	0.000000	63386.511719	832.387146	64946.558594
2008	10	0.000000	-14.263740	21.436977	21.436977	-0.000008	-0.000008	7.173239	2.650005	0.250290	0.000000	63386.628906	831.659790	64945.636719
2008	10	0.000000	-11.856954	17.691681	17.691681	-0.000007	-0.000007	5.834728	5.562014	-0.079988	0.000000	63386.714844	831.036621	64944.847656
2008	10	0.000000	-13.107614	18.446945	18.446945	-0.000007	-0.000007	5.339332	1.363039	-0.475778	0.000000	63386.773438	830.435242	64944.117188
2008	10	0.000000	-13.338593	18.443005	18.443005	-0.000007	-0.000007	5.104411	0.844068	-2.264168	0.000000	63386.843750	829.780334	64943.335938
2008	10	0.000000	-11.611801	15.279903	15.279903	-0.000006	-0.000006	3.668103	-1.528911	-2.265915	0.000000	63386.890625	829.184998	64942.644531
2008	10	0.000000	-13.089789	15.907391	15.907391	-0.000006	-0.000006	2.817601	-4.336978	-4.631304	0.000000	63386.910156	828.597412	64942.003906
2008	10	0.000000	-13.764309	16.237799	16.237799	-0.000006	-0.000006	2.473490	-13.657451	-7.057755	0.000000	63386.921875	827.966614	64941.332031
2008	10	0.000000	-14.140864	16.275877	16.275877	-0.000006	-0.000006	2.135012	-13.827304	-5.490353	0.000000	63386.921875	827.317993	64940.656250
2008	10	0.000000	-12.140805	14.075609	14.075609	-0.000005	-0.000005	1.934804	-0.335087	-0.731445	0.000000	63386.917969	826.718872	64940.035156
2008	10	0.000000	-10.576851	12.362524	12.362524	-0.000005	-0.000005	1.785674	2.373654	-0.422640	0.000000	63386.914062	826.191101	64939.492188
2008	10	0.000000	-10.398954	12.004304	12.004304	-0.000004	-0.000004	1.605350	-4.035804	-2.116249	0.000000	63386.910156	825.670593	64938.964844
2008	10	0.000000	-7.914915	9.225165	9.225165	-0.000003	-0.000003	1.310251	9.894040	-0.577993	0.000000	63386.906250	825.205933	64938.496094
2008	10	0.000000	-7.481311	8.399396	8.399396	-0.000003	-0.000003	0.918084	13.397244	0.584280	0.000000	63386.902344	824.810608	64938.109375
2008	11	0.000000	-9.364609	10.147718	10.147718	-0.000004	-0.000004	0.783110	-0.248021	-1.312575	0.000000	63386.894531	824.361023	64937.679688
2008	11	0.000000	-7.761930	8.495610	8.495610	-0.000003	-0.000003	0.733681	10.246126	-0.142675	0.000000	63386.886719	823.918457	64937.257812
2008	11	0.000000	-7.305898	7.957747	7.957747	-0.000003	-0.000003	0.651849	8.221937	0.128850	0.000000	63386.882812	823.513184	64936.875000
2008	11	0.000000	-5.413692	5.957742	5.957742	-0.000002	-0.000002	0.544050	25.586550	0.733506	0.000000	63386.875000	823.143982	64936.531250
2008	11	0.000000	-4.178589	4.543226	4.543226	-0.000002	-0.000002	0.364637	38.372681	1.300674	0.000000	63386.871094	822.848999	64936.265625
2008	11	0.000000	-4.819630	5.052066	5.052066	-0.000002	-0.000002	0.232437	22.025106	0.292306	0.000000	63386.867188	822.558533	64936.007812
2008	11	0.000000	-6.823799	6.985785	6.985785	-0.000003	-0.000003	0.161985	2.041451	-0.291643	0.000000	63386.863281	822.221985	64935.710938
2008	11	0.000000	-6.797830	6.939909	6.939909	-0.000003	-0.000003	0.142078	2.619272	-0.730932	0.000000	63386.859375	821.852844	64935.382812
2008	11	0.000000	-5.256500	5.367391	5.367391	-0.000002	-0.000002	0.110891	11.683895	-0.019315	0.000000	63386.859375	821.522766	64935.093750
2008	11	0.000000	-5.073514	5.143425	5.143425	-0.000002	-0.000002	0.069911	1.837436	-0.990804	0.000000	63386.859375	821.219910	64934.832031
2008	11	0.000000	-5.584025	5.626027	5.626027	-0.000002	-0.000002	0.042002	5.514615	-0.691391	0.000000	63386.855469	820.914001	64934.570312
2008	11	0.000000	-4.253056	4.278824	4.278824	-0.000002	-0.000002	0.025768	6.704451	0.206703	0.000000	63386.855469	820.627197	64934.328125
2008	11	0.000000	-5.229809	5.243390	5.243390	-0.000002	-0.000002	0.013581	1.369901	-0.689605	0.000000	63386.855469	820.347656	64934.089844
2008	11	0.000000	-5.430043	5.438949	5.438949	-0.000002	-0.000002	0.008906	-5.442099	-0.845654	0.000000	63386.855469	820.045227	64933.832031
2008	11	0.000000	-5.092838	5.098841	5.098841	-0.000002	-0.000002	0.006003	-2.878156	-0.475523	0.000000	63386.855469	819.753540	64933.585938
2008	11	0.000000	-4.001667	4.005124	4.005124	-0.000002	-0.000002	0.003456	16.018318	0.376658	0.000000	63386.855469	819.483704	64933.363281
2008	11	0.000000	-3.824381	3.824809	3.824809	-0.000001	-0.000001	0.000428	7.777822	0.006101	0.000000	63386.855469	819.244629	64933.167969
2008	11	0.000000	-3.364514	3.364514	3.364514	-0.000001	-0.000001	0.000000	19.372179	0.479401	0.000000	63386.855469	819.016235	64932.984375
2008	11	0.000000	-4.054883	4.054883	4.054883	-0.000002	-0.000002	0.000000	-0.703274	-1.001949	0.000000	63386.855469	818.778503	64932.792969
2008	11	0.000000	-4.053415	4.053415	4.053415	-0.000002	-0.000002	0.000000	3.691817	-0.402444	0.000000	63386.855469	818.545898	64932.601562
2008	11	0.000000	-4.713199	4.713199	4.713199	-0.000002	-0.000002	0.000000	-2.274778	-1.182666	0.000000	63386.855469	818.291565	64932.394531
2008	11	0.000000	-4.844772	4.844772	4.844772	-0.000002	-0.000002	0.000000	-14.181217	-2.293671	0.000000	63386.855469	818.023804	64932.171875
2008	11	0.000000	-4.896361	4.896361	4.896361	-0.000002	-0.000002	0.000000	-5.440969	-0.948802	0.000000	63386.855469	817.764648	64931.957031
2008	11	0.000000	-5.789728	5.789728	5.789728	-0.000002	-0.000002	0.000000	-10.953301	-3.205211	0.000000	63386.855469	817.492859	64931.730469
2008	11	0.000000	-5.500591	5.500591	5.500591	-0.000002	-0.000002	0.000000	-17.194695	-3.678306	0.000000	63386.855469	817.200745	64931.480469
2008	11	0.000000	-4.806412	4.806412	4.806412	-0.000002	-0.000002	0.000000	-7.993233	-1.497023	0.000000	63386.855469	816.937073	64931.261719
2008	11	0.000000	-4.483453	4.483453	4.483453	-0.000002	-0.000002	0.000000	-5.248736	-0.896978	0.000000	63386.855469	816.688538	64931.058594
2008	11	0.000000	-4.064528	4.064528	4.064528	-0.000002	-0.000002	0.000000	-7.928077	-1.114334	0.000000	63386.855469	816.451233	64930.867188
2008	11	0.000000	-3.834470	3.834470	3.834470	-0.000001	-0.000001	0.000000	-4.100729	-1.331500	0.000000	63386.855469	816.233093	64930.695312
2008	11	0.000000	-3.699022	3.699022	3.699022	-0.000001	-0.000001	0.000000	-3.406574	-0.923693	0.000000	63386.855469	816.013184	64930.519531
2008	12	0.000000	-3.003170	3.003170	3.003170	-0.000001	-0.000001	0.000000	8.679090	0.094386	0.000000	63386.855469	815.823059	64930.371094
2008	12	0.000000	-2.958179	2.958179	2.958179	-0.000001	-0.000001	0.000000	24.281424	0.522595	0.000000	63386.855469	815.636475	64930.230469
2008	12	0.000000	-2.717520	2.717520	2.717520	-0.000001	-0.000001	0.000000	29.487118	0.902003	0.000000	63386.855469	815.463989	64930.101562
2008	12	0.000000	-2.850939	2.850939	2.850939	-0.000001	-0.000001	0.000000	11.516140	-0.096610	0.000000	63386.855469	815.286499	64929.968750
2008	12	0.000000	-2.723788	2.723788	2.723788	-0.000001	-0.000001	0.000000	22.896973	0.736670	0.000000	63386.855469	815.119019	64929.847656
2008	12	0.000000	-3.067444	3.067444	3.067444	-0.000001	-0.000001	0.000000	20.409605	-0.059276	0.000000	63386.855469	814.939636	64929.714844
2008	12	0.000000	-3.297079	3.297079	3.297079	-0.000001	-0.000001	0.000000	12.753753	-0.759667	0.000000	63386.855469	814.766785	64929.585938
2008	12	0.000000	-3.522557	3.522557	3.522557	-0.000001	-0.000001	0.000000	14.523460	-0.641852	0.000000	63386.855469	814.573486	64929.437500
2008	12	0.000000	-3.945974	3.945974	3.945974	-0.000001	-0.000001	0.000000	11.508541	-2.440428	0.000000	63386.855469	814.368347	64929.277344
2008	12	0.000000	-2.810965	2.810965	2.810965	-0.000001	-0.000001	0.000000	18.769304	-1.279983	0.000000	63386.855469	814.187012	64929.140625
2008	12	0.000000	-2.023736	2.023736	2.023736	-0.000001	-0.000001	0.000000	6.867353	-0.379720	0.000000	63386.855469	814.032349	64929.027344
2008	12	0.000000	-1.557506	1.557506	1.557506	-0.000001	-0.000001	0.000000	17.884386	0.148038	0.000000	63386.855469	813.902771	64928.945312
2008	12	0.000000	-3.328647	3.328647	3.328647	-0.000001	-0.000001	0.000000	7.866061	-1.242706	0.000000	63386.855469	813.750793	64928.835938
2008	12	0.000000	-2.458224	2.458224	2.458224	-0.000001	-0.000001	0.000000	17.893145	-0.543599	0.000000	63386.855469	813.583862	64928.714844
2008	12	0.000000	-2.624489	2.624489	2.624489	-0.000001	-0.000001	0.000000	20.172144	-0.440920	0.000000	63386.855469	813.431824	64928.605469
2008	12	0.000000	-2.623150	2.623150	2.623150	-0.000001	-0.000001	0.000000	15.330512	-1.286701	0.000000	63386.855469	813.275085	64928.496094
2008	12	0.000000	-2.670369	2.670369	2.670369	-0.000001	-0.000001	0.000000	5.942928	-1.365655	0.000000	63386.855469	813.128967	64928.394531
2008	12	0.000000	-4.615337	4.615337	4.615337	-0.000002	-0.000002	0.000000	-0.117641	-4.395569	0.000000	63386.855469	812.932739	64928.242188
2008	12	0.000000	-3.706480	3.706480	3.706480	-0.000001	-0.000001	0.000000	2.273624	-2.630234	0.000000	63386.855469	812.734375	64928.085938
2008	12	0.000000	-3.371661	3.371661	3.371661	-0.000001	-0.000001	0.000000	-0.883058	-3.106976	0.000000	63386.855469	812.546326	64927.945312
2008	12	0.000000	-1.814676	1.814676	1.814676	-0.000001	-0.000001	0.000000	13.621316	-0.370108	0.000000	63386.855469	812.400146	64927.843750
2008	12	0.000000	-3.519464	3.519464	3.519464	-0.000001	-0.000001	0.000000	7.327495	-1.802438	0.000000	63386.855469	812.254211	64927.742188
2008	12	0.000000	-4.322638	4.322638	4.322638	-0.000002	-0.000002	0.000000	3.541947	-3.825864	0.000000	63386.855469	812.058411	64927.589844
2008	12	0.000000	-4.469880	4.469880	4.469880	-0.000002	-0.000002	0.000000	0.639781	-4.071977	0.000000	63386.855469	811.849060	64927.425781
2008	12	0.000000	-4.691372	4.691372	4.691372	-0.000002	-0.000002	0.000000	-0.391108	-3.596015	0.000000	63386.855469	811.640442	64927.261719
2008	12	0.000000	-4.637784	4.637784	4.637784	-0.000002	-0.000002	0.000000	-1.897251	-1.931611	0.000000	63386.855469	811.425049	64927.089844
2008	12	0.000000	-3.864764	3.864764	3.864764	-0.000001	-0.000001	0.000000	4.237476	-2.531180	0.000000	63386.855469	811.222778	64926.933594
2008	12	0.000000	-2.759060	2.759060	2.759060	-0.000001	-0.000001	0.000000	6.725135	-1.379110	0.000000	63386.855469	811.056946	64926.808594
2008	12	0.000000	-1.997907	1.997907	1.997907	-0.000001	-0.000001	0.000000	2.033304	-0.476716	0.000000	63386.855469	810.922363	64926.718750
2008	12	0.000000	-2.034003	2.034003	2.034003	-0.000001	-0.000001	0.000000	21.088181	0.114420	0.000000	63386.855469	810.795044	64926.636719
2008	12	0.000000	-2.433947	2.433947	2.433947	-0.000001	-0.000001	0.000000	5.484585	-0.950502	0.000000	63386.855469	810.662231	64926.550781
2009	01	0.000000	-2.386945	2.386945	2.386945	-0.000001	-0.000001	0.000000	-7.239771	-1.712582	0.000000	63386.855469	810.526550	64926.457031
2009	01	0.000000	-2.788916	2.788916	2.788916	-0.000001	-0.000001	0.000000	-9.552745	-1.477952	0.000000	63386.855469	810.383667	64926.359375
2009	01	0.000000	-2.917928	2.917928	2.917928	-0.000001	-0.000001	0.000000	-5.994150	-0.942871	0.000000	63386.855469	810.232910	64926.253906
2009	01	0.000000	-3.482855	3.482855	3.482855	-0.000001	-0.000001	0.000000	-9.023613	-2.924135	0.000000	63386.855469	810.070190	64926.132812
2009	01	0.000000	-2.663941	2.663941	2.663941	-0.000001	-0.000001	0.000000	-10.805953	-1.400627	0.000000	63386.855469	809.909119	64926.019531
2009	01	0.000000	-2.493358	2.493358	2.493358	-0.000001	-0.000001	0.000000	-13.975023	-1.113694	0.000000	63386.855469	809.775024	64925.929688
2009	01	0.000000	-2.492422	2.492422	2.492422	-0.000001	-0.000001	0.000000	-11.188046	-1.065415	0.000000	63386.855469	809.637878	64925.835938
2009	01	0.000000	-2.266705	2.266705	2.266705	-0.000001	-0.000001	0.000000	-9.980409	-0.976431	0.000000	63386.855469	809.505493	64925.746094
2009	01	0.000000	-2.175094	2.175094	2.175094	-0.000001	-0.000001	0.000000	-11.736996	-0.874342	0.000000	63386.855469	809.373291	64925.660156
2009	01	0.000000	-2.211095	2.211095	2.211095	-0.000001	-0.000001	0.000000	-8.040909	-0.818401	0.000000	63386.855469	809.249207	64925.578125
2009	01	0.000000	-2.037995	2.037995	2.037995	-0.000001	-0.000001	0.000000	-4.844584	-0.725040	0.000000	63386.855469	809.125366	64925.500000
2009	01	0.000000	-2.087365	2.087365	2.087365	-0.000001	-0.000001	0.000000	-9.059203	-1.164084	0.000000	63386.855469	809.001404	64925.421875
2009	01	0.000000	-2.055057	2.055057	2.055057	-0.000001	-0.000001	0.000000	-12.605534	-1.212019	0.000000	63386.855469	808.883423	64925.347656
2009	01	0.000000	-2.744235	2.744235	2.744235	-0.000001	-0.000001	0.000000	-5.060064	-1.754289	0.000000	63386.855469	808.749390	64925.257812
2009	01	0.000000	-1.959311	1.959311	1.959311	-0.000001	-0.000001	0.000000	-6.585610	-0.577484	0.000000	63386.855469	808.618652	64925.171875
2009	01	0.000000	-1.829407	1.829407	1.829407	-0.000001	-0.000001	0.000000	-5.468714	-0.354082	0.000000	63386.855469	808.505798	64925.101562
2009	01	0.000000	-2.375047	2.375047	2.375047	-0.000001	-0.000001	0.000000	-3.670199	-1.200274	0.000000	63386.855469	808.386475	64925.027344
2009	01	0.000000	-2.534374	2.534374	2.534374	-0.000001	-0.000001	0.000000	-5.496800	-1.273977	0.000000	63386.855469	808.252258	64924.937500
2009	01	0.000000	-2.721962	2.721962	2.721962	-0.000001	-0.000001	0.000000	-3.347187	-0.672512	0.000000	63386.855469	808.113953	64924.843750
2009	01	0.000000	-2.303181	2.303181	2.303181	-0.000001	-0.000001	0.000000	-6.285793	-0.989258	0.000000	63386.855469	807.978516	64924.753906
2009	01	0.000000	-1.862742	1.862742	1.862742	-0.000001	-0.000001	0.000000	-7.764167	-0.452738	0.000000	63386.855469	807.862366	64924.679688
2009	01	0.000000	-1.593673	1.593673	1.593673	-0.000001	-0.000001	0.000000	2.116665	-0.416626	0.000000	63386.855469	807.751892	64924.613281
2009	01	0.000000	-1.988532	1.988532	1.988532	-0.000001	-0.000001	0.000000	0.265992	-0.656124	0.000000	63386.855469	807.649475	64924.554688
2009	01	0.000000	-2.386297	2.386297	2.386297	-0.000001	-0.000001	0.000000	-6.334924	-1.896374	0.000000	63386.855469	807.520569	64924.472656
2009	01	0.000000	-1.869957	1.869957	1.869957	-0.000001	-0.000001	0.000000	-7.660991	-0.518023	0.000000	63386.855469	807.403564	64924.398438
2009	01	0.000000	-2.711919	2.711919	2.711919	-0.000001	-0.000001	0.000000	-8.807149	-1.210166	0.000000	63386.855469	807.279541	64924.320312
2009	01	0.000000	-2.035183	2.035183	2.035183	-0.000001	-0.000001	0.000000	-5.335688	-0.462667	0.000000	63386.855469	807.148865	64924.230469
2009	01	0.000000	-1.861143	1.861143	1.861143	-0.000001	-0.000001	0.000000	5.681739	-0.311318	0.000000	63386.855469	807.037964	64924.164062
2009	01	0.000000	-1.973456	1.973456	1.973456	-0.000001	-0.000001	0.000000	-4.810917	-0.456613	0.000000	63386.855469	806.924988	64924.097656
2009	01	0.000000	-1.862121	1.862121	1.862121	-0.000001	-0.000001	0.000000	7.548648	-0.401037	0.000000	63386.855469	806.809998	64924.027344
2009	01	0.000000	-1.873625	1.873625	1.873625	-0.000001	-0.000001	0.000000	2.454013	-0.294288	0.000000	63386.855469	806.704712	64923.964844
2009	02	0.000000	-2.157910	2.157910	2.157910	-0.000001	-0.000001	0.000000	-5.715093	-0.498562	0.000000	63386.855469	806.584717	64923.890625
2009	02	0.000000	-1.808340	1.808340	1.808340	-0.000001	-0.000001	0.000000	-8.974311	-0.544051	0.000000	63386.855469	806.463379	64923.812500
2009	02	0.000000	-2.066310	2.066310	2.066310	-0.000001	-0.000001	0.000000	-7.951960	-1.224417	0.000000	63386.855469	806.345886	64923.738281
2009	02	0.000000	-1.971033	1.971033	1.971033	-0.000001	-0.000001	0.000000	-11.997323	-1.318321	0.000000	63386.855469	806.222778	64923.660156
2009	02	0.000000	-1.428046	1.428046	1.428046	-0.000001	-0.000001	0.000000	1.588297	-0.334734	0.000000	63386.855469	806.115051	64923.597656
2009	02	0.000000	-1.521036	1.521036	1.521036	-0.000001	-0.000001	0.000000	3.960763	-0.500427	0.000000	63386.855469	806.013977	64923.539062
2009	02	0.000000	-1.500190	1.500190	1.500190	-0.000001	-0.000001	0.000000	3.266228	-0.511746	0.000000	63386.855469	805.911865	64923.480469
2009	02	0.000000	-1.287465	1.287465	1.287465	-0.000001	-0.000001	0.000000	0.314560	-0.292759	0.000000	63386.855469	805.811279	64923.425781
2009	02	0.000000	-1.173236	1.173236	1.173236	-0.000000	-0.000000	0.000000	8.481353	-0.229533	0.000000	63386.855469	805.721436	64923.378906
2009	02	0.000000	-1.210870	1.210870	1.210870	-0.000001	-0.000001	0.000000	3.876534	-0.296156	0.000000	63386.855469	805.628296	64923.332031
2009	02	0.000000	-1.011224	1.011224	1.011224	-0.000000	-0.000000	0.000000	14.544129	-0.131645	0.000000	63386.855469	805.541992	64923.289062
2009	02	0.000000	-1.328713	1.328713	1.328713	-0.000001	-0.000001	0.000000	0.389323	-0.310346	0.000000	63386.855469	805.451721	64923.242188
2009	02	0.000000	-1.305204	1.305204	1.305204	-0.000001	-0.000001	0.000000	0.159518	-0.210941	0.000000	63386.855469	805.356750	64923.191406
2009	02	0.000000	-1.567877	1.567877	1.567877	-0.000001	-0.000001	0.000000	0.003288	-0.377218	0.000000	63386.855469	805.257874	64923.136719
2009	02	0.000000	-1.745340	1.745340	1.745340	-0.000001	-0.000001	0.000000	1.459851	-0.345708	0.000000	63386.855469	805.151306	64923.074219
2009	02	0.000000	-1.670934	1.670934	1.670934	-0.000001	-0.000001	0.000000	-0.276675	-0.134891	0.000000	63386.855469	805.040405	64923.007812
2009	02	0.000000	-1.504745	1.504745	1.504745	-0.000001	-0.000001	0.000000	2.999150	-0.303277	0.000000	63386.855469	804.938782	64922.949219
2009	02	0.000000	-1.577685	1.577685	1.577685	-0.000001	-0.000001	0.000000	0.046169	-0.536320	0.000000	63386.855469	804.834351	64922.890625
2009	02	0.000000	-1.120237	1.120237	1.120237	-0.000000	-0.000000	0.000000	13.181051	-0.158451	0.000000	63386.855469	804.740540	64922.839844
2009	02	0.000000	-1.062214	1.062214	1.062214	-0.000000	-0.000000	0.000000	13.569633	-0.228773	0.000000	63386.855469	804.654114	64922.796875
2009	02	0.000000	-1.205137	1.205137	1.205137	-0.000000	-0.000000	0.000000	8.597619	-0.283306	0.000000	63386.855469	804.567261	64922.753906
2009	02	0.000000	-1.331588	1.331588	1.331588	-0.000001	-0.000001	0.000000	2.137600	-0.573183	0.000000	63386.855469	804.473877	64922.707031
2009	02	0.000000	-2.111319	2.111319	2.111319	-0.000001	-0.000001	0.000000	-2.802349	-1.940733	0.000000	63386.855469	804.368408	64922.644531
2009	02	0.000000	-2.277583	2.277583	2.277583	-0.000001	-0.000001	0.000000	-12.743637	-3.716406	0.000000	63386.855469	804.238037	64922.558594
2009	02	0.000000	-1.503196	1.503196	1.503196	-0.000001	-0.000001	0.000000	-8.400358	-0.651646	0.000000	63386.855469	804.125977	64922.488281
2009	02	0.000000	-1.421202	1.421202	1.421202	-0.000001	-0.000001	0.000000	12.792787	-0.135815	0.000000	63386.855469	804.029053	64922.437500
2009	02	0.000000	-1.093081	1.093081	1.093081	-0.000000	-0.000000	0.000000	5.212989	-0.366229	0.000000	63386.855469	803.935913	64922.386719
2009	02	0.000000	-1.208068	1.208068	1.208068	-0.000000	-0.000000	0.000000	-6.617554	-0.345283	0.000000	63386.855469	803.850342	64922.347656
2009	03	0.000000	-1.544222	1.544222	1.544222	-0.000001	-0.000001	0.000000	-3.464956	-0.445641	0.000000	63386.855469	803.759521	64922.300781
2009	03	0.000000	-1.612494	1.612494	1.612494	-0.000001	-0.000001	0.000000	14.393896	-0.422112	0.000000	63386.855469	803.659973	64922.242188
2009	03	0.000000	-1.668417	1.668417	1.668417	-0.000001	-0.000001	0.000000	16.153183	0.029164	0.000000	63386.855469	803.559021	64922.187500
2009	03	0.000000	-1.651545	1.651545	1.651545	-0.000001	-0.000001	0.000000	18.676527	-0.255602	0.000000	63386.855469	803.465210	64922.136719
2009	03	0.000000	-1.963489	1.963489	1.963489	-0.000001	-0.000001	0.000000	3.075884	-0.695334	0.000000	63386.855469	803.356506	64922.074219
2009	03	0.000000	-2.854621	2.854621	2.854621	-0.000001	-0.000001	0.000000	-4.336339	-2.082598	0.000000	63386.855469	803.233032	64921.992188
2009	03	0.000000	-2.693096	2.693096	2.693096	-0.000001	-0.000001	0.000000	-5.763813	-1.788173	0.000000	63386.855469	803.095276	64921.898438
2009	03	0.000000	-2.098657	2.098657	2.098657	-0.000001	-0.000001	0.000000	10.134025	-0.110987	0.000000	63386.855469	802.976746	64921.824219
2009	03	0.000000	-2.278665	2.278665	2.278665	-0.000001	-0.000001	0.000000	9.421671	-0.227743	0.000000	63386.855469	802.857971	64921.750000
2009	03	0.000000	-1.927444	1.927444	1.927444	-0.000001	-0.000001	0.000000	3.075850	-0.400351	0.000000	63386.855469	802.746887	64921.683594
2009	03	0.000000	-1.868032	1.868032	1.868032	-0.000001	-0.000001	0.000000	5.590031	-0.277642	0.000000	63386.855469	802.637512	64921.617188
2009	03	0.000000	-1.816788	1.816788	1.816788	-0.000001	-0.000001	0.000000	12.907327	-0.078533	0.000000	63386.855469	802.536377	64921.558594
2009	03	0.000000	-2.200338	2.200338	2.200338	-0.000001	-0.000001	0.000000	-2.767807	-1.096616	0.000000	63386.855469	802.422424	64921.488281
2009	03	0.000000	-2.517621	2.517621	2.517621	-0.000001	-0.000001	0.000000	7.562522	-1.082911	0.000000	63386.855469	802.303589	64921.414062
2009	03	0.000000	-2.149192	2.149192	2.149192	-0.000001	-0.000001	0.000000	1.312213	-0.935744	0.000000	63386.855469	802.178955	64921.335938
2009	03	0.000000	-2.388243	2.388243	2.388243	-0.000001	-0.000001	0.000000	6.858441	-0.663969	0.000000	63386.855469	802.069153	64921.269531
2009	03	0.000000	-2.988417	2.988417	2.988417	-0.000001	-0.000001	0.000000	-2.879989	-2.324498	0.000000	63386.855469	801.932678	64921.175781
2009	03	0.000000	-3.459901	3.459901	3.459901	-0.000001	-0.000001	0.000000	-3.063479	-2.411309	0.000000	63386.855469	801.781982	64921.070312
2009	03	0.000000	-3.007346	3.007346	3.007346	-0.000001	-0.000001	0.000000	3.455705	-0.786631	0.000000	63386.855469	801.635864	64920.968750
2009	03	0.000000	-2.375865	2.375865	2.375865	-0.000001	-0.000001	0.000000	5.097010	-0.559396	0.000000	63386.855469	801.498474	64920.875000
2009	03	0.000000	-2.466080	2.466080	2.466080	-0.000001	-0.000001	0.000000	-1.052333	-1.021272	0.000000	63386.855469	801.377625	64920.796875
2009	03	0.000000	-2.842057	2.842057	2.842057	-0.000001	-0.000001	0.000000	1.843316	-1.360039	0.000000	63386.855469	801.249573	64920.710938
2009	03	0.000000	-3.113844	3.113844	3.113844	-0.000001	-0.000001	0.000000	2.598299	-1.088769	0.000000	63386.855469	801.105103	64920.613281
2009	03	0.000000	-2.795004	2.795004	2.795004	-0.000001	-0.000001	0.000000	-6.091439	-2.097248	0.000000	63386.855469	800.965210	64920.515625
2009	03	0.000000	-2.593189	2.593189	2.593189	-0.000001	-0.000001	0.000000	6.764188	-0.588095	0.000000	63386.855469	800.839478	64920.433594
2009	03	0.000000	-2.634495	2.634495	2.634495	-0.000001	-0.000001	0.000000	3.143384	-0.985241	0.000000	63386.855469	800.705994	64920.343750
2009	03	0.000000	-2.553352	2.553352	2.553352	-0.000001	-0.000001	0.000000	3.391842	-1.313688	0.000000	63386.855469	800.580505	64920.261719
2009	03	0.000000	-3.467086	3.467086	3.467086	-0.000001	-0.000001	0.000000	-3.806467	-4.154999	0.000000	63386.855469	800.435059	64920.160156
2009	03	0.000000	-3.010888	3.010888	3.010888	-0.000001	-0.000001	0.000000	2.538065	-2.977429	0.000000	63386.855469	800.288391	64920.058594
2009	03	0.000000	-2.575023	2.575023	2.575023	-0.000001	-0.000001	0.000000	-0.686106	-2.187721	0.000000	63386.855469	800.150269	64919.964844
2009	03	0.000000	-2.969134	2.969134	2.969134	-0.000001	-0.000001	0.000000	4.122395	-1.671219	0.000000	63386.855469	800.022034	64919.878906
2009	04	0.000000	-2.747141	2.747141	2.747141	-0.000001	-0.000001	0.000000	-0.504048	-1.409963	0.000000	63386.855469	799.881470	64919.785156
2009	04	0.000000	-3.374338	3.374338	3.374338	-0.000001	-0.000001	0.000000	-17.383093	-4.674413	0.000000	63386.855469	799.733826	64919.679688
2009	04	0.000000	-2.974995	2.974995	2.974995	-0.000001	-0.000001	0.000000	-12.696712	-3.576135	0.000000	63386.855469	799.580322	64919.570312
2009	04	0.000000	-2.145217	2.145217	2.145217	-0.000001	-0.000001	0.000000	3.115514	-0.669660	0.000000	63386.855469	799.455322	64919.488281
2009	04	0.000000	-2.046892	2.046892	2.046892	-0.000001	-0.000001	0.000000	3.685093	-0.670496	0.000000	63386.855469	799.341125	64919.417969
2009	04	0.000000	-2.638883	2.638883	2.638883	-0.000001	-0.000001	0.000000	-14.474418	-2.373065	0.000000	63386.855469	799.218140	64919.339844
2009	04	0.000000	-2.867067	2.867067	2.867067	-0.000001	-0.000001	0.000000	-18.191977	-4.548805	0.000000	63386.855469	799.080688	64919.246094
2009	04	0.000000	-2.570179	2.570179	2.570179	-0.000001	-0.000001	0.000000	-7.144988	-2.194571	0.000000	63386.855469	798.945801	64919.152344
2009	04	0.000000	-2.958978	2.958978	2.958978	-0.000001	-0.000001	0.000000	-11.081985	-2.815074	0.000000	63386.855469	798.812927	64919.066406
2009	04	0.000000	-3.133460	3.133460	3.133460	-0.000001	-0.000001	0.000000	-7.134892	-2.503690	0.000000	63386.855469	798.660217	64918.957031
2009	04	0.000000	-2.366798	2.366798	2.366798	-0.000001	-0.000001	0.000000	2.843142	-0.741872	0.000000	63386.855469	798.528198	64918.867188
2009	04	0.000000	-2.306096	2.306096	2.306096	-0.000001	-0.000001	0.000000	3.324766	-0.773715	0.000000	63386.855469	798.407837	64918.792969
2009	04	0.000000	-2.689022	2.689022	2.689022	-0.000001	-0.000001	0.000000	1.842507	-0.952706	0.000000	63386.855469	798.280396	64918.707031
2009	04	0.000000	-2.849295	2.849295	2.849295	-0.000001	-0.000001	0.000000	-3.289389	-1.215985	0.000000	63386.855469	798.141479	64918.613281
2009	04	0.000000	-2.902522	2.902522	2.902522	-0.000001	-0.000001	0.000000	-7.955862	-1.169778	0.000000	63386.855469	798.005676	64918.519531
2009	04	0.000000	-3.504401	3.504401	3.504401	-0.000001	-0.000001	0.000000	-6.269878	-1.837130	0.000000	63386.855469	797.851990	64918.410156
2009	04	0.000000	-2.882556	2.882556	2.882556	-0.000001	-0.000001	0.000000	-5.465184	-1.747774	0.000000	63386.855469	797.699707	64918.300781
2009	04	0.000000	-3.399609	3.399609	3.399609	-0.000001	-0.000001	0.000000	-11.585271	-3.953041	0.000000	63386.855469	797.556396	64918.203125
2009	04	0.000000	-3.973232	3.973232	3.973232	-0.000002	-0.000002	0.000000	-11.136832	-4.555424	0.000000	63386.855469	797.383606	64918.074219
2009	04	0.000000	-2.873725	2.873725	2.873725	-0.000001	-0.000001	0.000000	-5.873373	-1.729850	0.000000	63386.855469	797.227661	64917.960938
2009	04	0.000000	-2.860455	2.860455	2.860455	-0.000001	-0.000001	0.000000	-2.951700	-1.119590	0.000000	63386.855469	797.086365	64917.863281
2009	04	0.000000	-2.553436	2.553436	2.553436	-0.000001	-0.000001	0.000000	-1.640232	-0.681274	0.000000	63386.855469	796.956421	64917.777344
2009	04	0.000000	-3.668866	3.668866	3.668866	-0.000001	-0.000001	0.000000	-7.822682	-2.912470	0.000000	63386.855469	796.808716	64917.671875
2009	04	0.000000	-3.200706	3.200706	3.200706	-0.000001	-0.000001	0.000000	-8.795797	-1.976550	0.000000	63386.855469	796.644836	64917.550781
2009	04	0.000000	-3.623753	3.623753	3.623753	-0.000001	-0.000001	0.000000	-9.795801	-5.432063	0.000000	63386.855469	796.495361	64917.445312
2009	04	0.000000	-3.705629	3.705629	3.705629	-0.000001	-0.000001	0.000000	-11.876359	-5.652424	0.000000	63386.855469	796.327332	64917.324219
2009	04	0.000000	-2.799435	2.799435	2.799435	-0.000001	-0.000001	0.000000	-8.046424	-2.270965	0.000000	63386.855469	796.170776	64917.210938
2009	04	0.000000	-3.351758	3.351758	3.351758	-0.000001	-0.000001	0.000000	-8.036407	-3.001897	0.000000	63386.855469	796.030945	64917.113281
2009	04	0.000000	-3.644314	3.644314	3.644314	-0.000001	-0.000001	0.000000	-4.759873	-1.421947	0.000000	63386.855469	795.866516	64916.992188
2009	04	0.000000	-3.106987	3.106987	3.106987	-0.000001	-0.000001	0.000000	2.467828	0.570594	0.000000	63386.855469	795.709961	64916.878906
2009	05	0.000000	-3.238312	3.238312	3.238312	-0.000001	-0.000001	0.000000	-0.890027	-0.444533	0.000000	63386.855469	795.565063	64916.777344
2009	05	0.000000	-4.013730	4.013730	4.013730	-0.000001	-0.000001	0.000000	-5.317844	-0.649354	0.000000	63386.855469	795.400574	64916.656250
2009	05	0.000000	-3.969783	3.969783	3.969783	-0.000001	-0.000001	0.000000	-6.100347	-2.186672	0.000000	63386.855469	795.232483	64916.531250
2009	05	0.000000	-4.271970	4.271970	4.271970	-0.000002	-0.000002	0.000000	-2.059188	0.309505	0.000000	63386.855469	795.053406	64916.398438
2009	05	0.000000	-3.775866	3.775866	3.775866	-0.000001	-0.000001	0.000000	-4.041990	0.596604	0.000000	63386.855469	794.876282	64916.265625
2009	05	0.000000	-3.919870	3.919870	3.919870	-0.000001	-0.000001	0.000000	-10.095525	-2.405801	0.000000	63386.855469	794.712463	64916.144531
2009	05	0.000000	-3.638855	3.638855	3.638855	-0.000001	-0.000001	0.000000	-4.298750	-0.243202	0.000000	63386.855469	794.546204	64916.019531
2009	05	0.000000	-3.834192	3.834192	3.834192	-0.000001	-0.000001	0.000000	-3.380256	-0.250520	0.000000	63386.855469	794.383423	64915.902344
2009	05	0.000000	-3.654187	3.654187	3.654187	-0.000001	-0.000001	0.000000	-2.278411	1.158617	0.000000	63386.855469	794.218445	64915.781250
2009	05	0.000000	-4.219414	4.219414	4.219414	-0.000002	-0.000002	0.000000	-7.095836	-1.177856	0.000000	63386.855469	794.050781	64915.656250
2009	05	0.000000	-4.633573	4.633573	4.633573	-0.000002	-0.000002	0.000000	-4.810449	6.275455	0.000000	63386.855469	793.865479	64915.515625
2009	05	0.000000	-4.633742	4.633742	4.633742	-0.000002	-0.000002	0.000000	-4.131217	2.390419	0.000000	63386.855469	793.672974	64915.363281
2009	05	0.000000	-4.571949	4.571949	4.571949	-0.000002	-0.000002	0.000000	-6.521163	-0.544573	0.000000	63386.855469	793.478821	64915.214844
2009	05	0.000000	-3.652386	3.652386	3.652386	-0.000001	-0.000001	0.000000	2.702833	1.326228	0.000000	63386.855469	793.301453	64915.082031
2009	05	0.000000	-3.719732	3.719732	3.719732	-0.000001	-0.000001	0.000000	1.445094	1.116022	0.000000	63386.855469	793.140320	64914.964844
2009	05	0.000000	-4.166079	4.166079	4.166079	-0.000002	-0.000002	0.000000	-5.190229	-0.632777	0.000000	63386.855469	792.970032	64914.835938
2009	05	0.000000	-4.863209	4.863209	4.863209	-0.000002	-0.000002	0.000000	-0.280207	3.976667	0.000000	63386.855469	792.782776	64914.691406
2009	05	0.000000	-4.591445	4.591445	4.591445	-0.000002	-0.000002	0.000000	-1.088111	3.598921	0.000000	63386.855469	792.587646	64914.539062
2009	05	0.000000	-4.585893	4.585893	4.585893	-0.000002	-0.000002	0.000000	-0.556604	3.578125	0.000000	63386.855469	792.395874	64914.390625
2009	05	0.000000	-4.349000	4.349000	4.349000	-0.000002	-0.000002	0.000000	1.405025	5.110367	0.000000	63386.855469	792.207764	64914.246094
2009	05	0.000000	-3.933858	3.933858	3.933858	-0.000001	-0.000001	0.000000	5.130960	6.900622	0.000000	63386.855469	792.032288	64914.117188
2009	05	0.000000	-4.083201	4.083201	4.083201	-0.000002	-0.000002	0.000000	3.535482	7.020790	0.000000	63386.855469	791.858765	64913.984375
2009	05	0.000000	-4.703367	4.703367	4.703367	-0.000002	-0.000002	0.000000	2.706775	6.882794	0.000000	63386.855469	791.675415	64913.843750
2009	05	0.000000	-4.630826	4.630826	4.630826	-0.000002	-0.000002	0.000000	-1.122869	5.111668	0.000000	63386.855469	791.481750	64913.695312
2009	05	0.000000	-4.360333	4.360333	4.360333	-0.000002	-0.000002	0.000000	-2.993481	8.530321	0.000000	63386.855469	791.292786	64913.550781
2009	05	0.000000	-3.811618	3.811618	3.811618	-0.000001	-0.000001	0.000000	-6.985997	2.630813	0.000000	63386.855469	791.115723	64913.414062
2009	05	0.000000	-3.506702	3.506702	3.506702	-0.000001	-0.000001	0.000000	3.087272	3.277213	0.000000	63386.855469	790.956116	64913.300781
2009	05	0.000000	-4.326740	4.326740	4.326740	-0.000002	-0.000002	0.000000	-0.825816	6.943447	0.000000	63386.855469	790.788147	64913.175781
2009	05	0.000000	-4.001000	4.001000	4.001000	-0.000001	-0.000001	0.000000	3.873667	5.215881	0.000000	63386.855469	790.609680	64913.039062
2009	05	0.000000	-3.781193	3.781193	3.781193	-0.000001	-0.000001	0.000000	7.762308	5.176029	0.000000	63386.855469	790.440735	64912.914062
2009	05	0.000000	-3.846708	3.846708	3.846708	-0.000001	-0.000001	0.000000	10.235587	6.908572	0.000000	63386.855469	790.276062	64912.792969
2009	06	0.000000	-4.197617	4.197617	4.197617	-0.000002	-0.000002	0.000000	-5.580075	2.453489	0.000000	63386.855469	790.100952	64912.660156
2009	06	0.000000	-4.455731	6.232174	6.232174	-0.000002	-0.000002	1.776443	-17.999294	-7.366050	0.000000	63386.882812	789.913208	64912.496094
2009	06	0.000000	-4.190317	6.482279	6.482279	-0.000003	-0.000003	2.291962	-4.614752	-1.422576	0.000000	63386.992188	789.725464	64912.265625
2009	06	0.000000	-4.323946	7.185695	7.185695	-0.000003	-0.000003	2.861749	-3.598248	-0.359738	0.000000	63387.089844	789.541199	64912.046875
2009	06	0.000000	-4.210888	7.296947	7.296947	-0.000003	-0.000003	3.086060	-2.075538	0.774062	0.000000	63387.222656	789.356812	64911.800781
2009	06	0.000000	-4.199812	7.729196	7.729196	-0.000003	-0.000003	3.529384	-6.014745	-2.301401	0.000000	63387.363281	789.172729	64911.550781
2009	06	0.000000	-3.822799	6.796285	6.796285	-0.000003	-0.000003	2.973486	0.309920	1.340482	0.000000	63387.496094	788.994751	64911.304688
2009	06	0.000000	-4.337338	7.521875	7.521875	-0.000003	-0.000003	3.184537	-11.509307	-4.510222	0.000000	63387.613281	788.818787	64911.078125
2009	06	0.000000	-4.262148	8.176746	8.176746	-0.000003	-0.000003	3.914599	-5.116878	0.880371	0.000000	63387.761719	788.630859	64910.808594
2009	06	0.000000	-4.284549	8.954057	8.954057	-0.000003	-0.000003	4.669509	-1.745442	8.373620	0.000000	63387.937500	788.445129	64910.523438
2009	06	0.000000	-4.837276	28.782053	28.782053	-0.000011	-0.000011	23.944777	-9.332760	2.587286	0.000000	63388.425781	788.252502	64909.957031
2009	06	0.000000	-6.526680	70.091942	70.091942	-0.000027	-0.000027	63.565258	10.141384	23.728518	0.000000	63390.144531	788.016113	64908.242188
2009	06	0.000000	-5.577438	77.262589	77.262589	-0.000030	-0.000030	71.685150	28.460732	16.871326	0.000000	63392.574219	787.772949	64905.683594
2009	06	0.000000	-5.243117	29.065256	29.065256	-0.000011	-0.000011	23.822140	82.713371	45.499111	0.000000	63394.066406	787.548584	64903.906250
2009	06	0.000000	-5.887229	22.543964	22.543964	-0.000009	-0.000009	16.656734	60.313480	38.236622	0.000000	63394.554688	787.324890	64903.152344
2009	06	0.000000	-6.882000	26.326464	26.326464	-0.000010	-0.000010	19.444464	18.667162	29.566198	0.000000	63395.035156	787.061646	64902.335938
2009	06	0.000000	-5.499634	53.181564	53.181564	-0.000021	-0.000021	47.681934	23.594854	37.863029	0.000000	63395.832031	786.807007	64901.039062
2009	06	0.000000	-5.275476	54.226994	54.226994	-0.000021	-0.000021	48.951519	13.050471	20.359339	0.000000	63397.039062	786.595581	64899.070312
2009	06	2.106332	-3.258152	26.367970	24.261637	-0.000009	-0.000009	21.003487	2.013826	14.222168	5845.562988	63397.605469	786.399353	64897.898438
2009	06	11.252080	3.463334	30.129089	18.877008	-0.000007	-0.000007	22.340343	85.501801	36.809029	31227.148438	63397.953125	786.367432	64897.171875
2009	06	21.405031	10.092914	35.487953	14.082921	-0.000005	-0.000005	24.175835	25.254906	47.097992	59403.964844	63398.285156	786.555847	64896.632812
2009	06	19.569544	8.936248	31.952591	12.383046	-0.000005	-0.000005	21.319294	-4.173614	21.826036	54310.062500	63398.597656	786.874695	64896.238281
2009	06	21.916990	11.050057	30.032179	8.115190	-0.000003	-0.000003	19.165247	2.204152	12.697490	60824.765625	63398.863281	787.125305	64895.871094
2009	06	43.292656	27.119850	37.503754	-5.788901	0.000002	0.000002	21.330950	19.882231	19.299629	120147.250000	63399.117188	787.722717	64895.835938
2009	06	56.414337	36.775284	43.325405	-13.088932	0.000005	0.000005	23.686348	40.689304	35.538807	156562.968750	63399.382812	788.802490	64896.199219
2009	06	74.961472	49.729145	60.781155	-14.180315	0.000005	0.000005	35.548828	43.075916	59.838795	208035.609375	63399.707031	790.140930	64896.632812
2009	06	85.696228	57.746857	79.832542	-5.863690	0.000002	0.000002	51.883167	45.045910	67.225502	237827.062500	63400.203125	791.884155	64896.906250
2009	06	86.635735	55.067684	91.781654	5.145921	-0.000002	-0.000002	60.213604	-22.563038	81.221649	240434.406250	63400.765625	793.658936	64896.812500
2009	06	106.447021	71.649025	95.462944	-10.984079	0.000004	0.000004	60.664944	9.653767	73.016174	295415.375000	63401.261719	795.708191	64896.878906
2009	06	110.264961	73.422432	97.690292	-12.574672	0.000005	0.000005	60.847763	-44.448311	81.425392	306011.062500	63401.699219	798.205933	64897.410156
2009	07	118.206825	82.525818	93.026566	-25.180256	0.000009	0.000009	57.345562	10.707051	58.327568	317469.250000	63402.070312	800.919861	64898.230469
2009	07	109.792252	76.962685	83.902534	-25.889717	0.000010	0.000010	51.072964	77.420471	50.759140	294870.156250	63402.359375	803.371521	64898.988281
2009	07	130.176895	92.690826	87.805717	-42.371178	0.000016	0.000016	50.319649	83.702385	55.739182	349617.406250	63402.578125	806.044556	64900.085938
2009	07	146.961349	104.777504	94.576897	-52.384449	0.000020	0.000020	52.393047	79.487457	64.744316	394695.593750	63402.761719	809.180603	64901.597656
2009	07	151.303223	107.168427	97.164520	-54.138687	0.000020	0.000020	53.029736	73.058472	74.561142	406356.593750	63402.917969	812.568542	64903.320312
2009	07	134.244583	95.018433	85.950714	-48.293880	0.000018	0.000018	46.724560	98.929123	57.957207	360542.031250	63403.035156	815.846436	64905.046875
2009	07	149.070770	106.414787	88.496071	-60.574711	0.000023	0.000023	45.840080	94.312584	68.467674	400360.906250	63403.125000	819.092468	64906.847656
2009	07	143.390198	101.967918	85.216164	-58.174023	0.000022	0.000022	43.793892	104.466965	60.878872	385104.468750	63403.195312	822.392395	64908.746094
2009	07	153.608871	109.802383	86.903618	-66.705254	0.000025	0.000025	43.097126	93.837341	64.040924	412548.875000	63403.246094	825.794189	64910.796875
2009	07	155.154266	110.225342	87.944283	-67.209991	0.000025	0.000025	43.015347	74.695229	68.152992	416699.375000	63403.289062	829.339355	64913.000000
2009	07	169.132614	121.490578	89.909035	-79.223595	0.000030	0.000030	42.266987	69.923798	60.900917	454241.218750	63403.312500	832.979553	64915.312500
2009	07	181.045959	129.187561	96.027458	-85.018486	0.000032	0.000032	44.169075	35.112408	58.844242	486236.968750	63403.332031	837.004395	64917.992188
2009	07	182.251190	130.567017	94.328766	-87.922424	0.000033	0.000033	42.644588	34.885628	75.018143	489473.875000	63403.335938	841.213135	64920.839844
2009	07	150.206924	105.770706	83.330696	-66.876213	0.000025	0.000025	38.894489	85.849846	73.187149	403412.250000	63403.328125	844.955872	64923.308594
2009	07	140.020737	98.314728	77.389595	-62.631145	0.000023	0.000023	35.683582	98.615318	59.084023	376055.125000	63403.308594	848.066833	64925.277344
2009	07	171.192886	122.198547	85.999176	-85.193703	0.000032	0.000032	37.004845	62.615902	54.079079	459774.500000	63403.285156	851.578369	64927.671875
2009	07	160.948349	110.631477	89.956726	-70.991615	0.000027	0.000027	39.639862	28.669245	71.854156	432260.593750	63403.253906	855.348389	64930.234375
2009	07	176.786835	124.356567	90.283997	-86.502838	0.000032	0.000032	37.853733	41.114807	58.554920	474798.187500	63403.210938	859.048645	64932.753906
2009	07	190.470123	134.144180	94.935806	-95.534317	0.000036	0.000036	38.609863	14.758016	71.303825	511547.531250	63403.164062	863.218384	64935.726562
2009	07	173.820908	122.586327	86.538429	-87.282478	0.000033	0.000033	35.303844	42.959946	85.445953	466832.593750	63403.101562	867.467346	64938.816406
2009	07	150.154343	104.982155	76.888748	-73.265587	0.000027	0.000027	31.716560	89.440163	58.080372	403271.062500	63403.039062	870.986938	64941.316406
2009	07	152.141159	106.677826	75.738197	-76.402962	0.000029	0.000029	30.274868	94.134628	44.455917	408607.031250	63402.976562	874.318054	64943.703125
2009	07	160.215775	112.781532	76.966347	-83.249420	0.000031	0.000031	29.532106	74.344048	39.793049	430293.125000	63402.906250	877.785034	64946.257812
2009	07	173.722382	121.209717	82.884476	-90.837898	0.000034	0.000034	30.371820	66.923370	46.627861	466567.906250	63402.832031	881.439026	64948.988281
2009	07	170.306274	115.273636	85.557152	-84.749130	0.000032	0.000032	30.524504	41.780197	45.280643	457393.343750	63402.753906	885.130249	64951.746094
2009	07	155.781464	104.037437	80.786057	-74.995407	0.000028	0.000028	29.042034	47.618034	36.424721	418383.875000	63402.667969	888.628174	64954.335938
2009	07	163.684052	108.168945	84.720848	-78.963203	0.000029	0.000029	29.205750	62.022491	41.828983	439607.937500	63402.578125	891.903748	64956.718750
2009	07	126.838341	77.222389	76.847809	-49.990532	0.000019	0.000019	27.231853	55.931770	43.998318	340651.031250	63402.429688	895.064941	64959.015625
2009	07	120.375595	79.664635	68.333710	-52.041885	0.000019	0.000019	27.622749	27.773748	47.132275	323293.968750	63402.234375	897.659058	64960.792969
2009	07	125.292114	82.800667	69.769394	-55.522724	0.000021	0.000021	27.277935	73.587929	46.183308	336498.312500	63402.039062	900.297058	64962.593750
2009	07	117.077354	75.843636	67.962448	-49.114910	0.000018	0.000018	26.728729	56.293594	38.249561	314435.843750	63401.843750	902.843079	64964.316406
2009	08	131.109512	85.515038	72.624359	-58.485157	0.000022	0.000022	27.029882	52.981083	44.171707	352122.156250	63401.648438	905.439392	64966.093750
2009	08	129.436783	83.149834	72.817703	-56.619076	0.000021	0.000021	26.530752	35.949955	39.551609	347629.656250	63401.433594	908.303589	64968.144531
2009	08	104.232368	64.250710	64.696564	-39.535805	0.000015	0.000015	24.714903	54.543419	28.813683	279937.906250	63401.242188	910.617310	64969.683594
2009	08	109.714027	68.221367	66.062141	-43.651890	0.000016	0.000016	24.569475	56.663895	29.062435	294660.062500	63401.058594	912.673767	64971.000000
2009	08	122.405312	76.047516	71.225632	-51.179676	0.000019	0.000019	24.867836	37.594631	28.473225	328745.187500	63400.867188	915.012207	64972.589844
2009	08	116.885826	68.040825	74.408493	-42.477333	0.000016	0.000016	25.563496	39.522579	30.397854	313921.437500	63400.667969	917.250793	64974.058594
2009	08	118.850784	72.391159	70.200523	-48.650261	0.000018	0.000018	23.740904	22.996433	25.399469	319198.750000	63400.464844	919.736206	64975.800781
2009	08	101.099449	60.119965	63.132965	-37.966484	0.000014	0.000014	22.153482	23.169331	14.719398	271523.812500	63400.281250	921.736328	64977.121094
2009	08	108.440430	57.373680	74.928894	-33.511539	0.000013	0.000013	23.862135	-11.836553	30.816742	291239.562500	63400.093750	923.697205	64978.390625
2009	08	85.947426	46.531612	62.455780	-23.491655	0.000009	0.000009	23.039955	-17.705191	43.367317	230829.890625	63399.917969	925.649536	64979.632812
2009	08	77.183128	41.242249	59.756657	-17.426474	0.000007	0.000007	23.815775	20.857718	28.981134	207291.515625	63399.777344	926.742920	64980.015625
2009	08	103.270828	59.690083	67.764526	-35.506313	0.000013	0.000013	24.183769	30.963970	40.371338	277355.531250	63399.605469	928.514404	64981.062500
2009	08	112.207771	63.830780	72.542603	-39.665173	0.000015	0.000015	24.165607	29.047102	35.280743	301357.562500	63399.406250	930.521729	64982.343750
2009	08	107.007759	56.339836	74.910362	-32.097393	0.000012	0.000012	24.242439	25.631985	31.803064	287391.812500	63399.207031	932.381348	64983.468750
2009	08	99.627213	47.538460	76.365883	-23.261324	0.000009	0.000009	24.277136	18.842358	31.561144	267569.812500	63399.007812	934.078857	64984.437500
2009	08	83.227692	38.397694	67.140396	-16.087303	0.000006	0.000006	22.310389	10.506268	29.957905	223525.484375	63398.812500	935.748840	64985.402344
2009	08	64.623154	30.092121	54.844734	-9.778419	0.000004	0.000004	20.313702	23.222651	17.967409	173559.062500	63398.656250	936.734192	64985.757812
2009	08	51.693962	21.238569	48.835732	-2.858232	0.000001	0.000001	18.380337	62.190197	14.593074	138835.000000	63398.507812	937.656616	64986.105469
2009	08	57.459400	25.428093	50.661171	-6.798229	0.000003	0.000003	18.629864	60.406128	11.166054	154319.296875	63398.375000	938.348938	64986.261719
2009	08	60.496384	27.970602	49.994747	-10.501639	0.000004	0.000004	17.468964	51.937904	11.011803	162475.750000	63398.226562	939.321228	64986.699219
2009	08	54.056416	21.174540	51.306858	-2.749557	0.000001	0.000001	18.424982	21.177887	13.289531	145179.859375	63398.089844	940.089661	64986.945312
2009	08	57.611111	22.738907	53.899952	-3.711162	0.000001	0.000001	19.027746	2.519548	15.310260	154726.750000	63397.945312	940.845520	64987.148438
2009	08	46.111313	16.517206	47.106918	0.995602	-0.000000	-0.000000	17.512808	22.071472	19.921131	123841.632812	63397.808594	941.533569	64987.289062
2009	08	44.674397	15.677649	46.457943	1.783546	-0.000001	-0.000001	17.461195	49.952305	13.471970	119982.476562	63397.683594	942.010803	64987.257812
2009	08	46.759861	16.996063	47.208508	0.448646	-0.000000	-0.000000	17.444708	47.322704	11.840045	125583.429688	63397.558594	942.574158	64987.312500
2009	08	37.358456	9.743317	44.696121	7.337667	-0.000003	-0.000003	17.080984	14.971648	14.646194	100333.976562	63397.433594	942.983459	64987.218750
2009	08	27.780949	2.484398	42.226780	14.445835	-0.000005	-0.000005	16.930233	17.210131	10.818403	74611.570312	63397.312500	943.167786	64986.906250
2009	08	36.557690	9.536707	43.896893	7.339202	-0.000003	-0.000003	16.875908	27.379978	7.777159	98183.351562	63397.195312	943.402161	64986.640625
2009	08	40.343037	13.557998	42.652145	2.309110	-0.000001	-0.000001	15.867108	53.462124	8.499880	108349.695312	63397.078125	943.845459	64986.597656
2009	08	40.818165	13.317660	43.272278	2.454113	-0.000001	-0.000001	15.771772	37.482521	9.184968	109625.765625	63396.964844	944.297729	64986.601562
2009	08	45.104301	15.813695	45.421833	0.317532	-0.000000	-0.000000	16.131226	34.295280	10.317534	121137.078125	63396.847656	944.769104	64986.609375
2009	09	49.120361	17.526257	48.158039	-0.962322	0.000000	0.000000	16.563936	28.930393	10.780717	136320.484375	63396.718750	945.342102	64986.707031
2009	09	48.987656	17.895475	47.283901	-1.703756	0.000001	0.000001	16.191719	19.973417	8.315517	135952.203125	63396.570312	945.990967	64986.851562
2009	09	31.670265	6.286116	40.555664	8.885400	-0.000003	-0.000003	15.171515	-4.213691	14.332017	87892.390625	63396.437500	946.360840	64986.742188
2009	09	28.848812	4.248349	39.948109	11.099294	-0.000004	-0.000004	15.347643	-0.403371	6.560146	80062.203125	63396.320312	946.480957	64986.417969
2009	09	27.066002	2.734589	39.997822	12.931819	-0.000005	-0.000005	15.666408	11.226339	7.552117	75114.484375	63396.199219	946.636719	64986.105469
2009	09	20.782238	-1.866879	37.845337	17.063099	-0.000007	-0.000007	15.196219	15.021711	7.126655	57675.570312	63396.078125	946.644836	64985.652344
2009	09	26.894756	3.543384	38.210609	11.315853	-0.000004	-0.000004	14.859238	23.541689	3.484168	74639.234375	63395.953125	946.739075	64985.289062
2009	09	29.057472	4.499940	39.721985	10.664516	-0.000004	-0.000004	15.164456	12.097877	3.823431	80641.281250	63395.835938	946.888184	64985.000000
2009	09	33.196518	6.005469	43.604645	10.408127	-0.000004	-0.000004	16.413597	6.557180	6.650089	92128.093750	63395.710938	947.097717	64984.730469
2009	09	32.350838	5.588234	43.639454	11.288614	-0.000004	-0.000004	16.876848	0.216792	16.190380	89781.140625	63395.582031	947.403137	64984.531250
2009	09	18.050455	-3.720353	37.284920	19.234465	-0.000007	-0.000007	15.514112	10.885796	10.462631	50094.238281	63395.453125	947.279663	64983.921875
2009	09	22.062124	0.015706	37.002495	14.940372	-0.000006	-0.000006	14.956078	17.440662	4.817629	61227.554688	63395.324219	947.285828	64983.468750
2009	09	23.422115	0.367326	38.263802	14.841685	-0.000006	-0.000006	15.209013	6.728294	2.640068	65001.847656	63395.199219	947.303528	64983.042969
2009	09	23.311594	-0.570888	40.102596	16.791000	-0.000006	-0.000006	16.220112	-5.176481	0.011269	64695.125000	63395.070312	947.300537	64982.566406
2009	09	28.794857	2.922976	43.038792	14.243934	-0.000005	-0.000005	17.166910	6.878326	4.485226	79912.460938	63394.937500	947.398010	64982.160156
2009	09	28.446018	2.520835	43.330425	14.884407	-0.000006	-0.000006	17.405243	-5.636929	3.306870	78944.351562	63394.800781	947.500122	64981.738281
2009	09	26.790529	1.731580	41.867706	15.077177	-0.000006	-0.000006	16.808758	-7.629738	1.004202	74349.984375	63394.660156	947.615173	64981.328125
2009	09	25.099491	-1.675685	45.206215	20.106720	-0.000008	-0.000008	18.431034	-20.510370	8.066630	69656.960938	63394.519531	947.622192	64980.816406
2009	09	15.949821	-6.495961	41.848236	25.898415	-0.000010	-0.000010	19.402456	-24.217806	11.003684	44264.484375	63394.371094	947.484070	64980.093750
2009	09	11.028643	-8.965173	38.783070	27.754425	-0.000011	-0.000011	18.789253	-2.129083	5.245844	30607.064453	63394.218750	947.238281	64979.257812
2009	09	12.682028	-6.955617	37.413311	24.731283	-0.000010	-0.000010	17.775665	5.792438	0.996443	35195.593750	63394.070312	947.012451	64978.468750
2009	09	11.134937	-8.291788	36.793877	25.658939	-0.000010	-0.000010	17.367153	-8.050816	4.490507	30902.054688	63393.921875	946.766174	64977.695312
2009	09	9.576526	-8.606205	34.112595	24.536070	-0.000009	-0.000009	15.929865	2.172604	2.040855	26577.097656	63393.781250	946.497803	64976.917969
2009	09	8.312675	-9.018458	30.860327	22.547651	-0.000009	-0.000009	13.529193	4.022170	2.476220	23069.621094	63393.648438	946.208557	64976.191406
2009	09	7.703720	-9.347903	28.901043	21.197325	-0.000008	-0.000008	11.849421	3.720038	2.599371	21379.625000	63393.523438	945.909973	64975.523438
2009	09	7.457390	-9.520469	27.915056	20.457668	-0.000008	-0.000008	10.937198	-1.890990	1.077498	20696.000000	63393.406250	945.602295	64974.890625
2009	09	6.721038	-10.329780	27.911629	21.190592	-0.000008	-0.000008	10.860810	-0.421473	2.391391	18652.453125	63393.289062	945.278198	64974.257812
2009	09	5.488617	-11.591176	28.585926	23.097309	-0.000009	-0.000009	11.506132	-2.376773	1.640950	15232.195312	63393.175781	944.938660	64973.597656
2009	09	5.413335	-11.592500	28.885057	23.471725	-0.000009	-0.000009	11.879224	-2.600780	0.864446	15023.270508	63393.058594	944.590210	64972.910156
2009	09	5.028894	-11.636758	28.262831	23.233936	-0.000009	-0.000009	11.597178	-1.336585	0.567012	13956.357422	63392.941406	944.239502	64972.218750
2009	10	5.812576	-11.382520	28.838690	23.026114	-0.000009	-0.000009	11.643594	-1.051427	-1.074488	15610.894531	63392.828125	943.894531	64971.542969
2009	10	0.054837	-16.127605	27.476368	27.421532	-0.000010	-0.000010	11.293926	-0.626379	1.291386	147.275879	63392.714844	943.371826	64970.859375
2009	10	0.000000	-16.040092	29.763742	29.763742	-0.000011	-0.000011	13.723650	-6.526704	-2.631653	0.000000	63392.605469	942.183777	64970.113281
2009	10	0.000000	-14.422462	34.687004	34.687004	-0.000013	-0.000013	20.264544	-10.630579	-3.324715	0.000000	63392.503906	940.249695	64969.250000
2009	10	0.000000	-13.631913	35.527485	35.527485	-0.000013	-0.000013	21.895573	-10.376738	-2.440890	0.000000	63392.406250	937.584839	64968.253906
2009	10	0.059130	-13.447544	34.462818	34.403687	-0.000013	-0.000013	20.956142	-8.689418	-2.318230	158.806839	63392.339844	934.153687	64967.257812
2009	10	0.262171	-12.633979	32.098370	31.836197	-0.000012	-0.000012	19.202217	-6.240008	-1.639872	704.115173	63392.292969	929.945740	64966.300781
2009	10	0.279811	-12.377118	31.695631	31.415819	-0.000012	-0.000012	19.038702	1.864357	1.062830	751.491150	63392.269531	924.978149	64965.375000
2009	10	0.419857	-12.408679	32.280594	31.860737	-0.000012	-0.000012	19.452059	-1.575902	0.749389	1127.614502	63392.277344	919.221985	64964.410156
2009	10	0.423132	-11.716668	27.170174	26.747044	-0.000010	-0.000010	15.030374	-0.166405	0.979544	1136.411255	63392.324219	912.691956	64963.468750
2009	10	0.368113	-11.316766	21.727724	21.359612	-0.000008	-0.000008	10.042845	-3.240935	-0.505126	988.645691	63392.386719	905.392700	64962.714844
2009	10	0.306087	-10.288136	17.927971	17.621883	-0.000007	-0.000007	7.333747	-4.075016	-0.275968	822.062195	63392.445312	897.329590	64962.078125
2009	10	0.206184	-11.396329	19.721636	19.515451	-0.000007	-0.000007	8.119123	-8.458650	-0.909847	553.749451	63392.515625	888.482605	64961.433594
2009	10	0.080335	-10.943186	19.795755	19.715422	-0.000007	-0.000007	8.772234	-10.289021	-3.535741	215.756973	63392.625000	878.832153	64960.707031
2009	10	0.000000	-9.832546	19.534964	19.534964	-0.000007	-0.000007	9.702416	-7.019244	-3.425752	0.000000	63392.761719	868.427307	64959.953125
2009	10	0.000000	-8.732132	19.107965	19.107965	-0.000007	-0.000007	10.375834	-5.267599	-2.207596	0.000000	63392.933594	857.285156	64959.167969
2009	10	0.000000	-9.256429	16.763838	16.763838	-0.000006	-0.000006	7.507410	-10.911490	-4.546452	0.000000	63393.089844	851.454041	64958.398438
2009	10	0.000000	-7.745007	13.780589	13.780589	-0.000005	-0.000005	6.035582	-14.806170	-4.741495	0.000000	63393.164062	850.960022	64957.746094
2009	10	0.000000	-6.900223	12.566887	12.566887	-0.000005	-0.000005	5.666664	-12.153861	-3.442769	0.000000	63393.222656	850.518127	64957.164062
2009	10	0.000000	-8.509562	13.995913	13.995913	-0.000005	-0.000005	5.486350	-6.083349	-2.717102	0.000000	63393.273438	850.070007	64956.582031
2009	10	0.000000	-6.581720	11.998820	11.998820	-0.000004	-0.000004	5.417100	-8.623464	-2.642819	0.000000	63393.324219	849.605225	64955.988281
2009	10	0.000000	-6.442953	11.741987	11.741987	-0.000004	-0.000004	5.299035	-5.662553	-1.800283	0.000000	63393.371094	849.225708	64955.484375
2009	10	0.000000	-5.720026	13.087131	13.087131	-0.000005	-0.000005	7.367104	-3.467949	-0.998124	0.000000	63393.441406	848.816589	64954.929688
2009	10	0.000000	-5.614053	14.249360	14.249360	-0.000005	-0.000005	8.635306	-10.611617	-2.755414	0.000000	63393.609375	848.457031	64954.343750
2009	10	0.000000	-5.290893	13.645479	13.645479	-0.000005	-0.000005	8.354586	-13.476380	-3.000271	0.000000	63393.777344	848.094971	64953.750000
2009	10	0.000000	-5.144008	13.042965	13.042965	-0.000005	-0.000005	7.898957	-9.305006	-1.955255	0.000000	63393.933594	847.753906	64953.195312
2009	10	0.000000	-5.858079	13.744379	13.744379	-0.000005	-0.000005	7.886300	-10.347126	-3.003633	0.000000	63394.085938	847.404541	64952.640625
2009	10	0.000000	-5.345426	13.142928	13.142928	-0.000005	-0.000005	7.797503	-8.163224	-2.098019	0.000000	63394.238281	847.046814	64952.074219
2009	10	0.000000	-5.158755	12.399111	12.399111	-0.000005	-0.000005	7.240355	-10.295498	-2.605022	0.000000	63394.378906	846.716309	64951.546875
2009	10	0.000000	-4.687194	11.512858	11.512858	-0.000004	-0.000004	6.825664	-4.148044	-1.007005	0.000000	63394.507812	846.398682	64951.050781
2009	10	0.000000	-4.107762	10.375903	10.375903	-0.000004	-0.000004	6.268142	-6.575820	-1.227991	0.000000	63394.625000	846.094849	64950.582031
2009	11	0.000000	-4.562451	10.082633	10.082633	-0.000004	-0.000004	5.520182	-12.733712	-2.669332	0.000000	63394.726562	845.799438	64950.140625
2009	11	0.000000	-4.545382	9.334212	9.334212	-0.000004	-0.000004	4.788829	-8.062964	-2.181775	0.000000	63394.812500	845.505798	64949.718750
2009	11	0.000000	-4.836992	9.462332	9.462332	-0.000004	-0.000004	4.625340	-2.587766	-2.003242	0.000000	63394.882812	845.186646	64949.292969
2009	11	0.000000	-4.103264	8.637788	8.637788	-0.000003	-0.000003	4.534523	-1.039133	-0.691608	0.000000	63394.957031	844.905334	64948.906250
2009	11	0.000000	-5.150173	9.659477	9.659477	-0.000004	-0.000004	4.509304	-2.669895	-1.433684	0.000000	63395.027344	844.608337	64948.503906
2009	11	0.000000	-3.714182	8.132843	8.132843	-0.000003	-0.000003	4.418662	-2.207808	-0.855527	0.000000	63395.097656	844.322388	64948.113281
2009	11	0.000000	-3.450694	7.734618	7.734618	-0.000003	-0.000003	4.283925	1.879934	-0.567252	0.000000	63395.167969	844.068848	64947.761719
2009	11	0.000000	-2.734745	6.833558	6.833558	-0.000003	-0.000003	4.098814	5.728917	-0.249211	0.000000	63395.230469	843.833252	64947.433594
2009	11	0.000000	-2.761433	6.658365	6.658365	-0.000003	-0.000003	3.896932	3.689765	-0.088838	0.000000	63395.289062	843.618225	64947.132812
2009	11	0.000000	-3.384148	7.158433	7.158433	-0.000003	-0.000003	3.774286	-1.158361	-0.836159	0.000000	63395.347656	843.383301	64946.816406
2009	11	0.000000	-3.182921	6.806949	6.806949	-0.000003	-0.000003	3.624028	-1.103406	-0.515294	0.000000	63395.398438	843.155640	64946.511719
2009	11	0.000000	-3.776422	7.275707	7.275707	-0.000003	-0.000003	3.499285	-9.893880	-3.223846	0.000000	63395.449219	842.915710	64946.199219
2009	11	0.000000	-3.260602	6.509888	6.509888	-0.000003	-0.000003	3.249285	-1.372213	-3.151016	0.000000	63395.500000	842.680298	64945.894531
2009	11	0.000000	-4.112630	7.122399	7.122399	-0.000003	-0.000003	3.009769	-10.074528	-4.864285	0.000000	63395.539062	842.445190	64945.605469
2009	11	0.000000	-3.914992	6.851160	6.851160	-0.000003	-0.000003	2.936167	-18.046492	-5.914505	0.000000	63395.578125	842.188354	64945.292969
2009	11	0.000000	-3.337601	6.226154	6.226154	-0.000002	-0.000002	2.888554	-16.034758	-3.207264	0.000000	63395.617188	841.963379	64945.019531
2009	11	0.000000	-2.493574	5.344112	5.344112	-0.000002	-0.000002	2.850539	-2.743214	-0.665938	0.000000	63395.652344	841.755920	64944.761719
2009	11	0.000000	-1.914459	4.698307	4.698307	-0.000002	-0.000002	2.783848	7.956839	-0.470588	0.000000	63395.687500	841.574585	64944.531250
2009	11	0.000000	-2.350726	5.061514	5.061514	-0.000002	-0.000002	2.710788	4.627867	-0.660518	0.000000	63395.722656	841.402405	64944.316406
2009	11	0.000000	-2.630717	5.316442	5.316442	-0.000002	-0.000002	2.685725	2.025946	-1.395486	0.000000	63395.757812	841.212463	64944.082031
2009	11	0.000000	-2.556293	5.243448	5.243448	-0.000002	-0.000002	2.687155	2.572102	-0.628502	0.000000	63395.792969	841.023560	64943.847656
2009	11	0.000000	-2.400926	5.092319	5.092319	-0.000002	-0.000002	2.691392	-4.884451	-0.779505	0.000000	63395.832031	840.843567	64943.625000
2009	11	0.000000	-2.304178	5.022139	5.022139	-0.000002	-0.000002	2.717961	-2.644168	-0.766066	0.000000	63395.867188	840.665955	64943.402344
2009	11	0.000000	-2.548529	5.312637	5.312637	-0.000002	-0.000002	2.764108	-0.743150	-0.423850	0.000000	63395.910156	840.487488	64943.179688
2009	11	0.000000	-3.039600	5.832864	5.832864	-0.000002	-0.000002	2.793264	-7.302735	-2.456800	0.000000	63395.953125	840.301086	64942.945312
2009	11	0.000000	-2.683812	5.476416	5.476416	-0.000002	-0.000002	2.792603	-1.375484	-2.782455	0.000000	63395.996094	840.109802	64942.707031
2009	11	0.000000	-2.012581	4.816294	4.816294	-0.000002	-0.000002	2.803713	3.337242	-1.209885	0.000000	63396.042969	839.941406	64942.492188
2009	11	0.000000	-1.862487	4.645494	4.645494	-0.000002	-0.000002	2.783008	9.009089	-0.693558	0.000000	63396.089844	839.788879	64942.292969
2009	11	0.000000	-1.869961	4.465373	4.465373	-0.000002	-0.000002	2.595412	2.956295	-0.629666	0.000000	63396.136719	839.636597	64942.097656
2009	11	0.000000	-1.852196	4.264346	4.264346	-0.000002	-0.000002	2.412150	-5.220887	-0.578656	0.000000	63396.179688	839.488892	64941.910156
2009	12	0.000000	-3.067183	5.420533	5.420533	-0.000002	-0.000002	2.353349	-3.797286	-3.819892	0.000000	63396.218750	839.323181	64941.714844
2009	12	0.000000	-2.389429	4.713805	4.713805	-0.000002	-0.000002	2.324376	-12.349817	-3.667379	0.000000	63396.257812	839.146973	64941.507812
2009	12	0.000000	-1.691694	3.981224	3.981224	-0.000001	-0.000001	2.289530	-12.289092	-1.159734	0.000000	63396.296875	838.999573	64941.332031
2009	12	0.000000	-1.900516	4.167243	4.167243	-0.000002	-0.000002	2.266726	0.596406	-0.914579	0.000000	63396.332031	838.862244	64941.167969
2009	12	0.000000	-1.938200	4.209088	4.209088	-0.000002	-0.000002	2.270888	-4.610009	-0.843773	0.000000	63396.371094	838.716492	64940.996094
2009	12	0.000000	-1.382253	3.615486	3.615486	-0.000001	-0.000001	2.233233	2.163457	-0.298650	0.000000	63396.410156	838.582581	64940.835938
2009	12	0.000000	-1.218221	3.255449	3.255449	-0.000001	-0.000001	2.037228	13.114191	-0.027377	0.000000	63396.449219	838.465881	64940.695312
2009	12	0.000000	-1.566355	3.419548	3.419548	-0.000001	-0.000001	1.853193	-4.257729	-0.258995	0.000000	63396.480469	838.341125	64940.554688
2009	12	0.000000	-1.736888	3.447983	3.447983	-0.000001	-0.000001	1.711095	-5.242688	-0.460603	0.000000	63396.511719	838.212708	64940.414062
2009	12	0.000000	-2.556676	4.173890	4.173890	-0.000002	-0.000002	1.617214	-11.383706	-1.618448	0.000000	63396.539062	838.066528	64940.261719
2009	12	0.000000	-2.446513	4.020683	4.020683	-0.000002	-0.000002	1.574171	-8.301392	-1.011532	0.000000	63396.566406	837.912415	64940.101562
2009	12	0.000000	-2.696600	4.226464	4.226464	-0.000002	-0.000002	1.529864	-4.349506	-0.755375	0.000000	63396.589844	837.754211	64939.937500
2009	12	0.000000	-2.810142	4.313839	4.313839	-0.000002	-0.000002	1.503697	-3.751776	-0.721772	0.000000	63396.617188	837.594421	64939.773438
2009	12	0.000000	-2.684837	4.151451	4.151451	-0.000002	-0.000002	1.466614	-5.692718	-0.637231	0.000000	63396.640625	837.432983	64939.613281
2009	12	0.000000	-2.811299	4.207895	4.207895	-0.000002	-0.000002	1.396596	-6.250520	-0.648588	0.000000	63396.667969	837.274170	64939.453125
2009	12	0.000000	-2.768721	4.095947	4.095947	-0.000002	-0.000002	1.327227	-4.372174	-0.574521	0.000000	63396.691406	837.114685	64939.296875
2009	12	0.000000	-2.760141	4.022831	4.022831	-0.000002	-0.000002	1.262690	-10.909005	-3.244397	0.000000	63396.710938	836.952759	64939.136719
2009	12	0.000000	-1.869726	3.069878	3.069878	-0.000001	-0.000001	1.200152	5.365625	-0.604227	0.000000	63396.734375	836.813232	64939.003906
2009	12	0.000000	-1.397144	2.513985	2.513985	-0.000001	-0.000001	1.116841	7.550627	-0.365544	0.000000	63396.750000	836.693542	64938.894531
2009	12	0.000000	-1.895892	2.910500	2.910500	-0.000001	-0.000001	1.014608	-0.793189	-0.639582	0.000000	63396.769531	836.573486	64938.785156
2009	12	0.000000	-1.925485	2.880550	2.880550	-0.000001	-0.000001	0.955066	3.808562	-0.421162	0.000000	63396.785156	836.445679	64938.671875
2009	12	0.000000	-2.639900	3.573463	3.573463	-0.000001	-0.000001	0.933563	-6.749743	-2.313471	0.000000	63396.800781	836.309326	64938.550781
2009	12	0.000000	-2.980889	3.916940	3.916940	-0.000001	-0.000001	0.936052	-16.228622	-3.551756	0.000000	63396.816406	836.148865	64938.406250
2009	12	0.000000	-3.153308	4.090743	4.090743	-0.000002	-0.000002	0.937435	-16.138536	-7.231215	0.000000	63396.832031	835.985596	64938.257812
2009	12	0.000000	-2.196861	3.135237	3.135237	-0.000001	-0.000001	0.938376	-16.383030	-2.722116	0.000000	63396.847656	835.834167	64938.121094
2009	12	0.000000	-1.570027	2.508224	2.508224	-0.000001	-0.000001	0.938197	0.674463	-0.361630	0.000000	63396.863281	835.713989	64938.015625
2009	12	0.000000	-1.960540	2.894043	2.894043	-0.000001	-0.000001	0.933503	-6.568182	-1.022627	0.000000	63396.878906	835.592163	64937.910156
2009	12	0.000000	-2.142529	3.069570	3.069570	-0.000001	-0.000001	0.927041	-9.577456	-1.218658	0.000000	63396.894531	835.466797	64937.800781
2009	12	0.000000	-2.276784	3.202310	3.202310	-0.000001	-0.000001	0.925526	-17.865837	-2.253335	0.000000	63396.910156	835.332764	64937.683594
2009	12	0.000000	-2.487636	3.420665	3.420665	-0.000001	-0.000001	0.933029	-8.412475	-1.920957	0.000000	63396.929688	835.195740	64937.562500
2009	12	0.000000	-2.158108	3.084955	3.084955	-0.000001	-0.000001	0.926847	-3.716729	-0.853889	0.000000	63396.945312	835.059509	64937.441406
2010	01	0.000000	-1.505746	2.417949	2.417949	-0.000001	-0.000001	0.912204	3.292987	-0.589964	0.000000	63396.960938	834.937195	64937.335938
2010	01	0.000000	-2.094362	2.972085	2.972085	-0.000001	-0.000001	0.877723	-1.999579	-0.821313	0.000000	63396.976562	834.828857	64937.242188
2010	01	0.000000	-2.702377	3.540554	3.540554	-0.000001	-0.000001	0.838177	-3.766208	-1.555783	0.000000	63396.992188	834.686462	64937.117188
2010	01	0.000000	-1.836823	2.670812	2.670812	-0.000001	-0.000001	0.833989	-2.290131	-1.831728	0.000000	63397.007812	834.552307	64937.003906
2010	01	0.000000	-1.215501	2.045830	2.045830	-0.000001	-0.000001	0.830329	-3.379305	-0.257060	0.000000	63397.019531	834.448364	64936.917969
2010	01	0.000000	-1.496757	2.292465	2.292465	-0.000001	-0.000001	0.795708	-6.919756	-1.156544	0.000000	63397.035156	834.347717	64936.835938
2010	01	0.000000	-1.977268	2.725127	2.725127	-0.000001	-0.000001	0.747859	-6.362639	-1.875634	0.000000	63397.050781	834.234192	64936.746094
2010	01	0.000000	-2.063331	2.783334	2.783334	-0.000001	-0.000001	0.720003	-8.391017	-2.151052	0.000000	63397.062500	834.108826	64936.640625
2010	01	0.000000	-1.924331	2.637078	2.637078	-0.000001	-0.000001	0.712747	-7.711090	-1.237228	0.000000	63397.074219	833.989319	64936.542969
2010	01	0.000000	-1.516556	2.222230	2.222230	-0.000001	-0.000001	0.705674	-2.820442	-0.694574	0.000000	63397.085938	833.877747	64936.457031
2010	01	0.000000	-1.573658	2.261744	2.261744	-0.000001	-0.000001	0.688086	-11.583180	-0.834158	0.000000	63397.097656	833.771606	64936.371094
2010	01	0.000000	-1.860769	2.520034	2.520034	-0.000001	-0.000001	0.659265	-8.650499	-1.272940	0.000000	63397.109375	833.661682	64936.285156
2010	01	0.000000	-1.717944	2.345382	2.345382	-0.000001	-0.000001	0.627438	-11.211395	-1.250829	0.000000	63397.121094	833.548828	64936.199219
2010	01	0.000000	-1.264473	1.857243	1.857243	-0.000001	-0.000001	0.592770	7.229218	-0.488081	0.000000	63397.132812	833.443420	64936.121094
2010	01	0.000000	-1.249195	1.795100	1.795100	-0.000001	-0.000001	0.545905	0.852545	-0.426621	0.000000	63397.144531	833.350891	64936.054688
2010	01	0.000000	-1.309351	1.796719	1.796719	-0.000001	-0.000001	0.487368	-3.718273	-0.417091	0.000000	63397.152344	833.255005	64935.988281
2010	01	0.000000	-1.442884	1.872035	1.872035	-0.000001	-0.000001	0.429151	-3.644253	-0.687972	0.000000	63397.160156	833.157532	64935.921875
2010	01	0.000000	-1.638370	2.016606	2.016606	-0.000001	-0.000001	0.378237	2.133451	-1.243663	0.000000	63397.164062	833.052307	64935.847656
2010	01	0.000000	-1.318861	1.658734	1.658734	-0.000001	-0.000001	0.339873	-14.587174	-1.266310	0.000000	63397.171875	832.950623	64935.781250
2010	01	0.000000	-1.246831	1.542697	1.542697	-0.000001	-0.000001	0.295866	-3.932310	-1.162227	0.000000	63397.175781	832.856934	64935.722656
2010	01	0.000000	-1.196774	1.446654	1.446654	-0.000001	-0.000001	0.249879	2.194185	-0.768500	0.000000	63397.179688	832.763489	64935.664062
2010	01	0.000000	-0.983080	1.188942	1.188942	-0.000000	-0.000000	0.205862	-0.288909	-0.511790	0.000000	63397.183594	832.675537	64935.617188
2010	01	0.000000	-1.789950	1.944775	1.944775	-0.000001	-0.000001	0.154825	-3.358429	-1.867851	0.000000	63397.183594	832.582947	64935.562500
2010	01	0.000000	-1.968218	2.103543	2.103543	-0.000001	-0.000001	0.135324	-6.295490	-2.903869	0.000000	63397.187500	832.463501	64935.484375
2010	01	0.000000	-1.340921	1.478820	1.478820	-0.000001	-0.000001	0.137899	4.456979	-1.646539	0.000000	63397.187500	832.360168	64935.421875
2010	01	0.000000	-1.658341	1.794682	1.794682	-0.000001	-0.000001	0.136341	-1.738025	-2.031929	0.000000	63397.187500	832.260071	64935.363281
2010	01	0.000000	-1.275337	1.411941	1.411941	-0.000001	-0.000001	0.136604	-9.155064	-1.201760	0.000000	63397.191406	832.159851	64935.304688
2010	01	0.000000	-1.047158	1.183885	1.183885	-0.000000	-0.000000	0.136727	-6.187148	-0.573280	0.000000	63397.191406	832.072693	64935.257812
2010	01	0.000000	-1.478936	1.616567	1.616567	-0.000001	-0.000001	0.137631	7.468483	-0.815145	0.000000	63397.195312	831.978760	64935.207031
2010	01	0.000000	-1.556928	1.700179	1.700179	-0.000001	-0.000001	0.143251	-0.947786	-0.688888	0.000000	63397.195312	831.884338	64935.152344
2010	01	0.000000	-1.618011	1.755015	1.755015	-0.000001	-0.000001	0.137004	-11.053074	-1.232405	0.000000	63397.199219	831.776428	64935.085938
2010	02	0.000000	-1.735250	1.847570	1.847570	-0.000001	-0.000001	0.112320	-22.607126	-2.418247	0.000000	63397.199219	831.670410	64935.023438
2010	02	0.000000	-1.409481	1.511967	1.511967	-0.000001	-0.000001	0.102485	-4.214127	-0.693448	0.000000	63397.203125	831.562866	64934.957031
2010	02	0.000000	-0.959501	1.046809	1.046809	-0.000000	-0.000000	0.087308	18.131493	-0.318988	0.000000	63397.203125	831.470398	64934.906250
2010	02	0.000000	-0.987961	1.042333	1.042333	-0.000000	-0.000000	0.054372	17.950733	-0.265495	0.000000	63397.203125	831.386963	64934.863281
2010	02	0.000000	-0.922755	0.955816	0.955816	-0.000000	-0.000000	0.033061	21.950758	-0.167768	0.000000	63397.203125	831.302307	64934.824219
2010	02	0.000000	-1.030708	1.054951	1.054951	-0.000000	-0.000000	0.024243	14.059103	-0.225754	0.000000	63397.203125	831.217773	64934.785156
2010	02	0.000000	-1.399801	1.417687	1.417687	-0.000001	-0.000001	0.017885	-0.460740	-0.996505	0.000000	63397.203125	831.125244	64934.738281
2010	02	0.000000	-1.486504	1.498896	1.498896	-0.000001	-0.000001	0.012393	5.914674	-1.087674	0.000000	63397.203125	831.019775	64934.675781
2010	02	0.000000	-1.329897	1.339496	1.339496	-0.000001	-0.000001	0.009600	-2.892206	-0.903009	0.000000	63397.203125	830.921997	64934.625000
2010	02	0.000000	-1.517956	1.525790	1.525790	-0.000001	-0.000001	0.007834	4.969562	-1.259440	0.000000	63397.203125	830.824585	64934.570312
2010	02	0.000000	-1.363458	1.369680	1.369680	-0.000001	-0.000001	0.006222	5.131607	-0.880844	0.000000	63397.203125	830.720947	64934.511719
2010	02	0.000000	-1.134538	1.139419	1.139419	-0.000000	-0.000000	0.004881	12.493079	-0.403876	0.000000	63397.203125	830.630005	64934.468750
2010	02	0.000000	-1.305134	1.308815	1.308815	-0.000001	-0.000001	0.003681	7.241211	-0.466790	0.000000	63397.203125	830.536560	64934.417969
2010	02	0.000000	-1.289180	1.291744	1.291744	-0.000001	-0.000001	0.002564	3.387288	-0.641880	0.000000	63397.203125	830.440430	64934.367188
2010	02	0.000000	-1.349804	1.351880	1.351880	-0.000001	-0.000001	0.002076	5.400806	-0.313929	0.000000	63397.203125	830.345886	64934.320312
2010	02	0.000000	-1.304797	1.306503	1.306503	-0.000001	-0.000001	0.001706	6.595338	-0.483777	0.000000	63397.203125	830.248291	64934.265625
2010	02	0.000000	-1.676302	1.677638	1.677638	-0.000001	-0.000001	0.001336	-6.212318	-1.584631	0.000000	63397.203125	830.147339	64934.210938
2010	02	0.000000	-1.836823	1.837797	1.837797	-0.000001	-0.000001	0.000974	-0.221120	-2.378296	0.000000	63397.203125	830.036194	64934.144531
2010	02	0.000000	-1.491353	1.491990	1.491990	-0.000001	-0.000001	0.000637	7.407974	-1.189258	0.000000	63397.203125	829.927063	64934.082031
2010	02	0.000000	-1.030559	1.030910	1.030910	-0.000000	-0.000000	0.000351	8.110364	-0.613968	0.000000	63397.203125	829.835693	64934.035156
2010	02	0.000000	-1.396611	1.396711	1.396711	-0.000001	-0.000001	0.000100	-0.854311	-1.147523	0.000000	63397.203125	829.744995	64933.992188
2010	02	0.000000	-1.698069	1.698069	1.698069	-0.000001	-0.000001	0.000000	-0.108279	-1.766049	0.000000	63397.203125	829.641785	64933.933594
2010	02	0.000000	-1.665468	1.665468	1.665468	-0.000001	-0.000001	0.000000	1.007335	-1.593577	0.000000	63397.203125	829.531067	64933.867188
2010	02	0.000000	-1.678894	1.678894	1.678894	-0.000001	-0.000001	0.000000	4.403588	-1.005981	0.000000	63397.203125	829.428345	64933.812500
2010	02	0.000000	-1.834705	1.834705	1.834705	-0.000001	-0.000001	0.000000	3.063632	-1.797147	0.000000	63397.203125	829.314819	64933.742188
2010	02	0.000000	-1.537333	1.537333	1.537333	-0.000001	-0.000001	0.000000	-2.954576	-1.529645	0.000000	63397.203125	829.206238	64933.679688
2010	02	0.000000	-1.496366	1.496366	1.496366	-0.000001	-0.000001	0.000000	-9.988501	-1.705770	0.000000	63397.203125	829.105225	64933.625000
2010	02	0.000000	-1.420646	1.420646	1.420646	-0.000001	-0.000001	0.000000	-8.884348	-1.424264	0.000000	63397.203125	829.005676	64933.570312
2010	03	0.000000	-1.558268	1.558268	1.558268	-0.000001	-0.000001	0.000000	-8.074682	-1.324630	0.000000	63397.203125	828.908142	64933.519531
2010	03	0.000000	-1.572499	1.572499	1.572499	-0.000001	-0.000001	0.000000	-1.821610	-0.755193	0.000000	63397.203125	828.811096	64933.464844
2010	03	0.000000	-1.610549	1.610549	1.610549	-0.000001	-0.000001	0.000000	-4.851804	-1.802006	0.000000	63397.203125	828.710632	64933.410156
2010	03	0.000000	-1.633377	1.633377	1.633377	-0.000001	-0.000001	0.000000	-3.336116	-1.739632	0.000000	63397.203125	828.611816	64933.359375
2010	03	0.000000	-1.565216	1.565216	1.565216	-0.000001	-0.000001	0.000000	-5.090002	-1.499752	0.000000	63397.203125	828.513550	64933.304688
2010	03	0.000000	-1.589806	1.589806	1.589806	-0.000001	-0.000001	0.000000	-4.224457	-2.180170	0.000000	63397.203125	828.414368	64933.250000
2010	03	0.000000	-1.373706	1.373706	1.373706	-0.000001	-0.000001	0.000000	7.135552	-0.732051	0.000000	63397.203125	828.321106	64933.203125
2010	03	0.000000	-1.303516	1.303516	1.303516	-0.000000	-0.000000	0.000000	6.097162	-0.756892	0.000000	63397.203125	828.230896	64933.160156
2010	03	0.000000	-0.888834	0.888834	0.888834	-0.000000	-0.000000	0.000000	19.646799	-0.345282	0.000000	63397.203125	828.147034	64933.121094
2010	03	0.000000	-0.997662	0.997662	0.997662	-0.000000	-0.000000	0.000000	7.109955	-0.213471	0.000000	63397.203125	828.072754	64933.089844
2010	03	0.000000	-1.312471	1.312471	1.312471	-0.000000	-0.000000	0.000000	9.287960	-0.530299	0.000000	63397.203125	827.985229	64933.050781
2010	03	0.000000	-1.303479	1.303479	1.303479	-0.000000	-0.000000	0.000000	-2.579318	-0.666757	0.000000	63397.203125	827.896729	64933.003906
2010	03	0.000000	-1.341175	1.341175	1.341175	-0.000001	-0.000001	0.000000	-3.761084	-0.903601	0.000000	63397.203125	827.809265	64932.964844
2010	03	0.000000	-1.807235	1.807235	1.807235	-0.000001	-0.000001	0.000000	-4.075341	-1.897222	0.000000	63397.203125	827.711731	64932.910156
2010	03	0.000000	-1.967269	1.967269	1.967269	-0.000001	-0.000001	0.000000	-6.020990	-3.363173	0.000000	63397.203125	827.601807	64932.847656
2010	03	0.000000	-1.894698	1.894698	1.894698	-0.000001	-0.000001	0.000000	-10.486507	-4.132068	0.000000	63397.203125	827.494934	64932.785156
2010	03	0.000000	-1.663410	1.663410	1.663410	-0.000001	-0.000001	0.000000	-5.335765	-1.802766	0.000000	63397.203125	827.388733	64932.722656
2010	03	0.000000	-1.396791	1.396791	1.396791	-0.000001	-0.000001	0.000000	-2.529746	-0.432475	0.000000	63397.203125	827.295044	64932.675781
2010	03	0.000000	-1.779150	1.779150	1.779150	-0.000001	-0.000001	0.000000	-9.919168	-1.456264	0.000000	63397.203125	827.198364	64932.625000
2010	03	0.000000	-2.011783	2.011783	2.011783	-0.000001	-0.000001	0.000000	-1.032287	-1.371444	0.000000	63397.203125	827.089844	64932.562500
2010	03	0.000000	-1.445205	1.445205	1.445205	-0.000001	-0.000001	0.000000	6.211685	-0.652609	0.000000	63397.203125	826.987488	64932.503906
2010	03	0.000000	-2.144643	2.144643	2.144643	-0.000001	-0.000001	0.000000	-0.643865	-1.650284	0.000000	63397.203125	826.883728	64932.445312
2010	03	0.000000	-1.787425	1.787425	1.787425	-0.000001	-0.000001	0.000000	-2.446212	-1.199632	0.000000	63397.203125	826.771973	64932.378906
2010	03	0.000000	-1.797633	1.797633	1.797633	-0.000001	-0.000001	0.000000	-6.938431	-1.398282	0.000000	63397.203125	826.671509	64932.324219
2010	03	0.000000	-1.850800	1.850800	1.850800	-0.000001	-0.000001	0.000000	3.053670	-0.661530	0.000000	63397.203125	826.563477	64932.261719
2010	03	0.000000	-2.121697	2.121697	2.121697	-0.000001	-0.000001	0.000000	-14.514666	-2.073200	0.000000	63397.203125	826.453308	64932.195312
2010	03	0.000000	-1.975572	1.975572	1.975572	-0.000001	-0.000001	0.000000	-9.142493	-2.802171	0.000000	63397.203125	826.341858	64932.128906
2010	03	0.000000	-1.862676	1.862676	1.862676	-0.000001	-0.000001	0.000000	-0.340747	-1.777133	0.000000	63397.203125	826.234863	64932.070312
2010	03	0.000000	-1.499594	1.499594	1.499594	-0.000001	-0.000001	0.000000	0.451235	-1.279642	0.000000	63397.203125	826.133850	64932.011719
2010	03	0.000000	-1.652166	1.652166	1.652166	-0.000001	-0.000001	0.000000	-3.207377	-0.742660	0.000000	63397.203125	826.037842	64931.960938
2010	03	0.000000	-1.722744	1.722744	1.722744	-0.000001	-0.000001	0.000000	-2.393344	-1.273088	0.000000	63397.203125	825.937195	64931.906250
2010	04	0.000000	-2.027147	2.027147	2.027147	-0.000001	-0.000001	0.000000	-3.001225	-2.091909	0.000000	63397.203125	825.831116	64931.847656
2010	04	0.000000	-2.549820	2.549820	2.549820	-0.000001	-0.000001	0.000000	-17.930666	-5.477729	0.000000	63397.203125	825.705933	64931.765625
2010	04	0.000000	-2.060375	2.060375	2.060375	-0.000001	-0.000001	0.000000	-8.338271	-2.550362	0.000000	63397.203125	825.582642	64931.687500
2010	04	0.000000	-2.318532	2.318532	2.318532	-0.000001	-0.000001	0.000000	-5.233370	-1.796664	0.000000	63397.203125	825.467773	64931.617188
2010	04	0.000000	-2.610227	2.610227	2.610227	-0.000001	-0.000001	0.000000	-5.910584	-2.602667	0.000000	63397.203125	825.339722	64931.535156
2010	04	0.000000	-2.472615	2.472615	2.472615	-0.000001	-0.000001	0.000000	-13.007061	-4.414794	0.000000	63397.203125	825.205994	64931.449219
2010	04	0.000000	-2.133578	2.133578	2.133578	-0.000001	-0.000001	0.000000	-6.360877	-2.434281	0.000000	63397.203125	825.084351	64931.371094
2010	04	0.000000	-1.956417	1.956417	1.956417	-0.000001	-0.000001	0.000000	0.102168	-1.685902	0.000000	63397.203125	824.970825	64931.300781
2010	04	0.000000	-1.924534	1.924534	1.924534	-0.000001	-0.000001	0.000000	5.216199	-0.290714	0.000000	63397.203125	824.860535	64931.238281
2010	04	0.000000	-1.726316	1.726316	1.726316	-0.000001	-0.000001	0.000000	5.668246	-0.549087	0.000000	63397.203125	824.754578	64931.175781
2010	04	0.000000	-1.643078	1.643078	1.643078	-0.000001	-0.000001	0.000000	5.198052	-0.976277	0.000000	63397.203125	824.654419	64931.121094
2010	04	0.000000	-2.691974	2.691974	2.691974	-0.000001	-0.000001	0.000000	-3.324608	-3.066257	0.000000	63397.203125	824.536072	64931.046875
2010	04	0.000000	-2.293343	2.293343	2.293343	-0.000001	-0.000001	0.000000	-3.943954	-2.100495	0.000000	63397.203125	824.405701	64930.964844
2010	04	0.000000	-2.780853	2.780853	2.780853	-0.000001	-0.000001	0.000000	-3.887791	-3.416632	0.000000	63397.203125	824.277771	64930.878906
2010	04	0.000000	-2.526408	2.526408	2.526408	-0.000001	-0.000001	0.000000	-5.553183	-3.259596	0.000000	63397.203125	824.143921	64930.792969
2010	04	0.000000	-2.465712	2.465712	2.465712	-0.000001	-0.000001	0.000000	-5.336042	-4.390156	0.000000	63397.203125	824.013977	64930.707031
2010	04	0.000000	-2.520321	2.520321	2.520321	-0.000001	-0.000001	0.000000	-3.738863	-3.251714	0.000000	63397.203125	823.887512	64930.625000
2010	04	0.000000	-2.476509	2.476509	2.476509	-0.000001	-0.000001	0.000000	-4.901410	-1.863361	0.000000	63397.203125	823.757874	64930.542969
2010	04	0.000000	-2.368083	2.368083	2.368083	-0.000001	-0.000001	0.000000	1.095497	-0.599825	0.000000	63397.203125	823.631348	64930.460938
2010	04	0.000000	-2.249655	2.249655	2.249655	-0.000001	-0.000001	0.000000	-1.757852	-1.388982	0.000000	63397.203125	823.507202	64930.382812
2010	04	0.000000	-2.436117	2.436117	2.436117	-0.000001	-0.000001	0.000000	1.521820	-0.301080	0.000000	63397.203125	823.386169	64930.304688
2010	04	0.000000	-2.155368	2.155368	2.155368	-0.000001	-0.000001	0.000000	-0.520462	-0.458010	0.000000	63397.203125	823.263062	64930.226562
2010	04	0.000000	-2.272751	2.272751	2.272751	-0.000001	-0.000001	0.000000	-4.898888	-1.516737	0.000000	63397.203125	823.143555	64930.152344
2010	04	0.000000	-2.329084	2.329084	2.329084	-0.000001	-0.000001	0.000000	0.254889	-0.897560	0.000000	63397.203125	823.023376	64930.078125
2010	04	0.000000	-2.213822	2.213822	2.213822	-0.000001	-0.000001	0.000000	1.560527	-0.217992	0.000000	63397.203125	822.900696	64930.000000
2010	04	0.000000	-1.776546	1.776546	1.776546	-0.000001	-0.000001	0.000000	14.836259	0.672275	0.000000	63397.203125	822.788879	64929.933594
2010	04	0.000000	-2.100022	2.100022	2.100022	-0.000001	-0.000001	0.000000	5.776392	0.942985	0.000000	63397.203125	822.680054	64929.871094
2010	04	0.000000	-1.907277	1.907277	1.907277	-0.000001	-0.000001	0.000000	14.581323	1.186533	0.000000	63397.203125	822.568542	64929.804688
2010	04	0.000000	-2.432680	2.432680	2.432680	-0.000001	-0.000001	0.000000	5.964467	1.595467	0.000000	63397.203125	822.451050	64929.730469
2010	04	0.000000	-2.624765	2.624765	2.624765	-0.000001	-0.000001	0.000000	-4.204691	-1.693300	0.000000	63397.203125	822.320923	64929.644531
2010	05	0.000000	-2.584378	2.584378	2.584378	-0.000001	-0.000001	0.000000	-3.001157	-1.269254	0.000000	63397.203125	822.190796	64929.562500
2010	05	0.000000	-3.796420	3.796420	3.796420	-0.000001	-0.000001	0.000000	-5.003377	-1.535874	0.000000	63397.203125	822.044556	64929.460938
2010	05	0.000000	-3.667951	3.667951	3.667951	-0.000001	-0.000001	0.000000	-2.825892	-1.587734	0.000000	63397.203125	821.877625	64929.335938
2010	05	0.000000	-3.475116	3.475116	3.475116	-0.000001	-0.000001	0.000000	-12.585978	-3.022596	0.000000	63397.203125	821.713196	64929.218750
2010	05	0.000000	-3.421379	3.421379	3.421379	-0.000001	-0.000001	0.000000	-8.590428	-2.607172	0.000000	63397.203125	821.557190	64929.105469
2010	05	0.000000	-3.285664	3.285664	3.285664	-0.000001	-0.000001	0.000000	2.741217	0.732672	0.000000	63397.203125	821.408752	64929.003906
2010	05	0.000000	-4.053011	4.053011	4.053011	-0.000002	-0.000002	0.000000	-2.395471	0.454714	0.000000	63397.203125	821.245178	64928.886719
2010	05	0.000000	-3.989862	3.989862	3.989862	-0.000001	-0.000001	0.000000	-3.297108	-0.210050	0.000000	63397.203125	821.069946	64928.753906
2010	05	0.000000	-3.393710	3.393710	3.393710	-0.000001	-0.000001	0.000000	4.627165	1.213311	0.000000	63397.203125	820.906738	64928.636719
2010	05	0.000000	-3.297359	3.297359	3.297359	-0.000001	-0.000001	0.000000	2.315731	2.115155	0.000000	63397.203125	820.752014	64928.527344
2010	05	0.000000	-2.828397	2.828397	2.828397	-0.000001	-0.000001	0.000000	11.543198	5.318293	0.000000	63397.203125	820.609009	64928.429688
2010	05	0.000000	-3.171817	3.171817	3.171817	-0.000001	-0.000001	0.000000	0.337265	4.537310	0.000000	63397.203125	820.468140	64928.332031
2010	05	0.000000	-3.209111	3.209111	3.209111	-0.000001	-0.000001	0.000000	-0.341525	4.707930	0.000000	63397.203125	820.319946	64928.230469
2010	05	0.000000	-3.085883	3.085883	3.085883	-0.000001	-0.000001	0.000000	2.432775	6.050090	0.000000	63397.203125	820.173828	64928.128906
2010	05	0.000000	-3.253939	3.253939	3.253939	-0.000001	-0.000001	0.000000	-1.201340	4.961754	0.000000	63397.203125	820.026794	64928.027344
2010	05	0.000000	-3.257838	3.257838	3.257838	-0.000001	-0.000001	0.000000	-0.190887	5.712259	0.000000	63397.203125	819.876526	64927.921875
2010	05	0.000000	-3.456861	3.456861	3.456861	-0.000001	-0.000001	0.000000	2.392802	6.354215	0.000000	63397.203125	819.725159	64927.816406
2010	05	0.000000	-3.546456	3.546456	3.546456	-0.000001	-0.000001	0.000000	6.368190	11.455510	0.000000	63397.203125	819.567566	64927.703125
2010	05	0.000000	-3.590662	3.590662	3.590662	-0.000001	-0.000001	0.000000	-0.685226	5.217315	0.000000	63397.203125	819.407471	64927.585938
2010	05	0.000000	-4.041039	4.041039	4.041039	-0.000002	-0.000002	0.000000	-7.168827	2.782671	0.000000	63397.203125	819.240723	64927.464844
2010	05	0.000000	-3.998947	3.998947	3.998947	-0.000001	-0.000001	0.000000	-2.605847	1.794442	0.000000	63397.203125	819.066101	64927.335938
2010	05	0.000000	-3.977260	3.977260	3.977260	-0.000001	-0.000001	0.000000	-1.637592	4.775340	0.000000	63397.203125	818.893677	64927.207031
2010	05	0.000000	-3.674347	3.674347	3.674347	-0.000001	-0.000001	0.000000	-7.656449	-0.833632	0.000000	63397.203125	818.724426	64927.082031
2010	05	0.000000	-3.409192	3.409192	3.409192	-0.000001	-0.000001	0.000000	1.577767	2.131061	0.000000	63397.203125	818.565735	64926.968750
2010	05	0.000000	-3.348580	3.348580	3.348580	-0.000001	-0.000001	0.000000	4.567497	2.964658	0.000000	63397.203125	818.412109	64926.859375
2010	05	0.000000	-3.553365	3.553365	3.553365	-0.000001	-0.000001	0.000000	0.818255	2.068879	0.000000	63397.203125	818.256226	64926.750000
2010	05	0.000000	-3.726760	3.726760	3.726760	-0.000001	-0.000001	0.000000	1.379092	3.605945	0.000000	63397.203125	818.095337	64926.632812
2010	05	0.000000	-3.427287	3.427287	3.427287	-0.000001	-0.000001	0.000000	0.720063	1.706717	0.000000	63397.203125	817.934082	64926.515625
2010	05	0.000000	-3.677102	3.677102	3.677102	-0.000001	-0.000001	0.000000	-3.885667	2.698410	0.000000	63397.203125	817.776672	64926.406250
2010	05	0.000000	-3.993132	3.993132	3.993132	-0.000001	-0.000001	0.000000	-9.968378	-4.112752	0.000000	63397.203125	817.608398	64926.281250
2010	05	0.000000	-4.422534	4.422534	4.422534	-0.000002	-0.000002	0.000000	-44.924213	-25.649569	0.000000	63397.203125	817.427917	64926.144531
2010	06	0.000000	-4.171721	4.171721	4.171721	-0.000002	-0.000002	0.000000	-23.578066	-13.077371	0.000000	63397.203125	817.241028	64926.003906
2010	06	0.000000	-3.884435	3.884435	3.884435	-0.000001	-0.000001	0.000000	-16.689178	-2.969376	0.000000	63397.203125	817.062195	64925.871094
2010	06	0.000000	-3.972530	3.972530	3.972530	-0.000002	-0.000002	0.000000	-12.089602	-3.562579	0.000000	63397.203125	816.888062	64925.738281
2010	06	0.000000	-4.130186	4.130186	4.130186	-0.000002	-0.000002	0.000000	-50.438519	-23.783577	0.000000	63397.203125	816.708069	64925.605469
2010	06	0.000000	-3.590623	3.590623	3.590623	-0.000001	-0.000001	0.000000	-13.300371	17.570576	0.000000	63397.203125	816.534912	64925.476562
2010	06	0.000000	-3.464526	3.464526	3.464526	-0.000001	-0.000001	0.000000	2.446934	19.322178	0.000000	63397.203125	816.374084	64925.359375
2010	06	0.000000	-3.618491	3.618491	3.618491	-0.000001	-0.000001	0.000000	-3.135297	4.658998	0.000000	63397.203125	816.212219	64925.242188
2010	06	0.000000	-3.877695	4.242277	4.242277	-0.000002	-0.000002	0.364582	-13.253276	1.069283	0.000000	63397.207031	816.042175	64925.113281
2010	06	0.000000	-4.018552	6.165048	6.165048	-0.000002	-0.000002	2.146496	-30.775616	5.334072	0.000000	63397.250000	815.865784	64924.945312
2010	06	0.000000	-4.084856	24.823811	24.823811	-0.000010	-0.000010	20.738955	-11.453673	11.547685	0.000000	63397.660156	815.685181	64924.441406
2010	06	0.000000	-4.473302	34.608768	34.608768	-0.000013	-0.000013	30.135464	2.766716	19.008739	0.000000	63398.601562	815.497925	64923.402344
2010	06	0.000000	-4.225749	35.254890	35.254890	-0.000014	-0.000014	31.029139	16.804434	23.556190	0.000000	63399.593750	815.307922	64922.226562
2010	06	0.000000	-4.142793	33.795715	33.795715	-0.000013	-0.000013	29.652924	72.459496	32.900860	0.000000	63400.449219	815.123901	64921.070312
2010	06	0.000000	-3.883321	32.144039	32.144039	-0.000012	-0.000012	28.260719	90.175713	36.156116	0.000000	63401.156250	814.945496	64919.953125
2010	06	0.000000	-3.988162	23.769987	23.769987	-0.000009	-0.000009	19.781824	102.416237	45.678600	0.000000	63401.644531	814.771301	64919.058594
2010	06	0.000000	-4.783064	26.284739	26.284739	-0.000010	-0.000010	21.501673	62.856251	62.245796	0.000000	63402.039062	814.580444	64918.214844
2010	06	0.000000	-4.706706	17.592279	17.592279	-0.000007	-0.000007	12.885572	81.463074	54.671864	0.000000	63402.355469	814.376099	64917.500000
2010	06	0.000000	-4.895587	42.485756	42.485756	-0.000016	-0.000016	37.590172	71.445908	56.333317	0.000000	63402.761719	814.172241	64916.578125
2010	06	0.000000	-4.531416	28.709600	28.709600	-0.000011	-0.000011	24.178185	88.138031	65.190773	0.000000	63403.308594	813.971130	64915.250000
2010	06	3.926601	-1.518584	27.115995	23.189394	-0.000009	-0.000009	21.670811	78.226448	42.094341	10897.235352	63403.585938	813.805359	64914.417969
2010	06	11.919188	4.239178	30.667124	18.747934	-0.000007	-0.000007	22.987112	28.393312	34.828678	33078.539062	63403.847656	813.832764	64913.734375
2010	06	24.306637	15.303096	29.509148	5.202510	-0.000002	-0.000002	20.505606	32.418217	26.561966	67456.601562	63404.082031	814.111145	64913.351562
2010	06	43.236469	30.359842	40.743107	-2.493363	0.000001	0.000001	27.866478	63.735123	48.030586	119991.312500	63404.312500	814.854675	64913.359375
2010	06	47.074375	33.030922	54.483395	7.409021	-0.000003	-0.000003	40.439945	34.290546	51.792877	130642.398438	63404.625000	815.917480	64913.316406
2010	06	49.070301	34.825691	55.382393	6.312091	-0.000002	-0.000002	41.137779	29.681032	50.277866	136181.562500	63405.015625	816.980164	64913.019531
2010	06	70.188591	52.052944	61.672935	-8.515652	0.000003	0.000003	43.537289	78.004677	55.556358	194789.734375	63405.339844	818.380493	64913.050781
2010	06	83.808800	62.435596	71.293503	-12.515298	0.000005	0.000005	49.920300	73.334969	55.742466	232589.015625	63405.648438	820.212402	64913.378906
2010	06	100.024956	73.997749	80.459602	-19.565350	0.000008	0.000008	54.432396	39.127197	73.266685	277592.625000	63405.957031	822.332947	64913.777344
2010	06	93.674706	66.176979	83.830399	-9.844309	0.000004	0.000004	56.332672	-18.109596	71.948677	259969.203125	63406.218750	824.985962	64914.621094
2010	06	37.234364	18.891697	63.936516	26.702150	-0.000010	-0.000010	45.593845	-16.620979	30.169222	103334.070312	63406.402344	826.236572	64914.238281
2010	07	75.851036	52.401009	67.355255	-8.495782	0.000003	0.000003	43.905224	-0.253959	13.774756	203713.875000	63406.515625	827.111206	64913.726562
2010	07	139.716690	104.368820	87.635002	-52.081688	0.000019	0.000019	52.287132	31.601896	55.241974	375238.531250	63406.605469	829.838501	64914.925781
2010	07	175.706497	132.275574	98.781624	-76.924889	0.000029	0.000029	55.350685	-2.720416	68.712852	471896.718750	63406.671875	833.694336	64917.089844
2010	07	156.094055	110.387390	105.385513	-50.708546	0.000019	0.000019	59.678848	29.236946	103.122658	419223.406250	63406.707031	837.165161	64918.710938
2010	07	181.182281	135.560226	96.445320	-84.736954	0.000032	0.000032	50.823269	43.821190	108.525017	486603.062500	63406.710938	841.465942	64921.300781
2010	07	160.008789	107.849838	107.708366	-52.300411	0.000020	0.000020	55.549427	-5.603590	120.819809	429737.187500	63406.691406	844.986389	64923.148438
2010	07	180.019165	123.131416	112.069656	-67.949501	0.000025	0.000025	55.181915	11.035999	106.030861	483479.250000	63406.648438	848.711365	64925.136719
2010	07	118.110161	65.479820	108.376556	-9.733599	0.000004	0.000004	55.746216	5.881089	114.958870	317209.656250	63406.585938	851.502197	64926.132812
2010	07	184.221909	133.707108	94.783234	-89.438660	0.000033	0.000033	44.268433	71.856712	88.712784	494766.625000	63406.507812	855.255920	64928.371094
2010	07	196.409485	142.903152	95.588074	-100.821404	0.000038	0.000038	42.081749	72.186371	72.819168	527498.937500	63406.425781	859.631348	64931.417969
2010	07	211.524124	150.552155	104.492393	-107.031738	0.000040	0.000040	43.520428	59.931904	80.189400	568092.500000	63406.332031	864.242859	64934.687500
2010	07	189.076294	131.307968	97.532692	-91.543594	0.000034	0.000034	39.764374	34.490986	84.382690	507804.093750	63406.230469	868.903687	64938.042969
2010	07	195.395157	136.812210	96.075676	-99.319466	0.000037	0.000037	37.492737	80.609886	74.741844	524774.750000	63406.125000	873.162903	64941.117188
2010	07	209.095001	146.326279	98.795471	-110.299538	0.000041	0.000041	36.026733	74.656059	72.893661	561568.562500	63406.011719	877.648376	64944.472656
2010	07	191.031479	119.283562	108.981979	-82.049507	0.000031	0.000031	37.234066	1.557404	95.984810	513055.218750	63405.894531	881.985413	64947.679688
2010	07	170.989822	99.369171	106.994957	-63.994865	0.000024	0.000024	35.374306	-12.208182	50.292583	459229.093750	63405.773438	885.401123	64949.984375
2010	07	211.171829	128.057648	118.861908	-92.309929	0.000034	0.000034	35.747726	-17.097170	86.616982	567146.312500	63405.640625	889.137146	64952.601562
2010	07	178.780273	109.962051	99.502586	-79.277695	0.000030	0.000030	30.684349	34.210468	52.392918	480152.000000	63405.507812	892.880676	64955.335938
2010	07	187.668457	110.998764	106.093948	-81.574516	0.000030	0.000030	29.424255	38.135788	50.256542	504023.093750	63405.382812	896.242432	64957.785156
2010	07	176.841675	81.992004	125.524948	-51.316715	0.000019	0.000019	30.675293	37.303669	56.680286	474945.468750	63405.250000	899.093201	64959.714844
2010	07	130.130997	40.223263	120.391014	-9.739987	0.000004	0.000004	30.483274	40.765911	49.300716	349494.156250	63405.113281	900.502625	64960.167969
2010	07	189.539597	118.856171	96.610680	-92.928909	0.000035	0.000035	25.927256	50.225693	57.653511	509048.375000	63404.976562	903.914124	64962.730469
2010	07	185.416870	111.417671	98.364563	-87.052307	0.000033	0.000033	24.365358	83.936691	42.493633	497975.968750	63404.851562	907.458557	64965.515625
2010	07	164.250549	76.805038	111.208595	-53.041946	0.000020	0.000020	23.763096	9.913853	44.239281	441129.343750	63404.726562	910.610413	64967.945312
2010	07	184.775253	111.669228	93.298393	-91.476868	0.000034	0.000034	20.192366	97.167053	29.757944	496252.750000	63404.605469	913.450195	64970.132812
2010	07	167.496246	81.705170	106.298965	-61.197281	0.000023	0.000023	20.507889	58.662975	41.929150	449846.343750	63404.488281	916.309570	64972.390625
2010	07	180.779587	91.789688	109.248550	-71.531029	0.000027	0.000027	20.258663	44.590149	49.863110	485521.531250	63404.371094	919.403259	64974.871094
2010	07	156.846298	86.115135	88.679062	-68.167236	0.000025	0.000025	17.947893	78.307655	31.169353	421243.656250	63404.253906	922.210876	64977.117188
2010	07	149.424683	77.375595	89.473595	-59.951088	0.000022	0.000022	17.424509	91.029449	27.685558	401311.406250	63404.144531	924.816345	64979.199219
2010	07	119.885254	39.884258	96.790138	-23.095110	0.000009	0.000009	16.789146	66.488358	25.149019	321977.031250	63403.984375	926.458923	64980.347656
2010	07	140.809677	67.507507	88.825195	-51.984482	0.000019	0.000019	15.523023	64.857887	26.831585	378173.968750	63403.789062	928.429993	64981.851562
2010	08	116.944702	39.313759	93.599052	-23.345652	0.000009	0.000009	15.968108	84.049622	23.677721	314079.562500	63403.597656	929.769348	64982.726562
2010	08	112.631638	43.857662	83.676430	-28.955208	0.000011	0.000011	14.902455	73.423958	19.447966	302495.937500	63403.410156	931.473755	64983.992188
2010	08	102.121185	39.687756	76.496582	-25.624615	0.000010	0.000010	14.063143	96.717361	14.169302	274267.906250	63403.238281	932.720764	64984.824219
2010	08	107.565704	40.123585	81.610970	-25.954739	0.000010	0.000010	14.168844	87.588982	16.727337	288890.312500	63403.070312	934.014404	64985.714844
2010	08	93.293945	30.190578	77.012039	-16.281910	0.000006	0.000006	13.908669	35.820988	12.499736	250560.500000	63402.906250	935.169006	64986.468750
2010	08	108.133003	41.243233	80.638199	-27.494789	0.000010	0.000010	13.748443	64.161552	15.473680	290413.875000	63402.742188	936.353027	64987.257812
2010	08	110.275696	39.787655	84.204582	-26.071112	0.000010	0.000010	13.716545	73.597702	18.437103	296168.562500	63402.574219	937.634583	64988.144531
2010	08	108.602295	39.613644	82.317528	-26.284763	0.000010	0.000010	13.328882	46.389351	16.923563	291674.281250	63402.406250	939.043884	64989.171875
2010	08	108.536079	36.642712	85.083969	-23.452105	0.000009	0.000009	13.190608	48.224594	18.443022	291496.437500	63402.246094	940.245178	64989.996094
2010	08	98.678596	28.778070	82.674400	-16.004194	0.000006	0.000006	12.773877	65.432800	17.489573	265022.093750	63402.078125	941.308350	64990.695312
2010	08	95.964104	22.863087	85.934433	-10.029679	0.000004	0.000004	12.833406	41.466850	17.383619	257731.781250	63401.921875	942.136902	64991.164062
2010	08	99.206848	28.681536	84.313522	-14.893319	0.000006	0.000006	13.788216	26.462132	20.250507	266440.843750	63401.753906	943.083862	64991.734375
2010	08	85.656570	19.540237	80.617020	-5.039558	0.000002	0.000002	14.500680	20.330624	34.051510	230048.718750	63401.582031	943.900085	64992.148438
2010	08	74.085693	17.092642	71.471397	-2.614298	0.000001	0.000001	14.478344	34.262714	29.606676	198972.687500	63401.414062	944.515259	64992.343750
2010	08	50.247601	1.406346	63.125481	12.877880	-0.000005	-0.000005	14.284225	22.116699	24.076317	134950.500000	63401.269531	944.718384	64992.136719
2010	08	65.205063	13.058210	66.024635	0.819573	-0.000000	-0.000000	13.877784	43.451832	15.653499	175121.906250	63401.121094	945.060791	64992.070312
2010	08	77.149055	20.596148	70.809143	-6.339909	0.000002	0.000002	14.256239	67.132439	17.359640	207200.000000	63400.957031	945.706482	64992.316406
2010	08	72.712204	15.729173	71.128052	-1.584154	0.000001	0.000001	14.145020	53.981430	13.451632	195283.890625	63400.796875	946.240173	64992.445312
2010	08	77.752754	17.657768	74.247154	-3.505604	0.000001	0.000001	14.152164	33.862724	13.567642	208821.375000	63400.628906	946.847168	64992.648438
2010	08	81.063545	18.387739	76.834610	-4.228933	0.000002	0.000002	14.158806	18.612160	12.412019	217713.187500	63400.460938	947.461060	64992.859375
2010	08	87.082779	22.410650	78.767387	-8.315388	0.000003	0.000003	14.095263	25.169479	16.414150	233879.109375	63400.289062	948.192688	64993.183594
2010	08	81.292419	15.896482	79.421242	-1.871175	0.000001	0.000001	14.025308	34.290207	17.396961	218327.875000	63400.117188	948.757263	64993.347656
2010	08	62.450798	8.770267	67.502052	5.051254	-0.000002	-0.000002	13.821521	10.670407	19.627289	167724.750000	63399.949219	949.252686	64993.445312
2010	08	65.377769	12.959614	66.450920	1.073148	-0.000000	-0.000000	14.032762	48.975815	16.254137	175585.734375	63399.796875	949.616089	64993.410156
2010	08	65.772606	8.695805	71.584473	5.811862	-0.000002	-0.000002	14.507668	22.994253	26.323597	176646.171875	63399.636719	950.043701	64993.433594
2010	08	68.657303	5.833258	78.299416	9.642117	-0.000004	-0.000004	15.475374	-19.845367	29.527235	184393.609375	63399.480469	950.216431	64993.175781
2010	08	60.432644	6.616909	69.449837	9.017190	-0.000003	-0.000003	15.634099	-5.769000	42.050789	162304.562500	63399.308594	950.559692	64993.066406
2010	08	53.684380	4.171822	64.873390	11.189007	-0.000004	-0.000004	15.360828	17.034502	30.747374	144180.687500	63399.152344	950.739624	64992.789062
2010	08	57.968742	3.184477	70.620964	12.652220	-0.000005	-0.000005	15.836697	5.742259	15.436976	155687.234375	63398.996094	950.891846	64992.496094
2010	08	63.492352	7.978358	71.059685	7.567329	-0.000003	-0.000003	15.545687	16.333466	22.133223	170522.046875	63398.828125	951.192322	64992.343750
2010	08	57.471725	4.468072	68.469955	10.998227	-0.000004	-0.000004	15.466299	18.678555	12.709383	154352.406250	63398.667969	951.366882	64992.070312
2010	09	61.588207	8.237466	68.014977	6.426774	-0.000002	-0.000002	14.664239	17.236879	15.764906	170921.671875	63398.496094	951.631226	64991.890625
2010	09	35.951809	-6.434743	57.095570	21.143761	-0.000008	-0.000008	14.709017	-11.469939	9.615318	99774.687500	63398.339844	951.691345	64991.523438
2010	09	37.567593	-5.640136	59.356956	21.789364	-0.000008	-0.000008	16.149227	3.255204	16.826525	104258.859375	63398.207031	951.468750	64990.828125
2010	09	37.463039	-5.235409	58.231415	20.768377	-0.000008	-0.000008	15.532967	-10.815575	9.189349	103968.695312	63398.062500	951.375061	64990.257812
2010	09	30.981663	-6.193784	51.506245	20.524586	-0.000008	-0.000008	14.330801	-0.782679	7.947129	85981.359375	63397.929688	951.172913	64989.601562
2010	09	35.300793	-2.883749	52.601559	17.300768	-0.000007	-0.000007	14.417018	17.402502	10.423475	97967.953125	63397.796875	951.093933	64989.097656
2010	09	28.659187	-7.395802	49.824982	21.165796	-0.000008	-0.000008	13.769993	11.324210	6.806482	79535.937500	63397.667969	950.914673	64988.500000
2010	09	34.108139	-3.850971	51.981697	17.873556	-0.000007	-0.000007	14.022586	5.166749	10.977305	94658.070312	63397.539062	950.777832	64987.953125
2010	09	26.516222	-8.647960	49.315449	22.799227	-0.000009	-0.000009	14.151266	12.146836	4.084191	73588.710938	63397.410156	950.545227	64987.308594
2010	09	27.158272	-7.562601	48.740746	21.582476	-0.000008	-0.000008	14.019875	14.800399	7.324553	75370.546875	63397.281250	950.352966	64986.691406
2010	09	26.478451	-8.135534	48.711651	22.233198	-0.000009	-0.000009	14.097665	2.808897	10.232450	73483.890625	63397.148438	950.089233	64986.015625
2010	09	22.125536	-10.092917	45.332024	23.206488	-0.000009	-0.000009	13.113571	7.243905	6.424560	61403.535156	63397.019531	949.821350	64985.343750
2010	09	19.914907	-10.476604	42.766544	22.851639	-0.000009	-0.000009	12.375034	5.432053	4.691055	55268.519531	63396.894531	949.473389	64984.621094
2010	09	17.536434	-13.549384	44.625984	27.089550	-0.000010	-0.000010	13.540165	-11.513579	13.845664	48667.703125	63396.769531	949.057373	64983.843750
2010	09	16.523426	-14.083407	45.148197	28.624769	-0.000011	-0.000011	14.541364	-18.920483	15.818648	45856.371094	63396.636719	948.623779	64982.984375
2010	09	13.335355	-15.860765	43.487946	30.152590	-0.000012	-0.000012	14.291825	-20.172592	17.372313	37008.726562	63396.500000	948.134399	64982.066406
2010	09	18.078878	-11.043283	42.189705	24.110826	-0.000009	-0.000009	13.067544	15.684595	4.236681	50173.117188	63396.363281	947.748474	64981.265625
2010	09	16.562593	-12.766804	42.636024	26.073431	-0.000010	-0.000010	13.306627	-3.350116	4.001980	45965.066406	63396.234375	947.363281	64980.503906
2010	09	13.101101	-14.239404	39.838970	26.737869	-0.000010	-0.000010	12.498466	3.267984	4.141325	36358.617188	63396.101562	946.943481	64979.695312
2010	09	13.970748	-12.297965	37.714199	23.743450	-0.000009	-0.000009	11.445485	1.610538	2.324300	38772.089844	63395.972656	946.527161	64978.933594
2010	09	11.851156	-15.079525	38.583630	26.732475	-0.000010	-0.000010	11.652950	-11.896662	6.050544	32889.730469	63395.847656	946.068787	64978.152344
2010	09	12.614152	-15.174357	41.071499	28.457348	-0.000011	-0.000011	13.282990	-12.426038	6.179207	35007.222656	63395.718750	945.595459	64977.320312
2010	09	13.159136	-15.058842	42.201218	29.042078	-0.000011	-0.000011	13.983237	-19.361586	10.657503	36519.679688	63395.585938	945.137329	64976.453125
2010	09	9.537516	-16.495462	39.336079	29.798563	-0.000011	-0.000011	13.303101	-14.914386	12.150610	26468.835938	63395.449219	944.650452	64975.554688
2010	09	9.238057	-14.452220	35.231422	25.993366	-0.000010	-0.000010	11.541146	-3.594569	4.065494	25637.769531	63395.316406	944.163086	64974.703125
2010	09	7.590438	-14.528942	32.327721	24.737284	-0.000010	-0.000010	10.208342	0.900617	5.187674	21065.240234	63395.191406	943.682800	64973.917969
2010	09	5.958781	-15.723823	31.598032	25.639250	-0.000010	-0.000010	9.915429	2.476712	1.455420	16537.011719	63395.070312	943.200623	64973.156250
2010	09	5.447782	-16.184393	31.286032	25.838249	-0.000010	-0.000010	9.653855	5.088401	1.884455	15118.868164	63394.953125	942.701111	64972.382812
2010	09	4.527177	-17.327702	31.607544	27.080366	-0.000010	-0.000010	9.752664	0.555844	5.466949	12563.973633	63394.832031	942.192627	64971.601562
2010	09	3.436436	-17.760447	30.848684	27.412247	-0.000011	-0.000011	9.651802	-2.507947	1.954693	9536.914062	63394.714844	941.670227	64970.808594
2010	10	0.000000	-20.293373	30.332008	30.332008	-0.000011	-0.000011	10.038634	-1.421749	0.599607	0.000000	63394.597656	941.147827	64970.011719
2010	10	1.893994	-17.464615	28.741425	26.847433	-0.000010	-0.000010	9.382816	-8.801459	1.579514	5086.718750	63394.480469	940.489990	64969.261719
2010	10	1.716640	-17.265974	28.367939	26.651299	-0.000010	-0.000010	9.385324	-1.441846	1.660244	4610.397461	63394.371094	939.115234	64968.542969
2010	10	1.999305	-18.416483	36.541485	34.542179	-0.000013	-0.000013	16.125698	-18.219717	2.236306	5369.554199	63394.281250	936.848694	64967.718750
2010	10	2.060646	-17.908575	40.816315	38.755669	-0.000014	-0.000014	20.847095	-8.735685	3.766942	5534.296875	63394.207031	933.691711	64966.609375
2010	10	1.754776	-17.770483	38.504223	36.749443	-0.000014	-0.000014	18.978964	-2.233914	3.504810	4712.820312	63394.148438	929.668030	64965.496094
2010	10	1.199192	-17.688667	37.045918	35.846725	-0.000013	-0.000013	18.158060	-0.150752	2.609652	3220.681152	63394.101562	924.775696	64964.429688
2010	10	0.062398	-18.659735	37.778984	37.716587	-0.000014	-0.000014	19.056850	0.979251	1.220289	167.582016	63394.082031	918.999695	64963.347656
2010	10	0.000000	-17.962536	37.701439	37.701439	-0.000014	-0.000014	19.738903	-1.848071	-0.519317	0.000000	63394.097656	912.340271	64962.203125
2010	10	0.005880	-16.604202	29.510204	29.504324	-0.000011	-0.000011	12.900121	-3.461006	-0.678622	15.792175	63394.160156	904.817078	64961.144531
2010	10	0.102332	-16.919579	24.422167	24.319834	-0.000009	-0.000009	7.400256	-1.018120	-0.346692	274.833527	63394.218750	896.429504	64960.339844
2010	10	0.138117	-15.430379	22.551020	22.412905	-0.000008	-0.000008	6.982525	-1.394660	-0.151920	370.941193	63394.277344	887.141235	64959.550781
2010	10	0.120997	-17.184168	24.156565	24.035566	-0.000009	-0.000009	6.851399	-4.542319	-2.549657	324.964172	63394.332031	876.972107	64958.765625
2010	10	0.003535	-15.409691	22.843637	22.840103	-0.000009	-0.000009	7.430414	-11.935863	-4.264827	9.492859	63394.417969	865.881409	64957.894531
2010	10	0.023515	-15.084697	22.081955	22.058441	-0.000008	-0.000008	6.973745	-12.193613	-4.433948	63.154160	63394.507812	853.960815	64957.050781
2010	10	0.015963	-16.200119	23.507862	23.491901	-0.000009	-0.000009	7.291781	-11.813903	-4.292636	42.871365	63394.601562	841.133850	64956.140625
2010	10	0.000000	-18.377243	27.273844	27.273844	-0.000010	-0.000010	8.896600	-4.985321	-1.917583	0.000000	63394.746094	834.275513	64955.109375
2010	10	0.000000	-16.907589	25.768801	25.768801	-0.000010	-0.000010	8.861212	-5.484231	-1.979787	0.000000	63394.910156	833.472473	64954.062500
2010	10	0.000000	-14.023810	22.347853	22.347853	-0.000008	-0.000008	8.324043	-3.051915	-0.886587	0.000000	63395.066406	832.745972	64953.105469
2010	10	0.000000	-11.858509	19.031876	19.031876	-0.000007	-0.000007	7.173366	-3.242458	-0.823756	0.000000	63395.195312	832.107849	64952.261719
2010	10	0.000000	-12.245761	19.114008	19.114008	-0.000007	-0.000007	6.868248	-6.646690	-1.841621	0.000000	63395.300781	831.506348	64951.484375
2010	10	0.000000	-11.412975	17.918528	17.918528	-0.000007	-0.000007	6.505552	-6.795043	-1.705735	0.000000	63395.406250	830.912842	64950.718750
2010	10	0.000000	-10.097665	16.126717	16.126717	-0.000006	-0.000006	6.029052	-7.259350	-1.599752	0.000000	63395.500000	830.354248	64950.003906
2010	10	0.000000	-9.709867	15.121818	15.121818	-0.000006	-0.000006	5.411951	-5.375304	-1.049902	0.000000	63395.582031	829.846619	64949.359375
2010	10	0.000000	-10.165253	15.087654	15.087654	-0.000006	-0.000006	4.922401	-7.218865	-1.576637	0.000000	63395.648438	829.323303	64948.714844
2010	10	0.000000	-8.308413	12.587844	12.587844	-0.000005	-0.000005	4.279431	-6.704183	-0.972743	0.000000	63395.703125	828.832458	64948.121094
2010	10	0.000000	-9.196600	12.978870	12.978870	-0.000005	-0.000005	3.782270	-7.887016	-2.100761	0.000000	63395.742188	828.385193	64947.589844
2010	10	0.000000	-11.840832	15.330000	15.330000	-0.000006	-0.000006	3.489167	-8.607940	-3.480341	0.000000	63395.777344	827.844849	64946.976562
2010	10	0.000000	-10.419126	13.087702	13.087702	-0.000005	-0.000005	2.668577	-14.274760	-4.675980	0.000000	63395.789062	827.305481	64946.386719
2010	10	0.000000	-9.275353	11.902568	11.902568	-0.000004	-0.000004	2.627215	-12.974646	-3.722772	0.000000	63395.796875	826.821167	64945.863281
2010	10	0.000000	-9.080279	11.670794	11.670794	-0.000004	-0.000004	2.590516	-7.537137	-2.257201	0.000000	63395.804688	826.352295	64945.355469
2010	11	0.000000	-7.881502	10.358288	10.358288	-0.000004	-0.000004	2.476785	-4.795310	-1.255379	0.000000	63395.812500	825.913208	64944.878906
2010	11	0.000000	-6.200345	8.636033	8.636033	-0.000003	-0.000003	2.435689	-15.938519	-2.359977	0.000000	63395.816406	825.519531	64944.445312
2010	11	0.000000	-5.428815	7.804359	7.804359	-0.000003	-0.000003	2.375543	-12.089825	-1.543977	0.000000	63395.824219	825.173096	64944.066406
2010	11	0.000000	-6.253778	8.567668	8.567668	-0.000003	-0.000003	2.313890	-3.544702	-0.775948	0.000000	63395.828125	824.823608	64943.683594
2010	11	0.000000	-5.973507	8.239545	8.239545	-0.000003	-0.000003	2.266038	-1.262690	-0.265467	0.000000	63395.835938	824.470337	64943.296875
2010	11	0.000000	-5.925869	8.144217	8.144217	-0.000003	-0.000003	2.218348	-1.301944	-0.288217	0.000000	63395.839844	824.124512	64942.921875
2010	11	0.000000	-4.705934	6.866805	6.866805	-0.000003	-0.000003	2.160871	-7.832326	-0.708599	0.000000	63395.847656	823.803894	64942.574219
2010	11	0.000000	-5.081396	7.167266	7.167266	-0.000003	-0.000003	2.085870	-12.676300	-1.558592	0.000000	63395.851562	823.507996	64942.253906
2010	11	0.000000	-6.497220	8.505269	8.505269	-0.000003	-0.000003	2.008049	-11.680109	-2.441542	0.000000	63395.859375	823.179688	64941.902344
2010	11	0.000000	-6.619222	8.564687	8.564687	-0.000003	-0.000003	1.945466	-12.047916	-2.804287	0.000000	63395.863281	822.823608	64941.523438
2010	11	0.000000	-6.440531	8.332788	8.332788	-0.000003	-0.000003	1.892257	-7.664622	-1.814363	0.000000	63395.871094	822.465759	64941.148438
2010	11	0.000000	-5.292353	7.132370	7.132370	-0.000003	-0.000003	1.840017	-5.466870	-0.907086	0.000000	63395.875000	822.145691	64940.812500
2010	11	0.000000	-5.257452	7.038497	7.038497	-0.000003	-0.000003	1.781045	-7.866104	-1.365690	0.000000	63395.878906	821.847717	64940.500000
2010	11	0.000000	-5.065628	6.795165	6.795165	-0.000003	-0.000003	1.729536	-7.000100	-1.184891	0.000000	63395.886719	821.556152	64940.191406
2010	11	0.000000	-4.896074	6.578818	6.578818	-0.000003	-0.000003	1.682744	-13.370535	-1.935687	0.000000	63395.890625	821.268738	64939.894531
2010	11	0.000000	-4.395572	6.030232	6.030232	-0.000002	-0.000002	1.634661	-13.686093	-1.712674	0.000000	63395.894531	820.994080	64939.609375
2010	11	0.000000	-4.152715	5.731692	5.731692	-0.000002	-0.000002	1.578978	-6.540264	-0.924473	0.000000	63395.902344	820.741211	64939.347656
2010	11	0.000000	-5.735960	7.273328	7.273328	-0.000003	-0.000003	1.537369	-6.714220	-1.742645	0.000000	63395.906250	820.463257	64939.062500
2010	11	0.000000	-5.572152	7.100266	7.100266	-0.000003	-0.000003	1.528114	-9.155604	-2.227787	0.000000	63395.914062	820.152039	64938.746094
2010	11	0.000000	-4.353796	5.867990	5.867990	-0.000002	-0.000002	1.514193	-4.079755	-0.478476	0.000000	63395.917969	819.890686	64938.476562
2010	11	0.000000	-3.501689	4.993458	4.993458	-0.000002	-0.000002	1.491768	1.008037	-0.298592	0.000000	63395.925781	819.647156	64938.230469
2010	11	0.000000	-4.101027	5.561364	5.561364	-0.000002	-0.000002	1.460336	-2.265787	-0.385395	0.000000	63395.933594	819.422791	64938.000000
2010	11	0.000000	-4.985949	6.426741	6.426741	-0.000002	-0.000002	1.440792	-3.933516	-0.912903	0.000000	63395.941406	819.166992	64937.742188
2010	11	0.000000	-4.895850	6.321215	6.321215	-0.000002	-0.000002	1.425365	-13.754970	-2.470989	0.000000	63395.945312	818.903992	64937.476562
2010	11	0.000000	-5.807346	7.216591	7.216591	-0.000003	-0.000003	1.409245	-8.102883	-2.049057	0.000000	63395.953125	818.620972	64937.191406
2010	11	0.000000	-6.556504	7.955548	7.955548	-0.000003	-0.000003	1.399044	-11.822703	-3.772178	0.000000	63395.960938	818.325195	64936.894531
2010	11	0.000000	-6.000214	7.399275	7.399275	-0.000003	-0.000003	1.399062	-14.088741	-4.128494	0.000000	63395.968750	818.011414	64936.578125
2010	11	0.000000	-5.182084	6.579838	6.579838	-0.000003	-0.000003	1.397754	-13.832413	-3.442133	0.000000	63395.980469	817.737244	64936.300781
2010	11	0.000000	-5.531272	6.924082	6.924082	-0.000003	-0.000003	1.392811	-17.236883	-4.232562	0.000000	63395.988281	817.465759	64936.027344
2010	11	0.000000	-4.918731	6.305035	6.305035	-0.000002	-0.000002	1.386304	-17.247719	-3.766567	0.000000	63396.000000	817.199707	64935.761719
2010	12	0.000000	-3.271802	4.693859	4.693859	-0.000002	-0.000002	1.422057	-7.791423	-1.181558	0.000000	63396.007812	816.972534	64935.531250
2010	12	0.000000	-2.164270	3.569410	3.569410	-0.000001	-0.000001	1.405140	8.016519	-0.256208	0.000000	63396.019531	816.806885	64935.367188
2010	12	0.000000	-2.490653	3.874420	3.874420	-0.000001	-0.000001	1.383766	-3.195041	-0.388208	0.000000	63396.027344	816.642639	64935.199219
2010	12	0.000000	-1.868941	3.228517	3.228517	-0.000001	-0.000001	1.359575	10.950259	-0.193447	0.000000	63396.039062	816.489136	64935.046875
2010	12	0.000000	-2.523090	3.857576	3.857576	-0.000001	-0.000001	1.334486	3.610580	-0.398680	0.000000	63396.046875	816.334290	64934.894531
2010	12	0.000000	-2.740277	4.048063	4.048063	-0.000002	-0.000002	1.307786	5.315477	-0.211819	0.000000	63396.054688	816.172546	64934.734375
2010	12	0.000000	-4.541695	5.822622	5.822622	-0.000002	-0.000002	1.280927	-7.265865	-1.552443	0.000000	63396.066406	815.969604	64934.535156
2010	12	0.000000	-4.628889	5.891271	5.891271	-0.000002	-0.000002	1.262383	-4.148488	-0.950860	0.000000	63396.078125	815.738770	64934.308594
2010	12	0.000000	-4.198229	5.445699	5.445699	-0.000002	-0.000002	1.247470	-2.287808	-1.102826	0.000000	63396.085938	815.519226	64934.093750
2010	12	0.000000	-2.802298	4.033744	4.033744	-0.000002	-0.000002	1.231446	-3.886918	-0.970541	0.000000	63396.097656	815.329224	64933.906250
2010	12	0.000000	-4.943412	6.153979	6.153979	-0.000002	-0.000002	1.210567	-5.064826	-2.492549	0.000000	63396.109375	815.132935	64933.714844
2010	12	0.000000	-4.312668	5.511811	5.511811	-0.000002	-0.000002	1.199144	-11.343992	-3.023782	0.000000	63396.117188	814.898010	64933.488281
2010	12	0.000000	-4.707999	5.900439	5.900439	-0.000002	-0.000002	1.192439	-12.421598	-3.106795	0.000000	63396.128906	814.686340	64933.281250
2010	12	0.000000	-3.649277	4.832438	4.832438	-0.000002	-0.000002	1.183162	-5.123823	-0.846307	0.000000	63396.140625	814.472534	64933.074219
2010	12	0.000000	-3.805875	4.975739	4.975739	-0.000002	-0.000002	1.169864	-6.683320	-1.187193	0.000000	63396.152344	814.292664	64932.902344
2010	12	0.000000	-4.418680	5.571207	5.571207	-0.000002	-0.000002	1.152527	-13.184162	-3.131316	0.000000	63396.164062	814.078918	64932.695312
2010	12	0.000000	-5.719903	6.857768	6.857768	-0.000003	-0.000003	1.137865	-13.018034	-5.433948	0.000000	63396.171875	813.848450	64932.472656
2010	12	0.000000	-4.435430	5.565456	5.565456	-0.000002	-0.000002	1.130027	-6.353009	-3.828457	0.000000	63396.183594	813.606995	64932.238281
2010	12	0.000000	-2.590918	3.717244	3.717244	-0.000001	-0.000001	1.126326	-1.442888	-0.818063	0.000000	63396.195312	813.433105	64932.074219
2010	12	0.000000	-3.027393	4.148014	4.148014	-0.000002	-0.000002	1.120621	-12.894396	-1.486783	0.000000	63396.207031	813.271729	64931.917969
2010	12	0.000000	-2.468866	3.579831	3.579831	-0.000001	-0.000001	1.110965	-10.890676	-0.985420	0.000000	63396.218750	813.117798	64931.773438
2010	12	0.000000	-3.113242	4.210406	4.210406	-0.000002	-0.000002	1.097164	-11.825557	-2.560555	0.000000	63396.230469	812.957214	64931.621094
2010	12	0.000000	-2.008036	3.089315	3.089315	-0.000001	-0.000001	1.081279	-0.183230	-0.450953	0.000000	63396.242188	812.811890	64931.484375
2010	12	0.000000	-2.428345	3.491663	3.491663	-0.000001	-0.000001	1.063318	0.482361	-1.189427	0.000000	63396.253906	812.675659	64931.359375
2010	12	0.000000	-1.955274	2.999158	2.999158	-0.000001	-0.000001	1.043884	-10.903717	-0.680578	0.000000	63396.261719	812.541016	64931.234375
2010	12	0.000000	-1.900740	2.922638	2.922638	-0.000001	-0.000001	1.021898	-2.597423	-0.216760	0.000000	63396.273438	812.415405	64931.121094
2010	12	0.000000	-2.060868	3.053240	3.053240	-0.000001	-0.000001	0.992372	-3.829143	-0.211436	0.000000	63396.285156	812.288513	64931.007812
2010	12	0.000000	-2.610451	3.572307	3.572307	-0.000001	-0.000001	0.961856	1.541245	-0.268359	0.000000	63396.296875	812.148926	64930.878906
2010	12	0.000000	-2.415310	3.350329	3.350329	-0.000001	-0.000001	0.935019	1.589257	-0.277504	0.000000	63396.308594	812.007202	64930.753906
2010	12	0.000000	-2.588688	3.498725	3.498725	-0.000001	-0.000001	0.910037	0.528883	-0.518385	0.000000	63396.320312	811.865906	64930.625000
2010	12	0.000000	-3.527689	4.413637	4.413637	-0.000002	-0.000002	0.885948	-7.300038	-2.408427	0.000000	63396.332031	811.704590	64930.480469
2011	01	0.000000	-2.212189	3.078005	3.078005	-0.000001	-0.000001	0.865816	-5.049186	-1.010968	0.000000	63396.339844	811.552063	64930.343750
2011	01	0.000000	-2.462039	3.292030	3.292030	-0.000001	-0.000001	0.829991	-10.049656	-1.464087	0.000000	63396.351562	811.414185	64930.222656
2011	01	0.000000	-2.056975	2.845767	2.845767	-0.000001	-0.000001	0.788792	-8.926097	-0.805280	0.000000	63396.363281	811.284729	64930.113281
2011	01	0.000000	-1.360678	2.107845	2.107845	-0.000001	-0.000001	0.747167	1.643337	-0.195849	0.000000	63396.371094	811.169434	64930.015625
2011	01	0.000000	-2.016276	2.714398	2.714398	-0.000001	-0.000001	0.698123	-0.390757	-0.381015	0.000000	63396.378906	811.061340	64929.929688
2011	01	0.000000	-2.134909	2.787251	2.787251	-0.000001	-0.000001	0.652342	-5.231687	-0.430725	0.000000	63396.386719	810.932739	64929.824219
2011	01	0.000000	-2.213071	2.831646	2.831646	-0.000001	-0.000001	0.618575	-1.470454	-0.591255	0.000000	63396.394531	810.803162	64929.718750
2011	01	0.000000	-1.386807	1.975913	1.975913	-0.000001	-0.000001	0.589106	4.053055	-0.267909	0.000000	63396.402344	810.690552	64929.628906
2011	01	0.000000	-1.675420	2.226875	2.226875	-0.000001	-0.000001	0.551455	-4.792906	-0.372107	0.000000	63396.410156	810.585266	64929.550781
2011	01	0.000000	-1.617367	2.127059	2.127059	-0.000001	-0.000001	0.509692	-3.107750	-0.376658	0.000000	63396.417969	810.473083	64929.464844
2011	01	0.000000	-2.000845	2.470058	2.470058	-0.000001	-0.000001	0.469213	-6.541682	-0.723634	0.000000	63396.421875	810.366333	64929.386719
2011	01	0.000000	-3.144522	3.577206	3.577206	-0.000001	-0.000001	0.432684	-10.437240	-1.623687	0.000000	63396.425781	810.224792	64929.277344
2011	01	0.000000	-3.625932	4.044014	4.044014	-0.000002	-0.000002	0.418083	-5.667592	-1.311131	0.000000	63396.429688	810.060913	64929.144531
2011	01	0.000000	-3.693051	4.107152	4.107152	-0.000002	-0.000002	0.414102	-8.219440	-1.756329	0.000000	63396.437500	809.884216	64928.996094
2011	01	0.000000	-3.536325	3.949270	3.949270	-0.000001	-0.000001	0.412946	-12.509210	-2.524626	0.000000	63396.441406	809.717224	64928.863281
2011	01	0.000000	-3.363952	3.776157	3.776157	-0.000001	-0.000001	0.412205	-18.661001	-3.165460	0.000000	63396.445312	809.545166	64928.718750
2011	01	0.000000	-2.173568	2.584917	2.584917	-0.000001	-0.000001	0.411349	-0.451383	-0.358711	0.000000	63396.449219	809.409485	64928.617188
2011	01	0.000000	-1.794548	2.203437	2.203437	-0.000001	-0.000001	0.408889	-1.091205	-0.460000	0.000000	63396.457031	809.288635	64928.527344
2011	01	0.000000	-2.101424	2.502914	2.502914	-0.000001	-0.000001	0.401489	-6.636899	-0.592484	0.000000	63396.460938	809.175232	64928.445312
2011	01	0.000000	-1.959810	2.344119	2.344119	-0.000001	-0.000001	0.384309	-12.411294	-0.783272	0.000000	63396.464844	809.056396	64928.355469
2011	01	0.000000	-2.032557	2.390780	2.390780	-0.000001	-0.000001	0.358224	-8.140526	-0.660641	0.000000	63396.468750	808.937744	64928.269531
2011	01	0.000000	-1.921318	2.253101	2.253101	-0.000001	-0.000001	0.331783	-13.072577	-0.820601	0.000000	63396.472656	808.823608	64928.191406
2011	01	0.000000	-1.911601	2.216390	2.216390	-0.000001	-0.000001	0.304789	-13.710063	-0.854410	0.000000	63396.476562	808.709167	64928.109375
2011	01	0.000000	-2.329258	2.607326	2.607326	-0.000001	-0.000001	0.278068	-15.684499	-1.701396	0.000000	63396.480469	808.590942	64928.027344
2011	01	0.000000	-3.108341	3.365844	3.365844	-0.000001	-0.000001	0.257504	-19.585098	-5.605347	0.000000	63396.484375	808.450012	64927.921875
2011	01	0.000000	-2.781566	3.032489	3.032489	-0.000001	-0.000001	0.250923	-17.949392	-3.680748	0.000000	63396.488281	808.301514	64927.808594
2011	01	0.000000	-2.512974	2.762290	2.762290	-0.000001	-0.000001	0.249315	-11.930726	-2.179092	0.000000	63396.488281	808.167725	64927.710938
2011	01	0.000000	-2.595567	2.843878	2.843878	-0.000001	-0.000001	0.248311	-8.529563	-1.228793	0.000000	63396.492188	808.035400	64927.613281
2011	01	0.000000	-1.882646	2.129993	2.129993	-0.000001	-0.000001	0.247347	-3.912623	-0.547737	0.000000	63396.496094	807.908386	64927.523438
2011	01	0.000000	-1.692144	1.937860	1.937860	-0.000001	-0.000001	0.245716	0.363029	-0.274968	0.000000	63396.496094	807.806152	64927.457031
2011	01	0.000000	-2.250281	2.492476	2.492476	-0.000001	-0.000001	0.242195	-4.223089	-0.620030	0.000000	63396.500000	807.690918	64927.378906
2011	02	0.000000	-2.384127	2.597868	2.597868	-0.000001	-0.000001	0.213741	-5.781802	-0.952303	0.000000	63396.503906	807.560486	64927.285156
2011	02	0.000000	-1.630003	1.839130	1.839130	-0.000001	-0.000001	0.209127	-14.421428	-0.861710	0.000000	63396.507812	807.438354	64927.199219
2011	02	0.000000	-1.176791	1.380033	1.380033	-0.000001	-0.000001	0.203242	-2.279887	-0.252757	0.000000	63396.507812	807.339966	64927.136719
2011	02	0.000000	-1.270524	1.462873	1.462873	-0.000001	-0.000001	0.192349	1.277346	-0.161324	0.000000	63396.511719	807.249512	64927.085938
2011	02	0.000000	-1.460464	1.638110	1.638110	-0.000001	-0.000001	0.177646	-3.023913	-0.205994	0.000000	63396.515625	807.148865	64927.023438
2011	02	0.000000	-1.211659	1.374414	1.374414	-0.000001	-0.000001	0.162755	-8.798517	-0.307185	0.000000	63396.515625	807.051331	64926.960938
2011	02	0.000000	-1.199215	1.346754	1.346754	-0.000001	-0.000001	0.147540	-2.844992	-0.199365	0.000000	63396.519531	806.960999	64926.910156
2011	02	0.000000	-1.274188	1.409371	1.409371	-0.000001	-0.000001	0.135183	-4.382998	-0.336584	0.000000	63396.519531	806.867188	64926.855469
2011	02	0.000000	-1.328063	1.451554	1.451554	-0.000001	-0.000001	0.123490	-8.200722	-0.493812	0.000000	63396.519531	806.774170	64926.804688
2011	02	0.000000	-2.168333	2.278889	2.278889	-0.000001	-0.000001	0.110556	-19.613985	-2.697271	0.000000	63396.523438	806.662048	64926.730469
2011	02	0.000000	-2.149284	2.252225	2.252225	-0.000001	-0.000001	0.102941	-18.212990	-2.129237	0.000000	63396.523438	806.535156	64926.644531
2011	02	0.000000	-2.172564	2.271799	2.271799	-0.000001	-0.000001	0.099235	-17.925615	-2.128302	0.000000	63396.523438	806.410034	64926.558594
2011	02	0.000000	-2.020413	2.117833	2.117833	-0.000001	-0.000001	0.097420	-15.006507	-1.500467	0.000000	63396.527344	806.285156	64926.476562
2011	02	0.000000	-1.418891	1.516456	1.516456	-0.000001	-0.000001	0.097566	-5.124338	-0.301087	0.000000	63396.527344	806.178406	64926.410156
2011	02	0.000000	-1.886051	1.980533	1.980533	-0.000001	-0.000001	0.094481	-15.538364	-1.529778	0.000000	63396.527344	806.074646	64926.347656
2011	02	0.000000	-1.997213	2.087657	2.087657	-0.000001	-0.000001	0.090444	-16.646566	-1.693176	0.000000	63396.531250	805.953918	64926.265625
2011	02	0.000000	-2.055481	2.142168	2.142168	-0.000001	-0.000001	0.086687	-13.608917	-1.547634	0.000000	63396.531250	805.835510	64926.187500
2011	02	0.000000	-1.929039	2.012057	2.012057	-0.000001	-0.000001	0.083019	-11.513670	-1.272117	0.000000	63396.531250	805.715698	64926.109375
2011	02	0.000000	-1.594336	1.674942	1.674942	-0.000001	-0.000001	0.080606	-9.652250	-0.821521	0.000000	63396.535156	805.605713	64926.042969
2011	02	0.000000	-1.346493	1.424455	1.424455	-0.000001	-0.000001	0.077962	-6.643121	-0.375111	0.000000	63396.535156	805.505798	64925.984375
2011	02	0.000000	-1.477484	1.546143	1.546143	-0.000001	-0.000001	0.068659	-11.582020	-0.734116	0.000000	63396.535156	805.409729	64925.929688
2011	02	0.000000	-1.610618	1.659531	1.659531	-0.000001	-0.000001	0.048913	-15.270714	-1.059412	0.000000	63396.535156	805.307495	64925.867188
2011	02	0.000000	-1.716423	1.749514	1.749514	-0.000001	-0.000001	0.033091	-8.525627	-0.764647	0.000000	63396.535156	805.200928	64925.804688
2011	02	0.000000	-1.597741	1.625249	1.625249	-0.000001	-0.000001	0.027508	-13.770267	-0.992111	0.000000	63396.535156	805.094604	64925.742188
2011	02	0.000000	-1.305651	1.328265	1.328265	-0.000001	-0.000001	0.022614	-10.948503	-0.724178	0.000000	63396.535156	804.994385	64925.683594
2011	02	0.000000	-1.550043	1.568542	1.568542	-0.000001	-0.000001	0.018500	-5.644314	-0.387173	0.000000	63396.535156	804.899048	64925.632812
2011	02	0.000000	-1.669002	1.683610	1.683610	-0.000001	-0.000001	0.014608	-5.655290	-0.619101	0.000000	63396.535156	804.795227	64925.570312
2011	02	0.000000	-1.182077	1.192877	1.192877	-0.000000	-0.000000	0.010800	-2.447633	-0.255105	0.000000	63396.535156	804.696655	64925.515625
2011	03	0.000000	-2.277412	2.286511	2.286511	-0.000001	-0.000001	0.009099	-9.138021	-1.310094	0.000000	63396.535156	804.595520	64925.460938
2011	03	0.000000	-3.089949	3.097651	3.097651	-0.000001	-0.000001	0.007703	-13.778142	-3.089347	0.000000	63396.535156	804.459656	64925.367188
2011	03	0.000000	-2.313783	2.320789	2.320789	-0.000001	-0.000001	0.007006	-8.118859	-1.082879	0.000000	63396.535156	804.322510	64925.273438
2011	03	0.000000	-2.005407	2.012078	2.012078	-0.000001	-0.000001	0.006671	-3.757432	-0.389231	0.000000	63396.535156	804.208252	64925.203125
2011	03	0.000000	-2.068969	2.075366	2.075366	-0.000001	-0.000001	0.006396	-5.170624	-1.378992	0.000000	63396.535156	804.105103	64925.144531
2011	03	0.000000	-2.705824	2.711884	2.711884	-0.000001	-0.000001	0.006060	-9.798567	-1.741875	0.000000	63396.535156	803.974243	64925.058594
2011	03	0.000000	-4.289736	4.295453	4.295453	-0.000002	-0.000002	0.005717	-26.358366	-10.642014	0.000000	63396.535156	803.821838	64924.949219
2011	03	0.000000	-4.760121	4.765598	4.765598	-0.000002	-0.000002	0.005477	-20.713335	-8.928596	0.000000	63396.535156	803.623657	64924.792969
2011	03	0.000000	-3.399981	3.405366	3.405366	-0.000001	-0.000001	0.005386	-24.370687	-6.022115	0.000000	63396.535156	803.445251	64924.660156
2011	03	0.000000	-2.447391	2.452754	2.452754	-0.000001	-0.000001	0.005363	-14.371962	-2.082209	0.000000	63396.535156	803.310425	64924.570312
2011	03	0.000000	-2.048873	2.054237	2.054237	-0.000001	-0.000001	0.005364	-3.789909	-0.555737	0.000000	63396.535156	803.190125	64924.492188
2011	03	0.000000	-2.068963	2.074319	2.074319	-0.000001	-0.000001	0.005356	-11.485140	-1.282589	0.000000	63396.535156	803.081360	64924.429688
2011	03	0.000000	-1.919574	1.924858	1.924858	-0.000001	-0.000001	0.005284	-3.772722	-0.540152	0.000000	63396.535156	802.968628	64924.359375
2011	03	0.000000	-1.820456	1.825297	1.825297	-0.000001	-0.000001	0.004841	-5.607696	-0.905810	0.000000	63396.535156	802.865417	64924.300781
2011	03	0.000000	-1.988967	1.992948	1.992948	-0.000001	-0.000001	0.003981	-12.087873	-1.463505	0.000000	63396.535156	802.757446	64924.234375
2011	03	0.000000	-2.355867	2.358818	2.358818	-0.000001	-0.000001	0.002951	-17.173847	-2.497666	0.000000	63396.535156	802.642883	64924.164062
2011	03	0.000000	-2.657597	2.659545	2.659545	-0.000001	-0.000001	0.001949	-10.108903	-2.025274	0.000000	63396.535156	802.516479	64924.082031
2011	03	0.000000	-2.422333	2.423893	2.423893	-0.000001	-0.000001	0.001560	-5.883857	-1.049678	0.000000	63396.535156	802.388062	64923.996094
2011	03	0.000000	-1.971761	1.973053	1.973053	-0.000001	-0.000001	0.001293	-6.291968	-1.284953	0.000000	63396.535156	802.270813	64923.925781
2011	03	0.000000	-2.248138	2.249178	2.249178	-0.000001	-0.000001	0.001039	-10.793838	-1.689822	0.000000	63396.535156	802.161804	64923.859375
2011	03	0.000000	-3.089483	3.090255	3.090255	-0.000001	-0.000001	0.000772	-13.635741	-3.793597	0.000000	63396.535156	802.026978	64923.769531
2011	03	0.000000	-1.920508	1.921002	1.921002	-0.000001	-0.000001	0.000494	-7.437961	-1.656955	0.000000	63396.535156	801.900818	64923.687500
2011	03	0.000000	-2.290358	2.290598	2.290598	-0.000001	-0.000001	0.000241	-12.276311	-2.027677	0.000000	63396.535156	801.793274	64923.621094
2011	03	0.000000	-3.423661	3.423690	3.423690	-0.000001	-0.000001	0.000028	-15.545809	-4.772104	0.000000	63396.535156	801.653320	64923.527344
2011	03	0.000000	-2.250930	2.250930	2.250930	-0.000001	-0.000001	0.000000	-15.887798	-2.851237	0.000000	63396.535156	801.513245	64923.429688
2011	03	0.000000	-2.657637	2.657637	2.657637	-0.000001	-0.000001	0.000000	-11.221818	-2.300462	0.000000	63396.535156	801.393982	64923.355469
2011	03	0.000000	-3.138657	3.138657	3.138657	-0.000001	-0.000001	0.000000	-17.851465	-4.319070	0.000000	63396.535156	801.251343	64923.257812
2011	03	0.000000	-3.315973	3.315973	3.315973	-0.000001	-0.000001	0.000000	-16.150082	-4.841788	0.000000	63396.535156	801.107544	64923.156250
2011	03	0.000000	-4.110659	4.110659	4.110659	-0.000002	-0.000002	0.000000	-23.466427	-10.100839	0.000000	63396.535156	800.942444	64923.035156
2011	03	0.000000	-2.692827	2.692827	2.692827	-0.000001	-0.000001	0.000000	-9.509031	-3.031421	0.000000	63396.535156	800.780334	64922.917969
2011	03	0.000000	-2.724241	2.724241	2.724241	-0.000001	-0.000001	0.000000	-9.849855	-2.536568	0.000000	63396.535156	800.654785	64922.835938
2011	04	0.000000	-2.637973	2.637973	2.637973	-0.000001	-0.000001	0.000000	-14.006331	-3.053728	0.000000	63396.535156	800.523376	64922.746094
2011	04	0.000000	-2.944756	2.944756	2.944756	-0.000001	-0.000001	0.000000	-19.523521	-4.988750	0.000000	63396.535156	800.384766	64922.652344
2011	04	0.000000	-2.779980	2.779980	2.779980	-0.000001	-0.000001	0.000000	-11.860073	-2.850394	0.000000	63396.535156	800.244629	64922.558594
2011	04	0.000000	-2.578391	2.578391	2.578391	-0.000001	-0.000001	0.000000	-7.098420	-1.540994	0.000000	63396.535156	800.111572	64922.468750
2011	04	0.000000	-2.582668	2.582668	2.582668	-0.000001	-0.000001	0.000000	-8.847781	-1.864174	0.000000	63396.535156	799.980469	64922.378906
2011	04	0.000000	-2.325024	2.325024	2.325024	-0.000001	-0.000001	0.000000	-8.644983	-1.523984	0.000000	63396.535156	799.853882	64922.296875
2011	04	0.000000	-2.293244	2.293244	2.293244	-0.000001	-0.000001	0.000000	-6.704823	-1.546520	0.000000	63396.535156	799.734009	64922.222656
2011	04	0.000000	-2.298894	2.298894	2.298894	-0.000001	-0.000001	0.000000	-10.971240	-2.083015	0.000000	63396.535156	799.610596	64922.140625
2011	04	0.000000	-2.325906	2.325906	2.325906	-0.000001	-0.000001	0.000000	-17.135542	-2.824295	0.000000	63396.535156	799.489929	64922.066406
2011	04	0.000000	-2.392312	2.392312	2.392312	-0.000001	-0.000001	0.000000	-12.695488	-2.429493	0.000000	63396.535156	799.367188	64921.984375
2011	04	0.000000	-2.582029	2.582029	2.582029	-0.000001	-0.000001	0.000000	-21.976881	-4.523045	0.000000	63396.535156	799.240662	64921.902344
2011	04	0.000000	-3.387117	3.387117	3.387117	-0.000001	-0.000001	0.000000	-20.675694	-7.338652	0.000000	63396.535156	799.096313	64921.800781
2011	04	0.000000	-3.613237	3.613237	3.613237	-0.000001	-0.000001	0.000000	-19.915951	-7.132056	0.000000	63396.535156	798.931763	64921.683594
2011	04	0.000000	-3.910329	3.910329	3.910329	-0.000002	-0.000002	0.000000	-12.609190	-5.628821	0.000000	63396.535156	798.764404	64921.558594
2011	04	0.000000	-3.383537	3.383537	3.383537	-0.000001	-0.000001	0.000000	-12.192391	-4.674187	0.000000	63396.535156	798.594849	64921.433594
2011	04	0.000000	-4.130485	4.130485	4.130485	-0.000002	-0.000002	0.000000	-18.724052	-8.655550	0.000000	63396.535156	798.437256	64921.320312
2011	04	0.000000	-3.680002	3.680002	3.680002	-0.000001	-0.000001	0.000000	-13.667645	-4.492307	0.000000	63396.535156	798.247070	64921.171875
2011	04	0.000000	-4.581315	4.581315	4.581315	-0.000002	-0.000002	0.000000	-19.114187	-10.072189	0.000000	63396.535156	798.081360	64921.050781
2011	04	0.000000	-4.130794	4.130794	4.130794	-0.000002	-0.000002	0.000000	-30.382601	-10.652288	0.000000	63396.535156	797.883179	64920.894531
2011	04	0.000000	-4.100538	4.100538	4.100538	-0.000002	-0.000002	0.000000	-17.642345	-7.315635	0.000000	63396.535156	797.704468	64920.761719
2011	04	0.000000	-3.426966	3.426966	3.426966	-0.000001	-0.000001	0.000000	-13.700141	-4.342110	0.000000	63396.535156	797.530334	64920.628906
2011	04	0.000000	-3.137897	3.137897	3.137897	-0.000001	-0.000001	0.000000	-10.210254	-3.420549	0.000000	63396.535156	797.380676	64920.523438
2011	04	0.000000	-3.237355	3.237355	3.237355	-0.000001	-0.000001	0.000000	-7.965794	-3.234327	0.000000	63396.535156	797.234497	64920.421875
2011	04	0.000000	-2.758048	2.758048	2.758048	-0.000001	-0.000001	0.000000	-11.400086	-2.686005	0.000000	63396.535156	797.086975	64920.316406
2011	04	0.000000	-3.068419	3.068419	3.068419	-0.000001	-0.000001	0.000000	-5.750057	-2.085342	0.000000	63396.535156	796.950623	64920.226562
2011	04	0.000000	-3.846553	3.846553	3.846553	-0.000001	-0.000001	0.000000	-17.128649	-6.040912	0.000000	63396.535156	796.791992	64920.109375
2011	04	0.000000	-4.791793	4.791793	4.791793	-0.000002	-0.000002	0.000000	-28.947897	-13.112726	0.000000	63396.535156	796.598389	64919.960938
2011	04	0.000000	-3.686764	3.686764	3.686764	-0.000001	-0.000001	0.000000	-14.733567	-7.154552	0.000000	63396.535156	796.421692	64919.828125
2011	04	0.000000	-3.824673	3.824673	3.824673	-0.000001	-0.000001	0.000000	-17.294462	-6.464619	0.000000	63396.535156	796.244263	64919.695312
2011	04	0.000000	-3.044926	3.044926	3.044926	-0.000001	-0.000001	0.000000	-13.104866	-3.825371	0.000000	63396.535156	796.087646	64919.582031
2011	05	0.000000	-3.467943	3.467943	3.467943	-0.000001	-0.000001	0.000000	-11.501019	-3.472687	0.000000	63396.535156	795.938965	64919.476562
2011	05	0.000000	-3.461061	3.461061	3.461061	-0.000001	-0.000001	0.000000	0.459992	-0.636378	0.000000	63396.535156	795.785889	64919.367188
2011	05	0.000000	-3.321482	3.321482	3.321482	-0.000001	-0.000001	0.000000	-3.341035	-1.161563	0.000000	63396.535156	795.630493	64919.253906
2011	05	0.000000	-3.064375	3.064375	3.064375	-0.000001	-0.000001	0.000000	0.141471	-1.762300	0.000000	63396.535156	795.487061	64919.156250
2011	05	0.000000	-3.963517	3.963517	3.963517	-0.000001	-0.000001	0.000000	-3.478305	-1.570357	0.000000	63396.535156	795.329285	64919.039062
2011	05	0.000000	-3.661991	3.661991	3.661991	-0.000001	-0.000001	0.000000	-6.209301	-2.216674	0.000000	63396.535156	795.160522	64918.914062
2011	05	0.000000	-4.436480	4.436480	4.436480	-0.000002	-0.000002	0.000000	-12.915499	-3.909011	0.000000	63396.535156	794.989319	64918.789062
2011	05	0.000000	-3.950311	3.950311	3.950311	-0.000001	-0.000001	0.000000	-10.689192	-3.833962	0.000000	63396.535156	794.808105	64918.648438
2011	05	0.000000	-3.541935	3.541935	3.541935	-0.000001	-0.000001	0.000000	-13.110172	-4.583883	0.000000	63396.535156	794.645569	64918.531250
2011	05	0.000000	-3.572488	3.572488	3.572488	-0.000001	-0.000001	0.000000	-9.628598	-2.636499	0.000000	63396.535156	794.485046	64918.414062
2011	05	0.000000	-2.703814	2.703814	2.703814	-0.000001	-0.000001	0.000000	5.098069	-0.079401	0.000000	63396.535156	794.341797	64918.312500
2011	05	0.000000	-3.275938	3.275938	3.275938	-0.000001	-0.000001	0.000000	-4.388791	-0.970901	0.000000	63396.535156	794.199829	64918.214844
2011	05	0.000000	-2.545417	2.545417	2.545417	-0.000001	-0.000001	0.000000	8.948863	0.830480	0.000000	63396.535156	794.064453	64918.125000
2011	05	0.000000	-2.996812	2.996812	2.996812	-0.000001	-0.000001	0.000000	0.209858	0.227978	0.000000	63396.535156	793.931091	64918.035156
2011	05	0.000000	-3.042758	3.042758	3.042758	-0.000001	-0.000001	0.000000	0.705935	1.329369	0.000000	63396.535156	793.789062	64917.933594
2011	05	0.000000	-3.052394	3.052394	3.052394	-0.000001	-0.000001	0.000000	-0.258342	1.508271	0.000000	63396.535156	793.648804	64917.839844
2011	05	0.000000	-3.401621	3.401621	3.401621	-0.000001	-0.000001	0.000000	1.672943	2.567428	0.000000	63396.535156	793.501160	64917.734375
2011	05	0.000000	-3.836940	3.836940	3.836940	-0.000001	-0.000001	0.000000	4.323733	3.519107	0.000000	63396.535156	793.343506	64917.621094
2011	05	0.000000	-3.602567	3.602567	3.602567	-0.000001	-0.000001	0.000000	-2.751953	1.328007	0.000000	63396.535156	793.174438	64917.496094
2011	05	0.000000	-4.192799	4.192799	4.192799	-0.000002	-0.000002	0.000000	-2.463261	2.768761	0.000000	63396.535156	793.006470	64917.371094
2011	05	0.000000	-3.687085	3.687085	3.687085	-0.000001	-0.000001	0.000000	5.912231	5.425843	0.000000	63396.535156	792.837036	64917.246094
2011	05	0.000000	-3.690938	3.690938	3.690938	-0.000001	-0.000001	0.000000	8.214300	3.836165	0.000000	63396.535156	792.675781	64917.125000
2011	05	0.000000	-3.532426	3.532426	3.532426	-0.000001	-0.000001	0.000000	11.495790	4.598121	0.000000	63396.535156	792.515015	64917.007812
2011	05	0.000000	-4.168127	4.168127	4.168127	-0.000002	-0.000002	0.000000	1.611885	3.915862	0.000000	63396.535156	792.348755	64916.886719
2011	05	0.000000	-4.199166	4.199166	4.199166	-0.000002	-0.000002	0.000000	-1.156830	2.136305	0.000000	63396.535156	792.170044	64916.750000
2011	05	0.000000	-4.350493	4.350493	4.350493	-0.000002	-0.000002	0.000000	-2.626785	0.781972	0.000000	63396.535156	791.988647	64916.613281
2011	05	0.000000	-4.180358	4.180358	4.180358	-0.000002	-0.000002	0.000000	-2.660350	1.175590	0.000000	63396.535156	791.807678	64916.476562
2011	05	0.000000	-4.209255	4.209255	4.209255	-0.000002	-0.000002	0.000000	0.473297	2.155385	0.000000	63396.535156	791.630127	64916.339844
2011	05	0.000000	-4.278524	4.278524	4.278524	-0.000002	-0.000002	0.000000	-2.492674	0.882053	0.000000	63396.535156	791.449890	64916.203125
2011	05	0.000000	-4.263613	4.263613	4.263613	-0.000002	-0.000002	0.000000	-0.207725	3.568605	0.000000	63396.535156	791.269409	64916.066406
2011	05	0.000000	-4.098238	4.098238	4.098238	-0.000002	-0.000002	0.000000	2.610839	3.561537	0.000000	63396.535156	791.091431	64915.933594
2011	06	0.000000	-4.060739	4.060739	4.060739	-0.000002	-0.000002	0.000000	-3.512837	1.936352	0.000000	63396.535156	790.914246	64915.796875
2011	06	0.000000	-3.897698	3.897698	3.897698	-0.000002	-0.000002	0.000000	3.021888	4.408335	0.000000	63396.535156	790.737366	64915.664062
2011	06	0.000000	-3.806250	3.806250	3.806250	-0.000001	-0.000001	0.000000	9.997533	9.783903	0.000000	63396.535156	790.566101	64915.539062
2011	06	0.000000	-4.270769	4.270769	4.270769	-0.000002	-0.000002	0.000000	-5.961390	0.174200	0.000000	63396.535156	790.391113	64915.406250
2011	06	0.000000	-4.225180	4.225180	4.225180	-0.000002	-0.000002	0.000000	-9.641849	-3.325902	0.000000	63396.535156	790.205444	64915.261719
2011	06	0.000000	-4.167275	4.167275	4.167275	-0.000002	-0.000002	0.000000	-7.467194	-0.708419	0.000000	63396.535156	790.022034	64915.125000
2011	06	0.000000	-3.776036	3.776036	3.776036	-0.000001	-0.000001	0.000000	5.051262	5.232697	0.000000	63396.535156	789.845764	64914.988281
2011	06	0.000000	-4.244257	4.244257	4.244257	-0.000002	-0.000002	0.000000	-16.137009	-5.345328	0.000000	63396.535156	789.670959	64914.859375
2011	06	0.000000	-4.224355	4.224355	4.224355	-0.000002	-0.000002	0.000000	-18.537903	-6.454560	0.000000	63396.535156	789.486450	64914.718750
2011	06	0.000000	-4.221027	4.221027	4.221027	-0.000002	-0.000002	0.000000	-15.567487	-6.227163	0.000000	63396.535156	789.303284	64914.578125
2011	06	0.000000	-4.222574	4.283352	4.283352	-0.000002	-0.000002	0.060778	-15.613496	-6.072692	0.000000	63396.535156	789.119568	64914.437500
2011	06	0.000000	-4.404745	5.246925	5.246925	-0.000002	-0.000002	0.842181	-29.773645	-14.690311	0.000000	63396.550781	788.932739	64914.281250
2011	06	0.000000	-5.145277	13.350366	13.350366	-0.000005	-0.000005	8.205089	-33.687782	-16.502895	0.000000	63396.707031	788.733093	64914.000000
2011	06	0.000000	-5.375939	35.238728	35.238728	-0.000014	-0.000014	29.862791	11.956572	13.001289	0.000000	63397.480469	788.508423	64913.195312
2011	06	0.000000	-6.065889	44.267921	44.267921	-0.000017	-0.000017	38.202034	63.534767	23.983767	0.000000	63398.984375	788.272522	64911.718750
2011	06	0.000000	-5.586745	34.676941	34.676941	-0.000013	-0.000013	29.090193	14.235082	20.292498	0.000000	63400.144531	788.037476	64910.468750
2011	06	0.000000	-5.452289	32.061096	32.061096	-0.000012	-0.000012	26.608809	120.209984	29.818827	0.000000	63401.093750	787.808105	64909.351562
2011	06	0.000000	-5.899752	43.171494	43.171494	-0.000017	-0.000017	37.271744	74.460083	29.249805	0.000000	63402.007812	787.581299	64908.187500
2011	06	0.000000	-6.920415	62.111057	62.111057	-0.000024	-0.000024	55.190643	-22.211182	28.281042	0.000000	63403.445312	787.320007	64906.242188
2011	06	0.000000	-6.422418	43.454624	43.454624	-0.000017	-0.000017	37.032207	-61.698753	36.291943	0.000000	63404.484375	787.059387	64904.523438
2011	06	0.000000	-5.957660	33.379757	33.379757	-0.000013	-0.000013	27.422098	-48.630600	34.909882	0.000000	63405.031250	786.810974	64903.417969
2011	06	0.000000	-6.003080	47.362198	47.362198	-0.000018	-0.000018	41.359119	-5.826742	32.505177	0.000000	63405.781250	786.567505	64901.835938
2011	06	0.342096	-6.765896	32.826004	32.483910	-0.000013	-0.000013	25.718012	-14.741636	34.912472	949.397644	63406.222656	786.321228	64900.675781
2011	06	7.283917	-3.180861	42.189873	34.905956	-0.000013	-0.000013	31.725096	-32.058868	84.921600	20214.572266	63406.609375	786.066284	64899.472656
2011	06	10.824832	1.465642	47.954891	37.130062	-0.000014	-0.000014	38.595703	-20.704988	4.271984	30041.441406	63407.039062	786.070923	64898.382812
2011	06	10.226350	1.983826	50.445515	40.219162	-0.000016	-0.000016	42.202991	-12.428430	16.229921	28380.513672	63407.535156	786.015686	64897.023438
2011	06	43.611000	28.618986	63.799732	20.188730	-0.000008	-0.000008	48.807720	43.827244	29.916943	121030.726562	63408.070312	786.534424	64896.027344
2011	06	56.580170	37.961426	68.113167	11.532992	-0.000004	-0.000004	49.494419	7.744584	19.420616	157023.203125	63408.539062	787.613953	64895.519531
2011	06	66.269630	44.433540	73.983948	7.714322	-0.000003	-0.000003	52.147861	19.510256	47.889652	183913.703125	63408.945312	789.015259	64895.238281
2011	06	84.867798	59.541332	74.247795	-10.620008	0.000004	0.000004	48.921326	3.205979	38.338978	235528.000000	63409.281250	790.670471	64895.277344
2011	07	94.905602	65.368431	83.829170	-11.076428	0.000004	0.000004	54.292004	2.532874	81.864075	254888.937500	63409.585938	792.678833	64895.605469
2011	07	93.490982	65.356445	75.543350	-17.947628	0.000007	0.000007	47.408817	6.972309	41.481411	251089.687500	63409.835938	794.710083	64896.078125
2011	07	118.377594	85.627678	80.073410	-38.304188	0.000014	0.000014	47.323498	89.024780	66.838844	317927.937500	63410.046875	797.217224	64897.082031
2011	07	121.212662	87.377792	79.648460	-41.564201	0.000016	0.000016	45.813599	86.241653	75.102066	325542.093750	63410.234375	800.016052	64898.417969
2011	07	111.601357	79.967514	74.986343	-36.615013	0.000014	0.000014	43.352497	108.993446	66.512566	299728.906250	63410.394531	802.689026	64899.710938
2011	07	140.525269	102.113754	86.167564	-54.357712	0.000020	0.000020	47.756042	61.605095	72.470200	377410.156250	63410.562500	805.473572	64901.089844
2011	07	147.787598	105.559914	95.978790	-51.808815	0.000019	0.000019	53.751102	14.681213	100.524712	396914.656250	63410.738281	808.880310	64902.882812
2011	07	144.288513	102.843468	94.980644	-49.307869	0.000018	0.000018	53.535599	12.783010	69.225578	387517.156250	63410.894531	812.260925	64904.578125
2011	07	108.482040	73.567581	84.396904	-24.085138	0.000009	0.000009	49.482437	1.795459	32.888138	291351.312500	63411.007812	815.035095	64905.734375
2011	07	170.727707	124.694481	95.074158	-75.653549	0.000028	0.000028	49.040936	46.889488	48.817043	458525.156250	63411.082031	818.136597	64907.300781
2011	07	153.093521	105.796280	99.843834	-53.249691	0.000020	0.000020	52.546589	3.543584	57.127266	411164.812500	63411.121094	822.033569	64909.589844
2011	07	89.534698	54.052216	82.890663	-6.644035	0.000002	0.000002	47.408176	-5.873101	7.700994	240464.234375	63411.136719	824.256592	64910.265625
2011	07	173.766342	125.172127	95.274582	-78.491768	0.000029	0.000029	46.680359	19.729588	38.773354	466686.031250	63411.125000	827.136780	64911.671875
2011	07	180.593491	128.869812	99.465500	-81.127991	0.000030	0.000030	47.741810	26.531641	53.212116	485021.781250	63411.101562	831.288879	64914.347656
2011	07	200.049728	143.879013	104.807671	-95.242050	0.000036	0.000036	48.636955	33.098877	89.116524	537275.562500	63411.054688	835.658508	64917.195312
2011	07	171.139969	121.083954	95.987961	-75.152008	0.000028	0.000028	45.931942	8.252453	63.040451	459632.343750	63410.992188	839.988159	64920.042969
2011	07	178.533066	126.914909	95.908066	-82.625008	0.000031	0.000031	44.289894	41.936813	58.024765	479488.093750	63410.921875	843.779480	64922.445312
2011	07	202.939651	142.819580	108.824074	-94.115578	0.000035	0.000035	48.703995	29.378164	66.816101	545037.062500	63410.832031	848.231873	64925.433594
2011	07	167.726105	113.286156	102.036926	-65.689186	0.000025	0.000025	47.596966	-3.145262	34.112007	450463.718750	63410.726562	852.543884	64928.238281
2011	07	176.671082	123.456123	97.980240	-78.690834	0.000029	0.000029	44.765289	37.526062	54.150497	474487.312500	63410.613281	855.877869	64930.136719
2011	07	221.602295	155.014694	116.282585	-105.319710	0.000039	0.000039	49.694973	9.686132	84.164032	595159.562500	63410.480469	860.453247	64933.226562
2011	07	205.770218	139.401154	117.260338	-88.509880	0.000033	0.000033	50.891285	-0.247217	63.696785	552639.125000	63410.328125	865.206909	64936.406250
2011	07	171.649429	116.213417	101.270515	-70.378929	0.000026	0.000026	45.834492	31.147600	86.419685	461000.625000	63410.164062	869.309937	64938.976562
2011	07	196.352493	137.847946	102.001038	-94.351448	0.000035	0.000035	43.496494	52.452347	69.682274	527345.875000	63410.003906	873.441101	64941.730469
2011	07	208.461487	146.117081	105.790382	-102.671112	0.000038	0.000038	43.445969	33.215038	71.561340	559867.125000	63409.832031	877.916931	64944.851562
2011	07	177.940552	115.856728	106.750114	-71.190437	0.000027	0.000027	44.666290	-10.637176	64.817307	477896.750000	63409.652344	882.209778	64947.785156
2011	07	217.262070	146.833649	118.077477	-99.184593	0.000037	0.000037	47.649052	-0.937668	63.541527	583502.937500	63409.449219	886.408386	64950.542969
2011	07	200.622879	132.462723	115.580399	-85.042496	0.000032	0.000032	47.420242	-4.099009	76.744438	538814.937500	63409.226562	891.029236	64953.664062
2011	07	150.423950	94.610870	98.757668	-51.666275	0.000019	0.000019	42.944595	5.084525	54.938107	403995.125000	63409.003906	894.539185	64955.769531
2011	07	169.187225	113.087921	96.434097	-72.753143	0.000027	0.000027	40.334782	59.825840	56.939205	454387.843750	63408.789062	897.886475	64957.828125
2011	07	164.329041	107.937515	95.978134	-68.350899	0.000026	0.000026	39.586617	51.423817	55.075848	441340.156250	63408.574219	901.459717	64960.160156
2011	08	156.342453	100.212601	95.465431	-60.877022	0.000023	0.000023	39.335571	50.449791	52.223183	419890.500000	63408.351562	904.828735	64962.300781
2011	08	148.901794	93.734993	93.230995	-55.670799	0.000021	0.000021	38.064182	39.918781	45.124565	399907.062500	63408.128906	907.876038	64964.160156
2011	08	101.153816	55.261402	82.504807	-18.649014	0.000007	0.000007	36.612385	-3.034137	46.717762	271669.843750	63407.906250	910.357727	64965.492188
2011	08	101.436394	56.828892	79.826813	-21.609585	0.000008	0.000008	35.219311	5.963000	19.502480	272428.750000	63407.683594	911.875061	64965.910156
2011	08	131.794449	76.545547	93.632141	-38.162308	0.000014	0.000014	38.383240	-27.143162	49.993763	353961.687500	63407.453125	914.240173	64967.136719
2011	08	120.499413	66.557999	93.094498	-27.404921	0.000010	0.000010	39.153076	4.208293	50.049042	323626.500000	63407.199219	916.661621	64968.347656
2011	08	126.194534	72.703941	91.996033	-34.198505	0.000013	0.000013	38.505432	14.787272	27.391426	338921.968750	63406.937500	918.895996	64969.378906
2011	08	117.326210	66.586334	87.924759	-29.401451	0.000011	0.000011	37.184879	35.657120	45.696583	315104.187500	63406.675781	921.223145	64970.527344
2011	08	111.931076	62.226795	85.862724	-26.068352	0.000010	0.000010	36.158443	41.139980	43.274994	300614.437500	63406.414062	923.295471	64971.472656
2011	08	99.283432	53.386635	80.091431	-19.192007	0.000007	0.000007	34.194630	49.446880	41.392796	266646.531250	63406.160156	925.117737	64972.214844
2011	08	102.434883	55.079956	81.368446	-21.066439	0.000008	0.000008	34.013515	40.158485	40.891586	275110.406250	63405.906250	926.935303	64972.980469
2011	08	94.321777	48.815792	78.479874	-15.841900	0.000006	0.000006	32.973892	39.720882	43.709854	253320.968750	63405.652344	928.591370	64973.613281
2011	08	87.247330	43.136940	76.114433	-11.132895	0.000004	0.000004	32.004047	30.284994	37.217182	234321.031250	63405.402344	930.026306	64974.054688
2011	08	98.316315	50.296322	80.978172	-17.338152	0.000006	0.000006	32.958172	21.502441	47.000343	264049.156250	63405.148438	931.646423	64974.675781
2011	08	81.265152	38.293327	74.398972	-6.866180	0.000003	0.000003	31.427147	35.919952	46.575939	218254.640625	63404.890625	933.075806	64975.117188
2011	08	68.907494	29.413017	69.183037	0.275544	-0.000000	-0.000000	29.688560	38.151169	41.112785	185065.546875	63404.640625	934.112732	64975.222656
2011	08	77.715569	35.016609	72.727203	-4.988365	0.000002	0.000002	30.028242	18.248346	49.497540	208721.500000	63404.394531	935.195984	64975.398438
2011	08	79.208382	35.820145	73.530067	-5.678315	0.000002	0.000002	30.141832	14.597590	47.644115	212730.750000	63404.140625	936.410889	64975.687500
2011	08	90.822060	43.436245	78.552925	-12.269142	0.000005	0.000005	31.167101	17.874140	30.110619	243921.734375	63403.882812	937.712219	64976.054688
2011	08	84.115280	38.153378	77.202301	-6.912982	0.000003	0.000003	31.240396	14.677644	39.425831	225909.265625	63403.609375	939.153503	64976.527344
2011	08	68.922729	29.015425	68.964729	0.041998	-0.000000	-0.000000	29.057421	37.928486	25.239393	185106.468750	63403.347656	940.163025	64976.625000
2011	08	52.592438	14.815897	66.768021	14.175580	-0.000005	-0.000005	28.991476	-16.524195	52.750725	141248.046875	63403.093750	940.828857	64976.417969
2011	08	54.657120	18.557913	64.688019	10.030897	-0.000004	-0.000004	28.588808	21.070839	19.936129	146793.171875	63402.832031	941.414062	64976.117188
2011	08	54.970623	16.465088	67.649658	12.679034	-0.000005	-0.000005	29.144121	-0.902078	32.651871	147635.156250	63402.574219	941.947083	64975.781250
2011	08	61.443546	22.614790	68.361450	6.917909	-0.000003	-0.000003	29.532700	27.066576	24.004707	165019.562500	63402.304688	942.696289	64975.625000
2011	08	61.853870	22.232969	69.244255	7.390386	-0.000003	-0.000003	29.623356	13.659334	28.161518	166121.562500	63402.031250	943.456726	64975.484375
2011	08	48.187901	13.513282	62.633942	14.446047	-0.000005	-0.000005	27.959328	24.176178	25.980942	129418.726562	63401.757812	944.046631	64975.195312
2011	08	48.675522	14.010946	61.987118	13.311599	-0.000005	-0.000005	27.322544	22.361897	19.684990	130728.343750	63401.496094	944.514587	64974.828125
2011	08	55.527874	16.807943	67.076035	11.548162	-0.000004	-0.000004	28.356104	-11.719237	39.899002	149131.765625	63401.230469	945.044800	64974.515625
2011	08	51.146736	13.286669	66.462967	15.316226	-0.000006	-0.000006	28.602896	-2.656027	24.929777	137365.296875	63400.957031	945.545044	64974.148438
2011	08	51.945107	13.524123	67.660019	15.714911	-0.000006	-0.000006	29.239035	-1.520452	34.916222	139509.500000	63400.671875	946.104248	64973.824219
2011	09	40.406384	7.602697	59.630188	19.223806	-0.000007	-0.000007	26.826504	11.434014	24.176661	112137.156250	63400.390625	946.385071	64973.238281
2011	09	48.229504	13.339431	62.030102	13.800603	-0.000005	-0.000005	27.140032	6.536046	14.584836	133848.140625	63400.113281	946.800903	64972.804688
2011	09	46.887215	11.787001	62.416569	15.529349	-0.000006	-0.000006	27.316351	-4.485944	24.244577	130122.984375	63399.832031	947.270996	64972.417969
2011	09	33.095703	3.455505	55.095798	22.000099	-0.000008	-0.000008	25.455605	11.658017	17.968819	91848.304688	63399.554688	947.462708	64971.785156
2011	09	26.339613	-1.140879	51.932083	25.592470	-0.000010	-0.000010	24.451590	16.664837	8.102572	73098.585938	63399.289062	947.527100	64971.070312
2011	09	30.836508	2.600111	52.423763	21.587259	-0.000008	-0.000008	24.187368	17.057579	7.837222	85578.515625	63399.031250	947.575256	64970.363281
2011	09	29.077139	1.062259	52.199009	23.121868	-0.000009	-0.000009	24.184128	12.041926	8.780543	80695.859375	63398.773438	947.696106	64969.726562
2011	09	29.660378	1.701921	51.936554	22.276175	-0.000009	-0.000009	23.978096	6.140901	11.024052	82314.484375	63398.511719	947.725464	64969.007812
2011	09	27.507288	-0.953169	52.689747	25.182457	-0.000010	-0.000010	24.229288	-10.861345	21.881941	76339.156250	63398.250000	947.747925	64968.281250
2011	09	23.242535	-3.257051	50.264683	27.022150	-0.000010	-0.000010	23.765099	5.792174	19.988659	64503.468750	63397.988281	947.740845	64967.523438
2011	09	20.247181	-4.843983	48.021057	27.773872	-0.000011	-0.000011	22.929888	5.780170	12.726332	56190.664062	63397.730469	947.578613	64966.636719
2011	09	19.741711	-5.054986	47.457256	27.715544	-0.000011	-0.000011	22.660559	1.066640	14.446728	54787.859375	63397.480469	947.440002	64965.792969
2011	09	16.901638	-6.243704	44.993519	28.091879	-0.000011	-0.000011	21.848175	22.494591	13.527596	46906.000000	63397.230469	947.247925	64964.906250
2011	09	12.563402	-9.424125	42.653667	30.090265	-0.000012	-0.000012	20.666140	13.732161	12.517031	34866.378906	63396.992188	947.008667	64964.015625
2011	09	12.352125	-9.661207	42.414032	30.061905	-0.000012	-0.000012	20.400698	-3.007692	3.158376	34280.039062	63396.761719	946.673462	64963.050781
2011	09	12.001438	-9.837087	42.821136	30.819700	-0.000012	-0.000012	20.982613	-3.107571	2.653204	33306.796875	63396.527344	946.432495	64962.175781
2011	09	1.212560	-17.981237	39.988972	38.776409	-0.000015	-0.000015	20.795174	1.752786	10.595813	3365.137207	63396.289062	945.991150	64961.082031
2011	09	5.286949	-14.570537	39.706696	34.419746	-0.000013	-0.000013	19.849209	-3.632366	16.069773	14672.521484	63396.054688	945.527161	64959.992188
2011	09	5.574044	-14.258418	39.740955	34.166912	-0.000013	-0.000013	19.908495	-2.990507	-0.626149	15469.273438	63395.828125	945.068237	64958.929688
2011	09	6.328735	-12.673401	38.294159	31.965422	-0.000012	-0.000012	19.292023	1.701218	3.253717	17563.718750	63395.597656	944.639893	64957.894531
2011	09	7.308855	-11.635467	36.918968	29.610115	-0.000011	-0.000011	17.974649	8.612903	8.447710	20283.781250	63395.378906	944.252869	64956.941406
2011	09	6.385251	-12.609191	36.470818	30.085567	-0.000012	-0.000012	17.476376	1.641586	7.591883	17720.564453	63395.164062	943.854248	64956.003906
2011	09	4.061687	-14.259413	34.608109	30.546421	-0.000012	-0.000012	16.287008	-7.047408	1.308172	11272.131836	63394.957031	943.420410	64955.050781
2011	09	0.000000	-16.348650	23.550932	23.550932	-0.000009	-0.000009	7.202282	-6.335029	-2.779871	0.000000	63394.824219	943.006775	64954.308594
2011	09	0.000000	-15.970271	22.646072	22.646072	-0.000009	-0.000009	6.675802	-12.605921	-5.222195	0.000000	63394.746094	942.614624	64953.746094
2011	09	0.000000	-16.245770	22.909483	22.909483	-0.000009	-0.000009	6.663714	-14.997569	-5.644953	0.000000	63394.671875	942.215393	64953.175781
2011	09	0.000000	-15.553272	22.207548	22.207548	-0.000009	-0.000009	6.654275	-12.253523	-4.380398	0.000000	63394.601562	941.815430	64952.605469
2011	09	0.000000	-15.098464	21.736200	21.736200	-0.000008	-0.000008	6.637735	-9.190769	-3.188548	0.000000	63394.527344	941.431885	64952.050781
2011	09	0.000000	-14.537627	21.146093	21.146093	-0.000008	-0.000008	6.608466	-10.452597	-2.941127	0.000000	63394.453125	941.060547	64951.511719
2011	09	0.000000	-16.260778	22.829271	22.829271	-0.000009	-0.000009	6.568495	-12.777818	-5.994147	0.000000	63394.382812	940.667297	64950.949219
2011	10	0.000000	-16.270632	23.037964	23.037964	-0.000009	-0.000009	6.767334	-14.919938	-6.674273	0.000000	63394.312500	940.233887	64950.347656
2011	10	0.000000	-16.241760	23.009052	23.009052	-0.000009	-0.000009	6.767292	-14.812020	-6.942676	0.000000	63394.242188	939.673706	64949.769531
2011	10	0.000000	-17.080458	23.927872	23.927872	-0.000009	-0.000009	6.847414	-11.640414	-6.968315	0.000000	63394.175781	938.429626	64949.160156
2011	10	0.000000	-16.800430	23.832371	23.832371	-0.000009	-0.000009	7.031939	-11.901395	-7.102519	0.000000	63394.113281	936.390564	64948.523438
2011	10	0.000000	-16.453352	23.761318	23.761318	-0.000009	-0.000009	7.307963	-10.001905	-5.989348	0.000000	63394.066406	933.581360	64947.882812
2011	10	0.000000	-14.985332	22.652069	22.652069	-0.000008	-0.000008	7.666737	-7.885086	-3.731580	0.000000	63394.031250	930.013000	64947.242188
2011	10	0.000000	-14.741123	22.832685	22.832685	-0.000009	-0.000009	8.091563	-14.453448	-7.194738	0.000000	63394.019531	925.686829	64946.601562
2011	10	0.000000	-13.532951	22.113144	22.113144	-0.000008	-0.000008	8.580194	-9.321474	-3.803156	0.000000	63394.027344	920.589355	64945.945312
2011	10	0.000000	-12.494257	21.610956	21.610956	-0.000008	-0.000008	9.116700	-15.578577	-4.808337	0.000000	63394.062500	914.731384	64945.281250
2011	10	0.000000	-11.132455	20.800091	20.800091	-0.000008	-0.000008	9.667636	-12.322946	-3.077384	0.000000	63394.125000	908.125854	64944.625000
2011	10	0.000000	-11.512833	21.683653	21.683653	-0.000008	-0.000008	10.170820	-21.509560	-7.524619	0.000000	63394.214844	900.730042	64943.925781
2011	10	0.000000	-10.198845	20.895979	20.895979	-0.000008	-0.000008	10.697133	-21.699961	-6.028466	0.000000	63394.332031	892.549561	64943.191406
2011	10	0.000000	-9.044214	20.348267	20.348267	-0.000008	-0.000008	11.304052	-14.411204	-3.391659	0.000000	63394.480469	883.616516	64942.453125
2011	10	0.000000	-9.753310	21.729073	21.729073	-0.000008	-0.000008	11.975763	-7.824678	-2.908897	0.000000	63394.656250	873.892273	64941.667969
2011	10	0.000000	-7.698247	20.429810	20.429810	-0.000008	-0.000008	12.731563	-6.771140	-1.937368	0.000000	63394.871094	863.373535	64940.820312
2011	10	0.000000	-7.395784	20.896887	20.896887	-0.000008	-0.000008	13.501104	-15.388008	-4.038568	0.000000	63395.121094	852.137939	64939.976562
2011	10	0.000000	-7.602792	21.288351	21.288351	-0.000008	-0.000008	13.685559	-18.217772	-4.447447	0.000000	63395.402344	846.263184	64939.085938
2011	10	0.000000	-8.698900	21.931564	21.931564	-0.000008	-0.000008	13.232664	-16.468136	-5.298225	0.000000	63395.671875	845.766052	64938.203125
2011	10	0.000000	-9.368198	22.155174	22.155174	-0.000008	-0.000008	12.786976	-8.304826	-3.404437	0.000000	63395.921875	845.224182	64937.289062
2011	10	0.000000	-7.822936	20.194288	20.194288	-0.000008	-0.000008	12.371352	-11.951517	-3.758502	0.000000	63396.156250	844.714478	64936.417969
2011	10	0.000000	-8.771607	20.717245	20.717245	-0.000008	-0.000008	11.945639	-13.173836	-5.194067	0.000000	63396.375000	844.225769	64935.585938
2011	10	0.000000	-9.185452	20.782867	20.782867	-0.000008	-0.000008	11.597416	-19.024195	-9.143913	0.000000	63396.578125	843.711609	64934.738281
2011	10	0.000000	-7.321949	18.762518	18.762518	-0.000007	-0.000007	11.440569	-10.419682	-3.510267	0.000000	63396.769531	843.229736	64933.929688
2011	10	0.000000	-6.082894	17.407764	17.407764	-0.000006	-0.000006	11.324870	-14.066979	-3.119330	0.000000	63396.957031	842.808228	64933.187500
2011	10	0.000000	-5.926709	17.103483	17.103483	-0.000006	-0.000006	11.176774	-19.773373	-4.464110	0.000000	63397.136719	842.410339	64932.472656
2011	10	0.000000	-5.891905	16.873674	16.873674	-0.000006	-0.000006	10.981770	-13.344064	-3.307536	0.000000	63397.308594	842.019287	64931.769531
2011	10	0.000000	-5.585345	16.319675	16.319675	-0.000006	-0.000006	10.734331	-6.770444	-1.623211	0.000000	63397.468750	841.651001	64931.097656
2011	10	0.000000	-5.495862	16.010773	16.010773	-0.000006	-0.000006	10.514911	-4.138258	-1.031600	0.000000	63397.621094	841.277588	64930.429688
2011	10	0.000000	-6.201406	16.581085	16.581085	-0.000006	-0.000006	10.379680	-15.784556	-4.758744	0.000000	63397.765625	840.911255	64929.773438
2011	10	0.000000	-6.147883	16.440258	16.440258	-0.000006	-0.000006	10.292375	-16.049623	-4.604429	0.000000	63397.906250	840.525757	64929.097656
2011	10	0.000000	-5.106220	15.367593	15.367593	-0.000006	-0.000006	10.261373	-20.670078	-4.258616	0.000000	63398.042969	840.169678	64928.457031
2011	11	0.000000	-4.697491	14.643493	14.643493	-0.000006	-0.000006	9.946002	-12.491412	-2.706445	0.000000	63398.179688	839.835815	64927.839844
2011	11	0.000000	-2.641047	12.558627	12.558627	-0.000005	-0.000005	9.917579	-3.599050	-0.312461	0.000000	63398.312500	839.550110	64927.269531
2011	11	0.000000	-2.973374	12.778913	12.778913	-0.000005	-0.000005	9.805538	-12.112442	-1.052741	0.000000	63398.441406	839.300537	64926.734375
2011	11	0.000000	-3.603702	13.225763	13.225763	-0.000005	-0.000005	9.622061	-11.953829	-1.496337	0.000000	63398.562500	839.024231	64926.183594
2011	11	0.000000	-3.570519	12.991663	12.991663	-0.000005	-0.000005	9.421144	-12.729621	-1.641938	0.000000	63398.679688	838.752075	64925.636719
2011	11	0.000000	-3.491300	12.726838	12.726838	-0.000005	-0.000005	9.235537	-20.923746	-2.646903	0.000000	63398.789062	838.486084	64925.105469
2011	11	0.000000	-4.359651	13.413402	13.413402	-0.000005	-0.000005	9.053751	-23.704290	-5.639503	0.000000	63398.890625	838.205139	64924.566406
2011	11	0.000000	-3.846386	12.770396	12.770396	-0.000005	-0.000005	8.924011	-21.957840	-3.911224	0.000000	63398.988281	837.916321	64924.027344
2011	11	0.000000	-2.309888	11.154989	11.154989	-0.000004	-0.000004	8.845101	-7.870307	-0.567452	0.000000	63399.082031	837.675110	64923.535156
2011	11	0.000000	-3.092161	11.840904	11.840904	-0.000005	-0.000005	8.748742	-12.376255	-1.876698	0.000000	63399.171875	837.457153	64923.070312
2011	11	0.000000	-4.095814	12.742495	12.742495	-0.000005	-0.000005	8.646681	-21.867691	-4.281765	0.000000	63399.257812	837.192993	64922.562500
2011	11	0.000000	-3.296800	11.874980	11.874980	-0.000005	-0.000005	8.578180	-16.450645	-2.257426	0.000000	63399.343750	836.936096	64922.062500
2011	11	0.000000	-2.600622	11.114657	11.114657	-0.000004	-0.000004	8.514035	-13.684988	-1.162350	0.000000	63399.421875	836.707642	64921.593750
2011	11	0.000000	-2.280663	10.716952	10.716952	-0.000004	-0.000004	8.436289	-11.376046	-0.819304	0.000000	63399.500000	836.505249	64921.156250
2011	11	0.000000	-2.744037	11.132635	11.132635	-0.000004	-0.000004	8.388598	-18.690966	-1.774048	0.000000	63399.578125	836.293152	64920.710938
2011	11	0.000000	-2.958788	11.366425	11.366425	-0.000004	-0.000004	8.407637	-14.831946	-1.809828	0.000000	63399.652344	836.078613	64920.261719
2011	11	0.000000	-2.419713	10.760462	10.760462	-0.000004	-0.000004	8.340749	-9.766207	-0.831543	0.000000	63399.726562	835.867981	64919.816406
2011	11	0.000000	-2.527438	10.769905	10.769905	-0.000004	-0.000004	8.242468	-11.912129	-0.991314	0.000000	63399.796875	835.669983	64919.386719
2011	11	0.000000	-2.383348	10.623548	10.623548	-0.000004	-0.000004	8.240200	-2.533498	-0.253299	0.000000	63399.867188	835.473022	64918.960938
2011	11	0.000000	-2.479937	10.393571	10.393571	-0.000004	-0.000004	7.913634	-5.318587	-0.428415	0.000000	63399.933594	835.280762	64918.546875
2011	11	0.000000	-2.507386	10.174618	10.174618	-0.000004	-0.000004	7.667233	-4.594416	-0.385291	0.000000	63399.992188	835.087708	64918.140625
2011	11	0.000000	-2.676269	10.184331	10.184331	-0.000004	-0.000004	7.508061	-7.029207	-0.663408	0.000000	63400.046875	834.891479	64917.738281
2011	11	0.000000	-2.604432	9.977705	9.977705	-0.000004	-0.000004	7.373272	-5.209848	-0.516176	0.000000	63400.097656	834.700684	64917.343750
2011	11	0.000000	-2.604932	9.843946	9.843946	-0.000004	-0.000004	7.239015	-10.459585	-0.941169	0.000000	63400.144531	834.506836	64916.953125
2011	11	0.000000	-2.569866	9.672733	9.672733	-0.000004	-0.000004	7.102868	-7.970835	-0.727736	0.000000	63400.191406	834.319092	64916.570312
2011	11	0.000000	-2.642461	9.603982	9.603982	-0.000004	-0.000004	6.961521	-8.305687	-0.796187	0.000000	63400.238281	834.134705	64916.199219
2011	11	0.000000	-2.706746	9.518190	9.518190	-0.000004	-0.000004	6.811445	-5.388700	-0.606814	0.000000	63400.281250	833.946960	64915.828125
2011	11	0.000000	-2.092278	8.739010	8.739010	-0.000003	-0.000003	6.646731	-5.442564	-0.321602	0.000000	63400.324219	833.768555	64915.468750
2011	11	0.000000	-2.243388	8.664554	8.664554	-0.000003	-0.000003	6.421165	-7.424709	-0.551906	0.000000	63400.359375	833.603210	64915.132812
2011	11	0.000000	-2.102200	8.290511	8.290511	-0.000003	-0.000003	6.188312	-10.774677	-0.617403	0.000000	63400.394531	833.435303	64914.800781
2011	12	0.000000	-1.893243	8.100416	8.100416	-0.000003	-0.000003	6.207174	-7.441459	-0.305047	0.000000	63400.421875	833.278564	64914.484375
2011	12	0.000000	-1.688145	7.737875	7.737875	-0.000003	-0.000003	6.049730	-4.055843	-0.088060	0.000000	63400.449219	833.131348	64914.187500
2011	12	0.000000	-1.561201	7.469468	7.469468	-0.000003	-0.000003	5.908267	2.422760	0.181984	0.000000	63400.468750	832.988953	64913.898438
2011	12	0.000000	-1.804566	7.594749	7.594749	-0.000003	-0.000003	5.790184	-2.021572	-0.097800	0.000000	63400.488281	832.851807	64913.617188
2011	12	0.000000	-1.922528	7.614861	7.614861	-0.000003	-0.000003	5.692333	-4.421384	-0.359415	0.000000	63400.507812	832.701843	64913.328125
2011	12	0.000000	-3.172023	8.803907	8.803907	-0.000003	-0.000003	5.631884	-9.174352	-2.166084	0.000000	63400.523438	832.536987	64913.027344
2011	12	0.000000	-2.890490	8.484792	8.484792	-0.000003	-0.000003	5.594302	-19.076460	-2.634300	0.000000	63400.539062	832.351624	64912.707031
2011	12	0.000000	-3.272748	8.803374	8.803374	-0.000003	-0.000003	5.530626	-14.631077	-2.600719	0.000000	63400.554688	832.172302	64912.390625
2011	12	0.000000	-2.722075	8.177749	8.177749	-0.000003	-0.000003	5.455674	-10.700261	-1.352558	0.000000	63400.570312	831.994141	64912.082031
2011	12	0.000000	-2.403654	7.783697	7.783697	-0.000003	-0.000003	5.380043	-6.976941	-0.659889	0.000000	63400.582031	831.832214	64911.792969
2011	12	0.000000	-2.983469	8.284462	8.284462	-0.000003	-0.000003	5.300994	-8.917914	-1.426638	0.000000	63400.597656	831.669861	64911.503906
2011	12	0.000000	-3.091060	8.316422	8.316422	-0.000003	-0.000003	5.225362	-13.737288	-2.261720	0.000000	63400.613281	831.492676	64911.203125
2011	12	0.000000	-3.344909	8.500731	8.500731	-0.000003	-0.000003	5.155823	-16.595901	-3.785877	0.000000	63400.625000	831.309814	64910.898438
2011	12	0.000000	-2.694041	7.783442	7.783442	-0.000003	-0.000003	5.089400	-11.843820	-1.534130	0.000000	63400.640625	831.136658	64910.605469
2011	12	0.000000	-1.966329	6.988260	6.988260	-0.000003	-0.000003	5.021930	-5.964607	-0.399992	0.000000	63400.652344	830.989075	64910.339844
2011	12	0.000000	-1.930104	6.878300	6.878300	-0.000003	-0.000003	4.948197	-4.014780	-0.235977	0.000000	63400.667969	830.855896	64910.089844
2011	12	0.000000	-1.872976	6.740170	6.740170	-0.000003	-0.000003	4.867194	-1.566715	-0.286599	0.000000	63400.679688	830.718018	64909.839844
2011	12	0.000000	-1.559082	6.341537	6.341537	-0.000002	-0.000002	4.782454	7.437555	0.203926	0.000000	63400.691406	830.594543	64909.605469
2011	12	0.000000	-1.810326	6.498973	6.498973	-0.000002	-0.000002	4.688647	-0.146895	-0.118288	0.000000	63400.703125	830.468140	64909.371094
2011	12	0.000000	-2.037953	6.626709	6.626709	-0.000002	-0.000002	4.588756	0.487848	-0.148045	0.000000	63400.714844	830.337280	64909.136719
2011	12	0.000000	-1.881521	6.372367	6.372367	-0.000002	-0.000002	4.490846	-0.164344	-0.273025	0.000000	63400.726562	830.200623	64908.898438
2011	12	0.000000	-2.101350	6.502202	6.502202	-0.000002	-0.000002	4.400852	-2.859704	-0.368498	0.000000	63400.738281	830.072632	64908.675781
2011	12	0.000000	-1.974247	6.293148	6.293148	-0.000002	-0.000002	4.318901	2.027515	-0.191260	0.000000	63400.746094	829.936279	64908.441406
2011	12	0.000000	-1.638816	5.886943	5.886943	-0.000002	-0.000002	4.248127	0.949427	-0.144498	0.000000	63400.757812	829.810547	64908.222656
2011	12	0.000000	-1.545472	5.713528	5.713528	-0.000002	-0.000002	4.168056	-0.098972	-0.007673	0.000000	63400.769531	829.695129	64908.019531
2011	12	0.000000	-1.832835	5.895006	5.895006	-0.000002	-0.000002	4.062170	-4.172374	-0.400825	0.000000	63400.777344	829.576050	64907.812500
2011	12	0.000000	-1.448858	5.413377	5.413377	-0.000002	-0.000002	3.964520	5.175491	0.066531	0.000000	63400.785156	829.456848	64907.609375
2011	12	0.000000	-1.940020	5.810662	5.810662	-0.000002	-0.000002	3.870643	-7.016564	-0.780220	0.000000	63400.789062	829.338989	64907.410156
2011	12	0.000000	-2.050153	5.845315	5.845315	-0.000002	-0.000002	3.795162	-6.742468	-0.800788	0.000000	63400.792969	829.208435	64907.203125
2011	12	0.000000	-1.918378	5.660995	5.660995	-0.000002	-0.000002	3.742618	-8.281980	-0.561498	0.000000	63400.796875	829.082275	64907.000000
2011	12	0.000000	-2.446108	6.143455	6.143455	-0.000002	-0.000002	3.697347	-8.261209	-1.313366	0.000000	63400.804688	828.950012	64906.792969
2012	01	0.000000	-2.495885	6.161839	6.161839	-0.000002	-0.000002	3.665954	-9.503660	-1.406724	0.000000	63400.808594	828.806458	64906.574219
2012	01	0.000000	-2.388463	6.029644	6.029644	-0.000002	-0.000002	3.641181	-13.971277	-1.481028	0.000000	63400.812500	828.668213	64906.367188
2012	01	0.000000	-1.958064	5.573087	5.573087	-0.000002	-0.000002	3.615023	-12.748895	-0.895696	0.000000	63400.816406	828.536255	64906.160156
2012	01	0.000000	-1.638763	5.223653	5.223653	-0.000002	-0.000002	3.584890	-7.588937	-0.325342	0.000000	63400.820312	828.419189	64905.972656
2012	01	0.000000	-1.551435	5.077068	5.077068	-0.000002	-0.000002	3.525633	-0.230612	-0.165899	0.000000	63400.824219	828.307129	64905.792969
2012	01	0.000000	-1.418334	4.804667	4.804667	-0.000002	-0.000002	3.386333	4.602531	0.066469	0.000000	63400.828125	828.202271	64905.621094
2012	01	0.000000	-1.849841	5.149391	5.149391	-0.000002	-0.000002	3.299550	-6.597983	-0.519806	0.000000	63400.828125	828.090271	64905.449219
2012	01	0.000000	-1.837580	5.074531	5.074531	-0.000002	-0.000002	3.236951	-16.031996	-1.032596	0.000000	63400.828125	827.969910	64905.265625
2012	01	0.000000	-2.549864	5.731330	5.731330	-0.000002	-0.000002	3.181465	-18.371803	-3.528177	0.000000	63400.832031	827.846008	64905.085938
2012	01	0.000000	-2.006416	5.122017	5.122017	-0.000002	-0.000002	3.115602	-20.319019	-3.035667	0.000000	63400.832031	827.707581	64904.890625
2012	01	0.000000	-1.410507	4.483791	4.483791	-0.000002	-0.000002	3.073284	-10.223946	-0.377944	0.000000	63400.835938	827.599426	64904.726562
2012	01	0.000000	-1.582521	4.613085	4.613085	-0.000002	-0.000002	3.030564	-6.041130	-0.343051	0.000000	63400.835938	827.495605	64904.570312
2012	01	0.000000	-1.304211	4.285940	4.285940	-0.000002	-0.000002	2.981730	-1.936253	-0.159669	0.000000	63400.839844	827.391235	64904.414062
2012	01	0.000000	-1.219498	4.140988	4.140988	-0.000002	-0.000002	2.921490	-2.120293	-0.122822	0.000000	63400.843750	827.296143	64904.269531
2012	01	0.000000	-1.688421	4.557924	4.557924	-0.000002	-0.000002	2.869502	-18.279703	-0.998317	0.000000	63400.847656	827.192993	64904.117188
2012	01	0.000000	-1.532231	4.363149	4.363149	-0.000002	-0.000002	2.830918	-10.730634	-0.570423	0.000000	63400.851562	827.083618	64903.964844
2012	01	0.000000	-1.735415	4.510568	4.510568	-0.000002	-0.000002	2.775153	-5.041822	-0.739776	0.000000	63400.855469	826.980225	64903.812500
2012	01	0.000000	-3.038606	5.752279	5.752279	-0.000002	-0.000002	2.713673	-14.387836	-3.000483	0.000000	63400.859375	826.843994	64903.636719
2012	01	0.000000	-2.593929	5.262105	5.262105	-0.000002	-0.000002	2.668176	-18.683939	-2.707496	0.000000	63400.863281	826.698792	64903.449219
2012	01	0.000000	-2.020586	4.658073	4.658073	-0.000002	-0.000002	2.637487	-9.877783	-0.975484	0.000000	63400.867188	826.571960	64903.281250
2012	01	0.000000	-1.502210	4.113830	4.113830	-0.000002	-0.000002	2.611619	-7.027122	-0.376819	0.000000	63400.875000	826.460083	64903.128906
2012	01	0.000000	-1.827516	4.407073	4.407073	-0.000002	-0.000002	2.579556	-1.374040	-0.334208	0.000000	63400.878906	826.356567	64902.988281
2012	01	0.000000	-1.460222	3.989490	3.989490	-0.000001	-0.000001	2.529268	-9.326614	-0.535249	0.000000	63400.882812	826.248474	64902.843750
2012	01	0.000000	-1.606627	4.088847	4.088847	-0.000002	-0.000002	2.482220	-10.690606	-0.762519	0.000000	63400.886719	826.146912	64902.707031
2012	01	0.000000	-1.420805	3.850147	3.850147	-0.000001	-0.000001	2.429342	-12.314980	-0.613205	0.000000	63400.890625	826.043762	64902.570312
2012	01	0.000000	-1.564800	3.946368	3.946368	-0.000001	-0.000001	2.381567	-6.894850	-0.438544	0.000000	63400.894531	825.945557	64902.437500
2012	01	0.000000	-1.740740	4.070315	4.070315	-0.000002	-0.000002	2.329576	-19.250580	-1.422836	0.000000	63400.898438	825.838135	64902.300781
2012	01	0.000000	-1.921341	4.210086	4.210086	-0.000002	-0.000002	2.288745	-12.042450	-1.108817	0.000000	63400.902344	825.728394	64902.160156
2012	01	0.000000	-1.751414	4.015673	4.015673	-0.000001	-0.000001	2.264259	-8.748406	-0.629813	0.000000	63400.906250	825.615051	64902.019531
2012	01	0.000000	-2.352947	4.598808	4.598808	-0.000002	-0.000002	2.245860	-19.832289	-4.365232	0.000000	63400.910156	825.501038	64901.878906
2012	01	0.000000	-2.765458	4.997307	4.997307	-0.000002	-0.000002	2.231849	-27.526617	-7.407949	0.000000	63400.914062	825.364197	64901.714844
2012	02	0.000000	-2.095624	4.182312	4.182312	-0.000002	-0.000002	2.086688	-12.867808	-2.004120	0.000000	63400.917969	825.231323	64901.554688
2012	02	0.000000	-1.873851	3.960443	3.960443	-0.000002	-0.000002	2.086592	-15.781520	-1.693688	0.000000	63400.921875	825.114685	64901.410156
2012	02	0.000000	-1.902687	3.985303	3.985303	-0.000002	-0.000002	2.082616	-17.124094	-1.976407	0.000000	63400.929688	824.998230	64901.269531
2012	02	0.000000	-1.630433	3.707033	3.707033	-0.000001	-0.000001	2.076600	-6.353851	-0.675094	0.000000	63400.933594	824.885742	64901.128906
2012	02	0.000000	-1.076563	3.144660	3.144660	-0.000001	-0.000001	2.068096	-0.803664	-0.177901	0.000000	63400.937500	824.790710	64901.007812
2012	02	0.000000	-1.409943	3.467302	3.467302	-0.000001	-0.000001	2.057359	-11.376432	-0.741569	0.000000	63400.945312	824.696350	64900.886719
2012	02	0.000000	-1.107278	3.151388	3.151388	-0.000001	-0.000001	2.044110	-10.913170	-0.491453	0.000000	63400.949219	824.602417	64900.769531
2012	02	0.000000	-1.577924	3.607430	3.607430	-0.000001	-0.000001	2.029506	-9.022215	-0.991817	0.000000	63400.953125	824.511597	64900.652344
2012	02	0.000000	-2.301421	4.315867	4.315867	-0.000002	-0.000002	2.014446	-19.468946	-3.161639	0.000000	63400.960938	824.390808	64900.507812
2012	02	0.000000	-2.097822	4.099512	4.099512	-0.000002	-0.000002	2.001690	-15.985387	-2.305361	0.000000	63400.964844	824.264648	64900.355469
2012	02	0.000000	-1.876874	3.868150	3.868150	-0.000002	-0.000002	1.991276	-22.554897	-2.414274	0.000000	63400.972656	824.145447	64900.214844
2012	02	0.000000	-1.878715	3.860616	3.860616	-0.000002	-0.000002	1.981901	-16.446951	-1.879715	0.000000	63400.980469	824.032532	64900.078125
2012	02	0.000000	-1.402545	3.375323	3.375323	-0.000001	-0.000001	1.972778	-12.721082	-0.765941	0.000000	63400.984375	823.927429	64899.949219
2012	02	0.000000	-1.438140	3.400532	3.400532	-0.000001	-0.000001	1.962392	-13.986436	-0.882835	0.000000	63400.992188	823.830872	64899.832031
2012	02	0.000000	-1.391582	3.341545	3.341545	-0.000001	-0.000001	1.949964	-6.353992	-0.447592	0.000000	63401.000000	823.733398	64899.710938
2012	02	0.000000	-1.565379	3.500366	3.500366	-0.000001	-0.000001	1.934987	-11.120613	-0.916451	0.000000	63401.003906	823.633362	64899.589844
2012	02	0.000000	-1.782068	3.700871	3.700871	-0.000001	-0.000001	1.918803	-20.513958	-2.200608	0.000000	63401.011719	823.526489	64899.460938
2012	02	0.000000	-1.374182	3.276958	3.276958	-0.000001	-0.000001	1.902777	-8.952940	-0.603962	0.000000	63401.019531	823.423584	64899.335938
2012	02	0.000000	-1.333364	3.221369	3.221369	-0.000001	-0.000001	1.888006	-2.991393	-0.223555	0.000000	63401.027344	823.328918	64899.222656
2012	02	0.000000	-1.323712	3.199082	3.199082	-0.000001	-0.000001	1.875370	-3.512493	-0.276145	0.000000	63401.035156	823.234192	64899.109375
2012	02	0.000000	-1.105336	2.958251	2.958251	-0.000001	-0.000001	1.852915	-1.586327	-0.215590	0.000000	63401.042969	823.144409	64899.000000
2012	02	0.000000	-1.141152	2.965393	2.965393	-0.000001	-0.000001	1.824241	-3.326625	-0.229900	0.000000	63401.050781	823.057800	64898.894531
2012	02	0.000000	-1.296794	3.079350	3.079350	-0.000001	-0.000001	1.782555	-4.197052	-0.314744	0.000000	63401.058594	822.968628	64898.789062
2012	02	0.000000	-1.208353	2.945978	2.945978	-0.000001	-0.000001	1.737625	-9.919359	-0.504676	0.000000	63401.062500	822.875854	64898.679688
2012	02	0.000000	-0.961580	2.655287	2.655287	-0.000001	-0.000001	1.693707	-2.050013	-0.188368	0.000000	63401.070312	822.790955	64898.578125
2012	02	0.000000	-1.133098	2.779534	2.779534	-0.000001	-0.000001	1.646436	-11.870763	-0.540402	0.000000	63401.078125	822.707886	64898.484375
2012	02	0.000000	-1.273553	2.870674	2.870674	-0.000001	-0.000001	1.597121	-4.726311	-0.324344	0.000000	63401.085938	822.618774	64898.382812
2012	02	0.000000	-1.183257	2.734359	2.734359	-0.000001	-0.000001	1.551102	-1.949691	-0.187376	0.000000	63401.089844	822.528809	64898.285156
2012	03	0.000000	-1.285581	2.898019	2.898019	-0.000001	-0.000001	1.612438	-5.111382	-0.316611	0.000000	63401.097656	822.440125	64898.187500
2012	03	0.000000	-1.314134	2.882446	2.882446	-0.000001	-0.000001	1.568312	-12.354142	-0.657173	0.000000	63401.101562	822.349609	64898.093750
2012	03	0.000000	-1.037121	2.560745	2.560745	-0.000001	-0.000001	1.523625	-2.710061	-0.159171	0.000000	63401.109375	822.265076	64898.003906
2012	03	0.000000	-1.131101	2.605554	2.605554	-0.000001	-0.000001	1.474453	-6.201051	-0.292706	0.000000	63401.113281	822.183838	64897.917969
2012	03	0.000000	-1.366323	2.788893	2.788893	-0.000001	-0.000001	1.422571	-13.342095	-0.709719	0.000000	63401.117188	822.096069	64897.828125
2012	03	0.000000	-1.382237	2.756521	2.756521	-0.000001	-0.000001	1.374284	-11.771577	-0.764546	0.000000	63401.121094	822.004333	64897.738281
2012	03	0.000000	-1.527915	2.858857	2.858857	-0.000001	-0.000001	1.330942	-22.274681	-1.481106	0.000000	63401.128906	821.909729	64897.644531
2012	03	0.000000	-1.912710	3.205073	3.205073	-0.000001	-0.000001	1.292364	-30.202122	-4.240624	0.000000	63401.132812	821.810547	64897.546875
2012	03	0.000000	-2.293896	3.556502	3.556502	-0.000001	-0.000001	1.262606	-32.084370	-5.787546	0.000000	63401.136719	821.691833	64897.433594
2012	03	0.000000	-1.725922	2.972717	2.972717	-0.000001	-0.000001	1.246794	-16.836735	-1.764764	0.000000	63401.140625	821.578979	64897.324219
2012	03	0.000000	-1.848905	3.084861	3.084861	-0.000001	-0.000001	1.235956	-28.130791	-2.958293	0.000000	63401.144531	821.479065	64897.230469
2012	03	0.000000	-1.574562	2.800587	2.800587	-0.000001	-0.000001	1.226025	-19.569170	-1.534555	0.000000	63401.148438	821.373535	64897.128906
2012	03	0.000000	-1.420524	2.636312	2.636312	-0.000001	-0.000001	1.215788	-11.717751	-0.798888	0.000000	63401.156250	821.280396	64897.042969
2012	03	0.000000	-1.504068	2.705963	2.705963	-0.000001	-0.000001	1.201895	-11.653048	-0.907497	0.000000	63401.160156	821.188049	64896.957031
2012	03	0.000000	-1.269775	2.450542	2.450542	-0.000001	-0.000001	1.180767	-10.112178	-0.522878	0.000000	63401.164062	821.094421	64896.867188
2012	03	0.000000	-1.109390	2.262230	2.262230	-0.000001	-0.000001	1.152840	-2.569213	-0.250622	0.000000	63401.171875	821.012024	64896.792969
2012	03	0.000000	-1.391160	2.509272	2.509272	-0.000001	-0.000001	1.118111	-3.733901	-0.289146	0.000000	63401.175781	820.923279	64896.714844
2012	03	0.000000	-1.198607	2.281145	2.281145	-0.000001	-0.000001	1.082538	-2.671446	-0.272955	0.000000	63401.179688	820.835876	64896.636719
2012	03	0.000000	-1.238322	2.284611	2.284611	-0.000001	-0.000001	1.046289	-8.067501	-0.569137	0.000000	63401.183594	820.750183	64896.558594
2012	03	0.000000	-1.315195	2.323996	2.323996	-0.000001	-0.000001	1.008801	-10.353532	-0.761261	0.000000	63401.191406	820.663940	64896.484375
2012	03	0.000000	-1.323354	2.294914	2.294914	-0.000001	-0.000001	0.971560	-8.046365	-0.653374	0.000000	63401.195312	820.572815	64896.406250
2012	03	0.000000	-1.288207	2.224095	2.224095	-0.000001	-0.000001	0.935888	-2.895438	-0.395893	0.000000	63401.199219	820.487122	64896.335938
2012	03	0.000000	-1.666113	2.566496	2.566496	-0.000001	-0.000001	0.900383	-6.760591	-0.537993	0.000000	63401.203125	820.390076	64896.253906
2012	03	0.000000	-2.089137	2.959345	2.959345	-0.000001	-0.000001	0.870208	-22.710213	-3.635602	0.000000	63401.207031	820.288452	64896.167969
2012	03	0.000000	-2.525785	3.372888	3.372888	-0.000001	-0.000001	0.847104	-27.329891	-5.428718	0.000000	63401.210938	820.162231	64896.058594
2012	03	0.000000	-1.780048	2.614620	2.614620	-0.000001	-0.000001	0.834572	-18.058424	-1.891261	0.000000	63401.210938	820.048035	64895.964844
2012	03	0.000000	-1.597330	2.420949	2.420949	-0.000001	-0.000001	0.823619	-14.158439	-1.442224	0.000000	63401.214844	819.950195	64895.882812
2012	03	0.000000	-2.125422	2.931755	2.931755	-0.000001	-0.000001	0.806333	-23.158705	-3.595000	0.000000	63401.218750	819.844299	64895.796875
2012	03	0.000000	-2.240066	3.029412	3.029412	-0.000001	-0.000001	0.789346	-20.132177	-3.399305	0.000000	63401.222656	819.727234	64895.699219
2012	03	0.000000	-2.304304	3.082154	3.082154	-0.000001	-0.000001	0.777849	-21.771719	-3.909272	0.000000	63401.226562	819.609314	64895.601562
2012	03	0.000000	-2.136791	2.906599	2.906599	-0.000001	-0.000001	0.769808	-21.807079	-3.246042	0.000000	63401.234375	819.489502	64895.500000
2012	04	0.000000	-1.716137	2.455040	2.455040	-0.000001	-0.000001	0.738903	-14.097639	-1.543781	0.000000	63401.238281	819.380615	64895.414062
2012	04	0.000000	-1.710343	2.441136	2.441136	-0.000001	-0.000001	0.730793	-3.948922	-1.158762	0.000000	63401.242188	819.278870	64895.332031
2012	04	0.000000	-1.723920	2.441811	2.441811	-0.000001	-0.000001	0.717891	-16.747652	-2.298891	0.000000	63401.246094	819.177307	64895.250000
2012	04	0.000000	-2.042332	2.744746	2.744746	-0.000001	-0.000001	0.702414	-14.033165	-4.020879	0.000000	63401.250000	819.068176	64895.164062
2012	04	0.000000	-1.515148	2.203221	2.203221	-0.000001	-0.000001	0.688073	0.873676	-1.238556	0.000000	63401.253906	818.963318	64895.078125
2012	04	0.000000	-1.830669	2.502421	2.502421	-0.000001	-0.000001	0.671752	-5.169525	-1.298993	0.000000	63401.257812	818.862427	64895.000000
2012	04	0.000000	-2.047884	2.701468	2.701468	-0.000001	-0.000001	0.653584	-10.647445	-2.228684	0.000000	63401.261719	818.751770	64894.914062
2012	04	0.000000	-2.077063	2.714530	2.714530	-0.000001	-0.000001	0.637467	-7.566337	-2.067190	0.000000	63401.265625	818.638428	64894.824219
2012	04	0.000000	-2.414386	3.038047	3.038047	-0.000001	-0.000001	0.623661	-3.716084	-0.993240	0.000000	63401.269531	818.517273	64894.726562
2012	04	0.000000	-2.224284	2.838282	2.838282	-0.000001	-0.000001	0.613998	-7.717389	-1.925178	0.000000	63401.273438	818.392151	64894.625000
2012	04	0.000000	-1.639075	2.245927	2.245927	-0.000001	-0.000001	0.606852	1.428950	-1.110517	0.000000	63401.277344	818.286011	64894.542969
2012	04	0.000000	-2.220070	2.815985	2.815985	-0.000001	-0.000001	0.595915	-8.786572	-2.565131	0.000000	63401.281250	818.177795	64894.460938
2012	04	0.000000	-2.817170	3.401661	3.401661	-0.000001	-0.000001	0.584492	-23.204746	-6.734548	0.000000	63401.281250	818.046082	64894.351562
2012	04	0.000000	-3.646764	4.225445	4.225445	-0.000002	-0.000002	0.578681	-13.174006	-5.944454	0.000000	63401.285156	817.893738	64894.226562
2012	04	0.000000	-2.896267	3.472954	3.472954	-0.000001	-0.000001	0.576687	-14.385026	-4.833147	0.000000	63401.289062	817.737244	64894.093750
2012	04	0.000000	-3.406372	3.982666	3.982666	-0.000002	-0.000002	0.576294	-23.261574	-8.902023	0.000000	63401.292969	817.590820	64893.972656
2012	04	0.000000	-3.995986	4.572298	4.572298	-0.000002	-0.000002	0.576312	-18.885912	-8.946188	0.000000	63401.296875	817.421204	64893.832031
2012	04	0.000000	-3.063182	3.640189	3.640189	-0.000001	-0.000001	0.577007	-16.887167	-5.292076	0.000000	63401.300781	817.255310	64893.691406
2012	04	0.000000	-3.088848	3.666626	3.666626	-0.000001	-0.000001	0.577778	-8.909338	-2.995548	0.000000	63401.304688	817.110291	64893.570312
2012	04	0.000000	-2.301863	2.879935	2.879935	-0.000001	-0.000001	0.578072	-3.539686	-2.567287	0.000000	63401.308594	816.974365	64893.460938
2012	04	0.000000	-2.109452	2.687101	2.687101	-0.000001	-0.000001	0.577649	-1.463402	-1.788059	0.000000	63401.312500	816.857849	64893.367188
2012	04	0.000000	-3.051317	3.627462	3.627462	-0.000001	-0.000001	0.576144	-22.673292	-9.566370	0.000000	63401.316406	816.729309	64893.265625
2012	04	0.000000	-3.077957	3.652070	3.652070	-0.000001	-0.000001	0.574113	-15.109381	-6.175547	0.000000	63401.320312	816.578430	64893.140625
2012	04	0.000000	-2.725314	3.298318	3.298318	-0.000001	-0.000001	0.573004	-11.177445	-4.221965	0.000000	63401.324219	816.439148	64893.027344
2012	04	0.000000	-3.223503	3.795760	3.795760	-0.000001	-0.000001	0.572257	-12.548394	-4.683392	0.000000	63401.328125	816.292542	64892.906250
2012	04	0.000000	-2.320157	2.891910	2.891910	-0.000001	-0.000001	0.571753	-3.552224	-2.067600	0.000000	63401.332031	816.157166	64892.796875
2012	04	0.000000	-2.831984	3.403144	3.403144	-0.000001	-0.000001	0.571160	-8.294532	-3.170494	0.000000	63401.339844	816.027222	64892.691406
2012	04	0.000000	-2.955945	3.525850	3.525850	-0.000001	-0.000001	0.569905	-11.113119	-3.812979	0.000000	63401.343750	815.883789	64892.574219
2012	04	0.000000	-2.664653	3.233487	3.233487	-0.000001	-0.000001	0.568835	-10.361599	-2.951691	0.000000	63401.347656	815.746155	64892.460938
2012	04	0.000000	-2.541165	3.108999	3.108999	-0.000001	-0.000001	0.567834	-4.398523	-1.742318	0.000000	63401.351562	815.615112	64892.355469
2012	05	0.000000	-2.356779	2.941854	2.941854	-0.000001	-0.000001	0.585075	-3.106599	-1.098664	0.000000	63401.355469	815.489380	64892.257812
2012	05	0.000000	-3.067153	3.649572	3.649572	-0.000001	-0.000001	0.582419	8.053782	0.729387	0.000000	63401.359375	815.359619	64892.152344
2012	05	0.000000	-3.297385	3.877038	3.877038	-0.000001	-0.000001	0.579653	6.426901	2.201404	0.000000	63401.363281	815.211182	64892.031250
2012	05	0.000000	-3.575461	4.154480	4.154480	-0.000002	-0.000002	0.579020	6.793931	4.182078	0.000000	63401.367188	815.056946	64891.902344
2012	05	0.000000	-3.761038	4.340868	4.340868	-0.000002	-0.000002	0.579831	0.336100	3.577432	0.000000	63401.371094	814.891052	64891.761719
2012	05	0.000000	-4.337656	4.919501	4.919501	-0.000002	-0.000002	0.581845	-5.408094	-0.461153	0.000000	63401.375000	814.716431	64891.613281
2012	05	0.000000	-4.703461	5.289162	5.289162	-0.000002	-0.000002	0.585701	-3.388047	2.507853	0.000000	63401.382812	814.527710	64891.449219
2012	05	0.000000	-4.684128	5.274451	5.274451	-0.000002	-0.000002	0.590323	-4.863317	2.598629	0.000000	63401.386719	814.331970	64891.281250
2012	05	0.000000	-4.191741	4.788144	4.788144	-0.000002	-0.000002	0.596403	5.745349	2.534406	0.000000	63401.390625	814.146301	64891.121094
2012	05	0.000000	-4.117547	4.720934	4.720934	-0.000002	-0.000002	0.603388	9.522763	7.052980	0.000000	63401.394531	813.964417	64890.964844
2012	05	0.000000	-3.444791	4.052771	4.052771	-0.000002	-0.000002	0.607980	17.690166	12.037985	0.000000	63401.398438	813.798340	64890.824219
2012	05	0.000000	-3.205529	3.814803	3.814803	-0.000001	-0.000001	0.609274	14.338996	7.474359	0.000000	63401.406250	813.649048	64890.699219
2012	05	0.000000	-3.636967	4.244956	4.244956	-0.000002	-0.000002	0.607990	7.077538	7.686551	0.000000	63401.410156	813.494629	64890.570312
2012	05	0.000000	-3.244563	3.851280	3.851280	-0.000001	-0.000001	0.606717	14.727172	6.267335	0.000000	63401.414062	813.335083	64890.433594
2012	05	0.000000	-3.511264	4.117255	4.117255	-0.000002	-0.000002	0.605990	9.404656	8.520032	0.000000	63401.417969	813.184082	64890.308594
2012	05	0.000000	-4.496989	5.103467	5.103467	-0.000002	-0.000002	0.606479	-2.311013	10.256092	0.000000	63401.425781	813.011963	64890.160156
2012	05	0.000000	-4.572205	5.181375	5.181375	-0.000002	-0.000002	0.609170	-6.177090	1.156141	0.000000	63401.429688	812.821472	64889.996094
2012	05	0.000000	-4.524023	5.143059	5.143059	-0.000002	-0.000002	0.619036	-5.739785	1.425046	0.000000	63401.433594	812.630371	64889.828125
2012	05	0.000000	-3.929843	4.560018	4.560018	-0.000002	-0.000002	0.630175	-4.616465	6.306321	0.000000	63401.437500	812.447632	64889.671875
2012	05	0.000000	-3.925234	4.561988	4.561988	-0.000002	-0.000002	0.636753	4.897289	11.641126	0.000000	63401.445312	812.279236	64889.527344
2012	05	0.000000	-3.681378	4.323487	4.323487	-0.000002	-0.000002	0.642109	0.298520	5.103336	0.000000	63401.449219	812.109436	64889.382812
2012	05	0.000000	-4.166928	4.814104	4.814104	-0.000002	-0.000002	0.647176	3.952972	9.307721	0.000000	63401.453125	811.941345	64889.238281
2012	05	0.000000	-4.148819	4.801300	4.801300	-0.000002	-0.000002	0.652480	-2.323643	3.079777	0.000000	63401.460938	811.762146	64889.082031
2012	05	0.000000	-4.416435	5.074508	5.074508	-0.000002	-0.000002	0.658073	-5.283304	3.030412	0.000000	63401.464844	811.581482	64888.921875
2012	05	0.000000	-4.579083	5.240759	5.240759	-0.000002	-0.000002	0.661676	-16.562641	-4.815090	0.000000	63401.472656	811.391357	64888.757812
2012	05	0.000000	-5.030951	5.695814	5.695814	-0.000002	-0.000002	0.664863	-27.447989	-10.848961	0.000000	63401.476562	811.191589	64888.578125
2012	05	0.000000	-5.351851	6.017266	6.017266	-0.000002	-0.000002	0.665415	-32.697426	-12.984233	0.000000	63401.484375	810.980530	64888.390625
2012	05	0.000000	-5.038871	5.707449	5.707449	-0.000002	-0.000002	0.668578	-42.558727	-16.353752	0.000000	63401.488281	810.764038	64888.199219
2012	05	0.000000	-4.409212	5.081445	5.081445	-0.000002	-0.000002	0.672233	-19.748011	-5.058207	0.000000	63401.492188	810.573486	64888.031250
2012	05	0.000000	-4.532984	5.208284	5.208284	-0.000002	-0.000002	0.675301	-13.820726	-3.704358	0.000000	63401.500000	810.385132	64887.863281
2012	05	0.000000	-4.529401	5.209071	5.209071	-0.000002	-0.000002	0.679670	-37.204456	-3.370943	0.000000	63401.503906	810.193481	64887.695312
2012	06	0.000000	-4.676194	5.338837	5.338837	-0.000002	-0.000002	0.662642	-34.298092	-10.662333	0.000000	63401.511719	809.999390	64887.523438
2012	06	0.000000	-4.209351	4.874170	4.874170	-0.000002	-0.000002	0.664820	-35.635647	24.904730	0.000000	63401.515625	809.804626	64887.351562
2012	06	0.000000	-4.003936	4.671033	4.671033	-0.000002	-0.000002	0.667097	-14.856011	37.463417	0.000000	63401.523438	809.626648	64887.195312
2012	06	0.000000	-3.971673	4.641972	4.641972	-0.000002	-0.000002	0.670299	-13.695004	37.642742	0.000000	63401.527344	809.449707	64887.039062
2012	06	0.000000	-3.933317	4.605518	4.605518	-0.000002	-0.000002	0.672201	-9.743313	14.845255	0.000000	63401.535156	809.273743	64886.886719
2012	06	0.000000	-4.212706	5.121435	5.121435	-0.000002	-0.000002	0.908729	-7.945407	3.048686	0.000000	63401.542969	809.094604	64886.726562
2012	06	0.000000	-4.374569	6.636082	6.636082	-0.000003	-0.000003	2.261514	-21.213175	-1.121595	0.000000	63401.570312	808.907715	64886.531250
2012	06	0.000000	-4.848206	9.178338	9.178338	-0.000004	-0.000004	4.330132	-51.604427	-4.105845	0.000000	63401.644531	808.708923	64886.269531
2012	06	0.000000	-5.388351	19.995064	19.995064	-0.000008	-0.000008	14.606712	-3.788346	3.053903	0.000000	63401.851562	808.494202	64885.800781
2012	06	0.000000	-5.015625	32.662231	32.662231	-0.000013	-0.000013	27.646605	6.225307	11.913293	0.000000	63402.335938	808.275879	64884.886719
2012	06	0.000000	-5.477353	25.732092	25.732092	-0.000010	-0.000010	20.254742	41.402992	39.386337	0.000000	63402.792969	808.057373	64883.859375
2012	06	0.000000	-6.140738	21.196028	21.196028	-0.000008	-0.000008	15.055288	13.882572	20.640865	0.000000	63403.039062	807.817749	64883.097656
2012	06	0.000000	-6.753806	32.059486	32.059486	-0.000012	-0.000012	25.305679	-24.644840	64.886391	0.000000	63403.250000	807.557983	64882.328125
2012	06	0.000000	-4.974484	22.969255	22.969255	-0.000009	-0.000009	17.994772	56.386017	31.549473	0.000000	63403.519531	807.321228	64881.316406
2012	06	3.232632	-3.218137	26.894426	23.661793	-0.000009	-0.000009	20.443655	57.950588	25.779375	8971.309570	63403.675781	807.122864	64880.527344
2012	06	14.519867	5.309854	30.670715	16.150848	-0.000006	-0.000006	21.460703	42.290939	65.066086	40296.027344	63403.824219	807.102295	64879.835938
2012	06	24.287445	14.669060	28.223633	3.936187	-0.000002	-0.000002	18.605246	103.248222	54.986233	67403.335938	63403.945312	807.428223	64879.550781
2012	06	37.578659	24.688551	36.252586	-1.326073	0.000001	0.000001	23.362478	69.627312	66.270729	104289.562500	63404.054688	808.040039	64879.535156
2012	06	47.952087	32.676224	50.001976	2.049890	-0.000001	-0.000001	34.726116	30.315292	51.331692	133078.250000	63404.226562	808.976868	64879.539062
2012	06	53.369289	37.258816	53.889969	0.520683	-0.000000	-0.000000	37.779503	44.073814	81.388931	148112.250000	63404.441406	810.238647	64879.558594
2012	06	47.385841	32.345146	47.146862	-0.238977	0.000000	0.000000	32.106171	23.044399	29.859426	131506.781250	63404.582031	811.244812	64879.496094
2012	06	49.244591	33.392818	46.916065	-2.328525	0.000001	0.000001	31.064295	35.778530	27.513063	136665.250000	63404.679688	812.310242	64879.554688
2012	06	68.967186	49.629574	50.906239	-18.060944	0.000007	0.000007	31.568628	54.121506	33.947998	191400.046875	63404.757812	813.618835	64879.867188
2012	06	99.192017	73.419975	61.325073	-37.866947	0.000015	0.000015	35.553024	65.698776	70.081398	275281.031250	63404.820312	815.692383	64880.855469
2012	06	127.113373	93.231949	75.157745	-51.955624	0.000020	0.000020	41.276318	-2.269127	88.095558	352769.312500	63404.871094	818.366028	64882.292969
2012	06	109.088013	77.766830	70.385590	-38.702419	0.000015	0.000015	39.064407	19.377968	113.093300	302744.718750	63404.906250	821.283875	64883.882812
2012	06	112.516357	82.137245	64.671013	-47.845345	0.000018	0.000018	34.291904	70.190681	81.474182	312259.187500	63404.917969	823.866211	64885.316406
2012	06	127.938492	93.915817	68.014381	-59.924114	0.000023	0.000023	33.991707	3.012274	36.905235	355059.218750	63404.914062	826.757874	64887.128906
2012	06	119.530266	87.281151	63.881176	-55.649090	0.000021	0.000021	31.632061	54.356628	58.423084	331724.437500	63404.898438	829.839172	64889.144531
2012	06	123.790596	89.819557	66.403046	-57.387547	0.000022	0.000022	32.432011	68.578171	67.563110	343547.843750	63404.875000	832.840942	64891.136719
2012	07	80.431419	53.059475	59.917904	-20.513512	0.000008	0.000008	32.545963	9.111838	55.728352	216015.468750	63404.839844	834.949585	64892.234375
2012	07	110.353981	77.943237	67.618874	-42.735100	0.000016	0.000016	35.208138	48.978161	42.109737	296378.781250	63404.792969	836.930664	64893.171875
2012	07	139.591995	99.809372	79.970200	-59.621799	0.000022	0.000022	40.187584	57.307068	55.882683	374903.625000	63404.726562	840.081848	64895.132812
2012	07	130.809052	93.025513	75.722633	-55.086418	0.000021	0.000021	37.939091	66.682549	32.264309	351315.218750	63404.644531	842.972839	64896.816406
2012	07	157.049683	113.625694	82.295769	-74.753914	0.000028	0.000028	38.871773	77.246651	48.650993	421789.937500	63404.550781	846.304260	64898.953125
2012	07	170.431671	122.758202	87.650871	-82.780807	0.000031	0.000031	39.977390	70.982399	48.882915	457730.093750	63404.441406	850.074463	64901.496094
2012	07	165.391861	115.810326	89.693291	-75.698563	0.000028	0.000028	40.111763	51.689758	61.139984	444194.562500	63404.316406	854.090942	64904.257812
2012	07	209.156143	152.047104	96.645264	-112.510864	0.000042	0.000042	39.536236	41.918217	50.947887	561732.750000	63404.179688	858.055115	64907.003906
2012	07	233.486313	164.834839	112.364998	-121.121300	0.000045	0.000045	43.713535	-9.063136	109.973694	627076.500000	63404.027344	863.261047	64910.898438
2012	07	237.577271	164.009186	117.729309	-119.847961	0.000045	0.000045	44.161221	-32.746189	108.035187	638063.687500	63403.855469	868.496338	64914.773438
2012	07	195.565750	117.764450	126.419334	-69.146408	0.000026	0.000026	48.618042	-5.843576	129.988342	525232.875000	63403.656250	872.478821	64917.289062
2012	07	198.288986	122.468613	122.266754	-76.022240	0.000028	0.000028	46.446369	2.792225	129.156082	532546.750000	63403.441406	876.557434	64919.878906
2012	07	192.146988	116.766708	120.002113	-72.144875	0.000027	0.000027	44.621838	1.003328	139.457764	516051.093750	63403.214844	880.045898	64921.937500
2012	07	197.843735	127.854500	109.351494	-88.492241	0.000033	0.000033	39.362247	-1.856316	78.843735	531350.937500	63402.996094	884.694397	64925.292969
2012	07	170.452637	101.557625	106.352104	-64.100533	0.000024	0.000024	37.457104	-25.242632	67.757179	457786.375000	63402.789062	888.187805	64927.617188
2012	07	180.301208	118.725243	94.401054	-85.900162	0.000032	0.000032	32.825077	31.189970	63.585545	484236.812500	63402.585938	891.646301	64929.988281
2012	07	192.801239	126.587021	99.332596	-93.468628	0.000035	0.000035	33.118397	81.833687	68.233505	517808.187500	63402.386719	895.661072	64932.980469
2012	07	207.559265	137.889908	101.552788	-106.006477	0.000040	0.000040	31.883434	72.389053	67.756691	557444.000000	63402.187500	899.792725	64936.121094
2012	07	202.769287	121.710999	114.213669	-88.555626	0.000033	0.000033	33.155369	-12.049328	119.166656	544579.562500	63401.980469	903.936401	64939.261719
2012	07	170.703186	105.551483	93.940887	-76.762306	0.000029	0.000029	28.789173	27.851532	49.727112	458459.312500	63401.777344	907.618530	64941.996094
2012	07	176.347794	105.758980	98.924118	-77.423683	0.000029	0.000029	28.335297	50.158531	64.065941	473619.093750	63401.585938	910.983032	64944.496094
2012	07	157.564590	91.546127	92.633339	-64.931252	0.000024	0.000024	26.614878	0.405401	46.843281	423172.843750	63401.394531	914.179199	64946.851562
2012	07	127.415688	73.596100	77.279541	-50.136143	0.000019	0.000019	23.459961	75.056213	30.993841	342201.593750	63401.214844	916.589539	64948.515625
2012	07	176.874527	110.312675	90.518867	-86.355659	0.000032	0.000032	23.957016	92.209869	36.544807	475033.718750	63401.042969	919.516663	64950.730469
2012	07	171.922272	105.636284	89.533707	-82.388573	0.000031	0.000031	23.247711	108.165344	38.188442	461733.406250	63400.867188	923.177246	64953.667969
2012	07	153.212006	91.594398	81.355682	-71.856323	0.000027	0.000027	19.738079	120.686996	27.095953	411483.031250	63400.632812	926.263672	64956.125000
2012	07	167.592865	102.042458	84.653381	-82.939491	0.000031	0.000031	19.102968	109.215218	26.434534	450105.843750	63400.363281	929.276794	64958.566406
2012	07	136.845917	71.688019	84.664726	-52.181198	0.000019	0.000019	19.506823	50.029270	21.996780	367528.468750	63400.097656	932.211609	64960.937500
2012	07	161.489044	93.939758	86.143997	-75.345047	0.000028	0.000028	18.594713	71.653381	25.427488	433712.750000	63399.847656	934.646484	64962.804688
2012	07	159.796387	79.448090	100.123138	-59.673241	0.000022	0.000022	19.774851	65.035843	37.545052	429166.750000	63399.574219	937.542114	64965.132812
2012	07	113.220284	51.722584	81.014755	-32.205532	0.000012	0.000012	19.517052	27.936861	33.398865	304076.875000	63399.316406	939.529053	64966.542969
2012	08	126.632828	63.810783	81.851357	-44.781467	0.000017	0.000017	19.029314	81.868820	36.206638	340099.093750	63399.062500	941.516541	64967.953125
2012	08	151.317734	73.910568	96.997894	-54.319839	0.000020	0.000020	19.590731	36.349415	33.980972	406395.562500	63398.800781	943.800964	64969.671875
2012	08	159.536636	71.569931	108.768089	-50.768547	0.000019	0.000019	20.801384	-22.190857	38.894531	428469.187500	63398.531250	946.004150	64971.281250
2012	08	130.893021	54.343273	97.119301	-33.773720	0.000013	0.000013	20.569553	5.503517	22.577761	351540.687500	63398.246094	948.303406	64972.960938
2012	08	108.664932	38.348763	93.947876	-14.717062	0.000005	0.000005	23.631701	-3.466718	25.178446	291842.531250	63397.972656	949.622131	64973.621094
2012	08	82.905396	27.118145	78.807686	-4.097714	0.000002	0.000002	23.020428	5.675043	26.041895	222659.859375	63397.718750	950.479797	64973.773438
2012	08	104.061523	44.736019	82.121109	-21.940413	0.000008	0.000008	22.795609	57.694801	33.409832	279479.093750	63397.441406	951.950867	64974.554688
2012	08	116.016090	53.752968	85.002365	-31.013720	0.000012	0.000012	22.739246	61.727779	29.007439	311585.593750	63397.171875	953.537354	64975.457031
2012	08	128.187729	59.458179	91.741676	-36.446053	0.000014	0.000014	23.012127	47.837776	35.678593	344275.093750	63396.882812	955.400146	64976.632812
2012	08	134.344589	59.519501	98.198074	-36.146519	0.000013	0.000013	23.372978	34.401352	40.997494	360810.625000	63396.578125	957.341919	64977.878906
2012	08	131.878342	53.542419	101.788795	-30.089535	0.000011	0.000011	23.452885	27.457937	41.293575	354186.968750	63396.277344	959.128052	64978.960938
2012	08	126.755737	47.397045	102.533234	-24.222504	0.000009	0.000009	23.174543	27.689867	38.107773	340429.156250	63395.972656	960.729248	64979.859375
2012	08	119.431145	39.438957	102.731689	-16.699463	0.000006	0.000006	22.739494	21.420681	34.477455	320757.437500	63395.675781	962.188965	64980.636719
2012	08	120.966293	46.230904	96.254372	-24.711929	0.000009	0.000009	21.518974	22.321196	25.899820	324880.406250	63395.390625	963.679871	64981.468750
2012	08	111.563530	43.354557	88.680084	-22.883434	0.000009	0.000009	20.471121	41.042931	21.589304	299627.281250	63395.117188	965.246033	64982.410156
2012	08	90.485901	27.097099	83.181091	-7.304814	0.000003	0.000003	19.792284	40.192223	14.915781	243018.906250	63394.867188	966.375671	64982.945312
2012	08	87.601372	27.579798	78.953400	-8.647964	0.000003	0.000003	18.931833	25.363379	12.744177	235271.875000	63394.628906	967.235718	64983.234375
2012	08	93.752892	31.715326	80.531799	-13.221090	0.000005	0.000005	18.494236	42.581364	17.018919	251793.093750	63394.390625	968.291138	64983.738281
2012	08	87.616356	21.891953	84.337852	-3.278507	0.000001	0.000001	18.613445	22.354673	17.073341	235312.156250	63394.160156	969.161560	64984.066406
2012	08	76.699417	20.044111	74.168457	-2.530961	0.000001	0.000001	17.513151	26.338095	11.626872	205992.421875	63393.941406	969.814148	64984.187500
2012	08	70.486862	17.582428	69.574463	-0.912396	0.000000	0.000000	16.670033	53.161911	10.277707	189307.281250	63393.726562	970.496521	64984.371094
2012	08	59.732876	11.218262	64.648918	4.916041	-0.000002	-0.000002	16.134302	64.993805	7.476844	160425.203125	63393.531250	970.910706	64984.308594
2012	08	62.174603	11.687305	66.423225	4.248622	-0.000002	-0.000002	15.935927	54.578918	8.381062	166982.968750	63393.335938	971.290466	64984.226562
2012	08	65.587494	15.327646	65.521492	-0.066000	0.000000	0.000000	15.261645	53.833946	8.854774	176148.984375	63393.140625	971.814941	64984.300781
2012	08	69.900230	17.049282	68.174408	-1.725828	0.000001	0.000001	15.323455	49.813877	10.083212	187731.781250	63392.945312	972.369751	64984.414062
2012	08	64.955116	15.044059	64.498039	-0.457081	0.000000	0.000000	14.586977	35.931545	8.221431	174450.625000	63392.753906	972.896240	64984.511719
2012	08	60.281036	11.497804	63.165947	2.884906	-0.000001	-0.000001	14.382710	40.885532	9.642775	161897.406250	63392.566406	973.416931	64984.621094
2012	08	45.208450	-0.450350	60.557407	15.348956	-0.000006	-0.000006	14.898606	17.132460	7.695986	121416.789062	63392.398438	973.506165	64984.289062
2012	08	40.655685	-2.099737	57.237114	16.581425	-0.000006	-0.000006	14.481687	19.125635	6.026754	109189.390625	63392.230469	973.494568	64983.855469
2012	08	45.089359	1.788678	57.644291	12.554934	-0.000005	-0.000005	14.343612	29.807140	6.669753	121096.945312	63392.070312	973.531433	64983.480469
2012	08	42.554008	0.889571	55.203396	12.649388	-0.000005	-0.000005	13.538959	37.639286	7.110915	114287.726562	63391.902344	973.619873	64983.171875
2012	09	36.978046	-1.302576	50.969036	13.990989	-0.000005	-0.000005	12.688412	35.053993	5.005727	102622.734375	63391.750000	973.605652	64982.777344
2012	09	35.135231	-2.841598	50.422421	15.287192	-0.000006	-0.000006	12.445595	22.570738	4.632877	97508.476562	63391.593750	973.588318	64982.398438
2012	09	30.675838	-5.660092	48.830791	18.154955	-0.000007	-0.000007	12.494864	4.941967	5.524291	85132.625000	63391.453125	973.386902	64981.832031
2012	09	34.137169	-2.596593	49.060463	14.923292	-0.000006	-0.000006	12.326699	17.965960	4.246214	94738.632812	63391.312500	973.287354	64981.371094
2012	09	38.348709	-1.850142	53.085293	14.736582	-0.000006	-0.000006	12.886439	13.151320	6.430726	106426.640625	63391.164062	973.245605	64980.968750
2012	09	25.445776	-9.897062	48.717110	23.271336	-0.000009	-0.000009	13.374272	-1.119212	12.977315	70617.976562	63391.015625	973.050354	64980.390625
2012	09	25.602163	-6.849955	44.925301	19.323135	-0.000007	-0.000007	12.473181	25.945822	7.958474	71051.992188	63390.875000	972.775208	64979.726562
2012	09	28.386610	-5.514030	46.707222	18.320616	-0.000007	-0.000007	12.806584	16.535353	4.345803	78779.484375	63390.734375	972.600159	64979.187500
2012	09	29.942101	-4.709913	47.676682	17.734581	-0.000007	-0.000007	13.024668	15.709945	5.415064	83096.328125	63390.589844	972.467346	64978.675781
2012	09	26.203377	-7.922955	47.225830	21.022455	-0.000008	-0.000008	13.099502	4.902111	2.169543	72720.492188	63390.445312	972.309509	64978.136719
2012	09	22.041161	-9.083876	43.467964	21.426804	-0.000008	-0.000008	12.342928	16.335579	3.828425	61169.378906	63390.300781	972.060974	64977.511719
2012	09	20.324316	-9.135124	40.906376	20.582064	-0.000008	-0.000008	11.446939	15.802939	4.692630	56404.722656	63390.160156	971.749573	64976.863281
2012	09	16.314260	-12.073688	39.427872	23.113611	-0.000009	-0.000009	11.039924	11.210362	3.374006	45275.886719	63390.023438	971.427307	64976.218750
2012	09	18.409136	-10.180762	39.848480	21.439342	-0.000008	-0.000008	11.258581	12.957419	1.447215	51089.656250	63389.886719	971.075256	64975.546875
2012	09	17.245949	-10.185487	38.315224	21.069275	-0.000008	-0.000008	10.883787	12.565606	3.006703	47861.539062	63389.753906	970.742432	64974.898438
2012	09	15.629100	-10.685864	36.812603	21.183504	-0.000008	-0.000008	10.497640	14.484857	2.558070	43374.410156	63389.621094	970.390625	64974.246094
2012	09	14.259994	-13.568682	39.028275	24.768282	-0.000010	-0.000010	11.199600	2.631423	1.752362	39574.816406	63389.488281	970.014038	64973.562500
2012	09	12.293885	-15.102965	39.083996	26.790112	-0.000010	-0.000010	11.687145	-0.284366	2.414579	34118.406250	63389.351562	969.576355	64972.796875
2012	09	12.344818	-14.484089	38.722870	26.378054	-0.000010	-0.000010	11.893964	2.896853	2.007153	34259.757812	63389.210938	969.122864	64972.003906
2012	09	10.698015	-14.443290	36.177647	25.479630	-0.000010	-0.000010	11.036341	4.913922	4.061894	29689.492188	63389.074219	968.692932	64971.238281
2012	09	12.445198	-13.263435	36.488106	24.042910	-0.000009	-0.000009	10.779475	5.134280	2.400420	34538.335938	63388.941406	968.241943	64970.480469
2012	09	10.354252	-14.310925	35.270199	24.915947	-0.000010	-0.000010	10.605022	1.933398	1.953558	28735.470703	63388.804688	967.825134	64969.757812
2012	09	7.149059	-17.268089	34.886002	27.736942	-0.000011	-0.000011	10.468852	-4.161019	5.875504	19840.312500	63388.675781	967.331909	64968.976562
2012	09	0.394767	-23.615515	37.488815	37.094048	-0.000014	-0.000014	13.478530	-12.794184	-0.235648	1095.571411	63388.535156	966.734375	64968.039062
2012	09	6.982780	-17.566467	40.459076	33.476299	-0.000013	-0.000013	15.909833	-2.184692	2.532054	19378.847656	63388.386719	966.164185	64967.027344
2012	09	9.700353	-14.880433	40.445988	30.745638	-0.000012	-0.000012	15.865204	-4.847799	-1.718736	26920.746094	63388.226562	965.665894	64966.039062
2012	09	10.042576	-15.225029	41.616425	31.573847	-0.000012	-0.000012	16.348818	-16.026085	0.358273	27870.496094	63388.070312	965.178040	64965.078125
2012	09	10.031104	-15.327242	42.514191	32.483086	-0.000013	-0.000013	17.155844	-1.482935	1.900014	27838.660156	63387.902344	964.692261	64964.085938
2012	09	8.908338	-15.758535	42.027546	33.119209	-0.000013	-0.000013	17.360672	-5.785680	-0.291576	24722.718750	63387.730469	964.212830	64963.078125
2012	09	6.884340	-16.089607	39.045307	32.160965	-0.000012	-0.000012	16.071358	0.389638	0.042205	19105.654297	63387.554688	963.719421	64962.074219
2012	10	7.116123	-16.819613	40.326859	33.210735	-0.000012	-0.000012	16.391123	-4.835386	-1.143522	19111.843750	63387.382812	963.217773	64961.101562
2012	10	5.089240	-17.394711	38.311783	33.222546	-0.000012	-0.000012	15.827833	-4.292081	-1.071220	13668.223633	63387.210938	962.532288	64960.101562
2012	10	0.000000	-21.285067	35.423698	35.423698	-0.000013	-0.000013	14.138628	-12.205427	-3.049164	0.000000	63387.054688	961.113831	64959.140625
2012	10	0.000000	-20.284775	34.519474	34.519474	-0.000013	-0.000013	14.234700	-5.359562	-2.775397	0.000000	63386.921875	958.852600	64958.199219
2012	10	0.059913	-19.329519	33.470619	33.410706	-0.000012	-0.000012	14.081186	-8.122798	-4.081204	160.908264	63386.820312	955.770142	64957.277344
2012	10	0.294232	-17.591784	30.790066	30.495834	-0.000011	-0.000011	12.904053	-11.688548	-3.980500	790.220764	63386.750000	951.850586	64956.378906
2012	10	0.279761	-17.112343	29.056593	28.776833	-0.000011	-0.000011	11.664490	-6.335299	-2.393640	751.355896	63386.691406	947.112427	64955.562500
2012	10	0.330376	-15.946507	28.275444	27.945068	-0.000010	-0.000010	11.998562	-7.207113	-2.526074	887.294250	63386.660156	941.521362	64954.734375
2012	10	0.311678	-15.682858	30.756966	30.445288	-0.000011	-0.000011	14.762429	-10.151438	-3.283149	837.077820	63386.664062	935.085876	64953.875000
2012	10	0.311734	-15.601636	36.980801	36.669067	-0.000014	-0.000014	21.067430	-9.885208	-3.474951	837.226685	63386.710938	927.787292	64952.804688
2012	10	0.218465	-14.718333	33.526543	33.308075	-0.000012	-0.000012	18.589745	-2.632737	-0.868889	586.733276	63386.789062	919.646667	64951.667969
2012	10	0.322774	-16.117142	30.352577	30.029804	-0.000011	-0.000011	13.912663	-3.048522	-1.342134	866.877930	63386.882812	910.604065	64950.644531
2012	10	0.183347	-16.908394	31.001673	30.818327	-0.000012	-0.000012	13.909931	-4.780898	-2.349535	492.418060	63387.039062	900.668335	64949.582031
2012	10	0.086895	-16.471693	27.546816	27.459919	-0.000010	-0.000010	10.988226	-13.371412	-5.977890	233.374008	63387.203125	889.853943	64948.562500
2012	10	0.041832	-14.948521	25.450434	25.408602	-0.000009	-0.000009	10.460080	-15.175884	-5.659591	112.347397	63387.359375	878.196167	64947.566406
2012	10	0.010815	-14.944414	26.082632	26.071817	-0.000010	-0.000010	11.127404	-9.167412	-3.745516	29.044834	63387.535156	865.724976	64946.574219
2012	10	0.000000	-15.022363	26.421614	26.421614	-0.000010	-0.000010	11.399252	-12.766554	-4.416195	0.000000	63387.742188	859.098572	64945.507812
2012	10	0.000000	-11.386172	21.552246	21.552246	-0.000008	-0.000008	10.166076	-10.527450	-2.398947	0.000000	63387.925781	858.436340	64944.546875
2012	10	0.000000	-10.580007	19.406313	19.406313	-0.000007	-0.000007	8.826307	-12.413732	-2.308096	0.000000	63388.074219	857.862183	64943.714844
2012	10	0.000000	-10.451995	17.960756	17.960756	-0.000007	-0.000007	7.508761	-13.080913	-2.561543	0.000000	63388.179688	857.293335	64942.933594
2012	10	0.000000	-10.851063	17.829956	17.829956	-0.000007	-0.000007	6.978892	-14.390308	-3.627386	0.000000	63388.257812	856.733398	64942.187500
2012	10	0.000000	-10.069007	16.899956	16.899956	-0.000006	-0.000006	6.830949	-5.452315	-1.228035	0.000000	63388.332031	856.182556	64941.460938
2012	10	0.000000	-8.136359	15.774958	15.774958	-0.000006	-0.000006	7.638598	-0.478588	-0.185779	0.000000	63388.417969	855.671875	64940.769531
2012	10	0.000000	-7.397520	15.763035	15.763035	-0.000006	-0.000006	8.365515	-2.784169	-0.100792	0.000000	63388.550781	855.226379	64940.105469
2012	10	0.000000	-8.196828	16.564314	16.564314	-0.000006	-0.000006	8.367487	-3.917445	-0.576767	0.000000	63388.695312	854.780945	64939.437500
2012	10	0.000000	-9.709639	17.298967	17.298967	-0.000006	-0.000006	7.589329	-7.290402	-2.018953	0.000000	63388.839844	854.307312	64938.750000
2012	10	0.000000	-14.353579	22.723593	22.723593	-0.000008	-0.000008	8.370014	-15.946466	-7.918571	0.000000	63388.980469	853.716003	64937.957031
2012	10	0.000000	-11.319566	20.755756	20.755756	-0.000008	-0.000008	9.436190	-8.791032	-3.550411	0.000000	63389.183594	853.109863	64937.105469
2012	10	0.000000	-8.015623	16.593868	16.593868	-0.000006	-0.000006	8.578246	-9.079790	-1.970978	0.000000	63389.378906	852.623413	64936.371094
2012	10	0.000000	-10.081273	17.915730	17.915730	-0.000007	-0.000007	7.834457	-13.901961	-4.683710	0.000000	63389.535156	852.164062	64935.699219
2012	10	0.000000	-11.339105	19.342709	19.342709	-0.000007	-0.000007	8.003604	-10.955473	-4.923742	0.000000	63389.691406	851.643921	64934.968750
2012	11	0.000000	-8.515923	15.927320	15.927320	-0.000006	-0.000006	7.411396	-9.216671	-2.736012	0.000000	63389.839844	851.146606	64934.265625
2012	11	0.000000	-8.889801	15.660030	15.660030	-0.000006	-0.000006	6.770229	-15.669414	-5.221278	0.000000	63389.964844	850.710632	64933.640625
2012	11	0.000000	-8.206715	14.720242	14.720242	-0.000006	-0.000006	6.513527	-11.385935	-3.433532	0.000000	63390.078125	850.259094	64933.015625
2012	11	0.000000	-7.368653	13.477901	13.477901	-0.000005	-0.000005	6.109248	-6.633178	-1.801928	0.000000	63390.179688	849.851318	64932.441406
2012	11	0.000000	-7.258392	13.259305	13.259305	-0.000005	-0.000005	6.000912	-2.558910	-0.814226	0.000000	63390.269531	849.449341	64931.886719
2012	11	0.000000	-6.300240	12.206462	12.206462	-0.000005	-0.000005	5.906221	-8.090991	-3.853573	0.000000	63390.359375	849.064575	64931.351562
2012	11	0.000000	-4.366466	10.378081	10.378081	-0.000004	-0.000004	6.011616	-7.029016	-0.973764	0.000000	63390.449219	848.755249	64930.886719
2012	11	0.000000	-4.409996	10.241514	10.241514	-0.000004	-0.000004	5.831518	-7.962734	-1.195798	0.000000	63390.535156	848.469177	64930.449219
2012	11	0.000000	-6.726308	12.449401	12.449401	-0.000005	-0.000005	5.723094	-15.536778	-5.872369	0.000000	63390.613281	848.137756	64929.972656
2012	11	0.000000	-5.500469	11.298789	11.298789	-0.000004	-0.000004	5.798320	-10.338306	-2.320501	0.000000	63390.691406	847.806946	64929.496094
2012	11	0.000000	-5.618470	11.455917	11.455917	-0.000004	-0.000004	5.837448	-12.627976	-2.633152	0.000000	63390.769531	847.486511	64929.031250
2012	11	0.000000	-5.651739	11.499850	11.499850	-0.000004	-0.000004	5.848111	-10.240040	-2.196630	0.000000	63390.847656	847.168579	64928.562500
2012	11	0.000000	-4.876460	10.710286	10.710286	-0.000004	-0.000004	5.833827	-5.469126	-1.076257	0.000000	63390.925781	846.859741	64928.105469
2012	11	0.000000	-4.375524	10.117881	10.117881	-0.000004	-0.000004	5.742358	-5.562807	-1.018384	0.000000	63391.000000	846.591431	64927.691406
2012	11	0.000000	-4.609374	10.125557	10.125557	-0.000004	-0.000004	5.516183	-10.013238	-1.564528	0.000000	63391.070312	846.314575	64927.273438
2012	11	0.000000	-4.195739	9.476697	9.476697	-0.000004	-0.000004	5.280958	-10.330616	-1.888471	0.000000	63391.132812	846.051514	64926.875000
2012	11	0.000000	-3.861253	8.994564	8.994564	-0.000003	-0.000003	5.133311	-0.546573	-1.476451	0.000000	63391.187500	845.793335	64926.492188
2012	11	0.000000	-3.030389	8.075873	8.075873	-0.000003	-0.000003	5.045485	0.446374	-0.414294	0.000000	63391.242188	845.571106	64926.144531
2012	11	0.000000	-3.059957	7.909713	7.909713	-0.000003	-0.000003	4.849756	-2.076094	-0.345249	0.000000	63391.292969	845.355774	64925.812500
2012	11	0.000000	-3.493025	8.222499	8.222499	-0.000003	-0.000003	4.729474	-0.532032	-1.291727	0.000000	63391.335938	845.130554	64925.472656
2012	11	0.000000	-5.068291	9.798087	9.798087	-0.000004	-0.000004	4.729796	-2.602600	-0.794457	0.000000	63391.382812	844.889465	64925.121094
2012	11	0.000000	-5.203139	10.367723	10.367723	-0.000004	-0.000004	5.164583	-3.204767	-1.007923	0.000000	63391.433594	844.604675	64924.718750
2012	11	0.000000	-3.866465	9.330138	9.330138	-0.000004	-0.000004	5.463674	-4.575195	-0.946583	0.000000	63391.492188	844.354126	64924.335938
2012	11	0.000000	-4.682954	10.182940	10.182940	-0.000004	-0.000004	5.499985	-1.986497	-0.663262	0.000000	63391.554688	844.106995	64923.953125
2012	11	0.000000	-4.426560	9.942038	9.942038	-0.000004	-0.000004	5.515477	-4.981265	-1.852072	0.000000	63391.617188	843.861389	64923.570312
2012	11	0.000000	-4.728669	9.912413	9.912413	-0.000004	-0.000004	5.183744	-11.973253	-2.787384	0.000000	63391.675781	843.607971	64923.179688
2012	11	0.000000	-6.096300	9.384948	9.384948	-0.000004	-0.000004	3.288648	-8.891284	-3.186993	0.000000	63391.703125	843.320679	64922.804688
2012	11	0.000000	-4.381282	8.069053	8.069053	-0.000003	-0.000003	3.687771	-7.543778	-1.431421	0.000000	63391.718750	843.052856	64922.468750
2012	11	0.000000	-5.200258	12.088614	12.088614	-0.000005	-0.000005	6.888355	-15.726879	-4.138503	0.000000	63391.816406	842.816162	64922.105469
2012	11	0.000000	-5.756022	14.122541	14.122541	-0.000005	-0.000005	8.366520	-6.712564	-4.187848	0.000000	63392.023438	842.521545	64921.593750
2012	12	0.000000	-3.474245	12.138098	12.138098	-0.000005	-0.000005	8.663852	-9.743357	-1.488549	0.000000	63392.250000	842.291870	64921.128906
2012	12	0.000000	-3.549317	11.787760	11.787760	-0.000004	-0.000004	8.238442	-9.355693	-1.134620	0.000000	63392.460938	842.084045	64920.695312
2012	12	0.000000	-2.568786	10.358641	10.358641	-0.000004	-0.000004	7.789855	-12.048758	-0.855497	0.000000	63392.656250	841.897766	64920.296875
2012	12	0.000000	-3.186012	10.485143	10.485143	-0.000004	-0.000004	7.299130	-6.491422	-1.012486	0.000000	63392.824219	841.727600	64919.929688
2012	12	0.000000	-4.308483	11.122023	11.122023	-0.000004	-0.000004	6.813540	-13.581191	-2.818762	0.000000	63392.976562	841.514221	64919.535156
2012	12	0.000000	-3.978133	10.524845	10.524845	-0.000004	-0.000004	6.546711	-11.149762	-2.182801	0.000000	63393.113281	841.295959	64919.148438
2012	12	0.000000	-2.383548	8.788381	8.788381	-0.000003	-0.000003	6.404832	-9.048760	-0.839393	0.000000	63393.238281	841.108582	64918.796875
2012	12	0.000000	-3.291358	9.464309	9.464309	-0.000004	-0.000004	6.172950	-11.412479	-1.436573	0.000000	63393.359375	840.944092	64918.476562
2012	12	0.000000	-2.721872	8.678062	8.678062	-0.000003	-0.000003	5.956191	-7.251177	-0.589954	0.000000	63393.472656	840.761658	64918.144531
2012	12	0.000000	-3.091363	8.719207	8.719207	-0.000003	-0.000003	5.627843	-19.964735	-1.984448	0.000000	63393.570312	840.592468	64917.835938
2012	12	0.000000	-3.540858	8.996415	8.996415	-0.000003	-0.000003	5.455557	-18.898098	-2.627557	0.000000	63393.664062	840.403870	64917.515625
2012	12	0.000000	-3.054390	8.327725	8.327725	-0.000003	-0.000003	5.273335	-13.745487	-1.774968	0.000000	63393.750000	840.219238	64917.203125
2012	12	0.000000	-1.886607	6.999352	6.999352	-0.000003	-0.000003	5.112745	-4.175989	-0.450356	0.000000	63393.828125	840.065369	64916.925781
2012	12	0.000000	-2.506536	7.458765	7.458765	-0.000003	-0.000003	4.952229	-14.895879	-1.984240	0.000000	63393.902344	839.925476	64916.671875
2012	12	0.000000	-3.413119	8.202572	8.202572	-0.000003	-0.000003	4.789454	-17.003201	-2.791233	0.000000	63393.972656	839.746704	64916.382812
2012	12	0.000000	-2.264949	6.975067	6.975067	-0.000003	-0.000003	4.710118	-7.429206	-0.587414	0.000000	63394.039062	839.589355	64916.117188
2012	12	0.000000	-2.763669	7.385579	7.385579	-0.000003	-0.000003	4.621910	-15.053896	-1.760366	0.000000	63394.101562	839.435242	64915.859375
2012	12	0.000000	-3.811496	8.347811	8.347811	-0.000003	-0.000003	4.536315	-23.450224	-5.823370	0.000000	63394.164062	839.260315	64915.582031
2012	12	0.000000	-4.097287	8.624860	8.624860	-0.000003	-0.000003	4.527573	-26.580038	-6.402185	0.000000	63394.218750	839.054688	64915.277344
2012	12	0.000000	-2.055423	6.599150	6.599150	-0.000002	-0.000002	4.543727	-7.950518	-0.704926	0.000000	63394.277344	838.885376	64915.007812
2012	12	0.000000	-1.417561	5.905044	5.905044	-0.000002	-0.000002	4.487483	-3.035778	-0.241606	0.000000	63394.335938	838.766968	64914.789062
2012	12	0.000000	-2.669805	7.030819	7.030819	-0.000003	-0.000003	4.361015	-13.792005	-2.279217	0.000000	63394.386719	838.635010	64914.558594
2012	12	0.000000	-2.943875	7.208211	7.208211	-0.000003	-0.000003	4.264336	-12.677552	-3.433623	0.000000	63394.437500	838.471008	64914.300781
2012	12	0.000000	-2.288230	6.526731	6.526731	-0.000002	-0.000002	4.238502	-13.539309	-1.941525	0.000000	63394.484375	838.318726	64914.058594
2012	12	0.000000	-1.551263	5.753340	5.753340	-0.000002	-0.000002	4.202077	-5.041753	-0.275739	0.000000	63394.531250	838.195007	64913.843750
2012	12	0.000000	-3.263212	7.396723	7.396723	-0.000003	-0.000003	4.133511	-5.972857	-0.965767	0.000000	63394.578125	838.052124	64913.613281
2012	12	0.000000	-3.333859	7.408566	7.408566	-0.000003	-0.000003	4.074708	-13.139229	-1.814735	0.000000	63394.621094	837.876282	64913.351562
2012	12	0.000000	-2.576985	6.613627	6.613627	-0.000002	-0.000002	4.036643	-10.522569	-0.908204	0.000000	63394.664062	837.720825	64913.113281
2012	12	0.000000	-2.814840	6.801764	6.801764	-0.000003	-0.000003	3.986925	-8.192358	-0.966248	0.000000	63394.703125	837.570129	64912.878906
2012	12	0.000000	-2.301709	6.227663	6.227663	-0.000002	-0.000002	3.925954	-11.932697	-0.858581	0.000000	63394.742188	837.423828	64912.648438
2012	12	0.000000	-2.671583	6.517495	6.517495	-0.000002	-0.000002	3.845911	-9.133616	-0.975745	0.000000	63394.777344	837.281921	64912.429688
2013	01	0.000000	-1.925948	5.691382	5.691382	-0.000002	-0.000002	3.765434	-4.687822	-0.316116	0.000000	63394.812500	837.145264	64912.214844
2013	01	0.000000	-1.613179	5.291145	5.291145	-0.000002	-0.000002	3.677966	-6.063738	-0.252588	0.000000	63394.847656	837.029480	64912.023438
2013	01	0.000000	-1.900324	5.475899	5.475899	-0.000002	-0.000002	3.575575	-7.268971	-0.383683	0.000000	63394.878906	836.910889	64911.835938
2013	01	0.000000	-1.875710	5.354729	5.354729	-0.000002	-0.000002	3.479020	-4.288068	-0.235910	0.000000	63394.910156	836.789917	64911.644531
2013	01	0.000000	-2.099910	5.500684	5.500684	-0.000002	-0.000002	3.400775	-4.536723	-0.342694	0.000000	63394.937500	836.666504	64911.457031
2013	01	0.000000	-2.470913	5.815948	5.815948	-0.000002	-0.000002	3.345035	-9.600018	-0.912521	0.000000	63394.964844	836.531738	64911.261719
2013	01	0.000000	-2.056733	5.372042	5.372042	-0.000002	-0.000002	3.315309	-8.738428	-0.572130	0.000000	63394.992188	836.399414	64911.066406
2013	01	0.000000	-1.928627	5.226582	5.226582	-0.000002	-0.000002	3.297955	-2.502179	-0.173916	0.000000	63395.019531	836.278015	64910.882812
2013	01	0.000000	-2.337475	5.609458	5.609458	-0.000002	-0.000002	3.271984	-9.916275	-0.808828	0.000000	63395.046875	836.150146	64910.695312
2013	01	0.000000	-2.648348	5.899282	5.899282	-0.000002	-0.000002	3.250933	-11.979635	-1.287484	0.000000	63395.074219	836.014893	64910.500000
2013	01	0.000000	-1.881895	5.120919	5.120919	-0.000002	-0.000002	3.239024	-10.557059	-0.745927	0.000000	63395.097656	835.879517	64910.308594
2013	01	0.000000	-1.608601	4.849795	4.849795	-0.000002	-0.000002	3.241194	-4.669417	-0.227593	0.000000	63395.125000	835.770508	64910.140625
2013	01	0.000000	-1.916607	5.136602	5.136602	-0.000002	-0.000002	3.219995	-3.912106	-0.266786	0.000000	63395.152344	835.655029	64909.964844
2013	01	0.000000	-1.645243	4.831728	4.831728	-0.000002	-0.000002	3.186484	-7.613126	-0.376068	0.000000	63395.175781	835.544312	64909.796875
2013	01	0.000000	-2.222652	5.371825	5.371825	-0.000002	-0.000002	3.149172	-14.673646	-1.217830	0.000000	63395.203125	835.426331	64909.621094
2013	01	0.000000	-2.624676	5.741741	5.741741	-0.000002	-0.000002	3.117065	-13.906277	-1.527899	0.000000	63395.226562	835.290833	64909.433594
2013	01	0.000000	-2.005468	5.108500	5.108500	-0.000002	-0.000002	3.103032	-15.001333	-0.900547	0.000000	63395.253906	835.159424	64909.246094
2013	01	0.000000	-1.703645	4.785853	4.785853	-0.000002	-0.000002	3.082207	-13.864485	-0.586074	0.000000	63395.277344	835.046936	64909.078125
2013	01	0.000000	-1.627725	4.672342	4.672342	-0.000002	-0.000002	3.044617	-7.579715	-0.360463	0.000000	63395.300781	834.938904	64908.917969
2013	01	0.000000	-2.555439	5.544621	5.544621	-0.000002	-0.000002	2.989181	-13.354830	-1.327823	0.000000	63395.328125	834.818726	64908.746094
2013	01	0.000000	-2.329958	5.269059	5.269059	-0.000002	-0.000002	2.939101	-5.106517	-0.488838	0.000000	63395.351562	834.682617	64908.562500
2013	01	0.000000	-2.454448	5.354671	5.354671	-0.000002	-0.000002	2.900224	-25.648565	-2.425379	0.000000	63395.371094	834.554321	64908.382812
2013	01	0.000000	-2.593116	5.450380	5.450380	-0.000002	-0.000002	2.857264	-13.837420	-1.758747	0.000000	63395.394531	834.414734	64908.195312
2013	01	0.000000	-2.244724	5.063865	5.063865	-0.000002	-0.000002	2.819141	-4.601901	-0.460156	0.000000	63395.417969	834.290894	64908.027344
2013	01	0.000000	-2.293066	5.078726	5.078726	-0.000002	-0.000002	2.785660	-8.382850	-0.709673	0.000000	63395.437500	834.158936	64907.851562
2013	01	0.000000	-1.720693	4.487743	4.487743	-0.000002	-0.000002	2.767050	-13.141438	-0.627246	0.000000	63395.460938	834.042236	64907.691406
2013	01	0.000000	-1.386160	4.126434	4.126434	-0.000002	-0.000002	2.740274	-5.059524	-0.195184	0.000000	63395.480469	833.941711	64907.546875
2013	01	0.000000	-1.631890	4.325432	4.325432	-0.000002	-0.000002	2.693542	-15.379728	-0.619536	0.000000	63395.503906	833.840637	64907.402344
2013	01	0.000000	-2.255307	4.891903	4.891903	-0.000002	-0.000002	2.636596	-10.259088	-0.939437	0.000000	63395.523438	833.727356	64907.250000
2013	01	0.000000	-1.757536	4.343945	4.343945	-0.000002	-0.000002	2.586409	-5.054937	-0.327776	0.000000	63395.542969	833.607544	64907.093750
2013	01	0.000000	-1.501772	4.040473	4.040473	-0.000002	-0.000002	2.538701	-1.745060	-0.102364	0.000000	63395.562500	833.505127	64906.953125
2013	02	0.000000	-1.259063	3.497828	3.497828	-0.000001	-0.000001	2.238765	-3.588511	-0.143921	0.000000	63395.582031	833.407166	64906.820312
2013	02	0.000000	-1.520151	3.694477	3.694477	-0.000002	-0.000002	2.174326	-10.984185	-0.553168	0.000000	63395.597656	833.307861	64906.687500
2013	02	0.000000	-1.460649	3.570003	3.570003	-0.000001	-0.000001	2.109354	-10.797535	-0.503686	0.000000	63395.617188	833.199646	64906.546875
2013	02	0.000000	-1.146892	3.192829	3.192829	-0.000001	-0.000001	2.045937	-4.352746	-0.139217	0.000000	63395.632812	833.105469	64906.425781
2013	02	0.000000	-1.182913	3.153894	3.153894	-0.000001	-0.000001	1.970980	-3.203176	-0.104424	0.000000	63395.648438	833.011841	64906.304688
2013	02	0.000000	-1.457076	3.347645	3.347645	-0.000001	-0.000001	1.890569	-6.424446	-0.325540	0.000000	63395.664062	832.915161	64906.187500
2013	02	0.000000	-1.244752	3.060935	3.060935	-0.000001	-0.000001	1.816183	-2.505845	-0.103649	0.000000	63395.675781	832.815247	64906.066406
2013	02	0.000000	-1.066601	2.812138	2.812138	-0.000001	-0.000001	1.745537	-1.695539	-0.063636	0.000000	63395.691406	832.724243	64905.957031
2013	02	0.000000	-1.122548	2.789824	2.789824	-0.000001	-0.000001	1.667275	-4.529274	-0.155933	0.000000	63395.703125	832.635864	64905.851562
2013	02	0.000000	-1.394104	2.983035	2.983035	-0.000001	-0.000001	1.588930	-11.893778	-0.508376	0.000000	63395.714844	832.540344	64905.746094
2013	02	0.000000	-1.242154	2.764534	2.764534	-0.000001	-0.000001	1.522380	-3.410068	-0.148136	0.000000	63395.726562	832.442810	64905.636719
2013	02	0.000000	-1.308714	2.770674	2.770674	-0.000001	-0.000001	1.461961	-4.781601	-0.205338	0.000000	63395.738281	832.348755	64905.535156
2013	02	0.000000	-1.305316	2.710032	2.710032	-0.000001	-0.000001	1.404716	-5.941033	-0.261095	0.000000	63395.746094	832.251709	64905.433594
2013	02	0.000000	-1.119055	2.469260	2.469260	-0.000001	-0.000001	1.350204	-3.094150	-0.112183	0.000000	63395.757812	832.159668	64905.335938
2013	02	0.000000	-1.152368	2.442065	2.442065	-0.000001	-0.000001	1.289696	-1.882504	-0.084567	0.000000	63395.765625	832.070007	64905.246094
2013	02	0.000000	-1.173721	2.401569	2.401569	-0.000001	-0.000001	1.227847	-6.911133	-0.212105	0.000000	63395.773438	831.978821	64905.156250
2013	02	0.000000	-1.070313	2.238232	2.238232	-0.000001	-0.000001	1.167919	-6.491218	-0.182578	0.000000	63395.785156	831.890320	64905.070312
2013	02	0.000000	-1.144602	2.249741	2.249741	-0.000001	-0.000001	1.105139	-4.489847	-0.202171	0.000000	63395.792969	831.800964	64904.984375
2013	02	0.000000	-0.956783	2.001527	2.001527	-0.000001	-0.000001	1.044744	-0.783725	-0.126683	0.000000	63395.796875	831.716187	64904.906250
2013	02	0.000000	-1.062552	2.044321	2.044321	-0.000001	-0.000001	0.981769	-3.179966	-0.141019	0.000000	63395.804688	831.629517	64904.832031
2013	02	0.000000	-0.956241	1.878553	1.878553	-0.000001	-0.000001	0.922312	-0.953179	-0.146988	0.000000	63395.812500	831.545898	64904.757812
2013	02	0.000000	-1.069817	1.933979	1.933979	-0.000001	-0.000001	0.864161	-7.124850	-0.206352	0.000000	63395.816406	831.460083	64904.687500
2013	02	0.000000	-0.938025	1.746766	1.746766	-0.000001	-0.000001	0.808741	-2.137977	-0.110081	0.000000	63395.820312	831.378479	64904.621094
2013	02	0.000000	-1.280192	2.032937	2.032937	-0.000001	-0.000001	0.752745	-9.218434	-0.362450	0.000000	63395.828125	831.288147	64904.546875
2013	02	0.000000	-0.995484	1.705257	1.705257	-0.000001	-0.000001	0.709773	-2.176359	-0.116726	0.000000	63395.832031	831.199524	64904.480469
2013	02	0.000000	-0.890785	1.555080	1.555080	-0.000001	-0.000001	0.664295	0.638553	-0.141261	0.000000	63395.835938	831.118347	64904.417969
2013	02	0.000000	-1.323944	1.935813	1.935813	-0.000001	-0.000001	0.611869	-11.171804	-0.480610	0.000000	63395.839844	831.032043	64904.355469
2013	02	0.000000	-1.589812	2.160990	2.160990	-0.000001	-0.000001	0.571178	-14.961040	-1.017185	0.000000	63395.839844	830.930969	64904.277344
2013	03	0.000000	-1.731841	2.342740	2.342740	-0.000001	-0.000001	0.610899	-20.256289	-2.234048	0.000000	63395.843750	830.823669	64904.195312
2013	03	0.000000	-1.465591	2.067045	2.067045	-0.000001	-0.000001	0.601454	-8.204899	-0.502528	0.000000	63395.847656	830.727417	64904.125000
2013	03	0.000000	-1.237627	1.824061	1.824061	-0.000001	-0.000001	0.586434	3.364811	-0.343582	0.000000	63395.851562	830.636841	64904.062500
2013	03	0.000000	-1.551758	2.113560	2.113560	-0.000001	-0.000001	0.561801	-0.730936	-0.466085	0.000000	63395.855469	830.542236	64903.996094
2013	03	0.000000	-1.664627	2.203415	2.203415	-0.000001	-0.000001	0.538788	-6.540037	-0.480627	0.000000	63395.859375	830.442932	64903.921875
2013	03	0.000000	-1.607004	2.124104	2.124104	-0.000001	-0.000001	0.517099	-0.593943	-0.491665	0.000000	63395.859375	830.346008	64903.855469
2013	03	0.000000	-1.880388	2.375464	2.375464	-0.000001	-0.000001	0.495076	-1.936729	-0.950387	0.000000	63395.863281	830.239746	64903.777344
2013	03	0.000000	-1.719382	2.200257	2.200257	-0.000001	-0.000001	0.480875	-1.217991	-0.762361	0.000000	63395.867188	830.134644	64903.703125
2013	03	0.000000	-1.860502	2.326392	2.326392	-0.000001	-0.000001	0.465890	-2.205551	-0.933446	0.000000	63395.871094	830.030396	64903.628906
2013	03	0.000000	-1.822774	2.274919	2.274919	-0.000001	-0.000001	0.452145	-6.611893	-1.306086	0.000000	63395.875000	829.923157	64903.550781
2013	03	0.000000	-1.493072	1.936091	1.936091	-0.000001	-0.000001	0.443018	-5.564756	-0.886575	0.000000	63395.875000	829.820740	64903.480469
2013	03	0.000000	-1.922691	2.350885	2.350885	-0.000001	-0.000001	0.428194	-8.494214	-1.535996	0.000000	63395.878906	829.726379	64903.417969
2013	03	0.000000	-2.909671	3.325398	3.325398	-0.000001	-0.000001	0.415727	-16.492876	-3.410271	0.000000	63395.882812	829.593140	64903.316406
2013	03	0.000000	-2.142796	2.567764	2.567764	-0.000001	-0.000001	0.424967	-11.478313	-1.426619	0.000000	63395.886719	829.464722	64903.218750
2013	03	0.000000	-1.584782	2.014244	2.014244	-0.000001	-0.000001	0.429463	-5.504672	-0.529577	0.000000	63395.886719	829.361450	64903.148438
2013	03	0.000000	-2.342762	2.775378	2.775378	-0.000001	-0.000001	0.432617	-14.782471	-3.939089	0.000000	63395.890625	829.257080	64903.074219
2013	03	0.000000	-2.677206	3.113809	3.113809	-0.000001	-0.000001	0.436603	-27.894257	-5.659661	0.000000	63395.894531	829.118164	64902.968750
2013	03	0.000000	-2.303212	2.744187	2.744187	-0.000001	-0.000001	0.440975	-5.204183	-0.809620	0.000000	63395.898438	828.994995	64902.875000
2013	03	0.000000	-2.166994	2.610993	2.610993	-0.000001	-0.000001	0.443998	-13.708800	-1.166146	0.000000	63395.902344	828.874817	64902.785156
2013	03	0.000000	-2.214586	2.658603	2.658603	-0.000001	-0.000001	0.444018	-6.435616	-0.943510	0.000000	63395.906250	828.762634	64902.707031
2013	03	0.000000	-1.829319	2.270488	2.270488	-0.000001	-0.000001	0.441169	-9.276846	-1.426051	0.000000	63395.910156	828.648499	64902.621094
2013	03	0.000000	-2.253944	2.689956	2.689956	-0.000001	-0.000001	0.436012	-14.999291	-1.756032	0.000000	63395.914062	828.536743	64902.542969
2013	03	0.000000	-2.363304	2.792447	2.792447	-0.000001	-0.000001	0.429142	-8.715804	-1.748693	0.000000	63395.917969	828.412292	64902.449219
2013	03	0.000000	-2.134477	2.557197	2.557197	-0.000001	-0.000001	0.422720	-15.247352	-2.063829	0.000000	63395.921875	828.296936	64902.367188
2013	03	0.000000	-2.639023	3.053321	3.053321	-0.000001	-0.000001	0.414297	-26.573435	-4.236835	0.000000	63395.925781	828.171997	64902.273438
2013	03	0.000000	-2.562587	2.969079	2.969079	-0.000001	-0.000001	0.406491	-20.324150	-3.350214	0.000000	63395.929688	828.041626	64902.175781
2013	03	0.000000	-2.291344	2.690273	2.690273	-0.000001	-0.000001	0.398928	-17.539234	-2.842127	0.000000	63395.933594	827.916626	64902.082031
2013	03	0.000000	-1.997511	2.385538	2.385538	-0.000001	-0.000001	0.388027	-4.865166	-1.306454	0.000000	63395.937500	827.801453	64902.000000
2013	03	0.000000	-1.564937	1.932957	1.932957	-0.000001	-0.000001	0.368020	3.149776	-0.624150	0.000000	63395.937500	827.700317	64901.929688
2013	03	0.000000	-2.226753	2.564570	2.564570	-0.000001	-0.000001	0.337817	-9.943101	-1.754806	0.000000	63395.941406	827.592346	64901.855469
2013	03	0.000000	-2.380130	2.693922	2.693922	-0.000001	-0.000001	0.313792	-10.954903	-2.526695	0.000000	63395.945312	827.470825	64901.769531
2013	04	0.000000	-2.678609	2.968982	2.968982	-0.000001	-0.000001	0.290373	-18.561255	-5.352707	0.000000	63395.949219	827.346252	64901.679688
2013	04	0.000000	-2.906282	3.193001	3.193001	-0.000001	-0.000001	0.286719	-7.091172	-2.714569	0.000000	63395.949219	827.201599	64901.574219
2013	04	0.000000	-2.416107	2.707399	2.707399	-0.000001	-0.000001	0.291292	-7.039184	-1.761898	0.000000	63395.953125	827.067749	64901.472656
2013	04	0.000000	-2.587568	2.882539	2.882539	-0.000001	-0.000001	0.294971	-8.013050	-1.817756	0.000000	63395.957031	826.938904	64901.382812
2013	04	0.000000	-2.421880	2.719374	2.719374	-0.000001	-0.000001	0.297494	-11.055473	-2.486572	0.000000	63395.957031	826.808838	64901.285156
2013	04	0.000000	-2.733979	3.030694	3.030694	-0.000001	-0.000001	0.296715	-14.675223	-2.992763	0.000000	63395.960938	826.678101	64901.191406
2013	04	0.000000	-3.019415	3.314352	3.314352	-0.000001	-0.000001	0.294937	-15.490306	-4.145798	0.000000	63395.964844	826.534729	64901.082031
2013	04	0.000000	-2.695351	2.990463	2.990463	-0.000001	-0.000001	0.295112	-7.240273	-2.443218	0.000000	63395.968750	826.393799	64900.976562
2013	04	0.000000	-2.373240	2.667099	2.667099	-0.000001	-0.000001	0.293859	3.092092	-0.940732	0.000000	63395.968750	826.264282	64900.882812
2013	04	0.000000	-3.100324	3.388275	3.388275	-0.000001	-0.000001	0.287951	-12.310914	-3.922971	0.000000	63395.972656	826.131226	64900.785156
2013	04	0.000000	-3.053784	3.338098	3.338098	-0.000001	-0.000001	0.284314	-2.815455	-2.175632	0.000000	63395.976562	825.981018	64900.671875
2013	04	0.000000	-2.731061	3.015150	3.015150	-0.000001	-0.000001	0.284089	-6.750363	-3.175120	0.000000	63395.980469	825.835693	64900.562500
2013	04	0.000000	-4.231067	4.511936	4.511936	-0.000002	-0.000002	0.280869	-15.271765	-7.109114	0.000000	63395.980469	825.681274	64900.445312
2013	04	0.000000	-4.479537	4.762012	4.762012	-0.000002	-0.000002	0.282474	-9.889839	-4.619548	0.000000	63395.984375	825.484558	64900.281250
2013	04	0.000000	-3.425178	3.709991	3.709991	-0.000001	-0.000001	0.284813	-8.315475	-3.139160	0.000000	63395.988281	825.306213	64900.140625
2013	04	0.000000	-4.182159	4.467310	4.467310	-0.000002	-0.000002	0.285151	-12.331777	-5.213092	0.000000	63395.992188	825.138245	64900.007812
2013	04	0.000000	-3.686064	3.972519	3.972519	-0.000002	-0.000002	0.286454	-7.007473	-4.110425	0.000000	63395.992188	824.958740	64899.863281
2013	04	0.000000	-5.267565	5.553688	5.553688	-0.000002	-0.000002	0.286123	-15.927058	-8.809964	0.000000	63395.996094	824.765991	64899.707031
2013	04	0.000000	-4.430793	4.718390	4.718390	-0.000002	-0.000002	0.287597	-6.775219	-3.856404	0.000000	63396.000000	824.554749	64899.531250
2013	04	0.000000	-4.482465	4.771216	4.771216	-0.000002	-0.000002	0.288751	-13.787056	-5.809123	0.000000	63396.003906	824.359558	64899.371094
2013	04	0.000000	-3.357703	3.648211	3.648211	-0.000001	-0.000001	0.290507	-11.602837	-3.271819	0.000000	63396.007812	824.188660	64899.238281
2013	04	0.000000	-4.575377	4.865278	4.865278	-0.000002	-0.000002	0.289901	-13.543234	-6.717867	0.000000	63396.007812	824.014465	64899.097656
2013	04	0.000000	-4.883165	5.173327	5.173327	-0.000002	-0.000002	0.290161	-19.029324	-9.798297	0.000000	63396.011719	823.808960	64898.925781
2013	04	0.000000	-4.578524	4.870197	4.870197	-0.000002	-0.000002	0.291673	-17.352001	-8.395281	0.000000	63396.015625	823.607178	64898.761719
2013	04	0.000000	-3.558802	3.852524	3.852524	-0.000001	-0.000001	0.293722	-13.039957	-4.239038	0.000000	63396.019531	823.421448	64898.609375
2013	04	0.000000	-3.417899	3.712448	3.712448	-0.000001	-0.000001	0.294550	-6.557968	-3.216771	0.000000	63396.023438	823.267578	64898.492188
2013	04	0.000000	-2.808452	3.104125	3.104125	-0.000001	-0.000001	0.295673	0.080486	-1.195655	0.000000	63396.027344	823.114929	64898.375000
2013	04	0.000000	-3.537083	3.832105	3.832105	-0.000001	-0.000001	0.295022	-13.250890	-5.066274	0.000000	63396.031250	822.965881	64898.261719
2013	04	0.000000	-3.794795	4.089700	4.089700	-0.000002	-0.000002	0.294905	-5.881803	-3.807893	0.000000	63396.031250	822.797791	64898.128906
2013	04	0.000000	-4.787812	5.082372	5.082372	-0.000002	-0.000002	0.294561	-12.739403	-6.241763	0.000000	63396.035156	822.607117	64897.972656
2013	05	0.000000	-4.046091	4.351876	4.351876	-0.000002	-0.000002	0.305785	-12.260138	-4.326708	0.000000	63396.039062	822.417358	64897.820312
2013	05	0.000000	-4.288388	4.594733	4.594733	-0.000002	-0.000002	0.306345	-11.878748	-6.100637	0.000000	63396.042969	822.240906	64897.675781
2013	05	0.000000	-3.852206	4.159307	4.159307	-0.000002	-0.000002	0.307100	-8.473412	-4.777377	0.000000	63396.046875	822.063843	64897.535156
2013	05	0.000000	-5.800251	6.107304	6.107304	-0.000002	-0.000002	0.307054	-9.861652	-5.388569	0.000000	63396.050781	821.864868	64897.371094
2013	05	0.000000	-4.285118	4.593627	4.593627	-0.000002	-0.000002	0.308509	-3.296973	-3.318187	0.000000	63396.054688	821.654053	64897.195312
2013	05	0.000000	-5.078923	5.388426	5.388426	-0.000002	-0.000002	0.309503	-8.670246	-4.266828	0.000000	63396.054688	821.460938	64897.039062
2013	05	0.000000	-4.237492	4.548495	4.548495	-0.000002	-0.000002	0.311003	-7.374356	-3.829312	0.000000	63396.058594	821.262329	64896.875000
2013	05	0.000000	-4.087770	4.399794	4.399794	-0.000002	-0.000002	0.312024	-9.134614	-3.307212	0.000000	63396.062500	821.082642	64896.730469
2013	05	0.000000	-4.411574	4.724091	4.724091	-0.000002	-0.000002	0.312517	-7.952659	-3.171976	0.000000	63396.066406	820.903687	64896.585938
2013	05	0.000000	-4.138968	4.452161	4.452161	-0.000002	-0.000002	0.313193	-2.255081	-1.277532	0.000000	63396.070312	820.719788	64896.437500
2013	05	0.000000	-4.621033	4.934771	4.934771	-0.000002	-0.000002	0.313738	-5.304316	-2.017238	0.000000	63396.074219	820.534668	64896.285156
2013	05	0.000000	-5.080540	5.395150	5.395150	-0.000002	-0.000002	0.314610	-14.209734	-6.969159	0.000000	63396.078125	820.334229	64896.121094
2013	05	0.000000	-4.597763	4.916284	4.916284	-0.000002	-0.000002	0.318521	-16.483839	-7.513540	0.000000	63396.082031	820.129456	64895.949219
2013	05	0.000000	-4.365967	4.687826	4.687826	-0.000002	-0.000002	0.321860	-8.553258	-1.832831	0.000000	63396.085938	819.945068	64895.800781
2013	05	0.000000	-5.426395	5.750266	5.750266	-0.000002	-0.000002	0.323871	-14.473031	-8.162906	0.000000	63396.089844	819.742798	64895.632812
2013	05	0.000000	-4.060721	4.393334	4.393334	-0.000002	-0.000002	0.332613	-10.534030	-3.293457	0.000000	63396.093750	819.539001	64895.464844
2013	05	0.000000	-3.184654	3.522320	3.522320	-0.000001	-0.000001	0.337666	12.197010	5.150527	0.000000	63396.097656	819.381592	64895.339844
2013	05	0.000000	-3.146001	3.482059	3.482059	-0.000001	-0.000001	0.336058	12.526958	5.575792	0.000000	63396.101562	819.234314	64895.226562
2013	05	0.000000	-3.304166	3.636487	3.636487	-0.000001	-0.000001	0.332321	4.129385	2.844272	0.000000	63396.105469	819.085876	64895.113281
2013	05	0.000000	-4.273490	4.602571	4.602571	-0.000002	-0.000002	0.329081	-0.960898	2.722874	0.000000	63396.109375	818.920654	64894.980469
2013	05	0.000000	-4.189929	4.518326	4.518326	-0.000002	-0.000002	0.328397	-0.177259	3.292544	0.000000	63396.113281	818.737244	64894.832031
2013	05	0.000000	-3.645957	3.975038	3.975038	-0.000001	-0.000001	0.329081	2.488722	4.069210	0.000000	63396.117188	818.564880	64894.695312
2013	05	0.000000	-4.560030	4.889327	4.889327	-0.000002	-0.000002	0.329297	-10.826188	-3.942754	0.000000	63396.121094	818.392883	64894.554688
2013	05	0.000000	-4.719554	5.053234	5.053234	-0.000002	-0.000002	0.333680	-12.975297	-7.047241	0.000000	63396.125000	818.194458	64894.390625
2013	05	0.000000	-5.043127	5.386144	5.386144	-0.000002	-0.000002	0.343018	-14.938878	-2.758497	0.000000	63396.128906	817.993835	64894.226562
2013	05	0.000000	-4.266310	4.653753	4.653753	-0.000002	-0.000002	0.387443	-8.172181	0.686645	0.000000	63396.132812	817.798035	64894.062500
2013	05	0.000000	-3.948159	4.367399	4.367399	-0.000002	-0.000002	0.419240	-1.522423	2.822954	0.000000	63396.140625	817.619995	64893.917969
2013	05	0.000000	-4.090529	4.519599	4.519599	-0.000002	-0.000002	0.429069	3.553586	2.500114	0.000000	63396.144531	817.448120	64893.777344
2013	05	0.000000	-4.574194	5.034170	5.034170	-0.000002	-0.000002	0.459975	-3.410165	-0.137450	0.000000	63396.152344	817.263916	64893.621094
2013	05	0.000000	-4.237725	4.765569	4.765569	-0.000002	-0.000002	0.527844	1.025712	0.941374	0.000000	63396.156250	817.076172	64893.464844
2013	05	0.000000	-4.953485	5.574530	5.574530	-0.000002	-0.000002	0.621044	-15.155520	-8.612475	0.000000	63396.167969	816.885193	64893.296875
2013	06	0.000000	-4.750207	5.455901	5.455901	-0.000002	-0.000002	0.705694	-19.785381	-9.590621	0.000000	63396.179688	816.680359	64893.117188
2013	06	0.000000	-4.552469	5.381925	5.381925	-0.000002	-0.000002	0.829456	-13.953621	-2.457699	0.000000	63396.191406	816.482178	64892.937500
2013	06	0.000000	-4.348823	5.343918	5.343918	-0.000002	-0.000002	0.995095	-6.405036	1.600799	0.000000	63396.207031	816.288757	64892.757812
2013	06	0.000000	-4.152831	5.229825	5.229825	-0.000002	-0.000002	1.076994	-6.422314	4.205590	0.000000	63396.226562	816.102234	64892.582031
2013	06	0.000000	-4.233055	5.376827	5.376827	-0.000002	-0.000002	1.143772	-5.944997	8.623573	0.000000	63396.250000	815.917725	64892.406250
2013	06	0.000000	-3.776063	4.982294	4.982294	-0.000002	-0.000002	1.206231	12.166072	16.495779	0.000000	63396.269531	815.739075	64892.230469
2013	06	0.000000	-3.662970	4.888574	4.888574	-0.000002	-0.000002	1.225604	15.663672	16.943714	0.000000	63396.292969	815.572815	64892.070312
2013	06	0.000000	-3.720954	4.977481	4.977481	-0.000002	-0.000002	1.256527	9.951318	8.208720	0.000000	63396.312500	815.403564	64891.902344
2013	06	0.000000	-4.337196	5.644566	5.644566	-0.000002	-0.000002	1.307371	-4.727280	0.820507	0.000000	63396.335938	815.225769	64891.726562
2013	06	0.000000	-3.994342	5.377659	5.377659	-0.000002	-0.000002	1.383317	-1.991374	3.031540	0.000000	63396.359375	815.041748	64891.542969
2013	06	0.000000	-4.394946	5.853307	5.853307	-0.000002	-0.000002	1.458361	-17.644035	-1.978320	0.000000	63396.382812	814.857300	64891.355469
2013	06	0.000000	-4.073086	5.615768	5.615768	-0.000002	-0.000002	1.542682	-1.640335	7.870939	0.000000	63396.410156	814.673157	64891.167969
2013	06	0.000000	-4.984454	7.009183	7.009183	-0.000003	-0.000003	2.024730	-64.879860	-24.915436	0.000000	63396.437500	814.479004	64890.960938
2013	06	0.000000	-4.666717	10.647278	10.647278	-0.000004	-0.000004	5.980561	-22.674194	-6.552454	0.000000	63396.511719	814.271057	64890.664062
2013	06	0.000000	-4.968028	13.860950	13.860950	-0.000005	-0.000005	8.892921	-20.211033	-1.057874	0.000000	63396.640625	814.064941	64890.250000
2013	06	0.000000	-6.216355	24.445568	24.445568	-0.000009	-0.000009	18.229214	-19.309071	2.136463	0.000000	63396.847656	813.839172	64889.671875
2013	06	0.000000	-8.252001	38.196609	38.196609	-0.000015	-0.000015	29.944611	-29.392117	41.514458	0.000000	63397.308594	813.539795	64888.503906
2013	06	0.000000	-8.071959	32.501991	32.501991	-0.000013	-0.000013	24.430033	10.007943	39.793213	0.000000	63397.707031	813.222107	64887.332031
2013	06	0.000000	-8.152263	35.686718	35.686718	-0.000014	-0.000014	27.534452	-7.423468	42.393322	0.000000	63398.050781	812.913086	64886.222656
2013	06	0.938902	-5.454370	26.579704	25.640804	-0.000010	-0.000010	20.186434	54.936359	56.464958	2605.672363	63398.304688	812.630859	64885.175781
2013	06	10.287052	2.763688	26.708885	16.421833	-0.000006	-0.000006	19.185520	51.358814	30.614199	28548.976562	63398.484375	812.547852	64884.503906
2013	06	20.599516	10.311704	30.888508	10.288994	-0.000004	-0.000004	20.600697	58.669292	62.369568	57168.472656	63398.660156	812.725464	64884.050781
2013	06	30.440336	18.659103	31.184544	0.744208	-0.000000	-0.000000	19.403311	78.994659	55.518658	84479.046875	63398.824219	813.192383	64883.894531
2013	06	45.043259	30.150858	39.675880	-5.367380	0.000002	0.000002	24.783478	67.226593	55.173183	125005.570312	63398.988281	813.983582	64884.031250
2013	06	63.266266	43.930763	57.712608	-5.553658	0.000002	0.000002	38.377106	26.693584	73.687164	175578.687500	63399.230469	815.168274	64884.199219
2013	06	71.549347	47.467720	73.199486	1.650146	-0.000001	-0.000001	49.117870	-39.205090	113.327141	198566.156250	63399.582031	816.639099	64884.199219
2013	06	80.226753	56.149780	67.930473	-12.296278	0.000005	0.000005	43.853504	34.042103	58.245388	222647.984375	63399.863281	818.440369	64884.480469
2013	06	97.572548	70.738747	66.995659	-30.576887	0.000012	0.000012	40.161865	14.076257	44.508060	270786.625000	63400.050781	820.464417	64885.183594
2013	06	100.724548	71.608955	70.083565	-30.640982	0.000012	0.000012	40.967976	-16.161592	60.029644	279534.156250	63400.199219	822.870056	64886.269531
2013	06	106.684639	77.597916	66.389900	-40.294746	0.000016	0.000016	37.303169	23.014294	43.551174	296074.812500	63400.312500	825.312683	64887.457031
2013	07	130.463318	96.213753	73.334579	-57.128738	0.000021	0.000021	39.085014	65.639183	60.235458	350386.625000	63400.394531	828.118408	64889.054688
2013	07	139.109909	100.817894	79.637787	-59.472130	0.000022	0.000022	41.345768	56.793941	89.945152	373608.906250	63400.464844	831.206360	64890.886719
2013	07	141.066223	101.678551	79.104706	-61.961525	0.000023	0.000023	39.717026	42.506725	96.386581	378863.000000	63400.515625	834.378662	64892.800781
2013	07	122.344803	84.315353	77.820396	-44.524406	0.000017	0.000017	39.790951	7.527841	81.283020	328582.656250	63400.546875	837.630981	64894.816406
2013	07	112.244102	79.142647	67.971008	-44.273098	0.000017	0.000017	34.869553	34.193718	29.897898	301455.125000	63400.570312	839.733948	64895.800781
2013	07	171.210754	124.617744	90.803596	-80.407158	0.000030	0.000030	44.210590	37.572861	78.433525	459822.437500	63400.589844	843.335876	64898.148438
2013	07	98.029633	62.159687	78.999107	-19.030523	0.000007	0.000007	43.129166	-10.928829	32.069942	263279.156250	63400.589844	846.162964	64899.617188
2013	07	141.312256	98.107872	86.085335	-55.226933	0.000021	0.000021	42.880936	-9.149469	46.898930	379523.781250	63400.566406	848.849121	64900.953125
2013	07	141.874969	96.220451	88.194603	-53.680363	0.000020	0.000020	42.540089	-14.918196	34.823647	381035.031250	63400.519531	851.925720	64902.710938
2013	07	232.366592	169.232666	108.472740	-123.893837	0.000046	0.000046	45.338821	-1.036089	71.393646	624069.312500	63400.449219	856.190613	64905.593750
2013	07	227.707367	159.327271	116.024391	-111.682961	0.000042	0.000042	47.644314	3.181681	96.814537	611556.000000	63400.359375	861.358704	64909.304688
2013	07	214.470383	144.551941	121.175125	-93.295265	0.000035	0.000035	51.256672	-21.679602	110.833817	576005.312500	63400.242188	866.166016	64912.546875
2013	07	204.004898	141.524963	107.715111	-96.289787	0.000036	0.000036	45.235176	23.436190	93.579102	547898.000000	63400.105469	871.031494	64915.898438
2013	07	177.726730	120.248909	98.492554	-79.234177	0.000030	0.000030	41.014736	26.059977	57.952335	477322.468750	63399.964844	875.118347	64918.664062
2013	07	202.512360	141.500748	100.328087	-102.184273	0.000038	0.000038	39.316479	45.911167	61.959385	543889.500000	63399.824219	879.262451	64921.562500
2013	07	217.755844	153.216568	103.264633	-114.491219	0.000043	0.000043	38.725346	71.182785	72.554276	584829.125000	63399.671875	884.004761	64925.093750
2013	07	226.593033	157.338364	108.035660	-118.557396	0.000044	0.000044	38.780975	45.827511	74.264526	608563.250000	63399.515625	889.060181	64928.945312
2013	07	209.881012	141.629562	105.492165	-104.388863	0.000039	0.000039	37.240700	22.299267	65.402458	563679.562500	63399.351562	893.725952	64932.441406
2013	07	230.722244	156.708939	110.896370	-119.825874	0.000045	0.000045	36.883072	33.235340	90.918472	619653.062500	63399.183594	898.484009	64936.050781
2013	07	219.632812	143.084793	113.623535	-106.009277	0.000040	0.000040	37.075512	15.688914	78.116737	589870.062500	63399.003906	903.320312	64939.742188
2013	07	192.030212	126.224548	98.648628	-93.381577	0.000035	0.000035	32.842968	68.761871	75.630699	515737.437500	63398.828125	907.539490	64942.882812
2013	07	174.674103	112.603348	92.515915	-82.158211	0.000031	0.000031	30.445143	81.028099	71.199303	469124.062500	63398.656250	911.447388	64945.820312
2013	07	168.891678	107.934479	89.518799	-79.372871	0.000030	0.000030	28.561607	89.019485	60.698376	453594.062500	63398.496094	914.881470	64948.359375
2013	07	182.014191	117.348343	92.371613	-89.642593	0.000033	0.000033	27.705753	81.449600	58.177963	488837.406250	63398.335938	918.422363	64951.046875
2013	07	196.480453	124.262375	100.357971	-96.122498	0.000036	0.000036	28.139883	63.433624	52.197033	527689.562500	63398.167969	922.380188	64954.152344
2013	07	213.049637	132.264206	107.304512	-105.745132	0.000039	0.000039	26.519073	36.657791	51.537296	572189.625000	63397.906250	926.405823	64957.363281
2013	07	202.969269	118.293602	111.389091	-91.580170	0.000034	0.000034	26.713430	50.970482	60.300438	545116.625000	63397.597656	930.173157	64960.312500
2013	07	198.165833	114.033623	109.180504	-88.985313	0.000033	0.000033	25.048300	41.383919	52.934292	532215.937500	63397.285156	933.959290	64963.312500
2013	07	151.396469	85.541283	87.850822	-63.545635	0.000024	0.000024	21.995646	67.291512	26.269491	406607.000000	63397.000000	937.335144	64965.996094
2013	07	164.143967	93.779396	91.567612	-72.576363	0.000027	0.000027	21.203028	92.217583	32.215473	440843.156250	63396.738281	940.219910	64968.234375
2013	07	139.829941	74.023750	85.788483	-54.041447	0.000020	0.000020	19.982304	85.579132	24.236559	375542.656250	63396.476562	942.815430	64970.218750
2013	08	133.322571	68.730011	83.795677	-49.526886	0.000018	0.000018	19.203125	86.560921	22.049355	358065.750000	63396.230469	945.179993	64972.000000
2013	08	144.042038	75.449905	87.413834	-56.628208	0.000021	0.000021	18.821699	80.564613	23.514227	386855.187500	63395.996094	947.484253	64973.746094
2013	08	138.158829	65.858002	91.147873	-47.010960	0.000018	0.000018	18.847042	71.343552	24.514538	371054.593750	63395.753906	949.675293	64975.378906
2013	08	126.193512	51.946415	93.044716	-33.148796	0.000012	0.000012	18.797619	68.608223	23.250132	338919.187500	63395.515625	951.515259	64976.667969
2013	08	118.675476	49.571957	87.004700	-31.670790	0.000012	0.000012	17.901163	76.058289	19.211380	318727.937500	63395.285156	953.194031	64977.804688
2013	08	126.969505	58.655907	85.196571	-41.772926	0.000016	0.000016	16.882980	80.102036	20.218142	341003.281250	63395.066406	955.040771	64979.144531
2013	08	129.474854	51.274323	95.129601	-34.345242	0.000013	0.000013	16.929083	53.577023	24.927259	347731.906250	63394.847656	956.768616	64980.382812
2013	08	92.362114	35.224331	72.262825	-20.099287	0.000008	0.000008	15.125041	66.059387	12.295529	248057.859375	63394.640625	958.289978	64981.437500
2013	08	92.382645	34.995697	71.872810	-20.509840	0.000008	0.000008	14.485857	86.019409	12.534044	248113.015625	63394.460938	959.386658	64982.109375
2013	08	93.307053	31.754358	75.822060	-17.484995	0.000007	0.000007	14.269364	69.270264	14.105383	250595.703125	63394.277344	960.439941	64982.753906
2013	08	94.518967	26.743818	82.320862	-12.198101	0.000005	0.000005	14.545716	63.374493	15.591412	253850.546875	63394.093750	961.329590	64983.234375
2013	08	85.145790	15.152431	84.680298	-0.465502	0.000000	0.000000	14.686931	50.636639	15.957411	228676.906250	63393.906250	961.969666	64983.453125
2013	08	80.850380	11.020881	84.375252	3.524873	-0.000001	-0.000001	14.545753	45.940552	15.185455	217140.687500	63393.722656	962.404297	64983.468750
2013	08	81.267242	13.320097	82.240883	0.973649	-0.000000	-0.000000	14.293746	48.793236	15.392889	218260.250000	63393.539062	962.804932	64983.457031
2013	08	87.377548	16.363308	85.210426	-2.167126	0.000001	0.000001	14.196181	43.223877	17.626820	234670.765625	63393.355469	963.288330	64983.531250
2013	08	94.058899	20.375658	87.665642	-6.393263	0.000002	0.000002	13.982395	9.485743	19.558273	252614.937500	63393.171875	964.055786	64983.902344
2013	08	97.095215	27.924515	82.656006	-14.439210	0.000005	0.000005	13.485306	1.861197	18.026861	260769.609375	63392.988281	965.012207	64984.468750
2013	08	61.561954	7.382876	69.930763	8.368805	-0.000003	-0.000003	15.751680	-13.073822	20.545412	165337.578125	63392.812500	965.665710	64984.714844
2013	08	48.456188	2.997645	61.873051	13.416858	-0.000005	-0.000005	16.414503	8.682156	12.494793	130139.281250	63392.667969	965.718567	64984.289062
2013	08	52.128262	5.215627	62.940498	10.812235	-0.000004	-0.000004	16.027861	13.355973	24.010963	140001.406250	63392.503906	966.018372	64984.121094
2013	08	42.145760	-0.053619	58.188828	16.043068	-0.000006	-0.000006	15.989450	10.314520	25.633884	113191.296875	63392.355469	966.053589	64983.687500
2013	08	26.057852	-11.501992	53.193928	27.136076	-0.000010	-0.000010	15.634083	-2.513678	24.633219	69983.835938	63392.218750	965.926697	64983.101562
2013	08	26.853186	-9.853703	52.140923	25.287737	-0.000009	-0.000009	15.434033	6.792859	21.698298	72119.875000	63392.089844	965.440125	64982.167969
2013	08	37.359440	-1.594838	54.360813	17.001369	-0.000006	-0.000006	15.406532	31.380852	12.922286	100336.632812	63391.957031	965.470520	64981.750000
2013	08	38.903400	-0.267916	54.420410	15.517013	-0.000006	-0.000006	15.249098	24.438927	8.404294	104483.242188	63391.824219	965.437500	64981.277344
2013	08	46.179768	5.403618	55.944443	9.764681	-0.000004	-0.000004	15.168299	39.749401	8.962018	124025.460938	63391.687500	965.574402	64980.976562
2013	08	46.881622	6.299922	55.053185	8.171556	-0.000003	-0.000003	14.471478	51.688919	8.517418	125910.460938	63391.542969	965.830994	64980.804688
2013	08	44.608234	5.327668	53.081108	8.472876	-0.000003	-0.000003	13.800545	38.586571	5.991487	119804.789062	63391.386719	966.057434	64980.628906
2013	08	46.866817	6.655688	53.984917	7.118100	-0.000003	-0.000003	13.773787	43.196304	7.208562	125870.679688	63391.230469	966.286255	64980.468750
2013	08	48.765896	7.616826	54.838547	6.072654	-0.000002	-0.000002	13.689481	34.666546	7.906849	130971.062500	63391.070312	966.562500	64980.355469
2013	08	49.156532	7.405317	55.605026	6.448494	-0.000002	-0.000002	13.853811	34.725178	8.491651	132020.203125	63390.914062	966.813416	64980.214844
2013	09	45.683758	5.783563	53.131790	7.448030	-0.000003	-0.000003	13.231592	31.572670	7.683273	126783.109375	63390.753906	967.068420	64980.078125
2013	09	40.902969	4.154101	49.358929	8.455957	-0.000003	-0.000003	12.610059	33.734516	6.228079	113515.304688	63390.597656	967.231018	64979.859375
2013	09	39.681438	2.976517	49.267036	9.585597	-0.000004	-0.000004	12.562115	30.611753	5.330200	110125.265625	63390.453125	967.345764	64979.613281
2013	09	44.844341	3.802833	54.378716	9.534378	-0.000004	-0.000004	13.337212	5.106518	3.962169	124453.523438	63390.300781	967.472168	64979.363281
2013	09	45.706039	4.138238	54.941528	9.235490	-0.000004	-0.000004	13.373729	10.749343	7.688560	126844.945312	63390.140625	967.670898	64979.167969
2013	09	35.590672	-2.176012	51.257217	15.666546	-0.000006	-0.000006	13.490535	1.119460	15.191812	98772.429688	63389.984375	967.739624	64978.843750
2013	09	21.605249	-9.294419	44.000340	22.395088	-0.000009	-0.000009	13.100670	7.058085	10.588821	59959.621094	63389.843750	967.461121	64978.167969
2013	09	28.049419	-4.899620	46.285435	18.236017	-0.000007	-0.000007	13.336397	7.194504	10.334153	77843.695312	63389.710938	967.288879	64977.613281
2013	09	25.978489	-8.124921	48.653229	22.674738	-0.000009	-0.000009	14.549818	-2.865850	20.608454	72096.382812	63389.570312	967.113098	64977.031250
2013	09	15.269912	-14.980020	47.501667	32.231754	-0.000012	-0.000012	17.251734	-6.218040	11.175759	42377.574219	63389.425781	966.782715	64976.222656
2013	09	7.398596	-19.910147	45.026337	37.627743	-0.000015	-0.000015	17.717596	-2.956340	11.622951	20532.833984	63389.277344	966.186890	64975.082031
2013	09	18.932447	-9.601178	46.374992	27.442547	-0.000011	-0.000011	17.841370	6.509542	3.111192	52541.964844	63389.128906	965.800537	64974.156250
2013	09	21.171206	-7.506246	46.220345	25.049137	-0.000010	-0.000010	17.542891	12.454838	4.355194	58755.042969	63388.980469	965.567871	64973.386719
2013	09	17.776316	-10.053953	45.065273	27.288960	-0.000011	-0.000011	17.235004	12.270086	3.771207	49333.433594	63388.828125	965.305237	64972.597656
2013	09	16.592060	-10.095451	43.254612	26.662550	-0.000010	-0.000010	16.567099	15.255002	5.259496	46046.847656	63388.675781	964.966858	64971.750000
2013	09	14.626535	-11.580090	41.861492	27.234953	-0.000011	-0.000011	15.654865	13.126205	5.475901	40592.054688	63388.527344	964.608337	64970.906250
2013	09	10.811536	-14.850984	40.779114	29.967581	-0.000012	-0.000012	15.116597	5.507460	12.072232	30004.541016	63388.378906	964.219849	64970.062500
2013	09	0.000000	-22.993929	37.203426	37.203426	-0.000014	-0.000014	14.209497	2.777581	7.204059	0.000000	63388.230469	963.659912	64969.062500
2013	09	5.676222	-18.841814	39.171162	33.494942	-0.000013	-0.000013	14.653126	-1.870014	12.302958	15752.842773	63388.089844	963.108337	64968.093750
2013	09	3.912106	-20.516655	40.279503	36.367397	-0.000014	-0.000014	15.850743	-5.482223	-1.116462	10857.008789	63387.937500	962.519104	64967.050781
2013	09	7.308155	-16.983040	40.550945	33.242790	-0.000013	-0.000013	16.259748	-13.542828	9.122970	20281.837891	63387.781250	961.974243	64966.011719
2013	09	9.894834	-13.751880	38.650646	28.755814	-0.000011	-0.000011	15.003933	13.285710	6.325994	27460.478516	63387.625000	961.513000	64965.078125
2013	09	7.052290	-15.691746	35.208454	28.156164	-0.000011	-0.000011	12.464417	9.648735	7.295351	19571.753906	63387.480469	961.058899	64964.222656
2013	09	0.034893	-21.531261	32.724483	32.689594	-0.000013	-0.000013	11.158331	-0.124755	7.681518	96.835304	63387.343750	960.523560	64963.355469
2013	09	0.000000	-20.817106	31.851227	31.851227	-0.000012	-0.000012	11.034121	0.433613	3.153399	0.000000	63387.210938	959.979492	64962.488281
2013	09	0.000000	-20.181677	30.372293	30.372293	-0.000012	-0.000012	10.190617	1.964139	4.093255	0.000000	63387.082031	959.449768	64961.660156
2013	09	0.030505	-19.331469	29.198132	29.167627	-0.000011	-0.000011	9.836157	3.092795	4.727077	84.659515	63386.960938	958.936218	64960.871094
2013	09	0.762450	-18.996384	29.671108	28.908659	-0.000011	-0.000011	9.912273	4.763104	6.476883	2115.976562	63386.835938	958.428467	64960.085938
2013	09	1.615329	-18.735516	36.447048	34.831718	-0.000013	-0.000013	16.096203	5.073332	9.008443	4482.916504	63386.699219	957.905029	64959.195312
2013	09	1.803608	-17.845942	35.888161	34.084553	-0.000013	-0.000013	16.238611	2.356497	5.355416	5005.434082	63386.531250	957.378296	64958.160156
2013	10	1.609890	-17.750483	35.049374	33.439487	-0.000012	-0.000012	15.689002	4.664721	5.902208	4323.696777	63386.375000	956.872681	64957.187500
2013	10	1.178739	-18.243088	33.054928	31.876188	-0.000012	-0.000012	13.633100	3.829878	4.512016	3165.750000	63386.218750	956.213562	64956.253906
2013	10	0.563183	-18.143427	26.933031	26.369846	-0.000010	-0.000010	8.226421	-0.763492	2.033873	1512.545898	63386.105469	954.820435	64955.476562
2013	10	0.278929	-18.427389	26.779055	26.500126	-0.000010	-0.000010	8.072739	-6.411224	-1.270501	749.121155	63386.019531	952.564880	64954.769531
2013	10	0.005070	-17.066690	23.494738	23.489666	-0.000009	-0.000009	6.422976	-13.224825	-3.812658	13.616681	63385.960938	949.463379	64954.093750
2013	10	0.067995	-16.556362	22.467072	22.399075	-0.000008	-0.000008	5.842713	-8.936638	-2.741171	182.614136	63385.929688	945.526489	64953.492188
2013	10	0.144946	-16.549364	22.449081	22.304136	-0.000008	-0.000008	5.754772	-9.629254	-3.379029	389.281738	63385.906250	940.710449	64952.875000
2013	10	0.173288	-15.863562	21.453949	21.280663	-0.000008	-0.000008	5.417099	-12.005294	-4.194742	465.400360	63385.894531	935.018677	64952.246094
2013	10	0.158904	-14.994109	20.464323	20.305418	-0.000008	-0.000008	5.311311	-6.195778	-2.006295	426.769592	63385.890625	928.469238	64951.621094
2013	10	0.141632	-13.609971	18.986456	18.844824	-0.000007	-0.000007	5.234852	-3.349576	-0.854213	380.381531	63385.894531	921.065430	64951.003906
2013	10	0.113625	-13.802338	19.500780	19.387156	-0.000007	-0.000007	5.584819	-2.759948	-0.635077	305.164154	63385.910156	912.799072	64950.378906
2013	10	0.075474	-12.603687	18.783756	18.708282	-0.000007	-0.000007	6.104596	-1.969234	0.077762	202.701111	63385.945312	903.659851	64949.714844
2013	10	0.062139	-12.859039	20.062204	20.000063	-0.000007	-0.000007	7.141025	-3.590811	-0.928727	166.887039	63386.023438	893.648315	64949.007812
2013	10	0.048405	-14.824672	23.549986	23.501579	-0.000009	-0.000009	8.676908	-4.566179	-2.595222	130.002487	63386.148438	882.720093	64948.199219
2013	10	0.000000	-12.210002	22.260393	22.260393	-0.000008	-0.000008	10.050391	-13.936262	-4.283257	0.000000	63386.351562	870.905396	64947.285156
2013	10	0.000000	-14.073107	25.146393	25.146393	-0.000009	-0.000009	11.073285	-10.254925	-4.139694	0.000000	63386.593750	858.241821	64946.328125
2013	10	0.000000	-13.891533	25.238987	25.238987	-0.000009	-0.000009	11.347454	-14.989685	-4.926921	0.000000	63386.878906	851.519714	64945.277344
2013	10	0.000000	-13.579356	24.214230	24.214230	-0.000009	-0.000009	10.634872	-12.768641	-4.556605	0.000000	63387.144531	850.826172	64944.277344
2013	10	0.000000	-14.466305	23.230072	23.230072	-0.000009	-0.000009	8.763766	-11.732196	-5.139339	0.000000	63387.367188	850.122437	64943.308594
2013	10	0.000000	-11.985687	20.052862	20.052862	-0.000007	-0.000007	8.067175	-9.265062	-3.392036	0.000000	63387.546875	849.467590	64942.429688
2013	10	0.000000	-8.794884	16.516052	16.516052	-0.000006	-0.000006	7.721169	-13.694771	-2.781494	0.000000	63387.710938	848.874268	64941.628906
2013	10	0.000000	-8.971379	16.129761	16.129761	-0.000006	-0.000006	7.158382	-10.148451	-1.984007	0.000000	63387.855469	848.350342	64940.914062
2013	10	0.000000	-10.493939	17.119043	17.119043	-0.000006	-0.000006	6.625104	-19.885979	-6.088799	0.000000	63387.980469	847.835876	64940.222656
2013	10	0.000000	-11.537517	18.292137	18.292137	-0.000007	-0.000007	6.754621	-20.354931	-7.160165	0.000000	63388.101562	847.231689	64939.449219
2013	10	0.000000	-10.018038	16.441864	16.441864	-0.000006	-0.000006	6.423825	-20.948950	-6.409099	0.000000	63388.218750	846.685120	64938.738281
2013	10	0.000000	-9.592810	15.899131	15.899131	-0.000006	-0.000006	6.306322	-8.361143	-2.842491	0.000000	63388.328125	846.151184	64938.042969
2013	10	0.000000	-9.981763	16.244640	16.244640	-0.000006	-0.000006	6.262878	-9.730989	-3.492096	0.000000	63388.429688	845.638916	64937.375000
2013	10	0.000000	-8.396568	14.793613	14.793613	-0.000006	-0.000006	6.397045	-17.197815	-4.244832	0.000000	63388.539062	845.142883	64936.722656
2013	10	0.000000	-6.332367	12.701890	12.701890	-0.000005	-0.000005	6.369522	-10.655301	-1.859861	0.000000	63388.644531	844.704956	64936.125000
2013	10	0.000000	-6.902397	12.811363	12.811363	-0.000005	-0.000005	5.908967	-20.354210	-4.047691	0.000000	63388.742188	844.320801	64935.589844
2013	10	0.000000	-7.324057	13.162303	13.162303	-0.000005	-0.000005	5.838245	-7.820628	-2.077658	0.000000	63388.832031	843.901672	64935.027344
2013	11	0.000000	-5.475673	11.121737	11.121737	-0.000004	-0.000004	5.646064	-20.415611	-2.839911	0.000000	63388.921875	843.506165	64934.488281
2013	11	0.000000	-6.016260	11.587791	11.587791	-0.000004	-0.000004	5.571532	-13.999545	-3.403139	0.000000	63389.007812	843.148621	64933.992188
2013	11	0.000000	-6.478542	12.214332	12.214332	-0.000005	-0.000005	5.735790	-24.652534	-6.670299	0.000000	63389.093750	842.771667	64933.472656
2013	11	0.000000	-5.836526	12.424403	12.424403	-0.000005	-0.000005	6.587876	-18.333090	-5.186446	0.000000	63389.199219	842.388733	64932.929688
2013	11	0.000000	-3.973036	10.812485	10.812485	-0.000004	-0.000004	6.839449	-7.183401	-0.767219	0.000000	63389.316406	842.071228	64932.433594
2013	11	0.000000	-4.411673	11.012147	11.012147	-0.000004	-0.000004	6.600474	-7.109417	-1.104654	0.000000	63389.429688	841.773438	64931.957031
2013	11	0.000000	-4.269588	10.593308	10.593308	-0.000004	-0.000004	6.323720	-9.137369	-1.031421	0.000000	63389.531250	841.465393	64931.480469
2013	11	0.000000	-5.881849	11.942257	11.942257	-0.000005	-0.000005	6.060408	-17.017950	-6.220866	0.000000	63389.628906	841.160156	64931.015625
2013	11	0.000000	-6.649274	12.793679	12.793679	-0.000005	-0.000005	6.144406	-18.291681	-8.418308	0.000000	63389.718750	840.789978	64930.488281
2013	11	0.000000	-4.877530	11.139909	11.139909	-0.000004	-0.000004	6.262380	-25.471834	-4.698241	0.000000	63389.812500	840.454346	64929.992188
2013	11	0.000000	-4.456611	10.580959	10.580959	-0.000004	-0.000004	6.124348	-12.435305	-2.523581	0.000000	63389.902344	840.164551	64929.539062
2013	11	0.000000	-4.141366	10.036293	10.036293	-0.000004	-0.000004	5.894927	-13.649307	-2.392295	0.000000	63389.988281	839.870667	64929.093750
2013	11	0.000000	-2.917344	8.187665	8.187665	-0.000003	-0.000003	5.270321	-2.471627	-0.725102	0.000000	63390.062500	839.622375	64928.699219
2013	11	0.000000	-3.202486	6.831673	6.831673	-0.000003	-0.000003	3.629187	-3.737274	-0.700940	0.000000	63390.105469	839.395020	64928.378906
2013	11	0.000000	-4.543006	11.261794	11.261794	-0.000004	-0.000004	6.718788	-11.535827	-2.119365	0.000000	63390.203125	839.133423	64927.992188
2013	11	0.000000	-4.438116	11.620493	11.620493	-0.000004	-0.000004	7.182377	-8.529070	-1.596293	0.000000	63390.386719	838.853943	64927.519531
2013	11	0.000000	-3.991112	11.107353	11.107353	-0.000004	-0.000004	7.116241	-10.356516	-1.576223	0.000000	63390.570312	838.588745	64927.062500
2013	11	0.000000	-3.654337	10.500431	10.500431	-0.000004	-0.000004	6.846093	-5.715396	-0.783080	0.000000	63390.746094	838.340820	64926.628906
2013	11	0.000000	-3.936680	10.449832	10.449832	-0.000004	-0.000004	6.513152	-8.692489	-1.212312	0.000000	63390.910156	838.096619	64926.207031
2013	11	0.000000	-4.577131	10.781858	10.781858	-0.000004	-0.000004	6.204727	-11.111496	-1.905181	0.000000	63391.062500	837.842896	64925.789062
2013	11	0.000000	-4.510254	10.604796	10.604796	-0.000004	-0.000004	6.094542	-14.863524	-2.633350	0.000000	63391.203125	837.566467	64925.351562
2013	11	0.000000	-4.072099	9.908031	9.908031	-0.000004	-0.000004	5.835931	-7.564348	-1.335239	0.000000	63391.339844	837.319641	64924.953125
2013	11	0.000000	-4.654787	10.264202	10.264202	-0.000004	-0.000004	5.609416	-7.096185	-1.587445	0.000000	63391.464844	837.060669	64924.550781
2013	11	0.000000	-4.026981	9.631951	9.631951	-0.000004	-0.000004	5.604971	-4.350726	-0.900451	0.000000	63391.589844	836.803040	64924.152344
2013	11	0.000000	-3.905052	9.337765	9.337765	-0.000004	-0.000004	5.432712	-2.728350	-0.586240	0.000000	63391.707031	836.571350	64923.781250
2013	11	0.000000	-3.575501	8.876962	8.876962	-0.000003	-0.000003	5.301462	-3.382925	-0.621783	0.000000	63391.820312	836.340698	64923.417969
2013	11	0.000000	-3.319436	8.480381	8.480381	-0.000003	-0.000003	5.160945	-13.429849	-1.597360	0.000000	63391.933594	836.125366	64923.074219
2013	11	0.000000	-3.350206	8.303638	8.303638	-0.000003	-0.000003	4.953431	-19.102869	-2.906023	0.000000	63392.035156	835.911194	64922.738281
2013	11	0.000000	-2.317458	6.984930	6.984930	-0.000003	-0.000003	4.667472	3.042742	-0.404611	0.000000	63392.128906	835.722595	64922.433594
2013	11	0.000000	-2.750235	7.097280	7.097280	-0.000003	-0.000003	4.347044	4.999717	-0.678989	0.000000	63392.214844	835.542419	64922.148438
2013	12	0.000000	-2.654646	6.951236	6.951236	-0.000003	-0.000003	4.296589	0.924110	-0.453146	0.000000	63392.292969	835.359253	64921.871094
2013	12	0.000000	-3.504873	7.635025	7.635025	-0.000003	-0.000003	4.130152	-9.701192	-1.342014	0.000000	63392.363281	835.163147	64921.585938
2013	12	0.000000	-2.947934	6.974806	6.974806	-0.000003	-0.000003	4.026873	-10.078402	-0.938691	0.000000	63392.433594	834.967468	64921.304688
2013	12	0.000000	-3.141313	6.997738	6.997738	-0.000003	-0.000003	3.856425	-3.010661	-0.600036	0.000000	63392.500000	834.779724	64921.035156
2013	12	0.000000	-2.497015	6.226796	6.226796	-0.000002	-0.000002	3.729781	2.110247	-0.486898	0.000000	63392.562500	834.597412	64920.777344
2013	12	0.000000	-2.185044	5.694223	5.694223	-0.000002	-0.000002	3.509179	0.653457	-0.516065	0.000000	63392.617188	834.438904	64920.546875
2013	12	0.000000	-4.011533	7.347695	7.347695	-0.000003	-0.000003	3.336163	-11.887047	-2.411606	0.000000	63392.671875	834.256531	64920.300781
2013	12	0.000000	-4.891450	8.306526	8.306526	-0.000003	-0.000003	3.415076	-13.529642	-3.556162	0.000000	63392.722656	834.022217	64920.003906
2013	12	0.000000	-4.113285	7.562507	7.562507	-0.000003	-0.000003	3.449222	-9.396633	-1.901557	0.000000	63392.777344	833.789429	64919.703125
2013	12	0.000000	-3.371780	6.802397	6.802397	-0.000003	-0.000003	3.430617	-10.812945	-1.662659	0.000000	63392.832031	833.595703	64919.445312
2013	12	0.000000	-3.277080	6.678298	6.678298	-0.000002	-0.000002	3.401218	-5.955094	-0.946121	0.000000	63392.882812	833.397888	64919.183594
2013	12	0.000000	-2.492800	5.855745	5.855745	-0.000002	-0.000002	3.362945	-10.203633	-0.793253	0.000000	63392.937500	833.230164	64918.953125
2013	12	0.000000	-2.341924	5.646440	5.646440	-0.000002	-0.000002	3.304516	-1.831517	-0.314365	0.000000	63392.988281	833.078735	64918.738281
2013	12	0.000000	-2.778751	6.002111	6.002111	-0.000002	-0.000002	3.223360	-14.638304	-1.383549	0.000000	63393.039062	832.913574	64918.511719
2013	12	0.000000	-3.252313	6.395950	6.395950	-0.000002	-0.000002	3.143636	-14.642036	-1.875854	0.000000	63393.085938	832.742004	64918.285156
2013	12	0.000000	-3.804372	6.934726	6.934726	-0.000003	-0.000003	3.130354	-16.012436	-2.961361	0.000000	63393.132812	832.553711	64918.042969
2013	12	0.000000	-4.355544	7.494952	7.494952	-0.000003	-0.000003	3.139408	-14.210921	-3.505573	0.000000	63393.183594	832.342407	64917.773438
2013	12	0.000000	-2.916333	6.045204	6.045204	-0.000002	-0.000002	3.128870	-5.911841	-0.982526	0.000000	63393.230469	832.147461	64917.523438
2013	12	0.000000	-2.511520	5.603468	5.603468	-0.000002	-0.000002	3.091948	-3.893132	-0.629922	0.000000	63393.277344	832.000427	64917.324219
2013	12	0.000000	-2.684054	5.748886	5.748886	-0.000002	-0.000002	3.064832	-7.054902	-0.766302	0.000000	63393.324219	831.835999	64917.105469
2013	12	0.000000	-2.398531	5.358668	5.358668	-0.000002	-0.000002	2.960137	-4.829311	-0.436214	0.000000	63393.371094	831.688110	64916.906250
2013	12	0.000000	-2.829024	5.684933	5.684933	-0.000002	-0.000002	2.855909	-4.653245	-0.742659	0.000000	63393.417969	831.531616	64916.699219
2013	12	0.000000	-2.336680	5.104802	5.104802	-0.000002	-0.000002	2.768122	-6.312834	-0.695913	0.000000	63393.457031	831.378967	64916.503906
2013	12	0.000000	-2.092535	4.696707	4.696707	-0.000002	-0.000002	2.604172	-1.894379	-0.241693	0.000000	63393.500000	831.240234	64916.320312
2013	12	0.000000	-2.506248	4.944145	4.944145	-0.000002	-0.000002	2.437897	-1.909021	-0.540609	0.000000	63393.535156	831.098938	64916.144531
2013	12	0.000000	-2.623324	4.961040	4.961040	-0.000002	-0.000002	2.337716	-0.624698	-0.725990	0.000000	63393.570312	830.949036	64915.964844
2013	12	0.000000	-2.519820	4.794965	4.794965	-0.000002	-0.000002	2.275144	-8.953955	-1.334939	0.000000	63393.601562	830.795532	64915.781250
2013	12	0.000000	-2.554649	4.760716	4.760716	-0.000002	-0.000002	2.206067	1.658173	-0.624820	0.000000	63393.636719	830.653809	64915.613281
2013	12	0.000000	-2.657899	4.869248	4.869248	-0.000002	-0.000002	2.211348	-1.735226	-0.429958	0.000000	63393.667969	830.500183	64915.433594
2013	12	0.000000	-2.989885	5.203655	5.203655	-0.000002	-0.000002	2.213770	-6.475013	-1.451565	0.000000	63393.699219	830.351135	64915.257812
2013	12	0.000000	-2.452732	4.659689	4.659689	-0.000002	-0.000002	2.206958	-13.228054	-1.292497	0.000000	63393.734375	830.193604	64915.074219
